solid beam
  facet normal 0.29796991319654603 0.9262218144982571 0.2309265709640168
    outer loop
      vertex 2.027545928955078 3.0342066287994385 2.114055633544922
      vertex 2.0508742332458496 3.0165884494781494 2.1546192169189453
      vertex 2.0559310913085938 3.0246481895446777 2.115767478942871
    endloop
  endfacet
  facet normal 0.29796836884370326 0.9262222370125184 0.23092686901300327
    outer loop
      vertex 2.0458171367645264 3.008528709411621 2.1934711933135986
      vertex 2.0508742332458496 3.0165884494781494 2.1546192169189453
      vertex 1.9941041469573975 3.035705089569092 2.151195764541626
    endloop
  endfacet
  facet normal 0.2979648609501697 0.9262222875579401 0.2309311925008886
    outer loop
      vertex 2.0458171367645264 3.008528709411621 2.1934711933135986
      vertex 1.9941041469573975 3.035705089569092 2.151195764541626
      vertex 1.9890471696853638 3.0276451110839844 2.1900477409362793
    endloop
  endfacet
  facet normal 0.29796692551206777 0.9262228205636075 0.2309263908003615
    outer loop
      vertex 1.9941041469573975 3.035705089569092 2.151195764541626
      vertex 2.027545928955078 3.0342066287994385 2.114055633544922
      vertex 1.9991610050201416 3.04376482963562 2.1123440265655518
    endloop
  endfacet
  facet normal 0.29796826966070683 0.9262220789343931 0.23092763102291342
    outer loop
      vertex 2.027545928955078 3.0342066287994385 2.114055633544922
      vertex 1.9941041469573975 3.035705089569092 2.151195764541626
      vertex 2.0508742332458496 3.0165884494781494 2.1546192169189453
    endloop
  endfacet
  facet normal -0.946167286312473 0.3186093125778832 -0.0570576221966825
    outer loop
      vertex 1.9350321292877197 2.8495285511016846 2.0911576747894287
      vertex 1.9654109477996826 2.943960189819336 2.114701509475708
      vertex 1.9670965671539307 2.9466466903686523 2.1017508506774902
    endloop
  endfacet
  facet normal -0.9461677845462545 0.3186088547255213 -0.057051916508774454
    outer loop
      vertex 1.9350321292877197 2.8495285511016846 2.0911576747894287
      vertex 1.9670965671539307 2.9466466903686523 2.1017508506774902
      vertex 1.9367177486419678 2.85221529006958 2.078207015991211
    endloop
  endfacet
  facet normal -0.9461669353163216 0.31861020826155617 -0.05705844114281046
    outer loop
      vertex 1.9325037002563477 2.84549880027771 2.110583543777466
      vertex 1.9316608905792236 2.8441555500030518 2.117058753967285
      vertex 1.9620397090911865 2.938586950302124 2.1406025886535645
    endloop
  endfacet
  facet normal -0.9461669353163216 0.31861020826155617 -0.05705844114281046
    outer loop
      vertex 1.9637253284454346 2.9412734508514404 2.127652168273926
      vertex 1.9333465099334717 2.846842050552368 2.1041083335876465
      vertex 1.9325037002563477 2.84549880027771 2.110583543777466
    endloop
  endfacet
  facet normal -0.9461669353163216 0.31861020826155617 -0.05705844114281046
    outer loop
      vertex 1.9620397090911865 2.938586950302124 2.1406025886535645
      vertex 1.9637253284454346 2.9412734508514404 2.127652168273926
      vertex 1.9325037002563477 2.84549880027771 2.110583543777466
    endloop
  endfacet
  facet normal -0.9461677845462545 0.3186088547255213 -0.057051916508774454
    outer loop
      vertex 1.9333465099334717 2.846842050552368 2.1041083335876465
      vertex 1.9637253284454346 2.9412734508514404 2.127652168273926
      vertex 1.9654109477996826 2.943960189819336 2.114701509475708
    endloop
  endfacet
  facet normal -0.946167286312473 0.3186093125778832 -0.0570576221966825
    outer loop
      vertex 1.9333465099334717 2.846842050552368 2.1041083335876465
      vertex 1.9654109477996826 2.943960189819336 2.114701509475708
      vertex 1.9350321292877197 2.8495285511016846 2.0911576747894287
    endloop
  endfacet
  facet normal -0.9461674869671785 0.3186084934717063 -0.0570588686700314
    outer loop
      vertex 1.9308180809020996 2.8428120613098145 2.1235342025756836
      vertex 1.9299752712249756 2.8414688110351562 2.130009412765503
      vertex 1.960353970527649 2.9359004497528076 2.1535532474517822
    endloop
  endfacet
  facet normal -0.9461686336978773 0.3186075012318795 -0.057045392145815735
    outer loop
      vertex 1.9620397090911865 2.938586950302124 2.1406025886535645
      vertex 1.9316608905792236 2.8441555500030518 2.117058753967285
      vertex 1.9308180809020996 2.8428120613098145 2.1235342025756836
    endloop
  endfacet
  facet normal -0.9461664015174087 0.31861044293812274 -0.05706598190139862
    outer loop
      vertex 1.960353970527649 2.9359004497528076 2.1535532474517822
      vertex 1.9620397090911865 2.938586950302124 2.1406025886535645
      vertex 1.9308180809020996 2.8428120613098145 2.1235342025756836
    endloop
  endfacet
  facet normal -0.9461670643048433 0.31861000267989076 -0.05705745014522052
    outer loop
      vertex 1.9181571006774902 2.799626350402832 2.092336416244507
      vertex 1.9333465099334717 2.846842050552368 2.1041083335876465
      vertex 1.9350321292877197 2.8495285511016846 2.0911576747894287
    endloop
  endfacet
  facet normal -0.9461670643048433 0.31861000267989076 -0.05705745014522052
    outer loop
      vertex 1.9046533107757568 2.7550971508026123 2.0676138401031494
      vertex 1.9029676914215088 2.752410650253296 2.080564498901367
      vertex 1.9181571006774902 2.799626350402832 2.092336416244507
    endloop
  endfacet
  facet normal -0.9461670643048433 0.31861000267989076 -0.05705745014522052
    outer loop
      vertex 1.9350321292877197 2.8495285511016846 2.0911576747894287
      vertex 1.9046533107757568 2.7550971508026123 2.0676138401031494
      vertex 1.9181571006774902 2.799626350402832 2.092336416244507
    endloop
  endfacet
  facet normal -0.946167286312473 0.3186093125778832 -0.0570576221966825
    outer loop
      vertex 1.872588872909546 2.6579790115356445 2.057020664215088
      vertex 1.9029676914215088 2.752410650253296 2.080564498901367
      vertex 1.9046533107757568 2.7550971508026123 2.0676138401031494
    endloop
  endfacet
  facet normal -0.9461677845462545 0.3186088547255213 -0.057051916508774454
    outer loop
      vertex 1.872588872909546 2.6579790115356445 2.057020664215088
      vertex 1.9046533107757568 2.7550971508026123 2.0676138401031494
      vertex 1.874274492263794 2.66066575050354 2.04407000541687
    endloop
  endfacet
  facet normal -0.9461675354334472 0.31860908365285256 -0.0570547693509141
    outer loop
      vertex 1.872588872909546 2.6579790115356445 2.057020664215088
      vertex 1.8118312358856201 2.469115972518921 2.0099329948425293
      vertex 1.840524435043335 2.5608608722686768 2.0464274883270264
    endloop
  endfacet
  facet normal -0.9461670643048433 0.31861000267989076 -0.05705745014522052
    outer loop
      vertex 1.8118312358856201 2.469115972518921 2.0099329948425293
      vertex 1.810145616531372 2.4664294719696045 2.022883653640747
      vertex 1.840524435043335 2.5608608722686768 2.0464274883270264
    endloop
  endfacet
  facet normal -0.946167286312473 0.3186093125778832 -0.0570576221966825
    outer loop
      vertex 1.840524435043335 2.5608608722686768 2.0464274883270264
      vertex 1.8709032535552979 2.655292510986328 2.0699713230133057
      vertex 1.872588872909546 2.6579790115356445 2.057020664215088
    endloop
  endfacet
  facet normal -0.9461680603705604 0.3186079973332787 -0.05705213028353144
    outer loop
      vertex 1.872588872909546 2.6579790115356445 2.057020664215088
      vertex 1.874274492263794 2.66066575050354 2.04407000541687
      vertex 1.8135169744491577 2.4718027114868164 1.9969823360443115
    endloop
  endfacet
  facet normal -0.946166826098666 0.31861021419437763 -0.05706021907940456
    outer loop
      vertex 1.872588872909546 2.6579790115356445 2.057020664215088
      vertex 1.8135169744491577 2.4718027114868164 1.9969823360443115
      vertex 1.8118312358856201 2.469115972518921 2.0099329948425293
    endloop
  endfacet
  facet normal -0.9461676555762064 0.31860906028835984 -0.05705290740701522
    outer loop
      vertex 1.838838815689087 2.5581743717193604 2.059377908706665
      vertex 1.8692176342010498 2.6526057720184326 2.0829217433929443
      vertex 1.8709032535552979 2.655292510986328 2.0699713230133057
    endloop
  endfacet
  facet normal -0.9461671573237056 0.3186095181597232 -0.05705861319737172
    outer loop
      vertex 1.838838815689087 2.5581743717193604 2.059377908706665
      vertex 1.8709032535552979 2.655292510986328 2.0699713230133057
      vertex 1.840524435043335 2.5608608722686768 2.0464274883270264
    endloop
  endfacet
  facet normal -0.9461672330450887 0.31860967352161157 -0.05705648999240165
    outer loop
      vertex 1.809302806854248 2.4650862216949463 2.0293588638305664
      vertex 1.808459997177124 2.463742971420288 2.035834312438965
      vertex 1.838838815689087 2.5581743717193604 2.059377908706665
    endloop
  endfacet
  facet normal -0.9461669353163216 0.31861020826155617 -0.05705844114281046
    outer loop
      vertex 1.840524435043335 2.5608608722686768 2.0464274883270264
      vertex 1.810145616531372 2.4664294719696045 2.022883653640747
      vertex 1.809302806854248 2.4650862216949463 2.0293588638305664
    endloop
  endfacet
  facet normal -0.9461669353163216 0.31861020826155617 -0.05705844114281046
    outer loop
      vertex 1.838838815689087 2.5581743717193604 2.059377908706665
      vertex 1.840524435043335 2.5608608722686768 2.0464274883270264
      vertex 1.809302806854248 2.4650862216949463 2.0293588638305664
    endloop
  endfacet
  facet normal -0.9461664388209725 0.3186103269809641 -0.05706601081135851
    outer loop
      vertex 1.7645773887634277 2.324782133102417 1.9875679016113281
      vertex 1.7797667980194092 2.3719980716705322 1.9993398189544678
      vertex 1.7814525365829468 2.3746845722198486 1.98638916015625
    endloop
  endfacet
  facet normal -0.9461667150953769 0.31861055924489257 -0.057060133046469334
    outer loop
      vertex 1.7510737180709839 2.2802531719207764 1.9628453254699707
      vertex 1.7493879795074463 2.277566432952881 1.9757959842681885
      vertex 1.7645773887634277 2.324782133102417 1.9875679016113281
    endloop
  endfacet
  facet normal -0.9461667150953769 0.31861055924489257 -0.057060133046469334
    outer loop
      vertex 1.7814525365829468 2.3746845722198486 1.98638916015625
      vertex 1.7510737180709839 2.2802531719207764 1.9628453254699707
      vertex 1.7645773887634277 2.324782133102417 1.9875679016113281
    endloop
  endfacet
  facet normal -0.9461670643048433 0.31861000267989076 -0.05705745014522052
    outer loop
      vertex 1.7949562072753906 2.4192137718200684 2.0111117362976074
      vertex 1.810145616531372 2.4664294719696045 2.022883653640747
      vertex 1.8118312358856201 2.469115972518921 2.0099329948425293
    endloop
  endfacet
  facet normal -0.9461659948053265 0.31861170718875054 -0.057065666703514796
    outer loop
      vertex 1.7814525365829468 2.3746845722198486 1.98638916015625
      vertex 1.7797667980194092 2.3719980716705322 1.9993398189544678
      vertex 1.7949562072753906 2.4192137718200684 2.0111117362976074
    endloop
  endfacet
  facet normal -0.9461668592083857 0.3186098302477349 -0.05706181389728478
    outer loop
      vertex 1.8118312358856201 2.469115972518921 2.0099329948425293
      vertex 1.7814525365829468 2.3746845722198486 1.98638916015625
      vertex 1.7949562072753906 2.4192137718200684 2.0111117362976074
    endloop
  endfacet
  facet normal -0.946167044738078 0.318609534558763 -0.057060388535832396
    outer loop
      vertex 1.7814525365829468 2.3746845722198486 1.98638916015625
      vertex 1.8118312358856201 2.469115972518921 2.0099329948425293
      vertex 1.8135169744491577 2.4718027114868164 1.9969823360443115
    endloop
  endfacet
  facet normal -0.946167286312473 0.3186093125778832 -0.0570576221966825
    outer loop
      vertex 1.7814525365829468 2.3746845722198486 1.98638916015625
      vertex 1.8135169744491577 2.4718027114868164 1.9969823360443115
      vertex 1.7831381559371948 2.377371072769165 1.9734385013580322
    endloop
  endfacet
  facet normal -0.9461670643048433 0.31861000267989076 -0.05705745014522052
    outer loop
      vertex 1.7510737180709839 2.2802531719207764 1.9628453254699707
      vertex 1.7814525365829468 2.3746845722198486 1.98638916015625
      vertex 1.7831381559371948 2.377371072769165 1.9734385013580322
    endloop
  endfacet
  facet normal -0.9461670643048433 0.31861000267989076 -0.05705745014522052
    outer loop
      vertex 1.7510737180709839 2.2802531719207764 1.9628453254699707
      vertex 1.7831381559371948 2.377371072769165 1.9734385013580322
      vertex 1.752759337425232 2.2829396724700928 1.949894666671753
    endloop
  endfacet
  facet normal -0.9461683758001899 0.3186079123130944 -0.05704737370924499
    outer loop
      vertex 1.7924277782440186 2.4151837825775146 2.0305376052856445
      vertex 1.8076171875 2.462399482727051 2.042309522628784
      vertex 1.808459997177124 2.463742971420288 2.035834312438965
    endloop
  endfacet
  facet normal -0.9461673793296026 0.3186088280607029 -0.05705878525115597
    outer loop
      vertex 1.7924277782440186 2.4151837825775146 2.0305376052856445
      vertex 1.808459997177124 2.463742971420288 2.035834312438965
      vertex 1.7932705879211426 2.416527032852173 2.024062395095825
    endloop
  endfacet
  facet normal -0.9461676373021636 0.31860841690348296 -0.05705680327794275
    outer loop
      vertex 1.7932705879211426 2.416527032852173 2.024062395095825
      vertex 1.808459997177124 2.463742971420288 2.035834312438965
      vertex 1.809302806854248 2.4650862216949463 2.0293588638305664
    endloop
  endfacet
  facet normal -0.9461686336978773 0.3186075012318795 -0.057045392145815735
    outer loop
      vertex 1.7932705879211426 2.416527032852173 2.024062395095825
      vertex 1.809302806854248 2.4650862216949463 2.0293588638305664
      vertex 1.7941133975982666 2.41787052154541 2.0175869464874268
    endloop
  endfacet
  facet normal -0.9461669353163216 0.31861020826155617 -0.05705844114281046
    outer loop
      vertex 1.7941133975982666 2.41787052154541 2.0175869464874268
      vertex 1.809302806854248 2.4650862216949463 2.0293588638305664
      vertex 1.810145616531372 2.4664294719696045 2.022883653640747
    endloop
  endfacet
  facet normal -0.9461669353163216 0.31861020826155617 -0.05705844114281046
    outer loop
      vertex 1.7941133975982666 2.41787052154541 2.0175869464874268
      vertex 1.810145616531372 2.4664294719696045 2.022883653640747
      vertex 1.7949562072753906 2.4192137718200684 2.0111117362976074
    endloop
  endfacet
  facet normal -0.9461675354334472 0.31860908365285256 -0.0570547693509141
    outer loop
      vertex 1.7510737180709839 2.2802531719207764 1.9628453254699707
      vertex 1.690316081047058 2.0913901329040527 1.915757656097412
      vertex 1.719009280204773 2.1831350326538086 1.9522521495819092
    endloop
  endfacet
  facet normal -0.9461680065515243 0.3186081646284866 -0.05705208857160222
    outer loop
      vertex 1.690316081047058 2.0913901329040527 1.915757656097412
      vertex 1.68863046169281 2.0887033939361572 1.9287083148956299
      vertex 1.719009280204773 2.1831350326538086 1.9522521495819092
    endloop
  endfacet
  facet normal -0.946167044738078 0.318609534558763 -0.057060388535832396
    outer loop
      vertex 1.719009280204773 2.1831350326538086 1.9522521495819092
      vertex 1.7493879795074463 2.277566432952881 1.9757959842681885
      vertex 1.7510737180709839 2.2802531719207764 1.9628453254699707
    endloop
  endfacet
  facet normal -0.9461671852482865 0.3186096267321667 -0.057057543873917614
    outer loop
      vertex 1.7510737180709839 2.2802531719207764 1.9628453254699707
      vertex 1.752759337425232 2.2829396724700928 1.949894666671753
      vertex 1.6920017004013062 2.094076633453369 1.9028071165084839
    endloop
  endfacet
  facet normal -0.946167110815205 0.3186097604185606 -0.05705803166632287
    outer loop
      vertex 1.7510737180709839 2.2802531719207764 1.9628453254699707
      vertex 1.6920017004013062 2.094076633453369 1.9028071165084839
      vertex 1.690316081047058 2.0913901329040527 1.915757656097412
    endloop
  endfacet
  facet normal -0.9461673939503554 0.3186089779890973 -0.05705770561401838
    outer loop
      vertex 1.7485451698303223 2.2762231826782227 1.9822713136672974
      vertex 1.7493879795074463 2.277566432952881 1.9757959842681885
      vertex 1.719009280204773 2.1831350326538086 1.9522521495819092
    endloop
  endfacet
  facet normal -0.9461671573237056 0.3186095181597232 -0.05705861319737172
    outer loop
      vertex 1.7173235416412354 2.180448293685913 1.9652026891708374
      vertex 1.7477023601531982 2.2748799324035645 1.9887465238571167
      vertex 1.7485451698303223 2.2762231826782227 1.9822713136672974
    endloop
  endfacet
  facet normal -0.9461669164820119 0.31860983554408634 -0.057060834637181736
    outer loop
      vertex 1.719009280204773 2.1831350326538086 1.9522521495819092
      vertex 1.7173235416412354 2.180448293685913 1.9652026891708374
      vertex 1.7485451698303223 2.2762231826782227 1.9822713136672974
    endloop
  endfacet
  facet normal -0.946167000119984 0.31860957555698277 -0.05706089946144882
    outer loop
      vertex 1.686944842338562 2.086016893386841 1.9416589736938477
      vertex 1.7173235416412354 2.180448293685913 1.9652026891708374
      vertex 1.719009280204773 2.1831350326538086 1.9522521495819092
    endloop
  endfacet
  facet normal -0.946167286312473 0.3186093125778832 -0.0570576221966825
    outer loop
      vertex 1.686944842338562 2.086016893386841 1.9416589736938477
      vertex 1.719009280204773 2.1831350326538086 1.9522521495819092
      vertex 1.68863046169281 2.0887033939361572 1.9287083148956299
    endloop
  endfacet
  facet normal -0.9461677845462545 0.3186088547255213 -0.057051916508774454
    outer loop
      vertex 1.6616228818893433 1.9996452331542969 1.8792632818222046
      vertex 1.6920017004013062 2.094076633453369 1.9028071165084839
      vertex 1.6936873197555542 2.0967633724212646 1.8898564577102661
    endloop
  endfacet
  facet normal -0.946167286312473 0.3186093125778832 -0.0570576221966825
    outer loop
      vertex 1.6616228818893433 1.9996452331542969 1.8792632818222046
      vertex 1.6936873197555542 2.0967633724212646 1.8898564577102661
      vertex 1.6633085012435913 2.0023317337036133 1.8663126230239868
    endloop
  endfacet
  facet normal -0.9461677845462545 0.3186088547255213 -0.057051916508774454
    outer loop
      vertex 1.6582516431808472 1.994271993637085 1.9051644802093506
      vertex 1.68863046169281 2.0887033939361572 1.9287083148956299
      vertex 1.690316081047058 2.0913901329040527 1.915757656097412
    endloop
  endfacet
  facet normal -0.9461675354334472 0.31860908365285256 -0.0570547693509141
    outer loop
      vertex 1.6582516431808472 1.994271993637085 1.9051644802093506
      vertex 1.690316081047058 2.0913901329040527 1.915757656097412
      vertex 1.6599372625350952 1.996958613395691 1.8922138214111328
    endloop
  endfacet
  facet normal -0.946167110815205 0.3186097604185606 -0.05705803166632287
    outer loop
      vertex 1.6599372625350952 1.996958613395691 1.8922138214111328
      vertex 1.690316081047058 2.0913901329040527 1.915757656097412
      vertex 1.6920017004013062 2.094076633453369 1.9028071165084839
    endloop
  endfacet
  facet normal -0.9461673599410773 0.3186095314882395 -0.057055178791906795
    outer loop
      vertex 1.6599372625350952 1.996958613395691 1.8922138214111328
      vertex 1.6920017004013062 2.094076633453369 1.9028071165084839
      vertex 1.6616228818893433 1.9996452331542969 1.8792632818222046
    endloop
  endfacet
  facet normal -0.9461671753088441 0.31860965762853544 -0.05705753617104863
    outer loop
      vertex 1.6565660238265991 1.991585373878479 1.9181151390075684
      vertex 1.686944842338562 2.086016893386841 1.9416589736938477
      vertex 1.68863046169281 2.0887033939361572 1.9287083148956299
    endloop
  endfacet
  facet normal -0.9461674244300365 0.3186094287029647 -0.05705468332224453
    outer loop
      vertex 1.6565660238265991 1.991585373878479 1.9181151390075684
      vertex 1.68863046169281 2.0887033939361572 1.9287083148956299
      vertex 1.6582516431808472 1.994271993637085 1.9051644802093506
    endloop
  endfacet
  facet normal -0.9461674226526577 0.31860918729185117 -0.05705606088798107
    outer loop
      vertex 1.9941041469573975 3.035705089569092 2.151195764541626
      vertex 1.9991610050201416 3.04376482963562 2.1123440265655518
      vertex 1.9670965671539307 2.9466466903686523 2.1017508506774902
    endloop
  endfacet
  facet normal -0.946167104062653 0.31860987909443217 -0.057057480956698305
    outer loop
      vertex 1.9941041469573975 3.035705089569092 2.151195764541626
      vertex 1.9670965671539307 2.9466466903686523 2.1017508506774902
      vertex 1.9654109477996826 2.943960189819336 2.114701509475708
    endloop
  endfacet
  facet normal -0.9461675782115918 0.31860904434169524 -0.05705427946160579
    outer loop
      vertex 1.962706446647644 2.9304471015930176 2.0840914249420166
      vertex 1.9670965671539307 2.9466466903686523 2.1017508506774902
      vertex 1.9991610050201416 3.04376482963562 2.1123440265655518
    endloop
  endfacet
  facet normal -0.9461674266139464 0.31860942522214675 -0.05705466654319732
    outer loop
      vertex 1.9367177486419678 2.85221529006958 2.078207015991211
      vertex 1.9670965671539307 2.9466466903686523 2.1017508506774902
      vertex 1.962706446647644 2.9304471015930176 2.0840914249420166
    endloop
  endfacet
  facet normal -0.9461669847609065 0.3186097099680284 -0.05706040363109271
    outer loop
      vertex 1.9367177486419678 2.85221529006958 2.078207015991211
      vertex 1.962706446647644 2.9304471015930176 2.0840914249420166
      vertex 1.9262518882751465 2.817129135131836 2.0558388233184814
    endloop
  endfacet
  facet normal -0.9461680463051383 0.31860804105532226 -0.057052119382258536
    outer loop
      vertex 1.9637253284454346 2.9412734508514404 2.127652168273926
      vertex 1.9941041469573975 3.035705089569092 2.151195764541626
      vertex 1.9654109477996826 2.943960189819336 2.114701509475708
    endloop
  endfacet
  facet normal -0.9461671970820759 0.3186093945720925 -0.05705864400994031
    outer loop
      vertex 1.9637253284454346 2.9412734508514404 2.127652168273926
      vertex 1.9620397090911865 2.938586950302124 2.1406025886535645
      vertex 1.9941041469573975 3.035705089569092 2.151195764541626
    endloop
  endfacet
  facet normal -0.9461677845462545 0.3186088547255213 -0.057051916508774454
    outer loop
      vertex 1.9350321292877197 2.8495285511016846 2.0911576747894287
      vertex 1.9367177486419678 2.85221529006958 2.078207015991211
      vertex 1.9046533107757568 2.7550971508026123 2.0676138401031494
    endloop
  endfacet
  facet normal -0.9461673072190804 0.3186092933665268 -0.05705738278502543
    outer loop
      vertex 1.9046533107757568 2.7550971508026123 2.0676138401031494
      vertex 1.9367177486419678 2.85221529006958 2.078207015991211
      vertex 1.889797329902649 2.7038114070892334 2.0275862216949463
    endloop
  endfacet
  facet normal -0.9461669197998958 0.31861009372873395 -0.05705933797850171
    outer loop
      vertex 1.874274492263794 2.66066575050354 2.04407000541687
      vertex 1.889797329902649 2.7038114070892334 2.0275862216949463
      vertex 1.8533427715301514 2.590493679046631 1.9993336200714111
    endloop
  endfacet
  facet normal -0.9461668875159165 0.3186102844452697 -0.057058808383520856
    outer loop
      vertex 1.9046533107757568 2.7550971508026123 2.0676138401031494
      vertex 1.889797329902649 2.7038114070892334 2.0275862216949463
      vertex 1.874274492263794 2.66066575050354 2.04407000541687
    endloop
  endfacet
  facet normal -0.9461670772338427 0.3186097671163412 -0.05705855112810367
    outer loop
      vertex 1.926059365272522 2.825310230255127 2.104714870452881
      vertex 1.9316608905792236 2.8441555500030518 2.117058753967285
      vertex 1.9325037002563477 2.84549880027771 2.110583543777466
    endloop
  endfacet
  facet normal -0.9461670772338427 0.3186097671163412 -0.05705855112810367
    outer loop
      vertex 1.926059365272522 2.825310230255127 2.104714870452881
      vertex 1.9325037002563477 2.84549880027771 2.110583543777466
      vertex 1.9333465099334717 2.846842050552368 2.1041083335876465
    endloop
  endfacet
  facet normal -0.9461661386828911 0.3186119770639792 -0.05706177425642138
    outer loop
      vertex 1.9153892993927002 2.7924113273620605 2.097944498062134
      vertex 1.926059365272522 2.825310230255127 2.104714870452881
      vertex 1.9181571006774902 2.799626350402832 2.092336416244507
    endloop
  endfacet
  facet normal -0.9461663484259363 0.3186111436223501 -0.057062950028787314
    outer loop
      vertex 1.9029676914215088 2.752410650253296 2.080564498901367
      vertex 1.9153892993927002 2.7924113273620605 2.097944498062134
      vertex 1.9181571006774902 2.799626350402832 2.092336416244507
    endloop
  endfacet
  facet normal -0.9461671615395754 0.3186098477060994 -0.05705670310173176
    outer loop
      vertex 1.9333465099334717 2.846842050552368 2.1041083335876465
      vertex 1.9181571006774902 2.799626350402832 2.092336416244507
      vertex 1.926059365272522 2.825310230255127 2.104714870452881
    endloop
  endfacet
  facet normal -0.9461677727664143 0.3186085372522098 -0.05705388477790398
    outer loop
      vertex 1.9029676914215088 2.752410650253296 2.080564498901367
      vertex 1.872588872909546 2.6579790115356445 2.057020664215088
      vertex 1.904719352722168 2.759512424468994 2.0911741256713867
    endloop
  endfacet
  facet normal -0.9461665596609815 0.3186106677029062 -0.05706210480880177
    outer loop
      vertex 1.9367177486419678 2.85221529006958 2.078207015991211
      vertex 1.9262518882751465 2.817129135131836 2.0558388233184814
      vertex 1.889797329902649 2.7038114070892334 2.0275862216949463
    endloop
  endfacet
  facet normal -0.9461654431481614 0.31861342198651654 -0.05706523917662341
    outer loop
      vertex 1.9890471696853638 3.0276451110839844 2.1900477409362793
      vertex 1.9620397090911865 2.938586950302124 2.1406025886535645
      vertex 1.960353970527649 2.9359004497528076 2.1535532474517822
    endloop
  endfacet
  facet normal -0.9461660911506771 0.31861296971668807 -0.05705701959410011
    outer loop
      vertex 1.9221469163894653 2.819688081741333 2.1381995677948
      vertex 1.9308180809020996 2.8428120613098145 2.1235342025756836
      vertex 1.926059365272522 2.825310230255127 2.104714870452881
    endloop
  endfacet
  facet normal -0.9461693303039144 0.3186058392431069 -0.05704312046546502
    outer loop
      vertex 1.9667471647262573 2.9583261013031006 2.172765016555786
      vertex 1.9890471696853638 3.0276451110839844 2.1900477409362793
      vertex 1.960353970527649 2.9359004497528076 2.1535532474517822
    endloop
  endfacet
  facet normal -0.946166428924402 0.3186111438465305 -0.05706161400845599
    outer loop
      vertex 1.9221469163894653 2.819688081741333 2.1381995677948
      vertex 1.9444470405578613 2.889007091522217 2.155482292175293
      vertex 1.9299752712249756 2.8414688110351562 2.130009412765503
    endloop
  endfacet
  facet normal -0.9461684938408528 0.31860785266137925 -0.05704574905667492
    outer loop
      vertex 1.960353970527649 2.9359004497528076 2.1535532474517822
      vertex 1.9444470405578613 2.889007091522217 2.155482292175293
      vertex 1.9667471647262573 2.9583261013031006 2.172765016555786
    endloop
  endfacet
  facet normal -0.9461662078754302 0.31861246947228156 -0.057057877382555
    outer loop
      vertex 1.9221469163894653 2.819688081741333 2.1381995677948
      vertex 1.9299752712249756 2.8414688110351562 2.130009412765503
      vertex 1.9308180809020996 2.8428120613098145 2.1235342025756836
    endloop
  endfacet
  facet normal -0.9461681637085205 0.3186074148622167 -0.05705366928832471
    outer loop
      vertex 1.960353970527649 2.9359004497528076 2.1535532474517822
      vertex 1.9299752712249756 2.8414688110351562 2.130009412765503
      vertex 1.9444470405578613 2.889007091522217 2.155482292175293
    endloop
  endfacet
  facet normal -0.9461701389624019 0.3186028221126498 -0.05704655885962111
    outer loop
      vertex 1.9308180809020996 2.8428120613098145 2.1235342025756836
      vertex 1.9316608905792236 2.8441555500030518 2.117058753967285
      vertex 1.926059365272522 2.825310230255127 2.104714870452881
    endloop
  endfacet
  facet normal -0.9461673718715268 0.3186092339561066 -0.05705664241463011
    outer loop
      vertex 1.9941041469573975 3.035705089569092 2.151195764541626
      vertex 1.9620397090911865 2.938586950302124 2.1406025886535645
      vertex 1.9890471696853638 3.0276451110839844 2.1900477409362793
    endloop
  endfacet
  facet normal -0.9461678197329227 0.31860855001163846 -0.057053034637332196
    outer loop
      vertex 1.902923822402954 2.756932258605957 2.106541872024536
      vertex 1.8709032535552979 2.655292510986328 2.0699713230133057
      vertex 1.8692176342010498 2.6526057720184326 2.0829217433929443
    endloop
  endfacet
  facet normal -0.9461671973405499 0.31860958914383375 -0.057057553245180664
    outer loop
      vertex 1.872588872909546 2.6579790115356445 2.057020664215088
      vertex 1.8709032535552979 2.655292510986328 2.0699713230133057
      vertex 1.904719352722168 2.759512424468994 2.0911741256713867
    endloop
  endfacet
  facet normal -0.9461674854072971 0.318609177925483 -0.05705507251489796
    outer loop
      vertex 1.904719352722168 2.759512424468994 2.0911741256713867
      vertex 1.8709032535552979 2.655292510986328 2.0699713230133057
      vertex 1.902923822402954 2.756932258605957 2.106541872024536
    endloop
  endfacet
  facet normal -0.9461681964938679 0.318607424784908 -0.057053070166912516
    outer loop
      vertex 1.904719352722168 2.759512424468994 2.0911741256713867
      vertex 1.9153892993927002 2.7924113273620605 2.097944498062134
      vertex 1.9029676914215088 2.752410650253296 2.080564498901367
    endloop
  endfacet
  facet normal -0.9461673847641046 0.31860920919812313 -0.057056566868341665
    outer loop
      vertex 1.9011281728744507 2.754351854324341 2.1219098567962646
      vertex 1.902923822402954 2.756932258605957 2.106541872024536
      vertex 1.8692176342010498 2.6526057720184326 2.0829217433929443
    endloop
  endfacet
  facet normal -0.9461675231530445 0.3186089429420297 -0.05705575876101694
    outer loop
      vertex 1.8699681758880615 2.65749192237854 2.0977604389190674
      vertex 1.9011281728744507 2.754351854324341 2.1219098567962646
      vertex 1.8692176342010498 2.6526057720184326 2.0829217433929443
    endloop
  endfacet
  facet normal -0.9461656105735149 0.3186124191803081 -0.057068062102364786
    outer loop
      vertex 1.8076171875 2.462399482727051 2.042309522628784
      vertex 1.8076480627059937 2.4637722969055176 2.049462080001831
      vertex 1.8388081789016724 2.5606322288513184 2.073611259460449
    endloop
  endfacet
  facet normal -0.9461672992451138 0.3186095689354477 -0.05705597621612915
    outer loop
      vertex 1.8388081789016724 2.5606322288513184 2.073611259460449
      vertex 1.8699681758880615 2.65749192237854 2.0977604389190674
      vertex 1.8692176342010498 2.6526057720184326 2.0829217433929443
    endloop
  endfacet
  facet normal -0.9461673801796286 0.31860949923121773 -0.05705502329901181
    outer loop
      vertex 1.8388081789016724 2.5606322288513184 2.073611259460449
      vertex 1.8692176342010498 2.6526057720184326 2.0829217433929443
      vertex 1.838838815689087 2.5581743717193604 2.059377908706665
    endloop
  endfacet
  facet normal -0.9461676015004792 0.3186088616109505 -0.05705491366924237
    outer loop
      vertex 1.8388081789016724 2.5606322288513184 2.073611259460449
      vertex 1.838838815689087 2.5581743717193604 2.059377908706665
      vertex 1.8076171875 2.462399482727051 2.042309522628784
    endloop
  endfacet
  facet normal -0.9461673423151484 0.31860914180317584 -0.057057647127553984
    outer loop
      vertex 1.8135169744491577 2.4718027114868164 1.9969823360443115
      vertex 1.874274492263794 2.66066575050354 2.04407000541687
      vertex 1.8533427715301514 2.590493679046631 1.9993336200714111
    endloop
  endfacet
  facet normal -0.9461675006925948 0.31860914280562613 -0.057055015150228004
    outer loop
      vertex 1.8135169744491577 2.4718027114868164 1.9969823360443115
      vertex 1.8533427715301514 2.590493679046631 1.9993336200714111
      vertex 1.8168882131576538 2.4771759510040283 1.9710811376571655
    endloop
  endfacet
  facet normal -0.9461676141921159 0.31860878999591186 -0.05705510311392156
    outer loop
      vertex 1.7831381559371948 2.377371072769165 1.9734385013580322
      vertex 1.8135169744491577 2.4718027114868164 1.9969823360443115
      vertex 1.8168882131576538 2.4771759510040283 1.9710811376571655
    endloop
  endfacet
  facet normal -0.9461675800117393 0.3186087612589281 -0.05705583041005054
    outer loop
      vertex 1.7831381559371948 2.377371072769165 1.9734385013580322
      vertex 1.8168882131576538 2.4771759510040283 1.9710811376571655
      vertex 1.7804336547851562 2.3638579845428467 1.9428285360336304
    endloop
  endfacet
  facet normal -0.9461672132152124 0.31860976534445795 -0.057056306081872676
    outer loop
      vertex 1.752759337425232 2.2829396724700928 1.949894666671753
      vertex 1.7831381559371948 2.377371072769165 1.9734385013580322
      vertex 1.7804336547851562 2.3638579845428467 1.9428285360336304
    endloop
  endfacet
  facet normal -0.9461671858424747 0.31860966971180293 -0.05705729402160305
    outer loop
      vertex 1.752759337425232 2.2829396724700928 1.949894666671753
      vertex 1.7804336547851562 2.3638579845428467 1.9428285360336304
      vertex 1.7439790964126587 2.250540256500244 1.9145759344100952
    endloop
  endfacet
  facet normal -0.9461669353163216 0.31861020826155617 -0.05705844114281046
    outer loop
      vertex 1.7941133975982666 2.41787052154541 2.0175869464874268
      vertex 1.7949562072753906 2.4192137718200684 2.0111117362976074
      vertex 1.7797667980194092 2.3719980716705322 1.9993398189544678
    endloop
  endfacet
  facet normal -0.9461667346547948 0.31861052807174306 -0.05705998277714343
    outer loop
      vertex 1.7588289976119995 2.30840802192688 1.9914580583572388
      vertex 1.7645773887634277 2.324782133102417 1.9875679016113281
      vertex 1.7493879795074463 2.277566432952881 1.9757959842681885
    endloop
  endfacet
  facet normal -0.9461675177671905 0.31860860741952424 -0.057057721655044
    outer loop
      vertex 1.7688632011413574 2.3395395278930664 1.998902678489685
      vertex 1.7797667980194092 2.3719980716705322 1.9993398189544678
      vertex 1.7645773887634277 2.324782133102417 1.9875679016113281
    endloop
  endfacet
  facet normal -0.9461666833497823 0.31861047057459724 -0.05706115455462466
    outer loop
      vertex 1.6936873197555542 2.0967633724212646 1.8898564577102661
      vertex 1.7439790964126587 2.250540256500244 1.9145759344100952
      vertex 1.7075245380401611 2.1372225284576416 1.88632333278656
    endloop
  endfacet
  facet normal -0.9461666446211598 0.3186103352844223 -0.05706255213608712
    outer loop
      vertex 1.6633085012435913 2.0023317337036133 1.8663126230239868
      vertex 1.6936873197555542 2.0967633724212646 1.8898564577102661
      vertex 1.7075245380401611 2.1372225284576416 1.88632333278656
    endloop
  endfacet
  facet normal -0.9461664500088339 0.3186105622198478 -0.057064511910934444
    outer loop
      vertex 1.6633085012435913 2.0023317337036133 1.8663126230239868
      vertex 1.7075245380401611 2.1372225284576416 1.88632333278656
      vertex 1.6710699796676636 2.02390456199646 1.858070731163025
    endloop
  endfacet
  facet normal -0.9461663850514861 0.3186109459828009 -0.057063446255440034
    outer loop
      vertex 1.634615421295166 1.9105868339538574 1.8298181295394897
      vertex 1.6633085012435913 2.0023317337036133 1.8663126230239868
      vertex 1.6710699796676636 2.02390456199646 1.858070731163025
    endloop
  endfacet
  facet normal -0.9461679054874839 0.31860847878339144 -0.05705201024294396
    outer loop
      vertex 1.752759337425232 2.2829396724700928 1.949894666671753
      vertex 1.6936873197555542 2.0967633724212646 1.8898564577102661
      vertex 1.6920017004013062 2.094076633453369 1.9028071165084839
    endloop
  endfacet
  facet normal -0.9461674712650224 0.318609185441609 -0.05705526506981853
    outer loop
      vertex 1.6599372625350952 1.996958613395691 1.8922138214111328
      vertex 1.6616228818893433 1.9996452331542969 1.8792632818222046
      vertex 1.6307321786880493 1.9061756134033203 1.8695796728134155
    endloop
  endfacet
  facet normal -0.9461673939503554 0.3186089779890973 -0.05705770561401838
    outer loop
      vertex 1.634615421295166 1.9105868339538574 1.8298181295394897
      vertex 1.6616228818893433 1.9996452331542969 1.8792632818222046
      vertex 1.6633085012435913 2.0023317337036133 1.8663126230239868
    endloop
  endfacet
  facet normal -0.9461671808550753 0.318609440712934 -0.057058655446395885
    outer loop
      vertex 1.6616228818893433 1.9996452331542969 1.8792632818222046
      vertex 1.634615421295166 1.9105868339538574 1.8298181295394897
      vertex 1.6307321786880493 1.9061756134033203 1.8695796728134155
    endloop
  endfacet
  facet normal -0.9461670439643869 0.3186100261681923 -0.057057656285529834
    outer loop
      vertex 1.7439790964126587 2.250540256500244 1.9145759344100952
      vertex 1.6936873197555542 2.0967633724212646 1.8898564577102661
      vertex 1.752759337425232 2.2829396724700928 1.949894666671753
    endloop
  endfacet
  facet normal -0.9461675357539969 0.3186090826564349 -0.05705476959934317
    outer loop
      vertex 1.6307321786880493 1.9061756134033203 1.8695796728134155
      vertex 1.6582516431808472 1.994271993637085 1.9051644802093506
      vertex 1.6599372625350952 1.996958613395691 1.8922138214111328
    endloop
  endfacet
  facet normal -0.9461689400202687 0.31860654903456165 -0.05704562957149834
    outer loop
      vertex 1.7788974046707153 2.370671033859253 2.006347417831421
      vertex 1.7932705879211426 2.416527032852173 2.024062395095825
      vertex 1.7941133975982666 2.41787052154541 2.0175869464874268
    endloop
  endfacet
  facet normal -0.9461679436480838 0.3186086520116018 -0.057050409955639696
    outer loop
      vertex 1.7797667980194092 2.3719980716705322 1.9993398189544678
      vertex 1.7688632011413574 2.3395395278930664 1.998902678489685
      vertex 1.7788974046707153 2.370671033859253 2.006347417831421
    endloop
  endfacet
  facet normal -0.9461683019707817 0.3186075423142115 -0.05705066455551015
    outer loop
      vertex 1.7788974046707153 2.370671033859253 2.006347417831421
      vertex 1.7941133975982666 2.41787052154541 2.0175869464874268
      vertex 1.7797667980194092 2.3719980716705322 1.9993398189544678
    endloop
  endfacet
  facet normal -0.9461667574882613 0.318610761032272 -0.05705830332726475
    outer loop
      vertex 1.7788974046707153 2.370671033859253 2.006347417831421
      vertex 1.7924277782440186 2.4151837825775146 2.0305376052856445
      vertex 1.7932705879211426 2.416527032852173 2.024062395095825
    endloop
  endfacet
  facet normal -0.9461671784024295 0.3186098525814236 -0.0570563962411637
    outer loop
      vertex 1.7788974046707153 2.370671033859253 2.006347417831421
      vertex 1.7764880657196045 2.366912364959717 2.025312662124634
      vertex 1.7924277782440186 2.4151837825775146 2.0305376052856445
    endloop
  endfacet
  facet normal -0.94616594593214 0.31861145663251184 -0.05706787590972636
    outer loop
      vertex 1.7764880657196045 2.366912364959717 2.025312662124634
      vertex 1.8076480627059937 2.4637722969055176 2.049462080001831
      vertex 1.8076171875 2.462399482727051 2.042309522628784
    endloop
  endfacet
  facet normal -0.9461671317690695 0.31860989515477584 -0.05705693182563418
    outer loop
      vertex 1.7764880657196045 2.366912364959717 2.025312662124634
      vertex 1.8076171875 2.462399482727051 2.042309522628784
      vertex 1.7924277782440186 2.4151837825775146 2.0305376052856445
    endloop
  endfacet
  facet normal -0.9461684155503499 0.31860778875046253 -0.05704740452010864
    outer loop
      vertex 1.808459997177124 2.463742971420288 2.035834312438965
      vertex 1.8076171875 2.462399482727051 2.042309522628784
      vertex 1.838838815689087 2.5581743717193604 2.059377908706665
    endloop
  endfacet
  facet normal -0.9461670986996271 0.3186097003907024 -0.05705856776398117
    outer loop
      vertex 1.7477023601531982 2.2748799324035645 1.9887465238571167
      vertex 1.7588289976119995 2.30840802192688 1.9914580583572388
      vertex 1.7485451698303223 2.2762231826782227 1.9822713136672974
    endloop
  endfacet
  facet normal -0.9461667418673316 0.3186104333162863 -0.057060392271405434
    outer loop
      vertex 1.7645773887634277 2.324782133102417 1.9875679016113281
      vertex 1.7588289976119995 2.30840802192688 1.9914580583572388
      vertex 1.7688632011413574 2.3395395278930664 1.998902678489685
    endloop
  endfacet
  facet normal -0.946167690106677 0.31860866899982004 -0.05705451985915101
    outer loop
      vertex 1.7477023601531982 2.2748799324035645 1.9887465238571167
      vertex 1.7173235416412354 2.180448293685913 1.9652026891708374
      vertex 1.7132806777954102 2.1704342365264893 1.9763264656066895
    endloop
  endfacet
  facet normal -0.9461677796955387 0.31860858057300817 -0.057053527947599984
    outer loop
      vertex 1.7477023601531982 2.2748799324035645 1.9887465238571167
      vertex 1.7132806777954102 2.1704342365264893 1.9763264656066895
      vertex 1.7564964294433594 2.3047690391540527 2.0098190307617188
    endloop
  endfacet
  facet normal -0.9461672375730512 0.31860946408261875 -0.05705758442457564
    outer loop
      vertex 1.7485451698303223 2.2762231826782227 1.9822713136672974
      vertex 1.7588289976119995 2.30840802192688 1.9914580583572388
      vertex 1.7493879795074463 2.277566432952881 1.9757959842681885
    endloop
  endfacet
  facet normal -0.9461673790649785 0.31860950546092504 -0.05705500699547625
    outer loop
      vertex 1.7588289976119995 2.30840802192688 1.9914580583572388
      vertex 1.7477023601531982 2.2748799324035645 1.9887465238571167
      vertex 1.7564964294433594 2.3047690391540527 2.0098190307617188
    endloop
  endfacet
  facet normal -0.9461675961759187 0.31860900884362314 -0.05705417977999195
    outer loop
      vertex 1.6700648069381714 2.0360991954803467 1.9428337812423706
      vertex 1.7132806777954102 2.1704342365264893 1.9763264656066895
      vertex 1.7173235416412354 2.180448293685913 1.9652026891708374
    endloop
  endfacet
  facet normal -0.9461666176232535 0.31861018515458484 -0.05706383803367239
    outer loop
      vertex 1.6700648069381714 2.0360991954803467 1.9428337812423706
      vertex 1.7173235416412354 2.180448293685913 1.9652026891708374
      vertex 1.686944842338562 2.086016893386841 1.9416589736938477
    endloop
  endfacet
  facet normal -0.94616716764362 0.3186094378883522 -0.0570588902951883
    outer loop
      vertex 1.6268490552902222 1.9017642736434937 1.9093412160873413
      vertex 1.6700648069381714 2.0360991954803467 1.9428337812423706
      vertex 1.6565660238265991 1.991585373878479 1.9181151390075684
    endloop
  endfacet
  facet normal -0.9461667661622879 0.31861030971865917 -0.057060679552371416
    outer loop
      vertex 1.686944842338562 2.086016893386841 1.9416589736938477
      vertex 1.6565660238265991 1.991585373878479 1.9181151390075684
      vertex 1.6700648069381714 2.0360991954803467 1.9428337812423706
    endloop
  endfacet
  facet normal -0.9461675357539969 0.3186090826564349 -0.05705476959934317
    outer loop
      vertex 1.6307321786880493 1.9061756134033203 1.8695796728134155
      vertex 1.6565660238265991 1.991585373878479 1.9181151390075684
      vertex 1.6582516431808472 1.994271993637085 1.9051644802093506
    endloop
  endfacet
  facet normal -0.9461675000866264 0.3186091606118178 -0.057054925765060834
    outer loop
      vertex 1.6565660238265991 1.991585373878479 1.9181151390075684
      vertex 1.6307321786880493 1.9061756134033203 1.8695796728134155
      vertex 1.6268490552902222 1.9017642736434937 1.9093412160873413
    endloop
  endfacet
  facet normal 0.9461678809931019 -0.318608457256058 0.05705253668276393
    outer loop
      vertex 1.759206771850586 2.1073970794677734 1.9143177270889282
      vertex 1.7298715114593506 2.016209363937378 1.8915826082229614
      vertex 1.7315571308135986 2.0188961029052734 1.8786320686340332
    endloop
  endfacet
  facet normal 0.9461665552439158 -0.3186110561377429 0.0570600091539955
    outer loop
      vertex 1.759206771850586 2.1073970794677734 1.9143177270889282
      vertex 1.7315571308135986 2.0188961029052734 1.8786320686340332
      vertex 1.7608925104141235 2.110083818435669 1.9013670682907104
    endloop
  endfacet
  facet normal 0.9461681753791903 -0.31860763983130175 0.05705221941994396
    outer loop
      vertex 1.7558355331420898 2.1020240783691406 1.9402190446853638
      vertex 1.7265002727508545 2.010836124420166 1.917483925819397
      vertex 1.7281858921051025 2.0135228633880615 1.9045332670211792
    endloop
  endfacet
  facet normal 0.9461672252370926 -0.31860950242848785 0.05705757486444971
    outer loop
      vertex 1.7558355331420898 2.1020240783691406 1.9402190446853638
      vertex 1.7281858921051025 2.0135228633880615 1.9045332670211792
      vertex 1.757521152496338 2.104710578918457 1.927268385887146
    endloop
  endfacet
  facet normal 0.9461672252370926 -0.31860950242848785 0.05705757486444971
    outer loop
      vertex 1.757521152496338 2.104710578918457 1.927268385887146
      vertex 1.7281858921051025 2.0135228633880615 1.9045332670211792
      vertex 1.7298715114593506 2.016209363937378 1.8915826082229614
    endloop
  endfacet
  facet normal 0.9461672252370926 -0.31860950242848785 0.05705757486444971
    outer loop
      vertex 1.757521152496338 2.104710578918457 1.927268385887146
      vertex 1.7298715114593506 2.016209363937378 1.8915826082229614
      vertex 1.759206771850586 2.1073970794677734 1.9143177270889282
    endloop
  endfacet
  facet normal 0.9461671607433532 -0.3186096052187585 0.05705807036001614
    outer loop
      vertex 1.7541499137878418 2.099337339401245 1.953169584274292
      vertex 1.7248146533966064 2.0081496238708496 1.9304344654083252
      vertex 1.7265002727508545 2.010836124420166 1.917483925819397
    endloop
  endfacet
  facet normal 0.9461681108945603 -0.3186077426122495 0.05705271486744116
    outer loop
      vertex 1.7541499137878418 2.099337339401245 1.953169584274292
      vertex 1.7265002727508545 2.010836124420166 1.917483925819397
      vertex 1.7558355331420898 2.1020240783691406 1.9402190446853638
    endloop
  endfacet
  facet normal 0.9461669729447886 -0.3186099733567429 0.057059128858680176
    outer loop
      vertex 1.757521152496338 2.104710578918457 1.927268385887146
      vertex 1.8161917924880981 2.287086248397827 1.97273850440979
      vertex 1.7851707935333252 2.193211793899536 1.962954044342041
    endloop
  endfacet
  facet normal 0.9461676041077384 -0.31860941561215755 0.05705177666209442
    outer loop
      vertex 1.8161917924880981 2.287086248397827 1.97273850440979
      vertex 1.81450617313385 2.2843995094299316 1.9856891632080078
      vertex 1.7851707935333252 2.193211793899536 1.962954044342041
    endloop
  endfacet
  facet normal 0.9461672458231297 -0.3186094384375534 0.05705759081822521
    outer loop
      vertex 1.7851707935333252 2.193211793899536 1.962954044342041
      vertex 1.7558355331420898 2.1020240783691406 1.9402190446853638
      vertex 1.757521152496338 2.104710578918457 1.927268385887146
    endloop
  endfacet
  facet normal 0.9461671695038085 -0.31860967567326043 0.05705753167226251
    outer loop
      vertex 1.757521152496338 2.104710578918457 1.927268385887146
      vertex 1.759206771850586 2.1073970794677734 1.9143177270889282
      vertex 1.8178774118423462 2.2897727489471436 1.9597879648208618
    endloop
  endfacet
  facet normal 0.9461671153032495 -0.31860974646764373 0.05705803514450076
    outer loop
      vertex 1.757521152496338 2.104710578918457 1.927268385887146
      vertex 1.8178774118423462 2.2897727489471436 1.9597879648208618
      vertex 1.8161917924880981 2.287086248397827 1.97273850440979
    endloop
  endfacet
  facet normal 0.9461681108945603 -0.3186077426122495 0.05705271486744116
    outer loop
      vertex 1.7834851741790771 2.1905252933502197 1.9759047031402588
      vertex 1.7541499137878418 2.099337339401245 1.953169584274292
      vertex 1.7558355331420898 2.1020240783691406 1.9402190446853638
    endloop
  endfacet
  facet normal 0.9461672458231297 -0.3186094384375534 0.05705759081822521
    outer loop
      vertex 1.7834851741790771 2.1905252933502197 1.9759047031402588
      vertex 1.7558355331420898 2.1020240783691406 1.9402190446853638
      vertex 1.7851707935333252 2.193211793899536 1.962954044342041
    endloop
  endfacet
  facet normal 0.9461668838650875 -0.31861056356846024 0.057057310308303896
    outer loop
      vertex 1.813663363456726 2.2830562591552734 1.9921644926071167
      vertex 1.812820553779602 2.2817130088806152 1.9986398220062256
      vertex 1.7834851741790771 2.1905252933502197 1.9759047031402588
    endloop
  endfacet
  facet normal 0.9461668838650875 -0.31861056356846024 0.057057310308303896
    outer loop
      vertex 1.7851707935333252 2.193211793899536 1.962954044342041
      vertex 1.81450617313385 2.2843995094299316 1.9856891632080078
      vertex 1.813663363456726 2.2830562591552734 1.9921644926071167
    endloop
  endfacet
  facet normal 0.9461668838650875 -0.31861056356846024 0.057057310308303896
    outer loop
      vertex 1.7834851741790771 2.1905252933502197 1.9759047031402588
      vertex 1.7851707935333252 2.193211793899536 1.962954044342041
      vertex 1.813663363456726 2.2830562591552734 1.9921644926071167
    endloop
  endfacet
  facet normal 0.9461669953314684 -0.31861021708055287 0.05705739669231414
    outer loop
      vertex 1.8585090637207031 2.4211812019348145 2.019791841506958
      vertex 1.8438414335250854 2.3755874633789062 2.0084242820739746
      vertex 1.8455270528793335 2.3782739639282227 1.9954736232757568
    endloop
  endfacet
  facet normal 0.9461674551411222 -0.3186087877794391 0.05705775303575203
    outer loop
      vertex 1.8748623132705688 2.469461679458618 2.0182087421417236
      vertex 1.8731766939163208 2.4667751789093018 2.0311594009399414
      vertex 1.8585090637207031 2.4211812019348145 2.019791841506958
    endloop
  endfacet
  facet normal 0.9461675853618361 -0.31860892845210287 0.057054808045907686
    outer loop
      vertex 1.8455270528793335 2.3782739639282227 1.9954736232757568
      vertex 1.8748623132705688 2.469461679458618 2.0182087421417236
      vertex 1.8585090637207031 2.4211812019348145 2.019791841506958
    endloop
  endfacet
  facet normal 0.9461681753791903 -0.31860763983130175 0.05705221941994396
    outer loop
      vertex 1.8291738033294678 2.329993486404419 1.9970567226409912
      vertex 1.81450617313385 2.2843995094299316 1.9856891632080078
      vertex 1.8161917924880981 2.287086248397827 1.97273850440979
    endloop
  endfacet
  facet normal 0.9461674551411222 -0.3186087877794391 0.05705775303575203
    outer loop
      vertex 1.8455270528793335 2.3782739639282227 1.9954736232757568
      vertex 1.8438414335250854 2.3755874633789062 2.0084242820739746
      vertex 1.8291738033294678 2.329993486404419 1.9970567226409912
    endloop
  endfacet
  facet normal 0.9461675853618361 -0.31860892845210287 0.057054808045907686
    outer loop
      vertex 1.8161917924880981 2.287086248397827 1.97273850440979
      vertex 1.8455270528793335 2.3782739639282227 1.9954736232757568
      vertex 1.8291738033294678 2.329993486404419 1.9970567226409912
    endloop
  endfacet
  facet normal 0.9461671607433532 -0.3186096052187585 0.05705807036001614
    outer loop
      vertex 1.8455270528793335 2.3782739639282227 1.9954736232757568
      vertex 1.8161917924880981 2.287086248397827 1.97273850440979
      vertex 1.8178774118423462 2.2897727489471436 1.9597879648208618
    endloop
  endfacet
  facet normal 0.9461672458231297 -0.3186094384375534 0.05705759081822521
    outer loop
      vertex 1.8455270528793335 2.3782739639282227 1.9954736232757568
      vertex 1.8178774118423462 2.2897727489471436 1.9597879648208618
      vertex 1.8472126722335815 2.380960464477539 1.982522964477539
    endloop
  endfacet
  facet normal 0.9461672252370926 -0.31860950242848785 0.05705757486444971
    outer loop
      vertex 1.8748623132705688 2.469461679458618 2.0182087421417236
      vertex 1.8455270528793335 2.3782739639282227 1.9954736232757568
      vertex 1.8472126722335815 2.380960464477539 1.982522964477539
    endloop
  endfacet
  facet normal 0.9461667645611815 -0.31861040548192476 0.05706017138485656
    outer loop
      vertex 1.8748623132705688 2.469461679458618 2.0182087421417236
      vertex 1.8472126722335815 2.380960464477539 1.982522964477539
      vertex 1.8765480518341064 2.4721484184265137 2.005258083343506
    endloop
  endfacet
  facet normal 0.9461668663428775 -0.31861042266261574 0.05705838768882857
    outer loop
      vertex 1.8706482648849487 2.462745189666748 2.0505852699279785
      vertex 1.855980634689331 2.41715145111084 2.039217710494995
      vertex 1.856823444366455 2.418494701385498 2.032742500305176
    endloop
  endfacet
  facet normal 0.9461668663428775 -0.31861042266261574 0.05705838768882857
    outer loop
      vertex 1.8706482648849487 2.462745189666748 2.0505852699279785
      vertex 1.856823444366455 2.418494701385498 2.032742500305176
      vertex 1.8714910745620728 2.4640884399414062 2.044110059738159
    endloop
  endfacet
  facet normal 0.9461671243145938 -0.3186100115052994 0.0570564057301632
    outer loop
      vertex 1.8714910745620728 2.4640884399414062 2.044110059738159
      vertex 1.856823444366455 2.418494701385498 2.032742500305176
      vertex 1.857666254043579 2.4198379516601562 2.0262670516967773
    endloop
  endfacet
  facet normal 0.9461690245280482 -0.3186062863431327 0.057045695072279
    outer loop
      vertex 1.8714910745620728 2.4640884399414062 2.044110059738159
      vertex 1.857666254043579 2.4198379516601562 2.0262670516967773
      vertex 1.8723338842391968 2.4654319286346436 2.0376346111297607
    endloop
  endfacet
  facet normal 0.9461673261520225 -0.3186089933618636 0.057058744038685515
    outer loop
      vertex 1.8723338842391968 2.4654319286346436 2.0376346111297607
      vertex 1.857666254043579 2.4198379516601562 2.0262670516967773
      vertex 1.8585090637207031 2.4211812019348145 2.019791841506958
    endloop
  endfacet
  facet normal 0.9461673261520225 -0.3186089933618636 0.057058744038685515
    outer loop
      vertex 1.8723338842391968 2.4654319286346436 2.0376346111297607
      vertex 1.8585090637207031 2.4211812019348145 2.019791841506958
      vertex 1.8731766939163208 2.4667751789093018 2.0311594009399414
    endloop
  endfacet
  facet normal 0.9461687946286518 -0.31860700098206296 0.05704551688064651
    outer loop
      vertex 1.932690143585205 2.65049409866333 2.0701541900634766
      vertex 1.931847333908081 2.6491506099700928 2.076629638671875
      vertex 1.9025120735168457 2.5579628944396973 2.053894519805908
    endloop
  endfacet
  facet normal 0.9461670962482474 -0.3186097080107315 0.057058565864173676
    outer loop
      vertex 1.9041976928710938 2.5606496334075928 2.0409438610076904
      vertex 1.933532953262329 2.6518373489379883 2.0636789798736572
      vertex 1.932690143585205 2.65049409866333 2.0701541900634766
    endloop
  endfacet
  facet normal 0.9461680810124765 -0.3186079331683397 0.05705214628185697
    outer loop
      vertex 1.9025120735168457 2.5579628944396973 2.053894519805908
      vertex 1.9041976928710938 2.5606496334075928 2.0409438610076904
      vertex 1.932690143585205 2.65049409866333 2.0701541900634766
    endloop
  endfacet
  facet normal 0.9461668838650875 -0.31861056356846024 0.057057310308303896
    outer loop
      vertex 1.9025120735168457 2.5579628944396973 2.053894519805908
      vertex 1.8731766939163208 2.4667751789093018 2.0311594009399414
      vertex 1.8748623132705688 2.469461679458618 2.0182087421417236
    endloop
  endfacet
  facet normal 0.9461678340108431 -0.31860870096641786 0.05705195484574639
    outer loop
      vertex 1.9025120735168457 2.5579628944396973 2.053894519805908
      vertex 1.8748623132705688 2.469461679458618 2.0182087421417236
      vertex 1.9041976928710938 2.5606496334075928 2.0409438610076904
    endloop
  endfacet
  facet normal 0.9461667645611815 -0.31861040548192476 0.05706017138485656
    outer loop
      vertex 1.9041976928710938 2.5606496334075928 2.0409438610076904
      vertex 1.8748623132705688 2.469461679458618 2.0182087421417236
      vertex 1.8765480518341064 2.4721484184265137 2.005258083343506
    endloop
  endfacet
  facet normal 0.9461672252370926 -0.31860950242848785 0.05705757486444971
    outer loop
      vertex 1.9041976928710938 2.5606496334075928 2.0409438610076904
      vertex 1.8765480518341064 2.4721484184265137 2.005258083343506
      vertex 1.9058833122253418 2.563336133956909 2.0279932022094727
    endloop
  endfacet
  facet normal 0.9461672252370926 -0.31860950242848785 0.05705757486444971
    outer loop
      vertex 1.933532953262329 2.6518373489379883 2.0636789798736572
      vertex 1.9041976928710938 2.5606496334075928 2.0409438610076904
      vertex 1.9058833122253418 2.563336133956909 2.0279932022094727
    endloop
  endfacet
  facet normal 0.9461672252370926 -0.31860950242848785 0.05705757486444971
    outer loop
      vertex 1.933532953262329 2.6518373489379883 2.0636789798736572
      vertex 1.9058833122253418 2.563336133956909 2.0279932022094727
      vertex 1.9352185726165771 2.6545238494873047 2.0507283210754395
    endloop
  endfacet
  facet normal 0.9461667548768868 -0.31861076914960607 0.057058301303469006
    outer loop
      vertex 1.8723338842391968 2.4654319286346436 2.0376346111297607
      vertex 1.8731766939163208 2.4667751789093018 2.0311594009399414
      vertex 1.9025120735168457 2.5579628944396973 2.053894519805908
    endloop
  endfacet
  facet normal 0.9461690245280482 -0.3186062863431327 0.057045695072279
    outer loop
      vertex 1.900826334953308 2.555276393890381 2.066845178604126
      vertex 1.8714910745620728 2.4640884399414062 2.044110059738159
      vertex 1.8723338842391968 2.4654319286346436 2.0376346111297607
    endloop
  endfacet
  facet normal 0.9461659644626004 -0.3186118015078362 0.057065643188249374
    outer loop
      vertex 1.9025120735168457 2.5579628944396973 2.053894519805908
      vertex 1.900826334953308 2.555276393890381 2.066845178604126
      vertex 1.8723338842391968 2.4654319286346436 2.0376346111297607
    endloop
  endfacet
  facet normal 0.9461667960495552 -0.3186106411662821 0.057058333211986605
    outer loop
      vertex 1.931004524230957 2.6478073596954346 2.0831048488616943
      vertex 1.930161714553833 2.6464641094207764 2.0895800590515137
      vertex 1.900826334953308 2.555276393890381 2.066845178604126
    endloop
  endfacet
  facet normal 0.9461670962482474 -0.3186097080107315 0.057058565864173676
    outer loop
      vertex 1.9025120735168457 2.5579628944396973 2.053894519805908
      vertex 1.931847333908081 2.6491506099700928 2.076629638671875
      vertex 1.931004524230957 2.6478073596954346 2.0831048488616943
    endloop
  endfacet
  facet normal 0.9461660056405221 -0.3186116735079939 0.057065675100668935
    outer loop
      vertex 1.900826334953308 2.555276393890381 2.066845178604126
      vertex 1.9025120735168457 2.5579628944396973 2.053894519805908
      vertex 1.931004524230957 2.6478073596954346 2.0831048488616943
    endloop
  endfacet
  facet normal 0.9461668663428775 -0.31861042266261574 0.05705838768882857
    outer loop
      vertex 1.9473577737808228 2.6960878372192383 2.08152174949646
      vertex 1.932690143585205 2.65049409866333 2.0701541900634766
      vertex 1.933532953262329 2.6518373489379883 2.0636789798736572
    endloop
  endfacet
  facet normal 0.9461668663428775 -0.31861042266261574 0.05705838768882857
    outer loop
      vertex 1.9473577737808228 2.6960878372192383 2.08152174949646
      vertex 1.933532953262329 2.6518373489379883 2.0636789798736572
      vertex 1.9482005834579468 2.6974310874938965 2.0750465393066406
    endloop
  endfacet
  facet normal 0.9461673261520225 -0.3186089933618636 0.057058744038685515
    outer loop
      vertex 1.9620254039764404 2.7416818141937256 2.0928893089294434
      vertex 1.9473577737808228 2.6960878372192383 2.08152174949646
      vertex 1.9482005834579468 2.6974310874938965 2.0750465393066406
    endloop
  endfacet
  facet normal 0.9461673261520225 -0.3186089933618636 0.057058744038685515
    outer loop
      vertex 1.9620254039764404 2.7416818141937256 2.0928893089294434
      vertex 1.9482005834579468 2.6974310874938965 2.0750465393066406
      vertex 1.9628682136535645 2.743025064468384 2.086414098739624
    endloop
  endfacet
  facet normal 0.9461669953314684 -0.31861021708055287 0.05705739669231414
    outer loop
      vertex 1.9482005834579468 2.6974310874938965 2.0750465393066406
      vertex 1.933532953262329 2.6518373489379883 2.0636789798736572
      vertex 1.9352185726165771 2.6545238494873047 2.0507283210754395
    endloop
  endfacet
  facet normal 0.9461671059287567 -0.3186093443486229 0.05706043596171953
    outer loop
      vertex 1.964553952217102 2.7457118034362793 2.0734634399414062
      vertex 1.9628682136535645 2.743025064468384 2.086414098739624
      vertex 1.9482005834579468 2.6974310874938965 2.0750465393066406
    endloop
  endfacet
  facet normal 0.9461672992941738 -0.318609553227503 0.05705606311813363
    outer loop
      vertex 1.9352185726165771 2.6545238494873047 2.0507283210754395
      vertex 1.964553952217102 2.7457118034362793 2.0734634399414062
      vertex 1.9482005834579468 2.6974310874938965 2.0750465393066406
    endloop
  endfacet
  facet normal 0.9461665346571065 -0.3186111201310735 0.05705999319825483
    outer loop
      vertex 1.9922035932540894 2.8342127799987793 2.109149217605591
      vertex 1.9628682136535645 2.743025064468384 2.086414098739624
      vertex 1.964553952217102 2.7457118034362793 2.0734634399414062
    endloop
  endfacet
  facet normal 0.9461679454776046 -0.31860835447520075 0.05705204123687158
    outer loop
      vertex 1.9922035932540894 2.8342127799987793 2.109149217605591
      vertex 1.964553952217102 2.7457118034362793 2.0734634399414062
      vertex 1.9938892126083374 2.836899518966675 2.096198558807373
    endloop
  endfacet
  facet normal 0.9461671243145938 -0.3186100115052994 0.0570564057301632
    outer loop
      vertex 1.9439865350723267 2.6907145977020264 2.1074230670928955
      vertex 1.929318904876709 2.645120859146118 2.096055507659912
      vertex 1.930161714553833 2.6464641094207764 2.0895800590515137
    endloop
  endfacet
  facet normal 0.9461673261520225 -0.3186089933618636 0.057058744038685515
    outer loop
      vertex 1.930161714553833 2.6464641094207764 2.0895800590515137
      vertex 1.931004524230957 2.6478073596954346 2.0831048488616943
      vertex 1.9456721544265747 2.693401336669922 2.0944724082946777
    endloop
  endfacet
  facet normal 0.9461673261520225 -0.3186089933618636 0.057058744038685515
    outer loop
      vertex 1.9456721544265747 2.693401336669922 2.0944724082946777
      vertex 1.931004524230957 2.6478073596954346 2.0831048488616943
      vertex 1.931847333908081 2.6491506099700928 2.076629638671875
    endloop
  endfacet
  facet normal 0.9461673261520225 -0.3186089933618636 0.057058744038685515
    outer loop
      vertex 1.9456721544265747 2.693401336669922 2.0944724082946777
      vertex 1.931847333908081 2.6491506099700928 2.076629638671875
      vertex 1.9465149641036987 2.69474458694458 2.0879971981048584
    endloop
  endfacet
  facet normal 0.9461668838650875 -0.31861056356846024 0.057057310308303896
    outer loop
      vertex 2.0232245922088623 2.9280872344970703 2.11893367767334
      vertex 1.9938892126083374 2.836899518966675 2.096198558807373
      vertex 1.9955748319625854 2.839586019515991 2.0832479000091553
    endloop
  endfacet
  facet normal 0.9461678340108431 -0.31860870096641786 0.05705195484574639
    outer loop
      vertex 2.0232245922088623 2.9280872344970703 2.11893367767334
      vertex 1.9955748319625854 2.839586019515991 2.0832479000091553
      vertex 2.0249102115631104 2.930773973464966 2.105983018875122
    endloop
  endfacet
  facet normal 0.9461660267216079 -0.31861141254757247 0.05706678256469461
    outer loop
      vertex 2.019853115081787 2.9227139949798584 2.1448347568511963
      vertex 1.9905178546905518 2.831526279449463 2.1220996379852295
      vertex 1.9922035932540894 2.8342127799987793 2.109149217605591
    endloop
  endfacet
  facet normal 0.9461685579143321 -0.31860645072513205 0.05705251590111774
    outer loop
      vertex 2.019853115081787 2.9227139949798584 2.1448347568511963
      vertex 1.9922035932540894 2.8342127799987793 2.109149217605591
      vertex 2.021538734436035 2.925400733947754 2.1318840980529785
    endloop
  endfacet
  facet normal 0.9461685579143321 -0.31860645072513205 0.05705251590111774
    outer loop
      vertex 2.021538734436035 2.925400733947754 2.1318840980529785
      vertex 1.9922035932540894 2.8342127799987793 2.109149217605591
      vertex 1.9938892126083374 2.836899518966675 2.096198558807373
    endloop
  endfacet
  facet normal 0.9461646157598589 -0.31861417819300447 0.05707473467651953
    outer loop
      vertex 2.021538734436035 2.925400733947754 2.1318840980529785
      vertex 1.9938892126083374 2.836899518966675 2.096198558807373
      vertex 2.0232245922088623 2.9280872344970703 2.11893367767334
    endloop
  endfacet
  facet normal 0.9461672252370926 -0.31860950242848785 0.05705757486444971
    outer loop
      vertex 2.018167495727539 2.920027494430542 2.157785415649414
      vertex 1.9888322353363037 2.8288397789001465 2.1350502967834473
      vertex 1.9905178546905518 2.831526279449463 2.1220996379852295
    endloop
  endfacet
  facet normal 0.9461672252370926 -0.31860950242848785 0.05705757486444971
    outer loop
      vertex 2.018167495727539 2.920027494430542 2.157785415649414
      vertex 1.9905178546905518 2.831526279449463 2.1220996379852295
      vertex 2.019853115081787 2.9227139949798584 2.1448347568511963
    endloop
  endfacet
  facet normal 0.9461682052606903 -0.31860744927657364 0.057052788005842806
    outer loop
      vertex 1.7298715114593506 2.016209363937378 1.8915826082229614
      vertex 1.7039074897766113 1.9303947687149048 1.8429462909698486
      vertex 1.7315571308135986 2.0188961029052734 1.8786320686340332
    endloop
  endfacet
  facet normal 0.9461667281255622 -0.3186103449156877 0.05706111373672012
    outer loop
      vertex 1.7391098737716675 2.0398201942443848 1.8702284097671509
      vertex 1.7315571308135986 2.0188961029052734 1.8786320686340332
      vertex 1.7039074897766113 1.9303947687149048 1.8429462909698486
    endloop
  endfacet
  facet normal 0.9461672933905433 -0.31860958909856785 0.05705596070924874
    outer loop
      vertex 1.7391098737716675 2.0398201942443848 1.8702284097671509
      vertex 1.7743122577667236 2.149245500564575 1.8975105285644531
      vertex 1.7608925104141235 2.110083818435669 1.9013670682907104
    endloop
  endfacet
  facet normal 0.9461666207152649 -0.31861095179179316 0.057059506154398684
    outer loop
      vertex 1.7391098737716675 2.0398201942443848 1.8702284097671509
      vertex 1.7608925104141235 2.110083818435669 1.9013670682907104
      vertex 1.7315571308135986 2.0188961029052734 1.8786320686340332
    endloop
  endfacet
  facet normal 0.9461668202936352 -0.318610232239159 0.057060214580221744
    outer loop
      vertex 1.8178774118423462 2.2897727489471436 1.9597879648208618
      vertex 1.759206771850586 2.1073970794677734 1.9143177270889282
      vertex 1.7608925104141235 2.110083818435669 1.9013670682907104
    endloop
  endfacet
  facet normal 0.9461673473940045 -0.3186091227080214 0.05705766953371062
    outer loop
      vertex 1.7281858921051025 2.0135228633880615 1.9045332670211792
      vertex 1.7000243663787842 1.9259835481643677 1.8827078342437744
      vertex 1.7298715114593506 2.016209363937378 1.8915826082229614
    endloop
  endfacet
  facet normal 0.9461674962539248 -0.3186089977673324 0.05705589868081266
    outer loop
      vertex 1.7039074897766113 1.9303947687149048 1.8429462909698486
      vertex 1.7298715114593506 2.016209363937378 1.8915826082229614
      vertex 1.7000243663787842 1.9259835481643677 1.8827078342437744
    endloop
  endfacet
  facet normal 0.9461680676327135 -0.31860797475903896 0.05705213591199533
    outer loop
      vertex 1.7000243663787842 1.9259835481643677 1.8827078342437744
      vertex 1.7281858921051025 2.0135228633880615 1.9045332670211792
      vertex 1.7265002727508545 2.010836124420166 1.917483925819397
    endloop
  endfacet
  facet normal 0.9461670219691948 -0.31861003659287057 0.0570579628118181
    outer loop
      vertex 1.7248146533966064 2.0081496238708496 1.9304344654083252
      vertex 1.7000243663787842 1.9259835481643677 1.8827078342437744
      vertex 1.7265002727508545 2.010836124420166 1.917483925819397
    endloop
  endfacet
  facet normal 0.9461672213757095 -0.31860927299285957 0.05705892004876082
    outer loop
      vertex 1.8095145225524902 2.2586708068847656 1.9247926473617554
      vertex 1.7608925104141235 2.110083818435669 1.9013670682907104
      vertex 1.7743122577667236 2.149245500564575 1.8975105285644531
    endloop
  endfacet
  facet normal 0.9461670914201535 -0.31860991100214836 0.05705751243026529
    outer loop
      vertex 1.8095145225524902 2.2586708068847656 1.9247926473617554
      vertex 1.8447169065475464 2.368096113204956 1.9520747661590576
      vertex 1.8472126722335815 2.380960464477539 1.982522964477539
    endloop
  endfacet
  facet normal 0.9461675688430705 -0.31860892360183013 0.05705510906901017
    outer loop
      vertex 1.8095145225524902 2.2586708068847656 1.9247926473617554
      vertex 1.8472126722335815 2.380960464477539 1.982522964477539
      vertex 1.8178774118423462 2.2897727489471436 1.9597879648208618
    endloop
  endfacet
  facet normal 0.946167064053177 -0.3186099546197068 0.05705772268693784
    outer loop
      vertex 1.8447169065475464 2.368096113204956 1.9520747661590576
      vertex 1.8799192905426025 2.4775214195251465 1.9793568849563599
      vertex 1.8765480518341064 2.4721484184265137 2.005258083343506
    endloop
  endfacet
  facet normal 0.9461671143643035 -0.318609847971382 0.057057483919115554
    outer loop
      vertex 1.8447169065475464 2.368096113204956 1.9520747661590576
      vertex 1.8765480518341064 2.4721484184265137 2.005258083343506
      vertex 1.8472126722335815 2.380960464477539 1.982522964477539
    endloop
  endfacet
  facet normal 0.9461682638806014 -0.31860749876964345 0.05705153944391084
    outer loop
      vertex 1.8245335817337036 2.3170108795166016 2.0015101432800293
      vertex 1.81450617313385 2.2843995094299316 1.9856891632080078
      vertex 1.8291738033294678 2.329993486404419 1.9970567226409912
    endloop
  endfacet
  facet normal 0.946167324486237 -0.31860969246494614 0.05705486781992001
    outer loop
      vertex 1.8446018695831299 2.3792738914489746 2.016399621963501
      vertex 1.8438414335250854 2.3755874633789062 2.0084242820739746
      vertex 1.8585090637207031 2.4211812019348145 2.019791841506958
    endloop
  endfacet
  facet normal 0.9461670015522702 -0.31860951069952276 0.05706123785370481
    outer loop
      vertex 1.834567666053772 2.348142385482788 2.0089547634124756
      vertex 1.8291738033294678 2.329993486404419 1.9970567226409912
      vertex 1.8438414335250854 2.3755874633789062 2.0084242820739746
    endloop
  endfacet
  facet normal 0.9461676248130418 -0.3186087822762201 0.05705497009122791
    outer loop
      vertex 1.8095145225524902 2.2586708068847656 1.9247926473617554
      vertex 1.8178774118423462 2.2897727489471436 1.9597879648208618
      vertex 1.7608925104141235 2.110083818435669 1.9013670682907104
    endloop
  endfacet
  facet normal 0.946166940189983 -0.3186099567336361 0.05705976482352156
    outer loop
      vertex 1.738149642944336 2.052154302597046 1.9550262689590454
      vertex 1.7248146533966064 2.0081496238708496 1.9304344654083252
      vertex 1.7541499137878418 2.099337339401245 1.953169584274292
    endloop
  endfacet
  facet normal 0.9461670656916562 -0.3186099983690437 0.05705745121997137
    outer loop
      vertex 1.8245335817337036 2.3170108795166016 2.0015101432800293
      vertex 1.813663363456726 2.2830562591552734 1.9921644926071167
      vertex 1.81450617313385 2.2843995094299316 1.9856891632080078
    endloop
  endfacet
  facet normal 0.9461670656916562 -0.3186099983690437 0.05705745121997137
    outer loop
      vertex 1.8245335817337036 2.3170108795166016 2.0015101432800293
      vertex 1.812820553779602 2.2817130088806152 1.9986398220062256
      vertex 1.813663363456726 2.2830562591552734 1.9921644926071167
    endloop
  endfacet
  facet normal 0.9461672439343426 -0.31860912439915323 0.05705937570018976
    outer loop
      vertex 1.7541499137878418 2.099337339401245 1.953169584274292
      vertex 1.7834851741790771 2.1905252933502197 1.9759047031402588
      vertex 1.7801581621170044 2.18273663520813 1.9875832796096802
    endloop
  endfacet
  facet normal 0.9461668687514142 -0.31860986594592844 0.05706145633491762
    outer loop
      vertex 1.7541499137878418 2.099337339401245 1.953169584274292
      vertex 1.7801581621170044 2.18273663520813 1.9875832796096802
      vertex 1.738149642944336 2.052154302597046 1.9550262689590454
    endloop
  endfacet
  facet normal 0.9461669113735168 -0.31861001942144107 0.05705989262317593
    outer loop
      vertex 1.738149642944336 2.052154302597046 1.9550262689590454
      vertex 1.6961411237716675 1.921572208404541 1.9224693775177002
      vertex 1.7248146533966064 2.0081496238708496 1.9304344654083252
    endloop
  endfacet
  facet normal 0.9461668486056644 -0.3186104805376267 0.05705835864453447
    outer loop
      vertex 1.8221668004989624 2.3133187294006348 2.0201401710510254
      vertex 1.7801581621170044 2.18273663520813 1.9875832796096802
      vertex 1.7834851741790771 2.1905252933502197 1.9759047031402588
    endloop
  endfacet
  facet normal 0.9461663604078181 -0.31861139784184955 0.057061331897227376
    outer loop
      vertex 1.8221668004989624 2.3133187294006348 2.0201401710510254
      vertex 1.7834851741790771 2.1905252933502197 1.9759047031402588
      vertex 1.812820553779602 2.2817130088806152 1.9986398220062256
    endloop
  endfacet
  facet normal 0.946166930452171 -0.3186100929208973 0.05705916585136532
    outer loop
      vertex 1.8245335817337036 2.3170108795166016 2.0015101432800293
      vertex 1.8221668004989624 2.3133187294006348 2.0201401710510254
      vertex 1.812820553779602 2.2817130088806152 1.9986398220062256
    endloop
  endfacet
  facet normal 0.9461670960517924 -0.3186098737034441 0.057057643901527795
    outer loop
      vertex 1.7000243663787842 1.9259835481643677 1.8827078342437744
      vertex 1.7248146533966064 2.0081496238708496 1.9304344654083252
      vertex 1.6961411237716675 1.921572208404541 1.9224693775177002
    endloop
  endfacet
  facet normal 0.9461669441895568 -0.3186101806794638 0.05705844801951414
    outer loop
      vertex 1.8446018695831299 2.3792738914489746 2.016399621963501
      vertex 1.856823444366455 2.418494701385498 2.032742500305176
      vertex 1.855980634689331 2.41715145111084 2.039217710494995
    endloop
  endfacet
  facet normal 0.9461684604238868 -0.318606200890051 0.05705552780844537
    outer loop
      vertex 1.834567666053772 2.348142385482788 2.0089547634124756
      vertex 1.8245335817337036 2.3170108795166016 2.0015101432800293
      vertex 1.8291738033294678 2.329993486404419 1.9970567226409912
    endloop
  endfacet
  facet normal 0.9461672914798116 -0.3186094918798126 0.0570565352772559
    outer loop
      vertex 1.8446018695831299 2.3792738914489746 2.016399621963501
      vertex 1.857666254043579 2.4198379516601562 2.0262670516967773
      vertex 1.856823444366455 2.418494701385498 2.032742500305176
    endloop
  endfacet
  facet normal 0.946167308154873 -0.3186097369987312 0.05705488996186703
    outer loop
      vertex 1.834567666053772 2.348142385482788 2.0089547634124756
      vertex 1.8438414335250854 2.3755874633789062 2.0084242820739746
      vertex 1.8446018695831299 2.3792738914489746 2.016399621963501
    endloop
  endfacet
  facet normal 0.9461676769405186 -0.31860855372728375 0.057055381909079654
    outer loop
      vertex 1.8446018695831299 2.3792738914489746 2.016399621963501
      vertex 1.855980634689331 2.41715145111084 2.039217710494995
      vertex 1.8421584367752075 2.375462055206299 2.0356338024139404
    endloop
  endfacet
  facet normal 0.9461674790311804 -0.31860870001970576 0.05705784692339983
    outer loop
      vertex 1.868345856666565 2.456865072250366 2.05592942237854
      vertex 1.8421584367752075 2.375462055206299 2.0356338024139404
      vertex 1.855980634689331 2.41715145111084 2.039217710494995
    endloop
  endfacet
  facet normal 0.9461655966458168 -0.3186124462047811 0.0570681421396448
    outer loop
      vertex 1.868345856666565 2.456865072250366 2.05592942237854
      vertex 1.855980634689331 2.41715145111084 2.039217710494995
      vertex 1.8706482648849487 2.462745189666748 2.0505852699279785
    endloop
  endfacet
  facet normal 0.9461654952444278 -0.31861283098729914 0.05706767508077992
    outer loop
      vertex 1.894533395767212 2.5382678508758545 2.0762250423431396
      vertex 1.868345856666565 2.456865072250366 2.05592942237854
      vertex 1.8706482648849487 2.462745189666748 2.0505852699279785
    endloop
  endfacet
  facet normal 0.9461682304002055 -0.3186078122221259 0.05705034419155054
    outer loop
      vertex 1.8706482648849487 2.462745189666748 2.0505852699279785
      vertex 1.900826334953308 2.555276393890381 2.066845178604126
      vertex 1.894533395767212 2.5382678508758545 2.0762250423431396
    endloop
  endfacet
  facet normal 0.9461673261520225 -0.3186089933618636 0.057058744038685515
    outer loop
      vertex 1.8714910745620728 2.4640884399414062 2.044110059738159
      vertex 1.900826334953308 2.555276393890381 2.066845178604126
      vertex 1.8706482648849487 2.462745189666748 2.0505852699279785
    endloop
  endfacet
  facet normal 0.9461670368563071 -0.3186098926284499 0.05705851983572145
    outer loop
      vertex 1.8446018695831299 2.3792738914489746 2.016399621963501
      vertex 1.8585090637207031 2.4211812019348145 2.019791841506958
      vertex 1.857666254043579 2.4198379516601562 2.0262670516967773
    endloop
  endfacet
  facet normal 0.9461671929903938 -0.3186095538234104 0.05705782261115905
    outer loop
      vertex 1.9058833122253418 2.563336133956909 2.0279932022094727
      vertex 1.8765480518341064 2.4721484184265137 2.005258083343506
      vertex 1.8799192905426025 2.4775214195251465 1.9793568849563599
    endloop
  endfacet
  facet normal 0.9461673537768704 -0.3186092026677794 0.05705711719212869
    outer loop
      vertex 1.9058833122253418 2.563336133956909 2.0279932022094727
      vertex 1.8799192905426025 2.4775214195251465 1.9793568849563599
      vertex 1.9151216745376587 2.586946964263916 2.006639003753662
    endloop
  endfacet
  facet normal 0.9461673107545949 -0.3186093661297623 0.05705691784357828
    outer loop
      vertex 1.9352185726165771 2.6545238494873047 2.0507283210754395
      vertex 1.9058833122253418 2.563336133956909 2.0279932022094727
      vertex 1.9151216745376587 2.586946964263916 2.006639003753662
    endloop
  endfacet
  facet normal 0.946167699853507 -0.3186084844056607 0.05705538904128134
    outer loop
      vertex 1.9352185726165771 2.6545238494873047 2.0507283210754395
      vertex 1.9151216745376587 2.586946964263916 2.006639003753662
      vertex 1.9503239393234253 2.6963722705841064 2.033921003341675
    endloop
  endfacet
  facet normal 0.9461675937363898 -0.31860908393321136 0.05705380091045685
    outer loop
      vertex 1.964553952217102 2.7457118034362793 2.0734634399414062
      vertex 1.9352185726165771 2.6545238494873047 2.0507283210754395
      vertex 1.9503239393234253 2.6963722705841064 2.033921003341675
    endloop
  endfacet
  facet normal 0.9461675314540324 -0.31860923183200585 0.057054007866246176
    outer loop
      vertex 1.9955748319625854 2.839586019515991 2.0832479000091553
      vertex 1.964553952217102 2.7457118034362793 2.0734634399414062
      vertex 1.9503239393234253 2.6963722705841064 2.033921003341675
    endloop
  endfacet
  facet normal 0.9461675841247564 -0.31860858220382393 0.057056762067182264
    outer loop
      vertex 1.9473577737808228 2.6960878372192383 2.08152174949646
      vertex 1.9465149641036987 2.69474458694458 2.0879971981048584
      vertex 1.931847333908081 2.6491506099700928 2.076629638671875
    endloop
  endfacet
  facet normal 0.9461685647276604 -0.31860771562400936 0.05704533868818067
    outer loop
      vertex 1.9473577737808228 2.6960878372192383 2.08152174949646
      vertex 1.931847333908081 2.6491506099700928 2.076629638671875
      vertex 1.932690143585205 2.65049409866333 2.0701541900634766
    endloop
  endfacet
  facet normal 0.9461667022344166 -0.3186109327861854 0.057058260505957296
    outer loop
      vertex 1.9620254039764404 2.7416818141937256 2.0928893089294434
      vertex 1.9628682136535645 2.743025064468384 2.086414098739624
      vertex 1.9716717004776 2.7717909812927246 2.1010582447052
    endloop
  endfacet
  facet normal 0.9461668545699515 -0.3186106102591585 0.05705753537869286
    outer loop
      vertex 1.9628682136535645 2.743025064468384 2.086414098739624
      vertex 1.9922035932540894 2.8342127799987793 2.109149217605591
      vertex 1.9716717004776 2.7717909812927246 2.1010582447052
    endloop
  endfacet
  facet normal 0.9461659722642638 -0.3186111510692369 0.05706914528496557
    outer loop
      vertex 1.9610016345977783 2.738892078399658 2.094287872314453
      vertex 1.9473577737808228 2.6960878372192383 2.08152174949646
      vertex 1.9620254039764404 2.7416818141937256 2.0928893089294434
    endloop
  endfacet
  facet normal 0.9461656578437466 -0.3186126679701676 0.05706588933892209
    outer loop
      vertex 1.9620254039764404 2.7416818141937256 2.0928893089294434
      vertex 1.9716717004776 2.7717909812927246 2.1010582447052
      vertex 1.9610016345977783 2.738892078399658 2.094287872314453
    endloop
  endfacet
  facet normal 0.9461672252370926 -0.31860950242848785 0.05705757486444971
    outer loop
      vertex 1.964553952217102 2.7457118034362793 2.0734634399414062
      vertex 1.9955748319625854 2.839586019515991 2.0832479000091553
      vertex 1.9938892126083374 2.836899518966675 2.096198558807373
    endloop
  endfacet
  facet normal 0.94616912472338 -0.3186062132804583 0.05704444126538419
    outer loop
      vertex 1.9855263233184814 2.805797576904297 2.0612032413482666
      vertex 2.020728588104248 2.9152228832244873 2.0884852409362793
      vertex 2.0249102115631104 2.930773973464966 2.105983018875122
    endloop
  endfacet
  facet normal 0.9461675943315113 -0.31860908298467167 0.05705379633808098
    outer loop
      vertex 1.9855263233184814 2.805797576904297 2.0612032413482666
      vertex 2.0249102115631104 2.930773973464966 2.105983018875122
      vertex 1.9955748319625854 2.839586019515991 2.0832479000091553
    endloop
  endfacet
  facet normal 0.9461681435181729 -0.31860869092115746 0.057046877748745485
    outer loop
      vertex 2.0249102115631104 2.930773973464966 2.105983018875122
      vertex 2.020728588104248 2.9152228832244873 2.0884852409362793
      vertex 2.0559310913085938 3.0246481895446777 2.115767478942871
    endloop
  endfacet
  facet normal 0.946167715574424 -0.3186090691221159 0.05705186305296588
    outer loop
      vertex 2.0232245922088623 2.9280872344970703 2.11893367767334
      vertex 2.0249102115631104 2.930773973464966 2.105983018875122
      vertex 2.0559310913085938 3.0246481895446777 2.115767478942871
    endloop
  endfacet
  facet normal 0.9461642743890464 -0.31861523932706604 0.05707447011059992
    outer loop
      vertex 2.021538734436035 2.925400733947754 2.1318840980529785
      vertex 2.0232245922088623 2.9280872344970703 2.11893367767334
      vertex 2.0508742332458496 3.0165884494781494 2.1546192169189453
    endloop
  endfacet
  facet normal 0.9461675264094122 -0.31860886476720124 0.05705614130003432
    outer loop
      vertex 2.0559310913085938 3.0246481895446777 2.115767478942871
      vertex 2.0508742332458496 3.0165884494781494 2.1546192169189453
      vertex 2.0232245922088623 2.9280872344970703 2.11893367767334
    endloop
  endfacet
  facet normal 0.9461659916681535 -0.3186115215100549 0.057066755398107086
    outer loop
      vertex 1.9716717004776 2.7717909812927246 2.1010582447052
      vertex 1.9922035932540894 2.8342127799987793 2.109149217605591
      vertex 1.9905178546905518 2.831526279449463 2.1220996379852295
    endloop
  endfacet
  facet normal 0.9461675163189581 -0.31860925976786003 0.05705410285851902
    outer loop
      vertex 1.9955748319625854 2.839586019515991 2.0832479000091553
      vertex 1.9503239393234253 2.6963722705841064 2.033921003341675
      vertex 1.9855263233184814 2.805797576904297 2.0612032413482666
    endloop
  endfacet
  facet normal 0.9461672627368766 -0.3186104767479305 0.05705151208743329
    outer loop
      vertex 2.0508742332458496 3.0165884494781494 2.1546192169189453
      vertex 2.019853115081787 2.9227139949798584 2.1448347568511963
      vertex 2.021538734436035 2.925400733947754 2.1318840980529785
    endloop
  endfacet
  facet normal 0.9461676666649484 -0.31860793488426076 0.057059007935589226
    outer loop
      vertex 1.9465149641036987 2.69474458694458 2.0879971981048584
      vertex 1.950331687927246 2.705993175506592 2.087517499923706
      vertex 1.9456721544265747 2.693401336669922 2.0944724082946777
    endloop
  endfacet
  facet normal 0.946167753845519 -0.31860805463167 0.05705689359532697
    outer loop
      vertex 1.9465149641036987 2.69474458694458 2.0879971981048584
      vertex 1.9473577737808228 2.6960878372192383 2.08152174949646
      vertex 1.950331687927246 2.705993175506592 2.087517499923706
    endloop
  endfacet
  facet normal 0.946167625993126 -0.31860872839904836 0.0570552513838426
    outer loop
      vertex 1.948620080947876 2.70353364944458 2.1021668910980225
      vertex 1.930161714553833 2.6464641094207764 2.0895800590515137
      vertex 1.9456721544265747 2.693401336669922 2.0944724082946777
    endloop
  endfacet
  facet normal 0.9461681634682211 -0.31860811846427206 0.05704974397690148
    outer loop
      vertex 1.894533395767212 2.5382678508758545 2.0762250423431396
      vertex 1.900826334953308 2.555276393890381 2.066845178604126
      vertex 1.9207209348678589 2.619670867919922 2.09652042388916
    endloop
  endfacet
  facet normal 0.9461677154089946 -0.3186090379833943 0.05705203969202138
    outer loop
      vertex 1.929318904876709 2.645120859146118 2.096055507659912
      vertex 1.9207209348678589 2.619670867919922 2.09652042388916
      vertex 1.900826334953308 2.555276393890381 2.066845178604126
    endloop
  endfacet
  facet normal 0.9461682685653863 -0.3186077683602734 0.057049956182853065
    outer loop
      vertex 1.948620080947876 2.70353364944458 2.1021668910980225
      vertex 1.9439865350723267 2.6907145977020264 2.1074230670928955
      vertex 1.930161714553833 2.6464641094207764 2.0895800590515137
    endloop
  endfacet
  facet normal 0.9461676566804783 -0.31860899607521365 0.05705324768772652
    outer loop
      vertex 1.9469084739685059 2.7010738849639893 2.1168160438537598
      vertex 1.9207209348678589 2.619670867919922 2.09652042388916
      vertex 1.929318904876709 2.645120859146118 2.096055507659912
    endloop
  endfacet
  facet normal 0.946167112598537 -0.31861003017860595 0.05705649574356058
    outer loop
      vertex 1.9469084739685059 2.7010738849639893 2.1168160438537598
      vertex 1.929318904876709 2.645120859146118 2.096055507659912
      vertex 1.9439865350723267 2.6907145977020264 2.1074230670928955
    endloop
  endfacet
  facet normal 0.9461670540192052 -0.3186102300150154 0.05705635125380314
    outer loop
      vertex 1.900826334953308 2.555276393890381 2.066845178604126
      vertex 1.930161714553833 2.6464641094207764 2.0895800590515137
      vertex 1.929318904876709 2.645120859146118 2.096055507659912
    endloop
  endfacet
  facet normal 0.9461677339123171 -0.31860817652071316 0.05705654351059703
    outer loop
      vertex 1.9888322353363037 2.8288397789001465 2.1350502967834473
      vertex 1.9679272174835205 2.7664101123809814 2.133105754852295
      vertex 1.9716717004776 2.7717909812927246 2.1010582447052
    endloop
  endfacet
  facet normal 0.9461674485353662 -0.3186088083132399 0.05705774791640957
    outer loop
      vertex 1.9716717004776 2.7717909812927246 2.1010582447052
      vertex 1.9905178546905518 2.831526279449463 2.1220996379852295
      vertex 1.9888322353363037 2.8288397789001465 2.1350502967834473
    endloop
  endfacet
  facet normal 0.9461667723991548 -0.31861091005451864 0.05705722392473552
    outer loop
      vertex 2.018167495727539 2.920027494430542 2.157785415649414
      vertex 2.019853115081787 2.9227139949798584 2.1448347568511963
      vertex 2.0508742332458496 3.0165884494781494 2.1546192169189453
    endloop
  endfacet
  facet normal 0.946167274042541 -0.3186094246419356 0.057057199898363845
    outer loop
      vertex 1.9888322353363037 2.8288397789001465 2.1350502967834473
      vertex 2.018167495727539 2.920027494430542 2.157785415649414
      vertex 2.0198538303375244 2.9278225898742676 2.173349380493164
    endloop
  endfacet
  facet normal 0.9461685201919617 -0.3186070183520504 0.057049971556255435
    outer loop
      vertex 1.9888322353363037 2.8288397789001465 2.1350502967834473
      vertex 2.0198538303375244 2.9278225898742676 2.173349380493164
      vertex 1.9938905239105225 2.847116231918335 2.1532275676727295
    endloop
  endfacet
  facet normal 0.9461673528794075 -0.3186093695332737 0.05705620028344533
    outer loop
      vertex 1.950331687927246 2.705993175506592 2.087517499923706
      vertex 1.948620080947876 2.70353364944458 2.1021668910980225
      vertex 1.9456721544265747 2.693401336669922 2.0944724082946777
    endloop
  endfacet
  facet normal 0.946168445263035 -0.3186067872784086 0.05705250466598289
    outer loop
      vertex 1.9469084739685059 2.7010738849639893 2.1168160438537598
      vertex 1.9439865350723267 2.6907145977020264 2.1074230670928955
      vertex 1.948620080947876 2.70353364944458 2.1021668910980225
    endloop
  endfacet
  facet normal 0.9461672979829235 -0.31860935982479993 0.05705716484127782
    outer loop
      vertex 2.018167495727539 2.920027494430542 2.157785415649414
      vertex 2.0458171367645264 3.008528709411621 2.1934711933135986
      vertex 2.0198538303375244 2.9278225898742676 2.173349380493164
    endloop
  endfacet
  facet normal 0.9461680733603494 -0.3186081239847154 0.057051207563950546
    outer loop
      vertex 1.9938905239105225 2.847116231918335 2.1532275676727295
      vertex 1.9679272174835205 2.7664101123809814 2.133105754852295
      vertex 1.9888322353363037 2.8288397789001465 2.1350502967834473
    endloop
  endfacet
  facet normal 0.9461666013940144 -0.3186107253310895 0.05706109103843935
    outer loop
      vertex 2.018167495727539 2.920027494430542 2.157785415649414
      vertex 2.0508742332458496 3.0165884494781494 2.1546192169189453
      vertex 2.0458171367645264 3.008528709411621 2.1934711933135986
    endloop
  endfacet
  facet normal 0.9461677458985128 -0.31860807229898874 0.057056926724538146
    outer loop
      vertex 1.9610016345977783 2.738892078399658 2.094287872314453
      vertex 1.950331687927246 2.705993175506592 2.087517499923706
      vertex 1.9473577737808228 2.6960878372192383 2.08152174949646
    endloop
  endfacet
  facet normal 0.12642729411156617 0.2014940084883917 -0.971296197792881
    outer loop
      vertex 1.9754680395126343 2.872323989868164 2.073694944381714
      vertex 1.961275577545166 2.877103090286255 2.0728390216827393
      vertex 1.9873145818710327 2.9580442905426025 2.093019485473633
    endloop
  endfacet
  facet normal 0.12642729411156617 0.2014940084883917 -0.971296197792881
    outer loop
      vertex 1.9754680395126343 2.872323989868164 2.073694944381714
      vertex 1.9873145818710327 2.9580442905426025 2.093019485473633
      vertex 2.001507043838501 2.9532651901245117 2.0938754081726074
    endloop
  endfacet
  facet normal 0.12642872733693827 0.2014932437025038 -0.9712961698916586
    outer loop
      vertex 1.6890393495559692 1.9819698333740234 1.851710319519043
      vertex 1.674846887588501 1.9867490530014038 1.8508543968200684
      vertex 1.7008858919143677 2.067690372467041 1.871034860610962
    endloop
  endfacet
  facet normal 0.12642262592933537 0.20149422027845817 -0.9712967614727784
    outer loop
      vertex 1.6890393495559692 1.9819698333740234 1.851710319519043
      vertex 1.7008858919143677 2.067690372467041 1.871034860610962
      vertex 1.715078353881836 2.062911033630371 1.871890664100647
    endloop
  endfacet
  facet normal 0.12641173623870378 0.20149924739391423 -0.9712971359171211
    outer loop
      vertex 1.989660620689392 2.8675448894500732 2.0745506286621094
      vertex 1.9754680395126343 2.872323989868164 2.073694944381714
      vertex 2.001507043838501 2.9532651901245117 2.0938754081726074
    endloop
  endfacet
  facet normal 0.12641173623870378 0.20149924739391423 -0.9712971359171211
    outer loop
      vertex 1.989660620689392 2.8675448894500732 2.0745506286621094
      vertex 2.001507043838501 2.9532651901245117 2.0938754081726074
      vertex 2.015699625015259 2.948486089706421 2.094731092453003
    endloop
  endfacet
  facet normal 0.12641864505626277 0.20149556078550962 -0.9712970015221254
    outer loop
      vertex 1.703231930732727 1.9771907329559326 1.852566123008728
      vertex 1.6890393495559692 1.9819698333740234 1.851710319519043
      vertex 1.715078353881836 2.062911033630371 1.871890664100647
    endloop
  endfacet
  facet normal 0.12642734549957688 0.20149416822783903 -0.9712961579663033
    outer loop
      vertex 1.703231930732727 1.9771907329559326 1.852566123008728
      vertex 1.715078353881836 2.062911033630371 1.871890664100647
      vertex 1.7292708158493042 2.0581319332122803 1.8727465867996216
    endloop
  endfacet
  facet normal 0.126427004155041 0.2014936874751724 -0.9712963021282635
    outer loop
      vertex 1.9873145818710327 2.9580442905426025 2.093019485473633
      vertex 1.962706446647644 2.9304471015930176 2.0840914249420166
      vertex 1.9991610050201416 3.04376482963562 2.1123440265655518
    endloop
  endfacet
  facet normal 0.12642172587223965 0.201495464870486 -0.9712966204327651
    outer loop
      vertex 1.961275577545166 2.877103090286255 2.0728390216827393
      vertex 1.889797329902649 2.7038114070892334 2.0275862216949463
      vertex 1.9262518882751465 2.817129135131836 2.0558388233184814
    endloop
  endfacet
  facet normal 0.12642334045494988 0.20149451808843896 -0.9712966066905204
    outer loop
      vertex 1.9262518882751465 2.817129135131836 2.0558388233184814
      vertex 1.962706446647644 2.9304471015930176 2.0840914249420166
      vertex 1.961275577545166 2.877103090286255 2.0728390216827393
    endloop
  endfacet
  facet normal 0.12642639210914583 0.20149120461802456 -0.9712968968548401
    outer loop
      vertex 1.9873145818710327 2.9580442905426025 2.093019485473633
      vertex 2.027545928955078 3.0342066287994385 2.114055633544922
      vertex 2.001507043838501 2.9532651901245117 2.0938754081726074
    endloop
  endfacet
  facet normal 0.12642464478972934 0.20149448196269057 -0.9712964444125067
    outer loop
      vertex 1.871312141418457 2.5485589504241943 1.9929732084274292
      vertex 1.8533427715301514 2.590493679046631 1.9993336200714111
      vertex 1.889797329902649 2.7038114070892334 2.0275862216949463
    endloop
  endfacet
  facet normal 0.12642703876750241 0.20149321475236812 -0.9712963956883791
    outer loop
      vertex 1.9754680395126343 2.872323989868164 2.073694944381714
      vertex 1.889797329902649 2.7038114070892334 2.0275862216949463
      vertex 1.961275577545166 2.877103090286255 2.0728390216827393
    endloop
  endfacet
  facet normal 0.1264245515034452 0.2014944951662532 -0.971296453815646
    outer loop
      vertex 1.9754680395126343 2.872323989868164 2.073694944381714
      vertex 1.871312141418457 2.5485589504241943 1.9929732084274292
      vertex 1.889797329902649 2.7038114070892334 2.0275862216949463
    endloop
  endfacet
  facet normal 0.12642622647081808 0.20149436800423745 -0.9712962621790132
    outer loop
      vertex 1.9873145818710327 2.9580442905426025 2.093019485473633
      vertex 1.961275577545166 2.877103090286255 2.0728390216827393
      vertex 1.962706446647644 2.9304471015930176 2.0840914249420166
    endloop
  endfacet
  facet normal 0.12641948324432967 0.20149489123899364 -0.9712970313250333
    outer loop
      vertex 2.027545928955078 3.0342066287994385 2.114055633544922
      vertex 1.9873145818710327 2.9580442905426025 2.093019485473633
      vertex 1.9991610050201416 3.04376482963562 2.1123440265655518
    endloop
  endfacet
  facet normal 0.12642223732706998 0.2014948895516893 -0.9712966732125519
    outer loop
      vertex 1.8192342519760132 2.38667631149292 1.9526124000549316
      vertex 1.7804336547851562 2.3638579845428467 1.9428285360336304
      vertex 1.8168882131576538 2.4771759510040283 1.9710811376571655
    endloop
  endfacet
  facet normal 0.12642465498982924 0.20149454175648507 -0.971296430680689
    outer loop
      vertex 1.7671562433242798 2.2247936725616455 1.912251591682434
      vertex 1.7008858919143677 2.067690372467041 1.871034860610962
      vertex 1.7075245380401611 2.1372225284576416 1.88632333278656
    endloop
  endfacet
  facet normal 0.12642251644682548 0.20149479556195435 -0.9712966563808908
    outer loop
      vertex 1.7008858919143677 2.067690372467041 1.871034860610962
      vertex 1.6710699796676636 2.02390456199646 1.858070731163025
      vertex 1.7075245380401611 2.1372225284576416 1.88632333278656
    endloop
  endfacet
  facet normal 0.1264219214311628 0.20149539901861493 -0.9712966086402145
    outer loop
      vertex 1.7439790964126587 2.250540256500244 1.9145759344100952
      vertex 1.7804336547851562 2.3638579845428467 1.9428285360336304
      vertex 1.8192342519760132 2.38667631149292 1.9526124000549316
    endloop
  endfacet
  facet normal 0.12642439067240246 0.20149402394125673 -0.9712965725045426
    outer loop
      vertex 1.7439790964126587 2.250540256500244 1.9145759344100952
      vertex 1.8192342519760132 2.38667631149292 1.9526124000549316
      vertex 1.7671562433242798 2.2247936725616455 1.912251591682434
    endloop
  endfacet
  facet normal 0.12642484034711413 0.20149441611118196 -0.9712964326194248
    outer loop
      vertex 1.7671562433242798 2.2247936725616455 1.912251591682434
      vertex 1.7075245380401611 2.1372225284576416 1.88632333278656
      vertex 1.7439790964126587 2.250540256500244 1.9145759344100952
    endloop
  endfacet
  facet normal 0.12642447232490353 0.20149408496556634 -0.9712965492172093
    outer loop
      vertex 1.8192342519760132 2.38667631149292 1.9526124000549316
      vertex 1.871312141418457 2.5485589504241943 1.9929732084274292
      vertex 1.8799192905426025 2.4775214195251465 1.9793568849563599
    endloop
  endfacet
  facet normal 0.1264235991837779 0.20149466618966588 -0.9712965422910425
    outer loop
      vertex 1.8192342519760132 2.38667631149292 1.9526124000549316
      vertex 1.8799192905426025 2.4775214195251465 1.9793568849563599
      vertex 1.8447169065475464 2.368096113204956 1.9520747661590576
    endloop
  endfacet
  facet normal 0.12642060184765502 0.20149584337063964 -0.9712966882126344
    outer loop
      vertex 1.634615421295166 1.9105868339538574 1.8298181295394897
      vertex 1.6710699796676636 2.02390456199646 1.858070731163025
      vertex 1.674846887588501 1.9867490530014038 1.8508543968200684
    endloop
  endfacet
  facet normal 0.12642093462617432 0.2014958678013802 -0.9712966398311144
    outer loop
      vertex 1.674846887588501 1.9867490530014038 1.8508543968200684
      vertex 1.6710699796676636 2.02390456199646 1.858070731163025
      vertex 1.7008858919143677 2.067690372467041 1.871034860610962
    endloop
  endfacet
  facet normal 0.12642517926831645 0.201493400815942 -0.9712965991264461
    outer loop
      vertex 1.6692614555358887 1.9204908609390259 1.836382269859314
      vertex 1.634615421295166 1.9105868339538574 1.8298181295394897
      vertex 1.674846887588501 1.9867490530014038 1.8508543968200684
    endloop
  endfacet
  facet normal 0.12642208267926738 0.20149488964647633 -0.971296693321557
    outer loop
      vertex 1.8192342519760132 2.38667631149292 1.9526124000549316
      vertex 1.8168882131576538 2.4771759510040283 1.9710811376571655
      vertex 1.871312141418457 2.5485589504241943 1.9929732084274292
    endloop
  endfacet
  facet normal 0.12642331941354298 0.20149395672027617 -0.9712967258843554
    outer loop
      vertex 1.871312141418457 2.5485589504241943 1.9929732084274292
      vertex 1.8168882131576538 2.4771759510040283 1.9710811376571655
      vertex 1.8533427715301514 2.590493679046631 1.9993336200714111
    endloop
  endfacet
  facet normal 0.12641971197294918 0.20149612481407705 -0.9712967456496425
    outer loop
      vertex 1.871312141418457 2.5485589504241943 1.9929732084274292
      vertex 1.9754680395126343 2.872323989868164 2.073694944381714
      vertex 1.9503239393234253 2.6963722705841064 2.033921003341675
    endloop
  endfacet
  facet normal 0.12642782805678393 0.20149372356903672 -0.9712961873986373
    outer loop
      vertex 2.015699625015259 2.948486089706421 2.094731092453003
      vertex 2.027545928955078 3.0342066287994385 2.114055633544922
      vertex 2.0559310913085938 3.0246481895446777 2.115767478942871
    endloop
  endfacet
  facet normal 0.12642519887081963 0.20149471403652391 -0.9712963241492336
    outer loop
      vertex 1.989660620689392 2.8675448894500732 2.0745506286621094
      vertex 2.015699625015259 2.948486089706421 2.094731092453003
      vertex 2.020728588104248 2.9152228832244873 2.0884852409362793
    endloop
  endfacet
  facet normal 0.12642582805375563 0.2014947907933197 -0.9712962263306074
    outer loop
      vertex 2.0559310913085938 3.0246481895446777 2.115767478942871
      vertex 2.020728588104248 2.9152228832244873 2.0884852409362793
      vertex 2.015699625015259 2.948486089706421 2.094731092453003
    endloop
  endfacet
  facet normal 0.12642986127376662 0.20149168235945342 -0.9712963461880484
    outer loop
      vertex 1.9855263233184814 2.805797576904297 2.0612032413482666
      vertex 1.989660620689392 2.8675448894500732 2.0745506286621094
      vertex 2.020728588104248 2.9152228832244873 2.0884852409362793
    endloop
  endfacet
  facet normal 0.1264111833252375 0.20149752867262244 -0.9712975644307665
    outer loop
      vertex 1.989660620689392 2.8675448894500732 2.0745506286621094
      vertex 1.9503239393234253 2.6963722705841064 2.033921003341675
      vertex 1.9754680395126343 2.872323989868164 2.073694944381714
    endloop
  endfacet
  facet normal 0.12643751708100573 0.20149098559123685 -0.9712954941725316
    outer loop
      vertex 1.989660620689392 2.8675448894500732 2.0745506286621094
      vertex 1.9855263233184814 2.805797576904297 2.0612032413482666
      vertex 1.9503239393234253 2.6963722705841064 2.033921003341675
    endloop
  endfacet
  facet normal 0.12642416896187963 0.20149405689385608 -0.9712965945264884
    outer loop
      vertex 1.9151216745376587 2.586946964263916 2.006639003753662
      vertex 1.8799192905426025 2.4775214195251465 1.9793568849563599
      vertex 1.871312141418457 2.5485589504241943 1.9929732084274292
    endloop
  endfacet
  facet normal 0.1264247640541529 0.20149339878404826 -0.9712966535926624
    outer loop
      vertex 1.9503239393234253 2.6963722705841064 2.033921003341675
      vertex 1.9151216745376587 2.586946964263916 2.006639003753662
      vertex 1.871312141418457 2.5485589504241943 1.9929732084274292
    endloop
  endfacet
  facet normal 0.12642158166510536 0.20149534556318233 -0.9712966639527117
    outer loop
      vertex 1.8447169065475464 2.368096113204956 1.9520747661590576
      vertex 1.8095145225524902 2.2586708068847656 1.9247926473617554
      vertex 1.7671562433242798 2.2247936725616455 1.912251591682434
    endloop
  endfacet
  facet normal 0.12642337768791315 0.20149436505099305 -0.9712966335917552
    outer loop
      vertex 1.8447169065475464 2.368096113204956 1.9520747661590576
      vertex 1.7671562433242798 2.2247936725616455 1.912251591682434
      vertex 1.8192342519760132 2.38667631149292 1.9526124000549316
    endloop
  endfacet
  facet normal 0.1264229645360286 0.2014952727746376 -0.9712964990606093
    outer loop
      vertex 1.7008858919143677 2.067690372467041 1.871034860610962
      vertex 1.7671562433242798 2.2247936725616455 1.912251591682434
      vertex 1.715078353881836 2.062911033630371 1.871890664100647
    endloop
  endfacet
  facet normal 0.1264272379058009 0.20149383377297814 -0.9712962413532638
    outer loop
      vertex 1.7292708158493042 2.0581319332122803 1.8727465867996216
      vertex 1.715078353881836 2.062911033630371 1.871890664100647
      vertex 1.7671562433242798 2.2247936725616455 1.912251591682434
    endloop
  endfacet
  facet normal 0.1264188878337381 0.20149631545968102 -0.9712968133660551
    outer loop
      vertex 1.703231930732727 1.9771907329559326 1.852566123008728
      vertex 1.6692614555358887 1.9204908609390259 1.836382269859314
      vertex 1.6890393495559692 1.9819698333740234 1.851710319519043
    endloop
  endfacet
  facet normal 0.12642865721917532 0.2014930257473566 -0.9712962242328194
    outer loop
      vertex 1.674846887588501 1.9867490530014038 1.8508543968200684
      vertex 1.6890393495559692 1.9819698333740234 1.851710319519043
      vertex 1.6692614555358887 1.9204908609390259 1.836382269859314
    endloop
  endfacet
  facet normal 0.1264205849533631 0.2014954708775542 -0.971296767685285
    outer loop
      vertex 1.7292708158493042 2.0581319332122803 1.8727465867996216
      vertex 1.7671562433242798 2.2247936725616455 1.912251591682434
      vertex 1.7743122577667236 2.149245500564575 1.8975105285644531
    endloop
  endfacet
  facet normal 0.12641930806933957 0.20149611116604302 -0.9712968010511674
    outer loop
      vertex 1.7743122577667236 2.149245500564575 1.8975105285644531
      vertex 1.7391098737716675 2.0398201942443848 1.8702284097671509
      vertex 1.7292708158493042 2.0581319332122803 1.8727465867996216
    endloop
  endfacet
  facet normal 0.12642428090803173 0.20149422791227625 -0.97129654447801
    outer loop
      vertex 1.7391098737716675 2.0398201942443848 1.8702284097671509
      vertex 1.7039074897766113 1.9303947687149048 1.8429462909698486
      vertex 1.703231930732727 1.9771907329559326 1.852566123008728
    endloop
  endfacet
  facet normal 0.12642021518684532 0.20149656926345427 -0.9712965879519858
    outer loop
      vertex 1.7391098737716675 2.0398201942443848 1.8702284097671509
      vertex 1.703231930732727 1.9771907329559326 1.852566123008728
      vertex 1.7292708158493042 2.0581319332122803 1.8727465867996216
    endloop
  endfacet
  facet normal 0.1264223244876362 0.20149425103055307 -0.9712967943284789
    outer loop
      vertex 1.6692614555358887 1.9204908609390259 1.836382269859314
      vertex 1.703231930732727 1.9771907329559326 1.852566123008728
      vertex 1.7039074897766113 1.9303947687149048 1.8429462909698486
    endloop
  endfacet
  facet normal 0.12642143100460382 0.2014955272481325 -0.9712966458717671
    outer loop
      vertex 1.8095145225524902 2.2586708068847656 1.9247926473617554
      vertex 1.7743122577667236 2.149245500564575 1.8975105285644531
      vertex 1.7671562433242798 2.2247936725616455 1.912251591682434
    endloop
  endfacet
  facet normal 0.12641083422120772 0.201496443489537 -0.9712978349880979
    outer loop
      vertex 2.015699625015259 2.948486089706421 2.094731092453003
      vertex 2.001507043838501 2.9532651901245117 2.0938754081726074
      vertex 2.027545928955078 3.0342066287994385 2.114055633544922
    endloop
  endfacet
  facet normal -0.12642275898351957 -0.2014948504518252 0.9712966134257812
    outer loop
      vertex 1.9890471696853638 3.0276451110839844 2.1900477409362793
      vertex 1.9667471647262573 2.9583261013031006 2.172765016555786
      vertex 2.0198538303375244 2.9278225898742676 2.173349380493164
    endloop
  endfacet
  facet normal -0.12642330262769103 -0.2014950011614439 0.9712965114009506
    outer loop
      vertex 1.9890471696853638 3.0276451110839844 2.1900477409362793
      vertex 2.0198538303375244 2.9278225898742676 2.173349380493164
      vertex 2.0458171367645264 3.008528709411621 2.1934711933135986
    endloop
  endfacet
  facet normal -0.1264231007810814 -0.20149544875198008 0.9712964448205988
    outer loop
      vertex 2.0198538303375244 2.9278225898742676 2.173349380493164
      vertex 1.9667471647262573 2.9583261013031006 2.172765016555786
      vertex 1.9450371265411377 2.7930490970611572 2.135652542114258
    endloop
  endfacet
  facet normal -0.1264180811261326 -0.201496218939717 0.9712969383856742
    outer loop
      vertex 1.9450371265411377 2.7930490970611572 2.135652542114258
      vertex 1.9444470405578613 2.889007091522217 2.155482292175293
      vertex 1.9221469163894653 2.819688081741333 2.1381995677948
    endloop
  endfacet
  facet normal -0.12642632316993246 -0.201493984032453 0.9712963292468789
    outer loop
      vertex 1.9679272174835205 2.7664101123809814 2.133105754852295
      vertex 1.9938905239105225 2.847116231918335 2.1532275676727295
      vertex 1.9450371265411377 2.7930490970611572 2.135652542114258
    endloop
  endfacet
  facet normal -0.1264273533516713 -0.20149307116180065 0.9712963845285727
    outer loop
      vertex 1.9450371265411377 2.7930490970611572 2.135652542114258
      vertex 1.9938905239105225 2.847116231918335 2.1532275676727295
      vertex 2.0198538303375244 2.9278225898742676 2.173349380493164
    endloop
  endfacet
  facet normal -0.1264180811261326 -0.201496218939717 0.9712969383856742
    outer loop
      vertex 1.9444470405578613 2.889007091522217 2.155482292175293
      vertex 1.9450371265411377 2.7930490970611572 2.135652542114258
      vertex 1.9667471647262573 2.9583261013031006 2.172765016555786
    endloop
  endfacet
  facet normal 0.28761959873181175 -0.9545783462363596 -0.07781482713473346
    outer loop
      vertex 1.6692614555358887 1.9204908609390259 1.836382269859314
      vertex 1.7000243663787842 1.9259835481643677 1.8827078342437744
      vertex 1.6614950895309448 1.911668300628662 1.915905237197876
    endloop
  endfacet
  facet normal 0.28761881502499875 -0.9545785027232558 -0.07781580419325411
    outer loop
      vertex 1.6614950895309448 1.911668300628662 1.915905237197876
      vertex 1.7000243663787842 1.9259835481643677 1.8827078342437744
      vertex 1.6961411237716675 1.921572208404541 1.9224693775177002
    endloop
  endfacet
  facet normal 0.28762166659783905 -0.9545776040615994 -0.07781628831740782
    outer loop
      vertex 1.6307321786880493 1.9061756134033203 1.8695796728134155
      vertex 1.6614950895309448 1.911668300628662 1.915905237197876
      vertex 1.6268490552902222 1.9017642736434937 1.9093412160873413
    endloop
  endfacet
  facet normal 0.2876213546719772 -0.9545779956126195 -0.07781263797642804
    outer loop
      vertex 1.6692614555358887 1.9204908609390259 1.836382269859314
      vertex 1.6307321786880493 1.9061756134033203 1.8695796728134155
      vertex 1.634615421295166 1.9105868339538574 1.8298181295394897
    endloop
  endfacet
  facet normal 0.2876182760613475 -0.9545788209502124 -0.07781389251798661
    outer loop
      vertex 1.6692614555358887 1.9204908609390259 1.836382269859314
      vertex 1.7039074897766113 1.9303947687149048 1.8429462909698486
      vertex 1.7000243663787842 1.9259835481643677 1.8827078342437744
    endloop
  endfacet
  facet normal 0.28761959873181175 -0.9545783462363596 -0.07781482713473346
    outer loop
      vertex 1.6307321786880493 1.9061756134033203 1.8695796728134155
      vertex 1.6692614555358887 1.9204908609390259 1.836382269859314
      vertex 1.6614950895309448 1.911668300628662 1.915905237197876
    endloop
  endfacet
  facet normal -0.12366032210435333 -0.19291396168167982 0.9733921759112958
    outer loop
      vertex 1.7688632011413574 2.3395395278930664 1.998902678489685
      vertex 1.7588289976119995 2.30840802192688 1.9914580583572388
      vertex 1.7807306051254272 2.3112757205963135 1.9948087930679321
    endloop
  endfacet
  facet normal -0.1236576303492221 -0.19291532018105104 0.9733922486314844
    outer loop
      vertex 1.834567666053772 2.348142385482788 2.0089547634124756
      vertex 1.8026320934295654 2.314143419265747 1.9981595277786255
      vertex 1.8245335817337036 2.3170108795166016 2.0015101432800293
    endloop
  endfacet
  facet normal -0.12366094396170851 -0.19291420437713172 0.9733920488107747
    outer loop
      vertex 1.8026320934295654 2.314143419265747 1.9981595277786255
      vertex 1.7688632011413574 2.3395395278930664 1.998902678489685
      vertex 1.7807306051254272 2.3112757205963135 1.9948087930679321
    endloop
  endfacet
  facet normal -0.12366019244232541 -0.19291756401168222 0.9733914784406762
    outer loop
      vertex 1.8117496967315674 2.3749725818634033 2.011373519897461
      vertex 1.7788974046707153 2.370671033859253 2.006347417831421
      vertex 1.7688632011413574 2.3395395278930664 1.998902678489685
    endloop
  endfacet
  facet normal -0.12366151344293934 -0.19292067784111702 0.9733906934804368
    outer loop
      vertex 1.8446018695831299 2.3792738914489746 2.016399621963501
      vertex 1.8117496967315674 2.3749725818634033 2.011373519897461
      vertex 1.834567666053772 2.348142385482788 2.0089547634124756
    endloop
  endfacet
  facet normal -0.12365917869911405 -0.19291875336278158 0.9733913715070679
    outer loop
      vertex 1.7688632011413574 2.3395395278930664 1.998902678489685
      vertex 1.834567666053772 2.348142385482788 2.0089547634124756
      vertex 1.8117496967315674 2.3749725818634033 2.011373519897461
    endloop
  endfacet
  facet normal -0.12366007869015284 -0.19291306366833424 0.9733923848091489
    outer loop
      vertex 1.8026320934295654 2.314143419265747 1.9981595277786255
      vertex 1.834567666053772 2.348142385482788 2.0089547634124756
      vertex 1.7688632011413574 2.3395395278930664 1.998902678489685
    endloop
  endfacet
  facet normal 0.15387728208649906 -0.9727836533942574 -0.17324475676508375
    outer loop
      vertex 1.8117496967315674 2.3749725818634033 2.011373519897461
      vertex 1.7764880657196045 2.366912364959717 2.025312662124634
      vertex 1.7788974046707153 2.370671033859253 2.006347417831421
    endloop
  endfacet
  facet normal 0.15387640054230348 -0.9727834197476626 -0.1732468516891068
    outer loop
      vertex 1.8093231916427612 2.371187210083008 2.030473232269287
      vertex 1.7764880657196045 2.366912364959717 2.025312662124634
      vertex 1.8117496967315674 2.3749725818634033 2.011373519897461
    endloop
  endfacet
  facet normal 0.1538712782761749 -0.9727840904142726 -0.17324763536202267
    outer loop
      vertex 1.8117496967315674 2.3749725818634033 2.011373519897461
      vertex 1.8446018695831299 2.3792738914489746 2.016399621963501
      vertex 1.8093231916427612 2.371187210083008 2.030473232269287
    endloop
  endfacet
  facet normal 0.15387485086171057 -0.9727850245998935 -0.173239216652786
    outer loop
      vertex 1.8421584367752075 2.375462055206299 2.0356338024139404
      vertex 1.8093231916427612 2.371187210083008 2.030473232269287
      vertex 1.8446018695831299 2.3792738914489746 2.016399621963501
    endloop
  endfacet
  facet normal -0.15387383485835096 0.9727848915767076 0.1732408660393914
    outer loop
      vertex 1.8245335817337036 2.3170108795166016 2.0015101432800293
      vertex 1.8057491779327393 2.3111813068389893 2.0175600051879883
      vertex 1.8221668004989624 2.3133187294006348 2.0201401710510254
    endloop
  endfacet
  facet normal -0.1538667941695534 0.9727845592140378 0.1732489855864516
    outer loop
      vertex 1.8057491779327393 2.3111813068389893 2.0175600051879883
      vertex 1.8245335817337036 2.3170108795166016 2.0015101432800293
      vertex 1.8026320934295654 2.314143419265747 1.9981595277786255
    endloop
  endfacet
  facet normal -0.15387755361122024 0.9727826026390088 0.17325041557670853
    outer loop
      vertex 1.8026320934295654 2.314143419265747 1.9981595277786255
      vertex 1.7893315553665161 2.3090438842773438 2.014979600906372
      vertex 1.8057491779327393 2.3111813068389893 2.0175600051879883
    endloop
  endfacet
  facet normal -0.15387599846127123 0.9727830992427254 0.1732490084394848
    outer loop
      vertex 1.7807306051254272 2.3112757205963135 1.9948087930679321
      vertex 1.7729140520095825 2.3069064617156982 2.012399435043335
      vertex 1.7893315553665161 2.3090438842773438 2.014979600906372
    endloop
  endfacet
  facet normal -0.15387720423875453 0.972783007971538 0.1732484499714537
    outer loop
      vertex 1.7807306051254272 2.3112757205963135 1.9948087930679321
      vertex 1.7588289976119995 2.30840802192688 1.9914580583572388
      vertex 1.7729140520095825 2.3069064617156982 2.012399435043335
    endloop
  endfacet
  facet normal -0.15387730412305528 0.9727829805569133 0.17324851518737144
    outer loop
      vertex 1.7564964294433594 2.3047690391540527 2.0098190307617188
      vertex 1.7729140520095825 2.3069064617156982 2.012399435043335
      vertex 1.7588289976119995 2.30840802192688 1.9914580583572388
    endloop
  endfacet
  facet normal -0.1538782083195573 0.9727825918605522 0.17324989459572304
    outer loop
      vertex 1.8026320934295654 2.314143419265747 1.9981595277786255
      vertex 1.7807306051254272 2.3112757205963135 1.9948087930679321
      vertex 1.7893315553665161 2.3090438842773438 2.014979600906372
    endloop
  endfacet
  facet normal -0.12642761446891046 -0.20149500431814257 0.97129594951
    outer loop
      vertex 1.7733373641967773 2.210430145263672 1.9924404621124268
      vertex 1.7906557321548462 2.264263868331909 2.0058624744415283
      vertex 1.776463270187378 2.26904296875 2.0050065517425537
    endloop
  endfacet
  facet normal -0.1264186893552999 -0.20149569848912813 0.971296967189781
    outer loop
      vertex 1.7733373641967773 2.210430145263672 1.9924404621124268
      vertex 1.776463270187378 2.26904296875 2.0050065517425537
      vertex 1.7591447830200195 2.2152092456817627 1.9915846586227417
    endloop
  endfacet
  facet normal -0.12642997384206564 -0.20149189856771804 0.9712962866838681
    outer loop
      vertex 1.7591447830200195 2.2152092456817627 1.9915846586227417
      vertex 1.776463270187378 2.26904296875 2.0050065517425537
      vertex 1.7622708082199097 2.27382230758667 2.004150629043579
    endloop
  endfacet
  facet normal -0.12642669733592146 -0.2014921534138537 0.9712966603017739
    outer loop
      vertex 1.7591447830200195 2.2152092456817627 1.9915846586227417
      vertex 1.7622708082199097 2.27382230758667 2.004150629043579
      vertex 1.7449523210525513 2.2199883460998535 1.990728735923767
    endloop
  endfacet
  facet normal -0.12642790693465622 -0.20149893378834277 0.971295096265951
    outer loop
      vertex 1.7622708082199097 2.27382230758667 2.004150629043579
      vertex 1.7729140520095825 2.3069064617156982 2.012399435043335
      vertex 1.7564964294433594 2.3047690391540527 2.0098190307617188
    endloop
  endfacet
  facet normal -0.1264133430612324 -0.20149665027885635 0.9712974655698858
    outer loop
      vertex 1.7564964294433594 2.3047690391540527 2.0098190307617188
      vertex 1.7449523210525513 2.2199883460998535 1.990728735923767
      vertex 1.7622708082199097 2.27382230758667 2.004150629043579
    endloop
  endfacet
  facet normal -0.1264206040229229 -0.20149550241795144 0.9712967586602029
    outer loop
      vertex 1.7449523210525513 2.2199883460998535 1.990728735923767
      vertex 1.7564964294433594 2.3047690391540527 2.0098190307617188
      vertex 1.7132806777954102 2.1704342365264893 1.9763264656066895
    endloop
  endfacet
  facet normal -0.1264318139216052 -0.20149761815419032 0.9712948606405167
    outer loop
      vertex 1.776463270187378 2.26904296875 2.0050065517425537
      vertex 1.7729140520095825 2.3069064617156982 2.012399435043335
      vertex 1.7622708082199097 2.27382230758667 2.004150629043579
    endloop
  endfacet
  facet normal -0.1264142985239747 -0.20149759170180676 0.9712971459172849
    outer loop
      vertex 1.7906557321548462 2.264263868331909 2.0058624744415283
      vertex 1.8221668004989624 2.3133187294006348 2.0201401710510254
      vertex 1.8057491779327393 2.3111813068389893 2.0175600051879883
    endloop
  endfacet
  facet normal -0.12642686252227886 -0.20149266689486198 0.971296532280626
    outer loop
      vertex 1.7906557321548462 2.264263868331909 2.0058624744415283
      vertex 1.7893315553665161 2.3090438842773438 2.014979600906372
      vertex 1.776463270187378 2.26904296875 2.0050065517425537
    endloop
  endfacet
  facet normal -0.12641536611101817 -0.20149653813029025 0.9712972255352765
    outer loop
      vertex 1.7729140520095825 2.3069064617156982 2.012399435043335
      vertex 1.776463270187378 2.26904296875 2.0050065517425537
      vertex 1.7893315553665161 2.3090438842773438 2.014979600906372
    endloop
  endfacet
  facet normal -0.12642890574822227 -0.20149267291249026 0.9712962650776988
    outer loop
      vertex 1.8057491779327393 2.3111813068389893 2.0175600051879883
      vertex 1.7893315553665161 2.3090438842773438 2.014979600906372
      vertex 1.7906557321548462 2.264263868331909 2.0058624744415283
    endloop
  endfacet
  facet normal -0.12641559617490034 -0.20149675924508348 0.971297149721687
    outer loop
      vertex 1.7801581621170044 2.18273663520813 1.9875832796096802
      vertex 1.8221668004989624 2.3133187294006348 2.0201401710510254
      vertex 1.7906557321548462 2.264263868331909 2.0058624744415283
    endloop
  endfacet
  facet normal -0.12642793159189145 -0.20149489753100613 0.9712959303849499
    outer loop
      vertex 1.7801581621170044 2.18273663520813 1.9875832796096802
      vertex 1.7906557321548462 2.264263868331909 2.0058624744415283
      vertex 1.7733373641967773 2.210430145263672 1.9924404621124268
    endloop
  endfacet
  facet normal -0.12642320265367418 -0.20149504818316555 0.9712965146588614
    outer loop
      vertex 1.7132806777954102 2.1704342365264893 1.9763264656066895
      vertex 1.738149642944336 2.052154302597046 1.9550262689590454
      vertex 1.7591447830200195 2.2152092456817627 1.9915846586227417
    endloop
  endfacet
  facet normal -0.126426552851831 -0.2014917042857922 0.9712967722781796
    outer loop
      vertex 1.7449523210525513 2.2199883460998535 1.990728735923767
      vertex 1.7132806777954102 2.1704342365264893 1.9763264656066895
      vertex 1.7591447830200195 2.2152092456817627 1.9915846586227417
    endloop
  endfacet
  facet normal -0.1264231098295931 -0.20149503146666659 0.9712965302085979
    outer loop
      vertex 1.6700648069381714 2.0360991954803467 1.9428337812423706
      vertex 1.738149642944336 2.052154302597046 1.9550262689590454
      vertex 1.7132806777954102 2.1704342365264893 1.9763264656066895
    endloop
  endfacet
  facet normal -0.12642138854609178 -0.20149506822643048 0.9712967466220115
    outer loop
      vertex 1.6268490552902222 1.9017642736434937 1.9093412160873413
      vertex 1.6614950895309448 1.911668300628662 1.915905237197876
      vertex 1.6700648069381714 2.0360991954803467 1.9428337812423706
    endloop
  endfacet
  facet normal -0.12642487372029773 -0.20149423818876064 0.9712964651853407
    outer loop
      vertex 1.738149642944336 2.052154302597046 1.9550262689590454
      vertex 1.7801581621170044 2.18273663520813 1.9875832796096802
      vertex 1.7733373641967773 2.210430145263672 1.9924404621124268
    endloop
  endfacet
  facet normal -0.12642585113473417 -0.2014934157584102 0.9712965085754538
    outer loop
      vertex 1.6961411237716675 1.921572208404541 1.9224693775177002
      vertex 1.738149642944336 2.052154302597046 1.9550262689590454
      vertex 1.6614950895309448 1.911668300628662 1.915905237197876
    endloop
  endfacet
  facet normal -0.12641869882253173 -0.20149572791803194 0.9712969598525473
    outer loop
      vertex 1.7591447830200195 2.2152092456817627 1.9915846586227417
      vertex 1.738149642944336 2.052154302597046 1.9550262689590454
      vertex 1.7733373641967773 2.210430145263672 1.9924404621124268
    endloop
  endfacet
  facet normal -0.12642314349851624 -0.2014949052441155 0.971296552011083
    outer loop
      vertex 1.738149642944336 2.052154302597046 1.9550262689590454
      vertex 1.6700648069381714 2.0360991954803467 1.9428337812423706
      vertex 1.6614950895309448 1.911668300628662 1.915905237197876
    endloop
  endfacet
  facet normal -0.11447172598754182 -0.16449717548280826 0.9797126635945925
    outer loop
      vertex 1.9610016345977783 2.738892078399658 2.094287872314453
      vertex 1.9153892993927002 2.7924113273620605 2.097944498062134
      vertex 1.9199234247207642 2.7416727542877197 2.0899550914764404
    endloop
  endfacet
  facet normal -0.11445983629339138 -0.1644963534606957 0.9797141907586232
    outer loop
      vertex 1.9153892993927002 2.7924113273620605 2.097944498062134
      vertex 1.904719352722168 2.759512424468994 2.0911741256713867
      vertex 1.9199234247207642 2.7416727542877197 2.0899550914764404
    endloop
  endfacet
  facet normal -0.11447094773481571 -0.16449221092608493 0.9797135880803847
    outer loop
      vertex 1.948865532875061 2.798550605773926 2.10288667678833
      vertex 1.926059365272522 2.825310230255127 2.104714870452881
      vertex 1.9153892993927002 2.7924113273620605 2.097944498062134
    endloop
  endfacet
  facet normal -0.11446358082344973 -0.16449469164593142 0.9797140322999276
    outer loop
      vertex 1.9610016345977783 2.738892078399658 2.094287872314453
      vertex 1.9716717004776 2.7717909812927246 2.1010582447052
      vertex 1.948865532875061 2.798550605773926 2.10288667678833
    endloop
  endfacet
  facet normal -0.11447088673288494 -0.16449263240029766 0.9797135244430423
    outer loop
      vertex 1.950331687927246 2.705993175506592 2.087517499923706
      vertex 1.9610016345977783 2.738892078399658 2.094287872314453
      vertex 1.93512761592865 2.723832845687866 2.0887362957000732
    endloop
  endfacet
  facet normal -0.11447145513023678 -0.1644916896760382 0.9797136163123836
    outer loop
      vertex 1.9610016345977783 2.738892078399658 2.094287872314453
      vertex 1.9199234247207642 2.7416727542877197 2.0899550914764404
      vertex 1.93512761592865 2.723832845687866 2.0887362957000732
    endloop
  endfacet
  facet normal -0.11447019351886133 -0.16449589632829745 0.9797130574239095
    outer loop
      vertex 1.948865532875061 2.798550605773926 2.10288667678833
      vertex 1.9153892993927002 2.7924113273620605 2.097944498062134
      vertex 1.9610016345977783 2.738892078399658 2.094287872314453
    endloop
  endfacet
  facet normal -0.753185136014087 -0.6286858662845649 -0.19356196016125524
    outer loop
      vertex 1.9221469163894653 2.819688081741333 2.1381995677948
      vertex 1.926059365272522 2.825310230255127 2.104714870452881
      vertex 1.948865532875061 2.798550605773926 2.10288667678833
    endloop
  endfacet
  facet normal -0.753185049848236 -0.6286860174438371 -0.19356180448558968
    outer loop
      vertex 1.9450371265411377 2.7930490970611572 2.135652542114258
      vertex 1.9221469163894653 2.819688081741333 2.1381995677948
      vertex 1.948865532875061 2.798550605773926 2.10288667678833
    endloop
  endfacet
  facet normal -0.7531860042751806 -0.6286848975671301 -0.19356172797067772
    outer loop
      vertex 1.948865532875061 2.798550605773926 2.10288667678833
      vertex 1.9716717004776 2.7717909812927246 2.1010582447052
      vertex 1.9450371265411377 2.7930490970611572 2.135652542114258
    endloop
  endfacet
  facet normal -0.7531858781627044 -0.6286851207783779 -0.1935614937123397
    outer loop
      vertex 1.9679272174835205 2.7664101123809814 2.133105754852295
      vertex 1.9450371265411377 2.7930490970611572 2.135652542114258
      vertex 1.9716717004776 2.7717909812927246 2.1010582447052
    endloop
  endfacet
  facet normal 0.7531821443875127 0.6286882298532604 0.1935659242217021
    outer loop
      vertex 1.948620080947876 2.70353364944458 2.1021668910980225
      vertex 1.935463309288025 2.714393377304077 2.118089437484741
      vertex 1.9469084739685059 2.7010738849639893 2.1168160438537598
    endloop
  endfacet
  facet normal 0.7531856446156829 0.6286880404538107 0.19355291921127366
    outer loop
      vertex 1.93512761592865 2.723832845687866 2.0887362957000732
      vertex 1.948620080947876 2.70353364944458 2.1021668910980225
      vertex 1.950331687927246 2.705993175506592 2.087517499923706
    endloop
  endfacet
  facet normal 0.7531805749562411 0.6286911152257554 0.19356265947951298
    outer loop
      vertex 1.935463309288025 2.714393377304077 2.118089437484741
      vertex 1.948620080947876 2.70353364944458 2.1021668910980225
      vertex 1.93512761592865 2.723832845687866 2.0887362957000732
    endloop
  endfacet
  facet normal 0.7531859583815168 0.6286852640344796 0.1935607162696314
    outer loop
      vertex 1.93512761592865 2.723832845687866 2.0887362957000732
      vertex 1.9240182638168335 2.727712869644165 2.1193628311157227
      vertex 1.935463309288025 2.714393377304077 2.118089437484741
    endloop
  endfacet
  facet normal 0.7531854303920649 0.628684321150362 0.193565833206246
    outer loop
      vertex 1.902923822402954 2.756932258605957 2.106541872024536
      vertex 1.9011281728744507 2.754351854324341 2.1219098567962646
      vertex 1.912573218345642 2.741032361984253 2.120636463165283
    endloop
  endfacet
  facet normal 0.7531877070827174 0.6286833617726763 0.19356009022958423
    outer loop
      vertex 1.9199234247207642 2.7416727542877197 2.0899550914764404
      vertex 1.912573218345642 2.741032361984253 2.120636463165283
      vertex 1.9240182638168335 2.727712869644165 2.1193628311157227
    endloop
  endfacet
  facet normal 0.7531868093680438 0.6286863897149929 0.1935537485586731
    outer loop
      vertex 1.904719352722168 2.759512424468994 2.0911741256713867
      vertex 1.902923822402954 2.756932258605957 2.106541872024536
      vertex 1.9199234247207642 2.7416727542877197 2.0899550914764404
    endloop
  endfacet
  facet normal 0.7531890422507864 0.6286816745476661 0.19356037487379862
    outer loop
      vertex 1.912573218345642 2.741032361984253 2.120636463165283
      vertex 1.9199234247207642 2.7416727542877197 2.0899550914764404
      vertex 1.902923822402954 2.756932258605957 2.106541872024536
    endloop
  endfacet
  facet normal 0.7531863521936845 0.6286847273184533 0.19356092711519352
    outer loop
      vertex 1.93512761592865 2.723832845687866 2.0887362957000732
      vertex 1.9199234247207642 2.7416727542877197 2.0899550914764404
      vertex 1.9240182638168335 2.727712869644165 2.1193628311157227
    endloop
  endfacet
  facet normal -0.12642684868327012 -0.20149262387636668 0.9712965430060145
    outer loop
      vertex 1.887966513633728 2.615647077560425 2.0914225578308105
      vertex 1.9087398052215576 2.680220365524292 2.1075220108032227
      vertex 1.8945473432540894 2.684999465942383 2.106666088104248
    endloop
  endfacet
  facet normal -0.12642583361272655 -0.20149274377003917 0.9712966502584822
    outer loop
      vertex 1.887966513633728 2.615647077560425 2.0914225578308105
      vertex 1.8945473432540894 2.684999465942383 2.106666088104248
      vertex 1.8737739324569702 2.6204261779785156 2.090566635131836
    endloop
  endfacet
  facet normal -0.12642682334102703 -0.20149582036247157 0.971295883197469
    outer loop
      vertex 1.9021589756011963 2.610867977142334 2.092278242111206
      vertex 1.9229323863983154 2.675441265106201 2.1083779335021973
      vertex 1.9087398052215576 2.680220365524292 2.1075220108032227
    endloop
  endfacet
  facet normal -0.12641224135164342 -0.20149754267632333 0.9712974238264288
    outer loop
      vertex 1.9021589756011963 2.610867977142334 2.092278242111206
      vertex 1.9087398052215576 2.680220365524292 2.1075220108032227
      vertex 1.887966513633728 2.615647077560425 2.0914225578308105
    endloop
  endfacet
  facet normal -0.12642906914273813 -0.20149236160902878 0.9712963083883914
    outer loop
      vertex 1.8256464004516602 2.4219274520874023 2.043123960494995
      vertex 1.8464198112487793 2.4865005016326904 2.0592234134674072
      vertex 1.8322272300720215 2.4912798404693604 2.0583674907684326
    endloop
  endfacet
  facet normal -0.12642684868327012 -0.20149262387636668 0.9712965430060145
    outer loop
      vertex 1.8256464004516602 2.4219274520874023 2.043123960494995
      vertex 1.8322272300720215 2.4912798404693604 2.0583674907684326
      vertex 1.811453938484192 2.426706552505493 2.0422680377960205
    endloop
  endfacet
  facet normal -0.12642684868327012 -0.20149262387636668 0.9712965430060145
    outer loop
      vertex 1.839838981628418 2.4171481132507324 2.0439798831939697
      vertex 1.8606122732162476 2.4817214012145996 2.060079336166382
      vertex 1.8464198112487793 2.4865005016326904 2.0592234134674072
    endloop
  endfacet
  facet normal -0.12642906914273813 -0.20149236160902878 0.9712963083883914
    outer loop
      vertex 1.839838981628418 2.4171481132507324 2.0439798831939697
      vertex 1.8464198112487793 2.4865005016326904 2.0592234134674072
      vertex 1.8256464004516602 2.4219274520874023 2.043123960494995
    endloop
  endfacet
  facet normal -0.12641371427399697 -0.20150056219792334 0.9712966057170039
    outer loop
      vertex 1.9240182638168335 2.727712869644165 2.1193628311157227
      vertex 1.912573218345642 2.741032361984253 2.120636463165283
      vertex 1.8945473432540894 2.684999465942383 2.106666088104248
    endloop
  endfacet
  facet normal -0.12642832154972938 -0.2014956434027644 0.971295724895268
    outer loop
      vertex 1.9011281728744507 2.754351854324341 2.1219098567962646
      vertex 1.8945473432540894 2.684999465942383 2.106666088104248
      vertex 1.912573218345642 2.741032361984253 2.120636463165283
    endloop
  endfacet
  facet normal -0.12642678426970902 -0.20149242364711253 0.9712965929272237
    outer loop
      vertex 1.8737739324569702 2.6204261779785156 2.090566635131836
      vertex 1.8945473432540894 2.684999465942383 2.106666088104248
      vertex 1.8699681758880615 2.65749192237854 2.0977604389190674
    endloop
  endfacet
  facet normal -0.12642230105841112 -0.20149635450519898 0.9712963610125447
    outer loop
      vertex 1.9011281728744507 2.754351854324341 2.1219098567962646
      vertex 1.8699681758880615 2.65749192237854 2.0977604389190674
      vertex 1.8945473432540894 2.684999465942383 2.106666088104248
    endloop
  endfacet
  facet normal -0.12642829106268866 -0.20149253577844167 0.9712963735361836
    outer loop
      vertex 1.8388081789016724 2.5606322288513184 2.073611259460449
      vertex 1.8737739324569702 2.6204261779785156 2.090566635131836
      vertex 1.8699681758880615 2.65749192237854 2.0977604389190674
    endloop
  endfacet
  facet normal -0.12642656506468536 -0.2014917422493862 0.9712967628131228
    outer loop
      vertex 1.9087398052215576 2.680220365524292 2.1075220108032227
      vertex 1.9240182638168335 2.727712869644165 2.1193628311157227
      vertex 1.8945473432540894 2.684999465942383 2.106666088104248
    endloop
  endfacet
  facet normal -0.12642314275352803 -0.20149245262897159 0.9712970608984065
    outer loop
      vertex 1.9229323863983154 2.675441265106201 2.1083779335021973
      vertex 1.9469084739685059 2.7010738849639893 2.1168160438537598
      vertex 1.935463309288025 2.714393377304077 2.118089437484741
    endloop
  endfacet
  facet normal -0.12642447214193223 -0.2014924470162473 0.9712968890298365
    outer loop
      vertex 1.9240182638168335 2.727712869644165 2.1193628311157227
      vertex 1.9087398052215576 2.680220365524292 2.1075220108032227
      vertex 1.935463309288025 2.714393377304077 2.118089437484741
    endloop
  endfacet
  facet normal -0.12642548610585955 -0.20149166353771605 0.971296919581083
    outer loop
      vertex 1.9087398052215576 2.680220365524292 2.1075220108032227
      vertex 1.9229323863983154 2.675441265106201 2.1083779335021973
      vertex 1.935463309288025 2.714393377304077 2.118089437484741
    endloop
  endfacet
  facet normal -0.1264254703959907 -0.2014921348243114 0.9712968238592639
    outer loop
      vertex 1.894533395767212 2.5382678508758545 2.0762250423431396
      vertex 1.9207209348678589 2.619670867919922 2.09652042388916
      vertex 1.9021589756011963 2.610867977142334 2.092278242111206
    endloop
  endfacet
  facet normal -0.12642294109965455 -0.2014971276613637 0.9712961173133213
    outer loop
      vertex 1.9229323863983154 2.675441265106201 2.1083779335021973
      vertex 1.9021589756011963 2.610867977142334 2.092278242111206
      vertex 1.9207209348678589 2.619670867919922 2.09652042388916
    endloop
  endfacet
  facet normal -0.12641766578265437 -0.20149746782226324 0.9712967333617885
    outer loop
      vertex 1.9229323863983154 2.675441265106201 2.1083779335021973
      vertex 1.9207209348678589 2.619670867919922 2.09652042388916
      vertex 1.9469084739685059 2.7010738849639893 2.1168160438537598
    endloop
  endfacet
  facet normal -0.12641270402272048 -0.20149898086889212 0.9712970652537058
    outer loop
      vertex 1.9021589756011963 2.610867977142334 2.092278242111206
      vertex 1.887966513633728 2.615647077560425 2.0914225578308105
      vertex 1.8464198112487793 2.4865005016326904 2.0592234134674072
    endloop
  endfacet
  facet normal -0.1264268164764821 -0.20149252376171525 0.971296567966631
    outer loop
      vertex 1.9021589756011963 2.610867977142334 2.092278242111206
      vertex 1.8464198112487793 2.4865005016326904 2.0592234134674072
      vertex 1.8606122732162476 2.4817214012145996 2.060079336166382
    endloop
  endfacet
  facet normal -0.12642646334284652 -0.20149470129987698 0.9712961622052737
    outer loop
      vertex 1.887966513633728 2.615647077560425 2.0914225578308105
      vertex 1.8737739324569702 2.6204261779785156 2.090566635131836
      vertex 1.8322272300720215 2.4912798404693604 2.0583674907684326
    endloop
  endfacet
  facet normal -0.126429390913133 -0.20149336178754565 0.9712960590205684
    outer loop
      vertex 1.887966513633728 2.615647077560425 2.0914225578308105
      vertex 1.8322272300720215 2.4912798404693604 2.0583674907684326
      vertex 1.8464198112487793 2.4865005016326904 2.0592234134674072
    endloop
  endfacet
  facet normal -0.12641217694477397 -0.20149734247045642 0.9712974737419153
    outer loop
      vertex 1.8076480627059937 2.4637722969055176 2.049462080001831
      vertex 1.8322272300720215 2.4912798404693604 2.0583674907684326
      vertex 1.8388081789016724 2.5606322288513184 2.073611259460449
    endloop
  endfacet
  facet normal -0.12641711509953032 -0.20149810080220712 0.9712966737217912
    outer loop
      vertex 1.811453938484192 2.426706552505493 2.0422680377960205
      vertex 1.8076480627059937 2.4637722969055176 2.049462080001831
      vertex 1.7764880657196045 2.366912364959717 2.025312662124634
    endloop
  endfacet
  facet normal -0.12642203961928455 -0.20149520942476631 0.9712966325882992
    outer loop
      vertex 1.8093231916427612 2.371187210083008 2.030473232269287
      vertex 1.811453938484192 2.426706552505493 2.0422680377960205
      vertex 1.7764880657196045 2.366912364959717 2.025312662124634
    endloop
  endfacet
  facet normal -0.1264117660744049 -0.20149770271783168 0.9712974524816721
    outer loop
      vertex 1.8322272300720215 2.4912798404693604 2.0583674907684326
      vertex 1.8076480627059937 2.4637722969055176 2.049462080001831
      vertex 1.811453938484192 2.426706552505493 2.0422680377960205
    endloop
  endfacet
  facet normal -0.12642034677059039 -0.20149712617185533 0.9712964552941018
    outer loop
      vertex 1.868345856666565 2.456865072250366 2.05592942237854
      vertex 1.894533395767212 2.5382678508758545 2.0762250423431396
      vertex 1.8606122732162476 2.4817214012145996 2.060079336166382
    endloop
  endfacet
  facet normal -0.1264295041752804 -0.20149161871073917 0.9712964058737781
    outer loop
      vertex 1.8606122732162476 2.4817214012145996 2.060079336166382
      vertex 1.894533395767212 2.5382678508758545 2.0762250423431396
      vertex 1.9021589756011963 2.610867977142334 2.092278242111206
    endloop
  endfacet
  facet normal -0.12641659484616863 -0.20149607670838734 0.971297161335617
    outer loop
      vertex 1.839838981628418 2.4171481132507324 2.0439798831939697
      vertex 1.868345856666565 2.456865072250366 2.05592942237854
      vertex 1.8606122732162476 2.4817214012145996 2.060079336166382
    endloop
  endfacet
  facet normal -0.1264296475541658 -0.20149415952065963 0.9712958601262504
    outer loop
      vertex 1.839838981628418 2.4171481132507324 2.0439798831939697
      vertex 1.8256464004516602 2.4219274520874023 2.043123960494995
      vertex 1.8093231916427612 2.371187210083008 2.030473232269287
    endloop
  endfacet
  facet normal -0.1264275679755002 -0.20149485979351603 0.9712959855433315
    outer loop
      vertex 1.811453938484192 2.426706552505493 2.0422680377960205
      vertex 1.8093231916427612 2.371187210083008 2.030473232269287
      vertex 1.8256464004516602 2.4219274520874023 2.043123960494995
    endloop
  endfacet
  facet normal -0.12641146383461088 -0.2014997322515099 0.9712970707840938
    outer loop
      vertex 1.868345856666565 2.456865072250366 2.05592942237854
      vertex 1.839838981628418 2.4171481132507324 2.0439798831939697
      vertex 1.8421584367752075 2.375462055206299 2.0356338024139404
    endloop
  endfacet
  facet normal -0.12642082588567044 -0.2014999981638525 0.9712957971299744
    outer loop
      vertex 1.8093231916427612 2.371187210083008 2.030473232269287
      vertex 1.8421584367752075 2.375462055206299 2.0356338024139404
      vertex 1.839838981628418 2.4171481132507324 2.0439798831939697
    endloop
  endfacet
  facet normal -0.12642210081676314 -0.20149617032697073 0.9712964252835695
    outer loop
      vertex 1.8322272300720215 2.4912798404693604 2.0583674907684326
      vertex 1.8737739324569702 2.6204261779785156 2.090566635131836
      vertex 1.8388081789016724 2.5606322288513184 2.073611259460449
    endloop
  endfacet
endsolid beam