solid a11
  facet normal -0.732134205 0.179527504 0.65707639
    outer loop
      vertex -0.52400732 -0.544627547 0.565631747
      vertex -0.515568137 -0.586572111 0.586495101
      vertex -0.492269456 -0.591185212 0.613715589
    endloop
  endfacet
  facet normal -0.732134721 0.179528898 0.657075433
    outer loop
      vertex -0.52400732 -0.544627547 0.565631747
      vertex -0.517586887 -0.465351492 0.551125467
      vertex -0.532446444 -0.502682984 0.544768333
    endloop
  endfacet
  facet normal -0.732133278 0.179528008 0.657077285
    outer loop
      vertex -0.532446444 -0.502682984 0.544768333
      vertex -0.517586887 -0.465351492 0.551125467
      vertex -0.540885627 -0.460738391 0.523904979
    endloop
  endfacet
  facet normal -0.732133096 0.179529088 0.657077192
    outer loop
      vertex -0.492269456 -0.591185212 0.613715589
      vertex -0.517586887 -0.465351492 0.551125467
      vertex -0.52400732 -0.544627547 0.565631747
    endloop
  endfacet
  facet normal -0.732134247 0.179528756 0.657076001
    outer loop
      vertex -0.477409899 -0.55385375 0.620072722
      vertex -0.485849053 -0.511909187 0.599209309
      vertex -0.492269456 -0.591185212 0.613715589
    endloop
  endfacet
  facet normal -0.732134113 0.17952791 0.65707638
    outer loop
      vertex -0.494288206 -0.469964594 0.578345954
      vertex -0.517586887 -0.465351492 0.551125467
      vertex -0.485849053 -0.511909187 0.599209309
    endloop
  endfacet
  facet normal -0.732133457 0.179528848 0.657076855
    outer loop
      vertex -0.485849053 -0.511909187 0.599209309
      vertex -0.517586887 -0.465351492 0.551125467
      vertex -0.492269456 -0.591185212 0.613715589
    endloop
  endfacet
  facet normal -0.732133605 0.17952836 0.657076823
    outer loop
      vertex -0.468970746 -0.595798314 0.640936077
      vertex -0.477409899 -0.55385375 0.620072722
      vertex -0.492269456 -0.591185212 0.613715589
    endloop
  endfacet
  facet normal -0.277834836 -0.95765654 0.0755099753
    outer loop
      vertex -0.492269456 -0.591185212 0.613715589
      vertex -0.515568137 -0.586572111 0.586495101
      vertex -0.485587925 -0.597206891 0.561929882
    endloop
  endfacet
  facet normal -0.277834697 -0.957656566 0.0755101561
    outer loop
      vertex -0.492269456 -0.591185212 0.613715589
      vertex -0.438990533 -0.606433094 0.616370857
      vertex -0.468970746 -0.595798314 0.640936077
    endloop
  endfacet
  facet normal -0.277834836 -0.95765654 0.0755099753
    outer loop
      vertex -0.432309031 -0.612454772 0.564585149
      vertex -0.492269456 -0.591185212 0.613715589
      vertex -0.485587925 -0.597206891 0.561929882
    endloop
  endfacet
  facet normal -0.277834697 -0.957656566 0.0755101561
    outer loop
      vertex -0.492269456 -0.591185212 0.613715589
      vertex -0.432309031 -0.612454772 0.564585149
      vertex -0.438990533 -0.606433094 0.616370857
    endloop
  endfacet
  facet normal -0.277834697 -0.957656566 0.0755101561
    outer loop
      vertex -0.432309031 -0.612454772 0.564585149
      vertex -0.409010321 -0.617067873 0.591805637
      vertex -0.438990533 -0.606433094 0.616370857
    endloop
  endfacet
  facet normal -0.277834836 -0.95765654 0.0755099753
    outer loop
      vertex -0.455607712 -0.607841671 0.537364662
      vertex -0.432309031 -0.612454772 0.564585149
      vertex -0.485587925 -0.597206891 0.561929882
    endloop
  endfacet
  facet normal -0.745933175 0.264601603 0.611203477
    outer loop
      vertex -0.516141176 -0.439827532 0.48245731
      vertex -0.490513295 -0.474955201 0.52894187
      vertex -0.472471774 -0.448015094 0.539297462
    endloop
  endfacet
  facet normal -0.745933622 0.264602214 0.611202667
    outer loop
      vertex -0.490513295 -0.474955201 0.52894187
      vertex -0.468678623 -0.479048967 0.55736196
      vertex -0.472471774 -0.448015094 0.539297462
    endloop
  endfacet
  facet normal -0.745932446 0.264602689 0.611203896
    outer loop
      vertex -0.516141176 -0.439827532 0.48245731
      vertex -0.512347996 -0.470861435 0.500521839
      vertex -0.490513295 -0.474955201 0.52894187
    endloop
  endfacet
  facet normal -0.745933259 0.264602356 0.611203049
    outer loop
      vertex -0.498099625 -0.412887394 0.492812902
      vertex -0.519934297 -0.408793628 0.464392841
      vertex -0.516141176 -0.439827532 0.48245731
    endloop
  endfacet
  facet normal -0.745932636 0.264602667 0.611203674
    outer loop
      vertex -0.498099625 -0.412887394 0.492812902
      vertex -0.472471774 -0.448015094 0.539297462
      vertex -0.476264924 -0.41698119 0.521232963
    endloop
  endfacet
  facet normal -0.745933043 0.26460206 0.61120344
    outer loop
      vertex -0.516141176 -0.439827532 0.48245731
      vertex -0.472471774 -0.448015094 0.539297462
      vertex -0.498099625 -0.412887394 0.492812902
    endloop
  endfacet
  facet normal 0.687331496 -0.25308895 -0.680824058
    outer loop
      vertex -0.52170223 -0.422867954 0.534932554
      vertex -0.527406156 -0.416807532 0.526921213
      vertex -0.518525898 -0.403942168 0.53110379
    endloop
  endfacet
  facet normal 0.687330174 -0.253087418 -0.680825962
    outer loop
      vertex -0.518525898 -0.403942168 0.53110379
      vertex -0.527406156 -0.416807532 0.526921213
      vertex -0.531521916 -0.401284188 0.516995549
    endloop
  endfacet
  facet normal 0.687331433 -0.253088211 -0.680824396
    outer loop
      vertex -0.531521916 -0.401284188 0.516995549
      vertex -0.538814008 -0.40468666 0.51089859
      vertex -0.544517934 -0.398626208 0.502887249
    endloop
  endfacet
  facet normal 0.687331496 -0.25308895 -0.680824058
    outer loop
      vertex -0.538814008 -0.40468666 0.51089859
      vertex -0.531521916 -0.401284188 0.516995549
      vertex -0.533110082 -0.410747081 0.518909931
    endloop
  endfacet
  facet normal 0.687327927 -0.253089071 -0.680827616
    outer loop
      vertex -0.527406156 -0.416807532 0.526921213
      vertex -0.533110082 -0.410747081 0.518909931
      vertex -0.531521916 -0.401284188 0.516995549
    endloop
  endfacet
  facet normal 0.687331086 -0.253089575 -0.680824239
    outer loop
      vertex -0.503315449 -0.420103341 0.552467346
      vertex -0.515998304 -0.428928375 0.542943895
      vertex -0.52170223 -0.422867954 0.534932554
    endloop
  endfacet
  facet normal 0.687329859 -0.253088347 -0.680825935
    outer loop
      vertex -0.501101017 -0.433606505 0.559722602
      vertex -0.498886555 -0.447109699 0.566977859
      vertex -0.504590511 -0.441049248 0.558966517
    endloop
  endfacet
  facet normal 0.687331342 -0.253089228 -0.68082411
    outer loop
      vertex -0.501101017 -0.433606505 0.559722602
      vertex -0.504590511 -0.441049248 0.558966517
      vertex -0.510294378 -0.434988827 0.550955236
    endloop
  endfacet
  facet normal 0.687328569 -0.2530929 -0.680825545
    outer loop
      vertex -0.503315449 -0.420103341 0.552467346
      vertex -0.518525898 -0.403942168 0.53110379
      vertex -0.505529821 -0.406600147 0.54521209
    endloop
  endfacet
  facet normal 0.68733115 -0.253088962 -0.680824403
    outer loop
      vertex -0.503315449 -0.420103341 0.552467346
      vertex -0.52170223 -0.422867954 0.534932554
      vertex -0.518525898 -0.403942168 0.53110379
    endloop
  endfacet
  facet normal 0.68733104 -0.253089382 -0.680824358
    outer loop
      vertex -0.515998304 -0.428928375 0.542943895
      vertex -0.503315449 -0.420103341 0.552467346
      vertex -0.501101017 -0.433606505 0.559722602
    endloop
  endfacet
  facet normal 0.68733145 -0.253088185 -0.680824388
    outer loop
      vertex -0.501101017 -0.433606505 0.559722602
      vertex -0.510294378 -0.434988827 0.550955236
      vertex -0.515998304 -0.428928375 0.542943895
    endloop
  endfacet
  facet normal 0.277834261 0.957656699 -0.0755100644
    outer loop
      vertex -0.490513295 -0.474955201 0.52894187
      vertex -0.540885627 -0.460738391 0.523904979
      vertex -0.517586887 -0.465351492 0.551125467
    endloop
  endfacet
  facet normal 0.27783428 0.957656673 -0.075510332
    outer loop
      vertex -0.512347996 -0.470861435 0.500521839
      vertex -0.540885627 -0.460738391 0.523904979
      vertex -0.490513295 -0.474955201 0.52894187
    endloop
  endfacet
  facet normal 0.277834313 0.957656729 -0.0755094958
    outer loop
      vertex -0.517586887 -0.465351492 0.551125467
      vertex -0.494288206 -0.469964594 0.578345954
      vertex -0.468678623 -0.479048967 0.55736196
    endloop
  endfacet
  facet normal 0.277834356 0.957656681 -0.0755099398
    outer loop
      vertex -0.490513295 -0.474955201 0.52894187
      vertex -0.517586887 -0.465351492 0.551125467
      vertex -0.468678623 -0.479048967 0.55736196
    endloop
  endfacet
  facet normal -0.27783444 -0.957656606 0.0755105905
    outer loop
      vertex -0.476264924 -0.41698119 0.521232963
      vertex -0.505529821 -0.406600147 0.54521209
      vertex -0.518525898 -0.403942168 0.53110379
    endloop
  endfacet
  facet normal -0.277834682 -0.957656616 0.0755095659
    outer loop
      vertex -0.476264924 -0.41698119 0.521232963
      vertex -0.518525898 -0.403942168 0.53110379
      vertex -0.498099625 -0.412887394 0.492812902
    endloop
  endfacet
  facet normal -0.277834431 -0.957656677 0.0755097142
    outer loop
      vertex -0.518525898 -0.403942168 0.53110379
      vertex -0.531521916 -0.401284188 0.516995549
      vertex -0.498099625 -0.412887394 0.492812902
    endloop
  endfacet
  facet normal -0.277833494 -0.957656868 0.0755107478
    outer loop
      vertex -0.544517934 -0.398626208 0.502887249
      vertex -0.553750217 -0.396798253 0.492100924
      vertex -0.519934297 -0.408793628 0.464392841
    endloop
  endfacet
  facet normal -0.277834563 -0.957656654 0.075509521
    outer loop
      vertex -0.544517934 -0.398626208 0.502887249
      vertex -0.498099625 -0.412887394 0.492812902
      vertex -0.531521916 -0.401284188 0.516995549
    endloop
  endfacet
  facet normal -0.277834438 -0.957656646 0.0755100866
    outer loop
      vertex -0.519934297 -0.408793628 0.464392841
      vertex -0.498099625 -0.412887394 0.492812902
      vertex -0.544517934 -0.398626208 0.502887249
    endloop
  endfacet
  facet normal -0.657683449 -0.437385856 -0.613307504
    outer loop
      vertex -0.617869556 0.129450873 0.185560331
      vertex -0.596781075 0.0246363077 0.237695456
      vertex -0.61142379 0.0282268785 0.250836998
    endloop
  endfacet
  facet normal -0.657684563 -0.437385377 -0.613306651
    outer loop
      vertex -0.617869556 0.129450873 0.185560331
      vertex -0.61142379 0.0282268785 0.250836998
      vertex -0.632512212 0.133041441 0.198701859
    endloop
  endfacet
  facet normal -0.657684288 -0.437385444 -0.613306897
    outer loop
      vertex -0.632512212 0.133041441 0.198701859
      vertex -0.61142379 0.0282268785 0.250836998
      vertex -0.626066446 0.0318174511 0.263978511
    endloop
  endfacet
  facet normal -0.657684823 -0.437385214 -0.613306488
    outer loop
      vertex -0.632512212 0.133041441 0.198701859
      vertex -0.626066446 0.0318174511 0.263978511
      vertex -0.647154868 0.136632025 0.211843386
    endloop
  endfacet
  facet normal -0.657684291 -0.437385721 -0.613306697
    outer loop
      vertex -0.485587925 -0.597206891 0.561929882
      vertex -0.515568137 -0.586572111 0.586495101
      vertex -0.52400732 -0.544627547 0.565631747
    endloop
  endfacet
  facet normal -0.657683329 -0.43738591 -0.613307593
    outer loop
      vertex -0.512347996 -0.470861435 0.500521839
      vertex -0.52400732 -0.544627547 0.565631747
      vertex -0.532446444 -0.502682984 0.544768333
    endloop
  endfacet
  facet normal -0.65768367 -0.437385561 -0.613307477
    outer loop
      vertex -0.519934297 -0.408793628 0.464392841
      vertex -0.553750217 -0.396798253 0.492100924
      vertex -0.586013973 -0.236439705 0.412338048
    endloop
  endfacet
  facet normal -0.657683552 -0.437385673 -0.613307524
    outer loop
      vertex -0.512347996 -0.470861435 0.500521839
      vertex -0.532446444 -0.502682984 0.544768333
      vertex -0.540885627 -0.460738391 0.523904979
    endloop
  endfacet
  facet normal -0.657684332 -0.437385385 -0.613306893
    outer loop
      vertex -0.512347996 -0.470861435 0.500521839
      vertex -0.455607712 -0.607841671 0.537364662
      vertex -0.485587925 -0.597206891 0.561929882
    endloop
  endfacet
  facet normal -0.657683988 -0.437385464 -0.613307205
    outer loop
      vertex -0.52400732 -0.544627547 0.565631747
      vertex -0.512347996 -0.470861435 0.500521839
      vertex -0.485587925 -0.597206891 0.561929882
    endloop
  endfacet
  facet normal -0.657686274 -0.43738559 -0.613304664
    outer loop
      vertex -0.516141176 -0.439827532 0.48245731
      vertex -0.455607712 -0.607841671 0.537364662
      vertex -0.512347996 -0.470861435 0.500521839
    endloop
  endfacet
  facet normal -0.657685041 -0.437384302 -0.613306904
    outer loop
      vertex -0.497784615 -0.398212522 0.433094442
      vertex -0.516141176 -0.439827532 0.48245731
      vertex -0.519934297 -0.408793628 0.464392841
    endloop
  endfacet
  facet normal -0.657684277 -0.437385596 -0.613306801
    outer loop
      vertex -0.519934297 -0.408793628 0.464392841
      vertex -0.539961517 -0.188583404 0.328824162
      vertex -0.497784615 -0.398212522 0.433094442
    endloop
  endfacet
  facet normal -0.657683676 -0.437385569 -0.613307465
    outer loop
      vertex -0.455607712 -0.607841671 0.537364662
      vertex -0.516141176 -0.439827532 0.48245731
      vertex -0.497784615 -0.398212522 0.433094442
    endloop
  endfacet
  facet normal -0.657684289 -0.437385591 -0.613306791
    outer loop
      vertex -0.539961517 -0.188583404 0.328824162
      vertex -0.519934297 -0.408793628 0.464392841
      vertex -0.586013973 -0.236439705 0.412338048
    endloop
  endfacet
  facet normal -0.657684264 -0.437385565 -0.613306837
    outer loop
      vertex -0.61142379 0.0282268785 0.250836998
      vertex -0.618277729 -0.0760811716 0.332575142
      vertex -0.626066446 0.0318174511 0.263978511
    endloop
  endfacet
  facet normal -0.657683914 -0.437385712 -0.613307108
    outer loop
      vertex -0.650541544 0.0842773616 0.252812266
      vertex -0.626066446 0.0318174511 0.263978511
      vertex -0.618277729 -0.0760811716 0.332575142
    endloop
  endfacet
  facet normal -0.657684354 -0.43738551 -0.61330678
    outer loop
      vertex -0.586013973 -0.236439705 0.412338048
      vertex -0.61142379 0.0282268785 0.250836998
      vertex -0.539961517 -0.188583404 0.328824162
    endloop
  endfacet
  facet normal -0.6576829 -0.437385822 -0.613308117
    outer loop
      vertex -0.647154868 0.136632025 0.211843386
      vertex -0.650541544 0.0842773616 0.252812266
      vertex -0.6828053 0.244635895 0.173049375
    endloop
  endfacet
  facet normal -0.657683633 -0.43738579 -0.613307353
    outer loop
      vertex -0.653560281 0.237655386 0.146666527
      vertex -0.647154868 0.136632025 0.211843386
      vertex -0.6828053 0.244635895 0.173049375
    endloop
  endfacet
  facet normal -0.657683307 -0.437385586 -0.613307849
    outer loop
      vertex -0.626066446 0.0318174511 0.263978511
      vertex -0.650541544 0.0842773616 0.252812266
      vertex -0.647154868 0.136632025 0.211843386
    endloop
  endfacet
  facet normal -0.657684589 -0.437385389 -0.613306614
    outer loop
      vertex -0.582138419 0.021045737 0.224553928
      vertex -0.539961517 -0.188583404 0.328824162
      vertex -0.596781075 0.0246363077 0.237695456
    endloop
  endfacet
  facet normal -0.657683511 -0.437385547 -0.613307657
    outer loop
      vertex -0.596781075 0.0246363077 0.237695456
      vertex -0.539961517 -0.188583404 0.328824162
      vertex -0.61142379 0.0282268785 0.250836998
    endloop
  endfacet
  facet normal -0.657684549 -0.437385586 -0.613306516
    outer loop
      vertex -0.617869556 0.129450873 0.185560331
      vertex -0.582138419 0.021045737 0.224553928
      vertex -0.596781075 0.0246363077 0.237695456
    endloop
  endfacet
  facet normal -0.65768457 -0.437385342 -0.613306668
    outer loop
      vertex -0.617869556 0.129450873 0.185560331
      vertex -0.632512212 0.133041441 0.198701859
      vertex -0.653560281 0.237655386 0.146666527
    endloop
  endfacet
  facet normal -0.657684809 -0.437385284 -0.613306454
    outer loop
      vertex -0.647154868 0.136632025 0.211843386
      vertex -0.653560281 0.237655386 0.146666527
      vertex -0.632512212 0.133041441 0.198701859
    endloop
  endfacet
  facet normal -0.657683936 -0.437385613 -0.613307155
    outer loop
      vertex -0.582138419 0.021045737 0.224553928
      vertex -0.617869556 0.129450873 0.185560331
      vertex -0.624315321 0.230674878 0.120283663
    endloop
  endfacet
  facet normal -0.657684565 -0.437385343 -0.613306673
    outer loop
      vertex -0.653560281 0.237655386 0.146666527
      vertex -0.624315321 0.230674878 0.120283663
      vertex -0.617869556 0.129450873 0.185560331
    endloop
  endfacet
  facet normal -0.657684369 -0.437385504 -0.613306768
    outer loop
      vertex -0.618277729 -0.0760811716 0.332575142
      vertex -0.61142379 0.0282268785 0.250836998
      vertex -0.586013973 -0.236439705 0.412338048
    endloop
  endfacet
  facet normal 0.657683529 0.437385555 0.613307633
    outer loop
      vertex -0.474235386 -0.327477425 0.455226123
      vertex -0.483886003 -0.279511571 0.431367755
      vertex -0.491207331 -0.277716309 0.437938511
    endloop
  endfacet
  facet normal 0.657684807 0.437385523 0.613306285
    outer loop
      vertex -0.474235386 -0.327477425 0.455226123
      vertex -0.491207331 -0.277716309 0.437938511
      vertex -0.481556714 -0.325682163 0.46179691
    endloop
  endfacet
  facet normal 0.657684327 0.43738564 0.613306716
    outer loop
      vertex -0.481556714 -0.325682163 0.46179691
      vertex -0.491207331 -0.277716309 0.437938511
      vertex -0.498528689 -0.275921017 0.444509298
    endloop
  endfacet
  facet normal 0.657684419 0.437385638 0.613306619
    outer loop
      vertex -0.481556714 -0.325682163 0.46179691
      vertex -0.498528689 -0.275921017 0.444509298
      vertex -0.488878042 -0.323886871 0.468367666
    endloop
  endfacet
  facet normal 0.657684419 0.437385638 0.613306619
    outer loop
      vertex -0.488878042 -0.323886871 0.468367666
      vertex -0.498528689 -0.275921017 0.444509298
      vertex -0.505850017 -0.274125725 0.451080054
    endloop
  endfacet
  facet normal 0.657683048 0.437385673 0.613308064
    outer loop
      vertex -0.488878042 -0.323886871 0.468367666
      vertex -0.505850017 -0.274125725 0.451080054
      vertex -0.496199399 -0.322091579 0.474938422
    endloop
  endfacet
  facet normal 0.657683048 0.437385673 0.613308064
    outer loop
      vertex -0.496199399 -0.322091579 0.474938422
      vertex -0.505850017 -0.274125725 0.451080054
      vertex -0.513171375 -0.272330433 0.45765081
    endloop
  endfacet
  facet normal 0.657685698 0.437385606 0.61330527
    outer loop
      vertex -0.496199399 -0.322091579 0.474938422
      vertex -0.513171375 -0.272330433 0.45765081
      vertex -0.503520727 -0.320296288 0.481509209
    endloop
  endfacet
  facet normal 0.657686179 0.437385488 0.613304839
    outer loop
      vertex -0.503520727 -0.320296288 0.481509209
      vertex -0.513171375 -0.272330433 0.45765081
      vertex -0.520492673 -0.270535171 0.464221597
    endloop
  endfacet
  facet normal 0.657682158 0.437385589 0.613309079
    outer loop
      vertex -0.503520727 -0.320296288 0.481509209
      vertex -0.520492673 -0.270535171 0.464221597
      vertex -0.510842085 -0.318501025 0.488079965
    endloop
  endfacet
  facet normal 0.657683112 0.437385355 0.613308222
    outer loop
      vertex -0.510842085 -0.318501025 0.488079965
      vertex -0.520492673 -0.270535171 0.464221597
      vertex -0.527814031 -0.268739879 0.470792353
    endloop
  endfacet
  facet normal 0.657685854 0.437385286 0.613305331
    outer loop
      vertex -0.510842085 -0.318501025 0.488079965
      vertex -0.527814031 -0.268739879 0.470792353
      vertex -0.518163383 -0.316705734 0.494650722
    endloop
  endfacet
  facet normal 0.657685854 0.437385286 0.613305331
    outer loop
      vertex -0.501191437 -0.36646688 0.511938334
      vertex -0.510842085 -0.318501025 0.488079965
      vertex -0.518163383 -0.316705734 0.494650722
    endloop
  endfacet
  facet normal 0.657683112 0.437385355 0.613308222
    outer loop
      vertex -0.501191437 -0.36646688 0.511938334
      vertex -0.518163383 -0.316705734 0.494650722
      vertex -0.508512795 -0.364671588 0.51850909
    endloop
  endfacet
  facet normal 0.657684155 0.437385329 0.613307122
    outer loop
      vertex -0.52992481 -0.223655209 0.440903336
      vertex -0.544785976 -0.218978733 0.453504741
      vertex -0.527814031 -0.268739879 0.470792353
    endloop
  endfacet
  facet normal 0.657682065 0.437386215 0.613308731
    outer loop
      vertex -0.521836281 -0.333044201 0.51024127
      vertex -0.518163383 -0.316705734 0.494650722
      vertex -0.527814031 -0.268739879 0.470792353
    endloop
  endfacet
  facet normal 0.657684422 0.437385083 0.613307012
    outer loop
      vertex -0.52992481 -0.223655209 0.440903336
      vertex -0.513171375 -0.272330433 0.45765081
      vertex -0.515063643 -0.2283317 0.42830193
    endloop
  endfacet
  facet normal 0.657683014 0.437385844 0.613307979
    outer loop
      vertex -0.520492673 -0.270535171 0.464221597
      vertex -0.52992481 -0.223655209 0.440903336
      vertex -0.527814031 -0.268739879 0.470792353
    endloop
  endfacet
  facet normal 0.65768203 0.437386224 0.613308763
    outer loop
      vertex -0.501191437 -0.36646688 0.511938334
      vertex -0.503520727 -0.320296288 0.481509209
      vertex -0.510842085 -0.318501025 0.488079965
    endloop
  endfacet
  facet normal 0.65768304 0.437385712 0.613308045
    outer loop
      vertex -0.505850017 -0.274125725 0.451080054
      vertex -0.515063643 -0.2283317 0.42830193
      vertex -0.513171375 -0.272330433 0.45765081
    endloop
  endfacet
  facet normal 0.657686268 0.437385046 0.613305059
    outer loop
      vertex -0.52992481 -0.223655209 0.440903336
      vertex -0.520492673 -0.270535171 0.464221597
      vertex -0.513171375 -0.272330433 0.45765081
    endloop
  endfacet
  facet normal 0.657684332 0.437385325 0.613306936
    outer loop
      vertex -0.521836281 -0.333044201 0.51024127
      vertex -0.527814031 -0.268739879 0.470792353
      vertex -0.544785976 -0.218978733 0.453504741
    endloop
  endfacet
  facet normal 0.657683734 0.437385371 0.613307544
    outer loop
      vertex -0.515063643 -0.2283317 0.42830193
      vertex -0.498528689 -0.275921017 0.444509298
      vertex -0.500202477 -0.233008191 0.415700555
    endloop
  endfacet
  facet normal 0.657684859 0.437385242 0.613306429
    outer loop
      vertex -0.500202477 -0.233008191 0.415700555
      vertex -0.483886003 -0.279511571 0.431367755
      vertex -0.48534134 -0.237684667 0.403099149
    endloop
  endfacet
  facet normal 0.657684447 0.437385043 0.613307013
    outer loop
      vertex -0.491207331 -0.277716309 0.437938511
      vertex -0.500202477 -0.233008191 0.415700555
      vertex -0.498528689 -0.275921017 0.444509298
    endloop
  endfacet
  facet normal 0.657684475 0.43738536 0.613306757
    outer loop
      vertex -0.505850017 -0.274125725 0.451080054
      vertex -0.498528689 -0.275921017 0.444509298
      vertex -0.515063643 -0.2283317 0.42830193
    endloop
  endfacet
  facet normal 0.657683007 0.437385878 0.613307962
    outer loop
      vertex -0.476264924 -0.41698119 0.521232963
      vertex -0.488878042 -0.323886871 0.468367666
      vertex -0.496199399 -0.322091579 0.474938422
    endloop
  endfacet
  facet normal 0.657684921 0.437385213 0.613306383
    outer loop
      vertex -0.474235386 -0.327477425 0.455226123
      vertex -0.48534134 -0.237684667 0.403099149
      vertex -0.483886003 -0.279511571 0.431367755
    endloop
  endfacet
  facet normal 0.657683589 0.437385253 0.613307783
    outer loop
      vertex -0.500202477 -0.233008191 0.415700555
      vertex -0.491207331 -0.277716309 0.437938511
      vertex -0.483886003 -0.279511571 0.431367755
    endloop
  endfacet
  facet normal 0.65768447 0.437385385 0.613306745
    outer loop
      vertex -0.481556714 -0.325682163 0.46179691
      vertex -0.488878042 -0.323886871 0.468367666
      vertex -0.476264924 -0.41698119 0.521232963
    endloop
  endfacet
  facet normal 0.657685772 0.437385236 0.613305455
    outer loop
      vertex -0.496199399 -0.322091579 0.474938422
      vertex -0.503520727 -0.320296288 0.481509209
      vertex -0.476264924 -0.41698119 0.521232963
    endloop
  endfacet
  facet normal 0.657690212 0.437384119 0.613301489
    outer loop
      vertex -0.503315449 -0.420103341 0.552467346
      vertex -0.521836281 -0.333044201 0.51024127
      vertex -0.501101017 -0.433606505 0.559722602
    endloop
  endfacet
  facet normal 0.657696067 0.437382726 0.613296204
    outer loop
      vertex -0.498886555 -0.447109699 0.566977859
      vertex -0.501101017 -0.433606505 0.559722602
      vertex -0.521836281 -0.333044201 0.51024127
    endloop
  endfacet
  facet normal 0.657650037 0.437393294 0.613338027
    outer loop
      vertex -0.521836281 -0.333044201 0.51024127
      vertex -0.503315449 -0.420103341 0.552467346
      vertex -0.505529821 -0.406600147 0.54521209
    endloop
  endfacet
  facet normal 0.657685754 0.437385609 0.613305208
    outer loop
      vertex -0.508512795 -0.364671588 0.51850909
      vertex -0.521836281 -0.333044201 0.51024127
      vertex -0.505529821 -0.406600147 0.54521209
    endloop
  endfacet
  facet normal 0.657683917 0.437385238 0.613307442
    outer loop
      vertex -0.485849053 -0.511909187 0.599209309
      vertex -0.468678623 -0.479048967 0.55736196
      vertex -0.494288206 -0.469964594 0.578345954
    endloop
  endfacet
  facet normal 0.657682745 0.437386398 0.613307872
    outer loop
      vertex -0.477409899 -0.55385375 0.620072722
      vertex -0.468678623 -0.479048967 0.55736196
      vertex -0.485849053 -0.511909187 0.599209309
    endloop
  endfacet
  facet normal 0.657684334 0.437385365 0.613306904
    outer loop
      vertex -0.468970746 -0.595798314 0.640936077
      vertex -0.438990533 -0.606433094 0.616370857
      vertex -0.477409899 -0.55385375 0.620072722
    endloop
  endfacet
  facet normal 0.657683664 0.437385494 0.613307531
    outer loop
      vertex -0.476264924 -0.41698119 0.521232963
      vertex -0.503520727 -0.320296288 0.481509209
      vertex -0.501191437 -0.36646688 0.511938334
    endloop
  endfacet
  facet normal 0.657684585 0.437385735 0.613306371
    outer loop
      vertex -0.476264924 -0.41698119 0.521232963
      vertex -0.501191437 -0.36646688 0.511938334
      vertex -0.505529821 -0.406600147 0.54521209
    endloop
  endfacet
  facet normal 0.657684814 0.437385487 0.613306302
    outer loop
      vertex -0.474235386 -0.327477425 0.455226123
      vertex -0.481556714 -0.325682163 0.46179691
      vertex -0.447175831 -0.42737627 0.497452408
    endloop
  endfacet
  facet normal 0.657684192 0.437385506 0.613306956
    outer loop
      vertex -0.447175831 -0.42737627 0.497452408
      vertex -0.481556714 -0.325682163 0.46179691
      vertex -0.476264924 -0.41698119 0.521232963
    endloop
  endfacet
  facet normal 0.657682812 0.437386847 0.61330748
    outer loop
      vertex -0.501191437 -0.36646688 0.511938334
      vertex -0.508512795 -0.364671588 0.51850909
      vertex -0.505529821 -0.406600147 0.54521209
    endloop
  endfacet
  facet normal 0.657686447 0.437384963 0.613304926
    outer loop
      vertex -0.438990533 -0.606433094 0.616370857
      vertex -0.472471774 -0.448015094 0.539297462
      vertex -0.468678623 -0.479048967 0.55736196
    endloop
  endfacet
  facet normal 0.657684209 0.437385448 0.61330698
    outer loop
      vertex -0.447175831 -0.42737627 0.497452408
      vertex -0.472471774 -0.448015094 0.539297462
      vertex -0.409010321 -0.617067873 0.591805637
    endloop
  endfacet
  facet normal 0.657684324 0.437385452 0.613306854
    outer loop
      vertex -0.438990533 -0.606433094 0.616370857
      vertex -0.409010321 -0.617067873 0.591805637
      vertex -0.472471774 -0.448015094 0.539297462
    endloop
  endfacet
  facet normal 0.657684197 0.437385464 0.613306981
    outer loop
      vertex -0.476264924 -0.41698119 0.521232963
      vertex -0.472471774 -0.448015094 0.539297462
      vertex -0.447175831 -0.42737627 0.497452408
    endloop
  endfacet
  facet normal 0.657684349 0.437385378 0.613306879
    outer loop
      vertex -0.468678623 -0.479048967 0.55736196
      vertex -0.477409899 -0.55385375 0.620072722
      vertex -0.438990533 -0.606433094 0.616370857
    endloop
  endfacet
  facet normal 0.657683703 0.437385643 0.613307383
    outer loop
      vertex -0.48534134 -0.237684667 0.403099149
      vertex -0.474235386 -0.327477425 0.455226123
      vertex -0.447175831 -0.42737627 0.497452408
    endloop
  endfacet
  facet normal 0.657683278 0.437385315 0.613308073
    outer loop
      vertex -0.508512795 -0.364671588 0.51850909
      vertex -0.518163383 -0.316705734 0.494650722
      vertex -0.521836281 -0.333044201 0.51024127
    endloop
  endfacet
  facet normal 0.732134684 -0.179528131 -0.657075684
    outer loop
      vertex -0.464423746 -0.3972435 0.47000131
      vertex -0.449241042 -0.472705215 0.507536232
      vertex -0.459106296 -0.479266018 0.498336613
    endloop
  endfacet
  facet normal 0.732132783 -0.179528913 -0.657077588
    outer loop
      vertex -0.464423746 -0.3972435 0.47000131
      vertex -0.459106296 -0.479266018 0.498336613
      vertex -0.47428903 -0.403804302 0.460801721
    endloop
  endfacet
  facet normal 0.732132835 -0.179529169 -0.657077461
    outer loop
      vertex -0.479606479 -0.321781814 0.432466388
      vertex -0.464423746 -0.3972435 0.47000131
      vertex -0.47428903 -0.403804302 0.460801721
    endloop
  endfacet
  facet normal 0.732133591 -0.179528858 -0.657076703
    outer loop
      vertex -0.479606479 -0.321781814 0.432466388
      vertex -0.47428903 -0.403804302 0.460801721
      vertex -0.489471734 -0.328342587 0.423266798
    endloop
  endfacet
  facet normal 0.732132881 -0.179528847 -0.657077497
    outer loop
      vertex -0.449241042 -0.472705215 0.507536232
      vertex -0.434058309 -0.548166931 0.545071125
      vertex -0.443923563 -0.554727733 0.535871565
    endloop
  endfacet
  facet normal 0.73213468 -0.179528108 -0.657075695
    outer loop
      vertex -0.449241042 -0.472705215 0.507536232
      vertex -0.443923563 -0.554727733 0.535871565
      vertex -0.459106296 -0.479266018 0.498336613
    endloop
  endfacet
  facet normal 0.732133254 -0.179529057 -0.657077025
    outer loop
      vertex -0.459106296 -0.479266018 0.498336613
      vertex -0.443923563 -0.554727733 0.535871565
      vertex -0.453788847 -0.561288476 0.526671946
    endloop
  endfacet
  facet normal 0.732133602 -0.179528913 -0.657076676
    outer loop
      vertex -0.459106296 -0.479266018 0.498336613
      vertex -0.453788847 -0.561288476 0.526671946
      vertex -0.46897155 -0.48582679 0.489137024
    endloop
  endfacet
  facet normal 0.732132796 -0.179529424 -0.657077435
    outer loop
      vertex -0.503806114 -0.166757897 0.363146335
      vertex -0.505039275 -0.167577982 0.361996382
      vertex -0.508834958 -0.148712561 0.352612644
    endloop
  endfacet
  facet normal 0.732126681 -0.179532452 -0.657083421
    outer loop
      vertex -0.506368637 -0.14707236 0.354912549
      vertex -0.502572954 -0.165937796 0.364296257
      vertex -0.503806114 -0.166757897 0.363146335
    endloop
  endfacet
  facet normal 0.732133712 -0.17952869 -0.657076615
    outer loop
      vertex -0.508834958 -0.148712561 0.352612644
      vertex -0.506368637 -0.14707236 0.354912549
      vertex -0.503806114 -0.166757897 0.363146335
    endloop
  endfacet
  facet normal 0.732133734 -0.1795288 -0.65707656
    outer loop
      vertex -0.51016432 -0.128206939 0.345528811
      vertex -0.506368637 -0.14707236 0.354912549
      vertex -0.508834958 -0.148712561 0.352612644
    endloop
  endfacet
  facet normal 0.732133734 -0.1795288 -0.65707656
    outer loop
      vertex -0.51016432 -0.128206939 0.345528811
      vertex -0.508834958 -0.148712561 0.352612644
      vertex -0.512630641 -0.129847139 0.343228906
    endloop
  endfacet
  facet normal 0.732133734 -0.1795288 -0.65707656
    outer loop
      vertex -0.508834958 -0.148712561 0.352612644
      vertex -0.505039275 -0.167577982 0.361996382
      vertex -0.507505596 -0.169218183 0.359696478
    endloop
  endfacet
  facet normal 0.732133723 -0.179528745 -0.657076587
    outer loop
      vertex -0.507505596 -0.169218183 0.359696478
      vertex -0.509971917 -0.170858383 0.357396573
      vertex -0.517563283 -0.133127525 0.338629097
    endloop
  endfacet
  facet normal 0.732133499 -0.179528956 -0.657076779
    outer loop
      vertex -0.517563283 -0.133127525 0.338629097
      vertex -0.512630641 -0.129847139 0.343228906
      vertex -0.508834958 -0.148712561 0.352612644
    endloop
  endfacet
  facet normal 0.73213357 -0.179528867 -0.657076724
    outer loop
      vertex -0.508834958 -0.148712561 0.352612644
      vertex -0.507505596 -0.169218183 0.359696478
      vertex -0.517563283 -0.133127525 0.338629097
    endloop
  endfacet
  facet normal 0.732133402 -0.17952847 -0.65707702
    outer loop
      vertex -0.520222008 -0.0921162739 0.32446146
      vertex -0.512630641 -0.129847139 0.343228906
      vertex -0.517563283 -0.133127525 0.338629097
    endloop
  endfacet
  facet normal 0.732133525 -0.17952842 -0.657076897
    outer loop
      vertex -0.520222008 -0.0921162739 0.32446146
      vertex -0.517563283 -0.133127525 0.338629097
      vertex -0.52515465 -0.0953966677 0.31986165
    endloop
  endfacet
  facet normal 0.732133488 -0.179528901 -0.657076806
    outer loop
      vertex -0.517563283 -0.133127525 0.338629097
      vertex -0.509971917 -0.170858383 0.357396573
      vertex -0.514904559 -0.17413877 0.352796763
    endloop
  endfacet
  facet normal 0.73213341 -0.179528511 -0.657077
    outer loop
      vertex -0.514904559 -0.17413877 0.352796763
      vertex -0.519837201 -0.177419156 0.348196954
      vertex -0.535019934 -0.101957448 0.310662061
    endloop
  endfacet
  facet normal 0.732132607 -0.17952903 -0.657077752
    outer loop
      vertex -0.535019934 -0.101957448 0.310662061
      vertex -0.52515465 -0.0953966677 0.31986165
      vertex -0.517563283 -0.133127525 0.338629097
    endloop
  endfacet
  facet normal 0.73213233 -0.179529376 -0.657077966
    outer loop
      vertex -0.517563283 -0.133127525 0.338629097
      vertex -0.514904559 -0.17413877 0.352796763
      vertex -0.535019934 -0.101957448 0.310662061
    endloop
  endfacet
  facet normal 0.73213265 -0.179529241 -0.657077647
    outer loop
      vertex -0.540337384 -0.0199349578 0.282326728
      vertex -0.52515465 -0.0953966677 0.31986165
      vertex -0.535019934 -0.101957448 0.310662061
    endloop
  endfacet
  facet normal 0.732134669 -0.179528412 -0.657075624
    outer loop
      vertex -0.540337384 -0.0199349578 0.282326728
      vertex -0.535019934 -0.101957448 0.310662061
      vertex -0.550202608 -0.0264957398 0.273127139
    endloop
  endfacet
  facet normal 0.732133351 -0.179526893 -0.657077508
    outer loop
      vertex -0.501908302 -0.1761906 0.367838174
      vertex -0.500010431 -0.185623318 0.372530043
      vertex -0.501243591 -0.186443418 0.371380091
    endloop
  endfacet
  facet normal 0.732133351 -0.179526893 -0.657077508
    outer loop
      vertex -0.501908302 -0.1761906 0.367838174
      vertex -0.501243591 -0.186443418 0.371380091
      vertex -0.503141463 -0.1770107 0.366688222
    endloop
  endfacet
  facet normal 0.732133793 -0.179529094 -0.657076414
    outer loop
      vertex -0.503806114 -0.166757897 0.363146335
      vertex -0.501908302 -0.1761906 0.367838174
      vertex -0.503141463 -0.1770107 0.366688222
    endloop
  endfacet
  facet normal 0.732132811 -0.179529498 -0.657077398
    outer loop
      vertex -0.503806114 -0.166757897 0.363146335
      vertex -0.503141463 -0.1770107 0.366688222
      vertex -0.505039275 -0.167577982 0.361996382
    endloop
  endfacet
  facet normal 0.732133756 -0.17952891 -0.657076505
    outer loop
      vertex -0.490521252 -0.232786894 0.395989358
      vertex -0.48862341 -0.242219597 0.400681227
      vertex -0.489856571 -0.243039697 0.399531275
    endloop
  endfacet
  facet normal 0.732132774 -0.179529314 -0.65707749
    outer loop
      vertex -0.490521252 -0.232786894 0.395989358
      vertex -0.489856571 -0.243039697 0.399531275
      vertex -0.491754413 -0.233606979 0.394839406
    endloop
  endfacet
  facet normal 0.732132449 -0.179527702 -0.657078291
    outer loop
      vertex -0.492419094 -0.223354176 0.391297519
      vertex -0.490521252 -0.232786894 0.395989358
      vertex -0.491754413 -0.233606979 0.394839406
    endloop
  endfacet
  facet normal 0.732133432 -0.179527298 -0.657077307
    outer loop
      vertex -0.492419094 -0.223354176 0.391297519
      vertex -0.491754413 -0.233606979 0.394839406
      vertex -0.493652254 -0.224174276 0.390147567
    endloop
  endfacet
  facet normal 0.732133243 -0.179529002 -0.657077052
    outer loop
      vertex -0.497447938 -0.20530884 0.380763829
      vertex -0.493652254 -0.224174276 0.390147567
      vertex -0.496118575 -0.225814462 0.387847662
    endloop
  endfacet
  facet normal 0.732133734 -0.1795288 -0.65707656
    outer loop
      vertex -0.497447938 -0.20530884 0.380763829
      vertex -0.496118575 -0.225814462 0.387847662
      vertex -0.499914259 -0.20694904 0.378463924
    endloop
  endfacet
  facet normal 0.732133712 -0.17952869 -0.657076615
    outer loop
      vertex -0.491754413 -0.233606979 0.394839406
      vertex -0.489856571 -0.243039697 0.399531275
      vertex -0.492322892 -0.244679898 0.39723137
    endloop
  endfacet
  facet normal 0.732132963 -0.17952761 -0.657077744
    outer loop
      vertex -0.496118575 -0.225814462 0.387847662
      vertex -0.493652254 -0.224174276 0.390147567
      vertex -0.491754413 -0.233606979 0.394839406
    endloop
  endfacet
  facet normal 0.732131833 -0.179529026 -0.657078617
    outer loop
      vertex -0.492322892 -0.244679898 0.39723137
      vertex -0.496118575 -0.225814462 0.387847662
      vertex -0.491754413 -0.233606979 0.394839406
    endloop
  endfacet
  facet normal 0.732129646 -0.17953048 -0.657080656
    outer loop
      vertex -0.496118575 -0.225814462 0.387847662
      vertex -0.492322892 -0.244679898 0.39723137
      vertex -0.494789213 -0.246320084 0.394931495
    endloop
  endfacet
  facet normal 0.732137741 -0.179527153 -0.657072545
    outer loop
      vertex -0.496118575 -0.225814462 0.387847662
      vertex -0.494789213 -0.246320084 0.394931495
      vertex -0.498584867 -0.227454662 0.385547757
    endloop
  endfacet
  facet normal 0.732137561 -0.179526255 -0.657072991
    outer loop
      vertex -0.499914259 -0.20694904 0.378463924
      vertex -0.496118575 -0.225814462 0.387847662
      vertex -0.498584867 -0.227454662 0.385547757
    endloop
  endfacet
  facet normal 0.732137561 -0.179526255 -0.657072991
    outer loop
      vertex -0.499914259 -0.20694904 0.378463924
      vertex -0.498584867 -0.227454662 0.385547757
      vertex -0.50238055 -0.208589241 0.376164019
    endloop
  endfacet
  facet normal 0.732132881 -0.179527205 -0.657077946
    outer loop
      vertex -0.503141463 -0.1770107 0.366688222
      vertex -0.501243591 -0.186443418 0.371380091
      vertex -0.503709912 -0.188083604 0.369080186
    endloop
  endfacet
  facet normal 0.732133749 -0.179528874 -0.657076523
    outer loop
      vertex -0.507505596 -0.169218183 0.359696478
      vertex -0.505039275 -0.167577982 0.361996382
      vertex -0.503141463 -0.1770107 0.366688222
    endloop
  endfacet
  facet normal 0.732135447 -0.179526747 -0.657075212
    outer loop
      vertex -0.503709912 -0.188083604 0.369080186
      vertex -0.507505596 -0.169218183 0.359696478
      vertex -0.503141463 -0.1770107 0.366688222
    endloop
  endfacet
  facet normal 0.732133915 -0.179529698 -0.657076113
    outer loop
      vertex -0.501243591 -0.186443418 0.371380091
      vertex -0.497447938 -0.20530884 0.380763829
      vertex -0.499914259 -0.20694904 0.378463924
    endloop
  endfacet
  facet normal 0.732133423 -0.1795299 -0.657076605
    outer loop
      vertex -0.501243591 -0.186443418 0.371380091
      vertex -0.499914259 -0.20694904 0.378463924
      vertex -0.503709912 -0.188083604 0.369080186
    endloop
  endfacet
  facet normal 0.732137719 -0.179527043 -0.657072599
    outer loop
      vertex -0.503709912 -0.188083604 0.369080186
      vertex -0.499914259 -0.20694904 0.378463924
      vertex -0.50238055 -0.208589241 0.376164019
    endloop
  endfacet
  facet normal 0.732130115 -0.179530168 -0.657080218
    outer loop
      vertex -0.503709912 -0.188083604 0.369080186
      vertex -0.50238055 -0.208589241 0.376164019
      vertex -0.506176233 -0.189723805 0.366780311
    endloop
  endfacet
  facet normal 0.732130137 -0.179530278 -0.657080163
    outer loop
      vertex -0.507505596 -0.169218183 0.359696478
      vertex -0.503709912 -0.188083604 0.369080186
      vertex -0.506176233 -0.189723805 0.366780311
    endloop
  endfacet
  facet normal 0.732133734 -0.1795288 -0.65707656
    outer loop
      vertex -0.507505596 -0.169218183 0.359696478
      vertex -0.506176233 -0.189723805 0.366780311
      vertex -0.509971917 -0.170858383 0.357396573
    endloop
  endfacet
  facet normal 0.732132774 -0.179529314 -0.65707749
    outer loop
      vertex -0.483594567 -0.260264933 0.411214918
      vertex -0.479798883 -0.279130369 0.420598656
      vertex -0.482265204 -0.28077054 0.418298751
    endloop
  endfacet
  facet normal 0.732133756 -0.17952891 -0.657076505
    outer loop
      vertex -0.483594567 -0.260264933 0.411214918
      vertex -0.482265204 -0.28077054 0.418298751
      vertex -0.486060888 -0.261905134 0.408915013
    endloop
  endfacet
  facet normal 0.732133631 -0.179528287 -0.657076815
    outer loop
      vertex -0.482265204 -0.28077054 0.418298751
      vertex -0.474673837 -0.318501413 0.437066197
      vertex -0.479606479 -0.321781814 0.432466388
    endloop
  endfacet
  facet normal 0.732133631 -0.179528287 -0.657076815
    outer loop
      vertex -0.482265204 -0.28077054 0.418298751
      vertex -0.479606479 -0.321781814 0.432466388
      vertex -0.487197846 -0.284050941 0.413698941
    endloop
  endfacet
  facet normal 0.732133712 -0.17952869 -0.657076615
    outer loop
      vertex -0.492322892 -0.244679898 0.39723137
      vertex -0.489856571 -0.243039697 0.399531275
      vertex -0.486060888 -0.261905134 0.408915013
    endloop
  endfacet
  facet normal 0.732133756 -0.17952891 -0.657076505
    outer loop
      vertex -0.486060888 -0.261905134 0.408915013
      vertex -0.482265204 -0.28077054 0.418298751
      vertex -0.487197846 -0.284050941 0.413698941
    endloop
  endfacet
  facet normal 0.732129738 -0.179530938 -0.657080428
    outer loop
      vertex -0.487197846 -0.284050941 0.413698941
      vertex -0.494789213 -0.246320084 0.394931495
      vertex -0.492322892 -0.244679898 0.39723137
    endloop
  endfacet
  facet normal 0.732133414 -0.179528971 -0.65707687
    outer loop
      vertex -0.492322892 -0.244679898 0.39723137
      vertex -0.486060888 -0.261905134 0.408915013
      vertex -0.487197846 -0.284050941 0.413698941
    endloop
  endfacet
  facet normal 0.732135555 -0.179527069 -0.657075003
    outer loop
      vertex -0.499721825 -0.249600485 0.390331686
      vertex -0.494789213 -0.246320084 0.394931495
      vertex -0.487197846 -0.284050941 0.413698941
    endloop
  endfacet
  facet normal 0.732133494 -0.179528377 -0.657076942
    outer loop
      vertex -0.487197846 -0.284050941 0.413698941
      vertex -0.479606479 -0.321781814 0.432466388
      vertex -0.489471734 -0.328342587 0.423266798
    endloop
  endfacet
  facet normal 0.732133448 -0.179528699 -0.657076906
    outer loop
      vertex -0.489471734 -0.328342587 0.423266798
      vertex -0.504654467 -0.252880871 0.385731876
      vertex -0.499721825 -0.249600485 0.390331686
    endloop
  endfacet
  facet normal 0.732134328 -0.179528228 -0.657076055
    outer loop
      vertex -0.499721825 -0.249600485 0.390331686
      vertex -0.487197846 -0.284050941 0.413698941
      vertex -0.489471734 -0.328342587 0.423266798
    endloop
  endfacet
  facet normal 0.732133315 -0.17952804 -0.657077234
    outer loop
      vertex -0.506176233 -0.189723805 0.366780311
      vertex -0.50238055 -0.208589241 0.376164019
      vertex -0.507313192 -0.211869627 0.371564209
    endloop
  endfacet
  facet normal 0.732133499 -0.179528956 -0.657076779
    outer loop
      vertex -0.514904559 -0.17413877 0.352796763
      vertex -0.509971917 -0.170858383 0.357396573
      vertex -0.506176233 -0.189723805 0.366780311
    endloop
  endfacet
  facet normal 0.732134383 -0.179527849 -0.657076096
    outer loop
      vertex -0.507313192 -0.211869627 0.371564209
      vertex -0.514904559 -0.17413877 0.352796763
      vertex -0.506176233 -0.189723805 0.366780311
    endloop
  endfacet
  facet normal 0.732135828 -0.179528425 -0.657074329
    outer loop
      vertex -0.498584867 -0.227454662 0.385547757
      vertex -0.494789213 -0.246320084 0.394931495
      vertex -0.499721825 -0.249600485 0.390331686
    endloop
  endfacet
  facet normal 0.732133499 -0.179528956 -0.657076779
    outer loop
      vertex -0.507313192 -0.211869627 0.371564209
      vertex -0.50238055 -0.208589241 0.376164019
      vertex -0.498584867 -0.227454662 0.385547757
    endloop
  endfacet
  facet normal 0.732133606 -0.179528823 -0.657076697
    outer loop
      vertex -0.499721825 -0.249600485 0.390331686
      vertex -0.507313192 -0.211869627 0.371564209
      vertex -0.498584867 -0.227454662 0.385547757
    endloop
  endfacet
  facet normal 0.732133488 -0.179528901 -0.657076806
    outer loop
      vertex -0.507313192 -0.211869627 0.371564209
      vertex -0.499721825 -0.249600485 0.390331686
      vertex -0.504654467 -0.252880871 0.385731876
    endloop
  endfacet
  facet normal 0.73213169 -0.17952964 -0.657078608
    outer loop
      vertex -0.507313192 -0.211869627 0.371564209
      vertex -0.504654467 -0.252880871 0.385731876
      vertex -0.512245834 -0.215150014 0.36696443
    endloop
  endfacet
  facet normal 0.73213169 -0.17952964 -0.657078608
    outer loop
      vertex -0.514904559 -0.17413877 0.352796763
      vertex -0.507313192 -0.211869627 0.371564209
      vertex -0.512245834 -0.215150014 0.36696443
    endloop
  endfacet
  facet normal 0.732133488 -0.179528901 -0.657076806
    outer loop
      vertex -0.514904559 -0.17413877 0.352796763
      vertex -0.512245834 -0.215150014 0.36696443
      vertex -0.519837201 -0.177419156 0.348196954
    endloop
  endfacet
  facet normal 0.732132549 -0.179529069 -0.657077807
    outer loop
      vertex -0.512245834 -0.215150014 0.36696443
      vertex -0.504654467 -0.252880871 0.385731876
      vertex -0.514519751 -0.259441644 0.376532286
    endloop
  endfacet
  facet normal 0.73213466 -0.179528121 -0.657075713
    outer loop
      vertex -0.529702425 -0.183979943 0.338997364
      vertex -0.519837201 -0.177419156 0.348196954
      vertex -0.512245834 -0.215150014 0.36696443
    endloop
  endfacet
  facet normal 0.73213413 -0.179528786 -0.657076123
    outer loop
      vertex -0.514519751 -0.259441644 0.376532286
      vertex -0.529702425 -0.183979943 0.338997364
      vertex -0.512245834 -0.215150014 0.36696443
    endloop
  endfacet
  facet normal 0.732133448 -0.179528699 -0.657076906
    outer loop
      vertex -0.504654467 -0.252880871 0.385731876
      vertex -0.489471734 -0.328342587 0.423266798
      vertex -0.499337018 -0.334903359 0.414067179
    endloop
  endfacet
  facet normal 0.732132549 -0.179529069 -0.657077807
    outer loop
      vertex -0.504654467 -0.252880871 0.385731876
      vertex -0.499337018 -0.334903359 0.414067179
      vertex -0.514519751 -0.259441644 0.376532286
    endloop
  endfacet
  facet normal 0.732133077 -0.179528946 -0.657077252
    outer loop
      vertex -0.585885525 0.206450179 0.169721991
      vertex -0.570702791 0.130988464 0.207256913
      vertex -0.580568075 0.124427684 0.198057309
    endloop
  endfacet
  facet normal 0.732133139 -0.17952892 -0.65707719
    outer loop
      vertex -0.585885525 0.206450179 0.169721991
      vertex -0.580568075 0.124427684 0.198057309
      vertex -0.595750809 0.199889392 0.160522386
    endloop
  endfacet
  facet normal 0.732133139 -0.17952892 -0.65707719
    outer loop
      vertex -0.595750809 0.199889392 0.160522386
      vertex -0.580568075 0.124427684 0.198057309
      vertex -0.590433359 0.117866896 0.188857704
    endloop
  endfacet
  facet normal 0.732135142 -0.179528097 -0.657075183
    outer loop
      vertex -0.595750809 0.199889392 0.160522386
      vertex -0.590433359 0.117866896 0.188857704
      vertex -0.605616033 0.193328604 0.151322782
    endloop
  endfacet
  facet normal 0.732136137 -0.179527228 -0.657074312
    outer loop
      vertex -0.453788847 -0.561288476 0.526671946
      vertex -0.455607712 -0.607841671 0.537364662
      vertex -0.46897155 -0.48582679 0.489137024
    endloop
  endfacet
  facet normal 0.732133866 -0.179528355 -0.657076534
    outer loop
      vertex -0.497784615 -0.398212522 0.433094442
      vertex -0.46897155 -0.48582679 0.489137024
      vertex -0.455607712 -0.607841671 0.537364662
    endloop
  endfacet
  facet normal 0.732134177 -0.179527628 -0.657076387
    outer loop
      vertex -0.432309031 -0.612454772 0.564585149
      vertex -0.455607712 -0.607841671 0.537364662
      vertex -0.453788847 -0.561288476 0.526671946
    endloop
  endfacet
  facet normal 0.732132884 -0.179528859 -0.657077491
    outer loop
      vertex -0.434058309 -0.548166931 0.545071125
      vertex -0.432309031 -0.612454772 0.564585149
      vertex -0.443923563 -0.554727733 0.535871565
    endloop
  endfacet
  facet normal 0.732133175 -0.179528665 -0.657077219
    outer loop
      vertex -0.453788847 -0.561288476 0.526671946
      vertex -0.443923563 -0.554727733 0.535871565
      vertex -0.432309031 -0.612454772 0.564585149
    endloop
  endfacet
  facet normal 0.732133543 -0.179528637 -0.657076817
    outer loop
      vertex -0.409010321 -0.617067873 0.591805637
      vertex -0.432309031 -0.612454772 0.564585149
      vertex -0.434058309 -0.548166931 0.545071125
    endloop
  endfacet
  facet normal 0.732133505 -0.179528432 -0.657076915
    outer loop
      vertex -0.459106296 -0.479266018 0.498336613
      vertex -0.46897155 -0.48582679 0.489137024
      vertex -0.47428903 -0.403804302 0.460801721
    endloop
  endfacet
  facet normal 0.732134405 -0.179528063 -0.657076014
    outer loop
      vertex -0.47428903 -0.403804302 0.460801721
      vertex -0.46897155 -0.48582679 0.489137024
      vertex -0.499337018 -0.334903359 0.414067179
    endloop
  endfacet
  facet normal 0.732133493 -0.179528924 -0.657076795
    outer loop
      vertex -0.489471734 -0.328342587 0.423266798
      vertex -0.47428903 -0.403804302 0.460801721
      vertex -0.499337018 -0.334903359 0.414067179
    endloop
  endfacet
  facet normal 0.732132881 -0.179528847 -0.657077497
    outer loop
      vertex -0.497784615 -0.398212522 0.433094442
      vertex -0.514519751 -0.259441644 0.376532286
      vertex -0.499337018 -0.334903359 0.414067179
    endloop
  endfacet
  facet normal 0.732135244 -0.179527626 -0.657075199
    outer loop
      vertex -0.514519751 -0.259441644 0.376532286
      vertex -0.497784615 -0.398212522 0.433094442
      vertex -0.539961517 -0.188583404 0.328824162
    endloop
  endfacet
  facet normal 0.732133456 -0.179528949 -0.65707683
    outer loop
      vertex -0.447175831 -0.42737627 0.497452408
      vertex -0.449241042 -0.472705215 0.507536232
      vertex -0.464423746 -0.3972435 0.47000131
    endloop
  endfacet
  facet normal 0.732133694 -0.179528598 -0.65707666
    outer loop
      vertex -0.474673837 -0.318501413 0.437066197
      vertex -0.464423746 -0.3972435 0.47000131
      vertex -0.479606479 -0.321781814 0.432466388
    endloop
  endfacet
  facet normal 0.732133568 -0.179528619 -0.657076794
    outer loop
      vertex -0.499337018 -0.334903359 0.414067179
      vertex -0.46897155 -0.48582679 0.489137024
      vertex -0.497784615 -0.398212522 0.433094442
    endloop
  endfacet
  facet normal 0.732132437 -0.179529143 -0.657077911
    outer loop
      vertex -0.447175831 -0.42737627 0.497452408
      vertex -0.434058309 -0.548166931 0.545071125
      vertex -0.449241042 -0.472705215 0.507536232
    endloop
  endfacet
  facet normal 0.732132692 -0.179528911 -0.65707769
    outer loop
      vertex -0.479798883 -0.279130369 0.420598656
      vertex -0.474673837 -0.318501413 0.437066197
      vertex -0.482265204 -0.28077054 0.418298751
    endloop
  endfacet
  facet normal 0.732133634 -0.179528551 -0.65707674
    outer loop
      vertex -0.409010321 -0.617067873 0.591805637
      vertex -0.434058309 -0.548166931 0.545071125
      vertex -0.447175831 -0.42737627 0.497452408
    endloop
  endfacet
  facet normal 0.732132175 -0.179529612 -0.657078075
    outer loop
      vertex -0.48534134 -0.237684667 0.403099149
      vertex -0.447175831 -0.42737627 0.497452408
      vertex -0.479798883 -0.279130369 0.420598656
    endloop
  endfacet
  facet normal 0.732134769 -0.1795278 -0.65707568
    outer loop
      vertex -0.447175831 -0.42737627 0.497452408
      vertex -0.474673837 -0.318501413 0.437066197
      vertex -0.479798883 -0.279130369 0.420598656
    endloop
  endfacet
  facet normal 0.732132983 -0.179529174 -0.657077294
    outer loop
      vertex -0.483594567 -0.260264933 0.411214918
      vertex -0.48534134 -0.237684667 0.403099149
      vertex -0.479798883 -0.279130369 0.420598656
    endloop
  endfacet
  facet normal 0.732133712 -0.17952869 -0.657076615
    outer loop
      vertex -0.483594567 -0.260264933 0.411214918
      vertex -0.486060888 -0.261905134 0.408915013
      vertex -0.48862341 -0.242219597 0.400681227
    endloop
  endfacet
  facet normal 0.732133759 -0.179528563 -0.657076597
    outer loop
      vertex -0.474673837 -0.318501413 0.437066197
      vertex -0.447175831 -0.42737627 0.497452408
      vertex -0.464423746 -0.3972435 0.47000131
    endloop
  endfacet
  facet normal 0.732133712 -0.17952869 -0.657076615
    outer loop
      vertex -0.486060888 -0.261905134 0.408915013
      vertex -0.489856571 -0.243039697 0.399531275
      vertex -0.48862341 -0.242219597 0.400681227
    endloop
  endfacet
  facet normal 0.732124226 -0.179535247 -0.657085392
    outer loop
      vertex -0.488629758 -0.239871591 0.40003261
      vertex -0.48862341 -0.242219597 0.400681227
      vertex -0.490521252 -0.232786894 0.395989358
    endloop
  endfacet
  facet normal 0.732134496 -0.179528516 -0.657075789
    outer loop
      vertex -0.488629758 -0.239871591 0.40003261
      vertex -0.48534134 -0.237684667 0.403099149
      vertex -0.483594567 -0.260264933 0.411214918
    endloop
  endfacet
  facet normal 0.732142127 -0.179521265 -0.657069266
    outer loop
      vertex -0.490521252 -0.232786894 0.395989358
      vertex -0.492419094 -0.223354176 0.391297519
      vertex -0.488629758 -0.239871591 0.40003261
    endloop
  endfacet
  facet normal 0.732129989 -0.179531673 -0.657079948
    outer loop
      vertex -0.492419094 -0.223354176 0.391297519
      vertex -0.497447938 -0.20530884 0.380763829
      vertex -0.495492488 -0.205762237 0.383066505
    endloop
  endfacet
  facet normal 0.732112419 -0.179542516 -0.657096561
    outer loop
      vertex -0.492419094 -0.223354176 0.391297519
      vertex -0.495492488 -0.205762237 0.383066505
      vertex -0.488629758 -0.239871591 0.40003261
    endloop
  endfacet
  facet normal 0.732133712 -0.17952869 -0.657076615
    outer loop
      vertex -0.493652254 -0.224174276 0.390147567
      vertex -0.497447938 -0.20530884 0.380763829
      vertex -0.492419094 -0.223354176 0.391297519
    endloop
  endfacet
  facet normal 0.732126261 -0.17953466 -0.657083286
    outer loop
      vertex -0.48862341 -0.242219597 0.400681227
      vertex -0.488629758 -0.239871591 0.40003261
      vertex -0.483594567 -0.260264933 0.411214918
    endloop
  endfacet
  facet normal 0.732134582 -0.179527732 -0.657075907
    outer loop
      vertex -0.535019934 -0.101957448 0.310662061
      vertex -0.519837201 -0.177419156 0.348196954
      vertex -0.529702425 -0.183979943 0.338997364
    endloop
  endfacet
  facet normal 0.732134879 -0.17952761 -0.657075609
    outer loop
      vertex -0.529702425 -0.183979943 0.338997364
      vertex -0.582138419 0.021045737 0.224553928
      vertex -0.535019934 -0.101957448 0.310662061
    endloop
  endfacet
  facet normal 0.732134567 -0.179527905 -0.657075876
    outer loop
      vertex -0.540337384 -0.0199349578 0.282326728
      vertex -0.550202608 -0.0264957398 0.273127139
      vertex -0.580568075 0.124427684 0.198057309
    endloop
  endfacet
  facet normal 0.732133104 -0.179529078 -0.657077186
    outer loop
      vertex -0.540337384 -0.0199349578 0.282326728
      vertex -0.580568075 0.124427684 0.198057309
      vertex -0.570702791 0.130988464 0.207256913
    endloop
  endfacet
  facet normal 0.732132752 -0.179529687 -0.657077412
    outer loop
      vertex -0.582138419 0.021045737 0.224553928
      vertex -0.550202608 -0.0264957398 0.273127139
      vertex -0.535019934 -0.101957448 0.310662061
    endloop
  endfacet
  facet normal 0.732133567 -0.179528631 -0.657076792
    outer loop
      vertex -0.520222008 -0.0921162739 0.32446146
      vertex -0.52515465 -0.0953966677 0.31986165
      vertex -0.540337384 -0.0199349578 0.282326728
    endloop
  endfacet
  facet normal 0.732133656 -0.179528541 -0.657076718
    outer loop
      vertex -0.539961517 -0.188583404 0.328824162
      vertex -0.582138419 0.021045737 0.224553928
      vertex -0.529702425 -0.183979943 0.338997364
    endloop
  endfacet
  facet normal 0.732133127 -0.179528863 -0.657077219
    outer loop
      vertex -0.550202608 -0.0264957398 0.273127139
      vertex -0.590433359 0.117866896 0.188857704
      vertex -0.580568075 0.124427684 0.198057309
    endloop
  endfacet
  facet normal 0.732132696 -0.179529262 -0.65707759
    outer loop
      vertex -0.582138419 0.021045737 0.224553928
      vertex -0.624315321 0.230674878 0.120283663
      vertex -0.605616033 0.193328604 0.151322782
    endloop
  endfacet
  facet normal 0.73213659 -0.179527134 -0.657073833
    outer loop
      vertex -0.582138419 0.021045737 0.224553928
      vertex -0.605616033 0.193328604 0.151322782
      vertex -0.590433359 0.117866896 0.188857704
    endloop
  endfacet
  facet normal 0.732133089 -0.179528806 -0.657077277
    outer loop
      vertex -0.606872678 0.255167902 0.133026659
      vertex -0.605616033 0.193328604 0.151322782
      vertex -0.624315321 0.230674878 0.120283663
    endloop
  endfacet
  facet normal 0.732135151 -0.179528138 -0.657075162
    outer loop
      vertex -0.605616033 0.193328604 0.151322782
      vertex -0.606872678 0.255167902 0.133026659
      vertex -0.595750809 0.199889392 0.160522386
    endloop
  endfacet
  facet normal 0.732133237 -0.17952941 -0.657076947
    outer loop
      vertex -0.606872678 0.255167902 0.133026659
      vertex -0.585885525 0.206450179 0.169721991
      vertex -0.595750809 0.199889392 0.160522386
    endloop
  endfacet
  facet normal 0.732133604 -0.179528481 -0.657076792
    outer loop
      vertex -0.590433359 0.117866896 0.188857704
      vertex -0.550202608 -0.0264957398 0.273127139
      vertex -0.582138419 0.021045737 0.224553928
    endloop
  endfacet
  facet normal 0.732134699 -0.179528017 -0.657075699
    outer loop
      vertex -0.540337384 -0.0199349578 0.282326728
      vertex -0.570702791 0.130988464 0.207256913
      vertex -0.559309006 0.129951984 0.220235422
    endloop
  endfacet
  facet normal 0.732133817 -0.179528483 -0.657076554
    outer loop
      vertex -0.540337384 -0.0199349578 0.282326728
      vertex -0.559309006 0.129951984 0.220235422
      vertex -0.529187918 -0.0197569765 0.294701159
    endloop
  endfacet
  facet normal 0.732133915 -0.179529698 -0.657076113
    outer loop
      vertex -0.500010431 -0.185623318 0.372530043
      vertex -0.497447938 -0.20530884 0.380763829
      vertex -0.501243591 -0.186443418 0.371380091
    endloop
  endfacet
  facet normal 0.732127912 -0.179530511 -0.65708258
    outer loop
      vertex -0.502355218 -0.171652868 0.366100401
      vertex -0.500010431 -0.185623318 0.372530043
      vertex -0.501908302 -0.1761906 0.367838174
    endloop
  endfacet
  facet normal 0.732154939 -0.179514169 -0.657056929
    outer loop
      vertex -0.500010431 -0.185623318 0.372530043
      vertex -0.502355218 -0.171652868 0.366100401
      vertex -0.495492488 -0.205762237 0.383066505
    endloop
  endfacet
  facet normal 0.732132634 -0.179533778 -0.657076425
    outer loop
      vertex -0.502572954 -0.165937796 0.364296257
      vertex -0.4990668 -0.169465944 0.369166911
      vertex -0.502355218 -0.171652868 0.366100401
    endloop
  endfacet
  facet normal 0.732127331 -0.179535682 -0.657081814
    outer loop
      vertex -0.502355218 -0.171652868 0.366100401
      vertex -0.503806114 -0.166757897 0.363146335
      vertex -0.502572954 -0.165937796 0.364296257
    endloop
  endfacet
  facet normal 0.732141071 -0.179524254 -0.657069627
    outer loop
      vertex -0.503806114 -0.166757897 0.363146335
      vertex -0.502355218 -0.171652868 0.366100401
      vertex -0.501908302 -0.1761906 0.367838174
    endloop
  endfacet
  facet normal 0.732137138 -0.179525497 -0.657073669
    outer loop
      vertex -0.506368637 -0.14707236 0.354912549
      vertex -0.4990668 -0.169465944 0.369166911
      vertex -0.502572954 -0.165937796 0.364296257
    endloop
  endfacet
  facet normal 0.732129954 -0.179531817 -0.657079947
    outer loop
      vertex -0.497447938 -0.20530884 0.380763829
      vertex -0.500010431 -0.185623318 0.372530043
      vertex -0.495492488 -0.205762237 0.383066505
    endloop
  endfacet
  facet normal 0.732133636 -0.179528314 -0.657076801
    outer loop
      vertex -0.520222008 -0.0921162739 0.32446146
      vertex -0.51016432 -0.128206939 0.345528811
      vertex -0.512630641 -0.129847139 0.343228906
    endloop
  endfacet
  facet normal 0.732133824 -0.179528425 -0.657076561
    outer loop
      vertex -0.529187918 -0.0197569765 0.294701159
      vertex -0.520222008 -0.0921162739 0.32446146
      vertex -0.540337384 -0.0199349578 0.282326728
    endloop
  endfacet
  facet normal 0.732135195 -0.179527488 -0.657075291
    outer loop
      vertex -0.51016432 -0.128206939 0.345528811
      vertex -0.529187918 -0.0197569765 0.294701159
      vertex -0.4990668 -0.169465944 0.369166911
    endloop
  endfacet
  facet normal 0.732132882 -0.179528919 -0.657077477
    outer loop
      vertex -0.529187918 -0.0197569765 0.294701159
      vertex -0.51016432 -0.128206939 0.345528811
      vertex -0.520222008 -0.0921162739 0.32446146
    endloop
  endfacet
  facet normal 0.732134699 -0.179528015 -0.657075699
    outer loop
      vertex -0.589430094 0.27966094 0.145769656
      vertex -0.559309006 0.129951984 0.220235422
      vertex -0.570702791 0.130988464 0.207256913
    endloop
  endfacet
  facet normal 0.732133621 -0.179528584 -0.657076745
    outer loop
      vertex -0.589430094 0.27966094 0.145769656
      vertex -0.570702791 0.130988464 0.207256913
      vertex -0.585885525 0.206450179 0.169721991
    endloop
  endfacet
  facet normal 0.732134247 -0.179528347 -0.657076112
    outer loop
      vertex -0.589430094 0.27966094 0.145769656
      vertex -0.585885525 0.206450179 0.169721991
      vertex -0.606872678 0.255167902 0.133026659
    endloop
  endfacet
  facet normal 0.73213235 -0.17952972 -0.657077851
    outer loop
      vertex -0.506368637 -0.14707236 0.354912549
      vertex -0.51016432 -0.128206939 0.345528811
      vertex -0.4990668 -0.169465944 0.369166911
    endloop
  endfacet
  facet normal 0.732133701 -0.179529071 -0.657076523
    outer loop
      vertex -0.539961517 -0.188583404 0.328824162
      vertex -0.529702425 -0.183979943 0.338997364
      vertex -0.514519751 -0.259441644 0.376532286
    endloop
  endfacet
  facet normal -0.732133748 0.179530191 0.657076164
    outer loop
      vertex -0.550971448 -0.216032386 0.445807725
      vertex -0.554114878 -0.200408533 0.438036382
      vertex -0.55904752 -0.20368892 0.433436573
    endloop
  endfacet
  facet normal -0.732137595 0.179526427 0.657072906
    outer loop
      vertex -0.552760541 -0.234936625 0.448979288
      vertex -0.547827959 -0.231656224 0.453579098
      vertex -0.550971448 -0.216032386 0.445807725
    endloop
  endfacet
  facet normal -0.732136378 0.179526535 0.657074233
    outer loop
      vertex -0.55904752 -0.20368892 0.433436573
      vertex -0.552760541 -0.234936625 0.448979288
      vertex -0.550971448 -0.216032386 0.445807725
    endloop
  endfacet
  facet normal -0.732137716 0.179527025 0.657072608
    outer loop
      vertex -0.547827959 -0.231656224 0.453579098
      vertex -0.552760541 -0.234936625 0.448979288
      vertex -0.546473622 -0.2661843 0.464522004
    endloop
  endfacet
  facet normal -0.73213136 0.17952932 0.657079063
    outer loop
      vertex -0.547827959 -0.231656224 0.453579098
      vertex -0.546473622 -0.2661843 0.464522004
      vertex -0.54154098 -0.262903929 0.469121784
    endloop
  endfacet
  facet normal -0.732132668 0.179529001 0.657077692
    outer loop
      vertex -0.552760541 -0.234936625 0.448979288
      vertex -0.55904752 -0.20368892 0.433436573
      vertex -0.568912804 -0.210249707 0.424236983
    endloop
  endfacet
  facet normal -0.732135802 0.179528297 0.657074393
    outer loop
      vertex -0.556338847 -0.272745103 0.455322385
      vertex -0.546473622 -0.2661843 0.464522004
      vertex -0.552760541 -0.234936625 0.448979288
    endloop
  endfacet
  facet normal -0.732132997 0.179528545 0.657077451
    outer loop
      vertex -0.568912804 -0.210249707 0.424236983
      vertex -0.556338847 -0.272745103 0.455322385
      vertex -0.552760541 -0.234936625 0.448979288
    endloop
  endfacet
  facet normal -0.73213568 0.179527689 0.657074695
    outer loop
      vertex -0.546473622 -0.2661843 0.464522004
      vertex -0.556338847 -0.272745103 0.455322385
      vertex -0.543764949 -0.335240483 0.486407816
    endloop
  endfacet
  facet normal -0.732132502 0.179528836 0.657077923
    outer loop
      vertex -0.546473622 -0.2661843 0.464522004
      vertex -0.543764949 -0.335240483 0.486407816
      vertex -0.533899665 -0.328679711 0.495607406
    endloop
  endfacet
  facet normal -0.73213354 0.179528497 0.657076859
    outer loop
      vertex -0.568912804 -0.210249707 0.424236983
      vertex -0.578778088 -0.216810495 0.415037364
      vertex -0.566204131 -0.279305875 0.446122795
    endloop
  endfacet
  facet normal -0.732132509 0.179528869 0.657077906
    outer loop
      vertex -0.568912804 -0.210249707 0.424236983
      vertex -0.566204131 -0.279305875 0.446122795
      vertex -0.556338847 -0.272745103 0.455322385
    endloop
  endfacet
  facet normal -0.732132624 0.179529445 0.65707762
    outer loop
      vertex -0.556338847 -0.272745103 0.455322385
      vertex -0.566204131 -0.279305875 0.446122795
      vertex -0.553630233 -0.341801256 0.477208197
    endloop
  endfacet
  facet normal -0.732133532 0.179529117 0.657076698
    outer loop
      vertex -0.556338847 -0.272745103 0.455322385
      vertex -0.553630233 -0.341801256 0.477208197
      vertex -0.543764949 -0.335240483 0.486407816
    endloop
  endfacet
  facet normal -0.732135874 0.179527547 0.657074518
    outer loop
      vertex -0.553630233 -0.341801256 0.477208197
      vertex -0.558562815 -0.345081657 0.472608417
      vertex -0.552275896 -0.376329362 0.488151103
    endloop
  endfacet
  facet normal -0.732133644 0.179528352 0.657076782
    outer loop
      vertex -0.553630233 -0.341801256 0.477208197
      vertex -0.552275896 -0.376329362 0.488151103
      vertex -0.547343254 -0.373048961 0.492750913
    endloop
  endfacet
  facet normal -0.732130283 0.179531002 0.657079803
    outer loop
      vertex -0.526258409 -0.394455492 0.522093058
      vertex -0.521325767 -0.391175091 0.526692808
      vertex -0.533899665 -0.328679711 0.495607406
    endloop
  endfacet
  facet normal -0.732137015 0.179526186 0.657073618
    outer loop
      vertex -0.543764949 -0.335240483 0.486407816
      vertex -0.531190991 -0.397735864 0.517493248
      vertex -0.526258409 -0.394455492 0.522093058
    endloop
  endfacet
  facet normal -0.732132691 0.179529777 0.657077455
    outer loop
      vertex -0.533899665 -0.328679711 0.495607406
      vertex -0.543764949 -0.335240483 0.486407816
      vertex -0.526258409 -0.394455492 0.522093058
    endloop
  endfacet
  facet normal -0.732133769 0.179528972 0.657076474
    outer loop
      vertex -0.516393125 -0.38789469 0.531292617
      vertex -0.521325767 -0.391175091 0.526692808
      vertex -0.515038788 -0.422422767 0.542235553
    endloop
  endfacet
  facet normal -0.732133273 0.179529151 0.657076978
    outer loop
      vertex -0.516393125 -0.38789469 0.531292617
      vertex -0.515038788 -0.422422767 0.542235553
      vertex -0.510106146 -0.419142395 0.546835363
    endloop
  endfacet
  facet normal -0.73213265 0.179529075 0.657077693
    outer loop
      vertex -0.609343231 0.0462926216 0.309094876
      vertex -0.619208515 0.0397318378 0.299895287
      vertex -0.606634557 -0.0227635484 0.330980718
    endloop
  endfacet
  facet normal -0.732134657 0.17952835 0.657075655
    outer loop
      vertex -0.609343231 0.0462926216 0.309094876
      vertex -0.606634557 -0.0227635484 0.330980718
      vertex -0.596769333 -0.0162027664 0.340180308
    endloop
  endfacet
  facet normal -0.732134607 0.179528103 0.657075778
    outer loop
      vertex -0.596769333 -0.0162027664 0.340180308
      vertex -0.606634557 -0.0227635484 0.330980718
      vertex -0.594060659 -0.0852589384 0.36206612
    endloop
  endfacet
  facet normal -0.732133538 0.179528489 0.657076863
    outer loop
      vertex -0.596769333 -0.0162027664 0.340180308
      vertex -0.594060659 -0.0852589384 0.36206612
      vertex -0.584195375 -0.0786981508 0.371265739
    endloop
  endfacet
  facet normal -0.732131699 0.179529684 0.657078586
    outer loop
      vertex -0.579262733 -0.0754177645 0.375865519
      vertex -0.584195375 -0.0786981508 0.371265739
      vertex -0.577908397 -0.109945849 0.386808455
    endloop
  endfacet
  facet normal -0.732135868 0.179528178 0.657074352
    outer loop
      vertex -0.579262733 -0.0754177645 0.375865519
      vertex -0.577908397 -0.109945849 0.386808455
      vertex -0.572975814 -0.106665455 0.391408235
    endloop
  endfacet
  facet normal -0.73213577 0.179527692 0.657074594
    outer loop
      vertex -0.572975814 -0.106665455 0.391408235
      vertex -0.577908397 -0.109945849 0.386808455
      vertex -0.571621478 -0.141193539 0.402351141
    endloop
  endfacet
  facet normal -0.732133416 0.179528542 0.657076985
    outer loop
      vertex -0.572975814 -0.106665455 0.391408235
      vertex -0.571621478 -0.141193539 0.402351141
      vertex -0.566688836 -0.137913153 0.406950951
    endloop
  endfacet
  facet normal -0.732133533 0.179528464 0.657076875
    outer loop
      vertex -0.577908397 -0.109945849 0.386808455
      vertex -0.584195375 -0.0786981508 0.371265739
      vertex -0.594060659 -0.0852589384 0.36206612
    endloop
  endfacet
  facet normal -0.732134715 0.179528393 0.657075578
    outer loop
      vertex -0.581486702 -0.147754326 0.393151551
      vertex -0.571621478 -0.141193539 0.402351141
      vertex -0.577908397 -0.109945849 0.386808455
    endloop
  endfacet
  facet normal -0.732133508 0.1795285 0.657076894
    outer loop
      vertex -0.594060659 -0.0852589384 0.36206612
      vertex -0.581486702 -0.147754326 0.393151551
      vertex -0.577908397 -0.109945849 0.386808455
    endloop
  endfacet
  facet normal -0.732134595 0.179527795 0.657075875
    outer loop
      vertex -0.565334499 -0.172441229 0.417893857
      vertex -0.571621478 -0.141193539 0.402351141
      vertex -0.581486702 -0.147754326 0.393151551
    endloop
  endfacet
  facet normal -0.732132682 0.179529068 0.657077659
    outer loop
      vertex -0.568912804 -0.210249707 0.424236983
      vertex -0.55904752 -0.20368892 0.433436573
      vertex -0.565334499 -0.172441229 0.417893857
    endloop
  endfacet
  facet normal -0.732133747 0.179528974 0.657076497
    outer loop
      vertex -0.581486702 -0.147754326 0.393151551
      vertex -0.568912804 -0.210249707 0.424236983
      vertex -0.565334499 -0.172441229 0.417893857
    endloop
  endfacet
  facet normal -0.732133534 0.179529128 0.657076693
    outer loop
      vertex -0.563545346 -0.15353699 0.414722323
      vertex -0.566688836 -0.137913153 0.406950951
      vertex -0.571621478 -0.141193539 0.402351141
    endloop
  endfacet
  facet normal -0.732133312 0.179528022 0.657077243
    outer loop
      vertex -0.565334499 -0.172441229 0.417893857
      vertex -0.560401857 -0.169160843 0.422493666
      vertex -0.563545346 -0.15353699 0.414722323
    endloop
  endfacet
  facet normal -0.732134399 0.179527926 0.657076058
    outer loop
      vertex -0.571621478 -0.141193539 0.402351141
      vertex -0.565334499 -0.172441229 0.417893857
      vertex -0.563545346 -0.15353699 0.414722323
    endloop
  endfacet
  facet normal -0.732133423 0.179528575 0.657076968
    outer loop
      vertex -0.560401857 -0.169160843 0.422493666
      vertex -0.565334499 -0.172441229 0.417893857
      vertex -0.55904752 -0.20368892 0.433436573
    endloop
  endfacet
  facet normal -0.732133423 0.179528575 0.657076968
    outer loop
      vertex -0.560401857 -0.169160843 0.422493666
      vertex -0.55904752 -0.20368892 0.433436573
      vertex -0.554114878 -0.200408533 0.438036382
    endloop
  endfacet
  facet normal -0.732134985 0.179527975 0.657075391
    outer loop
      vertex -0.647065043 0.233778775 0.215838626
      vertex -0.656930268 0.227218002 0.206639022
      vertex -0.64435637 0.164722607 0.237724438
    endloop
  endfacet
  facet normal -0.732133086 0.179528661 0.657077319
    outer loop
      vertex -0.647065043 0.233778775 0.215838626
      vertex -0.64435637 0.164722607 0.237724438
      vertex -0.634491086 0.171283394 0.246924043
    endloop
  endfacet
  facet normal -0.732133111 0.179528782 0.657077259
    outer loop
      vertex -0.656930268 0.227218002 0.206639022
      vertex -0.666795552 0.220657215 0.197439417
      vertex -0.654221594 0.158161834 0.228524849
    endloop
  endfacet
  facet normal -0.732134556 0.179528261 0.657075792
    outer loop
      vertex -0.656930268 0.227218002 0.206639022
      vertex -0.654221594 0.158161834 0.228524849
      vertex -0.64435637 0.164722607 0.237724438
    endloop
  endfacet
  facet normal -0.732134373 0.179527933 0.657076085
    outer loop
      vertex -0.547343254 -0.373048961 0.492750913
      vertex -0.544517934 -0.398626208 0.502887249
      vertex -0.538814008 -0.40468666 0.51089859
    endloop
  endfacet
  facet normal -0.732134197 0.179527784 0.657076322
    outer loop
      vertex -0.552275896 -0.376329362 0.488151103
      vertex -0.553750217 -0.396798253 0.492100924
      vertex -0.544517934 -0.398626208 0.502887249
    endloop
  endfacet
  facet normal -0.732135856 0.179527559 0.657074534
    outer loop
      vertex -0.553750217 -0.396798253 0.492100924
      vertex -0.552275896 -0.376329362 0.488151103
      vertex -0.558562815 -0.345081657 0.472608417
    endloop
  endfacet
  facet normal -0.73213341 0.179528508 0.657077001
    outer loop
      vertex -0.547343254 -0.373048961 0.492750913
      vertex -0.543764949 -0.335240483 0.486407816
      vertex -0.553630233 -0.341801256 0.477208197
    endloop
  endfacet
  facet normal -0.732133634 0.179528301 0.657076808
    outer loop
      vertex -0.547343254 -0.373048961 0.492750913
      vertex -0.552275896 -0.376329362 0.488151103
      vertex -0.544517934 -0.398626208 0.502887249
    endloop
  endfacet
  facet normal -0.732135827 0.179527315 0.657074633
    outer loop
      vertex -0.566204131 -0.279305875 0.446122795
      vertex -0.558562815 -0.345081657 0.472608417
      vertex -0.553630233 -0.341801256 0.477208197
    endloop
  endfacet
  facet normal -0.73213503 0.179527417 0.657075494
    outer loop
      vertex -0.533110082 -0.410747081 0.518909931
      vertex -0.547343254 -0.373048961 0.492750913
      vertex -0.538814008 -0.40468666 0.51089859
    endloop
  endfacet
  facet normal -0.732133753 0.179528537 0.65707661
    outer loop
      vertex -0.586013973 -0.236439705 0.412338048
      vertex -0.553750217 -0.396798253 0.492100924
      vertex -0.558562815 -0.345081657 0.472608417
    endloop
  endfacet
  facet normal -0.732135978 0.179525735 0.657074897
    outer loop
      vertex -0.52170223 -0.422867954 0.534932554
      vertex -0.526258409 -0.394455492 0.522093058
      vertex -0.527406156 -0.416807532 0.526921213
    endloop
  endfacet
  facet normal -0.732135978 0.179525735 0.657074897
    outer loop
      vertex -0.526258409 -0.394455492 0.522093058
      vertex -0.52170223 -0.422867954 0.534932554
      vertex -0.515998304 -0.428928375 0.542943895
    endloop
  endfacet
  facet normal -0.732135186 0.179526491 0.657075572
    outer loop
      vertex -0.510294378 -0.434988827 0.550955236
      vertex -0.515038788 -0.422422767 0.542235553
      vertex -0.515998304 -0.428928375 0.542943895
    endloop
  endfacet
  facet normal -0.732130194 0.179530558 0.657080024
    outer loop
      vertex -0.526258409 -0.394455492 0.522093058
      vertex -0.515998304 -0.428928375 0.542943895
      vertex -0.521325767 -0.391175091 0.526692808
    endloop
  endfacet
  facet normal -0.73213354 0.179528497 0.657076859
    outer loop
      vertex -0.547343254 -0.373048961 0.492750913
      vertex -0.531190991 -0.397735864 0.517493248
      vertex -0.543764949 -0.335240483 0.486407816
    endloop
  endfacet
  facet normal -0.732130737 0.179529634 0.657079671
    outer loop
      vertex -0.531190991 -0.397735864 0.517493248
      vertex -0.533110082 -0.410747081 0.518909931
      vertex -0.527406156 -0.416807532 0.526921213
    endloop
  endfacet
  facet normal -0.732136891 0.179525572 0.657073924
    outer loop
      vertex -0.531190991 -0.397735864 0.517493248
      vertex -0.527406156 -0.416807532 0.526921213
      vertex -0.526258409 -0.394455492 0.522093058
    endloop
  endfacet
  facet normal -0.732132686 0.179529684 0.657077486
    outer loop
      vertex -0.533110082 -0.410747081 0.518909931
      vertex -0.531190991 -0.397735864 0.517493248
      vertex -0.547343254 -0.373048961 0.492750913
    endloop
  endfacet
  facet normal -0.732134955 0.17952786 0.657075456
    outer loop
      vertex -0.578778088 -0.216810495 0.415037364
      vertex -0.618277729 -0.0760811716 0.332575142
      vertex -0.586013973 -0.236439705 0.412338048
    endloop
  endfacet
  facet normal -0.732134704 0.179527723 0.657075774
    outer loop
      vertex -0.586013973 -0.236439705 0.412338048
      vertex -0.566204131 -0.279305875 0.446122795
      vertex -0.578778088 -0.216810495 0.415037364
    endloop
  endfacet
  facet normal -0.732134428 0.179528027 0.657075997
    outer loop
      vertex -0.566204131 -0.279305875 0.446122795
      vertex -0.586013973 -0.236439705 0.412338048
      vertex -0.558562815 -0.345081657 0.472608417
    endloop
  endfacet
  facet normal -0.732133868 0.179528236 0.657076565
    outer loop
      vertex -0.650541544 0.0842773616 0.252812266
      vertex -0.618277729 -0.0760811716 0.332575142
      vertex -0.606634557 -0.0227635484 0.330980718
    endloop
  endfacet
  facet normal -0.732133787 0.179528319 0.657076633
    outer loop
      vertex -0.650541544 0.0842773616 0.252812266
      vertex -0.606634557 -0.0227635484 0.330980718
      vertex -0.619208515 0.0397318378 0.299895287
    endloop
  endfacet
  facet normal -0.732132519 0.179529427 0.657077743
    outer loop
      vertex -0.6828053 0.244635895 0.173049375
      vertex -0.650541544 0.0842773616 0.252812266
      vertex -0.654221594 0.158161834 0.228524849
    endloop
  endfacet
  facet normal -0.732133635 0.179528434 0.657076771
    outer loop
      vertex -0.6828053 0.244635895 0.173049375
      vertex -0.654221594 0.158161834 0.228524849
      vertex -0.666795552 0.220657215 0.197439417
    endloop
  endfacet
  facet normal -0.732133208 0.179529163 0.657077047
    outer loop
      vertex -0.619208515 0.0397318378 0.299895287
      vertex -0.654221594 0.158161834 0.228524849
      vertex -0.650541544 0.0842773616 0.252812266
    endloop
  endfacet
  facet normal -0.732133312 0.179528888 0.657077005
    outer loop
      vertex -0.665362656 0.269128948 0.185792372
      vertex -0.6828053 0.244635895 0.173049375
      vertex -0.666795552 0.220657215 0.197439417
    endloop
  endfacet
  facet normal -0.732133361 0.179529143 0.657076882
    outer loop
      vertex -0.581486702 -0.147754326 0.393151551
      vertex -0.618277729 -0.0760811716 0.332575142
      vertex -0.578778088 -0.216810495 0.415037364
    endloop
  endfacet
  facet normal -0.732133649 0.179529039 0.657076589
    outer loop
      vertex -0.578778088 -0.216810495 0.415037364
      vertex -0.568912804 -0.210249707 0.424236983
      vertex -0.581486702 -0.147754326 0.393151551
    endloop
  endfacet
  facet normal -0.73213429 0.179528314 0.657076073
    outer loop
      vertex -0.618277729 -0.0760811716 0.332575142
      vertex -0.594060659 -0.0852589384 0.36206612
      vertex -0.606634557 -0.0227635484 0.330980718
    endloop
  endfacet
  facet normal -0.732134416 0.179527896 0.657076047
    outer loop
      vertex -0.618277729 -0.0760811716 0.332575142
      vertex -0.581486702 -0.147754326 0.393151551
      vertex -0.594060659 -0.0852589384 0.36206612
    endloop
  endfacet
  facet normal -0.732134518 0.179528075 0.657075884
    outer loop
      vertex -0.654221594 0.158161834 0.228524849
      vertex -0.619208515 0.0397318378 0.299895287
      vertex -0.64435637 0.164722607 0.237724438
    endloop
  endfacet
  facet normal -0.732132693 0.179529289 0.657077586
    outer loop
      vertex -0.64435637 0.164722607 0.237724438
      vertex -0.619208515 0.0397318378 0.299895287
      vertex -0.609343231 0.0462926216 0.309094876
    endloop
  endfacet
  facet normal -0.732133138 0.179528919 0.657077191
    outer loop
      vertex -0.64435637 0.164722607 0.237724438
      vertex -0.609343231 0.0462926216 0.309094876
      vertex -0.634491086 0.171283394 0.246924043
    endloop
  endfacet
  facet normal -0.73213314 0.179528927 0.657077187
    outer loop
      vertex -0.666795552 0.220657215 0.197439417
      vertex -0.656930268 0.227218002 0.206639022
      vertex -0.665362656 0.269128948 0.185792372
    endloop
  endfacet
  facet normal -0.732134936 0.179527732 0.657075512
    outer loop
      vertex -0.656930268 0.227218002 0.206639022
      vertex -0.647065043 0.233778775 0.215838626
      vertex -0.665362656 0.269128948 0.185792372
    endloop
  endfacet
  facet normal -0.732137415 0.179526547 0.657073074
    outer loop
      vertex -0.521325767 -0.391175091 0.526692808
      vertex -0.515998304 -0.428928375 0.542943895
      vertex -0.515038788 -0.422422767 0.542235553
    endloop
  endfacet
  facet normal -0.732133136 0.179528474 0.657077315
    outer loop
      vertex -0.510294378 -0.434988827 0.550955236
      vertex -0.510106146 -0.419142395 0.546835363
      vertex -0.515038788 -0.422422767 0.542235553
    endloop
  endfacet
  facet normal -0.732135015 0.179527986 0.657075355
    outer loop
      vertex -0.504590511 -0.441049248 0.558966517
      vertex -0.510106146 -0.419142395 0.546835363
      vertex -0.510294378 -0.434988827 0.550955236
    endloop
  endfacet
  facet normal -0.732131409 0.179529563 0.657078942
    outer loop
      vertex -0.54154098 -0.262903929 0.469121784
      vertex -0.546473622 -0.2661843 0.464522004
      vertex -0.533899665 -0.328679711 0.495607406
    endloop
  endfacet
  facet normal -0.732134169 0.179528159 0.657076251
    outer loop
      vertex -0.54154098 -0.262903929 0.469121784
      vertex -0.533899665 -0.328679711 0.495607406
      vertex -0.521836281 -0.333044201 0.51024127
    endloop
  endfacet
  facet normal -0.732134096 0.179528403 0.657076264
    outer loop
      vertex -0.516393125 -0.38789469 0.531292617
      vertex -0.521836281 -0.333044201 0.51024127
      vertex -0.533899665 -0.328679711 0.495607406
    endloop
  endfacet
  facet normal -0.732133718 0.179528718 0.657076601
    outer loop
      vertex -0.516393125 -0.38789469 0.531292617
      vertex -0.533899665 -0.328679711 0.495607406
      vertex -0.521325767 -0.391175091 0.526692808
    endloop
  endfacet
  facet normal -0.732132221 0.179529851 0.657077959
    outer loop
      vertex -0.516393125 -0.38789469 0.531292617
      vertex -0.510106146 -0.419142395 0.546835363
      vertex -0.498886555 -0.447109699 0.566977859
    endloop
  endfacet
  facet normal -0.732133846 0.179528419 0.65707654
    outer loop
      vertex -0.54154098 -0.262903929 0.469121784
      vertex -0.521836281 -0.333044201 0.51024127
      vertex -0.544785976 -0.218978733 0.453504741
    endloop
  endfacet
  facet normal -0.73213125 0.179530827 0.657078774
    outer loop
      vertex -0.498886555 -0.447109699 0.566977859
      vertex -0.510106146 -0.419142395 0.546835363
      vertex -0.504590511 -0.441049248 0.558966517
    endloop
  endfacet
  facet normal -0.732133785 0.179528552 0.657076571
    outer loop
      vertex -0.498886555 -0.447109699 0.566977859
      vertex -0.521836281 -0.333044201 0.51024127
      vertex -0.516393125 -0.38789469 0.531292617
    endloop
  endfacet
  facet normal -0.732130667 0.179529781 0.657079709
    outer loop
      vertex -0.547827959 -0.231656224 0.453579098
      vertex -0.54154098 -0.262903929 0.469121784
      vertex -0.544785976 -0.218978733 0.453504741
    endloop
  endfacet
  facet normal -0.732130921 0.179532071 0.657078801
    outer loop
      vertex -0.548074424 -0.221165657 0.450438201
      vertex -0.554114878 -0.200408533 0.438036382
      vertex -0.550971448 -0.216032386 0.445807725
    endloop
  endfacet
  facet normal -0.732139592 0.179524939 0.657071088
    outer loop
      vertex -0.554937124 -0.187056288 0.433472097
      vertex -0.554114878 -0.200408533 0.438036382
      vertex -0.548074424 -0.221165657 0.450438201
    endloop
  endfacet
  facet normal -0.732131537 0.179529983 0.657078685
    outer loop
      vertex -0.547827959 -0.231656224 0.453579098
      vertex -0.544785976 -0.218978733 0.453504741
      vertex -0.548074424 -0.221165657 0.450438201
    endloop
  endfacet
  facet normal -0.732132948 0.179529518 0.657077239
    outer loop
      vertex -0.548074424 -0.221165657 0.450438201
      vertex -0.550971448 -0.216032386 0.445807725
      vertex -0.547827959 -0.231656224 0.453579098
    endloop
  endfacet
  facet normal -0.732135756 0.17952765 0.657074621
    outer loop
      vertex -0.561799884 -0.152946934 0.416505963
      vertex -0.566688836 -0.137913153 0.406950951
      vertex -0.563545346 -0.15353699 0.414722323
    endloop
  endfacet
  facet normal -0.732135722 0.179526419 0.657074995
    outer loop
      vertex -0.563545346 -0.15353699 0.414722323
      vertex -0.560401857 -0.169160843 0.422493666
      vertex -0.561799884 -0.152946934 0.416505963
    endloop
  endfacet
  facet normal -0.732131704 0.179529709 0.657078573
    outer loop
      vertex -0.579262733 -0.0754177645 0.375865519
      vertex -0.596769333 -0.0162027664 0.340180308
      vertex -0.584195375 -0.0786981508 0.371265739
    endloop
  endfacet
  facet normal -0.732133405 0.179529183 0.657076822
    outer loop
      vertex -0.596769333 -0.0162027664 0.340180308
      vertex -0.588314295 -0.00263267383 0.345893472
      vertex -0.609343231 0.0462926216 0.309094876
    endloop
  endfacet
  facet normal -0.732135572 0.179527008 0.657075002
    outer loop
      vertex -0.634491086 0.171283394 0.246924043
      vertex -0.618117213 0.145494655 0.272214413
      vertex -0.647065043 0.233778775 0.215838626
    endloop
  endfacet
  facet normal -0.732134544 0.179527984 0.65707588
    outer loop
      vertex -0.634491086 0.171283394 0.246924043
      vertex -0.609343231 0.0462926216 0.309094876
      vertex -0.588314295 -0.00263267383 0.345893472
    endloop
  endfacet
  facet normal -0.73213527 0.17952742 0.657075226
    outer loop
      vertex -0.634491086 0.171283394 0.246924043
      vertex -0.588314295 -0.00263267383 0.345893472
      vertex -0.618117213 0.145494655 0.272214413
    endloop
  endfacet
  facet normal -0.732134184 0.179528031 0.657076269
    outer loop
      vertex -0.572975814 -0.106665455 0.391408235
      vertex -0.566688836 -0.137913153 0.406950951
      vertex -0.558511436 -0.150759995 0.419572502
    endloop
  endfacet
  facet normal -0.732132112 0.179530859 0.657077805
    outer loop
      vertex -0.558511436 -0.150759995 0.419572502
      vertex -0.566688836 -0.137913153 0.406950951
      vertex -0.561799884 -0.152946934 0.416505963
    endloop
  endfacet
  facet normal -0.732138267 0.179525268 0.657072474
    outer loop
      vertex -0.561799884 -0.152946934 0.416505963
      vertex -0.560401857 -0.169160843 0.422493666
      vertex -0.554937124 -0.187056288 0.433472097
    endloop
  endfacet
  facet normal -0.732128429 0.179533126 0.657081289
    outer loop
      vertex -0.579262733 -0.0754177645 0.375865519
      vertex -0.572975814 -0.106665455 0.391408235
      vertex -0.558511436 -0.150759995 0.419572502
    endloop
  endfacet
  facet normal -0.732136125 0.179527002 0.657074387
    outer loop
      vertex -0.558511436 -0.150759995 0.419572502
      vertex -0.588314295 -0.00263267383 0.345893472
      vertex -0.579262733 -0.0754177645 0.375865519
    endloop
  endfacet
  facet normal -0.732133981 0.179528416 0.65707639
    outer loop
      vertex -0.618117213 0.145494655 0.272214413
      vertex -0.647920072 0.293621987 0.198535383
      vertex -0.647065043 0.233778775 0.215838626
    endloop
  endfacet
  facet normal -0.732132976 0.179528653 0.657077445
    outer loop
      vertex -0.588314295 -0.00263267383 0.345893472
      vertex -0.596769333 -0.0162027664 0.340180308
      vertex -0.579262733 -0.0754177645 0.375865519
    endloop
  endfacet
  facet normal -0.732137799 0.179525665 0.657072887
    outer loop
      vertex -0.554937124 -0.187056288 0.433472097
      vertex -0.560401857 -0.169160843 0.422493666
      vertex -0.554114878 -0.200408533 0.438036382
    endloop
  endfacet
  facet normal -0.732134496 0.179528255 0.65707586
    outer loop
      vertex -0.665362656 0.269128948 0.185792372
      vertex -0.647065043 0.233778775 0.215838626
      vertex -0.647920072 0.293621987 0.198535383
    endloop
  endfacet
  facet normal -0.426570715 0.637551277 -0.641533939
    outer loop
      vertex -0.618675053 0.286641479 0.172152519
      vertex -0.606872678 0.255167902 0.133026659
      vertex -0.653560281 0.237655386 0.146666527
    endloop
  endfacet
  facet normal -0.426570768 0.637552015 -0.64153317
    outer loop
      vertex -0.653560281 0.237655386 0.146666527
      vertex -0.606872678 0.255167902 0.133026659
      vertex -0.624315321 0.230674878 0.120283663
    endloop
  endfacet
  facet normal -0.426570439 0.637551424 -0.641533975
    outer loop
      vertex -0.665362656 0.269128948 0.185792372
      vertex -0.653560281 0.237655386 0.146666527
      vertex -0.6828053 0.244635895 0.173049375
    endloop
  endfacet
  facet normal -0.426570717 0.63755132 -0.641533894
    outer loop
      vertex -0.618675053 0.286641479 0.172152519
      vertex -0.665362656 0.269128948 0.185792372
      vertex -0.647920072 0.293621987 0.198535383
    endloop
  endfacet
  facet normal -0.426570991 0.637551129 -0.641533903
    outer loop
      vertex -0.618675053 0.286641479 0.172152519
      vertex -0.589430094 0.27966094 0.145769656
      vertex -0.606872678 0.255167902 0.133026659
    endloop
  endfacet
  facet normal -0.426570714 0.637551276 -0.64153394
    outer loop
      vertex -0.665362656 0.269128948 0.185792372
      vertex -0.618675053 0.286641479 0.172152519
      vertex -0.653560281 0.237655386 0.146666527
    endloop
  endfacet
  facet normal 0.657684541 0.437385768 0.613306395
    outer loop
      vertex -0.545594513 -0.166033849 0.408461124
      vertex -0.543878853 -0.174561188 0.41270268
      vertex -0.528646171 -0.179354578 0.399786234
    endloop
  endfacet
  facet normal 0.657684138 0.437384285 0.613307886
    outer loop
      vertex -0.545594513 -0.166033849 0.408461124
      vertex -0.528646171 -0.179354578 0.399786234
      vertex -0.530361831 -0.17082724 0.395544708
    endloop
  endfacet
  facet normal 0.65768437 0.437384227 0.613307677
    outer loop
      vertex -0.530361831 -0.17082724 0.395544708
      vertex -0.528646171 -0.179354578 0.399786234
      vertex -0.513413489 -0.184147984 0.386869818
    endloop
  endfacet
  facet normal 0.657684227 0.437383699 0.613308208
    outer loop
      vertex -0.530361831 -0.17082724 0.395544708
      vertex -0.513413489 -0.184147984 0.386869818
      vertex -0.515129149 -0.17562063 0.382628292
    endloop
  endfacet
  facet normal 0.65768412 0.437385561 0.613306994
    outer loop
      vertex -0.503490925 -0.235195115 0.412634015
      vertex -0.488629758 -0.239871591 0.40003261
      vertex -0.495492488 -0.205762237 0.383066505
    endloop
  endfacet
  facet normal 0.657684182 0.437385467 0.613306995
    outer loop
      vertex -0.528646171 -0.179354578 0.399786234
      vertex -0.495492488 -0.205762237 0.383066505
      vertex -0.513413489 -0.184147984 0.386869818
    endloop
  endfacet
  facet normal 0.657684381 0.437385356 0.613306861
    outer loop
      vertex -0.503490925 -0.235195115 0.412634015
      vertex -0.495492488 -0.205762237 0.383066505
      vertex -0.518352091 -0.230518624 0.42523542
    endloop
  endfacet
  facet normal 0.657684138 0.437385416 0.613307078
    outer loop
      vertex -0.502355218 -0.171652868 0.366100401
      vertex -0.513413489 -0.184147984 0.386869818
      vertex -0.495492488 -0.205762237 0.383066505
    endloop
  endfacet
  facet normal 0.657685246 0.437384515 0.613306533
    outer loop
      vertex -0.509785771 -0.169314623 0.372401088
      vertex -0.515129149 -0.17562063 0.382628292
      vertex -0.502355218 -0.171652868 0.366100401
    endloop
  endfacet
  facet normal 0.657685877 0.437383294 0.613306727
    outer loop
      vertex -0.513413489 -0.184147984 0.386869818
      vertex -0.502355218 -0.171652868 0.366100401
      vertex -0.515129149 -0.17562063 0.382628292
    endloop
  endfacet
  facet normal 0.657681867 0.437388568 0.613307266
    outer loop
      vertex -0.517216384 -0.166976377 0.378701776
      vertex -0.515129149 -0.17562063 0.382628292
      vertex -0.509785771 -0.169314623 0.372401088
    endloop
  endfacet
  facet normal 0.657685563 0.437387882 0.613303792
    outer loop
      vertex -0.515129149 -0.17562063 0.382628292
      vertex -0.517216384 -0.166976377 0.378701776
      vertex -0.524646938 -0.164638147 0.385002494
    endloop
  endfacet
  facet normal 0.65768192 0.437388222 0.613307456
    outer loop
      vertex -0.524646938 -0.164638147 0.385002494
      vertex -0.532077551 -0.162299901 0.391303182
      vertex -0.530361831 -0.17082724 0.395544708
    endloop
  endfacet
  facet normal 0.657683916 0.437385743 0.613307083
    outer loop
      vertex -0.515129149 -0.17562063 0.382628292
      vertex -0.524646938 -0.164638147 0.385002494
      vertex -0.530361831 -0.17082724 0.395544708
    endloop
  endfacet
  facet normal 0.657684324 0.437385427 0.613306871
    outer loop
      vertex -0.518352091 -0.230518624 0.42523542
      vertex -0.495492488 -0.205762237 0.383066505
      vertex -0.554937124 -0.187056288 0.433472097
    endloop
  endfacet
  facet normal 0.657684271 0.437385779 0.613306677
    outer loop
      vertex -0.528646171 -0.179354578 0.399786234
      vertex -0.554937124 -0.187056288 0.433472097
      vertex -0.495492488 -0.205762237 0.383066505
    endloop
  endfacet
  facet normal 0.657683624 0.437384581 0.613308225
    outer loop
      vertex -0.533213258 -0.225842148 0.437836796
      vertex -0.518352091 -0.230518624 0.42523542
      vertex -0.554937124 -0.187056288 0.433472097
    endloop
  endfacet
  facet normal 0.657684654 0.437385025 0.613306804
    outer loop
      vertex -0.543878853 -0.174561188 0.41270268
      vertex -0.554937124 -0.187056288 0.433472097
      vertex -0.528646171 -0.179354578 0.399786234
    endloop
  endfacet
  facet normal 0.657684448 0.437384916 0.613307103
    outer loop
      vertex -0.548074424 -0.221165657 0.450438201
      vertex -0.533213258 -0.225842148 0.437836796
      vertex -0.554937124 -0.187056288 0.433472097
    endloop
  endfacet
  facet normal 0.657683921 0.43738592 0.613306952
    outer loop
      vertex -0.554937124 -0.187056288 0.433472097
      vertex -0.543878853 -0.174561188 0.41270268
      vertex -0.545594513 -0.166033849 0.408461124
    endloop
  endfacet
  facet normal 0.657683177 0.437386612 0.613307256
    outer loop
      vertex -0.554937124 -0.187056288 0.433472097
      vertex -0.545594513 -0.166033849 0.408461124
      vertex -0.561799884 -0.152946934 0.416505963
    endloop
  endfacet
  facet normal 0.657683412 0.43738688 0.613306813
    outer loop
      vertex -0.546938717 -0.15762341 0.403904587
      vertex -0.545594513 -0.166033849 0.408461124
      vertex -0.539508104 -0.159961656 0.397603869
    endloop
  endfacet
  facet normal 0.657683824 0.437386351 0.613306749
    outer loop
      vertex -0.530361831 -0.17082724 0.395544708
      vertex -0.539508104 -0.159961656 0.397603869
      vertex -0.545594513 -0.166033849 0.408461124
    endloop
  endfacet
  facet normal 0.65768479 0.437387518 0.613304881
    outer loop
      vertex -0.532077551 -0.162299901 0.391303182
      vertex -0.539508104 -0.159961656 0.397603869
      vertex -0.530361831 -0.17082724 0.395544708
    endloop
  endfacet
  facet normal 0.657682204 0.437383326 0.613310643
    outer loop
      vertex -0.554369271 -0.155285165 0.410205275
      vertex -0.561799884 -0.152946934 0.416505963
      vertex -0.545594513 -0.166033849 0.408461124
    endloop
  endfacet
  facet normal 0.657684958 0.43738641 0.61330549
    outer loop
      vertex -0.546938717 -0.15762341 0.403904587
      vertex -0.554369271 -0.155285165 0.410205275
      vertex -0.545594513 -0.166033849 0.408461124
    endloop
  endfacet
  facet normal 0.131923956 -0.868464234 0.477876495
    outer loop
      vertex -0.510123074 -0.167597637 0.375614554
      vertex -0.509785771 -0.169314623 0.372401088
      vertex -0.502355218 -0.171652868 0.366100401
    endloop
  endfacet
  facet normal 0.131918655 -0.86846973 0.47786797
    outer loop
      vertex -0.510123074 -0.167597637 0.375614554
      vertex -0.524646938 -0.164638147 0.385002494
      vertex -0.517216384 -0.166976377 0.378701776
    endloop
  endfacet
  facet normal 0.131927806 -0.868461907 0.477879661
    outer loop
      vertex -0.524646938 -0.164638147 0.385002494
      vertex -0.510123074 -0.167597637 0.375614554
      vertex -0.530433297 -0.161206439 0.392836452
    endloop
  endfacet
  facet normal 0.131922822 -0.868464417 0.477876475
    outer loop
      vertex -0.510123074 -0.167597637 0.375614554
      vertex -0.517216384 -0.166976377 0.378701776
      vertex -0.509785771 -0.169314623 0.372401088
    endloop
  endfacet
  facet normal 0.131929521 -0.86846128 0.477880326
    outer loop
      vertex -0.506497383 -0.167127699 0.375467628
      vertex -0.510123074 -0.167597637 0.375614554
      vertex -0.4990668 -0.169465944 0.369166911
    endloop
  endfacet
  facet normal 0.13192899 -0.868461782 0.477879561
    outer loop
      vertex -0.502355218 -0.171652868 0.366100401
      vertex -0.4990668 -0.169465944 0.369166911
      vertex -0.510123074 -0.167597637 0.375614554
    endloop
  endfacet
  facet normal 0.131929481 -0.868460559 0.477881648
    outer loop
      vertex -0.513927937 -0.164789453 0.381768316
      vertex -0.510123074 -0.167597637 0.375614554
      vertex -0.506497383 -0.167127699 0.375467628
    endloop
  endfacet
  facet normal 0.131927382 -0.868461385 0.477880727
    outer loop
      vertex -0.510123074 -0.167597637 0.375614554
      vertex -0.513927937 -0.164789453 0.381768316
      vertex -0.52135855 -0.162451208 0.388069004
    endloop
  endfacet
  facet normal 0.13193326 -0.86845828 0.477884746
    outer loop
      vertex -0.510123074 -0.167597637 0.375614554
      vertex -0.52135855 -0.162451208 0.388069004
      vertex -0.530433297 -0.161206439 0.392836452
    endloop
  endfacet
  facet normal 0.131928731 -0.868463029 0.477877365
    outer loop
      vertex -0.528789103 -0.160112977 0.394369721
      vertex -0.530433297 -0.161206439 0.392836452
      vertex -0.52135855 -0.162451208 0.388069004
    endloop
  endfacet
  facet normal 0.131924068 -0.868463589 0.477877636
    outer loop
      vertex -0.532077551 -0.162299901 0.391303182
      vertex -0.524646938 -0.164638147 0.385002494
      vertex -0.530433297 -0.161206439 0.392836452
    endloop
  endfacet
  facet normal 0.131926398 -0.86846261 0.477878773
    outer loop
      vertex -0.540588439 -0.15801084 0.401447386
      vertex -0.539508104 -0.159961656 0.397603869
      vertex -0.532077551 -0.162299901 0.391303182
    endloop
  endfacet
  facet normal 0.13192429 -0.868463659 0.477877448
    outer loop
      vertex -0.540588439 -0.15801084 0.401447386
      vertex -0.532077551 -0.162299901 0.391303182
      vertex -0.530433297 -0.161206439 0.392836452
    endloop
  endfacet
  facet normal 0.131927485 -0.868462349 0.477878946
    outer loop
      vertex -0.546938717 -0.15762341 0.403904587
      vertex -0.539508104 -0.159961656 0.397603869
      vertex -0.540588439 -0.15801084 0.401447386
    endloop
  endfacet
  facet normal 0.131926077 -0.868462823 0.477878473
    outer loop
      vertex -0.554369271 -0.155285165 0.410205275
      vertex -0.546938717 -0.15762341 0.403904587
      vertex -0.55074358 -0.154815242 0.410058349
    endloop
  endfacet
  facet normal 0.131926097 -0.868463178 0.477877822
    outer loop
      vertex -0.561799884 -0.152946934 0.416505963
      vertex -0.554369271 -0.155285165 0.410205275
      vertex -0.55074358 -0.154815242 0.410058349
    endloop
  endfacet
  facet normal 0.13192704 -0.868462183 0.477879371
    outer loop
      vertex -0.54365027 -0.155436486 0.406971097
      vertex -0.540588439 -0.15801084 0.401447386
      vertex -0.536219716 -0.157774732 0.400670409
    endloop
  endfacet
  facet normal 0.131926137 -0.868462213 0.477879565
    outer loop
      vertex -0.530433297 -0.161206439 0.392836452
      vertex -0.528789103 -0.160112977 0.394369721
      vertex -0.536219716 -0.157774732 0.400670409
    endloop
  endfacet
  facet normal 0.131927149 -0.868461758 0.477880113
    outer loop
      vertex -0.530433297 -0.161206439 0.392836452
      vertex -0.536219716 -0.157774732 0.400670409
      vertex -0.540588439 -0.15801084 0.401447386
    endloop
  endfacet
  facet normal 0.131928574 -0.868461625 0.477879962
    outer loop
      vertex -0.540588439 -0.15801084 0.401447386
      vertex -0.54365027 -0.155436486 0.406971097
      vertex -0.551080883 -0.15309824 0.413271815
    endloop
  endfacet
  facet normal 0.131928162 -0.86846184 0.477879685
    outer loop
      vertex -0.540588439 -0.15801084 0.401447386
      vertex -0.551080883 -0.15309824 0.413271815
      vertex -0.55074358 -0.154815242 0.410058349
    endloop
  endfacet
  facet normal 0.13192736 -0.868461969 0.47787967
    outer loop
      vertex -0.551080883 -0.15309824 0.413271815
      vertex -0.558511436 -0.150759995 0.419572502
      vertex -0.55074358 -0.154815242 0.410058349
    endloop
  endfacet
  facet normal 0.131927392 -0.868461954 0.47787969
    outer loop
      vertex -0.561799884 -0.152946934 0.416505963
      vertex -0.55074358 -0.154815242 0.410058349
      vertex -0.558511436 -0.150759995 0.419572502
    endloop
  endfacet
  facet normal 0.131927561 -0.868462239 0.477879125
    outer loop
      vertex -0.55074358 -0.154815242 0.410058349
      vertex -0.546938717 -0.15762341 0.403904587
      vertex -0.540588439 -0.15801084 0.401447386
    endloop
  endfacet
  facet normal -0.131926399 0.868463309 -0.477877501
    outer loop
      vertex -0.548074424 -0.221165657 0.450438201
      vertex -0.544785976 -0.218978733 0.453504741
      vertex -0.52992481 -0.223655209 0.440903336
    endloop
  endfacet
  facet normal -0.131927623 0.868462026 -0.477879494
    outer loop
      vertex -0.548074424 -0.221165657 0.450438201
      vertex -0.52992481 -0.223655209 0.440903336
      vertex -0.533213258 -0.225842148 0.437836796
    endloop
  endfacet
  facet normal -0.131927746 0.868461897 -0.477879695
    outer loop
      vertex -0.515063643 -0.2283317 0.42830193
      vertex -0.518352091 -0.230518624 0.42523542
      vertex -0.533213258 -0.225842148 0.437836796
    endloop
  endfacet
  facet normal -0.131927623 0.868462026 -0.477879494
    outer loop
      vertex -0.515063643 -0.2283317 0.42830193
      vertex -0.533213258 -0.225842148 0.437836796
      vertex -0.52992481 -0.223655209 0.440903336
    endloop
  endfacet
  facet normal -0.131927267 0.868461747 -0.477880101
    outer loop
      vertex -0.518352091 -0.230518624 0.42523542
      vertex -0.515063643 -0.2283317 0.42830193
      vertex -0.500202477 -0.233008191 0.415700555
    endloop
  endfacet
  facet normal -0.13192592 0.868463158 -0.477877907
    outer loop
      vertex -0.518352091 -0.230518624 0.42523542
      vertex -0.500202477 -0.233008191 0.415700555
      vertex -0.503490925 -0.235195115 0.412634015
    endloop
  endfacet
  facet normal -0.131926917 0.868462965 -0.477877983
    outer loop
      vertex -0.48534134 -0.237684667 0.403099149
      vertex -0.488629758 -0.239871591 0.40003261
      vertex -0.503490925 -0.235195115 0.412634015
    endloop
  endfacet
  facet normal -0.131926545 0.868463355 -0.477877377
    outer loop
      vertex -0.48534134 -0.237684667 0.403099149
      vertex -0.503490925 -0.235195115 0.412634015
      vertex -0.500202477 -0.233008191 0.415700555
    endloop
  endfacet
  facet normal 0.657687137 0.437385232 0.613303994
    outer loop
      vertex -0.512146652 -0.139049485 0.361501426
      vertex -0.517905176 -0.110428333 0.347265154
      vertex -0.525226474 -0.108633041 0.35383594
    endloop
  endfacet
  facet normal 0.657682801 0.437384644 0.613309062
    outer loop
      vertex -0.512146652 -0.139049485 0.361501426
      vertex -0.525226474 -0.108633041 0.35383594
      vertex -0.519468009 -0.137254208 0.368072182
    endloop
  endfacet
  facet normal 0.657682713 0.437386212 0.613308039
    outer loop
      vertex -0.532547832 -0.106837757 0.360406697
      vertex -0.525226474 -0.108633041 0.35383594
      vertex -0.536743522 -0.0513907187 0.325363398
    endloop
  endfacet
  facet normal 0.657682874 0.43738541 0.613308438
    outer loop
      vertex -0.551386178 -0.047800146 0.33850494
      vertex -0.539869189 -0.105042472 0.366977453
      vertex -0.532547832 -0.106837757 0.360406697
    endloop
  endfacet
  facet normal 0.657684957 0.43738528 0.613306297
    outer loop
      vertex -0.536743522 -0.0513907187 0.325363398
      vertex -0.551386178 -0.047800146 0.33850494
      vertex -0.532547832 -0.106837757 0.360406697
    endloop
  endfacet
  facet normal 0.65768304 0.437384586 0.613308848
    outer loop
      vertex -0.519468009 -0.137254208 0.368072182
      vertex -0.525226474 -0.108633041 0.35383594
      vertex -0.532547832 -0.106837757 0.360406697
    endloop
  endfacet
  facet normal 0.657687155 0.437385143 0.613304037
    outer loop
      vertex -0.519468009 -0.137254208 0.368072182
      vertex -0.532547832 -0.106837757 0.360406697
      vertex -0.526789308 -0.135458916 0.374642968
    endloop
  endfacet
  facet normal 0.657682708 0.437386234 0.613308028
    outer loop
      vertex -0.526789308 -0.135458916 0.374642968
      vertex -0.532547832 -0.106837757 0.360406697
      vertex -0.539869189 -0.105042472 0.366977453
    endloop
  endfacet
  facet normal 0.657682488 0.437386204 0.613308287
    outer loop
      vertex -0.526789308 -0.135458916 0.374642968
      vertex -0.539869189 -0.105042472 0.366977453
      vertex -0.534110665 -0.133663639 0.381213725
    endloop
  endfacet
  facet normal 0.657685596 0.437385442 0.613305497
    outer loop
      vertex -0.534110665 -0.133663639 0.381213725
      vertex -0.539869189 -0.105042472 0.366977453
      vertex -0.547190487 -0.103247188 0.37354821
    endloop
  endfacet
  facet normal 0.657683161 0.437385112 0.613308343
    outer loop
      vertex -0.534110665 -0.133663639 0.381213725
      vertex -0.547190487 -0.103247188 0.37354821
      vertex -0.541432023 -0.131868348 0.387784481
    endloop
  endfacet
  facet normal 0.657684261 0.437384842 0.613307356
    outer loop
      vertex -0.541432023 -0.131868348 0.387784481
      vertex -0.547190487 -0.103247188 0.37354821
      vertex -0.554511845 -0.101451904 0.380118996
    endloop
  endfacet
  facet normal 0.657686696 0.437385172 0.61330451
    outer loop
      vertex -0.541432023 -0.131868348 0.387784481
      vertex -0.554511845 -0.101451904 0.380118996
      vertex -0.548753321 -0.130073071 0.394355267
    endloop
  endfacet
  facet normal 0.657685744 0.437384706 0.613305862
    outer loop
      vertex -0.547190487 -0.103247188 0.37354821
      vertex -0.539869189 -0.105042472 0.366977453
      vertex -0.551386178 -0.047800146 0.33850494
    endloop
  endfacet
  facet normal 0.657684055 0.437385861 0.613306849
    outer loop
      vertex -0.566028893 -0.0442095771 0.351646453
      vertex -0.554511845 -0.101451904 0.380118996
      vertex -0.547190487 -0.103247188 0.37354821
    endloop
  endfacet
  facet normal 0.657682767 0.437385942 0.613308174
    outer loop
      vertex -0.551386178 -0.047800146 0.33850494
      vertex -0.566028893 -0.0442095771 0.351646453
      vertex -0.547190487 -0.103247188 0.37354821
    endloop
  endfacet
  facet normal 0.657682726 0.437386145 0.613308072
    outer loop
      vertex -0.548753321 -0.130073071 0.394355267
      vertex -0.554511845 -0.101451904 0.380118996
      vertex -0.561833203 -0.0996566191 0.386689752
    endloop
  endfacet
  facet normal 0.657682947 0.437386175 0.613307814
    outer loop
      vertex -0.548753321 -0.130073071 0.394355267
      vertex -0.561833203 -0.0996566191 0.386689752
      vertex -0.556074679 -0.128277779 0.400926024
    endloop
  endfacet
  facet normal 0.657683851 0.437385503 0.613307325
    outer loop
      vertex -0.618117213 0.145494655 0.272214413
      vertex -0.618675053 0.286641479 0.172152519
      vertex -0.647920072 0.293621987 0.198535383
    endloop
  endfacet
  facet normal 0.657684287 0.43738569 0.613306724
    outer loop
      vertex -0.588314295 -0.00263267383 0.345893472
      vertex -0.551386178 -0.047800146 0.33850494
      vertex -0.618117213 0.145494655 0.272214413
    endloop
  endfacet
  facet normal 0.657683449 0.437386052 0.613307363
    outer loop
      vertex -0.561833203 -0.0996566191 0.386689752
      vertex -0.558511436 -0.150759995 0.419572502
      vertex -0.556074679 -0.128277779 0.400926024
    endloop
  endfacet
  facet normal 0.657682717 0.437386189 0.61330805
    outer loop
      vertex -0.561833203 -0.0996566191 0.386689752
      vertex -0.554511845 -0.101451904 0.380118996
      vertex -0.566028893 -0.0442095771 0.351646453
    endloop
  endfacet
  facet normal 0.657685292 0.437385121 0.613306051
    outer loop
      vertex -0.588314295 -0.00263267383 0.345893472
      vertex -0.561833203 -0.0996566191 0.386689752
      vertex -0.566028893 -0.0442095771 0.351646453
    endloop
  endfacet
  facet normal 0.657685778 0.437385054 0.613305578
    outer loop
      vertex -0.558511436 -0.150759995 0.419572502
      vertex -0.561833203 -0.0996566191 0.386689752
      vertex -0.588314295 -0.00263267383 0.345893472
    endloop
  endfacet
  facet normal 0.657683089 0.437384344 0.613308969
    outer loop
      vertex -0.588314295 -0.00263267383 0.345893472
      vertex -0.566028893 -0.0442095771 0.351646453
      vertex -0.551386178 -0.047800146 0.33850494
    endloop
  endfacet
  facet normal 0.657684779 0.437385403 0.6133064
    outer loop
      vertex -0.559309006 0.129951984 0.220235422
      vertex -0.589430094 0.27966094 0.145769656
      vertex -0.618675053 0.286641479 0.172152519
    endloop
  endfacet
  facet normal 0.657685131 0.437385219 0.613306154
    outer loop
      vertex -0.559309006 0.129951984 0.220235422
      vertex -0.536743522 -0.0513907187 0.325363398
      vertex -0.529187918 -0.0197569765 0.294701159
    endloop
  endfacet
  facet normal 0.657684103 0.437385376 0.613307144
    outer loop
      vertex -0.559309006 0.129951984 0.220235422
      vertex -0.618675053 0.286641479 0.172152519
      vertex -0.618117213 0.145494655 0.272214413
    endloop
  endfacet
  facet normal 0.657684957 0.43738528 0.613306297
    outer loop
      vertex -0.559309006 0.129951984 0.220235422
      vertex -0.551386178 -0.047800146 0.33850494
      vertex -0.536743522 -0.0513907187 0.325363398
    endloop
  endfacet
  facet normal 0.65768716 0.437385121 0.613304048
    outer loop
      vertex -0.536743522 -0.0513907187 0.325363398
      vertex -0.525226474 -0.108633041 0.35383594
      vertex -0.517905176 -0.110428333 0.347265154
    endloop
  endfacet
  facet normal 0.65768509 0.43738525 0.613306176
    outer loop
      vertex -0.529187918 -0.0197569765 0.294701159
      vertex -0.536743522 -0.0513907187 0.325363398
      vertex -0.517905176 -0.110428333 0.347265154
    endloop
  endfacet
  facet normal 0.657684043 0.437385695 0.613306981
    outer loop
      vertex -0.559309006 0.129951984 0.220235422
      vertex -0.618117213 0.145494655 0.272214413
      vertex -0.551386178 -0.047800146 0.33850494
    endloop
  endfacet
  facet normal 0.657684108 0.437385596 0.613306983
    outer loop
      vertex -0.4990668 -0.169465944 0.369166911
      vertex -0.529187918 -0.0197569765 0.294701159
      vertex -0.517905176 -0.110428333 0.347265154
    endloop
  endfacet
  facet normal 0.657686865 0.437384333 0.613304927
    outer loop
      vertex -0.54365027 -0.155436486 0.406971097
      vertex -0.541432023 -0.131868348 0.387784481
      vertex -0.548753321 -0.130073071 0.394355267
    endloop
  endfacet
  facet normal 0.65768224 0.43738611 0.613308618
    outer loop
      vertex -0.541432023 -0.131868348 0.387784481
      vertex -0.536219716 -0.157774732 0.400670409
      vertex -0.528789103 -0.160112977 0.394369721
    endloop
  endfacet
  facet normal 0.657682936 0.437386228 0.613307788
    outer loop
      vertex -0.541432023 -0.131868348 0.387784481
      vertex -0.528789103 -0.160112977 0.394369721
      vertex -0.534110665 -0.133663639 0.381213725
    endloop
  endfacet
  facet normal 0.657683086 0.437385481 0.613308159
    outer loop
      vertex -0.556074679 -0.128277779 0.400926024
      vertex -0.551080883 -0.15309824 0.413271815
      vertex -0.548753321 -0.130073071 0.394355267
    endloop
  endfacet
  facet normal 0.65768511 0.437385406 0.613306043
    outer loop
      vertex -0.54365027 -0.155436486 0.406971097
      vertex -0.536219716 -0.157774732 0.400670409
      vertex -0.541432023 -0.131868348 0.387784481
    endloop
  endfacet
  facet normal 0.65768368 0.437385114 0.613307785
    outer loop
      vertex -0.551080883 -0.15309824 0.413271815
      vertex -0.54365027 -0.155436486 0.406971097
      vertex -0.548753321 -0.130073071 0.394355267
    endloop
  endfacet
  facet normal 0.657685177 0.437384969 0.613306283
    outer loop
      vertex -0.551080883 -0.15309824 0.413271815
      vertex -0.556074679 -0.128277779 0.400926024
      vertex -0.558511436 -0.150759995 0.419572502
    endloop
  endfacet
  facet normal 0.657682399 0.437385065 0.613309194
    outer loop
      vertex -0.526789308 -0.135458916 0.374642968
      vertex -0.52135855 -0.162451208 0.388069004
      vertex -0.513927937 -0.164789453 0.381768316
    endloop
  endfacet
  facet normal 0.65768703 0.437385767 0.613303727
    outer loop
      vertex -0.526789308 -0.135458916 0.374642968
      vertex -0.513927937 -0.164789453 0.381768316
      vertex -0.519468009 -0.137254208 0.368072182
    endloop
  endfacet
  facet normal 0.657685926 0.437385495 0.613305105
    outer loop
      vertex -0.534110665 -0.133663639 0.381213725
      vertex -0.528789103 -0.160112977 0.394369721
      vertex -0.52135855 -0.162451208 0.388069004
    endloop
  endfacet
  facet normal 0.657682733 0.437384983 0.613308894
    outer loop
      vertex -0.534110665 -0.133663639 0.381213725
      vertex -0.52135855 -0.162451208 0.388069004
      vertex -0.526789308 -0.135458916 0.374642968
    endloop
  endfacet
  facet normal 0.657684979 0.43738627 0.613305567
    outer loop
      vertex -0.519468009 -0.137254208 0.368072182
      vertex -0.513927937 -0.164789453 0.381768316
      vertex -0.506497383 -0.167127699 0.375467628
    endloop
  endfacet
  facet normal 0.657682544 0.437385921 0.613308427
    outer loop
      vertex -0.519468009 -0.137254208 0.368072182
      vertex -0.506497383 -0.167127699 0.375467628
      vertex -0.512146652 -0.139049485 0.361501426
    endloop
  endfacet
  facet normal 0.657685032 0.437385311 0.613306195
    outer loop
      vertex -0.512146652 -0.139049485 0.361501426
      vertex -0.506497383 -0.167127699 0.375467628
      vertex -0.4990668 -0.169465944 0.369166911
    endloop
  endfacet
  facet normal 0.65768618 0.437385467 0.613304853
    outer loop
      vertex -0.517905176 -0.110428333 0.347265154
      vertex -0.512146652 -0.139049485 0.361501426
      vertex -0.4990668 -0.169465944 0.369166911
    endloop
  endfacet
endsolid a11
