solid c18
  facet normal 0.0437881765 -0.995103265 -0.088612001
    outer loop
      vertex 1.142851 1.82223272 1.68473577
      vertex 1.13917017 1.82124746 1.69398129
      vertex 1.05588913 1.82054198 1.66074991
    endloop
  endfacet
  facet normal 0.0437923509 -0.995102148 -0.088622486
    outer loop
      vertex 1.0632509 1.82251263 1.64225888
      vertex 1.14653194 1.82321811 1.67549026
      vertex 1.142851 1.82223272 1.68473577
    endloop
  endfacet
  facet normal 0.0437896764 -0.995102712 -0.0886174779
    outer loop
      vertex 1.05588913 1.82054198 1.66074991
      vertex 1.0632509 1.82251263 1.64225888
      vertex 1.142851 1.82223272 1.68473577
    endloop
  endfacet
  facet normal 0.0437920447 -0.995102202 -0.0886220356
    outer loop
      vertex 1.14653194 1.82321811 1.67549026
      vertex 1.18817246 1.82357085 1.69210589
      vertex 1.18449163 1.82258546 1.70135152
    endloop
  endfacet
  facet normal 0.0437879857 -0.995103317 -0.0886115179
    outer loop
      vertex 1.142851 1.82223272 1.68473577
      vertex 1.18449163 1.82258546 1.70135152
      vertex 1.18081069 1.8216002 1.71059704
    endloop
  endfacet
  facet normal 0.0437878971 -0.995103369 -0.0886109807
    outer loop
      vertex 1.13917017 1.82124746 1.69398129
      vertex 1.18081069 1.8216002 1.71059704
      vertex 1.13548934 1.82026219 1.70322692
    endloop
  endfacet
  facet normal 0.0437924336 -0.995102097 -0.0886230123
    outer loop
      vertex 1.15757453 1.82617402 1.6477536
      vertex 1.19921505 1.82652676 1.66436923
      vertex 1.15389371 1.82518864 1.65699911
    endloop
  endfacet
  facet normal 0.0437880938 -0.995103316 -0.0886114747
    outer loop
      vertex 1.15389371 1.82518864 1.65699911
      vertex 1.19553423 1.82554138 1.67361486
      vertex 1.19185328 1.82455611 1.68286037
    endloop
  endfacet
  facet normal 0.0437878971 -0.995103369 -0.0886109807
    outer loop
      vertex 1.15021276 1.82420337 1.66624463
      vertex 1.19185328 1.82455611 1.68286037
      vertex 1.14653194 1.82321811 1.67549026
    endloop
  endfacet
  facet normal 0.0437877877 -0.99510337 -0.0886110244
    outer loop
      vertex 1.15021276 1.82420337 1.66624463
      vertex 1.14653194 1.82321811 1.67549026
      vertex 1.0632509 1.82251263 1.64225888
    endloop
  endfacet
  facet normal 0.0437867557 -0.995103327 -0.0886120087
    outer loop
      vertex 1.07061267 1.82448328 1.62376773
      vertex 1.15389371 1.82518864 1.65699911
      vertex 1.15021276 1.82420337 1.66624463
    endloop
  endfacet
  facet normal 0.0437894273 -0.995102764 -0.0886170113
    outer loop
      vertex 1.0632509 1.82251263 1.64225888
      vertex 1.07061267 1.82448328 1.62376773
      vertex 1.15021276 1.82420337 1.66624463
    endloop
  endfacet
  facet normal 0.0437902637 -0.995102707 -0.0886172435
    outer loop
      vertex 0.813407719 1.8203963 1.54256475
      vertex 0.896688759 1.82110178 1.57579613
      vertex 0.88932699 1.81913114 1.59428716
    endloop
  endfacet
  facet normal 0.0437879071 -0.995103331 -0.0886114028
    outer loop
      vertex 0.820769429 1.82236683 1.5240736
      vertex 0.904050529 1.82307231 1.55730498
      vertex 0.813407719 1.8203963 1.54256475
    endloop
  endfacet
  facet normal 0.0437885814 -0.995102922 -0.0886156565
    outer loop
      vertex 1.21268487 1.82187021 1.72331572
      vertex 1.20206773 1.81987202 1.74050784
      vertex 1.17712986 1.82061493 1.71984255
    endloop
  endfacet
  facet normal 0.0437894029 -0.995102798 -0.0886166434
    outer loop
      vertex 1.20206773 1.81987202 1.74050784
      vertex 1.10473478 1.81904757 1.70166934
      vertex 1.17712986 1.82061493 1.71984255
    endloop
  endfacet
  facet normal 0.043790255 -0.995102967 -0.0886143246
    outer loop
      vertex 1.21268487 1.82187021 1.72331572
      vertex 1.18449163 1.82258546 1.70135152
      vertex 1.22330213 1.82386839 1.70612359
    endloop
  endfacet
  facet normal 0.0437882342 -0.995103265 -0.088611978
    outer loop
      vertex 1.17712986 1.82061493 1.71984255
      vertex 1.18081069 1.8216002 1.71059704
      vertex 1.21268487 1.82187021 1.72331572
    endloop
  endfacet
  facet normal 0.043788042 -0.995103316 -0.0886114954
    outer loop
      vertex 1.18081069 1.8216002 1.71059704
      vertex 1.18449163 1.82258546 1.70135152
      vertex 1.21268487 1.82187021 1.72331572
    endloop
  endfacet
  facet normal 0.0437885349 -0.995103212 -0.0886124236
    outer loop
      vertex 1.05588913 1.82054198 1.66074991
      vertex 1.13548934 1.82026219 1.70322692
      vertex 1.10473478 1.81904757 1.70166934
    endloop
  endfacet
  facet normal 0.0437877877 -0.99510337 -0.0886110244
    outer loop
      vertex 1.13548934 1.82026219 1.70322692
      vertex 1.05588913 1.82054198 1.66074991
      vertex 1.13917017 1.82124746 1.69398129
    endloop
  endfacet
  facet normal 0.0437912186 -0.995102209 -0.0886223652
    outer loop
      vertex 1.18817246 1.82357085 1.69210589
      vertex 1.22330213 1.82386839 1.70612359
      vertex 1.18449163 1.82258546 1.70135152
    endloop
  endfacet
  facet normal 0.0437891 -0.995103127 -0.0886130951
    outer loop
      vertex 1.05588913 1.82054198 1.66074991
      vertex 1.10473478 1.81904757 1.70166934
      vertex 1.00740182 1.818223 1.66283095
    endloop
  endfacet
  facet normal 0.0437893335 -0.99510293 -0.088615193
    outer loop
      vertex 1.22330213 1.82386839 1.70612359
      vertex 1.19185328 1.82455611 1.68286037
      vertex 1.23391926 1.82586658 1.68893147
    endloop
  endfacet
  facet normal 0.0437884902 -0.995102948 -0.0886154122
    outer loop
      vertex 1.23391926 1.82586658 1.68893147
      vertex 1.19921505 1.82652676 1.66436923
      vertex 1.24453652 1.82786477 1.67173934
    endloop
  endfacet
  facet normal 0.0437887698 -0.99510331 -0.088611205
    outer loop
      vertex 1.19185328 1.82455611 1.68286037
      vertex 1.19553423 1.82554138 1.67361486
      vertex 1.23391926 1.82586658 1.68893147
    endloop
  endfacet
  facet normal 0.0437929395 -0.995102194 -0.0886216785
    outer loop
      vertex 1.19553423 1.82554138 1.67361486
      vertex 1.19921505 1.82652676 1.66436923
      vertex 1.23391926 1.82586658 1.68893147
    endloop
  endfacet
  facet normal 0.043787241 -0.995103273 -0.0886123743
    outer loop
      vertex 1.18817246 1.82357085 1.69210589
      vertex 1.19185328 1.82455611 1.68286037
      vertex 1.22330213 1.82386839 1.70612359
    endloop
  endfacet
  facet normal 0.0437913143 -0.995102107 -0.0886234589
    outer loop
      vertex 1.15389371 1.82518864 1.65699911
      vertex 1.07061267 1.82448328 1.62376773
      vertex 1.15757453 1.82617402 1.6477536
    endloop
  endfacet
  facet normal 0.0437896483 -0.995102843 -0.0886160163
    outer loop
      vertex 1.13904238 1.82697117 1.62964439
      vertex 1.19921505 1.82652676 1.66436923
      vertex 1.15757453 1.82617402 1.6477536
    endloop
  endfacet
  facet normal 0.0437891324 -0.995102913 -0.0886154914
    outer loop
      vertex 1.15757453 1.82617402 1.6477536
      vertex 1.07061267 1.82448328 1.62376773
      vertex 1.13904238 1.82697117 1.62964439
    endloop
  endfacet
  facet normal 0.043788181 -0.995103134 -0.0886134774
    outer loop
      vertex 1.24453652 1.82786477 1.67173934
      vertex 1.19921505 1.82652676 1.66436923
      vertex 1.13904238 1.82697117 1.62964439
    endloop
  endfacet
  facet normal 0.0437896358 -0.995102712 -0.088617494
    outer loop
      vertex 1.0632509 1.82251263 1.64225888
      vertex 1.05588913 1.82054198 1.66074991
      vertex 0.896688759 1.82110178 1.57579613
    endloop
  endfacet
  facet normal 0.0437893919 -0.995102807 -0.0886165484
    outer loop
      vertex 1.00740182 1.818223 1.66283095
      vertex 0.910068929 1.81739855 1.62399244
      vertex 0.88932699 1.81913114 1.59428716
    endloop
  endfacet
  facet normal 0.0437864656 -0.995103561 -0.088609531
    outer loop
      vertex 1.01876855 1.82304347 1.61431646
      vertex 1.0632509 1.82251263 1.64225888
      vertex 0.896688759 1.82110178 1.57579613
    endloop
  endfacet
  facet normal 0.0437912759 -0.995101984 -0.0886248553
    outer loop
      vertex 0.896688759 1.82110178 1.57579613
      vertex 0.989462256 1.82319343 1.5981518
      vertex 1.01876855 1.82304347 1.61431646
    endloop
  endfacet
  facet normal 0.0437892421 -0.995102823 -0.0886164447
    outer loop
      vertex 0.910068929 1.81739855 1.62399244
      vertex 0.812736034 1.8165741 1.58515406
      vertex 0.88932699 1.81913114 1.59428716
    endloop
  endfacet
  facet normal 0.043790824 -0.995102752 -0.088616454
    outer loop
      vertex 1.0632509 1.82251263 1.64225888
      vertex 1.01876855 1.82304347 1.61431646
      vertex 1.07061267 1.82448328 1.62376773
    endloop
  endfacet
  facet normal 0.043788285 -0.995103103 -0.0886137682
    outer loop
      vertex 0.806045949 1.81842566 1.56105578
      vertex 0.812736034 1.8165741 1.58515406
      vertex 0.71540314 1.81574965 1.54631555
    endloop
  endfacet
  facet normal 0.043789454 -0.995102714 -0.0886175666
    outer loop
      vertex 0.813407719 1.8203963 1.54256475
      vertex 0.806045949 1.81842566 1.56105578
      vertex 0.725218773 1.81837714 1.52166069
    endloop
  endfacet
  facet normal 0.0437886177 -0.995102903 -0.0886158505
    outer loop
      vertex 0.71540314 1.81574965 1.54631555
      vertex 0.725218773 1.81837714 1.52166069
      vertex 0.806045949 1.81842566 1.56105578
    endloop
  endfacet
  facet normal 0.0437890826 -0.995102871 -0.0886159846
    outer loop
      vertex 0.735034466 1.82100463 1.49700594
      vertex 0.813407719 1.8203963 1.54256475
      vertex 0.725218773 1.81837714 1.52166069
    endloop
  endfacet
  facet normal 0.0437881921 -0.99510327 -0.088611938
    outer loop
      vertex 0.960155964 1.82334328 1.58198714
      vertex 0.989462256 1.82319343 1.5981518
      vertex 0.896688759 1.82110178 1.57579613
    endloop
  endfacet
  facet normal 0.0437910538 -0.995102628 -0.0886177334
    outer loop
      vertex 1.01876855 1.82304347 1.61431646
      vertex 1.03354812 1.82607758 1.58754933
      vertex 1.07061267 1.82448328 1.62376773
    endloop
  endfacet
  facet normal 0.0437891582 -0.995102884 -0.0886158048
    outer loop
      vertex 1.13904238 1.82697117 1.62964439
      vertex 1.07061267 1.82448328 1.62376773
      vertex 1.03354812 1.82607758 1.58754933
    endloop
  endfacet
  facet normal 0.0437889978 -0.995103125 -0.0886131745
    outer loop
      vertex 0.970889926 1.82554674 1.56254709
      vertex 0.960155964 1.82334328 1.58198714
      vertex 0.904050529 1.82307231 1.55730498
    endloop
  endfacet
  facet normal 0.0437881205 -0.995103341 -0.0886111778
    outer loop
      vertex 0.904050529 1.82307231 1.55730498
      vertex 0.960155964 1.82334328 1.58198714
      vertex 0.896688759 1.82110178 1.57579613
    endloop
  endfacet
  facet normal 0.0437893601 -0.995102882 -0.0886157172
    outer loop
      vertex 0.744850159 1.823632 1.47235107
      vertex 0.857870042 1.82458937 1.51744902
      vertex 0.820769429 1.82236683 1.5240736
    endloop
  endfacet
  facet normal 0.0437894435 -0.995102919 -0.0886152621
    outer loop
      vertex 0.904050529 1.82307231 1.55730498
      vertex 0.820769429 1.82236683 1.5240736
      vertex 0.857870042 1.82458937 1.51744902
    endloop
  endfacet
  facet normal 0.0437866574 -0.995103354 -0.0886117617
    outer loop
      vertex 0.735034466 1.82100463 1.49700594
      vertex 0.744850159 1.823632 1.47235107
      vertex 0.820769429 1.82236683 1.5240736
    endloop
  endfacet
  facet normal 0.043789127 -0.995102966 -0.0886148972
    outer loop
      vertex 0.970889926 1.82554674 1.56254709
      vertex 0.904050529 1.82307231 1.55730498
      vertex 0.857870042 1.82458937 1.51744902
    endloop
  endfacet
  facet normal 0.0437866964 -0.995103341 -0.0886118859
    outer loop
      vertex 0.813407719 1.8203963 1.54256475
      vertex 0.735034466 1.82100463 1.49700594
      vertex 0.820769429 1.82236683 1.5240736
    endloop
  endfacet
  facet normal 0.0437923521 -0.995102148 -0.0886224855
    outer loop
      vertex 1.14653194 1.82321811 1.67549026
      vertex 1.18449163 1.82258546 1.70135152
      vertex 1.142851 1.82223272 1.68473577
    endloop
  endfacet
  facet normal 0.0437882859 -0.995103265 -0.0886119573
    outer loop
      vertex 1.142851 1.82223272 1.68473577
      vertex 1.18081069 1.8216002 1.71059704
      vertex 1.13917017 1.82124746 1.69398129
    endloop
  endfacet
  facet normal 0.0437880671 -0.995103266 -0.0886120447
    outer loop
      vertex 1.18081069 1.8216002 1.71059704
      vertex 1.17712986 1.82061493 1.71984255
      vertex 1.13548934 1.82026219 1.70322692
    endloop
  endfacet
  facet normal 0.0437922636 -0.9951022 -0.0886219482
    outer loop
      vertex 1.19921505 1.82652676 1.66436923
      vertex 1.19553423 1.82554138 1.67361486
      vertex 1.15389371 1.82518864 1.65699911
    endloop
  endfacet
  facet normal 0.0437880938 -0.995103316 -0.0886114747
    outer loop
      vertex 1.15389371 1.82518864 1.65699911
      vertex 1.19185328 1.82455611 1.68286037
      vertex 1.15021276 1.82420337 1.66624463
    endloop
  endfacet
  facet normal 0.0437880671 -0.995103266 -0.0886120447
    outer loop
      vertex 1.19185328 1.82455611 1.68286037
      vertex 1.18817246 1.82357085 1.69210589
      vertex 1.14653194 1.82321811 1.67549026
    endloop
  endfacet
  facet normal 0.0437902637 -0.995102707 -0.0886172435
    outer loop
      vertex 0.813407719 1.8203963 1.54256475
      vertex 0.88932699 1.81913114 1.59428716
      vertex 0.806045949 1.81842566 1.56105578
    endloop
  endfacet
  facet normal 0.0437878861 -0.995103343 -0.0886112714
    outer loop
      vertex 0.904050529 1.82307231 1.55730498
      vertex 0.896688759 1.82110178 1.57579613
      vertex 0.813407719 1.8203963 1.54256475
    endloop
  endfacet
  facet normal 0.0437885774 -0.99510313 -0.0886133264
    outer loop
      vertex 1.10473478 1.81904757 1.70166934
      vertex 1.13548934 1.82026219 1.70322692
      vertex 1.17712986 1.82061493 1.71984255
    endloop
  endfacet
  facet normal 0.0437896358 -0.995102712 -0.088617494
    outer loop
      vertex 1.05588913 1.82054198 1.66074991
      vertex 0.88932699 1.81913114 1.59428716
      vertex 0.896688759 1.82110178 1.57579613
    endloop
  endfacet
  facet normal 0.0437889715 -0.99510289 -0.0886158253
    outer loop
      vertex 1.00740182 1.818223 1.66283095
      vertex 0.88932699 1.81913114 1.59428716
      vertex 1.05588913 1.82054198 1.66074991
    endloop
  endfacet
  facet normal 0.0437889525 -0.995103058 -0.08861395
    outer loop
      vertex 0.812736034 1.8165741 1.58515406
      vertex 0.806045949 1.81842566 1.56105578
      vertex 0.88932699 1.81913114 1.59428716
    endloop
  endfacet
  facet normal -0.928759986 -0.00787012708 -0.370598097
    outer loop
      vertex 0.725218773 1.81837714 1.52166069
      vertex 0.71540314 1.81574965 1.54631555
      vertex 0.714527309 1.83565164 1.54808784
    endloop
  endfacet
  facet normal -0.928758661 -0.00786865576 -0.370601449
    outer loop
      vertex 0.725218773 1.81837714 1.52166069
      vertex 0.743536472 1.85348511 1.47500956
      vertex 0.735034466 1.82100463 1.49700594
    endloop
  endfacet
  facet normal -0.928759349 -0.00786732593 -0.370599752
    outer loop
      vertex 0.735034466 1.82100463 1.49700594
      vertex 0.743536472 1.85348511 1.47500956
      vertex 0.744850159 1.823632 1.47235107
    endloop
  endfacet
  facet normal -0.928759215 -0.00786657884 -0.370600104
    outer loop
      vertex 0.714527309 1.83565164 1.54808784
      vertex 0.743536472 1.85348511 1.47500956
      vertex 0.725218773 1.81837714 1.52166069
    endloop
  endfacet
  facet normal -0.92875944 -0.00786497002 -0.370599575
    outer loop
      vertex 0.72259146 1.87808323 1.52697766
      vertex 0.713651538 1.85555375 1.54986012
      vertex 0.712775767 1.87545574 1.55163252
    endloop
  endfacet
  facet normal -0.928759167 -0.00786575622 -0.370600242
    outer loop
      vertex 0.743536472 1.85348511 1.47500956
      vertex 0.713651538 1.85555375 1.54986012
      vertex 0.72259146 1.87808323 1.52697766
    endloop
  endfacet
  facet normal -0.928759491 -0.00786736377 -0.370599397
    outer loop
      vertex 0.742222786 1.88333821 1.47766805
      vertex 0.743536472 1.85348511 1.47500956
      vertex 0.732407153 1.88071072 1.50232279
    endloop
  endfacet
  facet normal -0.928759353 -0.00786695164 -0.370599751
    outer loop
      vertex 0.72259146 1.87808323 1.52697766
      vertex 0.732407153 1.88071072 1.50232279
      vertex 0.743536472 1.85348511 1.47500956
    endloop
  endfacet
  facet normal -0.92875917 -0.00786707455 -0.370600207
    outer loop
      vertex 0.714527309 1.83565164 1.54808784
      vertex 0.713651538 1.85555375 1.54986012
      vertex 0.743536472 1.85348511 1.47500956
    endloop
  endfacet
  facet normal 0.481004934 0.0987427646 -0.871139553
    outer loop
      vertex 0.971768975 1.85313022 1.59177566
      vertex 0.989462256 1.82319343 1.5981518
      vertex 0.960155964 1.82334328 1.58198714
    endloop
  endfacet
  facet normal 0.481004934 0.0987427646 -0.871139553
    outer loop
      vertex 0.971768975 1.85313022 1.59177566
      vertex 0.983381987 1.88291717 1.60156417
      vertex 1.01268828 1.88276732 1.61772883
    endloop
  endfacet
  facet normal 0.481004934 0.0987427646 -0.871139553
    outer loop
      vertex 1.01268828 1.88276732 1.61772883
      vertex 0.989462256 1.82319343 1.5981518
      vertex 0.971768975 1.85313022 1.59177566
    endloop
  endfacet
  facet normal 0.481004934 0.0987427646 -0.871139553
    outer loop
      vertex 0.989462256 1.82319343 1.5981518
      vertex 1.01268828 1.88276732 1.61772883
      vertex 1.03038156 1.85283053 1.62410498
    endloop
  endfacet
  facet normal 0.481004934 0.0987427646 -0.871139553
    outer loop
      vertex 1.03038156 1.85283053 1.62410498
      vertex 1.01268828 1.88276732 1.61772883
      vertex 1.04199457 1.88261747 1.63389349
    endloop
  endfacet
  facet normal 0.481005266 0.0987422004 -0.871139433
    outer loop
      vertex 1.01876855 1.82304347 1.61431646
      vertex 0.989462256 1.82319343 1.5981518
      vertex 1.03038156 1.85283053 1.62410498
    endloop
  endfacet
  facet normal -0.804986308 0.443384339 -0.394217416
    outer loop
      vertex 1.01876855 1.82304347 1.61431646
      vertex 1.03038156 1.85283053 1.62410498
      vertex 1.03354812 1.82607758 1.58754933
    endloop
  endfacet
  facet normal -0.804983057 0.443388067 -0.394219862
    outer loop
      vertex 1.04605341 1.85604763 1.59572196
      vertex 1.03354812 1.82607758 1.58754933
      vertex 1.03038156 1.85283053 1.62410498
    endloop
  endfacet
  facet normal -0.80498335 0.443386686 -0.394220818
    outer loop
      vertex 1.04199457 1.88261747 1.63389349
      vertex 1.0585587 1.8860178 1.60389459
      vertex 1.04605341 1.85604763 1.59572196
    endloop
  endfacet
  facet normal -0.804983805 0.443386149 -0.394220492
    outer loop
      vertex 1.03038156 1.85283053 1.62410498
      vertex 1.04199457 1.88261747 1.63389349
      vertex 1.04605341 1.85604763 1.59572196
    endloop
  endfacet
  facet normal 0.8049844 -0.443386574 0.394218799
    outer loop
      vertex 0.983381987 1.88291717 1.60156417
      vertex 0.983395159 1.85551691 1.5707196
      vertex 0.995900452 1.88548708 1.57889223
    endloop
  endfacet
  facet normal 0.804985076 -0.443385888 0.39421819
    outer loop
      vertex 0.971768975 1.85313022 1.59177566
      vertex 0.983395159 1.85551691 1.5707196
      vertex 0.983381987 1.88291717 1.60156417
    endloop
  endfacet
  facet normal 0.804983547 -0.443386202 0.39422096
    outer loop
      vertex 0.960155964 1.82334328 1.58198714
      vertex 0.970889926 1.82554674 1.56254709
      vertex 0.971768975 1.85313022 1.59177566
    endloop
  endfacet
  facet normal 0.804985813 -0.443383998 0.394218811
    outer loop
      vertex 0.983395159 1.85551691 1.5707196
      vertex 0.971768975 1.85313022 1.59177566
      vertex 0.970889926 1.82554674 1.56254709
    endloop
  endfacet
  facet normal 0.368088844 0.0985278154 -0.9245555
    outer loop
      vertex 0.871032119 1.83963299 1.52429247
      vertex 0.807612717 1.83909583 1.49898636
      vertex 0.870375276 1.85455954 1.52562165
    endloop
  endfacet
  facet normal 0.368087345 0.0985278027 -0.924556098
    outer loop
      vertex 0.870375276 1.85455954 1.52562165
      vertex 0.806955874 1.85402238 1.50031567
      vertex 0.869718432 1.86948609 1.52695084
    endloop
  endfacet
  facet normal 0.368087774 0.0985314636 -0.924555537
    outer loop
      vertex 0.743536472 1.85348511 1.47500956
      vertex 0.742222786 1.88333821 1.47766805
      vertex 0.806299031 1.86894894 1.50164485
    endloop
  endfacet
  facet normal 0.368087719 0.0985311249 -0.924555595
    outer loop
      vertex 0.869061649 1.88441265 1.52828014
      vertex 0.806299031 1.86894894 1.50164485
      vertex 0.742222786 1.88333821 1.47766805
    endloop
  endfacet
  facet normal 0.368087774 0.0985314636 -0.924555537
    outer loop
      vertex 0.807612717 1.83909583 1.49898636
      vertex 0.744850159 1.823632 1.47235107
      vertex 0.743536472 1.85348511 1.47500956
    endloop
  endfacet
  facet normal 0.368087666 0.0985318963 -0.924555534
    outer loop
      vertex 0.744850159 1.823632 1.47235107
      vertex 0.807612717 1.83909583 1.49898636
      vertex 0.857870042 1.82458937 1.51744902
    endloop
  endfacet
  facet normal 0.368088496 0.0985357124 -0.924554797
    outer loop
      vertex 0.807612717 1.83909583 1.49898636
      vertex 0.871032119 1.83963299 1.52429247
      vertex 0.857870042 1.82458937 1.51744902
    endloop
  endfacet
  facet normal 0.368088362 0.0985351258 -0.924554913
    outer loop
      vertex 0.807612717 1.83909583 1.49898636
      vertex 0.743536472 1.85348511 1.47500956
      vertex 0.806955874 1.85402238 1.50031567
    endloop
  endfacet
  facet normal 0.368087757 0.0985336646 -0.92455531
    outer loop
      vertex 0.869718432 1.86948609 1.52695084
      vertex 0.869061649 1.88441265 1.52828014
      vertex 0.995900452 1.88548708 1.57889223
    endloop
  endfacet
  facet normal 0.368088097 0.0985313455 -0.924555421
    outer loop
      vertex 0.983395159 1.85551691 1.5707196
      vertex 0.869718432 1.86948609 1.52695084
      vertex 0.995900452 1.88548708 1.57889223
    endloop
  endfacet
  facet normal 0.368087846 0.098527807 -0.924555898
    outer loop
      vertex 0.983395159 1.85551691 1.5707196
      vertex 0.871032119 1.83963299 1.52429247
      vertex 0.870375276 1.85455954 1.52562165
    endloop
  endfacet
  facet normal 0.368087706 0.0985286828 -0.924555861
    outer loop
      vertex 0.871032119 1.83963299 1.52429247
      vertex 0.983395159 1.85551691 1.5707196
      vertex 0.970889926 1.82554674 1.56254709
    endloop
  endfacet
  facet normal 0.368087846 0.098527807 -0.924555898
    outer loop
      vertex 0.983395159 1.85551691 1.5707196
      vertex 0.870375276 1.85455954 1.52562165
      vertex 0.869718432 1.86948609 1.52695084
    endloop
  endfacet
  facet normal 0.368088332 0.0985358779 -0.924554845
    outer loop
      vertex 0.857870042 1.82458937 1.51744902
      vertex 0.871032119 1.83963299 1.52429247
      vertex 0.970889926 1.82554674 1.56254709
    endloop
  endfacet
  facet normal 0.368087087 0.098533659 -0.924555577
    outer loop
      vertex 0.869718432 1.86948609 1.52695084
      vertex 0.806299031 1.86894894 1.50164485
      vertex 0.869061649 1.88441265 1.52828014
    endloop
  endfacet
  facet normal 0.368087023 0.0985351145 -0.924555447
    outer loop
      vertex 0.807612717 1.83909583 1.49898636
      vertex 0.806955874 1.85402238 1.50031567
      vertex 0.870375276 1.85455954 1.52562165
    endloop
  endfacet
  facet normal 0.368087345 0.0985278027 -0.924556098
    outer loop
      vertex 0.806955874 1.85402238 1.50031567
      vertex 0.806299031 1.86894894 1.50164485
      vertex 0.869718432 1.86948609 1.52695084
    endloop
  endfacet
  facet normal 0.368088684 0.0985278141 -0.924555564
    outer loop
      vertex 0.743536472 1.85348511 1.47500956
      vertex 0.806299031 1.86894894 1.50164485
      vertex 0.806955874 1.85402238 1.50031567
    endloop
  endfacet
  facet normal 0.043789412 -0.995103539 -0.0886083153
    outer loop
      vertex 1.27702558 1.83311737 1.68523383
      vertex 1.23370039 1.83084214 1.68937457
      vertex 1.24431753 1.8328402 1.67218244
    endloop
  endfacet
  facet normal 0.0437887161 -0.99510295 -0.088615273
    outer loop
      vertex 1.27702558 1.83311737 1.68523383
      vertex 1.22308314 1.82884395 1.70656669
      vertex 1.23370039 1.83084214 1.68937457
    endloop
  endfacet
  facet normal 0.0437886841 -0.995102923 -0.0886155933
    outer loop
      vertex 1.30973363 1.83339441 1.69828522
      vertex 1.29911649 1.83139622 1.71547735
      vertex 1.27702558 1.83311737 1.68523383
    endloop
  endfacet
  facet normal 0.0437884599 -0.995102948 -0.0886154309
    outer loop
      vertex 1.27702558 1.83311737 1.68523383
      vertex 1.29911649 1.83139622 1.71547735
      vertex 1.28849924 1.82939804 1.73266947
    endloop
  endfacet
  facet normal 0.043788555 -0.995102922 -0.0886156746
    outer loop
      vertex 1.23455679 1.82512462 1.75400221
      vertex 1.22308314 1.82884395 1.70656669
      vertex 1.27702558 1.83311737 1.68523383
    endloop
  endfacet
  facet normal 0.0437887824 -0.995102897 -0.0886158403
    outer loop
      vertex 1.23455679 1.82512462 1.75400221
      vertex 1.20184875 1.82484758 1.74095082
      vertex 1.212466 1.82684577 1.72375882
    endloop
  endfacet
  facet normal 0.0437888143 -0.995102924 -0.0886155148
    outer loop
      vertex 1.27702558 1.83311737 1.68523383
      vertex 1.28849924 1.82939804 1.73266947
      vertex 1.23455679 1.82512462 1.75400221
    endloop
  endfacet
  facet normal 0.0437888152 -0.995102925 -0.0886155124
    outer loop
      vertex 1.23455679 1.82512462 1.75400221
      vertex 1.28849924 1.82939804 1.73266947
      vertex 1.2778821 1.82739985 1.7498616
    endloop
  endfacet
  facet normal 0.0437887824 -0.995102897 -0.0886158403
    outer loop
      vertex 1.23455679 1.82512462 1.75400221
      vertex 1.2778821 1.82739985 1.7498616
      vertex 1.26726484 1.82540166 1.7670536
    endloop
  endfacet
  facet normal 0.0437885529 -0.995102922 -0.0886156741
    outer loop
      vertex 1.212466 1.82684577 1.72375882
      vertex 1.22308314 1.82884395 1.70656669
      vertex 1.23455679 1.82512462 1.75400221
    endloop
  endfacet
  facet normal -0.851273298 0.00925538607 -0.524640934
    outer loop
      vertex 1.30973363 1.83339441 1.69828522
      vertex 1.30995262 1.82841885 1.69784212
      vertex 1.29933536 1.82642066 1.71503425
    endloop
  endfacet
  facet normal -0.851273298 0.00925538607 -0.524640934
    outer loop
      vertex 1.28871822 1.82442248 1.73222637
      vertex 1.28849924 1.82939804 1.73266947
      vertex 1.29911649 1.83139622 1.71547735
    endloop
  endfacet
  facet normal -0.8512768 0.00927509064 -0.524634904
    outer loop
      vertex 1.27810097 1.82242429 1.7494185
      vertex 1.2778821 1.82739985 1.7498616
      vertex 1.28849924 1.82939804 1.73266947
    endloop
  endfacet
  facet normal -0.851275364 0.00924244722 -0.524637811
    outer loop
      vertex 1.26748383 1.82042611 1.76661062
      vertex 1.26726484 1.82540166 1.7670536
      vertex 1.27810097 1.82242429 1.7494185
    endloop
  endfacet
  facet normal -0.8512768 0.00927509064 -0.524634904
    outer loop
      vertex 1.30973363 1.83339441 1.69828522
      vertex 1.29933536 1.82642066 1.71503425
      vertex 1.29911649 1.83139622 1.71547735
    endloop
  endfacet
  facet normal -0.8512768 0.00927509064 -0.524634904
    outer loop
      vertex 1.28871822 1.82442248 1.73222637
      vertex 1.29911649 1.83139622 1.71547735
      vertex 1.29933536 1.82642066 1.71503425
    endloop
  endfacet
  facet normal -0.851273298 0.00925538607 -0.524640934
    outer loop
      vertex 1.27810097 1.82242429 1.7494185
      vertex 1.28849924 1.82939804 1.73266947
      vertex 1.28871822 1.82442248 1.73222637
    endloop
  endfacet
  facet normal -0.851272576 0.00927588555 -0.524641744
    outer loop
      vertex 1.26726484 1.82540166 1.7670536
      vertex 1.2778821 1.82739985 1.7498616
      vertex 1.27810097 1.82242429 1.7494185
    endloop
  endfacet
  facet normal 0.851275364 -0.00924244722 0.524637811
    outer loop
      vertex 1.20184875 1.82484758 1.74095082
      vertex 1.20206773 1.81987202 1.74050784
      vertex 1.21268487 1.82187021 1.72331572
    endloop
  endfacet
  facet normal 0.851273298 -0.00925538607 0.524640934
    outer loop
      vertex 1.22330213 1.82386839 1.70612359
      vertex 1.22308314 1.82884395 1.70656669
      vertex 1.21268487 1.82187021 1.72331572
    endloop
  endfacet
  facet normal 0.851273298 -0.00925538607 0.524640934
    outer loop
      vertex 1.22308314 1.82884395 1.70656669
      vertex 1.22330213 1.82386839 1.70612359
      vertex 1.23370039 1.83084214 1.68937457
    endloop
  endfacet
  facet normal 0.851273308 -0.00925560565 0.524640915
    outer loop
      vertex 1.24453652 1.82786477 1.67173934
      vertex 1.24431753 1.8328402 1.67218244
      vertex 1.23391926 1.82586658 1.68893147
    endloop
  endfacet
  facet normal 0.851272576 -0.00927588555 0.524641744
    outer loop
      vertex 1.20184875 1.82484758 1.74095082
      vertex 1.21268487 1.82187021 1.72331572
      vertex 1.212466 1.82684577 1.72375882
    endloop
  endfacet
  facet normal 0.8512768 -0.00927509064 0.524634904
    outer loop
      vertex 1.22308314 1.82884395 1.70656669
      vertex 1.212466 1.82684577 1.72375882
      vertex 1.21268487 1.82187021 1.72331572
    endloop
  endfacet
  facet normal 0.8512768 -0.00927509064 0.524634904
    outer loop
      vertex 1.22330213 1.82386839 1.70612359
      vertex 1.23391926 1.82586658 1.68893147
      vertex 1.23370039 1.83084214 1.68937457
    endloop
  endfacet
  facet normal 0.851276772 -0.00927509599 0.52463495
    outer loop
      vertex 1.24431753 1.8328402 1.67218244
      vertex 1.23370039 1.83084214 1.68937457
      vertex 1.23391926 1.82586658 1.68893147
    endloop
  endfacet
  facet normal -0.469850542 -0.0987942943 0.87720018
    outer loop
      vertex 1.40236032 1.8852849 1.78201401
      vertex 1.45175111 1.85525596 1.80508697
      vertex 1.43369496 1.88517034 1.79878473
    endloop
  endfacet
  facet normal -0.469850524 -0.0987946849 0.877200145
    outer loop
      vertex 1.40236032 1.8852849 1.78201401
      vertex 1.37102568 1.88539946 1.76524329
      vertex 1.38908184 1.8554852 1.77154553
    endloop
  endfacet
  facet normal -0.469849331 -0.0987902287 0.877201286
    outer loop
      vertex 1.43847251 1.82545626 1.79461861
      vertex 1.46980727 1.8253417 1.81138933
      vertex 1.45175111 1.85525596 1.80508697
    endloop
  endfacet
  facet normal -0.469854917 -0.0987920069 0.877198094
    outer loop
      vertex 1.40236032 1.8852849 1.78201401
      vertex 1.38908184 1.8554852 1.77154553
      vertex 1.40713787 1.82557082 1.77784789
    endloop
  endfacet
  facet normal -0.469848863 -0.0987905145 0.877201505
    outer loop
      vertex 1.43847251 1.82545626 1.79461861
      vertex 1.45175111 1.85525596 1.80508697
      vertex 1.40236032 1.8852849 1.78201401
    endloop
  endfacet
  facet normal -0.46985065 -0.0987918264 0.8772004
    outer loop
      vertex 1.40236032 1.8852849 1.78201401
      vertex 1.40713787 1.82557082 1.77784789
      vertex 1.43847251 1.82545626 1.79461861
    endloop
  endfacet
  facet normal 0.433258608 0.157285247 -0.887439198
    outer loop
      vertex 1.37543273 1.84137833 1.8103658
      vertex 1.3721813 1.86610937 1.81316161
      vertex 1.38381743 1.8512758 1.81621349
    endloop
  endfacet
  facet normal 0.433252482 0.157287022 -0.887441874
    outer loop
      vertex 1.39545357 1.83644223 1.81926525
      vertex 1.40708971 1.82160866 1.822317
      vertex 1.38824725 1.82159889 1.81311631
    endloop
  endfacet
  facet normal 0.433254806 0.157289156 -0.887440361
    outer loop
      vertex 1.37543273 1.84137833 1.8103658
      vertex 1.38381743 1.8512758 1.81621349
      vertex 1.39545357 1.83644223 1.81926525
    endloop
  endfacet
  facet normal 0.433253711 0.157282554 -0.887442066
    outer loop
      vertex 1.36261809 1.86115777 1.80761528
      vertex 1.34980345 1.88093722 1.80486465
      vertex 1.36054528 1.88094282 1.81010985
    endloop
  endfacet
  facet normal 0.433248921 0.157284522 -0.887444056
    outer loop
      vertex 1.36261809 1.86115777 1.80761528
      vertex 1.3721813 1.86610937 1.81316161
      vertex 1.37543273 1.84137833 1.8103658
    endloop
  endfacet
  facet normal 0.433254347 0.157285827 -0.887441175
    outer loop
      vertex 1.37543273 1.84137833 1.8103658
      vertex 1.39545357 1.83644223 1.81926525
      vertex 1.38824725 1.82159889 1.81311631
    endloop
  endfacet
  facet normal 0.43324995 0.157282395 -0.88744393
    outer loop
      vertex 1.36261809 1.86115777 1.80761528
      vertex 1.36054528 1.88094282 1.81010985
      vertex 1.3721813 1.86610937 1.81316161
    endloop
  endfacet
  facet normal 0.721537622 0.529502103 0.44610647
    outer loop
      vertex 1.36261809 1.86115777 1.80761528
      vertex 1.38908184 1.8554852 1.77154553
      vertex 1.37102568 1.88539946 1.76524329
    endloop
  endfacet
  facet normal 0.721539484 0.529499929 0.446106039
    outer loop
      vertex 1.38908184 1.8554852 1.77154553
      vertex 1.37543273 1.84137833 1.8103658
      vertex 1.40713787 1.82557082 1.77784789
    endloop
  endfacet
  facet normal 0.721537434 0.529502533 0.446106264
    outer loop
      vertex 1.36261809 1.86115777 1.80761528
      vertex 1.37543273 1.84137833 1.8103658
      vertex 1.38908184 1.8554852 1.77154553
    endloop
  endfacet
  facet normal 0.721535611 0.529504179 0.446107259
    outer loop
      vertex 1.36261809 1.86115777 1.80761528
      vertex 1.37102568 1.88539946 1.76524329
      vertex 1.34980345 1.88093722 1.80486465
    endloop
  endfacet
  facet normal 0.721539579 0.52949958 0.446106301
    outer loop
      vertex 1.37543273 1.84137833 1.8103658
      vertex 1.38824725 1.82159889 1.81311631
      vertex 1.40713787 1.82557082 1.77784789
    endloop
  endfacet
  facet normal -0.721537626 -0.529499951 -0.446109018
    outer loop
      vertex 1.45394063 1.82200551 1.84101188
      vertex 1.43487835 1.85170829 1.83658814
      vertex 1.46980727 1.8253417 1.81138933
    endloop
  endfacet
  facet normal -0.721537461 -0.529503491 -0.446105084
    outer loop
      vertex 1.45175111 1.85525596 1.80508697
      vertex 1.46980727 1.8253417 1.81138933
      vertex 1.43487835 1.85170829 1.83658814
    endloop
  endfacet
  facet normal -0.721539243 -0.529500756 -0.446105448
    outer loop
      vertex 1.41581607 1.88141108 1.83216441
      vertex 1.43369496 1.88517034 1.79878473
      vertex 1.45175111 1.85525596 1.80508697
    endloop
  endfacet
  facet normal -0.721539261 -0.529500508 -0.446105712
    outer loop
      vertex 1.43487835 1.85170829 1.83658814
      vertex 1.41581607 1.88141108 1.83216441
      vertex 1.45175111 1.85525596 1.80508697
    endloop
  endfacet
  facet normal -0.368088029 -0.098528588 0.924555742
    outer loop
      vertex 0.852426767 1.84677458 1.60417438
      vertex 0.851769924 1.86170101 1.60550356
      vertex 0.78325808 1.84618866 1.57657421
    endloop
  endfacet
  facet normal -0.368086368 -0.0985351089 0.924555709
    outer loop
      vertex 1.33660734 1.85087585 1.79737532
      vertex 1.33595049 1.86580241 1.79870462
      vertex 1.26743865 1.85028994 1.76977527
    endloop
  endfacet
  facet normal -0.368087742 -0.0985351206 0.92455516
    outer loop
      vertex 0.853083611 1.83184803 1.60284507
      vertex 0.852426767 1.84677458 1.60417438
      vertex 0.78325808 1.84618866 1.57657421
    endloop
  endfacet
  facet normal -0.368088064 -0.0985278088 0.924555811
    outer loop
      vertex 1.12975824 1.83419156 1.71324575
      vertex 1.1291014 1.84911811 1.71457493
      vertex 1.06058955 1.83360565 1.68564558
    endloop
  endfacet
  facet normal -0.368088484 -0.0985278124 0.924555644
    outer loop
      vertex 1.06058955 1.83360565 1.68564558
      vertex 1.05993271 1.8485322 1.68697476
      vertex 0.991420925 1.83301985 1.65804541
    endloop
  endfacet
  facet normal -0.368089805 -0.0985286031 0.924555034
    outer loop
      vertex 1.25113177 1.82775366 1.7608813
      vertex 1.26842391 1.82790017 1.76778138
      vertex 1.26809549 1.83536339 1.76844597
    endloop
  endfacet
  facet normal -0.368084375 -0.0985269981 0.924557366
    outer loop
      vertex 1.23351121 1.83507049 1.75464594
      vertex 1.23383963 1.82760715 1.75398135
      vertex 1.25113177 1.82775366 1.7608813
    endloop
  endfacet
  facet normal -0.368087061 -0.0985351148 0.924555432
    outer loop
      vertex 1.26809549 1.83536339 1.76844597
      vertex 1.23351121 1.83507049 1.75464594
      vertex 1.25113177 1.82775366 1.7608813
    endloop
  endfacet
  facet normal -0.368090459 -0.0985270496 0.924554939
    outer loop
      vertex 1.21654749 1.82746077 1.74708128
      vertex 1.23383963 1.82760715 1.75398135
      vertex 1.23351121 1.83507049 1.75464594
    endloop
  endfacet
  facet normal -0.368089805 -0.0985286031 0.924555034
    outer loop
      vertex 1.19892693 1.83477747 1.7408458
      vertex 1.19925535 1.82731426 1.74018121
      vertex 1.21654749 1.82746077 1.74708128
    endloop
  endfacet
  facet normal -0.368089805 -0.0985286031 0.924555034
    outer loop
      vertex 1.23351121 1.83507049 1.75464594
      vertex 1.19892693 1.83477747 1.7408458
      vertex 1.21654749 1.82746077 1.74708128
    endloop
  endfacet
  facet normal -0.368087061 -0.0985351148 0.924555432
    outer loop
      vertex 1.23351121 1.83507049 1.75464594
      vertex 1.26809549 1.83536339 1.76844597
      vertex 1.26743865 1.85028994 1.76977527
    endloop
  endfacet
  facet normal -0.368089517 -0.0985351356 0.924554452
    outer loop
      vertex 1.19827008 1.84970403 1.7421751
      vertex 1.19892693 1.83477747 1.7408458
      vertex 1.23351121 1.83507049 1.75464594
    endloop
  endfacet
  facet normal -0.368088433 -0.0985318589 0.924555233
    outer loop
      vertex 1.26743865 1.85028994 1.76977527
      vertex 1.19827008 1.84970403 1.7421751
      vertex 1.23351121 1.83507049 1.75464594
    endloop
  endfacet
  facet normal -0.368085967 -0.0985351055 0.924555869
    outer loop
      vertex 1.16434252 1.83448458 1.72704577
      vertex 1.19892693 1.83477747 1.7408458
      vertex 1.19827008 1.84970403 1.7421751
    endloop
  endfacet
  facet normal -0.36808709 -0.0985278006 0.9245562
    outer loop
      vertex 1.1291014 1.84911811 1.71457493
      vertex 1.12975824 1.83419156 1.71324575
      vertex 1.16434252 1.83448458 1.72704577
    endloop
  endfacet
  facet normal -0.36808795 -0.0985303988 0.924555581
    outer loop
      vertex 1.19827008 1.84970403 1.7421751
      vertex 1.1291014 1.84911811 1.71457493
      vertex 1.16434252 1.83448458 1.72704577
    endloop
  endfacet
  facet normal -0.368085961 -0.0985285705 0.924556567
    outer loop
      vertex 1.19925535 1.82731426 1.74018121
      vertex 1.19892693 1.83477747 1.7408458
      vertex 1.16467094 1.82702124 1.72638118
    endloop
  endfacet
  facet normal -0.368087124 -0.0985270214 0.924556269
    outer loop
      vertex 1.16467094 1.82702124 1.72638118
      vertex 1.16434252 1.83448458 1.72704577
      vertex 1.12975824 1.83419156 1.71324575
    endloop
  endfacet
  facet normal -0.368087383 -0.0985278031 0.924556083
    outer loop
      vertex 1.3026799 1.8356564 1.78224611
      vertex 1.33726418 1.8359493 1.79604614
      vertex 1.33660734 1.85087585 1.79737532
    endloop
  endfacet
  facet normal -0.368088423 -0.0985351263 0.924554889
    outer loop
      vertex 1.26743865 1.85028994 1.76977527
      vertex 1.26809549 1.83536339 1.76844597
      vertex 1.3026799 1.8356564 1.78224611
    endloop
  endfacet
  facet normal -0.368086608 -0.0985296423 0.924556195
    outer loop
      vertex 1.33660734 1.85087585 1.79737532
      vertex 1.26743865 1.85028994 1.76977527
      vertex 1.3026799 1.8356564 1.78224611
    endloop
  endfacet
  facet normal -0.368087349 -0.0985285823 0.924556014
    outer loop
      vertex 1.3375926 1.82848608 1.79538155
      vertex 1.33726418 1.8359493 1.79604614
      vertex 1.3026799 1.8356564 1.78224611
    endloop
  endfacet
  facet normal -0.368088135 -0.0985416587 0.924554307
    outer loop
      vertex 1.30300832 1.82819307 1.7815814
      vertex 1.3026799 1.8356564 1.78224611
      vertex 1.26809549 1.83536339 1.76844597
    endloop
  endfacet
  facet normal -0.36808755 -0.0985329028 0.924555473
    outer loop
      vertex 0.805314243 1.87623966 1.58855784
      vertex 0.712775767 1.87545574 1.55163252
      vertex 0.782601237 1.86111522 1.57790339
    endloop
  endfacet
  facet normal -0.368087873 -0.0985351474 0.924555105
    outer loop
      vertex 0.713651538 1.85555375 1.54986012
      vertex 0.782601237 1.86111522 1.57790339
      vertex 0.712775767 1.87545574 1.55163252
    endloop
  endfacet
  facet normal -0.36808802 -0.0985321232 0.924555369
    outer loop
      vertex 0.851769924 1.86170101 1.60550356
      vertex 0.805314243 1.87623966 1.58855784
      vertex 0.782601237 1.86111522 1.57790339
    endloop
  endfacet
  facet normal -0.368087777 -0.0985302433 0.924555666
    outer loop
      vertex 0.990764081 1.84794629 1.65937459
      vertex 0.990391254 1.87780738 1.66240847
      vertex 0.897852778 1.87702358 1.62548316
    endloop
  endfacet
  facet normal -0.368087479 -0.0985298624 0.924555825
    outer loop
      vertex 0.805314243 1.87623966 1.58855784
      vertex 0.851769924 1.86170101 1.60550356
      vertex 0.897852778 1.87702358 1.62548316
    endloop
  endfacet
  facet normal -0.368087598 -0.0985294957 0.924555817
    outer loop
      vertex 0.851769924 1.86170101 1.60550356
      vertex 0.990764081 1.84794629 1.65937459
      vertex 0.897852778 1.87702358 1.62548316
    endloop
  endfacet
  facet normal -0.368088759 -0.0985290845 0.924555399
    outer loop
      vertex 0.78325808 1.84618866 1.57657421
      vertex 0.713651538 1.85555375 1.54986012
      vertex 0.714527309 1.83565164 1.54808784
    endloop
  endfacet
  facet normal -0.368087736 -0.0985351205 0.924555163
    outer loop
      vertex 0.783914924 1.83126211 1.5752449
      vertex 0.78325808 1.84618866 1.57657421
      vertex 0.714527309 1.83565164 1.54808784
    endloop
  endfacet
  facet normal -0.368087552 -0.098528584 0.924555932
    outer loop
      vertex 0.852426767 1.84677458 1.60417438
      vertex 0.990764081 1.84794629 1.65937459
      vertex 0.851769924 1.86170101 1.60550356
    endloop
  endfacet
  facet normal -0.368087265 -0.0985351165 0.924555351
    outer loop
      vertex 0.990764081 1.84794629 1.65937459
      vertex 0.852426767 1.84677458 1.60417438
      vertex 0.853083611 1.83184803 1.60284507
    endloop
  endfacet
  facet normal -0.368088169 -0.0985254161 0.924556024
    outer loop
      vertex 0.812736034 1.8165741 1.58515406
      vertex 0.853083611 1.83184803 1.60284507
      vertex 0.783914924 1.83126211 1.5752449
    endloop
  endfacet
  facet normal -0.368087654 -0.0985307517 0.924555661
    outer loop
      vertex 0.783914924 1.83126211 1.5752449
      vertex 0.714527309 1.83565164 1.54808784
      vertex 0.71540314 1.81574965 1.54631555
    endloop
  endfacet
  facet normal -0.368088655 -0.0985278138 0.924555575
    outer loop
      vertex 0.78325808 1.84618866 1.57657421
      vertex 0.782601237 1.86111522 1.57790339
      vertex 0.713651538 1.85555375 1.54986012
    endloop
  endfacet
  facet normal -0.368088231 -0.0985302307 0.924555487
    outer loop
      vertex 0.990764081 1.84794629 1.65937459
      vertex 1.05993271 1.8485322 1.68697476
      vertex 0.990391254 1.87780738 1.66240847
    endloop
  endfacet
  facet normal -0.36808778 -0.0985313913 0.924555543
    outer loop
      vertex 1.26678181 1.86521649 1.77110445
      vertex 1.17546821 1.8793751 1.73625922
      vertex 1.19827008 1.84970403 1.7421751
    endloop
  endfacet
  facet normal -0.368088817 -0.0985299501 0.924555283
    outer loop
      vertex 1.17546821 1.8793751 1.73625922
      vertex 1.08292973 1.8785913 1.69933379
      vertex 1.1291014 1.84911811 1.71457493
    endloop
  endfacet
  facet normal -0.368087667 -0.0985302543 0.924555709
    outer loop
      vertex 1.26800668 1.88015902 1.77318454
      vertex 1.17546821 1.8793751 1.73625922
      vertex 1.26678181 1.86521649 1.77110445
    endloop
  endfacet
  facet normal -0.368087503 -0.0985271626 0.924556103
    outer loop
      vertex 1.36054528 1.88094282 1.81010985
      vertex 1.26800668 1.88015902 1.77318454
      vertex 1.33595049 1.86580241 1.79870462
    endloop
  endfacet
  facet normal -0.368086107 -0.0985296488 0.924556394
    outer loop
      vertex 1.3721813 1.86610937 1.81316161
      vertex 1.36054528 1.88094282 1.81010985
      vertex 1.33595049 1.86580241 1.79870462
    endloop
  endfacet
  facet normal -0.368088611 -0.0985278135 0.924555593
    outer loop
      vertex 1.19827008 1.84970403 1.7421751
      vertex 1.26743865 1.85028994 1.76977527
      vertex 1.26678181 1.86521649 1.77110445
    endloop
  endfacet
  facet normal -0.368085867 -0.0985351047 0.924555908
    outer loop
      vertex 1.3721813 1.86610937 1.81316161
      vertex 1.33595049 1.86580241 1.79870462
      vertex 1.33660734 1.85087585 1.79737532
    endloop
  endfacet
  facet normal -0.368089118 -0.0985278178 0.92455539
    outer loop
      vertex 1.33660734 1.85087585 1.79737532
      vertex 1.33726418 1.8359493 1.79604614
      vertex 1.38381743 1.8512758 1.81621349
    endloop
  endfacet
  facet normal -0.368088034 -0.098528481 0.924555751
    outer loop
      vertex 1.05993271 1.8485322 1.68697476
      vertex 1.1291014 1.84911811 1.71457493
      vertex 1.08292973 1.8785913 1.69933379
    endloop
  endfacet
  facet normal -0.368086745 -0.0985303786 0.924556062
    outer loop
      vertex 1.10473478 1.81904757 1.70166934
      vertex 1.13008666 1.82672834 1.71258104
      vertex 1.06058955 1.83360565 1.68564558
    endloop
  endfacet
  facet normal -0.368087386 -0.0985432116 0.92455444
    outer loop
      vertex 1.13008666 1.82672834 1.71258104
      vertex 1.12975824 1.83419156 1.71324575
      vertex 1.06058955 1.83360565 1.68564558
    endloop
  endfacet
  facet normal -0.368090587 -0.0985174763 0.924555908
    outer loop
      vertex 1.10473478 1.81904757 1.70166934
      vertex 1.16467094 1.82702124 1.72638118
      vertex 1.13008666 1.82672834 1.71258104
    endloop
  endfacet
  facet normal -0.36808592 -0.0985295057 0.924556484
    outer loop
      vertex 1.20184875 1.82484758 1.74095082
      vertex 1.19925535 1.82731426 1.74018121
      vertex 1.16467094 1.82702124 1.72638118
    endloop
  endfacet
  facet normal -0.36808852 -0.0985269856 0.924555717
    outer loop
      vertex 1.00740182 1.818223 1.66283095
      vertex 1.06058955 1.83360565 1.68564558
      vertex 0.991420925 1.83301985 1.65804541
    endloop
  endfacet
  facet normal -0.368088127 -0.0985294734 0.924555609
    outer loop
      vertex 0.991420925 1.83301985 1.65804541
      vertex 0.853083611 1.83184803 1.60284507
      vertex 0.910068929 1.81739855 1.62399244
    endloop
  endfacet
  facet normal -0.368088126 -0.0985336698 0.924555162
    outer loop
      vertex 1.16467094 1.82702124 1.72638118
      vertex 1.10473478 1.81904757 1.70166934
      vertex 1.20206773 1.81987202 1.74050784
    endloop
  endfacet
  facet normal -0.368087124 -0.0985318674 0.924555753
    outer loop
      vertex 1.10473478 1.81904757 1.70166934
      vertex 1.06058955 1.83360565 1.68564558
      vertex 1.00740182 1.818223 1.66283095
    endloop
  endfacet
  facet normal -0.368085715 -0.0985152926 0.92455808
    outer loop
      vertex 1.16467094 1.82702124 1.72638118
      vertex 1.20206773 1.81987202 1.74050784
      vertex 1.20184875 1.82484758 1.74095082
    endloop
  endfacet
  facet normal -0.368087642 -0.0985268713 0.924556079
    outer loop
      vertex 0.910068929 1.81739855 1.62399244
      vertex 0.853083611 1.83184803 1.60284507
      vertex 0.812736034 1.8165741 1.58515406
    endloop
  endfacet
  facet normal -0.368088634 -0.098526534 0.92455572
    outer loop
      vertex 0.812736034 1.8165741 1.58515406
      vertex 0.783914924 1.83126211 1.5752449
      vertex 0.71540314 1.81574965 1.54631555
    endloop
  endfacet
  facet normal -0.36808957 -0.0985339436 0.924554558
    outer loop
      vertex 1.21654749 1.82746077 1.74708128
      vertex 1.19925535 1.82731426 1.74018121
      vertex 1.20184875 1.82484758 1.74095082
    endloop
  endfacet
  facet normal -0.368088769 -0.0985654511 0.924551518
    outer loop
      vertex 1.23455679 1.82512462 1.75400221
      vertex 1.23383963 1.82760715 1.75398135
      vertex 1.21654749 1.82746077 1.74708128
    endloop
  endfacet
  facet normal -0.36808276 -0.0985636936 0.924554098
    outer loop
      vertex 1.23455679 1.82512462 1.75400221
      vertex 1.25113177 1.82775366 1.7608813
      vertex 1.23383963 1.82760715 1.75398135
    endloop
  endfacet
  facet normal -0.36808764 -0.0985285847 0.924555897
    outer loop
      vertex 1.3375926 1.82848608 1.79538155
      vertex 1.39545357 1.83644223 1.81926525
      vertex 1.33726418 1.8359493 1.79604614
    endloop
  endfacet
  facet normal -0.368087444 -0.0985330475 0.9245555
    outer loop
      vertex 1.38381743 1.8512758 1.81621349
      vertex 1.33726418 1.8359493 1.79604614
      vertex 1.39545357 1.83644223 1.81926525
    endloop
  endfacet
  facet normal -0.368088948 -0.0985480726 0.9245533
    outer loop
      vertex 1.26842391 1.82790017 1.76778138
      vertex 1.25113177 1.82775366 1.7608813
      vertex 1.26726484 1.82540166 1.7670536
    endloop
  endfacet
  facet normal -0.368087272 -0.0985459996 0.924554188
    outer loop
      vertex 1.20184875 1.82484758 1.74095082
      vertex 1.23455679 1.82512462 1.75400221
      vertex 1.21654749 1.82746077 1.74708128
    endloop
  endfacet
  facet normal -0.368088943 -0.09851532 0.924556792
    outer loop
      vertex 1.30300832 1.82819307 1.7815814
      vertex 1.26726484 1.82540166 1.7670536
      vertex 1.26748383 1.82042611 1.76661062
    endloop
  endfacet
  facet normal -0.368085306 -0.0985501208 0.924554531
    outer loop
      vertex 1.26842391 1.82790017 1.76778138
      vertex 1.26726484 1.82540166 1.7670536
      vertex 1.30300832 1.82819307 1.7815814
    endloop
  endfacet
  facet normal -0.368090019 -0.0985237342 0.924555467
    outer loop
      vertex 1.33728671 1.82101738 1.79446387
      vertex 1.3375926 1.82848608 1.79538155
      vertex 1.30300832 1.82819307 1.7815814
    endloop
  endfacet
  facet normal -0.368086575 -0.0985240398 0.924556806
    outer loop
      vertex 1.3375926 1.82848608 1.79538155
      vertex 1.33728671 1.82101738 1.79446387
      vertex 1.40708971 1.82160866 1.822317
    endloop
  endfacet
  facet normal -0.368088844 -0.0985157567 0.924556785
    outer loop
      vertex 1.33728671 1.82101738 1.79446387
      vertex 1.30300832 1.82819307 1.7815814
      vertex 1.26748383 1.82042611 1.76661062
    endloop
  endfacet
  facet normal -0.368087005 -0.0985326589 0.924555716
    outer loop
      vertex 1.39545357 1.83644223 1.81926525
      vertex 1.3375926 1.82848608 1.79538155
      vertex 1.40708971 1.82160866 1.822317
    endloop
  endfacet
  facet normal -0.368087756 -0.0985349961 0.924555168
    outer loop
      vertex 1.23455679 1.82512462 1.75400221
      vertex 1.26726484 1.82540166 1.7670536
      vertex 1.25113177 1.82775366 1.7608813
    endloop
  endfacet
  facet normal -0.36808821 -0.0985278101 0.924555753
    outer loop
      vertex 0.851769924 1.86170101 1.60550356
      vertex 0.782601237 1.86111522 1.57790339
      vertex 0.78325808 1.84618866 1.57657421
    endloop
  endfacet
  facet normal -0.368088064 -0.0985278088 0.924555811
    outer loop
      vertex 1.33595049 1.86580241 1.79870462
      vertex 1.26678181 1.86521649 1.77110445
      vertex 1.26743865 1.85028994 1.76977527
    endloop
  endfacet
  facet normal -0.368087742 -0.0985351206 0.92455516
    outer loop
      vertex 0.853083611 1.83184803 1.60284507
      vertex 0.78325808 1.84618866 1.57657421
      vertex 0.783914924 1.83126211 1.5752449
    endloop
  endfacet
  facet normal -0.368088064 -0.0985278088 0.924555811
    outer loop
      vertex 1.1291014 1.84911811 1.71457493
      vertex 1.05993271 1.8485322 1.68697476
      vertex 1.06058955 1.83360565 1.68564558
    endloop
  endfacet
  facet normal -0.368088303 -0.0985285904 0.924555633
    outer loop
      vertex 1.05993271 1.8485322 1.68697476
      vertex 0.990764081 1.84794629 1.65937459
      vertex 0.991420925 1.83301985 1.65804541
    endloop
  endfacet
  facet normal -0.368086323 -0.0985270146 0.924556589
    outer loop
      vertex 1.19892693 1.83477747 1.7408458
      vertex 1.16434252 1.83448458 1.72704577
      vertex 1.16467094 1.82702124 1.72638118
    endloop
  endfacet
  facet normal -0.368089454 -0.0985432291 0.924553614
    outer loop
      vertex 1.16467094 1.82702124 1.72638118
      vertex 1.12975824 1.83419156 1.71324575
      vertex 1.13008666 1.82672834 1.71258104
    endloop
  endfacet
  facet normal -0.36808923 -0.098541668 0.92455387
    outer loop
      vertex 1.3375926 1.82848608 1.79538155
      vertex 1.3026799 1.8356564 1.78224611
      vertex 1.30300832 1.82819307 1.7815814
    endloop
  endfacet
  facet normal -0.368086254 -0.098528573 0.92455645
    outer loop
      vertex 1.30300832 1.82819307 1.7815814
      vertex 1.26809549 1.83536339 1.76844597
      vertex 1.26842391 1.82790017 1.76778138
    endloop
  endfacet
  facet normal -0.368088166 -0.0985285892 0.924555687
    outer loop
      vertex 0.990764081 1.84794629 1.65937459
      vertex 0.853083611 1.83184803 1.60284507
      vertex 0.991420925 1.83301985 1.65804541
    endloop
  endfacet
  facet normal -0.368087733 -0.098528749 0.924555843
    outer loop
      vertex 1.05993271 1.8485322 1.68697476
      vertex 1.08292973 1.8785913 1.69933379
      vertex 0.990391254 1.87780738 1.66240847
    endloop
  endfacet
  facet normal -0.368087901 -0.0985314969 0.924555483
    outer loop
      vertex 1.17546821 1.8793751 1.73625922
      vertex 1.1291014 1.84911811 1.71457493
      vertex 1.19827008 1.84970403 1.7421751
    endloop
  endfacet
  facet normal -0.368087958 -0.0985302149 0.924555597
    outer loop
      vertex 1.26800668 1.88015902 1.77318454
      vertex 1.26678181 1.86521649 1.77110445
      vertex 1.33595049 1.86580241 1.79870462
    endloop
  endfacet
  facet normal -0.368089156 -0.0985269671 0.924555466
    outer loop
      vertex 1.3721813 1.86610937 1.81316161
      vertex 1.33660734 1.85087585 1.79737532
      vertex 1.38381743 1.8512758 1.81621349
    endloop
  endfacet
  facet normal -0.368088609 -0.0985270971 0.92455567
    outer loop
      vertex 0.991420925 1.83301985 1.65804541
      vertex 0.910068929 1.81739855 1.62399244
      vertex 1.00740182 1.818223 1.66283095
    endloop
  endfacet
  facet normal -0.0437880429 0.995103342 0.0886112088
    outer loop
      vertex 0.895257056 1.87954593 1.59587586
      vertex 0.808924258 1.87881458 1.56142676
      vertex 0.804016411 1.87750089 1.57375419
    endloop
  endfacet
  facet normal -0.0437913177 0.995102465 0.0886194345
    outer loop
      vertex 0.909980595 1.88348711 1.55889368
      vertex 0.823647797 1.88275576 1.52444458
      vertex 0.905072749 1.8821733 1.57122111
    endloop
  endfacet
  facet normal -0.0437880429 0.995103342 0.0886112088
    outer loop
      vertex 0.9864977 1.88159096 1.61799753
      vertex 0.900164902 1.88085961 1.58354843
      vertex 0.895257056 1.87954593 1.59587586
    endloop
  endfacet
  facet normal -0.0437901785 0.995102456 0.0886200988
    outer loop
      vertex 1.07283056 1.88232219 1.65244663
      vertex 0.9864977 1.88159096 1.61799753
      vertex 0.981589913 1.88027716 1.63032496
    endloop
  endfacet
  facet normal -0.0437907251 0.99510247 0.0886196709
    outer loop
      vertex 1.24549615 1.88378477 1.72134495
      vertex 1.250404 1.88509858 1.70901752
      vertex 1.0777384 1.883636 1.64011931
    endloop
  endfacet
  facet normal -0.0437874503 0.995103347 0.0886114453
    outer loop
      vertex 1.07283056 1.88232219 1.65244663
      vertex 1.06792271 1.88100851 1.66477406
      vertex 1.24058831 1.88247108 1.73367226
    endloop
  endfacet
  facet normal -0.0437901325 0.995102475 0.0886199074
    outer loop
      vertex 1.32692111 1.88320231 1.76812136
      vertex 1.24058831 1.88247108 1.73367226
      vertex 1.23568046 1.88115728 1.74599969
    endloop
  endfacet
  facet normal -0.0437901325 0.995102475 0.0886199074
    outer loop
      vertex 1.3367368 1.88582981 1.74346662
      vertex 1.250404 1.88509858 1.70901752
      vertex 1.24549615 1.88378477 1.72134495
    endloop
  endfacet
  facet normal -0.0437916094 0.995102387 0.088620167
    outer loop
      vertex 1.33182895 1.88451612 1.75579405
      vertex 1.24549615 1.88378477 1.72134495
      vertex 1.32692111 1.88320231 1.76812136
    endloop
  endfacet
  facet normal -0.0437905161 0.995102359 0.0886210228
    outer loop
      vertex 1.58591962 1.88539624 1.87146878
      vertex 1.4995867 1.88466501 1.83701968
      vertex 1.49467897 1.88335121 1.849347
    endloop
  endfacet
  facet normal -0.0437901325 0.995102475 0.0886199074
    outer loop
      vertex 1.59573519 1.88802373 1.84681392
      vertex 1.50940239 1.8872925 1.81236482
      vertex 1.50449455 1.8859787 1.82469225
    endloop
  endfacet
  facet normal -0.0437912656 0.995102466 0.0886194553
    outer loop
      vertex 1.59082747 1.88671005 1.85914135
      vertex 1.50449455 1.8859787 1.82469225
      vertex 1.58591962 1.88539624 1.87146878
    endloop
  endfacet
  facet normal -0.0437913177 0.995102465 0.0886194345
    outer loop
      vertex 1.67225242 1.88612759 1.90591788
      vertex 1.58591962 1.88539624 1.87146878
      vertex 1.66734457 1.88481379 1.91824532
    endloop
  endfacet
  facet normal -0.0437881348 0.995103304 0.0886115916
    outer loop
      vertex 1.68206811 1.88875508 1.88126302
      vertex 1.59573519 1.88802373 1.84681392
      vertex 1.59082747 1.88671005 1.85914135
    endloop
  endfacet
  facet normal -0.0437901325 0.995102475 0.0886199074
    outer loop
      vertex 1.67716026 1.88744128 1.89359045
      vertex 1.59082747 1.88671005 1.85914135
      vertex 1.58591962 1.88539624 1.87146878
    endloop
  endfacet
  facet normal -0.0437868055 0.995103352 0.0886117025
    outer loop
      vertex 1.68697596 1.89006877 1.86893559
      vertex 1.60064304 1.88933754 1.83448648
      vertex 1.68206811 1.88875508 1.88126302
    endloop
  endfacet
  facet normal -0.0437902729 0.995102899 0.0886150852
    outer loop
      vertex 0.72259146 1.87808323 1.52697766
      vertex 0.712775767 1.87545574 1.55163252
      vertex 0.804016411 1.87750089 1.57375419
    endloop
  endfacet
  facet normal -0.0437913208 0.995102464 0.0886194471
    outer loop
      vertex 0.805314243 1.87623966 1.58855784
      vertex 0.804016411 1.87750089 1.57375419
      vertex 0.712775767 1.87545574 1.55163252
    endloop
  endfacet
  facet normal -0.0437899022 0.995102537 0.0886193289
    outer loop
      vertex 0.890349209 1.87823212 1.60820329
      vertex 0.804016411 1.87750089 1.57375419
      vertex 0.805314243 1.87623966 1.58855784
    endloop
  endfacet
  facet normal -0.0437896803 0.995102904 0.0886153216
    outer loop
      vertex 0.732407153 1.88071072 1.50232279
      vertex 0.72259146 1.87808323 1.52697766
      vertex 0.818739951 1.88144207 1.53677189
    endloop
  endfacet
  facet normal -0.0437880429 0.995103342 0.0886112088
    outer loop
      vertex 0.808924258 1.87881458 1.56142676
      vertex 0.72259146 1.87808323 1.52697766
      vertex 0.804016411 1.87750089 1.57375419
    endloop
  endfacet
  facet normal -0.0437880429 0.995103342 0.0886112088
    outer loop
      vertex 0.808924258 1.87881458 1.56142676
      vertex 0.895257056 1.87954593 1.59587586
      vertex 0.900164902 1.88085961 1.58354843
    endloop
  endfacet
  facet normal -0.0437890877 0.995102909 0.0886155581
    outer loop
      vertex 0.900164902 1.88085961 1.58354843
      vertex 0.818739951 1.88144207 1.53677189
      vertex 0.808924258 1.87881458 1.56142676
    endloop
  endfacet
  facet normal -0.0437901064 0.995102476 0.0886199178
    outer loop
      vertex 0.895257056 1.87954593 1.59587586
      vertex 0.890349209 1.87823212 1.60820329
      vertex 0.981589913 1.88027716 1.63032496
    endloop
  endfacet
  facet normal -0.0437889598 0.995102951 0.0886151449
    outer loop
      vertex 0.890349209 1.87823212 1.60820329
      vertex 0.990391254 1.87780738 1.66240847
      vertex 0.981589913 1.88027716 1.63032496
    endloop
  endfacet
  facet normal -0.0437885536 0.995102944 0.0886154287
    outer loop
      vertex 1.23568046 1.88115728 1.74599969
      vertex 1.08292973 1.8785913 1.69933379
      vertex 1.17546821 1.8793751 1.73625922
    endloop
  endfacet
  facet normal -0.0437896881 0.995102901 0.0886153462
    outer loop
      vertex 0.990391254 1.87780738 1.66240847
      vertex 1.08292973 1.8785913 1.69933379
      vertex 1.06792271 1.88100851 1.66477406
    endloop
  endfacet
  facet normal -0.0437907251 0.99510247 0.0886196709
    outer loop
      vertex 1.06792271 1.88100851 1.66477406
      vertex 1.23568046 1.88115728 1.74599969
      vertex 1.24058831 1.88247108 1.73367226
    endloop
  endfacet
  facet normal -0.043788355 0.995103011 0.088614775
    outer loop
      vertex 1.06792271 1.88100851 1.66477406
      vertex 1.08292973 1.8785913 1.69933379
      vertex 1.23568046 1.88115728 1.74599969
    endloop
  endfacet
  facet normal -0.043787778 0.995103412 0.0886105485
    outer loop
      vertex 1.23568046 1.88115728 1.74599969
      vertex 1.17546821 1.8793751 1.73625922
      vertex 1.26800668 1.88015902 1.77318454
    endloop
  endfacet
  facet normal -0.0437865777 0.995103447 0.0886107523
    outer loop
      vertex 0.897852778 1.87702358 1.62548316
      vertex 0.990391254 1.87780738 1.66240847
      vertex 0.890349209 1.87823212 1.60820329
    endloop
  endfacet
  facet normal -0.0437883345 0.995103264 0.0886119413
    outer loop
      vertex 0.818739951 1.88144207 1.53677189
      vertex 0.823647797 1.88275576 1.52444458
      vertex 0.732407153 1.88071072 1.50232279
    endloop
  endfacet
  facet normal -0.0437877751 0.995103269 0.0886121645
    outer loop
      vertex 0.983381987 1.88291717 1.60156417
      vertex 0.905072749 1.8821733 1.57122111
      vertex 0.900164902 1.88085961 1.58354843
    endloop
  endfacet
  facet normal -0.0437872548 0.995103273 0.0886123721
    outer loop
      vertex 0.818739951 1.88144207 1.53677189
      vertex 0.900164902 1.88085961 1.58354843
      vertex 0.905072749 1.8821733 1.57122111
    endloop
  endfacet
  facet normal -0.0437906827 0.995102471 0.0886196879
    outer loop
      vertex 0.905072749 1.8821733 1.57122111
      vertex 0.983381987 1.88291717 1.60156417
      vertex 0.909980595 1.88348711 1.55889368
    endloop
  endfacet
  facet normal -0.0437899894 0.995102724 0.0886171812
    outer loop
      vertex 0.869061649 1.88441265 1.52828014
      vertex 0.742222786 1.88333821 1.47766805
      vertex 0.823647797 1.88275576 1.52444458
    endloop
  endfacet
  facet normal -0.0437893093 0.99510286 0.088615999
    outer loop
      vertex 0.732407153 1.88071072 1.50232279
      vertex 0.823647797 1.88275576 1.52444458
      vertex 0.742222786 1.88333821 1.47766805
    endloop
  endfacet
  facet normal -0.0437890049 0.995102992 0.0886146568
    outer loop
      vertex 0.909980595 1.88348711 1.55889368
      vertex 0.995900452 1.88548708 1.57889223
      vertex 0.869061649 1.88441265 1.52828014
    endloop
  endfacet
  facet normal -0.0437898791 0.99510285 0.088615821
    outer loop
      vertex 0.823647797 1.88275576 1.52444458
      vertex 0.909980595 1.88348711 1.55889368
      vertex 0.869061649 1.88441265 1.52828014
    endloop
  endfacet
  facet normal -0.0437898248 0.99510264 0.0886182144
    outer loop
      vertex 0.995900452 1.88548708 1.57889223
      vertex 0.909980595 1.88348711 1.55889368
      vertex 0.983381987 1.88291717 1.60156417
    endloop
  endfacet
  facet normal -0.0437862989 0.995103659 0.0886085091
    outer loop
      vertex 1.04199457 1.88261747 1.63389349
      vertex 1.01268828 1.88276732 1.61772883
      vertex 0.9864977 1.88159096 1.61799753
    endloop
  endfacet
  facet normal -0.0437913341 0.995102389 0.0886202769
    outer loop
      vertex 1.0777384 1.883636 1.64011931
      vertex 1.04199457 1.88261747 1.63389349
      vertex 1.07283056 1.88232219 1.65244663
    endloop
  endfacet
  facet normal -0.0437881392 0.995103002 0.0886149767
    outer loop
      vertex 0.9864977 1.88159096 1.61799753
      vertex 1.07283056 1.88232219 1.65244663
      vertex 1.04199457 1.88261747 1.63389349
    endloop
  endfacet
  facet normal -0.0437902808 0.995102983 0.088614133
    outer loop
      vertex 1.0585587 1.8860178 1.60389459
      vertex 1.04199457 1.88261747 1.63389349
      vertex 1.0777384 1.883636 1.64011931
    endloop
  endfacet
  facet normal -0.043787903 0.995103226 0.0886125824
    outer loop
      vertex 1.0777384 1.883636 1.64011931
      vertex 1.250404 1.88509858 1.70901752
      vertex 1.16029501 1.88687956 1.64449
    endloop
  endfacet
  facet normal -0.0437879185 0.995103197 0.0886128963
    outer loop
      vertex 1.0585587 1.8860178 1.60389459
      vertex 1.0777384 1.883636 1.64011931
      vertex 1.16029501 1.88687956 1.64449
    endloop
  endfacet
  facet normal -0.0437862989 0.995103659 0.0886085091
    outer loop
      vertex 0.9864977 1.88159096 1.61799753
      vertex 1.01268828 1.88276732 1.61772883
      vertex 0.983381987 1.88291717 1.60156417
    endloop
  endfacet
  facet normal -0.0437870212 0.995103615 0.0886086425
    outer loop
      vertex 0.9864977 1.88159096 1.61799753
      vertex 0.983381987 1.88291717 1.60156417
      vertex 0.900164902 1.88085961 1.58354843
    endloop
  endfacet
  facet normal -0.0437885344 0.995102869 0.0886162778
    outer loop
      vertex 1.32201326 1.88188863 1.78044879
      vertex 1.26800668 1.88015902 1.77318454
      vertex 1.34980345 1.88093722 1.80486465
    endloop
  endfacet
  facet normal -0.0437824368 0.995104543 0.0886004929
    outer loop
      vertex 1.36054528 1.88094282 1.81010985
      vertex 1.34980345 1.88093722 1.80486465
      vertex 1.26800668 1.88015902 1.77318454
    endloop
  endfacet
  facet normal -0.0437883898 0.995102915 0.0886158356
    outer loop
      vertex 1.41581607 1.88141108 1.83216441
      vertex 1.49467897 1.88335121 1.849347
      vertex 1.43369496 1.88517034 1.79878473
    endloop
  endfacet
  facet normal -0.0437901303 0.995102869 0.0886154884
    outer loop
      vertex 1.34980345 1.88093722 1.80486465
      vertex 1.37102568 1.88539946 1.76524329
      vertex 1.32692111 1.88320231 1.76812136
    endloop
  endfacet
  facet normal -0.0437850967 0.995103367 0.0886123844
    outer loop
      vertex 1.34980345 1.88093722 1.80486465
      vertex 1.32692111 1.88320231 1.76812136
      vertex 1.32201326 1.88188863 1.78044879
    endloop
  endfacet
  facet normal -0.0437921627 0.995102345 0.0886203657
    outer loop
      vertex 1.4995867 1.88466501 1.83701968
      vertex 1.43369496 1.88517034 1.79878473
      vertex 1.49467897 1.88335121 1.849347
    endloop
  endfacet
  facet normal -0.0437904501 0.995102663 0.0886176422
    outer loop
      vertex 1.49905443 1.88211608 1.86537874
      vertex 1.5822928 1.8828212 1.89859307
      vertex 1.58101177 1.88408256 1.8837961
    endloop
  endfacet
  facet normal -0.0437878342 0.995103363 0.0886110717
    outer loop
      vertex 1.66734457 1.88481379 1.91824532
      vertex 1.66553116 1.88352633 1.9318074
      vertex 1.74876952 1.88423145 1.96502173
    endloop
  endfacet
  facet normal -0.0437878342 0.995103363 0.0886110717
    outer loop
      vertex 1.5822928 1.8828212 1.89859307
      vertex 1.66553116 1.88352633 1.9318074
      vertex 1.66734457 1.88481379 1.91824532
    endloop
  endfacet
  facet normal -0.0437923974 0.995102456 0.0886190036
    outer loop
      vertex 1.74876952 1.88423145 1.96502173
      vertex 1.67225242 1.88612759 1.90591788
      vertex 1.66734457 1.88481379 1.91824532
    endloop
  endfacet
  facet normal -0.0437870674 0.99510335 0.088611598
    outer loop
      vertex 1.50449455 1.8859787 1.82469225
      vertex 1.43369496 1.88517034 1.79878473
      vertex 1.4995867 1.88466501 1.83701968
    endloop
  endfacet
  facet normal -0.0437881241 0.995103135 0.0886134931
    outer loop
      vertex 1.67225242 1.88612759 1.90591788
      vertex 1.74876952 1.88423145 1.96502173
      vertex 1.75974095 1.8881408 1.9265424
    endloop
  endfacet
  facet normal -0.0437884882 0.99510287 0.0886162927
    outer loop
      vertex 1.41581607 1.88141108 1.83216441
      vertex 1.49905443 1.88211608 1.86537874
      vertex 1.49467897 1.88335121 1.849347
    endloop
  endfacet
  facet normal -0.043789201 0.995103032 0.0886141177
    outer loop
      vertex 1.37102568 1.88539946 1.76524329
      vertex 1.50940239 1.8872925 1.81236482
      vertex 1.3367368 1.88582981 1.74346662
    endloop
  endfacet
  facet normal -0.0437874898 0.995103347 0.0886114295
    outer loop
      vertex 1.33182895 1.88451612 1.75579405
      vertex 1.37102568 1.88539946 1.76524329
      vertex 1.3367368 1.88582981 1.74346662
    endloop
  endfacet
  facet normal -0.0437889432 0.995103111 0.0886133574
    outer loop
      vertex 1.50940239 1.8872925 1.81236482
      vertex 1.37102568 1.88539946 1.76524329
      vertex 1.40236032 1.8852849 1.78201401
    endloop
  endfacet
  facet normal -0.0437901024 0.995102476 0.0886199194
    outer loop
      vertex 1.50449455 1.8859787 1.82469225
      vertex 1.50940239 1.8872925 1.81236482
      vertex 1.43369496 1.88517034 1.79878473
    endloop
  endfacet
  facet normal -0.0437897534 0.995102403 0.0886209076
    outer loop
      vertex 1.33182895 1.88451612 1.75579405
      vertex 1.32692111 1.88320231 1.76812136
      vertex 1.37102568 1.88539946 1.76524329
    endloop
  endfacet
  facet normal -0.0437889432 0.995103111 0.0886133574
    outer loop
      vertex 1.43369496 1.88517034 1.79878473
      vertex 1.50940239 1.8872925 1.81236482
      vertex 1.40236032 1.8852849 1.78201401
    endloop
  endfacet
  facet normal -0.0437911403 0.995102619 0.0886178005
    outer loop
      vertex 1.3637675 1.88860321 1.72568107
      vertex 1.2620312 1.88774133 1.68508554
      vertex 1.3367368 1.88582981 1.74346662
    endloop
  endfacet
  facet normal -0.043788897 0.995102988 0.0886147645
    outer loop
      vertex 1.60064304 1.88933754 1.83448648
      vertex 1.46550369 1.88946497 1.76627648
      vertex 1.50940239 1.8872925 1.81236482
    endloop
  endfacet
  facet normal -0.0437903788 0.99510255 0.0886189472
    outer loop
      vertex 1.3367368 1.88582981 1.74346662
      vertex 1.46550369 1.88946497 1.76627648
      vertex 1.3637675 1.88860321 1.72568107
    endloop
  endfacet
  facet normal -0.043789798 0.995102872 0.0886156171
    outer loop
      vertex 1.3367368 1.88582981 1.74346662
      vertex 1.50940239 1.8872925 1.81236482
      vertex 1.46550369 1.88946497 1.76627648
    endloop
  endfacet
  facet normal -0.0437863902 0.995103356 0.0886118682
    outer loop
      vertex 1.68697596 1.89006877 1.86893559
      vertex 1.68206811 1.88875508 1.88126302
      vertex 1.75974095 1.8881408 1.9265424
    endloop
  endfacet
  facet normal -0.0437909042 0.995102469 0.0886195995
    outer loop
      vertex 1.67716026 1.88744128 1.89359045
      vertex 1.75974095 1.8881408 1.9265424
      vertex 1.68206811 1.88875508 1.88126302
    endloop
  endfacet
  facet normal -0.0437876293 0.995103345 0.0886113738
    outer loop
      vertex 1.75974095 1.8881408 1.9265424
      vertex 1.67716026 1.88744128 1.89359045
      vertex 1.67225242 1.88612759 1.90591788
    endloop
  endfacet
  facet normal -0.0437884213 0.995103086 0.0886138987
    outer loop
      vertex 1.66897619 1.8911885 1.84746754
      vertex 1.56723988 1.89032674 1.80687201
      vertex 1.60064304 1.88933754 1.83448648
    endloop
  endfacet
  facet normal -0.0437885199 0.995103071 0.0886140174
    outer loop
      vertex 1.60064304 1.88933754 1.83448648
      vertex 1.56723988 1.89032674 1.80687201
      vertex 1.46550369 1.88946497 1.76627648
    endloop
  endfacet
  facet normal -0.0437901108 0.995102622 0.0886182741
    outer loop
      vertex 1.77071238 1.89205027 1.88806295
      vertex 1.66897619 1.8911885 1.84746754
      vertex 1.68697596 1.89006877 1.86893559
    endloop
  endfacet
  facet normal -0.0437895656 0.99510286 0.0886158625
    outer loop
      vertex 1.75974095 1.8881408 1.9265424
      vertex 1.77071238 1.89205027 1.88806295
      vertex 1.68697596 1.89006877 1.86893559
    endloop
  endfacet
  facet normal -0.0437901325 0.995102475 0.0886199074
    outer loop
      vertex 1.59573519 1.88802373 1.84681392
      vertex 1.60064304 1.88933754 1.83448648
      vertex 1.50940239 1.8872925 1.81236482
    endloop
  endfacet
  facet normal -0.0437877818 0.995103412 0.088610553
    outer loop
      vertex 1.23568046 1.88115728 1.74599969
      vertex 1.26800668 1.88015902 1.77318454
      vertex 1.32201326 1.88188863 1.78044879
    endloop
  endfacet
  facet normal -0.0437901325 0.995102475 0.0886199074
    outer loop
      vertex 0.895257056 1.87954593 1.59587586
      vertex 0.804016411 1.87750089 1.57375419
      vertex 0.890349209 1.87823212 1.60820329
    endloop
  endfacet
  facet normal -0.0437872548 0.995103273 0.0886123721
    outer loop
      vertex 0.823647797 1.88275576 1.52444458
      vertex 0.818739951 1.88144207 1.53677189
      vertex 0.905072749 1.8821733 1.57122111
    endloop
  endfacet
  facet normal -0.0437901785 0.995102456 0.0886200988
    outer loop
      vertex 0.9864977 1.88159096 1.61799753
      vertex 0.895257056 1.87954593 1.59587586
      vertex 0.981589913 1.88027716 1.63032496
    endloop
  endfacet
  facet normal -0.0437880429 0.995103342 0.0886112088
    outer loop
      vertex 1.07283056 1.88232219 1.65244663
      vertex 0.981589913 1.88027716 1.63032496
      vertex 1.06792271 1.88100851 1.66477406
    endloop
  endfacet
  facet normal -0.0437910695 0.995102392 0.0886203824
    outer loop
      vertex 1.24549615 1.88378477 1.72134495
      vertex 1.0777384 1.883636 1.64011931
      vertex 1.07283056 1.88232219 1.65244663
    endloop
  endfacet
  facet normal -0.0437877947 0.995103268 0.0886121567
    outer loop
      vertex 1.07283056 1.88232219 1.65244663
      vertex 1.24058831 1.88247108 1.73367226
      vertex 1.24549615 1.88378477 1.72134495
    endloop
  endfacet
  facet normal -0.0437880429 0.995103342 0.0886112088
    outer loop
      vertex 1.32692111 1.88320231 1.76812136
      vertex 1.23568046 1.88115728 1.74599969
      vertex 1.32201326 1.88188863 1.78044879
    endloop
  endfacet
  facet normal -0.0437880429 0.995103342 0.0886112088
    outer loop
      vertex 1.3367368 1.88582981 1.74346662
      vertex 1.24549615 1.88378477 1.72134495
      vertex 1.33182895 1.88451612 1.75579405
    endloop
  endfacet
  facet normal -0.0437871493 0.995103274 0.0886124142
    outer loop
      vertex 1.24549615 1.88378477 1.72134495
      vertex 1.24058831 1.88247108 1.73367226
      vertex 1.32692111 1.88320231 1.76812136
    endloop
  endfacet
  facet normal -0.0437883345 0.995103264 0.0886119413
    outer loop
      vertex 1.58591962 1.88539624 1.87146878
      vertex 1.49467897 1.88335121 1.849347
      vertex 1.58101177 1.88408256 1.8837961
    endloop
  endfacet
  facet normal -0.0437881348 0.995103304 0.0886115916
    outer loop
      vertex 1.59573519 1.88802373 1.84681392
      vertex 1.50449455 1.8859787 1.82469225
      vertex 1.59082747 1.88671005 1.85914135
    endloop
  endfacet
  facet normal -0.0437868055 0.995103352 0.0886117025
    outer loop
      vertex 1.50449455 1.8859787 1.82469225
      vertex 1.4995867 1.88466501 1.83701968
      vertex 1.58591962 1.88539624 1.87146878
    endloop
  endfacet
  facet normal -0.0437872548 0.995103273 0.0886123721
    outer loop
      vertex 1.58591962 1.88539624 1.87146878
      vertex 1.58101177 1.88408256 1.8837961
      vertex 1.66734457 1.88481379 1.91824532
    endloop
  endfacet
  facet normal -0.0437901325 0.995102475 0.0886199074
    outer loop
      vertex 1.68206811 1.88875508 1.88126302
      vertex 1.59082747 1.88671005 1.85914135
      vertex 1.67716026 1.88744128 1.89359045
    endloop
  endfacet
  facet normal -0.0437880429 0.995103342 0.0886112088
    outer loop
      vertex 1.67716026 1.88744128 1.89359045
      vertex 1.58591962 1.88539624 1.87146878
      vertex 1.67225242 1.88612759 1.90591788
    endloop
  endfacet
  facet normal -0.0437912656 0.995102466 0.0886194553
    outer loop
      vertex 1.60064304 1.88933754 1.83448648
      vertex 1.59573519 1.88802373 1.84681392
      vertex 1.68206811 1.88875508 1.88126302
    endloop
  endfacet
  facet normal -0.0437880887 0.995103323 0.0886113997
    outer loop
      vertex 0.890349209 1.87823212 1.60820329
      vertex 0.805314243 1.87623966 1.58855784
      vertex 0.897852778 1.87702358 1.62548316
    endloop
  endfacet
  facet normal -0.0437896803 0.995102904 0.0886153216
    outer loop
      vertex 0.72259146 1.87808323 1.52697766
      vertex 0.808924258 1.87881458 1.56142676
      vertex 0.818739951 1.88144207 1.53677189
    endloop
  endfacet
  facet normal -0.0437896879 0.995102902 0.0886153408
    outer loop
      vertex 0.990391254 1.87780738 1.66240847
      vertex 1.06792271 1.88100851 1.66477406
      vertex 0.981589913 1.88027716 1.63032496
    endloop
  endfacet
  facet normal -0.0437880052 0.995103209 0.0886127247
    outer loop
      vertex 1.250404 1.88509858 1.70901752
      vertex 1.2620312 1.88774133 1.68508554
      vertex 1.16029501 1.88687956 1.64449
    endloop
  endfacet
  facet normal -0.0437902552 0.99510275 0.0886167657
    outer loop
      vertex 1.49905443 1.88211608 1.86537874
      vertex 1.58101177 1.88408256 1.8837961
      vertex 1.49467897 1.88335121 1.849347
    endloop
  endfacet
  facet normal -0.0437893158 0.995102721 0.088617549
    outer loop
      vertex 1.5822928 1.8828212 1.89859307
      vertex 1.66734457 1.88481379 1.91824532
      vertex 1.58101177 1.88408256 1.8837961
    endloop
  endfacet
  facet normal -0.0437873916 0.995103209 0.0886130228
    outer loop
      vertex 1.2620312 1.88774133 1.68508554
      vertex 1.250404 1.88509858 1.70901752
      vertex 1.3367368 1.88582981 1.74346662
    endloop
  endfacet
  facet normal -0.0437890803 0.995102743 0.0886174164
    outer loop
      vertex 1.66897619 1.8911885 1.84746754
      vertex 1.60064304 1.88933754 1.83448648
      vertex 1.68697596 1.89006877 1.86893559
    endloop
  endfacet
  facet normal -0.368087902 -0.0985295975 0.924555685
    outer loop
      vertex 1.49905443 1.88211608 1.86537874
      vertex 1.41581607 1.88141108 1.83216441
      vertex 1.43487835 1.85170829 1.83658814
    endloop
  endfacet
  facet normal -0.368087768 -0.0985298883 0.924555708
    outer loop
      vertex 1.53719938 1.85257506 1.87741697
      vertex 1.5822928 1.8828212 1.89859307
      vertex 1.49905443 1.88211608 1.86537874
    endloop
  endfacet
  facet normal -0.368087768 -0.0985298883 0.924555708
    outer loop
      vertex 1.5822928 1.8828212 1.89859307
      vertex 1.53719938 1.85257506 1.87741697
      vertex 1.66553116 1.88352633 1.9318074
    endloop
  endfacet
  facet normal -0.368087876 -0.0985274164 0.924555928
    outer loop
      vertex 1.66553116 1.88352633 1.9318074
      vertex 1.76371098 1.85449374 1.96780121
      vertex 1.74876952 1.88423145 1.96502173
    endloop
  endfacet
  facet normal -0.368087771 -0.0985298936 0.924555706
    outer loop
      vertex 1.49905443 1.88211608 1.86537874
      vertex 1.43487835 1.85170829 1.83658814
      vertex 1.53719938 1.85257506 1.87741697
    endloop
  endfacet
  facet normal -0.368087427 -0.0985305404 0.924555774
    outer loop
      vertex 1.53511858 1.82269323 1.87340403
      vertex 1.53719938 1.85257506 1.87741697
      vertex 1.45394063 1.82200551 1.84101188
    endloop
  endfacet
  facet normal -0.368087788 -0.098529516 0.924555739
    outer loop
      vertex 1.43487835 1.85170829 1.83658814
      vertex 1.45394063 1.82200551 1.84101188
      vertex 1.53719938 1.85257506 1.87741697
    endloop
  endfacet
  facet normal -0.368087552 -0.0985305252 0.924555725
    outer loop
      vertex 1.61629653 1.82338083 1.90579617
      vertex 1.53719938 1.85257506 1.87741697
      vertex 1.53511858 1.82269323 1.87340403
    endloop
  endfacet
  facet normal -0.368088838 -0.0985279403 0.924555489
    outer loop
      vertex 1.69747448 1.82406843 1.93818843
      vertex 1.76371098 1.85449374 1.96780121
      vertex 1.61629653 1.82338083 1.90579617
    endloop
  endfacet
  facet normal -0.368087961 -0.0985319382 0.924555412
    outer loop
      vertex 1.53719938 1.85257506 1.87741697
      vertex 1.61629653 1.82338083 1.90579617
      vertex 1.76371098 1.85449374 1.96780121
    endloop
  endfacet
  facet normal -0.368087393 -0.0985312957 0.924555707
    outer loop
      vertex 1.76371098 1.85449374 1.96780121
      vertex 1.69747448 1.82406843 1.93818843
      vertex 1.77865243 1.82475615 1.97058058
    endloop
  endfacet
  facet normal -0.368088114 -0.0985284759 0.92455572
    outer loop
      vertex 1.66553116 1.88352633 1.9318074
      vertex 1.53719938 1.85257506 1.87741697
      vertex 1.76371098 1.85449374 1.96780121
    endloop
  endfacet
  facet normal 0.368087454 0.0985351181 -0.924555275
    outer loop
      vertex 1.18564391 1.85723007 1.65142226
      vertex 1.10893917 1.85658038 1.62081504
      vertex 1.10828233 1.87150693 1.62214434
    endloop
  endfacet
  facet normal 0.368087775 0.0985278064 -0.924555926
    outer loop
      vertex 1.18630075 1.84230351 1.65009308
      vertex 1.10959601 1.84165382 1.61948586
      vertex 1.18564391 1.85723007 1.65142226
    endloop
  endfacet
  facet normal 0.368092522 0.0985490793 -0.924551769
    outer loop
      vertex 1.34020281 1.83240819 1.7103107
      vertex 1.32102668 1.83224571 1.70265877
      vertex 1.32086241 1.83597732 1.70299113
    endloop
  endfacet
  facet normal 0.368087477 0.0985285834 -0.924555962
    outer loop
      vertex 1.30168629 1.83581495 1.69533932
      vertex 1.26333392 1.83548999 1.68003571
      vertex 1.30135787 1.84327817 1.69600391
    endloop
  endfacet
  facet normal 0.368088992 0.0985285962 -0.924555358
    outer loop
      vertex 1.32086241 1.83597732 1.70299113
      vertex 1.30168629 1.83581495 1.69533932
      vertex 1.30135787 1.84327817 1.69600391
    endloop
  endfacet
  facet normal 0.36808649 0.098528575 -0.924556356
    outer loop
      vertex 1.33971024 1.84360301 1.71130753
      vertex 1.34003866 1.8361398 1.71064293
      vertex 1.32086241 1.83597732 1.70299113
    endloop
  endfacet
  facet normal 0.368087903 0.0985248954 -0.924556186
    outer loop
      vertex 1.30135787 1.84327817 1.69600391
      vertex 1.33971024 1.84360301 1.71130753
      vertex 1.32086241 1.83597732 1.70299113
    endloop
  endfacet
  facet normal 0.36808781 0.0985270272 -0.924555996
    outer loop
      vertex 1.22498155 1.83516514 1.6647321
      vertex 1.18662918 1.8348403 1.64942849
      vertex 1.22465312 1.84262848 1.66539669
    endloop
  endfacet
  facet normal 0.368088532 0.0985270333 -0.924555707
    outer loop
      vertex 1.24415767 1.83532763 1.6723839
      vertex 1.22498155 1.83516514 1.6647321
      vertex 1.22465312 1.84262848 1.66539669
    endloop
  endfacet
  facet normal 0.368087087 0.0985270211 -0.924556284
    outer loop
      vertex 1.2630055 1.84295332 1.6807003
      vertex 1.26333392 1.83548999 1.68003571
      vertex 1.24415767 1.83532763 1.6723839
    endloop
  endfacet
  facet normal 0.368087903 0.0985248954 -0.924556186
    outer loop
      vertex 1.22465312 1.84262848 1.66539669
      vertex 1.2630055 1.84295332 1.6807003
      vertex 1.24415767 1.83532763 1.6723839
    endloop
  endfacet
  facet normal 0.368087511 0.0985278042 -0.924556032
    outer loop
      vertex 1.22465312 1.84262848 1.66539669
      vertex 1.18630075 1.84230351 1.65009308
      vertex 1.18564391 1.85723007 1.65142226
    endloop
  endfacet
  facet normal 0.368087454 0.0985351181 -0.924555275
    outer loop
      vertex 1.26234865 1.85787988 1.6820296
      vertex 1.2630055 1.84295332 1.6807003
      vertex 1.22465312 1.84262848 1.66539669
    endloop
  endfacet
  facet normal 0.368088705 0.0985318612 -0.924555124
    outer loop
      vertex 1.18564391 1.85723007 1.65142226
      vertex 1.26234865 1.85787988 1.6820296
      vertex 1.22465312 1.84262848 1.66539669
    endloop
  endfacet
  facet normal 0.368087454 0.0985351181 -0.924555275
    outer loop
      vertex 1.30135787 1.84327817 1.69600391
      vertex 1.2630055 1.84295332 1.6807003
      vertex 1.26234865 1.85787988 1.6820296
    endloop
  endfacet
  facet normal 0.368087454 0.0985351181 -0.924555275
    outer loop
      vertex 1.33905339 1.85852957 1.71263683
      vertex 1.33971024 1.84360301 1.71130753
      vertex 1.30135787 1.84327817 1.69600391
    endloop
  endfacet
  facet normal 0.368087454 0.0985351181 -0.924555275
    outer loop
      vertex 1.26234865 1.85787988 1.6820296
      vertex 1.33905339 1.85852957 1.71263683
      vertex 1.30135787 1.84327817 1.69600391
    endloop
  endfacet
  facet normal 0.368087741 0.0985285856 -0.924555857
    outer loop
      vertex 1.37839103 1.83646464 1.72594655
      vertex 1.34003866 1.8361398 1.71064293
      vertex 1.37806261 1.84392786 1.72661114
    endloop
  endfacet
  facet normal 0.368088797 0.0985270356 -0.924555602
    outer loop
      vertex 1.41674328 1.83678949 1.74125016
      vertex 1.37839103 1.83646464 1.72594655
      vertex 1.41641486 1.84425282 1.74191475
    endloop
  endfacet
  facet normal 0.368087454 0.0985351181 -0.924555275
    outer loop
      vertex 1.37806261 1.84392786 1.72661114
      vertex 1.33971024 1.84360301 1.71130753
      vertex 1.33905339 1.85852957 1.71263683
    endloop
  endfacet
  facet normal 0.368088304 0.0985322133 -0.924555246
    outer loop
      vertex 1.41575813 1.85917938 1.74324405
      vertex 1.41641486 1.84425282 1.74191475
      vertex 1.37806261 1.84392786 1.72661114
    endloop
  endfacet
  facet normal 0.368087339 0.0985347274 -0.924555363
    outer loop
      vertex 1.33905339 1.85852957 1.71263683
      vertex 1.41575813 1.85917938 1.74324405
      vertex 1.37806261 1.84392786 1.72661114
    endloop
  endfacet
  facet normal 0.368088821 0.0985322176 -0.92455504
    outer loop
      vertex 1.4931196 1.84490252 1.77252209
      vertex 1.41641486 1.84425282 1.74191475
      vertex 1.41575813 1.85917938 1.74324405
    endloop
  endfacet
  facet normal 0.368087454 0.0985351181 -0.924555275
    outer loop
      vertex 1.72257698 1.86177826 1.86567295
      vertex 1.64587224 1.86112857 1.83506572
      vertex 1.64521539 1.87605512 1.83639503
    endloop
  endfacet
  facet normal 0.368087775 0.0985278064 -0.924555926
    outer loop
      vertex 1.72323382 1.84685171 1.86434376
      vertex 1.64652908 1.84620202 1.83373654
      vertex 1.72257698 1.86177826 1.86567295
    endloop
  endfacet
  facet normal 0.368087225 0.0985268812 -0.924556244
    outer loop
      vertex 1.0585587 1.8860178 1.60389459
      vertex 1.16029501 1.88687956 1.64449
      vertex 1.10828233 1.87150693 1.62214434
    endloop
  endfacet
  facet normal 0.368088198 0.0985312938 -0.924555387
    outer loop
      vertex 1.04605341 1.85604763 1.59572196
      vertex 1.0585587 1.8860178 1.60389459
      vertex 1.10828233 1.87150693 1.62214434
    endloop
  endfacet
  facet normal 0.368087559 0.0985278046 -0.924556013
    outer loop
      vertex 1.10959601 1.84165382 1.61948586
      vertex 1.04605341 1.85604763 1.59572196
      vertex 1.10893917 1.85658038 1.62081504
    endloop
  endfacet
  facet normal 0.368087238 0.0985351163 -0.924555361
    outer loop
      vertex 1.10828233 1.87150693 1.62214434
      vertex 1.10893917 1.85658038 1.62081504
      vertex 1.04605341 1.85604763 1.59572196
    endloop
  endfacet
  facet normal 0.368088189 0.0985316792 -0.924555349
    outer loop
      vertex 1.03354812 1.82607758 1.58754933
      vertex 1.04605341 1.85604763 1.59572196
      vertex 1.10959601 1.84165382 1.61948586
    endloop
  endfacet
  facet normal 0.368088561 0.0985351275 -0.924554833
    outer loop
      vertex 1.26234865 1.85787988 1.6820296
      vertex 1.18564391 1.85723007 1.65142226
      vertex 1.18498707 1.87215662 1.65275156
    endloop
  endfacet
  facet normal 0.368088579 0.0985258215 -0.924555818
    outer loop
      vertex 1.16029501 1.88687956 1.64449
      vertex 1.2620312 1.88774133 1.68508554
      vertex 1.18498707 1.87215662 1.65275156
    endloop
  endfacet
  facet normal 0.368087835 0.098529335 -0.92455574
    outer loop
      vertex 1.2620312 1.88774133 1.68508554
      vertex 1.26234865 1.85787988 1.6820296
      vertex 1.18498707 1.87215662 1.65275156
    endloop
  endfacet
  facet normal 0.368087741 0.0985285856 -0.924555857
    outer loop
      vertex 1.10959601 1.84165382 1.61948586
      vertex 1.18630075 1.84230351 1.65009308
      vertex 1.18662918 1.8348403 1.64942849
    endloop
  endfacet
  facet normal 0.368087901 0.0985325122 -0.924555375
    outer loop
      vertex 1.13904238 1.82697117 1.62964439
      vertex 1.10959601 1.84165382 1.61948586
      vertex 1.18662918 1.8348403 1.64942849
    endloop
  endfacet
  facet normal 0.36808803 0.0985384584 -0.92455469
    outer loop
      vertex 1.24431753 1.8328402 1.67218244
      vertex 1.22498155 1.83516514 1.6647321
      vertex 1.24415767 1.83532763 1.6723839
    endloop
  endfacet
  facet normal 0.368086586 0.0985384126 -0.92455527
    outer loop
      vertex 1.26333392 1.83548999 1.68003571
      vertex 1.24431753 1.8328402 1.67218244
      vertex 1.24415767 1.83532763 1.6723839
    endloop
  endfacet
  facet normal 0.368088108 0.0985395949 -0.924554538
    outer loop
      vertex 1.24453652 1.82786477 1.67173934
      vertex 1.22498155 1.83516514 1.6647321
      vertex 1.24431753 1.8328402 1.67218244
    endloop
  endfacet
  facet normal 0.368087973 0.0985326894 -0.924555327
    outer loop
      vertex 1.13904238 1.82697117 1.62964439
      vertex 1.03354812 1.82607758 1.58754933
      vertex 1.10959601 1.84165382 1.61948586
    endloop
  endfacet
  facet normal 0.368087288 0.0985359184 -0.924555256
    outer loop
      vertex 1.24453652 1.82786477 1.67173934
      vertex 1.13904238 1.82697117 1.62964439
      vertex 1.18662918 1.8348403 1.64942849
    endloop
  endfacet
  facet normal 0.368087389 0.098530573 -0.924555785
    outer loop
      vertex 1.26333392 1.83548999 1.68003571
      vertex 1.30168629 1.83581495 1.69533932
      vertex 1.27702558 1.83311737 1.68523383
    endloop
  endfacet
  facet normal 0.368089033 0.0985276639 -0.924555441
    outer loop
      vertex 1.30973363 1.83339441 1.69828522
      vertex 1.30168629 1.83581495 1.69533932
      vertex 1.32086241 1.83597732 1.70299113
    endloop
  endfacet
  facet normal 0.368094514 0.0985038055 -0.924555801
    outer loop
      vertex 1.34020281 1.83240819 1.7103107
      vertex 1.30995262 1.82841885 1.69784212
      vertex 1.32102668 1.83224571 1.70265877
    endloop
  endfacet
  facet normal 0.368083353 0.0985372158 -0.924556684
    outer loop
      vertex 1.30973363 1.83339441 1.69828522
      vertex 1.32102668 1.83224571 1.70265877
      vertex 1.30995262 1.82841885 1.69784212
    endloop
  endfacet
  facet normal 0.36808397 0.0985490067 -0.924555182
    outer loop
      vertex 1.32102668 1.83224571 1.70265877
      vertex 1.30973363 1.83339441 1.69828522
      vertex 1.32086241 1.83597732 1.70299113
    endloop
  endfacet
  facet normal 0.368087571 0.0985321518 -0.924555544
    outer loop
      vertex 1.24431753 1.8328402 1.67218244
      vertex 1.26333392 1.83548999 1.68003571
      vertex 1.27702558 1.83311737 1.68523383
    endloop
  endfacet
  facet normal 0.368087708 0.0985293388 -0.92455579
    outer loop
      vertex 1.33905339 1.85852957 1.71263683
      vertex 1.26234865 1.85787988 1.6820296
      vertex 1.2620312 1.88774133 1.68508554
    endloop
  endfacet
  facet normal 0.368087449 0.0985302546 -0.924555796
    outer loop
      vertex 1.3637675 1.88860321 1.72568107
      vertex 1.46550369 1.88946497 1.76627648
      vertex 1.41575813 1.85917938 1.74324405
    endloop
  endfacet
  facet normal 0.368088435 0.098529083 -0.924555528
    outer loop
      vertex 1.49246275 1.85982907 1.77385128
      vertex 1.46550369 1.88946497 1.76627648
      vertex 1.56723988 1.89032674 1.80687201
    endloop
  endfacet
  facet normal 0.368087528 0.0985304244 -0.924555746
    outer loop
      vertex 1.3637675 1.88860321 1.72568107
      vertex 1.41575813 1.85917938 1.74324405
      vertex 1.33905339 1.85852957 1.71263683
    endloop
  endfacet
  facet normal 0.36808803 0.0985301291 -0.924555577
    outer loop
      vertex 1.49246275 1.85982907 1.77385128
      vertex 1.56723988 1.89032674 1.80687201
      vertex 1.64521539 1.87605512 1.83639503
    endloop
  endfacet
  facet normal 0.368087648 0.0985306911 -0.92455567
    outer loop
      vertex 1.66897619 1.8911885 1.84746754
      vertex 1.72192013 1.87670481 1.86700225
      vertex 1.64521539 1.87605512 1.83639503
    endloop
  endfacet
  facet normal 0.36808802 0.0985300488 -0.92455559
    outer loop
      vertex 1.56723988 1.89032674 1.80687201
      vertex 1.66897619 1.8911885 1.84746754
      vertex 1.64521539 1.87605512 1.83639503
    endloop
  endfacet
  facet normal 0.368087468 0.0985298092 -0.924555835
    outer loop
      vertex 1.77071238 1.89205027 1.88806295
      vertex 1.72192013 1.87670481 1.86700225
      vertex 1.66897619 1.8911885 1.84746754
    endloop
  endfacet
  facet normal 0.368088196 0.09852781 -0.924555758
    outer loop
      vertex 1.72323382 1.84685171 1.86434376
      vertex 1.72257698 1.86177826 1.86567295
      vertex 1.78565383 1.86231256 1.89084232
    endloop
  endfacet
  facet normal 0.368087874 0.0985351217 -0.924555107
    outer loop
      vertex 1.72192013 1.87670481 1.86700225
      vertex 1.78565383 1.86231256 1.89084232
      vertex 1.72257698 1.86177826 1.86567295
    endloop
  endfacet
  facet normal 0.368087171 0.0985307754 -0.924555851
    outer loop
      vertex 1.78565383 1.86231256 1.89084232
      vertex 1.72192013 1.87670481 1.86700225
      vertex 1.77071238 1.89205027 1.88806295
    endloop
  endfacet
  facet normal 0.368087388 0.0985351175 -0.924555302
    outer loop
      vertex 1.49246275 1.85982907 1.77385128
      vertex 1.64521539 1.87605512 1.83639503
      vertex 1.64587224 1.86112857 1.83506572
    endloop
  endfacet
  facet normal 0.368087709 0.0985278058 -0.924555953
    outer loop
      vertex 1.64587224 1.86112857 1.83506572
      vertex 1.64652908 1.84620202 1.83373654
      vertex 1.4931196 1.84490252 1.77252209
    endloop
  endfacet
  facet normal 0.368088641 0.09850814 -0.924557677
    outer loop
      vertex 1.34020281 1.83240819 1.7103107
      vertex 1.34003866 1.8361398 1.71064293
      vertex 1.37839103 1.83646464 1.72594655
    endloop
  endfacet
  facet normal 0.36808701 0.0985207989 -0.924556978
    outer loop
      vertex 1.34020281 1.83240819 1.7103107
      vertex 1.37839103 1.83646464 1.72594655
      vertex 1.40808117 1.8292501 1.73699808
    endloop
  endfacet
  facet normal 0.368088661 0.0985301227 -0.924555327
    outer loop
      vertex 1.41674328 1.83678949 1.74125016
      vertex 1.40808117 1.8292501 1.73699808
      vertex 1.37839103 1.83646464 1.72594655
    endloop
  endfacet
  facet normal 0.368088096 0.0985308539 -0.924555474
    outer loop
      vertex 1.50620973 1.83008134 1.77615404
      vertex 1.40808117 1.8292501 1.73699808
      vertex 1.41674328 1.83678949 1.74125016
    endloop
  endfacet
  facet normal 0.368087137 0.0985526539 -0.924553532
    outer loop
      vertex 1.30995262 1.82841885 1.69784212
      vertex 1.34020281 1.83240819 1.7103107
      vertex 1.40808117 1.8292501 1.73699808
    endloop
  endfacet
  facet normal 0.368089049 0.0985270377 -0.924555501
    outer loop
      vertex 1.41674328 1.83678949 1.74125016
      vertex 1.41641486 1.84425282 1.74191475
      vertex 1.4931196 1.84490252 1.77252209
    endloop
  endfacet
  facet normal 0.368087363 0.0985356689 -0.924555253
    outer loop
      vertex 1.4931196 1.84490252 1.77252209
      vertex 1.64652908 1.84620202 1.83373654
      vertex 1.60433829 1.83091247 1.81530988
    endloop
  endfacet
  facet normal 0.368087718 0.0985291078 -0.924555811
    outer loop
      vertex 1.70246673 1.83174372 1.85446584
      vertex 1.64652908 1.84620202 1.83373654
      vertex 1.72323382 1.84685171 1.86434376
    endloop
  endfacet
  facet normal 0.368088206 0.0985283621 -0.924555696
    outer loop
      vertex 1.72323382 1.84685171 1.86434376
      vertex 1.80059528 1.83257496 1.8936218
      vertex 1.70246673 1.83174372 1.85446584
    endloop
  endfacet
  facet normal 0.368088401 0.0985326889 -0.924555157
    outer loop
      vertex 1.70246673 1.83174372 1.85446584
      vertex 1.60433829 1.83091247 1.81530988
      vertex 1.64652908 1.84620202 1.83373654
    endloop
  endfacet
  facet normal 0.368088157 0.0985279681 -0.924555757
    outer loop
      vertex 1.80059528 1.83257496 1.8936218
      vertex 1.72323382 1.84685171 1.86434376
      vertex 1.78565383 1.86231256 1.89084232
    endloop
  endfacet
  facet normal 0.368088181 0.0985337761 -0.924555129
    outer loop
      vertex 1.41674328 1.83678949 1.74125016
      vertex 1.4931196 1.84490252 1.77252209
      vertex 1.50620973 1.83008134 1.77615404
    endloop
  endfacet
  facet normal 0.368087454 0.0985351181 -0.924555275
    outer loop
      vertex 1.18564391 1.85723007 1.65142226
      vertex 1.10828233 1.87150693 1.62214434
      vertex 1.18498707 1.87215662 1.65275156
    endloop
  endfacet
  facet normal 0.368087775 0.0985278064 -0.924555926
    outer loop
      vertex 1.10959601 1.84165382 1.61948586
      vertex 1.10893917 1.85658038 1.62081504
      vertex 1.18564391 1.85723007 1.65142226
    endloop
  endfacet
  facet normal 0.36808739 0.0985081294 -0.924558177
    outer loop
      vertex 1.34020281 1.83240819 1.7103107
      vertex 1.32086241 1.83597732 1.70299113
      vertex 1.34003866 1.8361398 1.71064293
    endloop
  endfacet
  facet normal 0.36808781 0.0985270272 -0.924555996
    outer loop
      vertex 1.26333392 1.83548999 1.68003571
      vertex 1.2630055 1.84295332 1.6807003
      vertex 1.30135787 1.84327817 1.69600391
    endloop
  endfacet
  facet normal 0.368087477 0.0985285834 -0.924555962
    outer loop
      vertex 1.18662918 1.8348403 1.64942849
      vertex 1.18630075 1.84230351 1.65009308
      vertex 1.22465312 1.84262848 1.66539669
    endloop
  endfacet
  facet normal 0.368087741 0.0985285856 -0.924555857
    outer loop
      vertex 1.34003866 1.8361398 1.71064293
      vertex 1.33971024 1.84360301 1.71130753
      vertex 1.37806261 1.84392786 1.72661114
    endloop
  endfacet
  facet normal 0.368088464 0.0985285917 -0.924555569
    outer loop
      vertex 1.37839103 1.83646464 1.72594655
      vertex 1.37806261 1.84392786 1.72661114
      vertex 1.41641486 1.84425282 1.74191475
    endloop
  endfacet
  facet normal 0.368088269 0.0985278106 -0.924555729
    outer loop
      vertex 1.4931196 1.84490252 1.77252209
      vertex 1.41575813 1.85917938 1.74324405
      vertex 1.49246275 1.85982907 1.77385128
    endloop
  endfacet
  facet normal 0.368087454 0.0985351181 -0.924555275
    outer loop
      vertex 1.72257698 1.86177826 1.86567295
      vertex 1.64521539 1.87605512 1.83639503
      vertex 1.72192013 1.87670481 1.86700225
    endloop
  endfacet
  facet normal 0.368087775 0.0985278064 -0.924555926
    outer loop
      vertex 1.64652908 1.84620202 1.83373654
      vertex 1.64587224 1.86112857 1.83506572
      vertex 1.72257698 1.86177826 1.86567295
    endloop
  endfacet
  facet normal 0.368087921 0.0985244926 -0.924556221
    outer loop
      vertex 1.16029501 1.88687956 1.64449
      vertex 1.18498707 1.87215662 1.65275156
      vertex 1.10828233 1.87150693 1.62214434
    endloop
  endfacet
  facet normal 0.368087368 0.0985370719 -0.924555101
    outer loop
      vertex 1.24453652 1.82786477 1.67173934
      vertex 1.18662918 1.8348403 1.64942849
      vertex 1.22498155 1.83516514 1.6647321
    endloop
  endfacet
  facet normal 0.368088233 0.0985241617 -0.924556133
    outer loop
      vertex 1.30168629 1.83581495 1.69533932
      vertex 1.30973363 1.83339441 1.69828522
      vertex 1.27702558 1.83311737 1.68523383
    endloop
  endfacet
  facet normal 0.368087921 0.0985300512 -0.924555629
    outer loop
      vertex 1.33905339 1.85852957 1.71263683
      vertex 1.2620312 1.88774133 1.68508554
      vertex 1.3637675 1.88860321 1.72568107
    endloop
  endfacet
  facet normal 0.368088222 0.098528862 -0.924555636
    outer loop
      vertex 1.46550369 1.88946497 1.76627648
      vertex 1.49246275 1.85982907 1.77385128
      vertex 1.41575813 1.85917938 1.74324405
    endloop
  endfacet
  facet normal 0.368087709 0.0985278058 -0.924555953
    outer loop
      vertex 1.64587224 1.86112857 1.83506572
      vertex 1.4931196 1.84490252 1.77252209
      vertex 1.49246275 1.85982907 1.77385128
    endloop
  endfacet
  facet normal 0.368087148 0.0985327356 -0.924555651
    outer loop
      vertex 1.4931196 1.84490252 1.77252209
      vertex 1.60433829 1.83091247 1.81530988
      vertex 1.50620973 1.83008134 1.77615404
    endloop
  endfacet
  facet normal 0.04378915 -0.99510314 -0.0886129266
    outer loop
      vertex 1.78962386 1.82866549 1.93210113
      vertex 1.77865243 1.82475615 1.97058058
      vertex 1.69747448 1.82406843 1.93818843
    endloop
  endfacet
  facet normal 0.0437880321 -0.995103113 -0.0886137877
    outer loop
      vertex 1.46980727 1.8253417 1.81138933
      vertex 1.61629653 1.82338083 1.90579617
      vertex 1.53511858 1.82269323 1.87340403
    endloop
  endfacet
  facet normal 0.0437905375 -0.995102769 -0.0886164116
    outer loop
      vertex 1.46980727 1.8253417 1.81138933
      vertex 1.53511858 1.82269323 1.87340403
      vertex 1.45394063 1.82200551 1.84101188
    endloop
  endfacet
  facet normal 0.0437889502 -0.995102896 -0.088615767
    outer loop
      vertex 1.78962386 1.82866549 1.93210113
      vertex 1.69747448 1.82406843 1.93818843
      vertex 1.61629653 1.82338083 1.90579617
    endloop
  endfacet
  facet normal 0.0437897353 -0.995102833 -0.0886160859
    outer loop
      vertex 1.80059528 1.83257496 1.8936218
      vertex 1.78962386 1.82866549 1.93210113
      vertex 1.70246673 1.83174372 1.85446584
    endloop
  endfacet
  facet normal 0.0437888506 -0.99510296 -0.0886150977
    outer loop
      vertex 1.70246673 1.83174372 1.85446584
      vertex 1.78962386 1.82866549 1.93210113
      vertex 1.61629653 1.82338083 1.90579617
    endloop
  endfacet
  facet normal 0.0437885155 -0.995102865 -0.0886163275
    outer loop
      vertex 1.50620973 1.83008134 1.77615404
      vertex 1.60433829 1.83091247 1.81530988
      vertex 1.46980727 1.8253417 1.81138933
    endloop
  endfacet
  facet normal 0.0437891782 -0.995102994 -0.0886145531
    outer loop
      vertex 1.60433829 1.83091247 1.81530988
      vertex 1.70246673 1.83174372 1.85446584
      vertex 1.61629653 1.82338083 1.90579617
    endloop
  endfacet
  facet normal 0.0437897103 -0.995102922 -0.0886151007
    outer loop
      vertex 1.43847251 1.82545626 1.79461861
      vertex 1.50620973 1.83008134 1.77615404
      vertex 1.46980727 1.8253417 1.81138933
    endloop
  endfacet
  facet normal 0.0437884681 -0.995103033 -0.0886144625
    outer loop
      vertex 1.60433829 1.83091247 1.81530988
      vertex 1.61629653 1.82338083 1.90579617
      vertex 1.46980727 1.8253417 1.81138933
    endloop
  endfacet
  facet normal 0.0437985151 -0.995100364 -0.0886394665
    outer loop
      vertex 1.33728671 1.82101738 1.79446387
      vertex 1.38824725 1.82159889 1.81311631
      vertex 1.40708971 1.82160866 1.822317
    endloop
  endfacet
  facet normal 0.0437891278 -0.995102928 -0.0886153198
    outer loop
      vertex 1.27810097 1.82242429 1.7494185
      vertex 1.33728671 1.82101738 1.79446387
      vertex 1.26748383 1.82042611 1.76661062
    endloop
  endfacet
  facet normal 0.0437892421 -0.995103036 -0.0886140483
    outer loop
      vertex 1.40713787 1.82557082 1.77784789
      vertex 1.38824725 1.82159889 1.81311631
      vertex 1.33728671 1.82101738 1.79446387
    endloop
  endfacet
  facet normal 0.0437889801 -0.995102952 -0.0886151265
    outer loop
      vertex 1.33728671 1.82101738 1.79446387
      vertex 1.27810097 1.82242429 1.7494185
      vertex 1.40713787 1.82557082 1.77784789
    endloop
  endfacet
  facet normal 0.0437897418 -0.995102831 -0.0886161021
    outer loop
      vertex 1.50620973 1.83008134 1.77615404
      vertex 1.40713787 1.82557082 1.77784789
      vertex 1.40808117 1.8292501 1.73699808
    endloop
  endfacet
  facet normal 0.0437895099 -0.995102841 -0.0886161083
    outer loop
      vertex 1.29933536 1.82642066 1.71503425
      vertex 1.40808117 1.8292501 1.73699808
      vertex 1.40713787 1.82557082 1.77784789
    endloop
  endfacet
  facet normal 0.0437897672 -0.995102938 -0.0886148959
    outer loop
      vertex 1.43847251 1.82545626 1.79461861
      vertex 1.40713787 1.82557082 1.77784789
      vertex 1.50620973 1.83008134 1.77615404
    endloop
  endfacet
  facet normal 0.0437892746 -0.995102956 -0.0886149288
    outer loop
      vertex 1.30995262 1.82841885 1.69784212
      vertex 1.40808117 1.8292501 1.73699808
      vertex 1.29933536 1.82642066 1.71503425
    endloop
  endfacet
  facet normal 0.0437890704 -0.995102927 -0.0886153552
    outer loop
      vertex 1.28871822 1.82442248 1.73222637
      vertex 1.29933536 1.82642066 1.71503425
      vertex 1.40713787 1.82557082 1.77784789
    endloop
  endfacet
  facet normal 0.043788977 -0.995102953 -0.0886151122
    outer loop
      vertex 1.40713787 1.82557082 1.77784789
      vertex 1.27810097 1.82242429 1.7494185
      vertex 1.28871822 1.82442248 1.73222637
    endloop
  endfacet
  facet normal 0.844997674 0.451367345 0.28678642
    outer loop
      vertex 1.76371098 1.85449374 1.96780121
      vertex 1.77865243 1.82475615 1.97058058
      vertex 1.78962386 1.82866549 1.93210113
    endloop
  endfacet
  facet normal 0.844997695 0.451366774 0.286787256
    outer loop
      vertex 1.76371098 1.85449374 1.96780121
      vertex 1.75974095 1.8881408 1.9265424
      vertex 1.74876952 1.88423145 1.96502173
    endloop
  endfacet
  facet normal 0.844997849 0.451366591 0.286787092
    outer loop
      vertex 1.75974095 1.8881408 1.9265424
      vertex 1.76371098 1.85449374 1.96780121
      vertex 1.78962386 1.82866549 1.93210113
    endloop
  endfacet
  facet normal 0.844997849 0.451366591 0.286787092
    outer loop
      vertex 1.78962386 1.82866549 1.93210113
      vertex 1.78565383 1.86231256 1.89084232
      vertex 1.75974095 1.8881408 1.9265424
    endloop
  endfacet
  facet normal 0.844998023 0.451365837 0.286787764
    outer loop
      vertex 1.78565383 1.86231256 1.89084232
      vertex 1.77071238 1.89205027 1.88806295
      vertex 1.75974095 1.8881408 1.9265424
    endloop
  endfacet
  facet normal 0.844996561 0.451368127 0.286788469
    outer loop
      vertex 1.80059528 1.83257496 1.8936218
      vertex 1.78565383 1.86231256 1.89084232
      vertex 1.78962386 1.82866549 1.93210113
    endloop
  endfacet
endsolid c18
