solid f3
  facet normal 0.634123484 -0.742270108 0.216616005
    outer loop
      vertex 0.602676332 2.21167731 1.3686254
      vertex 0.579733253 2.20113015 1.39964759
      vertex 0.564176738 2.1826489 1.38185883
    endloop
  endfacet
  facet normal 0.634128615 -0.742265197 0.216617815
    outer loop
      vertex 0.602676332 2.21167731 1.3686254
      vertex 0.610062957 2.20374322 1.31981468
      vertex 0.625619471 2.22222471 1.33760333
    endloop
  endfacet
  facet normal 0.634123616 -0.742269485 0.216617756
    outer loop
      vertex 0.571563363 2.1747148 1.33304811
      vertex 0.602676332 2.21167731 1.3686254
      vertex 0.564176738 2.1826489 1.38185883
    endloop
  endfacet
  facet normal 0.634123616 -0.742269485 0.216617756
    outer loop
      vertex 0.602676332 2.21167731 1.3686254
      vertex 0.571563363 2.1747148 1.33304811
      vertex 0.610062957 2.20374322 1.31981468
    endloop
  endfacet
  facet normal 0.63412356 -0.742269748 0.216617016
    outer loop
      vertex 0.571563363 2.1747148 1.33304811
      vertex 0.594506443 2.18526196 1.30202603
      vertex 0.610062957 2.20374322 1.31981468
    endloop
  endfacet
  facet normal 0.634123018 -0.742269997 0.216617748
    outer loop
      vertex 0.548620224 2.16416764 1.36407018
      vertex 0.571563363 2.1747148 1.33304811
      vertex 0.564176738 2.1826489 1.38185883
    endloop
  endfacet
  facet normal -0.518550329 -0.61604358 -0.592955195
    outer loop
      vertex 0.430423826 2.32745671 1.2977879
      vertex 0.497169733 2.2493279 1.32058835
      vertex 0.48952201 2.24581218 1.33092904
    endloop
  endfacet
  facet normal -0.518551087 -0.616043777 -0.592954328
    outer loop
      vertex 0.445719242 2.33448815 1.27710652
      vertex 0.512465119 2.25635934 1.29990697
      vertex 0.504817426 2.25284362 1.31024766
    endloop
  endfacet
  facet normal -0.518551087 -0.616043777 -0.592954328
    outer loop
      vertex 0.438071549 2.33097243 1.28744721
      vertex 0.504817426 2.25284362 1.31024766
      vertex 0.497169733 2.2493279 1.32058835
    endloop
  endfacet
  facet normal -0.518549664 -0.616043275 -0.592956094
    outer loop
      vertex 0.453366965 2.33800387 1.26676583
      vertex 0.520112872 2.25987506 1.28956628
      vertex 0.512465119 2.25635934 1.29990697
    endloop
  endfacet
  facet normal -0.518550236 -0.616044231 -0.5929546
    outer loop
      vertex 0.178735644 2.64700341 1.1859045
      vertex 0.245481551 2.5688746 1.20870507
      vertex 0.237833843 2.56535888 1.21904576
    endloop
  endfacet
  facet normal -0.518551041 -0.616043831 -0.592954312
    outer loop
      vertex 0.308403581 2.48898792 1.23667586
      vertex 0.304579735 2.48723006 1.2418462
      vertex 0.237833843 2.56535888 1.21904576
    endloop
  endfacet
  facet normal -0.518549664 -0.616043275 -0.592956094
    outer loop
      vertex 0.245481551 2.5688746 1.20870507
      vertex 0.312227458 2.49074578 1.23150551
      vertex 0.308403581 2.48898792 1.23667586
    endloop
  endfacet
  facet normal -0.518550731 -0.616043651 -0.59295477
    outer loop
      vertex 0.237833843 2.56535888 1.21904576
      vertex 0.245481551 2.5688746 1.20870507
      vertex 0.308403581 2.48898792 1.23667586
    endloop
  endfacet
  facet normal -0.518551041 -0.616043831 -0.592954312
    outer loop
      vertex 0.237833843 2.56535888 1.21904576
      vertex 0.304579735 2.48723006 1.2418462
      vertex 0.296932042 2.48371434 1.25218689
    endloop
  endfacet
  facet normal -0.518550236 -0.616044231 -0.5929546
    outer loop
      vertex 0.171087936 2.64348769 1.19624519
      vertex 0.237833843 2.56535888 1.21904576
      vertex 0.230186135 2.56184316 1.22938645
    endloop
  endfacet
  facet normal -0.518550994 -0.616043886 -0.592954296
    outer loop
      vertex 0.316051304 2.49250364 1.22633517
      vertex 0.312227458 2.49074578 1.23150551
      vertex 0.245481551 2.5688746 1.20870507
    endloop
  endfacet
  facet normal -0.518550994 -0.616043886 -0.592954296
    outer loop
      vertex 0.253129244 2.57239032 1.19836438
      vertex 0.319875151 2.4942615 1.22116482
      vertex 0.316051304 2.49250364 1.22633517
    endloop
  endfacet
  facet normal -0.518550994 -0.616043886 -0.592954296
    outer loop
      vertex 0.245481551 2.5688746 1.20870507
      vertex 0.253129244 2.57239032 1.19836438
      vertex 0.316051304 2.49250364 1.22633517
    endloop
  endfacet
  facet normal -0.518550615 -0.61604433 -0.592954167
    outer loop
      vertex 0.186383352 2.65051913 1.17556381
      vertex 0.253129244 2.57239032 1.19836438
      vertex 0.245481551 2.5688746 1.20870507
    endloop
  endfacet
  facet normal -0.518539795 -0.616035852 -0.592972436
    outer loop
      vertex 0.0786167905 2.76419687 1.15170383
      vertex 0.111989744 2.72513223 1.16310406
      vertex 0.0747929364 2.76243877 1.15687418
    endloop
  endfacet
  facet normal -0.518550662 -0.616043733 -0.592954746
    outer loop
      vertex 0.0747929364 2.76243877 1.15687418
      vertex 0.10816589 2.72337437 1.1682744
      vertex 0.104342036 2.72161651 1.17344475
    endloop
  endfacet
  facet normal -0.518550685 -0.616043706 -0.592954754
    outer loop
      vertex 0.10816589 2.72337437 1.1682744
      vertex 0.111989744 2.72513223 1.16310406
      vertex 0.178735644 2.64700341 1.1859045
    endloop
  endfacet
  facet normal -0.518550685 -0.616043706 -0.592954754
    outer loop
      vertex 0.171087936 2.64348769 1.19624519
      vertex 0.104342036 2.72161651 1.17344475
      vertex 0.10816589 2.72337437 1.1682744
    endloop
  endfacet
  facet normal -0.518550685 -0.616043706 -0.592954754
    outer loop
      vertex 0.178735644 2.64700341 1.1859045
      vertex 0.171087936 2.64348769 1.19624519
      vertex 0.10816589 2.72337437 1.1682744
    endloop
  endfacet
  facet normal -0.518550685 -0.616043706 -0.592954754
    outer loop
      vertex 0.104342036 2.72161651 1.17344475
      vertex 0.171087936 2.64348769 1.19624519
      vertex 0.163440228 2.63997197 1.20658588
    endloop
  endfacet
  facet normal -0.518550662 -0.616043733 -0.592954746
    outer loop
      vertex 0.0709690824 2.76068091 1.16204453
      vertex 0.104342036 2.72161651 1.17344475
      vertex 0.0966943279 2.71810079 1.18378544
    endloop
  endfacet
  facet normal -0.518546178 -0.616038749 -0.592963845
    outer loop
      vertex 0.0299484264 2.7962296 1.16098499
      vertex 0.0375961326 2.79974556 1.1506443
      vertex 0.0709690824 2.76068091 1.16204453
    endloop
  endfacet
  facet normal -0.518550741 -0.616043741 -0.592954667
    outer loop
      vertex 0.0966943279 2.71810079 1.18378544
      vertex 0.0299484264 2.7962296 1.16098499
      vertex 0.0709690824 2.76068091 1.16204453
    endloop
  endfacet
  facet normal -0.518550662 -0.616043733 -0.592954746
    outer loop
      vertex 0.0900883526 2.76947045 1.1361928
      vertex 0.123461306 2.73040605 1.14759302
      vertex 0.119637452 2.72864819 1.15276337
    endloop
  endfacet
  facet normal -0.51855157 -0.61604267 -0.592955056
    outer loop
      vertex 0.115813598 2.72689033 1.15793371
      vertex 0.119637452 2.72864819 1.15276337
      vertex 0.186383352 2.65051913 1.17556381
    endloop
  endfacet
  facet normal -0.518538048 -0.616037896 -0.59297184
    outer loop
      vertex 0.178735644 2.64700341 1.1859045
      vertex 0.111989744 2.72513223 1.16310406
      vertex 0.115813598 2.72689033 1.15793371
    endloop
  endfacet
  facet normal -0.51855157 -0.61604267 -0.592955056
    outer loop
      vertex 0.186383352 2.65051913 1.17556381
      vertex 0.178735644 2.64700341 1.1859045
      vertex 0.115813598 2.72689033 1.15793371
    endloop
  endfacet
  facet normal -0.518550662 -0.616043733 -0.592954746
    outer loop
      vertex 0.0862644985 2.76771259 1.14136314
      vertex 0.119637452 2.72864819 1.15276337
      vertex 0.115813598 2.72689033 1.15793371
    endloop
  endfacet
  facet normal -0.518539795 -0.616035852 -0.592972436
    outer loop
      vertex 0.115813598 2.72689033 1.15793371
      vertex 0.111989744 2.72513223 1.16310406
      vertex 0.0786167905 2.76419687 1.15170383
    endloop
  endfacet
  facet normal -0.518550673 -0.616043719 -0.59295475
    outer loop
      vertex -0.025325913 2.87963223 1.12267339
      vertex -0.029149767 2.87787437 1.12784374
      vertex -0.0958956704 2.95600319 1.10504329
    endloop
  endfacet
  facet normal -0.518550673 -0.616043719 -0.59295475
    outer loop
      vertex -0.0882479623 2.95951891 1.0947026
      vertex -0.021502059 2.88139009 1.11750305
      vertex -0.025325913 2.87963223 1.12267339
    endloop
  endfacet
  facet normal -0.518550673 -0.616043719 -0.59295475
    outer loop
      vertex -0.0958956704 2.95600319 1.10504329
      vertex -0.0882479623 2.95951891 1.0947026
      vertex -0.025325913 2.87963223 1.12267339
    endloop
  endfacet
  facet normal -0.518550726 -0.616043725 -0.592954697
    outer loop
      vertex -0.021502059 2.88139009 1.11750305
      vertex 0.0118708909 2.84232569 1.12890327
      vertex 0.00804703776 2.84056783 1.13407362
    endloop
  endfacet
  facet normal -0.518550679 -0.616043713 -0.592954752
    outer loop
      vertex -0.025325913 2.87963223 1.12267339
      vertex 0.00804703776 2.84056783 1.13407362
      vertex 0.00422318373 2.83880997 1.13924396
    endloop
  endfacet
  facet normal -0.518543562 -0.61604181 -0.592962952
    outer loop
      vertex 0.00422318373 2.83880997 1.13924396
      vertex 0.0375961326 2.79974556 1.1506443
      vertex 0.0299484264 2.7962296 1.16098499
    endloop
  endfacet
  facet normal -0.518550679 -0.616043713 -0.592954752
    outer loop
      vertex -0.0367974751 2.87435865 1.13818443
      vertex -0.029149767 2.87787437 1.12784374
      vertex 0.00422318373 2.83880997 1.13924396
    endloop
  endfacet
  facet normal -0.518549499 -0.616042422 -0.592957124
    outer loop
      vertex 0.0299484264 2.7962296 1.16098499
      vertex -0.0367974751 2.87435865 1.13818443
      vertex 0.00422318373 2.83880997 1.13924396
    endloop
  endfacet
  facet normal -0.518550673 -0.616043719 -0.59295475
    outer loop
      vertex -0.0958956704 2.95600319 1.10504329
      vertex -0.029149767 2.87787437 1.12784374
      vertex -0.0367974751 2.87435865 1.13818443
    endloop
  endfacet
  facet normal -0.518550679 -0.616043713 -0.592954752
    outer loop
      vertex -0.0100304978 2.88666368 1.10199201
      vertex 0.0233424529 2.84759927 1.11339223
      vertex 0.0195185989 2.84584141 1.11856258
    endloop
  endfacet
  facet normal -0.518550679 -0.616043713 -0.592954752
    outer loop
      vertex -0.0138543518 2.88490582 1.10716236
      vertex 0.0195185989 2.84584141 1.11856258
      vertex 0.0156947449 2.84408355 1.12373292
    endloop
  endfacet
  facet normal -0.518550685 -0.616043706 -0.592954754
    outer loop
      vertex -0.0176782049 2.88314795 1.1123327
      vertex 0.0156947449 2.84408355 1.12373292
      vertex 0.0118708909 2.84232569 1.12890327
    endloop
  endfacet
  facet normal -0.518550673 -0.616043719 -0.59295475
    outer loop
      vertex -0.0176782049 2.88314795 1.1123327
      vertex -0.021502059 2.88139009 1.11750305
      vertex -0.0882479623 2.95951891 1.0947026
    endloop
  endfacet
  facet normal -0.518550718 -0.616043735 -0.592954694
    outer loop
      vertex -0.0806002542 2.96303463 1.08436191
      vertex -0.0138543518 2.88490582 1.10716236
      vertex -0.0176782049 2.88314795 1.1123327
    endloop
  endfacet
  facet normal -0.518550673 -0.616043719 -0.59295475
    outer loop
      vertex -0.0882479623 2.95951891 1.0947026
      vertex -0.0806002542 2.96303463 1.08436191
      vertex -0.0176782049 2.88314795 1.1123327
    endloop
  endfacet
  facet normal -0.51855052 -0.616043718 -0.592954885
    outer loop
      vertex 0.571563363 2.1747148 1.33304811
      vertex 0.548620224 2.16416764 1.36407018
      vertex 0.497169733 2.2493279 1.32058835
    endloop
  endfacet
  facet normal -0.518551247 -0.616043951 -0.592954007
    outer loop
      vertex 0.448501378 2.28136086 1.32986951
      vertex 0.48952201 2.24581218 1.33092904
      vertex 0.548620224 2.16416764 1.36407018
    endloop
  endfacet
  facet normal -0.518551087 -0.616043777 -0.592954328
    outer loop
      vertex 0.48952201 2.24581218 1.33092904
      vertex 0.448501378 2.28136086 1.32986951
      vertex 0.422776133 2.32394099 1.3081286
    endloop
  endfacet
  facet normal -0.518549222 -0.616043585 -0.592956158
    outer loop
      vertex 0.348382503 2.39855409 1.29566872
      vertex 0.422776133 2.32394099 1.3081286
      vertex 0.448501378 2.28136086 1.32986951
    endloop
  endfacet
  facet normal -0.518550901 -0.616043995 -0.592954264
    outer loop
      vertex 0.504817426 2.25284362 1.31024766
      vertex 0.571563363 2.1747148 1.33304811
      vertex 0.497169733 2.2493279 1.32058835
    endloop
  endfacet
  facet normal -0.518550241 -0.616043683 -0.592955165
    outer loop
      vertex 0.367797941 2.41263723 1.26405811
      vertex 0.438071549 2.33097243 1.28744721
      vertex 0.430423826 2.32745671 1.2977879
    endloop
  endfacet
  facet normal -0.518550901 -0.616043995 -0.592954264
    outer loop
      vertex 0.504817426 2.25284362 1.31024766
      vertex 0.512465119 2.25635934 1.29990697
      vertex 0.571563363 2.1747148 1.33304811
    endloop
  endfacet
  facet normal -0.518550828 -0.616044081 -0.592954239
    outer loop
      vertex 0.430423826 2.32745671 1.2977879
      vertex 0.422776133 2.32394099 1.3081286
      vertex 0.296932042 2.48371434 1.25218689
    endloop
  endfacet
  facet normal -0.518549549 -0.616043493 -0.592955968
    outer loop
      vertex 0.430423826 2.32745671 1.2977879
      vertex 0.296932042 2.48371434 1.25218689
      vertex 0.367797941 2.41263723 1.26405811
    endloop
  endfacet
  facet normal -0.518550471 -0.616043595 -0.592955056
    outer loop
      vertex 0.248263657 2.51574731 1.26146805
      vertex 0.296932042 2.48371434 1.25218689
      vertex 0.348382503 2.39855409 1.29566872
    endloop
  endfacet
  facet normal -0.518549791 -0.616043745 -0.592955494
    outer loop
      vertex 0.248263657 2.51574731 1.26146805
      vertex 0.148144811 2.63294053 1.22726727
      vertex 0.230186135 2.56184316 1.22938645
    endloop
  endfacet
  facet normal -0.518550495 -0.616043657 -0.59295497
    outer loop
      vertex 0.296932042 2.48371434 1.25218689
      vertex 0.248263657 2.51574731 1.26146805
      vertex 0.230186135 2.56184316 1.22938645
    endloop
  endfacet
  facet normal -0.518549937 -0.616043774 -0.592955336
    outer loop
      vertex 0.34664306 2.43979573 1.25434244
      vertex 0.367797941 2.41263723 1.26405811
      vertex 0.296932042 2.48371434 1.25218689
    endloop
  endfacet
  facet normal -0.518548989 -0.616046233 -0.592953611
    outer loop
      vertex 0.304579735 2.48723006 1.2418462
      vertex 0.308403581 2.48898792 1.23667586
      vertex 0.32548815 2.46695423 1.24462688
    endloop
  endfacet
  facet normal -0.518539677 -0.616038805 -0.592969471
    outer loop
      vertex 0.34664306 2.43979573 1.25434244
      vertex 0.304579735 2.48723006 1.2418462
      vertex 0.32548815 2.46695423 1.24462688
    endloop
  endfacet
  facet normal -0.518550548 -0.616044407 -0.592954144
    outer loop
      vertex 0.304579735 2.48723006 1.2418462
      vertex 0.34664306 2.43979573 1.25434244
      vertex 0.296932042 2.48371434 1.25218689
    endloop
  endfacet
  facet normal -0.518550901 -0.616043994 -0.592954265
    outer loop
      vertex 0.438071549 2.33097243 1.28744721
      vertex 0.367797941 2.41263723 1.26405811
      vertex 0.445719242 2.33448815 1.27710652
    endloop
  endfacet
  facet normal -0.518549032 -0.616043447 -0.592956469
    outer loop
      vertex 0.348382503 2.39855409 1.29566872
      vertex 0.296932042 2.48371434 1.25218689
      vertex 0.422776133 2.32394099 1.3081286
    endloop
  endfacet
  facet normal -0.518548702 -0.616045806 -0.592954305
    outer loop
      vertex 0.336480647 2.47068954 1.23113298
      vertex 0.32548815 2.46695423 1.24462688
      vertex 0.312227458 2.49074578 1.23150551
    endloop
  endfacet
  facet normal -0.518549944 -0.616042948 -0.592956189
    outer loop
      vertex 0.594506443 2.18526196 1.30202603
      vertex 0.512465119 2.25635934 1.29990697
      vertex 0.520112872 2.25987506 1.28956628
    endloop
  endfacet
  facet normal -0.518550039 -0.61604392 -0.592955096
    outer loop
      vertex 0.445719242 2.33448815 1.27710652
      vertex 0.392148376 2.42091155 1.23416662
      vertex 0.453366965 2.33800387 1.26676583
    endloop
  endfacet
  facet normal -0.518549098 -0.616043014 -0.59295686
    outer loop
      vertex 0.520112872 2.25987506 1.28956628
      vertex 0.453366965 2.33800387 1.26676583
      vertex 0.518428147 2.27431488 1.27603757
    endloop
  endfacet
  facet normal -0.518552945 -0.616044734 -0.592951709
    outer loop
      vertex 0.392148376 2.42091155 1.23416662
      vertex 0.442349851 2.36336756 1.25004911
      vertex 0.453366965 2.33800387 1.26676583
    endloop
  endfacet
  facet normal -0.518549727 -0.61604279 -0.592956543
    outer loop
      vertex 0.518428147 2.27431488 1.27603757
      vertex 0.594506443 2.18526196 1.30202603
      vertex 0.520112872 2.25987506 1.28956628
    endloop
  endfacet
  facet normal -0.518517984 -0.616027588 -0.593000093
    outer loop
      vertex 0.366271555 2.45242047 1.22406077
      vertex 0.442349851 2.36336756 1.25004911
      vertex 0.379209965 2.43666601 1.2291137
    endloop
  endfacet
  facet normal -0.518517984 -0.616027588 -0.593000093
    outer loop
      vertex 0.392148376 2.42091155 1.23416662
      vertex 0.379209965 2.43666601 1.2291137
      vertex 0.442349851 2.36336756 1.25004911
    endloop
  endfacet
  facet normal -0.518550953 -0.616044032 -0.592954181
    outer loop
      vertex 0.367797941 2.41263723 1.26405811
      vertex 0.392148376 2.42091155 1.23416662
      vertex 0.445719242 2.33448815 1.27710652
    endloop
  endfacet
  facet normal -0.518550901 -0.616043995 -0.592954264
    outer loop
      vertex 0.571563363 2.1747148 1.33304811
      vertex 0.512465119 2.25635934 1.29990697
      vertex 0.594506443 2.18526196 1.30202603
    endloop
  endfacet
  facet normal -0.518549017 -0.6160462 -0.592953621
    outer loop
      vertex 0.336480647 2.47068954 1.23113298
      vertex 0.312227458 2.49074578 1.23150551
      vertex 0.316051304 2.49250364 1.22633517
    endloop
  endfacet
  facet normal -0.518549017 -0.6160462 -0.592953621
    outer loop
      vertex 0.336480647 2.47068954 1.23113298
      vertex 0.316051304 2.49250364 1.22633517
      vertex 0.319875151 2.4942615 1.22116482
    endloop
  endfacet
  facet normal -0.518549595 -0.61604346 -0.592955962
    outer loop
      vertex 0.260784715 2.57589698 1.18802631
      vertex 0.347473145 2.4744246 1.21763921
      vertex 0.319875151 2.4942615 1.22116482
    endloop
  endfacet
  facet normal -0.518545047 -0.616040376 -0.592963143
    outer loop
      vertex 0.174096256 2.67736959 1.15841341
      vertex 0.260784715 2.57589698 1.18802631
      vertex 0.186383352 2.65051913 1.17556381
    endloop
  endfacet
  facet normal -0.518545068 -0.616040375 -0.592963127
    outer loop
      vertex 0.186383352 2.65051913 1.17556381
      vertex 0.123461306 2.73040605 1.14759302
      vertex 0.174096256 2.67736959 1.15841341
    endloop
  endfacet
  facet normal -0.518551321 -0.616046735 -0.59295105
    outer loop
      vertex 0.319875151 2.4942615 1.22116482
      vertex 0.347473145 2.4744246 1.21763921
      vertex 0.336480647 2.47068954 1.23113298
    endloop
  endfacet
  facet normal -0.518547549 -0.616045751 -0.592955371
    outer loop
      vertex 0.32548815 2.46695423 1.24462688
      vertex 0.308403581 2.48898792 1.23667586
      vertex 0.312227458 2.49074578 1.23150551
    endloop
  endfacet
  facet normal -0.518550685 -0.616043706 -0.592954754
    outer loop
      vertex 0.0966943279 2.71810079 1.18378544
      vertex 0.163440228 2.63997197 1.20658588
      vertex 0.148144811 2.63294053 1.22726727
    endloop
  endfacet
  facet normal -0.518550689 -0.616043717 -0.592954738
    outer loop
      vertex 0.048025962 2.75013375 1.1930666
      vertex 0.0299484264 2.7962296 1.16098499
      vertex 0.0966943279 2.71810079 1.18378544
    endloop
  endfacet
  facet normal -0.518549893 -0.616043817 -0.59295533
    outer loop
      vertex 0.048025962 2.75013375 1.1930666
      vertex -0.0520928912 2.86732697 1.15886581
      vertex 0.0299484264 2.7962296 1.16098499
    endloop
  endfacet
  facet normal -0.518550685 -0.616043706 -0.592954754
    outer loop
      vertex 0.048025962 2.75013375 1.1930666
      vertex 0.0966943279 2.71810079 1.18378544
      vertex 0.148144811 2.63294053 1.22726727
    endloop
  endfacet
  facet normal -0.518550662 -0.616043733 -0.592954746
    outer loop
      vertex 0.0747929364 2.76243877 1.15687418
      vertex 0.104342036 2.72161651 1.17344475
      vertex 0.0709690824 2.76068091 1.16204453
    endloop
  endfacet
  facet normal -0.518547516 -0.616026814 -0.592975074
    outer loop
      vertex 0.0631428063 2.77052498 1.15866148
      vertex 0.0786167905 2.76419687 1.15170383
      vertex 0.0747929364 2.76243877 1.15687418
    endloop
  endfacet
  facet normal -0.51857874 -0.61605533 -0.59291814
    outer loop
      vertex 0.0431338772 2.79614806 1.14953876
      vertex 0.0631428063 2.77052498 1.15866148
      vertex 0.0375961326 2.79974556 1.1506443
    endloop
  endfacet
  facet normal -0.518531196 -0.616031861 -0.592984101
    outer loop
      vertex 0.0709690824 2.76068091 1.16204453
      vertex 0.0375961326 2.79974556 1.1506443
      vertex 0.0631428063 2.77052498 1.15866148
    endloop
  endfacet
  facet normal -0.518577846 -0.616052955 -0.59292139
    outer loop
      vertex 0.0231249519 2.82177114 1.14041615
      vertex 0.0431338772 2.79614806 1.14953876
      vertex 0.0375961326 2.79974556 1.1506443
    endloop
  endfacet
  facet normal -0.518553775 -0.616040089 -0.592955809
    outer loop
      vertex 0.0631428063 2.77052498 1.15866148
      vertex 0.0747929364 2.76243877 1.15687418
      vertex 0.0709690824 2.76068091 1.16204453
    endloop
  endfacet
  facet normal -0.518547514 -0.616042267 -0.592959021
    outer loop
      vertex -0.103543378 2.95248747 1.11538398
      vertex -0.0367974751 2.87435865 1.13818443
      vertex -0.0520928912 2.86732697 1.15886581
    endloop
  endfacet
  facet normal -0.518550968 -0.616044337 -0.592953851
    outer loop
      vertex -0.252330601 3.10171366 1.09046435
      vertex -0.103543378 2.95248747 1.11538398
      vertex -0.152211741 2.98452044 1.12466514
    endloop
  endfacet
  facet normal -0.5185522 -0.61604523 -0.592951844
    outer loop
      vertex -0.20530583 3.08407211 1.06766856
      vertex -0.103543378 2.95248747 1.11538398
      vertex -0.252330601 3.10171366 1.09046435
    endloop
  endfacet
  facet normal -0.518552767 -0.616041269 -0.592955465
    outer loop
      vertex 0.00804703776 2.84056783 1.13407362
      vertex 0.0231249519 2.82177114 1.14041615
      vertex 0.00422318373 2.83880997 1.13924396
    endloop
  endfacet
  facet normal -0.518561954 -0.616050265 -0.592938083
    outer loop
      vertex 0.00422318373 2.83880997 1.13924396
      vertex 0.0231249519 2.82177114 1.14041615
      vertex 0.0375961326 2.79974556 1.1506443
    endloop
  endfacet
  facet normal -0.518550004 -0.616044503 -0.592954521
    outer loop
      vertex -0.103543378 2.95248747 1.11538398
      vertex -0.20530583 3.08407211 1.06766856
      vertex -0.0958956704 2.95600319 1.10504329
    endloop
  endfacet
  facet normal -0.51855281 -0.616041285 -0.592955409
    outer loop
      vertex 0.00804703776 2.84056783 1.13407362
      vertex 0.0118708909 2.84232569 1.12890327
      vertex 0.0231249519 2.82177114 1.14041615
    endloop
  endfacet
  facet normal -0.518547502 -0.616041092 -0.592960253
    outer loop
      vertex 0.033802446 2.82543111 1.12727618
      vertex 0.0231249519 2.82177114 1.14041615
      vertex 0.0118708909 2.84232569 1.12890327
    endloop
  endfacet
  facet normal -0.518550004 -0.616044503 -0.592954521
    outer loop
      vertex -0.0958956704 2.95600319 1.10504329
      vertex -0.20530583 3.08407211 1.06766856
      vertex -0.0882479623 2.95951891 1.0947026
    endloop
  endfacet
  facet normal -0.51854666 -0.616047306 -0.592954532
    outer loop
      vertex 0.0786167905 2.76419687 1.15170383
      vertex 0.0631428063 2.77052498 1.15866148
      vertex 0.0752753094 2.77468348 1.143731
    endloop
  endfacet
  facet normal -0.518553709 -0.616045943 -0.592949785
    outer loop
      vertex 0.0786167905 2.76419687 1.15170383
      vertex 0.0752753094 2.77468348 1.143731
      vertex 0.115813598 2.72689033 1.15793371
    endloop
  endfacet
  facet normal -0.518549844 -0.61604469 -0.592954466
    outer loop
      vertex 0.0195185989 2.84584141 1.11856258
      vertex 0.0233424529 2.84759927 1.11339223
      vertex 0.033802446 2.82543111 1.12727618
    endloop
  endfacet
  facet normal -0.518546243 -0.616042587 -0.592959801
    outer loop
      vertex 0.0752753094 2.77468348 1.143731
      vertex 0.0862644985 2.76771259 1.14136314
      vertex 0.115813598 2.72689033 1.15793371
    endloop
  endfacet
  facet normal -0.518547976 -0.616045622 -0.592955132
    outer loop
      vertex 0.0900883526 2.76947045 1.1361928
      vertex 0.0752753094 2.77468348 1.143731
      vertex 0.0874078125 2.77884197 1.12880051
    endloop
  endfacet
  facet normal -0.518552558 -0.616044605 -0.592952182
    outer loop
      vertex 0.123461306 2.73040605 1.14759302
      vertex 0.0900883526 2.76947045 1.1361928
      vertex 0.0874078125 2.77884197 1.12880051
    endloop
  endfacet
  facet normal -0.518547797 -0.616047086 -0.592953767
    outer loop
      vertex 0.0900883526 2.76947045 1.1361928
      vertex 0.0862644985 2.76771259 1.14136314
      vertex 0.0752753094 2.77468348 1.143731
    endloop
  endfacet
  facet normal -0.518550945 -0.616044139 -0.592954076
    outer loop
      vertex 0.174096256 2.67736959 1.15841341
      vertex 0.123461306 2.73040605 1.14759302
      vertex 0.0874078125 2.77884197 1.12880051
    endloop
  endfacet
  facet normal -0.518549844 -0.61604469 -0.592954466
    outer loop
      vertex 0.0156947449 2.84408355 1.12373292
      vertex 0.033802446 2.82543111 1.12727618
      vertex 0.0118708909 2.84232569 1.12890327
    endloop
  endfacet
  facet normal -0.51855157 -0.61604267 -0.592955056
    outer loop
      vertex 0.186383352 2.65051913 1.17556381
      vertex 0.119637452 2.72864819 1.15276337
      vertex 0.123461306 2.73040605 1.14759302
    endloop
  endfacet
  facet normal -0.518549844 -0.61604469 -0.592954466
    outer loop
      vertex 0.033802446 2.82543111 1.12727618
      vertex 0.0156947449 2.84408355 1.12373292
      vertex 0.0195185989 2.84584141 1.11856258
    endloop
  endfacet
  facet normal -0.518550279 -0.616044181 -0.592954615
    outer loop
      vertex -0.158281073 3.06643081 1.04487288
      vertex -0.0806002542 2.96303463 1.08436191
      vertex -0.0882479623 2.95951891 1.0947026
    endloop
  endfacet
  facet normal -0.518550676 -0.616043716 -0.592954751
    outer loop
      vertex -0.0100304978 2.88666368 1.10199201
      vertex -0.0138543518 2.88490582 1.10716236
      vertex -0.0806002542 2.96303463 1.08436191
    endloop
  endfacet
  facet normal -0.518555151 -0.616045768 -0.592948705
    outer loop
      vertex -0.0231070649 2.90820408 1.09104848
      vertex 0.0233424529 2.84759927 1.11339223
      vertex -0.0100304978 2.88666368 1.10199201
    endloop
  endfacet
  facet normal -0.518553987 -0.616045644 -0.592949852
    outer loop
      vertex -0.0806002542 2.96303463 1.08436191
      vertex -0.0231070649 2.90820408 1.09104848
      vertex -0.0100304978 2.88666368 1.10199201
    endloop
  endfacet
  facet normal -0.518552355 -0.61604428 -0.592952697
    outer loop
      vertex -0.0906940699 2.98731756 1.06796062
      vertex -0.0231070649 2.90820408 1.09104848
      vertex -0.0806002542 2.96303463 1.08436191
    endloop
  endfacet
  facet normal -0.518551058 -0.616044413 -0.592953693
    outer loop
      vertex -0.0906940699 2.98731756 1.06796062
      vertex -0.0806002542 2.96303463 1.08436191
      vertex -0.158281073 3.06643081 1.04487288
    endloop
  endfacet
  facet normal -0.518546342 -0.61604294 -0.592959347
    outer loop
      vertex 0.0444799401 2.82909083 1.11413634
      vertex 0.0233424529 2.84759927 1.11339223
      vertex -0.0231070649 2.90820408 1.09104848
    endloop
  endfacet
  facet normal -0.518549178 -0.616043997 -0.592955769
    outer loop
      vertex -0.158281073 3.06643081 1.04487288
      vertex -0.0882479623 2.95951891 1.0947026
      vertex -0.20530583 3.08407211 1.06766856
    endloop
  endfacet
  facet normal -0.518548065 -0.616044771 -0.592955937
    outer loop
      vertex 0.0233424529 2.84759927 1.11339223
      vertex 0.0444799401 2.82909083 1.11413634
      vertex 0.033802446 2.82543111 1.12727618
    endloop
  endfacet
  facet normal -0.518551087 -0.616043777 -0.592954328
    outer loop
      vertex 0.430423826 2.32745671 1.2977879
      vertex 0.48952201 2.24581218 1.33092904
      vertex 0.422776133 2.32394099 1.3081286
    endloop
  endfacet
  facet normal -0.518551087 -0.616043777 -0.592954328
    outer loop
      vertex 0.445719242 2.33448815 1.27710652
      vertex 0.504817426 2.25284362 1.31024766
      vertex 0.438071549 2.33097243 1.28744721
    endloop
  endfacet
  facet normal -0.518550329 -0.61604358 -0.592955195
    outer loop
      vertex 0.438071549 2.33097243 1.28744721
      vertex 0.497169733 2.2493279 1.32058835
      vertex 0.430423826 2.32745671 1.2977879
    endloop
  endfacet
  facet normal -0.518550422 -0.616043471 -0.592955227
    outer loop
      vertex 0.453366965 2.33800387 1.26676583
      vertex 0.512465119 2.25635934 1.29990697
      vertex 0.445719242 2.33448815 1.27710652
    endloop
  endfacet
  facet normal -0.518550236 -0.616044231 -0.5929546
    outer loop
      vertex 0.178735644 2.64700341 1.1859045
      vertex 0.237833843 2.56535888 1.21904576
      vertex 0.171087936 2.64348769 1.19624519
    endloop
  endfacet
  facet normal -0.518550662 -0.616043733 -0.592954746
    outer loop
      vertex 0.237833843 2.56535888 1.21904576
      vertex 0.296932042 2.48371434 1.25218689
      vertex 0.230186135 2.56184316 1.22938645
    endloop
  endfacet
  facet normal -0.518550236 -0.616044231 -0.5929546
    outer loop
      vertex 0.171087936 2.64348769 1.19624519
      vertex 0.230186135 2.56184316 1.22938645
      vertex 0.163440228 2.63997197 1.20658588
    endloop
  endfacet
  facet normal -0.518550236 -0.616044231 -0.5929546
    outer loop
      vertex 0.186383352 2.65051913 1.17556381
      vertex 0.245481551 2.5688746 1.20870507
      vertex 0.178735644 2.64700341 1.1859045
    endloop
  endfacet
  facet normal -0.518550662 -0.616043733 -0.592954746
    outer loop
      vertex 0.111989744 2.72513223 1.16310406
      vertex 0.10816589 2.72337437 1.1682744
      vertex 0.0747929364 2.76243877 1.15687418
    endloop
  endfacet
  facet normal -0.518550685 -0.616043706 -0.592954754
    outer loop
      vertex 0.104342036 2.72161651 1.17344475
      vertex 0.163440228 2.63997197 1.20658588
      vertex 0.0966943279 2.71810079 1.18378544
    endloop
  endfacet
  facet normal -0.518550662 -0.616043733 -0.592954746
    outer loop
      vertex 0.0900883526 2.76947045 1.1361928
      vertex 0.119637452 2.72864819 1.15276337
      vertex 0.0862644985 2.76771259 1.14136314
    endloop
  endfacet
  facet normal -0.518550679 -0.616043713 -0.592954752
    outer loop
      vertex -0.021502059 2.88139009 1.11750305
      vertex 0.00804703776 2.84056783 1.13407362
      vertex -0.025325913 2.87963223 1.12267339
    endloop
  endfacet
  facet normal -0.518550679 -0.616043713 -0.592954752
    outer loop
      vertex -0.025325913 2.87963223 1.12267339
      vertex 0.00422318373 2.83880997 1.13924396
      vertex -0.029149767 2.87787437 1.12784374
    endloop
  endfacet
  facet normal -0.518550673 -0.616043719 -0.59295475
    outer loop
      vertex -0.0958956704 2.95600319 1.10504329
      vertex -0.0367974751 2.87435865 1.13818443
      vertex -0.103543378 2.95248747 1.11538398
    endloop
  endfacet
  facet normal -0.518550679 -0.616043713 -0.592954752
    outer loop
      vertex -0.0100304978 2.88666368 1.10199201
      vertex 0.0195185989 2.84584141 1.11856258
      vertex -0.0138543518 2.88490582 1.10716236
    endloop
  endfacet
  facet normal -0.518550726 -0.616043725 -0.592954697
    outer loop
      vertex -0.0138543518 2.88490582 1.10716236
      vertex 0.0156947449 2.84408355 1.12373292
      vertex -0.0176782049 2.88314795 1.1123327
    endloop
  endfacet
  facet normal -0.518550685 -0.616043706 -0.592954754
    outer loop
      vertex -0.0176782049 2.88314795 1.1123327
      vertex 0.0118708909 2.84232569 1.12890327
      vertex -0.021502059 2.88139009 1.11750305
    endloop
  endfacet
  facet normal -0.518550236 -0.616043689 -0.592955163
    outer loop
      vertex 0.548620224 2.16416764 1.36407018
      vertex 0.48952201 2.24581218 1.33092904
      vertex 0.497169733 2.2493279 1.32058835
    endloop
  endfacet
  facet normal -0.518550236 -0.616044231 -0.5929546
    outer loop
      vertex 0.148144811 2.63294053 1.22726727
      vertex 0.163440228 2.63997197 1.20658588
      vertex 0.230186135 2.56184316 1.22938645
    endloop
  endfacet
  facet normal -0.518551472 -0.616044858 -0.592952868
    outer loop
      vertex 0.453366965 2.33800387 1.26676583
      vertex 0.442349851 2.36336756 1.25004911
      vertex 0.518428147 2.27431488 1.27603757
    endloop
  endfacet
  facet normal -0.518550681 -0.616043742 -0.59295472
    outer loop
      vertex 0.260784715 2.57589698 1.18802631
      vertex 0.319875151 2.4942615 1.22116482
      vertex 0.253129244 2.57239032 1.19836438
    endloop
  endfacet
  facet normal -0.518550302 -0.616044186 -0.59295459
    outer loop
      vertex 0.260784715 2.57589698 1.18802631
      vertex 0.253129244 2.57239032 1.19836438
      vertex 0.186383352 2.65051913 1.17556381
    endloop
  endfacet
  facet normal -0.518547979 -0.616041723 -0.59295918
    outer loop
      vertex -0.0520928912 2.86732697 1.15886581
      vertex -0.0367974751 2.87435865 1.13818443
      vertex 0.0299484264 2.7962296 1.16098499
    endloop
  endfacet
  facet normal -0.518550263 -0.61604255 -0.592956323
    outer loop
      vertex -0.103543378 2.95248747 1.11538398
      vertex -0.0520928912 2.86732697 1.15886581
      vertex -0.152211741 2.98452044 1.12466514
    endloop
  endfacet
  facet normal 0.518550457 0.616043792 0.592954864
    outer loop
      vertex 0.333091468 2.54593921 1.25710511
      vertex 0.286248744 2.60077047 1.24110365
      vertex 0.321619898 2.54066563 1.27261615
    endloop
  endfacet
  facet normal 0.5185509 0.616043995 0.592954264
    outer loop
      vertex 0.321619898 2.54066563 1.27261615
      vertex 0.274777174 2.59549689 1.25661469
      vertex 0.310148358 2.53539205 1.28812718
    endloop
  endfacet
  facet normal 0.518551554 0.61604323 0.592954488
    outer loop
      vertex 0.321619898 2.54066563 1.27261615
      vertex 0.310148358 2.53539205 1.28812718
      vertex 0.356991082 2.48056054 1.30412877
    endloop
  endfacet
  facet normal 0.518546766 0.616041245 0.592960737
    outer loop
      vertex 0.508990884 2.32134008 1.33662236
      vertex 0.46214813 2.37617159 1.32062078
      vertex 0.45067656 2.37089777 1.33613181
    endloop
  endfacet
  facet normal 0.518550193 0.616044899 0.592953944
    outer loop
      vertex 0.216767579 2.6446979 1.25622821
      vertex 0.204991311 2.639781 1.27163517
      vertex 0.263305604 2.59022331 1.27212572
    endloop
  endfacet
  facet normal 0.518549051 0.616043578 0.592956315
    outer loop
      vertex 0.204991311 2.639781 1.27163517
      vertex 0.329905272 2.49356413 1.31430602
      vertex 0.263305604 2.59022331 1.27212572
    endloop
  endfacet
  facet normal 0.518545981 0.616042962 0.592959639
    outer loop
      vertex 0.263305604 2.59022331 1.27212572
      vertex 0.228543848 2.64961505 1.24082124
      vertex 0.216767579 2.6446979 1.25622821
    endloop
  endfacet
  facet normal 0.518552463 0.616043647 0.59295326
    outer loop
      vertex 0.356991082 2.48056054 1.30412877
      vertex 0.310148358 2.53539205 1.28812718
      vertex 0.329905272 2.49356413 1.31430602
    endloop
  endfacet
  facet normal 0.518552547 0.616044895 0.592951889
    outer loop
      vertex 0.329905272 2.49356413 1.31430602
      vertex 0.454819262 2.34734726 1.35697675
      vertex 0.356991082 2.48056054 1.30412877
    endloop
  endfacet
  facet normal 0.518550833 0.616043352 0.592954992
    outer loop
      vertex 0.274777174 2.59549689 1.25661469
      vertex 0.228543848 2.64961505 1.24082124
      vertex 0.263305604 2.59022331 1.27212572
    endloop
  endfacet
  facet normal 0.518549271 0.616042634 0.592957104
    outer loop
      vertex 0.240320116 2.65453196 1.2254144
      vertex 0.228543848 2.64961505 1.24082124
      vertex 0.274777174 2.59549689 1.25661469
    endloop
  endfacet
  facet normal 0.518550777 0.616042928 0.592955482
    outer loop
      vertex 0.327684641 2.57096958 1.2358284
      vertex 0.252096385 2.65944886 1.21000743
      vertex 0.286248744 2.60077047 1.24110365
    endloop
  endfacet
  facet normal 0.51855131 0.616042794 0.592955155
    outer loop
      vertex 0.274777174 2.59549689 1.25661469
      vertex 0.286248744 2.60077047 1.24110365
      vertex 0.240320116 2.65453196 1.2254144
    endloop
  endfacet
  facet normal 0.518550327 0.616043944 0.592954819
    outer loop
      vertex 0.333091468 2.54593921 1.25710511
      vertex 0.321619898 2.54066563 1.27261615
      vertex 0.379565924 2.47443485 1.29075098
    endloop
  endfacet
  facet normal 0.518548337 0.616042959 0.592957583
    outer loop
      vertex 0.356991082 2.48056054 1.30412877
      vertex 0.379565924 2.47443485 1.29075098
      vertex 0.321619898 2.54066563 1.27261615
    endloop
  endfacet
  facet normal 0.51855048 0.616044544 0.592954062
    outer loop
      vertex 0.333091468 2.54593921 1.25710511
      vertex 0.403272867 2.48249054 1.26164949
      vertex 0.327684641 2.57096958 1.2358284
    endloop
  endfacet
  facet normal 0.518551482 0.616044263 0.592953477
    outer loop
      vertex 0.333091468 2.54593921 1.25710511
      vertex 0.327684641 2.57096958 1.2358284
      vertex 0.286248744 2.60077047 1.24110365
    endloop
  endfacet
  facet normal 0.518550769 0.616044015 0.592954359
    outer loop
      vertex 0.391419411 2.4784627 1.27620018
      vertex 0.333091468 2.54593921 1.25710511
      vertex 0.379565924 2.47443485 1.29075098
    endloop
  endfacet
  facet normal 0.518548679 0.616041449 0.592958852
    outer loop
      vertex 0.379565924 2.47443485 1.29075098
      vertex 0.356991082 2.48056054 1.30412877
      vertex 0.400720805 2.44727635 1.30046654
    endloop
  endfacet
  facet normal 0.518550195 0.616043862 0.59295502
    outer loop
      vertex 0.400720805 2.44727635 1.30046654
      vertex 0.356991082 2.48056054 1.30412877
      vertex 0.421875685 2.42011786 1.31018221
    endloop
  endfacet
  facet normal 0.518548774 0.616042593 0.592957581
    outer loop
      vertex 0.421875685 2.42011786 1.31018221
      vertex 0.356991082 2.48056054 1.30412877
      vertex 0.45067656 2.37089777 1.33613181
    endloop
  endfacet
  facet normal 0.518545817 0.616042356 0.592960413
    outer loop
      vertex 0.46214813 2.37617159 1.32062078
      vertex 0.421875685 2.42011786 1.31018221
      vertex 0.45067656 2.37089777 1.33613181
    endloop
  endfacet
  facet normal 0.518552396 0.616044426 0.592952509
    outer loop
      vertex 0.497519314 2.3160665 1.35213339
      vertex 0.454819262 2.34734726 1.35697675
      vertex 0.579733253 2.20113015 1.39964759
    endloop
  endfacet
  facet normal 0.518552023 0.616044334 0.592952931
    outer loop
      vertex 0.602676332 2.21167731 1.3686254
      vertex 0.497519314 2.3160665 1.35213339
      vertex 0.579733253 2.20113015 1.39964759
    endloop
  endfacet
  facet normal 0.518553497 0.616046395 0.592949501
    outer loop
      vertex 0.454819262 2.34734726 1.35697675
      vertex 0.497519314 2.3160665 1.35213339
      vertex 0.45067656 2.37089777 1.33613181
    endloop
  endfacet
  facet normal 0.518548573 0.616043922 0.592956376
    outer loop
      vertex 0.46214813 2.37617159 1.32062078
      vertex 0.448755175 2.42925167 1.27718627
      vertex 0.421875685 2.42011786 1.31018221
    endloop
  endfacet
  facet normal 0.518549131 0.616043233 0.592956604
    outer loop
      vertex 0.333091468 2.54593921 1.25710511
      vertex 0.391419411 2.4784627 1.27620018
      vertex 0.403272867 2.48249054 1.26164949
    endloop
  endfacet
  facet normal 0.518550289 0.616043492 0.592955321
    outer loop
      vertex 0.46214813 2.37617159 1.32062078
      vertex 0.50770992 2.36024261 1.29732537
      vertex 0.448755175 2.42925167 1.27718627
    endloop
  endfacet
  facet normal 0.518550393 0.616043229 0.592955504
    outer loop
      vertex 0.508990884 2.32134008 1.33662236
      vertex 0.602676332 2.21167731 1.3686254
      vertex 0.566664696 2.29123354 1.31746435
    endloop
  endfacet
  facet normal 0.518550784 0.616043409 0.592954975
    outer loop
      vertex 0.497519314 2.3160665 1.35213339
      vertex 0.602676332 2.21167731 1.3686254
      vertex 0.508990884 2.32134008 1.33662236
    endloop
  endfacet
  facet normal 0.518550348 0.616042905 0.59295588
    outer loop
      vertex 0.50770992 2.36024261 1.29732537
      vertex 0.508990884 2.32134008 1.33662236
      vertex 0.566664696 2.29123354 1.31746435
    endloop
  endfacet
  facet normal 0.518550364 0.616042899 0.592955873
    outer loop
      vertex 0.46214813 2.37617159 1.32062078
      vertex 0.508990884 2.32134008 1.33662236
      vertex 0.50770992 2.36024261 1.29732537
    endloop
  endfacet
  facet normal 0.518550457 0.616043792 0.592954864
    outer loop
      vertex 0.286248744 2.60077047 1.24110365
      vertex 0.274777174 2.59549689 1.25661469
      vertex 0.321619898 2.54066563 1.27261615
    endloop
  endfacet
  facet normal 0.518550324 0.616043947 0.592954818
    outer loop
      vertex 0.274777174 2.59549689 1.25661469
      vertex 0.263305604 2.59022331 1.27212572
      vertex 0.310148358 2.53539205 1.28812718
    endloop
  endfacet
  facet normal 0.518549718 0.616044657 0.592954611
    outer loop
      vertex 0.508990884 2.32134008 1.33662236
      vertex 0.45067656 2.37089777 1.33613181
      vertex 0.497519314 2.3160665 1.35213339
    endloop
  endfacet
  facet normal 0.518549924 0.616043763 0.59295536
    outer loop
      vertex 0.329905272 2.49356413 1.31430602
      vertex 0.310148358 2.53539205 1.28812718
      vertex 0.263305604 2.59022331 1.27212572
    endloop
  endfacet
  facet normal 0.518555611 0.616045736 0.592948336
    outer loop
      vertex 0.454819262 2.34734726 1.35697675
      vertex 0.45067656 2.37089777 1.33613181
      vertex 0.356991082 2.48056054 1.30412877
    endloop
  endfacet
  facet normal 0.518551764 0.616043003 0.59295454
    outer loop
      vertex 0.252096385 2.65944886 1.21000743
      vertex 0.240320116 2.65453196 1.2254144
      vertex 0.286248744 2.60077047 1.24110365
    endloop
  endfacet
  facet normal 0.518547862 0.616043395 0.592957544
    outer loop
      vertex 0.602676332 2.21167731 1.3686254
      vertex 0.625619471 2.22222471 1.33760333
      vertex 0.566664696 2.29123354 1.31746435
    endloop
  endfacet
  facet normal -0.573578521 -0.263681318 0.775551315
    outer loop
      vertex 0.464057863 2.29984212 1.34765816
      vertex 0.456279635 2.29060149 1.33876383
      vertex 0.506339073 2.23200488 1.35586417
    endloop
  endfacet
  facet normal -0.57357793 -0.263680616 0.775551991
    outer loop
      vertex 0.47183612 2.30908275 1.35655248
      vertex 0.464057863 2.29984212 1.34765816
      vertex 0.514117301 2.24124551 1.36475849
    endloop
  endfacet
  facet normal -0.573581717 -0.263685115 0.775547661
    outer loop
      vertex 0.175368696 2.66528296 1.25839746
      vertex 0.171479583 2.66066265 1.25395024
      vertex 0.200398415 2.63598466 1.26694763
    endloop
  endfacet
  facet normal -0.573570388 -0.263671655 0.775560616
    outer loop
      vertex 0.212913275 2.62133551 1.27122271
      vertex 0.200398415 2.63598466 1.26694763
      vertex 0.196509287 2.63136411 1.26250052
    endloop
  endfacet
  facet normal -0.573570388 -0.263671655 0.775560616
    outer loop
      vertex 0.221539006 2.6020658 1.27105069
      vertex 0.225428134 2.60668635 1.27549779
      vertex 0.212913275 2.62133551 1.27122271
    endloop
  endfacet
  facet normal -0.573570388 -0.263671655 0.775560616
    outer loop
      vertex 0.196509287 2.63136411 1.26250052
      vertex 0.221539006 2.6020658 1.27105069
      vertex 0.212913275 2.62133551 1.27122271
    endloop
  endfacet
  facet normal -0.573586064 -0.263690279 0.77554269
    outer loop
      vertex 0.214857832 2.62364554 1.27344632
      vertex 0.212913275 2.62133551 1.27122271
      vertex 0.225428134 2.60668635 1.27549779
    endloop
  endfacet
  facet normal -0.57357839 -0.263674953 0.775553577
    outer loop
      vertex 0.196509287 2.63136411 1.26250052
      vertex 0.171479583 2.66066265 1.25395024
      vertex 0.163701326 2.65142179 1.24505591
    endloop
  endfacet
  facet normal -0.57357793 -0.263680616 0.775551991
    outer loop
      vertex 0.213760749 2.59282517 1.26215637
      vertex 0.221539006 2.6020658 1.27105069
      vertex 0.196509287 2.63136411 1.26250052
    endloop
  endfacet
  facet normal -0.573580487 -0.26368174 0.775549718
    outer loop
      vertex 0.163701326 2.65142179 1.24505591
      vertex 0.213760749 2.59282517 1.26215637
      vertex 0.196509287 2.63136411 1.26250052
    endloop
  endfacet
  facet normal -0.573578068 -0.263680455 0.775551944
    outer loop
      vertex 0.24656871 2.5727675 1.27960086
      vertex 0.221539006 2.6020658 1.27105069
      vertex 0.213760749 2.59282517 1.26215637
    endloop
  endfacet
  facet normal -0.57357793 -0.263680616 0.775551991
    outer loop
      vertex 0.263820171 2.53422856 1.2792567
      vertex 0.271598428 2.54346919 1.28815103
      vertex 0.24656871 2.5727675 1.27960086
    endloop
  endfacet
  facet normal -0.573578147 -0.263680711 0.775551799
    outer loop
      vertex 0.213760749 2.59282517 1.26215637
      vertex 0.263820171 2.53422856 1.2792567
      vertex 0.24656871 2.5727675 1.27960086
    endloop
  endfacet
  facet normal -0.573571398 -0.263670473 0.775560271
    outer loop
      vertex 0.225428134 2.60668635 1.27549779
      vertex 0.221539006 2.6020658 1.27105069
      vertex 0.250457853 2.57738781 1.28404796
    endloop
  endfacet
  facet normal -0.573574418 -0.263675795 0.775556228
    outer loop
      vertex 0.250457853 2.57738781 1.28404796
      vertex 0.24656871 2.5727675 1.27960086
      vertex 0.275487542 2.5480895 1.29259813
    endloop
  endfacet
  facet normal -0.57357793 -0.263680616 0.775551991
    outer loop
      vertex 0.271598428 2.54346919 1.28815103
      vertex 0.263820171 2.53422856 1.2792567
      vertex 0.313879609 2.47563195 1.29635704
    endloop
  endfacet
  facet normal -0.573578068 -0.263680455 0.775551944
    outer loop
      vertex 0.321657866 2.48487258 1.30525136
      vertex 0.313879609 2.47563195 1.29635704
      vertex 0.363939017 2.41703534 1.31345737
    endloop
  endfacet
  facet normal -0.573578112 -0.263680751 0.77555181
    outer loop
      vertex 0.0713607222 2.77785587 1.21974957
      vertex 0.0635824725 2.76861525 1.21085525
      vertex 0.121420152 2.71925926 1.2368499
    endloop
  endfacet
  facet normal -0.573575826 -0.263677954 0.775554453
    outer loop
      vertex 0.146449864 2.68996096 1.24540007
      vertex 0.121420152 2.71925926 1.2368499
      vertex 0.113641895 2.7100184 1.22795558
    endloop
  endfacet
  facet normal -0.573575757 -0.263678034 0.775554476
    outer loop
      vertex 0.163701326 2.65142179 1.24505591
      vertex 0.171479583 2.66066265 1.25395024
      vertex 0.146449864 2.68996096 1.24540007
    endloop
  endfacet
  facet normal -0.573575865 -0.263678082 0.77555438
    outer loop
      vertex 0.113641895 2.7100184 1.22795558
      vertex 0.163701326 2.65142179 1.24505591
      vertex 0.146449864 2.68996096 1.24540007
    endloop
  endfacet
  facet normal -0.57358149 -0.263684684 0.775547975
    outer loop
      vertex 0.125309274 2.72387958 1.24129713
      vertex 0.121420152 2.71925926 1.2368499
      vertex 0.146449864 2.68996096 1.24540007
    endloop
  endfacet
  facet normal -0.573581126 -0.263684413 0.775548336
    outer loop
      vertex 0.162853852 2.67993212 1.25412238
      vertex 0.150338992 2.69458127 1.24984729
      vertex 0.146449864 2.68996096 1.24540007
    endloop
  endfacet
  facet normal -0.573581992 -0.263684793 0.775547567
    outer loop
      vertex 0.171479583 2.66066265 1.25395024
      vertex 0.175368696 2.66528296 1.25839746
      vertex 0.162853852 2.67993212 1.25412238
    endloop
  endfacet
  facet normal -0.573581126 -0.263684413 0.775548336
    outer loop
      vertex 0.146449864 2.68996096 1.24540007
      vertex 0.171479583 2.66066265 1.25395024
      vertex 0.162853852 2.67993212 1.25412238
    endloop
  endfacet
  facet normal -0.573578068 -0.263680455 0.775551944
    outer loop
      vertex 0.506339073 2.23200488 1.35586417
      vertex 0.548620224 2.16416764 1.36407018
      vertex 0.564176738 2.1826489 1.38185883
    endloop
  endfacet
  facet normal -0.573577703 -0.263680185 0.775552305
    outer loop
      vertex 0.448501378 2.28136086 1.32986951
      vertex 0.548620224 2.16416764 1.36407018
      vertex 0.506339073 2.23200488 1.35586417
    endloop
  endfacet
  facet normal -0.573578302 -0.263680181 0.775551864
    outer loop
      vertex 0.348382503 2.39855409 1.29566872
      vertex 0.448501378 2.28136086 1.32986951
      vertex 0.456279635 2.29060149 1.33876383
    endloop
  endfacet
  facet normal -0.573578302 -0.263680181 0.775551864
    outer loop
      vertex 0.456279635 2.29060149 1.33876383
      vertex 0.363939017 2.41703534 1.31345737
      vertex 0.348382503 2.39855409 1.29566872
    endloop
  endfacet
  facet normal -0.573578521 -0.263681318 0.775551315
    outer loop
      vertex 0.564176738 2.1826489 1.38185883
      vertex 0.514117301 2.24124551 1.36475849
      vertex 0.506339073 2.23200488 1.35586417
    endloop
  endfacet
  facet normal -0.573578521 -0.263681318 0.775551315
    outer loop
      vertex 0.564176738 2.1826489 1.38185883
      vertex 0.521895528 2.25048614 1.37365282
      vertex 0.514117301 2.24124551 1.36475849
    endloop
  endfacet
  facet normal -0.57357837 -0.263680101 0.775551841
    outer loop
      vertex 0.47183612 2.30908275 1.35655248
      vertex 0.371717274 2.42627597 1.32235169
      vertex 0.464057863 2.29984212 1.34765816
    endloop
  endfacet
  facet normal -0.57357668 -0.263678093 0.775553773
    outer loop
      vertex 0.371717274 2.42627597 1.32235169
      vertex 0.47183612 2.30908275 1.35655248
      vertex 0.454819262 2.34734726 1.35697675
    endloop
  endfacet
  facet normal -0.573578068 -0.263680455 0.775551944
    outer loop
      vertex 0.313879609 2.47563195 1.29635704
      vertex 0.348382503 2.39855409 1.29566872
      vertex 0.363939017 2.41703534 1.31345737
    endloop
  endfacet
  facet normal -0.573575732 -0.263677681 0.775554614
    outer loop
      vertex 0.47183612 2.30908275 1.35655248
      vertex 0.521895528 2.25048614 1.37365282
      vertex 0.454819262 2.34734726 1.35697675
    endloop
  endfacet
  facet normal -0.573578961 -0.263680803 0.775551165
    outer loop
      vertex 0.456279635 2.29060149 1.33876383
      vertex 0.464057863 2.29984212 1.34765816
      vertex 0.363939017 2.41703534 1.31345737
    endloop
  endfacet
  facet normal -0.573579762 -0.26368224 0.775550084
    outer loop
      vertex 0.521895528 2.25048614 1.37365282
      vertex 0.564176738 2.1826489 1.38185883
      vertex 0.579733253 2.20113015 1.39964759
    endloop
  endfacet
  facet normal -0.573579169 -0.26368105 0.775550927
    outer loop
      vertex 0.213760749 2.59282517 1.26215637
      vertex 0.148144811 2.63294053 1.22726727
      vertex 0.248263657 2.51574731 1.26146805
    endloop
  endfacet
  facet normal -0.573578046 -0.263680611 0.775551907
    outer loop
      vertex 0.113641895 2.7100184 1.22795558
      vertex 0.048025962 2.75013375 1.1930666
      vertex 0.148144811 2.63294053 1.22726727
    endloop
  endfacet
  facet normal -0.57357845 -0.263680496 0.775551648
    outer loop
      vertex -0.0520928912 2.86732697 1.15886581
      vertex -0.0808521584 2.97437263 1.17399073
      vertex -0.152211741 2.98452044 1.12466514
    endloop
  endfacet
  facet normal -0.573578358 -0.263680167 0.775551827
    outer loop
      vertex -0.252330601 3.10171366 1.09046435
      vertex -0.152211741 2.98452044 1.12466514
      vertex -0.200423047 3.1143353 1.13314509
    endloop
  endfacet
  facet normal -0.573577303 -0.263678874 0.775553047
    outer loop
      vertex -0.0520928912 2.86732697 1.15886581
      vertex 0.048025962 2.75013375 1.1930666
      vertex 0.0635824725 2.76861525 1.21085525
    endloop
  endfacet
  facet normal -0.57357793 -0.263680616 0.775551991
    outer loop
      vertex 0.248263657 2.51574731 1.26146805
      vertex 0.313879609 2.47563195 1.29635704
      vertex 0.263820171 2.53422856 1.2792567
    endloop
  endfacet
  facet normal -0.573578742 -0.263679666 0.775551714
    outer loop
      vertex 0.148144811 2.63294053 1.22726727
      vertex 0.213760749 2.59282517 1.26215637
      vertex 0.163701326 2.65142179 1.24505591
    endloop
  endfacet
  facet normal -0.573577454 -0.263678697 0.775552995
    outer loop
      vertex 0.048025962 2.75013375 1.1930666
      vertex 0.113641895 2.7100184 1.22795558
      vertex 0.0635824725 2.76861525 1.21085525
    endloop
  endfacet
  facet normal -0.573577965 -0.263680576 0.775551979
    outer loop
      vertex 0.148144811 2.63294053 1.22726727
      vertex 0.163701326 2.65142179 1.24505591
      vertex 0.113641895 2.7100184 1.22795558
    endloop
  endfacet
  facet normal -0.573577999 -0.263680536 0.775551968
    outer loop
      vertex 0.248263657 2.51574731 1.26146805
      vertex 0.263820171 2.53422856 1.2792567
      vertex 0.213760749 2.59282517 1.26215637
    endloop
  endfacet
  facet normal -0.573577851 -0.26368036 0.775552136
    outer loop
      vertex 0.313879609 2.47563195 1.29635704
      vertex 0.248263657 2.51574731 1.26146805
      vertex 0.348382503 2.39855409 1.29566872
    endloop
  endfacet
  facet normal -0.57357813 -0.263680446 0.775551901
    outer loop
      vertex -0.0520928912 2.86732697 1.15886581
      vertex 0.0635824725 2.76861525 1.21085525
      vertex -0.0808521584 2.97437263 1.17399073
    endloop
  endfacet
  facet normal -0.573579358 -0.263681988 0.775550469
    outer loop
      vertex 0.321657866 2.48487258 1.30525136
      vertex 0.371717274 2.42627597 1.32235169
      vertex 0.329905272 2.49356413 1.31430602
    endloop
  endfacet
  facet normal -0.573575325 -0.263677521 0.77555497
    outer loop
      vertex 0.275487542 2.5480895 1.29259813
      vertex 0.271598428 2.54346919 1.28815103
      vertex 0.321657866 2.48487258 1.30525136
    endloop
  endfacet
  facet normal -0.573587074 -0.263689097 0.775542345
    outer loop
      vertex 0.250457853 2.57738781 1.28404796
      vertex 0.227372691 2.60899639 1.27772141
      vertex 0.225428134 2.60668635 1.27549779
    endloop
  endfacet
  facet normal -0.573585862 -0.263690515 0.775542759
    outer loop
      vertex 0.202398553 2.63670087 1.26867044
      vertex 0.212913275 2.62133551 1.27122271
      vertex 0.214857832 2.62364554 1.27344632
    endloop
  endfacet
  facet normal -0.573587292 -0.263691738 0.775541285
    outer loop
      vertex 0.200398415 2.63598466 1.26694763
      vertex 0.212913275 2.62133551 1.27122271
      vertex 0.202398553 2.63670087 1.26867044
    endloop
  endfacet
  facet normal -0.573580009 -0.263682438 0.775549834
    outer loop
      vertex 0.227372691 2.60899639 1.27772141
      vertex 0.250457853 2.57738781 1.28404796
      vertex 0.275487542 2.5480895 1.29259813
    endloop
  endfacet
  facet normal -0.573579659 -0.263681606 0.775550376
    outer loop
      vertex 0.275487542 2.5480895 1.29259813
      vertex 0.321657866 2.48487258 1.30525136
      vertex 0.329905272 2.49356413 1.31430602
    endloop
  endfacet
  facet normal -0.573580717 -0.263683187 0.775549056
    outer loop
      vertex 0.275487542 2.5480895 1.29259813
      vertex 0.329905272 2.49356413 1.31430602
      vertex 0.227372691 2.60899639 1.27772141
    endloop
  endfacet
  facet normal -0.57357428 -0.26367628 0.775556165
    outer loop
      vertex 0.214857832 2.62364554 1.27344632
      vertex 0.227372691 2.60899639 1.27772141
      vertex 0.204991311 2.639781 1.27163517
    endloop
  endfacet
  facet normal -0.573577979 -0.263679743 0.775552252
    outer loop
      vertex 0.329905272 2.49356413 1.31430602
      vertex 0.204991311 2.639781 1.27163517
      vertex 0.227372691 2.60899639 1.27772141
    endloop
  endfacet
  facet normal -0.573577186 -0.263678378 0.775553302
    outer loop
      vertex 0.202398553 2.63670087 1.26867044
      vertex 0.214857832 2.62364554 1.27344632
      vertex 0.204991311 2.639781 1.27163517
    endloop
  endfacet
  facet normal -0.573578744 -0.263680303 0.775551496
    outer loop
      vertex 0.454819262 2.34734726 1.35697675
      vertex 0.521895528 2.25048614 1.37365282
      vertex 0.579733253 2.20113015 1.39964759
    endloop
  endfacet
  facet normal -0.573593091 -0.263698627 0.775534655
    outer loop
      vertex 0.179047719 2.66403389 1.26069379
      vertex 0.175368696 2.66528296 1.25839746
      vertex 0.200398415 2.63598466 1.26694763
    endloop
  endfacet
  facet normal -0.573593028 -0.263697904 0.775534947
    outer loop
      vertex 0.179047719 2.66403389 1.26069379
      vertex 0.162853852 2.67993212 1.25412238
      vertex 0.175368696 2.66528296 1.25839746
    endloop
  endfacet
  facet normal -0.573581456 -0.263684724 0.775547987
    outer loop
      vertex 0.125309274 2.72387958 1.24129713
      vertex 0.0713607222 2.77785587 1.21974957
      vertex 0.121420152 2.71925926 1.2368499
    endloop
  endfacet
  facet normal -0.573568444 -0.263669346 0.775562838
    outer loop
      vertex 0.150338992 2.69458127 1.24984729
      vertex 0.162853852 2.67993212 1.25412238
      vertex 0.155696884 2.69136715 1.25271702
    endloop
  endfacet
  facet normal -0.573568444 -0.263669346 0.775562838
    outer loop
      vertex 0.150338992 2.69458127 1.24984729
      vertex 0.155696884 2.69136715 1.25271702
      vertex 0.125309274 2.72387958 1.24129713
    endloop
  endfacet
  facet normal -0.573586986 -0.26369251 0.77554125
    outer loop
      vertex 0.202398553 2.63670087 1.26867044
      vertex 0.179047719 2.66403389 1.26069379
      vertex 0.200398415 2.63598466 1.26694763
    endloop
  endfacet
  facet normal -0.573585844 -0.263692948 0.775541945
    outer loop
      vertex 0.125309274 2.72387958 1.24129713
      vertex 0.155696884 2.69136715 1.25271702
      vertex 0.158289626 2.69444728 1.25568187
    endloop
  endfacet
  facet normal -0.57357778 -0.263680135 0.775552265
    outer loop
      vertex 0.0387187339 2.83440995 1.21483624
      vertex -0.0808521584 2.97437263 1.17399073
      vertex 0.0635824725 2.76861525 1.21085525
    endloop
  endfacet
  facet normal -0.573579115 -0.263680988 0.775550988
    outer loop
      vertex 0.158289626 2.69444728 1.25568187
      vertex 0.0387187339 2.83440995 1.21483624
      vertex 0.125309274 2.72387958 1.24129713
    endloop
  endfacet
  facet normal -0.573578609 -0.263680458 0.775551543
    outer loop
      vertex 0.0387187339 2.83440995 1.21483624
      vertex 0.0713607222 2.77785587 1.21974957
      vertex 0.125309274 2.72387958 1.24129713
    endloop
  endfacet
  facet normal -0.573580202 -0.263678141 0.775551152
    outer loop
      vertex 0.179047719 2.66403389 1.26069379
      vertex 0.155696884 2.69136715 1.25271702
      vertex 0.162853852 2.67993212 1.25412238
    endloop
  endfacet
  facet normal -0.573578451 -0.263680354 0.775551694
    outer loop
      vertex 0.0387187339 2.83440995 1.21483624
      vertex 0.0635824725 2.76861525 1.21085525
      vertex 0.0713607222 2.77785587 1.21974957
    endloop
  endfacet
  facet normal -0.573578521 -0.263681318 0.775551315
    outer loop
      vertex 0.464057863 2.29984212 1.34765816
      vertex 0.506339073 2.23200488 1.35586417
      vertex 0.514117301 2.24124551 1.36475849
    endloop
  endfacet
  facet normal -0.573578658 -0.263681157 0.775551268
    outer loop
      vertex 0.47183612 2.30908275 1.35655248
      vertex 0.514117301 2.24124551 1.36475849
      vertex 0.521895528 2.25048614 1.37365282
    endloop
  endfacet
  facet normal -0.57357302 -0.263668574 0.775559716
    outer loop
      vertex 0.171479583 2.66066265 1.25395024
      vertex 0.196509287 2.63136411 1.26250052
      vertex 0.200398415 2.63598466 1.26694763
    endloop
  endfacet
  facet normal -0.573586064 -0.263690279 0.77554269
    outer loop
      vertex 0.214857832 2.62364554 1.27344632
      vertex 0.225428134 2.60668635 1.27549779
      vertex 0.227372691 2.60899639 1.27772141
    endloop
  endfacet
  facet normal -0.57357428 -0.263675956 0.775556275
    outer loop
      vertex 0.221539006 2.6020658 1.27105069
      vertex 0.24656871 2.5727675 1.27960086
      vertex 0.250457853 2.57738781 1.28404796
    endloop
  endfacet
  facet normal -0.573575325 -0.263677521 0.77555497
    outer loop
      vertex 0.24656871 2.5727675 1.27960086
      vertex 0.271598428 2.54346919 1.28815103
      vertex 0.275487542 2.5480895 1.29259813
    endloop
  endfacet
  facet normal -0.57357793 -0.263680616 0.775551991
    outer loop
      vertex 0.271598428 2.54346919 1.28815103
      vertex 0.313879609 2.47563195 1.29635704
      vertex 0.321657866 2.48487258 1.30525136
    endloop
  endfacet
  facet normal -0.573578068 -0.263680455 0.775551944
    outer loop
      vertex 0.321657866 2.48487258 1.30525136
      vertex 0.363939017 2.41703534 1.31345737
      vertex 0.371717274 2.42627597 1.32235169
    endloop
  endfacet
  facet normal -0.573576331 -0.263677363 0.77555428
    outer loop
      vertex 0.0635824725 2.76861525 1.21085525
      vertex 0.113641895 2.7100184 1.22795558
      vertex 0.121420152 2.71925926 1.2368499
    endloop
  endfacet
  facet normal -0.573581126 -0.263684413 0.775548336
    outer loop
      vertex 0.125309274 2.72387958 1.24129713
      vertex 0.146449864 2.68996096 1.24540007
      vertex 0.150338992 2.69458127 1.24984729
    endloop
  endfacet
  facet normal -0.57357793 -0.263680616 0.775551991
    outer loop
      vertex 0.448501378 2.28136086 1.32986951
      vertex 0.506339073 2.23200488 1.35586417
      vertex 0.456279635 2.29060149 1.33876383
    endloop
  endfacet
  facet normal -0.57357837 -0.263680101 0.775551841
    outer loop
      vertex 0.371717274 2.42627597 1.32235169
      vertex 0.363939017 2.41703534 1.31345737
      vertex 0.464057863 2.29984212 1.34765816
    endloop
  endfacet
  facet normal -0.573578858 -0.263681618 0.775550964
    outer loop
      vertex 0.371717274 2.42627597 1.32235169
      vertex 0.454819262 2.34734726 1.35697675
      vertex 0.329905272 2.49356413 1.31430602
    endloop
  endfacet
  facet normal -0.573578468 -0.263680202 0.775551734
    outer loop
      vertex -0.152211741 2.98452044 1.12466514
      vertex -0.0808521584 2.97437263 1.17399073
      vertex -0.200423047 3.1143353 1.13314509
    endloop
  endfacet
  facet normal 0.573575022 0.263676591 -0.77555551
    outer loop
      vertex 0.00545706926 2.90228677 1.1101619
      vertex 0.00156794186 2.89766645 1.1057148
      vertex -0.0491223112 2.95700145 1.08839893
    endloop
  endfacet
  facet normal 0.573581418 0.263684203 -0.775548192
    outer loop
      vertex -0.0413440578 2.96624207 1.09729326
      vertex 0.00934619643 2.90690708 1.11460912
      vertex 0.00545706926 2.90228677 1.1101619
    endloop
  endfacet
  facet normal 0.573577876 0.263680854 -0.77555195
    outer loop
      vertex -0.0491223112 2.95700145 1.08839893
      vertex -0.0413440578 2.96624207 1.09729326
      vertex 0.00545706926 2.90228677 1.1101619
    endloop
  endfacet
  facet normal 0.573581943 0.263683631 -0.775547998
    outer loop
      vertex 0.00934619643 2.90690708 1.11460912
      vertex 0.0346913226 2.87723947 1.12326705
      vertex 0.0308021959 2.87261915 1.11881983
    endloop
  endfacet
  facet normal 0.573575519 0.263676009 -0.77555534
    outer loop
      vertex 0.00545706926 2.90228677 1.1101619
      vertex 0.0308021959 2.87261915 1.11881983
      vertex 0.00156794186 2.89766645 1.1057148
    endloop
  endfacet
  facet normal 0.573581933 0.263683643 -0.775548002
    outer loop
      vertex 0.00156794186 2.89766645 1.1057148
      vertex 0.0269130692 2.86799884 1.11437273
      vertex 0.0230239425 2.86337852 1.10992551
    endloop
  endfacet
  facet normal 0.573574628 0.263677292 -0.775555564
    outer loop
      vertex 0.0210135784 2.92076802 1.12795055
      vertex 0.0463587046 2.89110065 1.13660848
      vertex 0.0424695797 2.88648033 1.13216138
    endloop
  endfacet
  facet normal 0.573578195 0.263680393 -0.775551871
    outer loop
      vertex -0.0335658044 2.9754827 1.10618758
      vertex 0.0171244517 2.91614771 1.12350345
      vertex 0.00934619643 2.90690708 1.11460912
    endloop
  endfacet
  facet normal 0.57357494 0.263677461 -0.775555275
    outer loop
      vertex 0.047356423 2.84406924 1.12135613
      vertex 0.0444799401 2.82909083 1.11413634
      vertex 0.0230239425 2.86337852 1.10992551
    endloop
  endfacet
  facet normal 0.573574729 0.263675095 -0.775556235
    outer loop
      vertex -0.0231070649 2.90820408 1.09104848
      vertex -0.00232118531 2.89304614 1.10126758
      vertex 0.0230239425 2.86337852 1.10992551
    endloop
  endfacet
  facet normal 0.573579299 0.263686726 -0.775548901
    outer loop
      vertex 0.0269130692 2.86799884 1.11437273
      vertex 0.047356423 2.84406924 1.12135613
      vertex 0.0230239425 2.86337852 1.10992551
    endloop
  endfacet
  facet normal 0.573572907 0.263679132 -0.775556211
    outer loop
      vertex 0.047356423 2.84406924 1.12135613
      vertex 0.0269130692 2.86799884 1.11437273
      vertex 0.0308021959 2.87261915 1.11881983
    endloop
  endfacet
  facet normal 0.573577432 0.263679324 -0.775552798
    outer loop
      vertex -0.0231070649 2.90820408 1.09104848
      vertex 0.0230239425 2.86337852 1.10992551
      vertex 0.0444799401 2.82909083 1.11413634
    endloop
  endfacet
  facet normal 0.573580224 0.263684003 -0.775549143
    outer loop
      vertex 0.0502329022 2.85904741 1.12857604
      vertex 0.047356423 2.84406924 1.12135613
      vertex 0.0308021959 2.87261915 1.11881983
    endloop
  endfacet
  facet normal 0.573577607 0.263681508 -0.775551927
    outer loop
      vertex 0.0346913226 2.87723947 1.12326705
      vertex 0.0531093851 2.87402582 1.13579595
      vertex 0.0502329022 2.85904741 1.12857604
    endloop
  endfacet
  facet normal 0.573579456 0.263675455 -0.775552617
    outer loop
      vertex 0.0463587046 2.89110065 1.13660848
      vertex 0.0559858643 2.88900423 1.14301574
      vertex 0.0531093851 2.87402582 1.13579595
    endloop
  endfacet
  facet normal 0.57357783 0.263675608 -0.775553768
    outer loop
      vertex 0.0531093851 2.87402582 1.13579595
      vertex 0.0346913226 2.87723947 1.12326705
      vertex 0.0424695797 2.88648033 1.13216138
    endloop
  endfacet
  facet normal 0.5735765 0.263677164 -0.775554222
    outer loop
      vertex 0.0424695797 2.88648033 1.13216138
      vertex 0.0346913226 2.87723947 1.12326705
      vertex 0.00934619643 2.90690708 1.11460912
    endloop
  endfacet
  facet normal 0.573576954 0.263674568 -0.775554769
    outer loop
      vertex 0.0531093851 2.87402582 1.13579595
      vertex 0.0424695797 2.88648033 1.13216138
      vertex 0.0463587046 2.89110065 1.13660848
    endloop
  endfacet
  facet normal 0.573580659 0.263685134 -0.775548437
    outer loop
      vertex 0.0346913226 2.87723947 1.12326705
      vertex 0.0502329022 2.85904741 1.12857604
      vertex 0.0308021959 2.87261915 1.11881983
    endloop
  endfacet
  facet normal 0.573579413 0.263682978 -0.775550091
    outer loop
      vertex 0.0210135784 2.92076802 1.12795055
      vertex 0.0559858643 2.88900423 1.14301574
      vertex 0.0463587046 2.89110065 1.13660848
    endloop
  endfacet
  facet normal 0.573576603 0.26367964 -0.775553305
    outer loop
      vertex -0.0231070649 2.90820408 1.09104848
      vertex -0.0491223112 2.95700145 1.08839893
      vertex -0.00232118531 2.89304614 1.10126758
    endloop
  endfacet
  facet normal 0.573581423 0.263684196 -0.775548191
    outer loop
      vertex -0.0491223112 2.95700145 1.08839893
      vertex 0.00156794186 2.89766645 1.1057148
      vertex -0.00232118531 2.89304614 1.10126758
    endloop
  endfacet
  facet normal 0.573581966 0.263685993 -0.775547178
    outer loop
      vertex -0.158281073 3.06643081 1.04487288
      vertex -0.0491223112 2.95700145 1.08839893
      vertex -0.0906940699 2.98731756 1.06796062
    endloop
  endfacet
  facet normal 0.573580218 0.263681751 -0.775549913
    outer loop
      vertex -0.0231070649 2.90820408 1.09104848
      vertex -0.0906940699 2.98731756 1.06796062
      vertex -0.0491223112 2.95700145 1.08839893
    endloop
  endfacet
  facet normal 0.57357824 0.263680427 -0.775551826
    outer loop
      vertex -0.158281073 3.06643081 1.04487288
      vertex -0.0413440578 2.96624207 1.09729326
      vertex -0.0491223112 2.95700145 1.08839893
    endloop
  endfacet
  facet normal 0.573577801 0.263680771 -0.775552034
    outer loop
      vertex 0.00186606531 2.95235372 1.12452841
      vertex 0.0210135784 2.92076802 1.12795055
      vertex -0.0335658044 2.9754827 1.10618758
    endloop
  endfacet
  facet normal 0.573575035 0.26367664 -0.775555484
    outer loop
      vertex 0.0171244517 2.91614771 1.12350345
      vertex -0.0335658044 2.9754827 1.10618758
      vertex 0.0210135784 2.92076802 1.12795055
    endloop
  endfacet
  facet normal 0.573578375 0.26368118 -0.77555147
    outer loop
      vertex 0.0559858643 2.88900423 1.14301574
      vertex 0.0210135784 2.92076802 1.12795055
      vertex 0.00186606531 2.95235372 1.12452841
    endloop
  endfacet
  facet normal 0.573578497 0.263680126 -0.775551738
    outer loop
      vertex -0.106373534 3.07905269 1.08755362
      vertex -0.0335658044 2.9754827 1.10618758
      vertex -0.0413440578 2.96624207 1.09729326
    endloop
  endfacet
  facet normal 0.573574454 0.263676526 -0.775555952
    outer loop
      vertex -0.0335658044 2.9754827 1.10618758
      vertex -0.106373534 3.07905269 1.08755362
      vertex -0.0522537343 3.0157032 1.10604095
    endloop
  endfacet
  facet normal 0.573577857 0.263679704 -0.775552355
    outer loop
      vertex -0.106373534 3.07905269 1.08755362
      vertex -0.0413440578 2.96624207 1.09729326
      vertex -0.158281073 3.06643081 1.04487288
    endloop
  endfacet
  facet normal 0.573576699 0.263677576 -0.775553935
    outer loop
      vertex 0.00186606531 2.95235372 1.12452841
      vertex -0.0335658044 2.9754827 1.10618758
      vertex -0.0522537343 3.0157032 1.10604095
    endloop
  endfacet
  facet normal 0.573581921 0.263683614 -0.775548021
    outer loop
      vertex 0.00934619643 2.90690708 1.11460912
      vertex 0.0308021959 2.87261915 1.11881983
      vertex 0.00545706926 2.90228677 1.1101619
    endloop
  endfacet
  facet normal 0.573575541 0.263676049 -0.775555311
    outer loop
      vertex 0.0308021959 2.87261915 1.11881983
      vertex 0.0269130692 2.86799884 1.11437273
      vertex 0.00156794186 2.89766645 1.1057148
    endloop
  endfacet
  facet normal 0.57358191 0.263683626 -0.775548024
    outer loop
      vertex 0.00156794186 2.89766645 1.1057148
      vertex 0.0230239425 2.86337852 1.10992551
      vertex -0.00232118531 2.89304614 1.10126758
    endloop
  endfacet
  facet normal 0.573574537 0.263677224 -0.775555654
    outer loop
      vertex 0.0210135784 2.92076802 1.12795055
      vertex 0.0424695797 2.88648033 1.13216138
      vertex 0.0171244517 2.91614771 1.12350345
    endloop
  endfacet
  facet normal 0.57357824 0.263680427 -0.775551826
    outer loop
      vertex -0.0335658044 2.9754827 1.10618758
      vertex 0.00934619643 2.90690708 1.11460912
      vertex -0.0413440578 2.96624207 1.09729326
    endloop
  endfacet
  facet normal 0.573577696 0.263680977 -0.775552041
    outer loop
      vertex 0.0424695797 2.88648033 1.13216138
      vertex 0.00934619643 2.90690708 1.11460912
      vertex 0.0171244517 2.91614771 1.12350345
    endloop
  endfacet
  facet normal 0.130685143 0.89619902 -0.423967817
    outer loop
      vertex -0.15339829 3.09669399 1.11034942
      vertex -0.106373534 3.07905269 1.08755362
      vertex -0.158281073 3.06643081 1.04487288
    endloop
  endfacet
  facet normal 0.130689396 0.896198388 -0.423967842
    outer loop
      vertex -0.20530583 3.08407211 1.06766856
      vertex -0.252330601 3.10171366 1.09046435
      vertex -0.200423047 3.1143353 1.13314509
    endloop
  endfacet
  facet normal 0.130686158 0.896198869 -0.423967823
    outer loop
      vertex -0.15339829 3.09669399 1.11034942
      vertex -0.158281073 3.06643081 1.04487288
      vertex -0.20530583 3.08407211 1.06766856
    endloop
  endfacet
  facet normal 0.130686158 0.896198869 -0.423967823
    outer loop
      vertex -0.20530583 3.08407211 1.06766856
      vertex -0.200423047 3.1143353 1.13314509
      vertex -0.15339829 3.09669399 1.11034942
    endloop
  endfacet
  facet normal 0.616404216 0.211277138 -0.758556401
    outer loop
      vertex 0.0559689403 2.85651731 1.17678261
      vertex 0.0316816606 2.86201739 1.15857863
      vertex 0.0359600149 2.8821404 1.16766
    endloop
  endfacet
  facet normal 0.616407857 0.211275264 -0.758553964
    outer loop
      vertex 0.0759778619 2.83089399 1.18590534
      vertex 0.0716995075 2.81077099 1.17682397
      vertex 0.0559689403 2.85651731 1.17678261
    endloop
  endfacet
  facet normal 0.616404182 0.211273997 -0.758557304
    outer loop
      vertex 0.0316816606 2.86201739 1.15857863
      vertex 0.0559689403 2.85651731 1.17678261
      vertex 0.0716995075 2.81077099 1.17682397
    endloop
  endfacet
  facet normal 0.616403692 0.211273416 -0.758557863
    outer loop
      vertex 0.0316816606 2.86201739 1.15857863
      vertex 0.0716995075 2.81077099 1.17682397
      vertex 0.0274033062 2.84189439 1.14949739
    endloop
  endfacet
  facet normal 0.616400566 0.211272801 -0.758560575
    outer loop
      vertex 0.0431338772 2.79614806 1.14953876
      vertex 0.0231249519 2.82177114 1.14041615
      vertex 0.0274033062 2.84189439 1.14949739
    endloop
  endfacet
  facet normal 0.616404233 0.21127334 -0.758557445
    outer loop
      vertex 0.0631428063 2.77052498 1.15866148
      vertex 0.0431338772 2.79614806 1.14953876
      vertex 0.0674211532 2.79064798 1.16774273
    endloop
  endfacet
  facet normal 0.616404241 0.211274068 -0.758557236
    outer loop
      vertex 0.0274033062 2.84189439 1.14949739
      vertex 0.0674211532 2.79064798 1.16774273
      vertex 0.0431338772 2.79614806 1.14953876
    endloop
  endfacet
  facet normal 0.616403692 0.211273416 -0.758557863
    outer loop
      vertex 0.0716995075 2.81077099 1.17682397
      vertex 0.0674211532 2.79064798 1.16774273
      vertex 0.0274033062 2.84189439 1.14949739
    endloop
  endfacet
  facet normal 0.764099341 -0.393235059 0.511388683
    outer loop
      vertex 0.0459729396 2.88557243 1.15533781
      vertex 0.0531093851 2.87402582 1.13579595
      vertex 0.0559858643 2.88900423 1.14301574
    endloop
  endfacet
  facet normal 0.764104169 -0.393237954 0.511379244
    outer loop
      vertex 0.0359600149 2.8821404 1.16766
      vertex 0.0316816606 2.86201739 1.15857863
      vertex 0.0459729396 2.88557243 1.15533781
    endloop
  endfacet
  facet normal 0.764099996 -0.393234163 0.511388393
    outer loop
      vertex 0.0531093851 2.87402582 1.13579595
      vertex 0.0459729396 2.88557243 1.15533781
      vertex 0.0316816606 2.86201739 1.15857863
    endloop
  endfacet
  facet normal 0.764099608 -0.393238064 0.511385973
    outer loop
      vertex 0.0316816606 2.86201739 1.15857863
      vertex 0.0502329022 2.85904741 1.12857604
      vertex 0.0531093851 2.87402582 1.13579595
    endloop
  endfacet
  facet normal 0.764100091 -0.393242306 0.51138199
    outer loop
      vertex 0.047356423 2.84406924 1.12135613
      vertex 0.0502329022 2.85904741 1.12857604
      vertex 0.0274033062 2.84189439 1.14949739
    endloop
  endfacet
  facet normal 0.764100514 -0.393234745 0.511387172
    outer loop
      vertex 0.0444799401 2.82909083 1.11413634
      vertex 0.047356423 2.84406924 1.12135613
      vertex 0.033802446 2.82543111 1.12727618
    endloop
  endfacet
  facet normal 0.764106305 -0.393231514 0.511381004
    outer loop
      vertex 0.0231249519 2.82177114 1.14041615
      vertex 0.033802446 2.82543111 1.12727618
      vertex 0.0274033062 2.84189439 1.14949739
    endloop
  endfacet
  facet normal 0.764101815 -0.393236814 0.511383637
    outer loop
      vertex 0.047356423 2.84406924 1.12135613
      vertex 0.0274033062 2.84189439 1.14949739
      vertex 0.033802446 2.82543111 1.12727618
    endloop
  endfacet
  facet normal 0.764099989 -0.393237138 0.511386117
    outer loop
      vertex 0.0316816606 2.86201739 1.15857863
      vertex 0.0274033062 2.84189439 1.14949739
      vertex 0.0502329022 2.85904741 1.12857604
    endloop
  endfacet
  facet normal -0.764102134 0.393237091 -0.511382948
    outer loop
      vertex 0.0752753094 2.77468348 1.143731
      vertex 0.0902842954 2.79382038 1.13602042
      vertex 0.0874078125 2.77884197 1.12880051
    endloop
  endfacet
  facet normal -0.76410234 0.393236122 -0.511383385
    outer loop
      vertex 0.0674211532 2.79064798 1.16774273
      vertex 0.0752753094 2.77468348 1.143731
      vertex 0.0631428063 2.77052498 1.15866148
    endloop
  endfacet
  facet normal -0.764101918 0.393236657 -0.511383604
    outer loop
      vertex 0.0902842954 2.79382038 1.13602042
      vertex 0.0752753094 2.77468348 1.143731
      vertex 0.0674211532 2.79064798 1.16774273
    endloop
  endfacet
  facet normal -0.764101196 0.393239049 -0.511382844
    outer loop
      vertex 0.0674211532 2.79064798 1.16774273
      vertex 0.0931607783 2.80879855 1.14324021
      vertex 0.0902842954 2.79382038 1.13602042
    endloop
  endfacet
  facet normal -0.76410089 0.39323757 -0.511384438
    outer loop
      vertex 0.0960372612 2.82377696 1.15046012
      vertex 0.0931607783 2.80879855 1.14324021
      vertex 0.0716995075 2.81077099 1.17682397
    endloop
  endfacet
  facet normal -0.76409924 0.393237928 -0.511386628
    outer loop
      vertex 0.0989137366 2.83875537 1.15768003
      vertex 0.0960372612 2.82377696 1.15046012
      vertex 0.087445803 2.8348248 1.17179263
    endloop
  endfacet
  facet normal -0.764103784 0.393238086 -0.511379717
    outer loop
      vertex 0.0759778619 2.83089399 1.18590534
      vertex 0.087445803 2.8348248 1.17179263
      vertex 0.0716995075 2.81077099 1.17682397
    endloop
  endfacet
  facet normal -0.764101174 0.393235078 -0.51138593
    outer loop
      vertex 0.0960372612 2.82377696 1.15046012
      vertex 0.0716995075 2.81077099 1.17682397
      vertex 0.087445803 2.8348248 1.17179263
    endloop
  endfacet
  facet normal -0.764101222 0.393236715 -0.5113846
    outer loop
      vertex 0.0674211532 2.79064798 1.16774273
      vertex 0.0716995075 2.81077099 1.17682397
      vertex 0.0931607783 2.80879855 1.14324021
    endloop
  endfacet
  facet normal 0.5735765 0.263683758 -0.775551981
    outer loop
      vertex 0.258659959 2.6471796 1.21069026
      vertex 0.268171191 2.63604617 1.21393919
      vertex 0.256715417 2.64486933 1.20846665
    endloop
  endfacet
  facet normal 0.573581062 0.263683094 -0.775548832
    outer loop
      vertex 0.266226619 2.63373613 1.2117157
      vertex 0.285249084 2.61146951 1.2182138
      vertex 0.281359941 2.60684919 1.21376657
    endloop
  endfacet
  facet normal 0.573581638 0.263685208 -0.775547688
    outer loop
      vertex 0.256715417 2.64486933 1.20846665
      vertex 0.266226619 2.63373613 1.2117157
      vertex 0.262337506 2.62911582 1.20726848
    endloop
  endfacet
  facet normal 0.573580324 0.263685352 -0.77554861
    outer loop
      vertex 0.243315056 2.65138221 1.20077038
      vertex 0.247204185 2.65600252 1.2052176
      vertex 0.256715417 2.64486933 1.20846665
    endloop
  endfacet
  facet normal 0.573580209 0.263684789 -0.775548886
    outer loop
      vertex 0.262337506 2.62911582 1.20726848
      vertex 0.243315056 2.65138221 1.20077038
      vertex 0.256715417 2.64486933 1.20846665
    endloop
  endfacet
  facet normal 0.573578638 0.263679788 -0.775551749
    outer loop
      vertex 0.281359941 2.60684919 1.21376657
      vertex 0.31940484 2.56231594 1.22676277
      vertex 0.311626583 2.55307531 1.21786845
    endloop
  endfacet
  facet normal 0.573578818 0.263679576 -0.775551688
    outer loop
      vertex 0.262337506 2.62911582 1.20726848
      vertex 0.281359941 2.60684919 1.21376657
      vertex 0.273581684 2.59760857 1.20487225
    endloop
  endfacet
  facet normal 0.573577309 0.263681343 -0.775552203
    outer loop
      vertex 0.235536799 2.64214158 1.19187605
      vertex 0.243315056 2.65138221 1.20077038
      vertex 0.262337506 2.62911582 1.20726848
    endloop
  endfacet
  facet normal 0.573576829 0.263678993 -0.775553357
    outer loop
      vertex 0.273581684 2.59760857 1.20487225
      vertex 0.235536799 2.64214158 1.19187605
      vertex 0.262337506 2.62911582 1.20726848
    endloop
  endfacet
  facet normal 0.573577973 0.263680566 -0.775551976
    outer loop
      vertex 0.31940484 2.56231594 1.22676277
      vertex 0.35744974 2.51778293 1.23975897
      vertex 0.349671483 2.5085423 1.23086464
    endloop
  endfacet
  facet normal 0.573577973 0.263680566 -0.775551976
    outer loop
      vertex 0.311626583 2.55307531 1.21786845
      vertex 0.349671483 2.5085423 1.23086464
      vertex 0.341893226 2.49930167 1.22197032
    endloop
  endfacet
  facet normal 0.573577808 0.263681107 -0.775551914
    outer loop
      vertex 0.129180372 2.78498173 1.16178191
      vertex 0.167225271 2.74044847 1.17477798
      vertex 0.121402122 2.7757411 1.15288758
    endloop
  endfacet
  facet normal 0.573580686 0.263684929 -0.775548487
    outer loop
      vertex 0.199648067 2.71166897 1.18897235
      vertex 0.209159285 2.70053577 1.1922214
      vertex 0.205270156 2.69591546 1.18777418
    endloop
  endfacet
  facet normal 0.573583343 0.263681818 -0.775547579
    outer loop
      vertex 0.186247721 2.71818209 1.18127608
      vertex 0.19013685 2.7228024 1.1857233
      vertex 0.199648067 2.71166897 1.18897235
    endloop
  endfacet
  facet normal 0.573584188 0.263685955 -0.775545548
    outer loop
      vertex 0.205270156 2.69591546 1.18777418
      vertex 0.186247721 2.71818209 1.18127608
      vertex 0.199648067 2.71166897 1.18897235
    endloop
  endfacet
  facet normal 0.573580505 0.26368514 -0.775548549
    outer loop
      vertex 0.1711144 2.74506879 1.17922521
      vertex 0.19013685 2.7228024 1.1857233
      vertex 0.186247721 2.71818209 1.18127608
    endloop
  endfacet
  facet normal 0.573581834 0.263683585 -0.775548095
    outer loop
      vertex 0.228181735 2.67826915 1.1987195
      vertex 0.247204185 2.65600252 1.2052176
      vertex 0.243315056 2.65138221 1.20077038
    endloop
  endfacet
  facet normal 0.573581834 0.263683585 -0.775548095
    outer loop
      vertex 0.209159285 2.70053577 1.1922214
      vertex 0.228181735 2.67826915 1.1987195
      vertex 0.224292606 2.67364883 1.19427228
    endloop
  endfacet
  facet normal 0.573578638 0.263679788 -0.775551749
    outer loop
      vertex 0.224292606 2.67364883 1.19427228
      vertex 0.243315056 2.65138221 1.20077038
      vertex 0.235536799 2.64214158 1.19187605
    endloop
  endfacet
  facet normal 0.573578933 0.263680139 -0.775551411
    outer loop
      vertex 0.197491914 2.68667483 1.17887986
      vertex 0.205270156 2.69591546 1.18777418
      vertex 0.224292606 2.67364883 1.19427228
    endloop
  endfacet
  facet normal 0.573578876 0.263679858 -0.77555155
    outer loop
      vertex 0.235536799 2.64214158 1.19187605
      vertex 0.197491914 2.68667483 1.17887986
      vertex 0.224292606 2.67364883 1.19427228
    endloop
  endfacet
  facet normal 0.573579114 0.263679927 -0.77555135
    outer loop
      vertex 0.186247721 2.71818209 1.18127608
      vertex 0.205270156 2.69591546 1.18777418
      vertex 0.197491914 2.68667483 1.17887986
    endloop
  endfacet
  facet normal 0.573577309 0.263681343 -0.775552203
    outer loop
      vertex 0.159447014 2.73120785 1.16588366
      vertex 0.167225271 2.74044847 1.17477798
      vertex 0.186247721 2.71818209 1.18127608
    endloop
  endfacet
  facet normal 0.573576887 0.263679275 -0.775553219
    outer loop
      vertex 0.197491914 2.68667483 1.17887986
      vertex 0.159447014 2.73120785 1.16588366
      vertex 0.186247721 2.71818209 1.18127608
    endloop
  endfacet
  facet normal 0.573575532 0.263678297 -0.775554553
    outer loop
      vertex 0.121402122 2.7757411 1.15288758
      vertex 0.159447014 2.73120785 1.16588366
      vertex 0.113623865 2.76650023 1.14399326
    endloop
  endfacet
  facet normal 0.573576334 0.263677403 -0.775554264
    outer loop
      vertex 0.361423075 2.47644114 1.22864175
      vertex 0.347473145 2.4744246 1.21763921
      vertex 0.341893226 2.49930167 1.22197032
    endloop
  endfacet
  facet normal 0.573575227 0.263677303 -0.775555116
    outer loop
      vertex 0.303848326 2.54383469 1.20897412
      vertex 0.341893226 2.49930167 1.22197032
      vertex 0.347473145 2.4744246 1.21763921
    endloop
  endfacet
  facet normal 0.573575876 0.263679159 -0.775554005
    outer loop
      vertex 0.349671483 2.5085423 1.23086464
      vertex 0.375373006 2.47845769 1.23964429
      vertex 0.361423075 2.47644114 1.22864175
    endloop
  endfacet
  facet normal 0.573578488 0.263679963 -0.7755518
    outer loop
      vertex 0.341893226 2.49930167 1.22197032
      vertex 0.349671483 2.5085423 1.23086464
      vertex 0.361423075 2.47644114 1.22864175
    endloop
  endfacet
  facet normal 0.573577513 0.263681104 -0.775552133
    outer loop
      vertex 0.35744974 2.51778293 1.23975897
      vertex 0.375373006 2.47845769 1.23964429
      vertex 0.349671483 2.5085423 1.23086464
    endloop
  endfacet
  facet normal 0.573578638 0.263679788 -0.775551749
    outer loop
      vertex 0.273581684 2.59760857 1.20487225
      vertex 0.311626583 2.55307531 1.21786845
      vertex 0.303848326 2.54383469 1.20897412
    endloop
  endfacet
  facet normal 0.573576803 0.263678489 -0.775553548
    outer loop
      vertex 0.347473145 2.4744246 1.21763921
      vertex 0.260784715 2.57589698 1.18802631
      vertex 0.303848326 2.54383469 1.20897412
    endloop
  endfacet
  facet normal 0.57357688 0.26367867 -0.775553429
    outer loop
      vertex 0.260784715 2.57589698 1.18802631
      vertex 0.273581684 2.59760857 1.20487225
      vertex 0.303848326 2.54383469 1.20897412
    endloop
  endfacet
  facet normal 0.573576512 0.263678829 -0.775553647
    outer loop
      vertex 0.327684641 2.57096958 1.2358284
      vertex 0.35744974 2.51778293 1.23975897
      vertex 0.31940484 2.56231594 1.22676277
    endloop
  endfacet
  facet normal 0.573581885 0.263683085 -0.775548227
    outer loop
      vertex 0.389322937 2.480474 1.25064695
      vertex 0.375373006 2.47845769 1.23964429
      vertex 0.35744974 2.51778293 1.23975897
    endloop
  endfacet
  facet normal 0.573577847 0.263679671 -0.775552374
    outer loop
      vertex 0.35744974 2.51778293 1.23975897
      vertex 0.327684641 2.57096958 1.2358284
      vertex 0.403272867 2.48249054 1.26164949
    endloop
  endfacet
  facet normal 0.573581243 0.263682883 -0.77554877
    outer loop
      vertex 0.285249084 2.61146951 1.2182138
      vertex 0.31940484 2.56231594 1.22676277
      vertex 0.281359941 2.60684919 1.21376657
    endloop
  endfacet
  facet normal 0.573576516 0.263676706 -0.775554366
    outer loop
      vertex 0.389322937 2.480474 1.25064695
      vertex 0.35744974 2.51778293 1.23975897
      vertex 0.403272867 2.48249054 1.26164949
    endloop
  endfacet
  facet normal 0.573576553 0.263678777 -0.775553635
    outer loop
      vertex 0.327684641 2.57096958 1.2358284
      vertex 0.31940484 2.56231594 1.22676277
      vertex 0.285249084 2.61146951 1.2182138
    endloop
  endfacet
  facet normal 0.573573452 0.263673794 -0.775557623
    outer loop
      vertex 0.268171191 2.63604617 1.21393919
      vertex 0.327684641 2.57096958 1.2358284
      vertex 0.285249084 2.61146951 1.2182138
    endloop
  endfacet
  facet normal 0.573567888 0.263670578 -0.77556283
    outer loop
      vertex 0.256715417 2.64486933 1.20846665
      vertex 0.247204185 2.65600252 1.2052176
      vertex 0.249503627 2.65636849 1.20704257
    endloop
  endfacet
  facet normal 0.573579998 0.263679664 -0.775550786
    outer loop
      vertex 0.249503627 2.65636849 1.20704257
      vertex 0.258659959 2.6471796 1.21069026
      vertex 0.256715417 2.64486933 1.20846665
    endloop
  endfacet
  facet normal 0.573567769 0.263673386 -0.775561964
    outer loop
      vertex 0.252096385 2.65944886 1.21000743
      vertex 0.268171191 2.63604617 1.21393919
      vertex 0.258659959 2.6471796 1.21069026
    endloop
  endfacet
  facet normal 0.573580997 0.263681154 -0.77554954
    outer loop
      vertex 0.249503627 2.65636849 1.20704257
      vertex 0.252096385 2.65944886 1.21000743
      vertex 0.258659959 2.6471796 1.21069026
    endloop
  endfacet
  facet normal 0.573583339 0.26368678 -0.775545895
    outer loop
      vertex 0.327684641 2.57096958 1.2358284
      vertex 0.268171191 2.63604617 1.21393919
      vertex 0.252096385 2.65944886 1.21000743
    endloop
  endfacet
  facet normal 0.573572624 0.26367307 -0.775558481
    outer loop
      vertex 0.285249084 2.61146951 1.2182138
      vertex 0.266226619 2.63373613 1.2117157
      vertex 0.268171191 2.63604617 1.21393919
    endloop
  endfacet
  facet normal 0.573576698 0.263678838 -0.775553507
    outer loop
      vertex 0.235536799 2.64214158 1.19187605
      vertex 0.273581684 2.59760857 1.20487225
      vertex 0.260784715 2.57589698 1.18802631
    endloop
  endfacet
  facet normal 0.573577289 0.263679043 -0.775553
    outer loop
      vertex 0.197491914 2.68667483 1.17887986
      vertex 0.174096256 2.67736959 1.15841341
      vertex 0.151668757 2.72196722 1.15698934
    endloop
  endfacet
  facet normal 0.573577109 0.263678947 -0.775553166
    outer loop
      vertex 0.174096256 2.67736959 1.15841341
      vertex 0.0874078125 2.77884197 1.12880051
      vertex 0.151668757 2.72196722 1.15698934
    endloop
  endfacet
  facet normal 0.57357759 0.26367833 -0.77555302
    outer loop
      vertex 0.174096256 2.67736959 1.15841341
      vertex 0.197491914 2.68667483 1.17887986
      vertex 0.235536799 2.64214158 1.19187605
    endloop
  endfacet
  facet normal 0.573577973 0.263680566 -0.775551976
    outer loop
      vertex 0.151668757 2.72196722 1.15698934
      vertex 0.159447014 2.73120785 1.16588366
      vertex 0.197491914 2.68667483 1.17887986
    endloop
  endfacet
  facet normal 0.573577835 0.263679215 -0.775552538
    outer loop
      vertex 0.260784715 2.57589698 1.18802631
      vertex 0.174096256 2.67736959 1.15841341
      vertex 0.235536799 2.64214158 1.19187605
    endloop
  endfacet
  facet normal 0.573580342 0.263680219 -0.775550343
    outer loop
      vertex 0.0902842954 2.79382038 1.13602042
      vertex 0.113623865 2.76650023 1.14399326
      vertex 0.0874078125 2.77884197 1.12880051
    endloop
  endfacet
  facet normal 0.57357714 0.263676415 -0.775554004
    outer loop
      vertex 0.121402122 2.7757411 1.15288758
      vertex 0.113623865 2.76650023 1.14399326
      vertex 0.0902842954 2.79382038 1.13602042
    endloop
  endfacet
  facet normal 0.573578043 0.263679605 -0.775552251
    outer loop
      vertex 0.0902842954 2.79382038 1.13602042
      vertex 0.0931607783 2.80879855 1.14324021
      vertex 0.121402122 2.7757411 1.15288758
    endloop
  endfacet
  facet normal 0.573578564 0.263680223 -0.775551656
    outer loop
      vertex 0.0931607783 2.80879855 1.14324021
      vertex 0.129180372 2.78498173 1.16178191
      vertex 0.121402122 2.7757411 1.15288758
    endloop
  endfacet
  facet normal 0.573569609 0.263669312 -0.775561989
    outer loop
      vertex 0.249503627 2.65636849 1.20704257
      vertex 0.228181735 2.67826915 1.1987195
      vertex 0.226152793 2.68370175 1.19906592
    endloop
  endfacet
  facet normal 0.573569897 0.263669404 -0.775561744
    outer loop
      vertex 0.226152793 2.68370175 1.19906592
      vertex 0.228181735 2.67826915 1.1987195
      vertex 0.209159285 2.70053577 1.1922214
    endloop
  endfacet
  facet normal 0.573578335 0.263682232 -0.775551143
    outer loop
      vertex 0.209159285 2.70053577 1.1922214
      vertex 0.202801958 2.71103477 1.19108927
      vertex 0.226152793 2.68370175 1.19906592
    endloop
  endfacet
  facet normal 0.573574125 0.263668674 -0.775558865
    outer loop
      vertex 0.19013685 2.7228024 1.1857233
      vertex 0.2053947 2.71411514 1.19405401
      vertex 0.202801958 2.71103477 1.19108927
    endloop
  endfacet
  facet normal 0.573578536 0.263682375 -0.775550945
    outer loop
      vertex 0.202801958 2.71103477 1.19108927
      vertex 0.209159285 2.70053577 1.1922214
      vertex 0.199648067 2.71166897 1.18897235
    endloop
  endfacet
  facet normal 0.573568617 0.263667883 -0.775563208
    outer loop
      vertex 0.228181735 2.67826915 1.1987195
      vertex 0.249503627 2.65636849 1.20704257
      vertex 0.247204185 2.65600252 1.2052176
    endloop
  endfacet
  facet normal 0.573578816 0.263680938 -0.775551227
    outer loop
      vertex 0.0931607783 2.80879855 1.14324021
      vertex 0.0960372612 2.82377696 1.15046012
      vertex 0.129180372 2.78498173 1.16178191
    endloop
  endfacet
  facet normal 0.573578963 0.263681113 -0.775551058
    outer loop
      vertex 0.0960372612 2.82377696 1.15046012
      vertex 0.0989137366 2.83875537 1.15768003
      vertex 0.129180372 2.78498173 1.16178191
    endloop
  endfacet
  facet normal 0.573575287 0.263677582 -0.775554977
    outer loop
      vertex 0.2053947 2.71411514 1.19405401
      vertex 0.1711144 2.74506879 1.17922521
      vertex 0.0989137366 2.83875537 1.15768003
    endloop
  endfacet
  facet normal 0.573578391 0.263680749 -0.775551605
    outer loop
      vertex 0.129180372 2.78498173 1.16178191
      vertex 0.0989137366 2.83875537 1.15768003
      vertex 0.1711144 2.74506879 1.17922521
    endloop
  endfacet
  facet normal 0.573577723 0.263681835 -0.77555173
    outer loop
      vertex 0.1711144 2.74506879 1.17922521
      vertex 0.2053947 2.71411514 1.19405401
      vertex 0.19013685 2.7228024 1.1857233
    endloop
  endfacet
  facet normal 0.573578647 0.263676238 -0.775552949
    outer loop
      vertex 0.199648067 2.71166897 1.18897235
      vertex 0.19013685 2.7228024 1.1857233
      vertex 0.202801958 2.71103477 1.19108927
    endloop
  endfacet
  facet normal 0.573580857 0.263684729 -0.775548428
    outer loop
      vertex 0.167225271 2.74044847 1.17477798
      vertex 0.129180372 2.78498173 1.16178191
      vertex 0.1711144 2.74506879 1.17922521
    endloop
  endfacet
  facet normal 0.573572018 0.263673779 -0.775558688
    outer loop
      vertex 0.268171191 2.63604617 1.21393919
      vertex 0.266226619 2.63373613 1.2117157
      vertex 0.256715417 2.64486933 1.20846665
    endloop
  endfacet
  facet normal 0.573582605 0.263684075 -0.775547357
    outer loop
      vertex 0.266226619 2.63373613 1.2117157
      vertex 0.281359941 2.60684919 1.21376657
      vertex 0.262337506 2.62911582 1.20726848
    endloop
  endfacet
  facet normal 0.573578638 0.263679788 -0.775551749
    outer loop
      vertex 0.281359941 2.60684919 1.21376657
      vertex 0.311626583 2.55307531 1.21786845
      vertex 0.273581684 2.59760857 1.20487225
    endloop
  endfacet
  facet normal 0.573577973 0.263680566 -0.775551976
    outer loop
      vertex 0.31940484 2.56231594 1.22676277
      vertex 0.349671483 2.5085423 1.23086464
      vertex 0.311626583 2.55307531 1.21786845
    endloop
  endfacet
  facet normal 0.573577973 0.263680566 -0.775551976
    outer loop
      vertex 0.311626583 2.55307531 1.21786845
      vertex 0.341893226 2.49930167 1.22197032
      vertex 0.303848326 2.54383469 1.20897412
    endloop
  endfacet
  facet normal 0.573577706 0.263680879 -0.775552068
    outer loop
      vertex 0.167225271 2.74044847 1.17477798
      vertex 0.159447014 2.73120785 1.16588366
      vertex 0.121402122 2.7757411 1.15288758
    endloop
  endfacet
  facet normal 0.573580505 0.26368514 -0.775548549
    outer loop
      vertex 0.1711144 2.74506879 1.17922521
      vertex 0.186247721 2.71818209 1.18127608
      vertex 0.167225271 2.74044847 1.17477798
    endloop
  endfacet
  facet normal 0.573581834 0.263683585 -0.775548095
    outer loop
      vertex 0.228181735 2.67826915 1.1987195
      vertex 0.243315056 2.65138221 1.20077038
      vertex 0.224292606 2.67364883 1.19427228
    endloop
  endfacet
  facet normal 0.573581834 0.263683585 -0.775548095
    outer loop
      vertex 0.209159285 2.70053577 1.1922214
      vertex 0.224292606 2.67364883 1.19427228
      vertex 0.205270156 2.69591546 1.18777418
    endloop
  endfacet
  facet normal 0.573577041 0.263681656 -0.775552295
    outer loop
      vertex 0.159447014 2.73120785 1.16588366
      vertex 0.151668757 2.72196722 1.15698934
      vertex 0.113623865 2.76650023 1.14399326
    endloop
  endfacet
  facet normal 0.573581671 0.263687157 -0.775547
    outer loop
      vertex 0.0874078125 2.77884197 1.12880051
      vertex 0.113623865 2.76650023 1.14399326
      vertex 0.151668757 2.72196722 1.15698934
    endloop
  endfacet
  facet normal 0.518552694 0.616041881 0.592954892
    outer loop
      vertex 0.226152793 2.68370175 1.19906592
      vertex 0.237727359 2.65145159 1.22244954
      vertex 0.249503627 2.65636849 1.20704257
    endloop
  endfacet
  facet normal 0.518552694 0.616041881 0.592954892
    outer loop
      vertex 0.226152793 2.68370175 1.19906592
      vertex 0.22595109 2.64653468 1.23785651
      vertex 0.237727359 2.65145159 1.22244954
    endloop
  endfacet
  facet normal 0.518550219 0.616044867 0.592953954
    outer loop
      vertex 0.202801958 2.71103477 1.19108927
      vertex 0.191025689 2.70611787 1.20649624
      vertex 0.226152793 2.68370175 1.19906592
    endloop
  endfacet
  facet normal 0.518550219 0.616044867 0.592953954
    outer loop
      vertex 0.226152793 2.68370175 1.19906592
      vertex 0.191025689 2.70611787 1.20649624
      vertex 0.179249421 2.70120096 1.2219032
    endloop
  endfacet
  facet normal 0.518550404 0.61604289 0.592955847
    outer loop
      vertex 0.179047719 2.66403389 1.26069379
      vertex 0.22595109 2.64653468 1.23785651
      vertex 0.226152793 2.68370175 1.19906592
    endloop
  endfacet
  facet normal 0.518550219 0.616044867 0.592953954
    outer loop
      vertex 0.179047719 2.66403389 1.26069379
      vertex 0.202398553 2.63670087 1.26867044
      vertex 0.214174822 2.64161777 1.25326347
    endloop
  endfacet
  facet normal 0.518550404 0.61604289 0.592955847
    outer loop
      vertex 0.226152793 2.68370175 1.19906592
      vertex 0.179249421 2.70120096 1.2219032
      vertex 0.179047719 2.66403389 1.26069379
    endloop
  endfacet
  facet normal 0.518552694 0.616041881 0.592954892
    outer loop
      vertex 0.179047719 2.66403389 1.26069379
      vertex 0.179249421 2.70120096 1.2219032
      vertex 0.167473152 2.69628406 1.23731017
    endloop
  endfacet
  facet normal 0.518549476 0.616042386 0.592957182
    outer loop
      vertex 0.179047719 2.66403389 1.26069379
      vertex 0.167473152 2.69628406 1.23731017
      vertex 0.155696884 2.69136715 1.25271702
    endloop
  endfacet
  facet normal 0.518550219 0.616044867 0.592953954
    outer loop
      vertex 0.214174822 2.64161777 1.25326347
      vertex 0.22595109 2.64653468 1.23785651
      vertex 0.179047719 2.66403389 1.26069379
    endloop
  endfacet
  facet normal 0.620177528 -0.748372479 0.235198782
    outer loop
      vertex 0.202801958 2.71103477 1.19108927
      vertex 0.2053947 2.71411514 1.19405401
      vertex 0.193618432 2.70919824 1.20946097
    endloop
  endfacet
  facet normal 0.620159023 -0.748394463 0.235177622
    outer loop
      vertex 0.181842163 2.70428109 1.22486794
      vertex 0.179249421 2.70120096 1.2219032
      vertex 0.191025689 2.70611787 1.20649624
    endloop
  endfacet
  facet normal 0.620159023 -0.748394463 0.235177622
    outer loop
      vertex 0.179249421 2.70120096 1.2219032
      vertex 0.181842163 2.70428109 1.22486794
      vertex 0.167473152 2.69628406 1.23731017
    endloop
  endfacet
  facet normal 0.620156116 -0.748397917 0.235174297
    outer loop
      vertex 0.158289626 2.69444728 1.25568187
      vertex 0.155696884 2.69136715 1.25271702
      vertex 0.170065895 2.69936419 1.24027491
    endloop
  endfacet
  facet normal 0.620177528 -0.748372479 0.235198782
    outer loop
      vertex 0.202801958 2.71103477 1.19108927
      vertex 0.193618432 2.70919824 1.20946097
      vertex 0.191025689 2.70611787 1.20649624
    endloop
  endfacet
  facet normal 0.620182778 -0.748370287 0.235191913
    outer loop
      vertex 0.181842163 2.70428109 1.22486794
      vertex 0.191025689 2.70611787 1.20649624
      vertex 0.193618432 2.70919824 1.20946097
    endloop
  endfacet
  facet normal 0.620159023 -0.748394463 0.235177622
    outer loop
      vertex 0.181842163 2.70428109 1.22486794
      vertex 0.170065895 2.69936419 1.24027491
      vertex 0.167473152 2.69628406 1.23731017
    endloop
  endfacet
  facet normal 0.620158199 -0.748394807 0.235178701
    outer loop
      vertex 0.155696884 2.69136715 1.25271702
      vertex 0.167473152 2.69628406 1.23731017
      vertex 0.170065895 2.69936419 1.24027491
    endloop
  endfacet
  facet normal -0.620158065 0.748395601 -0.235176526
    outer loop
      vertex 0.202398553 2.63670087 1.26867044
      vertex 0.204991311 2.639781 1.27163517
      vertex 0.214174822 2.64161777 1.25326347
    endloop
  endfacet
  facet normal -0.62018182 0.748371425 -0.235190817
    outer loop
      vertex 0.228543848 2.64961505 1.24082124
      vertex 0.22595109 2.64653468 1.23785651
      vertex 0.216767579 2.6446979 1.25622821
    endloop
  endfacet
  facet normal -0.620173662 0.748377072 -0.235194361
    outer loop
      vertex 0.237727359 2.65145159 1.22244954
      vertex 0.240320116 2.65453196 1.2254144
      vertex 0.252096385 2.65944886 1.21000743
    endloop
  endfacet
  facet normal -0.620172837 0.748377416 -0.23519544
    outer loop
      vertex 0.240320116 2.65453196 1.2254144
      vertex 0.237727359 2.65145159 1.22244954
      vertex 0.228543848 2.64961505 1.24082124
    endloop
  endfacet
  facet normal -0.620158065 0.748395601 -0.235176526
    outer loop
      vertex 0.204991311 2.639781 1.27163517
      vertex 0.216767579 2.6446979 1.25622821
      vertex 0.214174822 2.64161777 1.25326347
    endloop
  endfacet
  facet normal -0.620158065 0.748395601 -0.235176526
    outer loop
      vertex 0.22595109 2.64653468 1.23785651
      vertex 0.214174822 2.64161777 1.25326347
      vertex 0.216767579 2.6446979 1.25622821
    endloop
  endfacet
  facet normal -0.620173662 0.748377072 -0.235194361
    outer loop
      vertex 0.237727359 2.65145159 1.22244954
      vertex 0.252096385 2.65944886 1.21000743
      vertex 0.249503627 2.65636849 1.20704257
    endloop
  endfacet
  facet normal -0.62017657 0.748373617 -0.235197686
    outer loop
      vertex 0.237727359 2.65145159 1.22244954
      vertex 0.22595109 2.64653468 1.23785651
      vertex 0.228543848 2.64961505 1.24082124
    endloop
  endfacet
  facet normal 0.518550069 0.616044427 0.592954543
    outer loop
      vertex -0.0310340486 2.9721632 1.1327194
      vertex -0.076025486 3.02482748 1.11735022
      vertex -0.0425056107 2.96688962 1.14823043
    endloop
  endfacet
  facet normal 0.518545852 0.616042496 0.592960237
    outer loop
      vertex 0.00822160859 2.91686201 1.15584409
      vertex 0.0139573896 2.91949892 1.14808857
      vertex -0.0310340486 2.9721632 1.1327194
    endloop
  endfacet
  facet normal 0.518547165 0.616040959 0.592960686
    outer loop
      vertex -0.0425056107 2.96688962 1.14823043
      vertex 0.00248582754 2.9142251 1.16359961
      vertex 0.00822160859 2.91686201 1.15584409
    endloop
  endfacet
  facet normal 0.518550721 0.616043664 0.592954766
    outer loop
      vertex -0.0310340486 2.9721632 1.1327194
      vertex -0.0425056107 2.96688962 1.14823043
      vertex 0.00822160859 2.91686201 1.15584409
    endloop
  endfacet
  facet normal 0.518549906 0.616044437 0.592954675
    outer loop
      vertex 0.148931712 2.76150584 1.19419599
      vertex 0.103940263 2.81417012 1.17882681
      vertex 0.137460142 2.75623226 1.20970702
    endloop
  endfacet
  facet normal 0.518555555 0.616044918 0.592949236
    outer loop
      vertex 0.0421888903 2.89580345 1.14801753
      vertex 0.0196931697 2.92213559 1.14033306
      vertex 0.0139573896 2.91949892 1.14808857
    endloop
  endfacet
  facet normal 0.518548473 0.616039428 0.592961132
    outer loop
      vertex 0.0364531092 2.89316654 1.15577316
      vertex 0.0139573896 2.91949892 1.14808857
      vertex 0.00822160859 2.91686201 1.15584409
    endloop
  endfacet
  facet normal 0.518545848 0.616042501 0.592960236
    outer loop
      vertex 0.0307173282 2.89052987 1.16352868
      vertex 0.00822160859 2.91686201 1.15584409
      vertex 0.00248582754 2.9142251 1.16359961
    endloop
  endfacet
  facet normal 0.518550074 0.616044444 0.592954521
    outer loop
      vertex 0.0249815471 2.88789296 1.1712842
      vertex 0.00248582754 2.9142251 1.16359961
      vertex -0.00898573361 2.90895152 1.17911065
    endloop
  endfacet
  facet normal 0.518551315 0.616042968 0.592954969
    outer loop
      vertex 0.0360057056 2.85628724 1.1944797
      vertex 0.0474772677 2.86156082 1.17896867
      vertex 0.0249815471 2.88789296 1.1712842
    endloop
  endfacet
  facet normal 0.518549692 0.616043238 0.592956108
    outer loop
      vertex -0.00898573361 2.90895152 1.17911065
      vertex 0.0360057056 2.85628724 1.1944797
      vertex 0.0249815471 2.88789296 1.1712842
    endloop
  endfacet
  facet normal 0.518550162 0.616044498 0.592954387
    outer loop
      vertex 0.137460142 2.75623226 1.20970702
      vertex 0.0924687013 2.80889654 1.19433784
      vertex 0.125988588 2.75095868 1.22521806
    endloop
  endfacet
  facet normal 0.518550124 0.616043746 0.592955203
    outer loop
      vertex -0.0874970481 3.0195539 1.13286126
      vertex -0.200423047 3.1143353 1.13314509
      vertex -0.0808521584 2.97437263 1.17399073
    endloop
  endfacet
  facet normal 0.51855088 0.616043478 0.59295482
    outer loop
      vertex -0.0874970481 3.0195539 1.13286126
      vertex -0.076025486 3.02482748 1.11735022
      vertex -0.15339829 3.09669399 1.11034942
    endloop
  endfacet
  facet normal 0.518549291 0.616042747 0.592956969
    outer loop
      vertex -0.200423047 3.1143353 1.13314509
      vertex -0.0874970481 3.0195539 1.13286126
      vertex -0.15339829 3.09669399 1.11034942
    endloop
  endfacet
  facet normal 0.518549233 0.616044043 0.592955673
    outer loop
      vertex -0.0874970481 3.0195539 1.13286126
      vertex -0.0808521584 2.97437263 1.17399073
      vertex -0.0425056107 2.96688962 1.14823043
    endloop
  endfacet
  facet normal 0.518551391 0.616042902 0.592954971
    outer loop
      vertex 0.00248582754 2.9142251 1.16359961
      vertex -0.0425056107 2.96688962 1.14823043
      vertex -0.00898573361 2.90895152 1.17911065
    endloop
  endfacet
  facet normal 0.518549634 0.616042775 0.592956639
    outer loop
      vertex -0.0808521584 2.97437263 1.17399073
      vertex -0.00898573361 2.90895152 1.17911065
      vertex -0.0425056107 2.96688962 1.14823043
    endloop
  endfacet
  facet normal 0.518544913 0.616040025 0.592963625
    outer loop
      vertex 0.0474772677 2.86156082 1.17896867
      vertex 0.0359600149 2.8821404 1.16766
      vertex 0.0249815471 2.88789296 1.1712842
    endloop
  endfacet
  facet normal 0.518550382 0.616043487 0.592955245
    outer loop
      vertex -0.00898573361 2.90895152 1.17911065
      vertex -0.0808521584 2.97437263 1.17399073
      vertex 0.0387187339 2.83440995 1.21483624
    endloop
  endfacet
  facet normal 0.518545343 0.616043091 0.592960063
    outer loop
      vertex 0.0359600149 2.8821404 1.16766
      vertex 0.0307173282 2.89052987 1.16352868
      vertex 0.0249815471 2.88789296 1.1712842
    endloop
  endfacet
  facet normal 0.518550025 0.616044407 0.592954602
    outer loop
      vertex -0.076025486 3.02482748 1.11735022
      vertex -0.0310340486 2.9721632 1.1327194
      vertex -0.0522537343 3.0157032 1.10604095
    endloop
  endfacet
  facet normal 0.518550137 0.616042969 0.592955998
    outer loop
      vertex -0.076025486 3.02482748 1.11735022
      vertex -0.0522537343 3.0157032 1.10604095
      vertex -0.106373534 3.07905269 1.08755362
    endloop
  endfacet
  facet normal 0.518551221 0.616044037 0.592953941
    outer loop
      vertex 0.00186606531 2.95235372 1.12452841
      vertex -0.0310340486 2.9721632 1.1327194
      vertex 0.0196931697 2.92213559 1.14033306
    endloop
  endfacet
  facet normal 0.518550325 0.616042979 0.592955823
    outer loop
      vertex -0.15339829 3.09669399 1.11034942
      vertex -0.076025486 3.02482748 1.11735022
      vertex -0.106373534 3.07905269 1.08755362
    endloop
  endfacet
  facet normal 0.518546886 0.616047895 0.592953724
    outer loop
      vertex 0.0364531092 2.89316654 1.15577316
      vertex 0.0459729396 2.88557243 1.15533781
      vertex 0.0421888903 2.89580345 1.14801753
    endloop
  endfacet
  facet normal 0.518552749 0.616044168 0.592952468
    outer loop
      vertex 0.0559858643 2.88900423 1.14301574
      vertex 0.00186606531 2.95235372 1.12452841
      vertex 0.0196931697 2.92213559 1.14033306
    endloop
  endfacet
  facet normal 0.518555916 0.61604445 0.592949406
    outer loop
      vertex 0.0364531092 2.89316654 1.15577316
      vertex 0.0307173282 2.89052987 1.16352868
      vertex 0.0359600149 2.8821404 1.16766
    endloop
  endfacet
  facet normal 0.518554304 0.616046381 0.592948809
    outer loop
      vertex -0.0310340486 2.9721632 1.1327194
      vertex 0.0139573896 2.91949892 1.14808857
      vertex 0.0196931697 2.92213559 1.14033306
    endloop
  endfacet
  facet normal 0.518547297 0.616048464 0.592952772
    outer loop
      vertex 0.0459729396 2.88557243 1.15533781
      vertex 0.0364531092 2.89316654 1.15577316
      vertex 0.0359600149 2.8821404 1.16766
    endloop
  endfacet
  facet normal 0.518548876 0.616043907 0.592956126
    outer loop
      vertex 0.0809971467 2.80362296 1.20984888
      vertex 0.0360057056 2.85628724 1.1944797
      vertex 0.0387187339 2.83440995 1.21483624
    endloop
  endfacet
  facet normal 0.518550164 0.616043455 0.592955469
    outer loop
      vertex -0.00898573361 2.90895152 1.17911065
      vertex 0.0387187339 2.83440995 1.21483624
      vertex 0.0360057056 2.85628724 1.1944797
    endloop
  endfacet
  facet normal 0.518550429 0.616044621 0.592954027
    outer loop
      vertex 0.0360057056 2.85628724 1.1944797
      vertex 0.0809971467 2.80362296 1.20984888
      vertex 0.0759778619 2.83089399 1.18590534
    endloop
  endfacet
  facet normal 0.518550277 0.616044183 0.592954614
    outer loop
      vertex 0.0474772677 2.86156082 1.17896867
      vertex 0.0360057056 2.85628724 1.1944797
      vertex 0.0759778619 2.83089399 1.18590534
    endloop
  endfacet
  facet normal 0.518549926 0.616044774 0.592954307
    outer loop
      vertex 0.0924687013 2.80889654 1.19433784
      vertex 0.0759778619 2.83089399 1.18590534
      vertex 0.0809971467 2.80362296 1.20984888
    endloop
  endfacet
  facet normal 0.518548876 0.616043907 0.592956126
    outer loop
      vertex 0.0809971467 2.80362296 1.20984888
      vertex 0.0387187339 2.83440995 1.21483624
      vertex 0.125988588 2.75095868 1.22521806
    endloop
  endfacet
  facet normal 0.518539297 0.616039742 0.59296883
    outer loop
      vertex 0.0474772677 2.86156082 1.17896867
      vertex 0.0559689403 2.85651731 1.17678261
      vertex 0.0359600149 2.8821404 1.16766
    endloop
  endfacet
  facet normal 0.518552087 0.616042614 0.592954662
    outer loop
      vertex 0.125988588 2.75095868 1.22521806
      vertex 0.158289626 2.69444728 1.25568187
      vertex 0.170065895 2.69936419 1.24027491
    endloop
  endfacet
  facet normal 0.518551861 0.61604251 0.592954968
    outer loop
      vertex 0.125988588 2.75095868 1.22521806
      vertex 0.170065895 2.69936419 1.24027491
      vertex 0.137460142 2.75623226 1.20970702
    endloop
  endfacet
  facet normal 0.518552157 0.61604253 0.592954688
    outer loop
      vertex 0.181842163 2.70428109 1.22486794
      vertex 0.137460142 2.75623226 1.20970702
      vertex 0.170065895 2.69936419 1.24027491
    endloop
  endfacet
  facet normal 0.51855171 0.616042325 0.592955292
    outer loop
      vertex 0.148931712 2.76150584 1.19419599
      vertex 0.137460142 2.75623226 1.20970702
      vertex 0.181842163 2.70428109 1.22486794
    endloop
  endfacet
  facet normal 0.518546918 0.616042282 0.592959527
    outer loop
      vertex 0.0387187339 2.83440995 1.21483624
      vertex 0.158289626 2.69444728 1.25568187
      vertex 0.125988588 2.75095868 1.22521806
    endloop
  endfacet
  facet normal 0.518538645 0.616037293 0.592971945
    outer loop
      vertex 0.0474772677 2.86156082 1.17896867
      vertex 0.0759778619 2.83089399 1.18590534
      vertex 0.0559689403 2.85651731 1.17678261
    endloop
  endfacet
  facet normal 0.518551992 0.616047145 0.592950037
    outer loop
      vertex 0.0421888903 2.89580345 1.14801753
      vertex 0.0459729396 2.88557243 1.15533781
      vertex 0.0559858643 2.88900423 1.14301574
    endloop
  endfacet
  facet normal 0.518549183 0.616042475 0.592957346
    outer loop
      vertex 0.087445803 2.8348248 1.17179263
      vertex 0.0759778619 2.83089399 1.18590534
      vertex 0.103940263 2.81417012 1.17882681
    endloop
  endfacet
  facet normal 0.518549303 0.61604416 0.59295549
    outer loop
      vertex 0.0989137366 2.83875537 1.15768003
      vertex 0.103940263 2.81417012 1.17882681
      vertex 0.148931712 2.76150584 1.19419599
    endloop
  endfacet
  facet normal 0.518549803 0.616044738 0.592954452
    outer loop
      vertex 0.0924687013 2.80889654 1.19433784
      vertex 0.103940263 2.81417012 1.17882681
      vertex 0.0759778619 2.83089399 1.18590534
    endloop
  endfacet
  facet normal 0.518551483 0.616044502 0.592953229
    outer loop
      vertex 0.0989137366 2.83875537 1.15768003
      vertex 0.148931712 2.76150584 1.19419599
      vertex 0.2053947 2.71411514 1.19405401
    endloop
  endfacet
  facet normal 0.518551001 0.616043925 0.59295425
    outer loop
      vertex 0.193618432 2.70919824 1.20946097
      vertex 0.2053947 2.71411514 1.19405401
      vertex 0.148931712 2.76150584 1.19419599
    endloop
  endfacet
  facet normal 0.518551791 0.61604344 0.592954062
    outer loop
      vertex 0.087445803 2.8348248 1.17179263
      vertex 0.103940263 2.81417012 1.17882681
      vertex 0.0989137366 2.83875537 1.15768003
    endloop
  endfacet
  facet normal 0.518546788 0.616041988 0.592959946
    outer loop
      vertex 0.148931712 2.76150584 1.19419599
      vertex 0.181842163 2.70428109 1.22486794
      vertex 0.193618432 2.70919824 1.20946097
    endloop
  endfacet
  facet normal 0.518550069 0.616044427 0.592954543
    outer loop
      vertex -0.076025486 3.02482748 1.11735022
      vertex -0.0874970481 3.0195539 1.13286126
      vertex -0.0425056107 2.96688962 1.14823043
    endloop
  endfacet
  facet normal 0.518550051 0.616044447 0.592954537
    outer loop
      vertex 0.103940263 2.81417012 1.17882681
      vertex 0.0924687013 2.80889654 1.19433784
      vertex 0.137460142 2.75623226 1.20970702
    endloop
  endfacet
  facet normal 0.518552527 0.616041292 0.59295565
    outer loop
      vertex 0.0421888903 2.89580345 1.14801753
      vertex 0.0139573896 2.91949892 1.14808857
      vertex 0.0364531092 2.89316654 1.15577316
    endloop
  endfacet
  facet normal 0.518554272 0.616046374 0.592948845
    outer loop
      vertex 0.0364531092 2.89316654 1.15577316
      vertex 0.00822160859 2.91686201 1.15584409
      vertex 0.0307173282 2.89052987 1.16352868
    endloop
  endfacet
  facet normal 0.518545848 0.616042501 0.592960236
    outer loop
      vertex 0.0307173282 2.89052987 1.16352868
      vertex 0.00248582754 2.9142251 1.16359961
      vertex 0.0249815471 2.88789296 1.1712842
    endloop
  endfacet
  facet normal 0.518550162 0.616044498 0.592954387
    outer loop
      vertex 0.0924687013 2.80889654 1.19433784
      vertex 0.0809971467 2.80362296 1.20984888
      vertex 0.125988588 2.75095868 1.22521806
    endloop
  endfacet
  facet normal 0.518551315 0.616044369 0.592953513
    outer loop
      vertex -0.0310340486 2.9721632 1.1327194
      vertex 0.00186606531 2.95235372 1.12452841
      vertex -0.0522537343 3.0157032 1.10604095
    endloop
  endfacet
  facet normal 0.518551637 0.616043117 0.592954533
    outer loop
      vertex 0.0559858643 2.88900423 1.14301574
      vertex 0.0196931697 2.92213559 1.14033306
      vertex 0.0421888903 2.89580345 1.14801753
    endloop
  endfacet
  facet normal -0.559315593 -0.20143892 0.804107224
    outer loop
      vertex 0.392148376 2.42091155 1.23416662
      vertex 0.380059153 2.44564033 1.23195255
      vertex 0.379209965 2.43666601 1.2291137
    endloop
  endfacet
  facet normal -0.559315593 -0.20143892 0.804107224
    outer loop
      vertex 0.380059153 2.44564033 1.23195255
      vertex 0.366271555 2.45242047 1.22406077
      vertex 0.379209965 2.43666601 1.2291137
    endloop
  endfacet
  facet normal -0.559317848 -0.20144148 0.804105015
    outer loop
      vertex 0.40678519 2.42310596 1.24489737
      vertex 0.39384678 2.43886042 1.23984444
      vertex 0.380059153 2.44564033 1.23195255
    endloop
  endfacet
  facet normal -0.559315949 -0.201433858 0.804108245
    outer loop
      vertex 0.40678519 2.42310596 1.24489737
      vertex 0.421422005 2.4253006 1.25562811
      vertex 0.407634377 2.43208051 1.24773622
    endloop
  endfacet
  facet normal -0.559316847 -0.201439627 0.804106175
    outer loop
      vertex 0.40678519 2.42310596 1.24489737
      vertex 0.380059153 2.44564033 1.23195255
      vertex 0.392148376 2.42091155 1.23416662
    endloop
  endfacet
  facet normal -0.559312119 -0.201434975 0.804110629
    outer loop
      vertex 0.407634377 2.43208051 1.24773622
      vertex 0.39384678 2.43886042 1.23984444
      vertex 0.40678519 2.42310596 1.24489737
    endloop
  endfacet
  facet normal 0.617526307 0.209837983 -0.75804306
    outer loop
      vertex 0.400720805 2.44727635 1.30046654
      vertex 0.36153999 2.47194123 1.2753762
      vertex 0.379565924 2.47443485 1.29075098
    endloop
  endfacet
  facet normal 0.617526923 0.209835022 -0.758043378
    outer loop
      vertex 0.400720805 2.44727635 1.30046654
      vertex 0.421875685 2.42011786 1.31018221
      vertex 0.394836813 2.41637754 1.2871201
    endloop
  endfacet
  facet normal 0.617524083 0.209837386 -0.758045037
    outer loop
      vertex 0.34664306 2.43979573 1.25434244
      vertex 0.343514085 2.46944761 1.26000154
      vertex 0.36153999 2.47194123 1.2753762
    endloop
  endfacet
  facet normal 0.617525129 0.209837336 -0.758044198
    outer loop
      vertex 0.34664306 2.43979573 1.25434244
      vertex 0.32548815 2.46695423 1.24462688
      vertex 0.343514085 2.46944761 1.26000154
    endloop
  endfacet
  facet normal 0.617525361 0.209833166 -0.758045164
    outer loop
      vertex 0.367797941 2.41263723 1.26405811
      vertex 0.34664306 2.43979573 1.25434244
      vertex 0.394836813 2.41637754 1.2871201
    endloop
  endfacet
  facet normal 0.617525819 0.209835556 -0.75804413
    outer loop
      vertex 0.34664306 2.43979573 1.25434244
      vertex 0.400720805 2.44727635 1.30046654
      vertex 0.394836813 2.41637754 1.2871201
    endloop
  endfacet
  facet normal 0.617525719 0.209836006 -0.758044086
    outer loop
      vertex 0.34664306 2.43979573 1.25434244
      vertex 0.36153999 2.47194123 1.2753762
      vertex 0.400720805 2.44727635 1.30046654
    endloop
  endfacet
  facet normal 0.214771932 -0.972116972 -0.0941361293
    outer loop
      vertex 0.391419411 2.4784627 1.27620018
      vertex 0.389322937 2.480474 1.25064695
      vertex 0.403272867 2.48249054 1.26164949
    endloop
  endfacet
  facet normal 0.214769703 -0.972117394 -0.0941368509
    outer loop
      vertex 0.36153999 2.47194123 1.2753762
      vertex 0.391419411 2.4784627 1.27620018
      vertex 0.379565924 2.47443485 1.29075098
    endloop
  endfacet
  facet normal 0.214769698 -0.972117479 -0.0941359859
    outer loop
      vertex 0.389322937 2.480474 1.25064695
      vertex 0.391419411 2.4784627 1.27620018
      vertex 0.36153999 2.47194123 1.2753762
    endloop
  endfacet
  facet normal 0.214762648 -0.972118244 -0.0941441701
    outer loop
      vertex 0.36153999 2.47194123 1.2753762
      vertex 0.375373006 2.47845769 1.23964429
      vertex 0.389322937 2.480474 1.25064695
    endloop
  endfacet
  facet normal 0.214764955 -0.972119413 -0.094126836
    outer loop
      vertex 0.336480647 2.47068954 1.23113298
      vertex 0.347473145 2.4744246 1.21763921
      vertex 0.361423075 2.47644114 1.22864175
    endloop
  endfacet
  facet normal 0.214773436 -0.972116445 -0.0941381328
    outer loop
      vertex 0.343514085 2.46944761 1.26000154
      vertex 0.361423075 2.47644114 1.22864175
      vertex 0.375373006 2.47845769 1.23964429
    endloop
  endfacet
  facet normal 0.214762876 -0.972118159 -0.0941445273
    outer loop
      vertex 0.32548815 2.46695423 1.24462688
      vertex 0.336480647 2.47068954 1.23113298
      vertex 0.343514085 2.46944761 1.26000154
    endloop
  endfacet
  facet normal 0.214762897 -0.972118154 -0.0941445323
    outer loop
      vertex 0.361423075 2.47644114 1.22864175
      vertex 0.343514085 2.46944761 1.26000154
      vertex 0.336480647 2.47068954 1.23113298
    endloop
  endfacet
  facet normal 0.214772154 -0.972116531 -0.0941401777
    outer loop
      vertex 0.36153999 2.47194123 1.2753762
      vertex 0.343514085 2.46944761 1.26000154
      vertex 0.375373006 2.47845769 1.23964429
    endloop
  endfacet
  facet normal -0.214762497 0.972118451 0.0941423731
    outer loop
      vertex 0.40678519 2.42310596 1.24489737
      vertex 0.392148376 2.42091155 1.23416662
      vertex 0.367797941 2.41263723 1.26405811
    endloop
  endfacet
  facet normal -0.214765185 0.97211839 0.0941368699
    outer loop
      vertex 0.394836813 2.41637754 1.2871201
      vertex 0.40678519 2.42310596 1.24489737
      vertex 0.367797941 2.41263723 1.26405811
    endloop
  endfacet
  facet normal -0.214769503 0.972117407 0.0941371769
    outer loop
      vertex 0.394836813 2.41637754 1.2871201
      vertex 0.448755175 2.42925167 1.27718627
      vertex 0.421422005 2.4253006 1.25562811
    endloop
  endfacet
  facet normal -0.21476879 0.972117213 0.0941408
    outer loop
      vertex 0.448755175 2.42925167 1.27718627
      vertex 0.394836813 2.41637754 1.2871201
      vertex 0.421875685 2.42011786 1.31018221
    endloop
  endfacet
  facet normal -0.21477242 0.972117012 0.0941346031
    outer loop
      vertex 0.40678519 2.42310596 1.24489737
      vertex 0.394836813 2.41637754 1.2871201
      vertex 0.421422005 2.4253006 1.25562811
    endloop
  endfacet
  facet normal 0.573577462 0.26367977 -0.775552625
    outer loop
      vertex 0.495945513 2.33732247 1.28083205
      vertex 0.553004265 2.27053285 1.30032337
      vertex 0.545225978 2.26129222 1.29142904
    endloop
  endfacet
  facet normal 0.573578644 0.263681174 -0.775551273
    outer loop
      vertex 0.503723741 2.3465631 1.28972638
      vertex 0.560782492 2.27977347 1.30921769
      vertex 0.495945513 2.33732247 1.28083205
    endloop
  endfacet
  facet normal 0.573580779 0.263683426 -0.775548929
    outer loop
      vertex 0.434997648 2.39949179 1.25689352
      vertex 0.438886791 2.4041121 1.26134074
      vertex 0.495945513 2.33732247 1.28083205
    endloop
  endfacet
  facet normal 0.573575568 0.263677236 -0.775554887
    outer loop
      vertex 0.488167256 2.32808185 1.27193773
      vertex 0.431108534 2.39487147 1.25244641
      vertex 0.434997648 2.39949179 1.25689352
    endloop
  endfacet
  facet normal 0.573578439 0.26368002 -0.775551817
    outer loop
      vertex 0.495945513 2.33732247 1.28083205
      vertex 0.488167256 2.32808185 1.27193773
      vertex 0.434997648 2.39949179 1.25689352
    endloop
  endfacet
  facet normal 0.57358131 0.263682804 -0.775548747
    outer loop
      vertex 0.402579159 2.42826629 1.2427007
      vertex 0.431108534 2.39487147 1.25244641
      vertex 0.427219391 2.39025116 1.24799919
    endloop
  endfacet
  facet normal 0.573580899 0.263683285 -0.775548888
    outer loop
      vertex 0.442775905 2.40873241 1.26578784
      vertex 0.446665049 2.41335273 1.27023506
      vertex 0.503723741 2.3465631 1.28972638
    endloop
  endfacet
  facet normal 0.573575568 0.263677236 -0.775554887
    outer loop
      vertex 0.495945513 2.33732247 1.28083205
      vertex 0.438886791 2.4041121 1.26134074
      vertex 0.442775905 2.40873241 1.26578784
    endloop
  endfacet
  facet normal 0.57357909 0.263680652 -0.775551121
    outer loop
      vertex 0.503723741 2.3465631 1.28972638
      vertex 0.495945513 2.33732247 1.28083205
      vertex 0.442775905 2.40873241 1.26578784
    endloop
  endfacet
  facet normal 0.57357979 0.263681605 -0.775550279
    outer loop
      vertex 0.545225978 2.26129222 1.29142904
      vertex 0.594506443 2.18526196 1.30202603
      vertex 0.518428147 2.27431488 1.27603757
    endloop
  endfacet
  facet normal 0.573579963 0.263682457 -0.775549861
    outer loop
      vertex 0.488167256 2.32808185 1.27193773
      vertex 0.545225978 2.26129222 1.29142904
      vertex 0.518428147 2.27431488 1.27603757
    endloop
  endfacet
  facet normal 0.573578174 0.263680331 -0.775551908
    outer loop
      vertex 0.610062957 2.20374322 1.31981468
      vertex 0.594506443 2.18526196 1.30202603
      vertex 0.545225978 2.26129222 1.29142904
    endloop
  endfacet
  facet normal 0.573579164 0.263681075 -0.775550923
    outer loop
      vertex 0.427219391 2.39025116 1.24799919
      vertex 0.488167256 2.32808185 1.27193773
      vertex 0.442349851 2.36336756 1.25004911
    endloop
  endfacet
  facet normal 0.573579713 0.263682298 -0.775550101
    outer loop
      vertex 0.518428147 2.27431488 1.27603757
      vertex 0.442349851 2.36336756 1.25004911
      vertex 0.488167256 2.32808185 1.27193773
    endloop
  endfacet
  facet normal 0.573576113 0.263679136 -0.775553838
    outer loop
      vertex 0.398690045 2.42364597 1.23825359
      vertex 0.427219391 2.39025116 1.24799919
      vertex 0.442349851 2.36336756 1.25004911
    endloop
  endfacet
  facet normal 0.573576865 0.263679299 -0.775553226
    outer loop
      vertex 0.560782492 2.27977347 1.30921769
      vertex 0.625619471 2.22222471 1.33760333
      vertex 0.610062957 2.20374322 1.31981468
    endloop
  endfacet
  facet normal 0.573577703 0.263679488 -0.775552542
    outer loop
      vertex 0.545225978 2.26129222 1.29142904
      vertex 0.553004265 2.27053285 1.30032337
      vertex 0.610062957 2.20374322 1.31981468
    endloop
  endfacet
  facet normal 0.573578885 0.263680892 -0.775551191
    outer loop
      vertex 0.553004265 2.27053285 1.30032337
      vertex 0.560782492 2.27977347 1.30921769
      vertex 0.610062957 2.20374322 1.31981468
    endloop
  endfacet
  facet normal 0.573578571 0.263681087 -0.775551357
    outer loop
      vertex 0.560782492 2.27977347 1.30921769
      vertex 0.503723741 2.3465631 1.28972638
      vertex 0.566664696 2.29123354 1.31746435
    endloop
  endfacet
  facet normal 0.573578817 0.263680811 -0.775551269
    outer loop
      vertex 0.503723741 2.3465631 1.28972638
      vertex 0.446665049 2.41335273 1.27023506
      vertex 0.50770992 2.36024261 1.29732537
    endloop
  endfacet
  facet normal 0.573578089 0.263681492 -0.775551576
    outer loop
      vertex 0.625619471 2.22222471 1.33760333
      vertex 0.560782492 2.27977347 1.30921769
      vertex 0.566664696 2.29123354 1.31746435
    endloop
  endfacet
  facet normal 0.573580779 0.263683426 -0.775548929
    outer loop
      vertex 0.427219391 2.39025116 1.24799919
      vertex 0.431108534 2.39487147 1.25244641
      vertex 0.488167256 2.32808185 1.27193773
    endloop
  endfacet
  facet normal 0.573572585 0.263680728 -0.775555906
    outer loop
      vertex 0.39384678 2.43886042 1.23984444
      vertex 0.402579159 2.42826629 1.2427007
      vertex 0.398690045 2.42364597 1.23825359
    endloop
  endfacet
  facet normal 0.573576099 0.263676614 -0.775554705
    outer loop
      vertex 0.402579159 2.42826629 1.2427007
      vertex 0.434997648 2.39949179 1.25689352
      vertex 0.431108534 2.39487147 1.25244641
    endloop
  endfacet
  facet normal 0.573579597 0.26368236 -0.775550166
    outer loop
      vertex 0.398690045 2.42364597 1.23825359
      vertex 0.380059153 2.44564033 1.23195255
      vertex 0.39384678 2.43886042 1.23984444
    endloop
  endfacet
  facet normal 0.573578754 0.263681371 -0.775551125
    outer loop
      vertex 0.398690045 2.42364597 1.23825359
      vertex 0.366271555 2.45242047 1.22406077
      vertex 0.380059153 2.44564033 1.23195255
    endloop
  endfacet
  facet normal 0.573579013 0.263681836 -0.775550775
    outer loop
      vertex 0.366271555 2.45242047 1.22406077
      vertex 0.398690045 2.42364597 1.23825359
      vertex 0.442349851 2.36336756 1.25004911
    endloop
  endfacet
  facet normal 0.573576287 0.2636849 -0.77555175
    outer loop
      vertex 0.39384678 2.43886042 1.23984444
      vertex 0.407634377 2.43208051 1.24773622
      vertex 0.402579159 2.42826629 1.2427007
    endloop
  endfacet
  facet normal 0.57358106 0.263683097 -0.775548833
    outer loop
      vertex 0.421422005 2.4253006 1.25562811
      vertex 0.438886791 2.4041121 1.26134074
      vertex 0.434997648 2.39949179 1.25689352
    endloop
  endfacet
  facet normal 0.573575711 0.263677069 -0.775554838
    outer loop
      vertex 0.421422005 2.4253006 1.25562811
      vertex 0.442775905 2.40873241 1.26578784
      vertex 0.438886791 2.4041121 1.26134074
    endloop
  endfacet
  facet normal 0.573579573 0.263682247 -0.775550222
    outer loop
      vertex 0.434997648 2.39949179 1.25689352
      vertex 0.407634377 2.43208051 1.24773622
      vertex 0.421422005 2.4253006 1.25562811
    endloop
  endfacet
  facet normal 0.573577795 0.263677035 -0.775553308
    outer loop
      vertex 0.421422005 2.4253006 1.25562811
      vertex 0.448755175 2.42925167 1.27718627
      vertex 0.446665049 2.41335273 1.27023506
    endloop
  endfacet
  facet normal 0.573579356 0.263685092 -0.775549415
    outer loop
      vertex 0.442775905 2.40873241 1.26578784
      vertex 0.421422005 2.4253006 1.25562811
      vertex 0.446665049 2.41335273 1.27023506
    endloop
  endfacet
  facet normal 0.573578638 0.263681164 -0.775551281
    outer loop
      vertex 0.407634377 2.43208051 1.24773622
      vertex 0.434997648 2.39949179 1.25689352
      vertex 0.402579159 2.42826629 1.2427007
    endloop
  endfacet
  facet normal 0.573578174 0.263680331 -0.775551908
    outer loop
      vertex 0.495945513 2.33732247 1.28083205
      vertex 0.545225978 2.26129222 1.29142904
      vertex 0.488167256 2.32808185 1.27193773
    endloop
  endfacet
  facet normal 0.573578644 0.263681174 -0.775551273
    outer loop
      vertex 0.560782492 2.27977347 1.30921769
      vertex 0.553004265 2.27053285 1.30032337
      vertex 0.495945513 2.33732247 1.28083205
    endloop
  endfacet
  facet normal 0.573575037 0.263677858 -0.775555068
    outer loop
      vertex 0.402579159 2.42826629 1.2427007
      vertex 0.427219391 2.39025116 1.24799919
      vertex 0.398690045 2.42364597 1.23825359
    endloop
  endfacet
  facet normal 0.573578516 0.263680988 -0.775551431
    outer loop
      vertex 0.503723741 2.3465631 1.28972638
      vertex 0.50770992 2.36024261 1.29732537
      vertex 0.566664696 2.29123354 1.31746435
    endloop
  endfacet
  facet normal 0.573576953 0.263677368 -0.775553818
    outer loop
      vertex 0.446665049 2.41335273 1.27023506
      vertex 0.448755175 2.42925167 1.27718627
      vertex 0.50770992 2.36024261 1.29732537
    endloop
  endfacet
endsolid f3
