solid b7
  facet normal -0.0321619951 0.997846782 -0.0571612218
    outer loop
      vertex 0.143300593 0.87485218 0.859363675
      vertex 0.102299012 0.871194601 0.818584085
      vertex 0.0881815851 0.871550858 0.832746387
    endloop
  endfacet
  facet normal -0.0321620006 0.997846783 -0.0571612104
    outer loop
      vertex 0.143300593 0.87485218 0.859363675
      vertex 0.0881815851 0.871550858 0.832746387
      vertex 0.129183173 0.875208437 0.873525977
    endloop
  endfacet
  facet normal -0.0321640913 0.997846835 -0.057159113
    outer loop
      vertex 0.129183173 0.875208437 0.873525977
      vertex 0.0881815851 0.871550858 0.832746387
      vertex 0.0740641579 0.871907055 0.846908689
    endloop
  endfacet
  facet normal -0.0321640858 0.997846835 -0.0571591244
    outer loop
      vertex 0.129183173 0.875208437 0.873525977
      vertex 0.0740641579 0.871907055 0.846908689
      vertex 0.115065739 0.875564635 0.887688279
    endloop
  endfacet
  facet normal -0.032162922 0.997846722 -0.0571617594
    outer loop
      vertex 0.0501239523 0.868155837 0.794894755
      vertex 0.0374784991 0.868643403 0.810521126
      vertex 0.0881815851 0.871550858 0.832746387
    endloop
  endfacet
  facet normal -0.0321640848 0.997846836 -0.0571591158
    outer loop
      vertex 0.0248330459 0.869130909 0.826147437
      vertex 0.0740641579 0.871907055 0.846908689
      vertex 0.0374784991 0.868643403 0.810521126
    endloop
  endfacet
  facet normal -0.0321627984 0.997846802 -0.0571604159
    outer loop
      vertex 0.115065739 0.875564635 0.887688279
      vertex 0.0740641579 0.871907055 0.846908689
      vertex 0.109129615 0.876650691 0.909987628
    endloop
  endfacet
  facet normal -0.0321637601 0.997846802 -0.0571598812
    outer loop
      vertex 0.0248330459 0.869130909 0.826147437
      vertex 0.109129615 0.876650691 0.909987628
      vertex 0.0740641579 0.871907055 0.846908689
    endloop
  endfacet
  facet normal -0.0321641833 0.997846826 -0.0571592214
    outer loop
      vertex 0.22075212 0.88334924 0.96411562
      vertex 0.129183173 0.875208437 0.873525977
      vertex 0.115065739 0.875564635 0.887688279
    endloop
  endfacet
  facet normal -0.0321640894 0.997846836 -0.0571591112
    outer loop
      vertex 0.0740641579 0.871907055 0.846908689
      vertex 0.0881815851 0.871550858 0.832746387
      vertex 0.0374784991 0.868643403 0.810521126
    endloop
  endfacet
  facet normal -0.0321619417 0.997846786 -0.0571611861
    outer loop
      vertex 0.0627694055 0.867668331 0.779268444
      vertex 0.102299012 0.871194601 0.818584085
      vertex 0.0754148588 0.867180765 0.763642132
    endloop
  endfacet
  facet normal -0.0321627297 0.997846717 -0.0571619524
    outer loop
      vertex 0.0881815851 0.871550858 0.832746387
      vertex 0.102299012 0.871194601 0.818584085
      vertex 0.0501239523 0.868155837 0.794894755
    endloop
  endfacet
  facet normal -0.0321640408 0.997846839 -0.0571590803
    outer loop
      vertex 0.102299012 0.871194601 0.818584085
      vertex 0.0627694055 0.867668331 0.779268444
      vertex 0.0501239523 0.868155837 0.794894755
    endloop
  endfacet
  facet normal -0.0321641207 0.997846837 -0.0571590643
    outer loop
      vertex 0.143300593 0.87485218 0.859363675
      vertex 0.238279969 0.881709337 0.925625503
      vertex 0.156847417 0.874445081 0.844633818
    endloop
  endfacet
  facet normal -0.0321641338 0.997846836 -0.0571590763
    outer loop
      vertex 0.102299012 0.871194601 0.818584085
      vertex 0.143300593 0.87485218 0.859363675
      vertex 0.156847417 0.874445081 0.844633818
    endloop
  endfacet
  facet normal -0.0321621066 0.997846773 -0.0571613158
    outer loop
      vertex 0.22075212 0.88334924 0.96411562
      vertex 0.143300593 0.87485218 0.859363675
      vertex 0.129183173 0.875208437 0.873525977
    endloop
  endfacet
  facet normal -0.0321634833 0.99784678 -0.0571604313
    outer loop
      vertex 0.0754148588 0.867180765 0.763642132
      vertex 0.102299012 0.871194601 0.818584085
      vertex 0.156847417 0.874445081 0.844633818
    endloop
  endfacet
  facet normal -0.0321631037 0.997846788 -0.0571604964
    outer loop
      vertex 0.115065739 0.875564635 0.887688279
      vertex 0.109129615 0.876650691 0.909987628
      vertex 0.193426192 0.884170473 0.993827879
    endloop
  endfacet
  facet normal -0.0321685429 0.99784696 -0.0571544343
    outer loop
      vertex 0.249988854 0.889216185 1.05008435
      vertex 0.224260673 0.886810303 1.02256131
      vertex 0.20150438 0.884891093 1.00186229
    endloop
  endfacet
  facet normal -0.0321727075 0.997846987 -0.0571516242
    outer loop
      vertex 0.247016966 0.888729513 1.04326022
      vertex 0.249988854 0.889216185 1.05008435
      vertex 0.298473328 0.893541336 1.0983063
    endloop
  endfacet
  facet normal -0.0321629402 0.997846811 -0.0571601955
    outer loop
      vertex 0.346957803 0.897866428 1.14652824
      vertex 0.374051422 0.897052169 1.11706865
      vertex 0.298473328 0.893541336 1.0983063
    endloop
  endfacet
  facet normal -0.0321636977 0.997846796 -0.0571600297
    outer loop
      vertex 0.247016966 0.888729513 1.04326022
      vertex 0.298473328 0.893541336 1.0983063
      vertex 0.274478257 0.887904227 1.01340079
    endloop
  endfacet
  facet normal -0.032170544 0.997847002 -0.0571525675
    outer loop
      vertex 0.224260673 0.886810303 1.02256131
      vertex 0.249988854 0.889216185 1.05008435
      vertex 0.247016966 0.888729513 1.04326022
    endloop
  endfacet
  facet normal -0.0321631738 0.997846773 -0.0571607192
    outer loop
      vertex 0.247615188 0.885626733 0.988758206
      vertex 0.238279969 0.881709337 0.925625503
      vertex 0.22075212 0.88334924 0.96411562
    endloop
  endfacet
  facet normal -0.032163013 0.997846782 -0.0571606463
    outer loop
      vertex 0.22075212 0.88334924 0.96411562
      vertex 0.238279969 0.881709337 0.925625503
      vertex 0.143300593 0.87485218 0.859363675
    endloop
  endfacet
  facet normal -0.0321632037 0.997846772 -0.0571607148
    outer loop
      vertex 0.31971252 0.888973653 1.00661719
      vertex 0.238279969 0.881709337 0.925625503
      vertex 0.247615188 0.885626733 0.988758206
    endloop
  endfacet
  facet normal -0.032163122 0.997846812 -0.0571600614
    outer loop
      vertex 0.31971252 0.888973653 1.00661719
      vertex 0.274478257 0.887904227 1.01340079
      vertex 0.374051422 0.897052169 1.11706865
    endloop
  endfacet
  facet normal -0.0321630493 0.997846813 -0.0571600972
    outer loop
      vertex 0.374051422 0.897052169 1.11706865
      vertex 0.401145071 0.89623791 1.08760893
      vertex 0.31971252 0.888973653 1.00661719
    endloop
  endfacet
  facet normal -0.0321632133 0.997846774 -0.0571606763
    outer loop
      vertex 0.247615188 0.885626733 0.988758206
      vertex 0.274478257 0.887904227 1.01340079
      vertex 0.31971252 0.888973653 1.00661719
    endloop
  endfacet
  facet normal -0.0321629269 0.997846808 -0.0571602484
    outer loop
      vertex 0.298473328 0.893541336 1.0983063
      vertex 0.374051422 0.897052169 1.11706865
      vertex 0.274478257 0.887904227 1.01340079
    endloop
  endfacet
  facet normal -0.0321634357 0.997846791 -0.0571602516
    outer loop
      vertex 0.193426192 0.884170473 0.993827879
      vertex 0.22075212 0.88334924 0.96411562
      vertex 0.115065739 0.875564635 0.887688279
    endloop
  endfacet
  facet normal 0.622997013 -0.5167378 0.587245066
    outer loop
      vertex 0.346562833 0.834557056 1.09123909
      vertex 0.374051422 0.897052169 1.11706865
      vertex 0.333213508 0.866618872 1.13361347
    endloop
  endfacet
  facet normal 0.622997013 -0.5167378 0.587245066
    outer loop
      vertex 0.333213508 0.866618872 1.13361347
      vertex 0.374051422 0.897052169 1.11706865
      vertex 0.346957803 0.897866428 1.14652824
    endloop
  endfacet
  facet normal 0.622996495 -0.516738236 0.587245232
    outer loop
      vertex 0.346562833 0.834557056 1.09123909
      vertex 0.333213508 0.866618872 1.13361347
      vertex 0.319469184 0.835371315 1.12069869
    endloop
  endfacet
  facet normal 0.622998212 -0.516737802 0.587243793
    outer loop
      vertex 0.387400746 0.864990354 1.07469416
      vertex 0.346562833 0.834557056 1.09123909
      vertex 0.373656452 0.833742797 1.06177938
    endloop
  endfacet
  facet normal 0.622997695 -0.516738237 0.587243959
    outer loop
      vertex 0.387400746 0.864990354 1.07469416
      vertex 0.401145071 0.89623791 1.08760893
      vertex 0.374051422 0.897052169 1.11706865
    endloop
  endfacet
  facet normal 0.622998212 -0.516737802 0.587243793
    outer loop
      vertex 0.346562833 0.834557056 1.09123909
      vertex 0.387400746 0.864990354 1.07469416
      vertex 0.374051422 0.897052169 1.11706865
    endloop
  endfacet
  facet normal 0.672123744 -0.0207339611 -0.740148482
    outer loop
      vertex -0.120573372 0.812961042 0.627194345
      vertex -0.0745837465 0.826835036 0.668568552
      vertex -0.0870439038 0.795770347 0.658123791
    endloop
  endfacet
  facet normal 0.672123112 -0.0207335106 -0.740149068
    outer loop
      vertex -0.0745837465 0.826835036 0.668568552
      vertex -0.0619421564 0.797881842 0.680859327
      vertex -0.0870439038 0.795770347 0.658123791
    endloop
  endfacet
  facet normal 0.67212321 -0.0207348514 -0.740148942
    outer loop
      vertex -0.112327084 0.853676736 0.63354218
      vertex -0.0872253403 0.855788231 0.656277716
      vertex -0.0745837465 0.826835036 0.668568552
    endloop
  endfacet
  facet normal 0.672123019 -0.0207331589 -0.740149163
    outer loop
      vertex -0.129001096 0.832263172 0.619000494
      vertex -0.137428835 0.851565301 0.610806644
      vertex -0.112327084 0.853676736 0.63354218
    endloop
  endfacet
  facet normal 0.672123625 -0.0207331795 -0.740148612
    outer loop
      vertex -0.129001096 0.832263172 0.619000494
      vertex -0.0745837465 0.826835036 0.668568552
      vertex -0.120573372 0.812961042 0.627194345
    endloop
  endfacet
  facet normal 0.672123213 -0.020735773 -0.740148914
    outer loop
      vertex -0.120573372 0.812961042 0.627194345
      vertex -0.0870439038 0.795770347 0.658123791
      vertex -0.112145647 0.793658912 0.635388255
    endloop
  endfacet
  facet normal 0.672123572 -0.0207339459 -0.740148638
    outer loop
      vertex -0.129001096 0.832263172 0.619000494
      vertex -0.112327084 0.853676736 0.63354218
      vertex -0.0745837465 0.826835036 0.668568552
    endloop
  endfacet
  facet normal -0.699832735 0.089078314 0.708730694
    outer loop
      vertex -0.0694218874 0.814995289 0.620577097
      vertex -0.0953764915 0.817418098 0.594643831
      vertex -0.0907823369 0.805138111 0.600723743
    endloop
  endfacet
  facet normal -0.699832703 0.0890785868 0.708730692
    outer loop
      vertex -0.0434672907 0.81257242 0.646510363
      vertex -0.0694218874 0.814995289 0.620577097
      vertex -0.0619397946 0.794995964 0.630478919
    endloop
  endfacet
  facet normal -0.699832774 0.0890785295 0.708730629
    outer loop
      vertex -0.0694218874 0.814995289 0.620577097
      vertex -0.0907823369 0.805138111 0.600723743
      vertex -0.0619397946 0.794995964 0.630478919
    endloop
  endfacet
  facet normal -0.699833804 0.0890742067 0.708730155
    outer loop
      vertex -0.0619397946 0.794995964 0.630478919
      vertex -0.0907823369 0.805138111 0.600723743
      vertex -0.0861881822 0.792858124 0.606803596
    endloop
  endfacet
  facet normal -0.699832728 0.0890786415 0.70873066
    outer loop
      vertex -0.0376914069 0.797133744 0.654154181
      vertex -0.0434672907 0.81257242 0.646510363
      vertex -0.0619397946 0.794995964 0.630478919
    endloop
  endfacet
  facet normal -0.63967445 -0.519704612 -0.566324743
    outer loop
      vertex -0.0745837465 0.826835036 0.668568552
      vertex -0.0872253403 0.855788231 0.656277716
      vertex -0.0612708554 0.854987562 0.627696395
    endloop
  endfacet
  facet normal -0.639675321 -0.519703823 -0.566324484
    outer loop
      vertex -0.0434672907 0.81257242 0.646510363
      vertex -0.0745837465 0.826835036 0.668568552
      vertex -0.0612708554 0.854987562 0.627696395
    endloop
  endfacet
  facet normal -0.639673884 -0.519705485 -0.566324581
    outer loop
      vertex -0.0376914069 0.797133744 0.654154181
      vertex -0.0619421564 0.797881842 0.680859327
      vertex -0.0434672907 0.81257242 0.646510363
    endloop
  endfacet
  facet normal -0.639675335 -0.519703686 -0.566324593
    outer loop
      vertex -0.0745837465 0.826835036 0.668568552
      vertex -0.0434672907 0.81257242 0.646510363
      vertex -0.0619421564 0.797881842 0.680859327
    endloop
  endfacet
  facet normal 0.639675067 0.519704894 0.566323787
    outer loop
      vertex -0.0991669148 0.793258488 0.621095955
      vertex -0.120573372 0.812961042 0.627194345
      vertex -0.112145647 0.793658912 0.635388255
    endloop
  endfacet
  facet normal 0.639676157 0.519702617 0.566324646
    outer loop
      vertex -0.0907823369 0.805138111 0.600723743
      vertex -0.0991669148 0.793258488 0.621095955
      vertex -0.0861881822 0.792858124 0.606803596
    endloop
  endfacet
  facet normal 0.639674055 0.519704774 0.566325039
    outer loop
      vertex -0.0991669148 0.793258488 0.621095955
      vertex -0.0907823369 0.805138111 0.600723743
      vertex -0.0953764915 0.817418098 0.594643831
    endloop
  endfacet
  facet normal 0.639674607 0.51970397 0.566325155
    outer loop
      vertex -0.123387404 0.851132154 0.595344067
      vertex -0.120573372 0.812961042 0.627194345
      vertex -0.0991669148 0.793258488 0.621095955
    endloop
  endfacet
  facet normal 0.639674839 0.519703997 0.566324868
    outer loop
      vertex -0.123387404 0.851132154 0.595344067
      vertex -0.137428835 0.851565301 0.610806644
      vertex -0.129001096 0.832263172 0.619000494
    endloop
  endfacet
  facet normal 0.639675269 0.519703931 0.566324443
    outer loop
      vertex -0.0991669148 0.793258488 0.621095955
      vertex -0.0953764915 0.817418098 0.594643831
      vertex -0.123387404 0.851132154 0.595344067
    endloop
  endfacet
  facet normal 0.639675134 0.519703813 0.566324704
    outer loop
      vertex -0.123387404 0.851132154 0.595344067
      vertex -0.0953764915 0.817418098 0.594643831
      vertex -0.102361239 0.834058523 0.58726269
    endloop
  endfacet
  facet normal 0.639674718 0.519702514 0.566326366
    outer loop
      vertex -0.123387404 0.851132154 0.595344067
      vertex -0.102361239 0.834058523 0.58726269
      vertex -0.109345987 0.850699008 0.579881549
    endloop
  endfacet
  facet normal 0.639675303 0.519703628 0.566324683
    outer loop
      vertex -0.129001096 0.832263172 0.619000494
      vertex -0.120573372 0.812961042 0.627194345
      vertex -0.123387404 0.851132154 0.595344067
    endloop
  endfacet
  facet normal -0.0321631015 0.997846695 -0.0571621257
    outer loop
      vertex 0.0484385565 0.859770775 0.736937702
      vertex 0.0213014334 0.857349932 0.709947526
      vertex 0.0149787059 0.857593715 0.717760682
    endloop
  endfacet
  facet normal -0.0321639221 0.997846848 -0.0571589846
    outer loop
      vertex 0.0484385565 0.859770775 0.736937702
      vertex 0.0629302263 0.862679064 0.779554248
      vertex 0.0755756795 0.862191558 0.763927937
    endloop
  endfacet
  facet normal -0.0321640161 0.997846847 -0.0571589525
    outer loop
      vertex 0.0629302263 0.862679064 0.779554248
      vertex 0.0484385565 0.859770775 0.736937702
      vertex 0.0086559793 0.857837498 0.725573838
    endloop
  endfacet
  facet normal -0.032163103 0.997846695 -0.0571621231
    outer loop
      vertex 0.0484385565 0.859770775 0.736937702
      vertex 0.0149787059 0.857593715 0.717760682
      vertex 0.0086559793 0.857837498 0.725573838
    endloop
  endfacet
  facet normal -0.0321666611 0.997846851 -0.0571573969
    outer loop
      vertex 0.00233325223 0.858081281 0.733386993
      vertex -0.00398947485 0.858325005 0.741200149
      vertex 0.0502847694 0.86316663 0.795180559
    endloop
  endfacet
  facet normal -0.0321618563 0.997846793 -0.0571611192
    outer loop
      vertex 0.00233325223 0.858081281 0.733386993
      vertex 0.0629302263 0.862679064 0.779554248
      vertex 0.0086559793 0.857837498 0.725573838
    endloop
  endfacet
  facet normal -0.0321618536 0.997846792 -0.0571611227
    outer loop
      vertex 0.0502847694 0.86316663 0.795180559
      vertex 0.0629302263 0.862679064 0.779554248
      vertex 0.00233325223 0.858081281 0.733386993
    endloop
  endfacet
  facet normal -0.0321624639 0.997846745 -0.0571616075
    outer loop
      vertex 0.0502847694 0.86316663 0.795180559
      vertex -0.0103122015 0.858568788 0.749013305
      vertex -0.0166349281 0.858812571 0.75682646
    endloop
  endfacet
  facet normal -0.032164043 0.997846851 -0.0571588644
    outer loop
      vertex 0.0502847694 0.86316663 0.795180559
      vertex -0.0166349281 0.858812571 0.75682646
      vertex 0.0376393162 0.863654137 0.81080693
    endloop
  endfacet
  facet normal -0.0321630346 0.9978467 -0.0571620679
    outer loop
      vertex 0.0376393162 0.863654137 0.81080693
      vertex -0.00214325963 0.86172086 0.799443007
      vertex 0.024993863 0.864141703 0.826433241
    endloop
  endfacet
  facet normal -0.0321639222 0.997846848 -0.0571589856
    outer loop
      vertex -0.00214325963 0.86172086 0.799443007
      vertex 0.0376393162 0.863654137 0.81080693
      vertex -0.0166349281 0.858812571 0.75682646
    endloop
  endfacet
  facet normal -0.0321618878 0.99784679 -0.0571611504
    outer loop
      vertex -0.00214325963 0.86172086 0.799443007
      vertex -0.0229576547 0.859056294 0.764639676
      vertex -0.0292803831 0.859300077 0.772452831
    endloop
  endfacet
  facet normal -0.0321676127 0.997846801 -0.0571577275
    outer loop
      vertex -0.0229576547 0.859056294 0.764639676
      vertex -0.00214325963 0.86172086 0.799443007
      vertex -0.0166349281 0.858812571 0.75682646
    endloop
  endfacet
  facet normal -0.0321624639 0.997846745 -0.0571616075
    outer loop
      vertex -0.00398947485 0.858325005 0.741200149
      vertex -0.0103122015 0.858568788 0.749013305
      vertex 0.0502847694 0.86316663 0.795180559
    endloop
  endfacet
  facet normal 0.776836408 0.0609424118 0.626746534
    outer loop
      vertex 0.0132122366 0.860153317 0.71970129
      vertex 0.0149787059 0.857593715 0.717760682
      vertex 0.0213014334 0.857349932 0.709947526
    endloop
  endfacet
  facet normal 0.776836425 0.0609425938 0.626746496
    outer loop
      vertex 0.0132122366 0.860153317 0.71970129
      vertex 0.00233325223 0.858081281 0.733386993
      vertex 0.0086559793 0.857837498 0.725573838
    endloop
  endfacet
  facet normal 0.77683646 0.0609344564 0.626747243
    outer loop
      vertex -0.00406988338 0.860819638 0.741057277
      vertex -0.00398947485 0.858325005 0.741200149
      vertex 0.00233325223 0.858081281 0.733386993
    endloop
  endfacet
  facet normal 0.776836451 0.0609424871 0.626746474
    outer loop
      vertex 0.0132122366 0.860153317 0.71970129
      vertex 0.0086559793 0.857837498 0.725573838
      vertex 0.0149787059 0.857593715 0.717760682
    endloop
  endfacet
  facet normal 0.776836441 0.0609413957 0.626746592
    outer loop
      vertex 0.0148178888 0.862582982 0.717474878
      vertex 0.0132122366 0.860153317 0.71970129
      vertex 0.0211406164 0.862339199 0.709661722
    endloop
  endfacet
  facet normal 0.776836361 0.0609419062 0.626746641
    outer loop
      vertex 0.0213014334 0.857349932 0.709947526
      vertex 0.0211406164 0.862339199 0.709661722
      vertex 0.0132122366 0.860153317 0.71970129
    endloop
  endfacet
  facet normal 0.776836249 0.0609417123 0.626746799
    outer loop
      vertex 0.00849516224 0.862826705 0.725288033
      vertex 0.0132122366 0.860153317 0.71970129
      vertex 0.0148178888 0.862582982 0.717474878
    endloop
  endfacet
  facet normal 0.776836422 0.0609426618 0.626746492
    outer loop
      vertex 0.00849516224 0.862826705 0.725288033
      vertex 0.00217243517 0.863070488 0.733101189
      vertex 0.0132122366 0.860153317 0.71970129
    endloop
  endfacet
  facet normal 0.776836669 0.0609468935 0.626745774
    outer loop
      vertex -0.00406988338 0.860819638 0.741057277
      vertex 0.0132122366 0.860153317 0.71970129
      vertex 0.00217243517 0.863070488 0.733101189
    endloop
  endfacet
  facet normal 0.776836234 0.0609492129 0.626746088
    outer loop
      vertex -0.00415029144 0.863314271 0.740914345
      vertex -0.00406988338 0.860819638 0.741057277
      vertex 0.00217243517 0.863070488 0.733101189
    endloop
  endfacet
  facet normal 0.776836945 0.0609383325 0.626746264
    outer loop
      vertex -0.00406988338 0.860819638 0.741057277
      vertex 0.00233325223 0.858081281 0.733386993
      vertex 0.0132122366 0.860153317 0.71970129
    endloop
  endfacet
  facet normal 0.776837004 0.0609344354 0.62674657
    outer loop
      vertex -0.00398947485 0.858325005 0.741200149
      vertex -0.00406988338 0.860819638 0.741057277
      vertex -0.0127109429 0.861152768 0.75173527
    endloop
  endfacet
  facet normal 0.776836793 0.0609318762 0.626747082
    outer loop
      vertex -0.00398947485 0.858325005 0.741200149
      vertex -0.0127109429 0.861152768 0.75173527
      vertex -0.0103122015 0.858568788 0.749013305
    endloop
  endfacet
  facet normal 0.776835984 0.0609492225 0.626746397
    outer loop
      vertex -0.00406988338 0.860819638 0.741057277
      vertex -0.00415029144 0.863314271 0.740914345
      vertex -0.0104730185 0.863557994 0.7487275
    endloop
  endfacet
  facet normal 0.776836416 0.0609526766 0.626745525
    outer loop
      vertex -0.00406988338 0.860819638 0.741057277
      vertex -0.0104730185 0.863557994 0.7487275
      vertex -0.0127109429 0.861152768 0.75173527
    endloop
  endfacet
  facet normal 0.776836793 0.0609318762 0.626747082
    outer loop
      vertex -0.0166349281 0.858812571 0.75682646
      vertex -0.0103122015 0.858568788 0.749013305
      vertex -0.0127109429 0.861152768 0.75173527
    endloop
  endfacet
  facet normal 0.776838713 0.0609376462 0.62674414
    outer loop
      vertex -0.0213520024 0.861485958 0.762413263
      vertex -0.0229576547 0.859056294 0.764639676
      vertex -0.0166349281 0.858812571 0.75682646
    endloop
  endfacet
  facet normal 0.776837314 0.0609299955 0.626746619
    outer loop
      vertex -0.0213520024 0.861485958 0.762413263
      vertex -0.0166349281 0.858812571 0.75682646
      vertex -0.0127109429 0.861152768 0.75173527
    endloop
  endfacet
  facet normal 0.776836393 0.0609414745 0.626746644
    outer loop
      vertex -0.0292803831 0.859300077 0.772452831
      vertex -0.0229576547 0.859056294 0.764639676
      vertex -0.0213520024 0.861485958 0.762413263
    endloop
  endfacet
  facet normal 0.776838612 0.0609478202 0.626743276
    outer loop
      vertex -0.0167957451 0.863801777 0.756540716
      vertex -0.0127109429 0.861152768 0.75173527
      vertex -0.0104730185 0.863557994 0.7487275
    endloop
  endfacet
  facet normal 0.776836451 0.0609424871 0.626746474
    outer loop
      vertex -0.0231184717 0.86404556 0.764353871
      vertex -0.0294411983 0.864289343 0.772167027
      vertex -0.0213520024 0.861485958 0.762413263
    endloop
  endfacet
  facet normal 0.776836371 0.0609416174 0.626746657
    outer loop
      vertex -0.0292803831 0.859300077 0.772452831
      vertex -0.0213520024 0.861485958 0.762413263
      vertex -0.0294411983 0.864289343 0.772167027
    endloop
  endfacet
  facet normal 0.776836451 0.0609424871 0.626746474
    outer loop
      vertex -0.0167957451 0.863801777 0.756540716
      vertex -0.0231184717 0.86404556 0.764353871
      vertex -0.0213520024 0.861485958 0.762413263
    endloop
  endfacet
  facet normal 0.776836981 0.0609403121 0.626746028
    outer loop
      vertex -0.0127109429 0.861152768 0.75173527
      vertex -0.0167957451 0.863801777 0.756540716
      vertex -0.0213520024 0.861485958 0.762413263
    endloop
  endfacet
  facet normal -0.776836332 -0.0609426313 -0.626746606
    outer loop
      vertex 0.024993863 0.864141703 0.826433241
      vertex 0.0248330459 0.869130909 0.826147437
      vertex 0.0374784991 0.868643403 0.810521126
    endloop
  endfacet
  facet normal -0.776836469 -0.060941902 -0.626746507
    outer loop
      vertex 0.024993863 0.864141703 0.826433241
      vertex 0.0374784991 0.868643403 0.810521126
      vertex 0.0376393162 0.863654137 0.81080693
    endloop
  endfacet
  facet normal -0.776837501 -0.0609425863 -0.626745162
    outer loop
      vertex 0.0501239523 0.868155837 0.794894755
      vertex 0.0502847694 0.86316663 0.795180559
      vertex 0.0376393162 0.863654137 0.81080693
    endloop
  endfacet
  facet normal -0.776837638 -0.060941857 -0.626745064
    outer loop
      vertex 0.0501239523 0.868155837 0.794894755
      vertex 0.0376393162 0.863654137 0.81080693
      vertex 0.0374784991 0.868643403 0.810521126
    endloop
  endfacet
  facet normal -0.776836332 -0.0609426313 -0.626746606
    outer loop
      vertex 0.0502847694 0.86316663 0.795180559
      vertex 0.0501239523 0.868155837 0.794894755
      vertex 0.0627694055 0.867668331 0.779268444
    endloop
  endfacet
  facet normal -0.77683636 -0.060942483 -0.626746586
    outer loop
      vertex 0.0502847694 0.86316663 0.795180559
      vertex 0.0627694055 0.867668331 0.779268444
      vertex 0.0629302263 0.862679064 0.779554248
    endloop
  endfacet
  facet normal -0.776836314 -0.0609432089 -0.626746573
    outer loop
      vertex 0.0754148588 0.867180765 0.763642132
      vertex 0.0755756795 0.862191558 0.763927937
      vertex 0.0629302263 0.862679064 0.779554248
    endloop
  endfacet
  facet normal -0.776836451 -0.0609424795 -0.626746474
    outer loop
      vertex 0.0754148588 0.867180765 0.763642132
      vertex 0.0629302263 0.862679064 0.779554248
      vertex 0.0627694055 0.867668331 0.779268444
    endloop
  endfacet
  facet normal -0.676790547 0.0203402297 0.735894579
    outer loop
      vertex 0.218993008 0.823165655 0.964161217
      vertex 0.20644103 0.852118731 0.951817095
      vertex 0.19212994 0.820888162 0.939518631
    endloop
  endfacet
  facet normal -0.67679049 0.0203384756 0.735894679
    outer loop
      vertex 0.218993008 0.823165655 0.964161217
      vertex 0.245856076 0.825443149 0.988803804
      vertex 0.260167152 0.856673658 1.00110233
    endloop
  endfacet
  facet normal -0.676790966 0.0203398873 0.735894202
    outer loop
      vertex 0.247615188 0.885626733 0.988758206
      vertex 0.20644103 0.852118731 0.951817095
      vertex 0.218993008 0.823165655 0.964161217
    endloop
  endfacet
  facet normal -0.676791175 0.0203400608 0.735894005
    outer loop
      vertex 0.218993008 0.823165655 0.964161217
      vertex 0.260167152 0.856673658 1.00110233
      vertex 0.247615188 0.885626733 0.988758206
    endloop
  endfacet
  facet normal -0.676790557 0.0203405651 0.73589456
    outer loop
      vertex 0.247615188 0.885626733 0.988758206
      vertex 0.260167152 0.856673658 1.00110233
      vertex 0.274478257 0.887904227 1.01340079
    endloop
  endfacet
  facet normal -0.676790501 0.020338811 0.73589466
    outer loop
      vertex 0.22075212 0.88334924 0.96411562
      vertex 0.20644103 0.852118731 0.951817095
      vertex 0.247615188 0.885626733 0.988758206
    endloop
  endfacet
  facet normal 0.673868036 -0.0266788704 -0.738369899
    outer loop
      vertex 0.224260673 0.886810303 1.02256131
      vertex 0.205374539 0.855214834 1.00646663
      vertex 0.20150438 0.884891093 1.00186229
    endloop
  endfacet
  facet normal 0.673868076 -0.0266789131 -0.738369861
    outer loop
      vertex 0.209244698 0.825538635 1.01107097
      vertex 0.205374539 0.855214834 1.00646663
      vertex 0.224260673 0.886810303 1.02256131
    endloop
  endfacet
  facet normal 0.67386835 -0.0266790737 -0.738369605
    outer loop
      vertex 0.23252295 0.857504487 1.03116071
      vertex 0.218028948 0.826279461 1.01906109
      vertex 0.209244698 0.825538635 1.01107097
    endloop
  endfacet
  facet normal 0.673865962 -0.0266802785 -0.738371741
    outer loop
      vertex 0.23252295 0.857504487 1.03116071
      vertex 0.224260673 0.886810303 1.02256131
      vertex 0.247016966 0.888729513 1.04326022
    endloop
  endfacet
  facet normal 0.6738683 -0.026679007 -0.738369653
    outer loop
      vertex 0.209244698 0.825538635 1.01107097
      vertex 0.224260673 0.886810303 1.02256131
      vertex 0.23252295 0.857504487 1.03116071
    endloop
  endfacet
  facet normal -0.622997815 0.516738305 -0.587243771
    outer loop
      vertex 0.23252295 0.857504487 1.03116071
      vertex 0.260167152 0.856673658 1.00110233
      vertex 0.245856076 0.825443149 0.988803804
    endloop
  endfacet
  facet normal -0.622997996 0.516738152 -0.587243713
    outer loop
      vertex 0.23252295 0.857504487 1.03116071
      vertex 0.245856076 0.825443149 0.988803804
      vertex 0.218028948 0.826279461 1.01906109
    endloop
  endfacet
  facet normal -0.622998539 0.516736724 -0.587244394
    outer loop
      vertex 0.260167152 0.856673658 1.00110233
      vertex 0.23252295 0.857504487 1.03116071
      vertex 0.247016966 0.888729513 1.04326022
    endloop
  endfacet
  facet normal -0.622997986 0.516737187 -0.587244574
    outer loop
      vertex 0.260167152 0.856673658 1.00110233
      vertex 0.247016966 0.888729513 1.04326022
      vertex 0.274478257 0.887904227 1.01340079
    endloop
  endfacet
  facet normal 0.622997665 -0.516738019 0.587244182
    outer loop
      vertex 0.179681882 0.852922916 0.980913103
      vertex 0.22075212 0.88334924 0.96411562
      vertex 0.193426192 0.884170473 0.993827879
    endloop
  endfacet
  facet normal 0.6229978 -0.516738525 0.587243594
    outer loop
      vertex 0.20644103 0.852118731 0.951817095
      vertex 0.22075212 0.88334924 0.96411562
      vertex 0.179681882 0.852922916 0.980913103
    endloop
  endfacet
  facet normal 0.622997896 -0.516736963 0.587244866
    outer loop
      vertex 0.165937588 0.82167536 0.967998326
      vertex 0.19212994 0.820888162 0.939518631
      vertex 0.20644103 0.852118731 0.951817095
    endloop
  endfacet
  facet normal 0.622998131 -0.516737802 0.587243879
    outer loop
      vertex 0.179681882 0.852922916 0.980913103
      vertex 0.165937588 0.82167536 0.967998326
      vertex 0.20644103 0.852118731 0.951817095
    endloop
  endfacet
  facet normal -0.705871296 0.017812301 0.708116117
    outer loop
      vertex 0.333213508 0.866618872 1.13361347
      vertex 0.205374539 0.855214834 1.00646663
      vertex 0.282727689 0.832093775 1.08415616
    endloop
  endfacet
  facet normal -0.705870881 0.0178114545 0.708116552
    outer loop
      vertex 0.209244698 0.825538635 1.01107097
      vertex 0.245986193 0.828816175 1.0476135
      vertex 0.205374539 0.855214834 1.00646663
    endloop
  endfacet
  facet normal -0.705871947 0.0178082827 0.708115569
    outer loop
      vertex 0.282727689 0.832093775 1.08415616
      vertex 0.205374539 0.855214834 1.00646663
      vertex 0.245986193 0.828816175 1.0476135
    endloop
  endfacet
  facet normal -0.705870867 0.0178110139 0.708116578
    outer loop
      vertex 0.333213508 0.866618872 1.13361347
      vertex 0.282727689 0.832093775 1.08415616
      vertex 0.319469184 0.835371315 1.12069869
    endloop
  endfacet
  facet normal -0.705871009 0.0178104563 0.70811645
    outer loop
      vertex 0.298473328 0.893541336 1.0983063
      vertex 0.333213508 0.866618872 1.13361347
      vertex 0.346957803 0.897866428 1.14652824
    endloop
  endfacet
  facet normal -0.705871019 0.0178104307 0.70811644
    outer loop
      vertex 0.333213508 0.866618872 1.13361347
      vertex 0.298473328 0.893541336 1.0983063
      vertex 0.249988854 0.889216185 1.05008435
    endloop
  endfacet
  facet normal -0.705871905 0.017811128 0.70811554
    outer loop
      vertex 0.249988854 0.889216185 1.05008435
      vertex 0.20150438 0.884891093 1.00186229
      vertex 0.205374539 0.855214834 1.00646663
    endloop
  endfacet
  facet normal -0.705871197 0.0178092325 0.708116293
    outer loop
      vertex 0.333213508 0.866618872 1.13361347
      vertex 0.249988854 0.889216185 1.05008435
      vertex 0.205374539 0.855214834 1.00646663
    endloop
  endfacet
  facet normal 0.0321636962 -0.997846823 0.0571595451
    outer loop
      vertex 0.230318829 0.822248697 0.941780388
      vertex 0.297481894 0.828240037 1.00857985
      vertex 0.286187947 0.828525007 1.01990974
    endloop
  endfacet
  facet normal 0.0321635205 -0.997846822 0.0571596706
    outer loop
      vertex 0.230318829 0.822248697 0.941780388
      vertex 0.286187947 0.828525007 1.01990974
      vertex 0.219024882 0.822533667 0.953110218
    endloop
  endfacet
  facet normal 0.0321635459 -0.99784682 0.0571596959
    outer loop
      vertex 0.163155764 0.816257358 0.874980927
      vertex 0.230318829 0.822248697 0.941780388
      vertex 0.219024882 0.822533667 0.953110218
    endloop
  endfacet
  facet normal 0.0321635459 -0.99784682 0.0571596959
    outer loop
      vertex 0.163155764 0.816257358 0.874980927
      vertex 0.219024882 0.822533667 0.953110218
      vertex 0.151861817 0.816542327 0.886310756
    endloop
  endfacet
  facet normal 0.0321639875 -0.99784678 0.0571601351
    outer loop
      vertex 0.0734048113 0.810835898 0.830841184
      vertex 0.140567884 0.816827297 0.897640646
      vertex 0.129273936 0.817112267 0.908970475
    endloop
  endfacet
  facet normal 0.0321609325 -0.997846754 0.0571623176
    outer loop
      vertex 0.0734048113 0.810835898 0.830841184
      vertex 0.129273936 0.817112267 0.908970475
      vertex 0.0621108711 0.811120927 0.842171013
    endloop
  endfacet
  facet normal 0.0321641879 -0.997846782 0.057159992
    outer loop
      vertex 0.084698759 0.810550928 0.819511354
      vertex 0.151861817 0.816542327 0.886310756
      vertex 0.140567884 0.816827297 0.897640646
    endloop
  endfacet
  facet normal 0.0321639875 -0.99784678 0.0571601351
    outer loop
      vertex 0.084698759 0.810550928 0.819511354
      vertex 0.140567884 0.816827297 0.897640646
      vertex 0.0734048113 0.810835898 0.830841184
    endloop
  endfacet
  facet normal 0.0321639893 -0.99784678 0.0571601369
    outer loop
      vertex 0.0959926993 0.810265958 0.808181465
      vertex 0.163155764 0.816257358 0.874980927
      vertex 0.151861817 0.816542327 0.886310756
    endloop
  endfacet
  facet normal 0.0321641773 -0.997846782 0.0571600026
    outer loop
      vertex 0.0959926993 0.810265958 0.808181465
      vertex 0.151861817 0.816542327 0.886310756
      vertex 0.084698759 0.810550928 0.819511354
    endloop
  endfacet
  facet normal 0.0321609331 -0.997846754 0.0571623181
    outer loop
      vertex 0.00624174858 0.804844558 0.764041722
      vertex 0.0734048113 0.810835898 0.830841184
      vertex 0.0621108711 0.811120927 0.842171013
    endloop
  endfacet
  facet normal 0.0321639973 -0.99784678 0.0571601291
    outer loop
      vertex 0.00624174858 0.804844558 0.764041722
      vertex 0.0621108711 0.811120927 0.842171013
      vertex -0.00505219353 0.805129528 0.775371552
    endloop
  endfacet
  facet normal 0.032163545 -0.99784682 0.057159695
    outer loop
      vertex 0.0175356902 0.804559588 0.752711892
      vertex 0.084698759 0.810550928 0.819511354
      vertex 0.0734048113 0.810835898 0.830841184
    endloop
  endfacet
  facet normal 0.032163555 -0.99784682 0.0571596878
    outer loop
      vertex 0.0175356902 0.804559588 0.752711892
      vertex 0.0734048113 0.810835898 0.830841184
      vertex 0.00624174858 0.804844558 0.764041722
    endloop
  endfacet
  facet normal 0.0321637063 -0.997846824 0.0571595341
    outer loop
      vertex 0.0288296323 0.804274619 0.741382003
      vertex 0.0959926993 0.810265958 0.808181465
      vertex 0.084698759 0.810550928 0.819511354
    endloop
  endfacet
  facet normal 0.0321637032 -0.997846824 0.0571595363
    outer loop
      vertex 0.0288296323 0.804274619 0.741382003
      vertex 0.084698759 0.810550928 0.819511354
      vertex 0.0175356902 0.804559588 0.752711892
    endloop
  endfacet
  facet normal 0.0321635541 -0.99784682 0.0571596883
    outer loop
      vertex -0.0609213151 0.798853219 0.69724226
      vertex 0.00624174858 0.804844558 0.764041722
      vertex -0.00505219353 0.805129528 0.775371552
    endloop
  endfacet
  facet normal 0.032163551 -0.99784682 0.0571596905
    outer loop
      vertex -0.0609213151 0.798853219 0.69724226
      vertex -0.00505219353 0.805129528 0.775371552
      vertex -0.0722152591 0.799138188 0.70857209
    endloop
  endfacet
  facet normal 0.03216603 -0.997846882 0.0571572038
    outer loop
      vertex -0.055274345 0.798710704 0.691577315
      vertex -0.0496273749 0.798568249 0.68591243
      vertex 0.0175356902 0.804559588 0.752711892
    endloop
  endfacet
  facet normal 0.0321610832 -0.997846757 0.0571621671
    outer loop
      vertex 0.00624174858 0.804844558 0.764041722
      vertex -0.0609213151 0.798853219 0.69724226
      vertex -0.055274345 0.798710704 0.691577315
    endloop
  endfacet
  facet normal 0.0321637636 -0.997846801 0.0571598953
    outer loop
      vertex 0.0175356902 0.804559588 0.752711892
      vertex 0.00624174858 0.804844558 0.764041722
      vertex -0.055274345 0.798710704 0.691577315
    endloop
  endfacet
  facet normal 0.0321663302 -0.99784689 0.0571569018
    outer loop
      vertex -0.0439804047 0.798425734 0.680247486
      vertex -0.0383334346 0.798283279 0.674582541
      vertex 0.0288296323 0.804274619 0.741382003
    endloop
  endfacet
  facet normal 0.0321610828 -0.997846757 0.0571621668
    outer loop
      vertex 0.0175356902 0.804559588 0.752711892
      vertex -0.0496273749 0.798568249 0.68591243
      vertex -0.0439804047 0.798425734 0.680247486
    endloop
  endfacet
  facet normal 0.0321639256 -0.997846804 0.0571597574
    outer loop
      vertex 0.0288296323 0.804274619 0.741382003
      vertex 0.0175356902 0.804559588 0.752711892
      vertex -0.0439804047 0.798425734 0.680247486
    endloop
  endfacet
  facet normal 0.0321635748 -0.997846818 0.0571597141
    outer loop
      vertex -0.0945028514 0.795857549 0.663842559
      vertex -0.0609213151 0.798853219 0.69724226
      vertex -0.0722152591 0.799138188 0.70857209
    endloop
  endfacet
  facet normal 0.0321617869 -0.997846676 0.0571631885
    outer loop
      vertex -0.139378324 0.793146849 0.641772628
      vertex -0.128084376 0.792861819 0.630442798
      vertex -0.0945028514 0.795857549 0.663842559
    endloop
  endfacet
  facet normal 0.0321634813 -0.997846818 0.0571597607
    outer loop
      vertex -0.0722152591 0.799138188 0.70857209
      vertex -0.139378324 0.793146849 0.641772628
      vertex -0.0945028514 0.795857549 0.663842559
    endloop
  endfacet
  facet normal 0.0321611064 -0.997846755 0.0571621903
    outer loop
      vertex -0.055274345 0.798710704 0.691577315
      vertex -0.0609213151 0.798853219 0.69724226
      vertex -0.0945028514 0.795857549 0.663842559
    endloop
  endfacet
  facet normal 0.0321609219 -0.997846753 0.0571623282
    outer loop
      vertex -0.195247442 0.78687048 0.563643336
      vertex -0.128084376 0.792861819 0.630442798
      vertex -0.139378324 0.793146849 0.641772628
    endloop
  endfacet
  facet normal 0.032164165 -0.997846782 0.0571600114
    outer loop
      vertex -0.195247442 0.78687048 0.563643336
      vertex -0.139378324 0.793146849 0.641772628
      vertex -0.206541389 0.787155449 0.574973226
    endloop
  endfacet
  facet normal 0.0321663412 -0.99784689 0.0571568917
    outer loop
      vertex -0.12243741 0.792719364 0.624777853
      vertex -0.128084376 0.792861819 0.630442798
      vertex -0.195247442 0.78687048 0.563643336
    endloop
  endfacet
  facet normal 0.0321607698 -0.99784675 0.0571624772
    outer loop
      vertex -0.183953509 0.78658551 0.552313507
      vertex -0.116790436 0.792576849 0.619112968
      vertex -0.12243741 0.792719364 0.624777853
    endloop
  endfacet
  facet normal 0.0321638014 -0.997846799 0.0571599078
    outer loop
      vertex -0.195247442 0.78687048 0.563643336
      vertex -0.183953509 0.78658551 0.552313507
      vertex -0.12243741 0.792719364 0.624777853
    endloop
  endfacet
  facet normal 0.0321663394 -0.99784689 0.0571568899
    outer loop
      vertex -0.11114347 0.792434394 0.613448024
      vertex -0.116790436 0.792576849 0.619112968
      vertex -0.183953509 0.78658551 0.552313507
    endloop
  endfacet
  facet normal 0.0321610722 -0.997846757 0.0571621774
    outer loop
      vertex -0.172659561 0.78630054 0.540983617
      vertex -0.105496496 0.79229188 0.607783079
      vertex -0.11114347 0.792434394 0.613448024
    endloop
  endfacet
  facet normal 0.0321639179 -0.997846804 0.0571597656
    outer loop
      vertex -0.183953509 0.78658551 0.552313507
      vertex -0.172659561 0.78630054 0.540983617
      vertex -0.11114347 0.792434394 0.613448024
    endloop
  endfacet
  facet normal 0.0321636926 -0.997846824 0.0571595416
    outer loop
      vertex -0.262410522 0.78087914 0.496843874
      vertex -0.195247442 0.78687048 0.563643336
      vertex -0.206541389 0.787155449 0.574973226
    endloop
  endfacet
  facet normal 0.032163742 -0.997846824 0.0571595063
    outer loop
      vertex -0.262410522 0.78087914 0.496843874
      vertex -0.206541389 0.787155449 0.574973226
      vertex -0.273704439 0.78116411 0.508173764
    endloop
  endfacet
  facet normal 0.0321635543 -0.997846821 0.0571596621
    outer loop
      vertex -0.251116574 0.78059417 0.485514015
      vertex -0.183953509 0.78658551 0.552313507
      vertex -0.195247442 0.78687048 0.563643336
    endloop
  endfacet
  facet normal 0.0321636174 -0.997846822 0.057159617
    outer loop
      vertex -0.251116574 0.78059417 0.485514015
      vertex -0.195247442 0.78687048 0.563643336
      vertex -0.262410522 0.78087914 0.496843874
    endloop
  endfacet
  facet normal 0.0321636962 -0.997846823 0.0571595451
    outer loop
      vertex -0.239822626 0.7803092 0.474184155
      vertex -0.172659561 0.78630054 0.540983617
      vertex -0.183953509 0.78658551 0.552313507
    endloop
  endfacet
  facet normal 0.0321636083 -0.997846823 0.0571596079
    outer loop
      vertex -0.239822626 0.7803092 0.474184155
      vertex -0.183953509 0.78658551 0.552313507
      vertex -0.251116574 0.78059417 0.485514015
    endloop
  endfacet
  facet normal 0.0321622171 -0.997846808 0.0571606512
    outer loop
      vertex 0.263600081 0.829095006 1.0425694
      vertex 0.319469184 0.835371315 1.12069869
      vertex 0.282727689 0.832093775 1.08415616
    endloop
  endfacet
  facet normal 0.0321481955 -0.997846454 0.0571747174
    outer loop
      vertex 0.218028948 0.826279461 1.01906109
      vertex 0.245986193 0.828816175 1.0476135
      vertex 0.209244698 0.825538635 1.01107097
    endloop
  endfacet
  facet normal 0.0321648585 -0.997846792 0.0571594352
    outer loop
      vertex 0.263600081 0.829095006 1.0425694
      vertex 0.282727689 0.832093775 1.08415616
      vertex 0.245986193 0.828816175 1.0476135
    endloop
  endfacet
  facet normal 0.0321624265 -0.997846772 0.0571611613
    outer loop
      vertex 0.245856076 0.825443149 0.988803804
      vertex 0.286187947 0.828525007 1.01990974
      vertex 0.263600081 0.829095006 1.0425694
    endloop
  endfacet
  facet normal 0.032162883 -0.997846814 0.0571601755
    outer loop
      vertex 0.263600081 0.829095006 1.0425694
      vertex 0.346562833 0.834557056 1.09123909
      vertex 0.319469184 0.835371315 1.12069869
    endloop
  endfacet
  facet normal 0.0321625964 -0.997846796 0.0571606395
    outer loop
      vertex 0.19212994 0.820888162 0.939518631
      vertex 0.165937588 0.82167536 0.967998326
      vertex 0.129273936 0.817112267 0.908970475
    endloop
  endfacet
  facet normal 0.0321646358 -0.997846844 0.0571586546
    outer loop
      vertex 0.263600081 0.829095006 1.0425694
      vertex 0.245986193 0.828816175 1.0476135
      vertex 0.218028948 0.826279461 1.01906109
    endloop
  endfacet
  facet normal 0.0321629179 -0.997846799 0.0571604082
    outer loop
      vertex 0.118837669 0.817473769 0.921153367
      vertex 0.0717377588 0.813272178 0.874308467
      vertex 0.0621108711 0.811120927 0.842171013
    endloop
  endfacet
  facet normal 0.0321626297 -0.997846797 0.057160615
    outer loop
      vertex 0.118837669 0.817473769 0.921153367
      vertex 0.0621108711 0.811120927 0.842171013
      vertex 0.129273936 0.817112267 0.908970475
    endloop
  endfacet
  facet normal 0.0321629999 -0.997846801 0.0571603247
    outer loop
      vertex -0.00505219353 0.805129528 0.775371552
      vertex 0.0246378426 0.809070528 0.827463508
      vertex -0.02246207 0.804868937 0.780618608
    endloop
  endfacet
  facet normal 0.0321646072 -0.997846774 0.0571599005
    outer loop
      vertex 0.0621108711 0.811120927 0.842171013
      vertex 0.0717377588 0.813272178 0.874308467
      vertex 0.0246378426 0.809070528 0.827463508
    endloop
  endfacet
  facet normal 0.0321632171 -0.997846849 0.0571593689
    outer loop
      vertex 0.129273936 0.817112267 0.908970475
      vertex 0.140567884 0.816827297 0.897640646
      vertex 0.19212994 0.820888162 0.939518631
    endloop
  endfacet
  facet normal 0.0321648579 -0.997846802 0.0571592658
    outer loop
      vertex 0.0621108711 0.811120927 0.842171013
      vertex 0.0246378426 0.809070528 0.827463508
      vertex -0.00505219353 0.805129528 0.775371552
    endloop
  endfacet
  facet normal 0.0321632446 -0.997846807 0.0571600804
    outer loop
      vertex -0.02246207 0.804868937 0.780618608
      vertex -0.0695619807 0.800667346 0.733773708
      vertex -0.0722152591 0.799138188 0.70857209
    endloop
  endfacet
  facet normal 0.0321629811 -0.997846805 0.0571602622
    outer loop
      vertex -0.02246207 0.804868937 0.780618608
      vertex -0.0722152591 0.799138188 0.70857209
      vertex -0.00505219353 0.805129528 0.775371552
    endloop
  endfacet
  facet normal 0.0321633712 -0.997846855 0.0571591797
    outer loop
      vertex 0.151861817 0.816542327 0.886310756
      vertex 0.19212994 0.820888162 0.939518631
      vertex 0.140567884 0.816827297 0.897640646
    endloop
  endfacet
  facet normal 0.0321626323 -0.997846796 0.0571606172
    outer loop
      vertex 0.118837669 0.817473769 0.921153367
      vertex 0.129273936 0.817112267 0.908970475
      vertex 0.165937588 0.82167536 0.967998326
    endloop
  endfacet
  facet normal 0.0321637857 -0.997846829 0.0571594045
    outer loop
      vertex 0.219024882 0.822533667 0.953110218
      vertex 0.286187947 0.828525007 1.01990974
      vertex 0.245856076 0.825443149 0.988803804
    endloop
  endfacet
  facet normal 0.0321623481 -0.997846779 0.0571610834
    outer loop
      vertex 0.263600081 0.829095006 1.0425694
      vertex 0.286187947 0.828525007 1.01990974
      vertex 0.346562833 0.834557056 1.09123909
    endloop
  endfacet
  facet normal 0.0321657155 -0.997846849 0.0571579556
    outer loop
      vertex 0.245856076 0.825443149 0.988803804
      vertex 0.218993008 0.823165655 0.964161217
      vertex 0.219024882 0.822533667 0.953110218
    endloop
  endfacet
  facet normal 0.0321657155 -0.997846849 0.0571579556
    outer loop
      vertex 0.219024882 0.822533667 0.953110218
      vertex 0.218993008 0.823165655 0.964161217
      vertex 0.19212994 0.820888162 0.939518631
    endloop
  endfacet
  facet normal 0.0321635247 -0.997846757 0.0571607979
    outer loop
      vertex 0.245856076 0.825443149 0.988803804
      vertex 0.263600081 0.829095006 1.0425694
      vertex 0.218028948 0.826279461 1.01906109
    endloop
  endfacet
  facet normal 0.0321639129 -0.997846839 0.0571591568
    outer loop
      vertex 0.297481894 0.828240037 1.00857985
      vertex 0.326187611 0.829508305 1.01456749
      vertex 0.373656452 0.833742797 1.06177938
    endloop
  endfacet
  facet normal 0.032161616 -0.997846771 0.0571616319
    outer loop
      vertex 0.297481894 0.828240037 1.00857985
      vertex 0.230318829 0.822248697 0.941780388
      vertex 0.231249958 0.821039259 0.920143843
    endloop
  endfacet
  facet normal 0.0321661402 -0.997846819 0.0571582475
    outer loop
      vertex 0.297481894 0.828240037 1.00857985
      vertex 0.231249958 0.821039259 0.920143843
      vertex 0.278718799 0.825273812 0.967355669
    endloop
  endfacet
  facet normal 0.0321638883 -0.997846833 0.0571592735
    outer loop
      vertex 0.326187611 0.829508305 1.01456749
      vertex 0.297481894 0.828240037 1.00857985
      vertex 0.278718799 0.825273812 0.967355669
    endloop
  endfacet
  facet normal 0.0321631876 -0.997846803 0.0571601916
    outer loop
      vertex 0.373656452 0.833742797 1.06177938
      vertex 0.346562833 0.834557056 1.09123909
      vertex 0.297481894 0.828240037 1.00857985
    endloop
  endfacet
  facet normal 0.0321639131 -0.997846804 0.0571597609
    outer loop
      vertex 0.286187947 0.828525007 1.01990974
      vertex 0.297481894 0.828240037 1.00857985
      vertex 0.346562833 0.834557056 1.09123909
    endloop
  endfacet
  facet normal 0.0321619526 -0.997846779 0.0571612942
    outer loop
      vertex 0.230318829 0.822248697 0.941780388
      vertex 0.163155764 0.816257358 0.874980927
      vertex 0.183781132 0.816804767 0.872931957
    endloop
  endfacet
  facet normal 0.032161462 -0.997846776 0.0571616256
    outer loop
      vertex 0.230318829 0.822248697 0.941780388
      vertex 0.183781132 0.816804767 0.872931957
      vertex 0.231249958 0.821039259 0.920143843
    endloop
  endfacet
  facet normal 0.0321640723 -0.997846782 0.0571600536
    outer loop
      vertex 0.163155764 0.816257358 0.874980927
      vertex 0.0959926993 0.810265958 0.808181465
      vertex 0.136312306 0.812570274 0.825720131
    endloop
  endfacet
  facet normal 0.0321619447 -0.997846784 0.0571612132
    outer loop
      vertex 0.163155764 0.816257358 0.874980927
      vertex 0.136312306 0.812570274 0.825720131
      vertex 0.183781132 0.816804767 0.872931957
    endloop
  endfacet
  facet normal 0.03216268 -0.997846798 0.0571605636
    outer loop
      vertex 0.0959926993 0.810265958 0.808181465
      vertex 0.0288296323 0.804274619 0.741382003
      vertex 0.0413746387 0.804101229 0.73129642
    endloop
  endfacet
  facet normal 0.0321621351 -0.997846793 0.0571609503
    outer loop
      vertex 0.0959926993 0.810265958 0.808181465
      vertex 0.0413746387 0.804101229 0.73129642
      vertex 0.0888434649 0.808335721 0.778508306
    endloop
  endfacet
  facet normal 0.0321626387 -0.997846802 0.0571605122
    outer loop
      vertex -0.00609419448 0.799866736 0.684084594
      vertex 0.0413746387 0.804101229 0.73129642
      vertex 0.0288296323 0.804274619 0.741382003
    endloop
  endfacet
  facet normal 0.0321628744 -0.997846803 0.0571603686
    outer loop
      vertex -0.00609419448 0.799866736 0.684084594
      vertex 0.0288296323 0.804274619 0.741382003
      vertex -0.0383334346 0.798283279 0.674582541
    endloop
  endfacet
  facet normal 0.032163863 -0.997846762 0.0571605319
    outer loop
      vertex 0.0888434649 0.808335721 0.778508306
      vertex 0.136312306 0.812570274 0.825720131
      vertex 0.0959926993 0.810265958 0.808181465
    endloop
  endfacet
  facet normal 0.0321661671 -0.997846886 0.0571570663
    outer loop
      vertex 0.219024882 0.822533667 0.953110218
      vertex 0.19212994 0.820888162 0.939518631
      vertex 0.151861817 0.816542327 0.886310756
    endloop
  endfacet
  facet normal 0.0321631629 -0.99784681 0.05716008
    outer loop
      vertex -0.139378324 0.793146849 0.641772628
      vertex -0.0722152591 0.799138188 0.70857209
      vertex -0.116661899 0.796465755 0.686928749
    endloop
  endfacet
  facet normal 0.0321633276 -0.997846809 0.0571599972
    outer loop
      vertex -0.139378324 0.793146849 0.641772628
      vertex -0.116661899 0.796465755 0.686928749
      vertex -0.163761809 0.792264163 0.640083849
    endloop
  endfacet
  facet normal 0.0321631582 -0.99784681 0.0571600896
    outer loop
      vertex -0.0695619807 0.800667346 0.733773708
      vertex -0.116661899 0.796465755 0.686928749
      vertex -0.0722152591 0.799138188 0.70857209
    endloop
  endfacet
  facet normal 0.0321654729 -0.997846932 0.0571566497
    outer loop
      vertex -0.0496273749 0.798568249 0.68591243
      vertex -0.055274345 0.798710704 0.691577315
      vertex -0.0619421564 0.797881842 0.680859327
    endloop
  endfacet
  facet normal 0.0321701919 -0.997846948 0.0571537151
    outer loop
      vertex -0.0870439038 0.795770347 0.658123791
      vertex -0.0619421564 0.797881842 0.680859327
      vertex -0.055274345 0.798710704 0.691577315
    endloop
  endfacet
  facet normal 0.0321603317 -0.997846793 0.0571619764
    outer loop
      vertex -0.0870439038 0.795770347 0.658123791
      vertex -0.0945028514 0.795857549 0.663842559
      vertex -0.112145647 0.793658912 0.635388255
    endloop
  endfacet
  facet normal 0.0321608132 -0.997846741 0.0571626036
    outer loop
      vertex -0.0945028514 0.795857549 0.663842559
      vertex -0.0870439038 0.795770347 0.658123791
      vertex -0.055274345 0.798710704 0.691577315
    endloop
  endfacet
  facet normal 0.0321672558 -0.997846809 0.0571578012
    outer loop
      vertex -0.12243741 0.792719364 0.624777853
      vertex -0.112145647 0.793658912 0.635388255
      vertex -0.128084376 0.792861819 0.630442798
    endloop
  endfacet
  facet normal 0.0321625514 -0.997846662 0.0571630125
    outer loop
      vertex -0.116790436 0.792576849 0.619112968
      vertex -0.0991669148 0.793258488 0.621095955
      vertex -0.112145647 0.793658912 0.635388255
    endloop
  endfacet
  facet normal 0.0321673009 -0.997846815 0.057157657
    outer loop
      vertex -0.0945028514 0.795857549 0.663842559
      vertex -0.128084376 0.792861819 0.630442798
      vertex -0.112145647 0.793658912 0.635388255
    endloop
  endfacet
  facet normal 0.0321642185 -0.997846764 0.0571602892
    outer loop
      vertex -0.163761809 0.792264163 0.640083849
      vertex -0.210861728 0.788062513 0.59323889
      vertex -0.206541389 0.787155449 0.574973226
    endloop
  endfacet
  facet normal 0.0321632621 -0.997846759 0.0571609172
    outer loop
      vertex -0.163761809 0.792264163 0.640083849
      vertex -0.206541389 0.787155449 0.574973226
      vertex -0.139378324 0.793146849 0.641772628
    endloop
  endfacet
  facet normal 0.0321634237 -0.997846814 0.0571598595
    outer loop
      vertex -0.273704439 0.78116411 0.508173764
      vertex -0.257961631 0.783860922 0.546393991
      vertex -0.305061549 0.779659331 0.499549061
    endloop
  endfacet
  facet normal 0.0321634237 -0.997846814 0.0571598595
    outer loop
      vertex -0.273704439 0.78116411 0.508173764
      vertex -0.305061549 0.779659331 0.499549061
      vertex -0.352161467 0.77545774 0.452704132
    endloop
  endfacet
  facet normal 0.0321632644 -0.997846808 0.0571600657
    outer loop
      vertex -0.206541389 0.787155449 0.574973226
      vertex -0.210861728 0.788062513 0.59323889
      vertex -0.257961631 0.783860922 0.546393991
    endloop
  endfacet
  facet normal 0.0321641445 -0.997846788 0.0571599066
    outer loop
      vertex -0.262410522 0.78087914 0.496843874
      vertex -0.273704439 0.78116411 0.508173764
      vertex -0.321534336 0.77495867 0.426758826
    endloop
  endfacet
  facet normal 0.0321628514 -0.997846786 0.0571606661
    outer loop
      vertex -0.352161467 0.77545774 0.452704132
      vertex -0.321534336 0.77495867 0.426758826
      vertex -0.273704439 0.78116411 0.508173764
    endloop
  endfacet
  facet normal 0.0321633662 -0.997846815 0.0571598832
    outer loop
      vertex -0.273704439 0.78116411 0.508173764
      vertex -0.206541389 0.787155449 0.574973226
      vertex -0.257961631 0.783860922 0.546393991
    endloop
  endfacet
  facet normal 0.0321615861 -0.997846677 0.057163289
    outer loop
      vertex -0.112145647 0.793658912 0.635388255
      vertex -0.12243741 0.792719364 0.624777853
      vertex -0.116790436 0.792576849 0.619112968
    endloop
  endfacet
  facet normal 0.0321640168 -0.997846786 0.0571600142
    outer loop
      vertex -0.262410522 0.78087914 0.496843874
      vertex -0.321534336 0.77495867 0.426758826
      vertex -0.251116574 0.78059417 0.485514015
    endloop
  endfacet
  facet normal 0.0321625806 -0.997846624 0.0571636565
    outer loop
      vertex -0.0439804047 0.798425734 0.680247486
      vertex -0.0496273749 0.798568249 0.68591243
      vertex -0.0619421564 0.797881842 0.680859327
    endloop
  endfacet
  facet normal 0.0321628884 -0.997846885 0.057158925
    outer loop
      vertex -0.105496496 0.79229188 0.607783079
      vertex -0.0861881822 0.792858124 0.606803596
      vertex -0.0991669148 0.793258488 0.621095955
    endloop
  endfacet
  facet normal 0.0321635688 -0.997847137 0.0571541342
    outer loop
      vertex -0.11114347 0.792434394 0.613448024
      vertex -0.0991669148 0.793258488 0.621095955
      vertex -0.116790436 0.792576849 0.619112968
    endloop
  endfacet
  facet normal 0.0321622308 -0.997847256 0.0571528246
    outer loop
      vertex -0.0439804047 0.798425734 0.680247486
      vertex -0.0619421564 0.797881842 0.680859327
      vertex -0.0383334346 0.798283279 0.674582541
    endloop
  endfacet
  facet normal 0.0321626315 -0.997846764 0.0571611861
    outer loop
      vertex -0.00609419448 0.799866736 0.684084594
      vertex -0.0383334346 0.798283279 0.674582541
      vertex -0.0376914069 0.797133744 0.654154181
    endloop
  endfacet
  facet normal 0.0321644587 -0.997846702 0.05716124
    outer loop
      vertex -0.0376914069 0.797133744 0.654154181
      vertex -0.0383334346 0.798283279 0.674582541
      vertex -0.0619421564 0.797881842 0.680859327
    endloop
  endfacet
  facet normal 0.0321306476 -0.997845837 0.0571953408
    outer loop
      vertex -0.0861881822 0.792858124 0.606803596
      vertex -0.0535630248 0.795632184 0.636872768
      vertex -0.0619397946 0.794995964 0.630478919
    endloop
  endfacet
  facet normal 0.0321389416 -0.997846191 0.0571845098
    outer loop
      vertex -0.0376914069 0.797133744 0.654154181
      vertex -0.0619397946 0.794995964 0.630478919
      vertex -0.0535630248 0.795632184 0.636872768
    endloop
  endfacet
  facet normal 0.0321661243 -0.997846894 0.057156946
    outer loop
      vertex -0.101031855 0.791397691 0.589660883
      vertex -0.0535630248 0.795632184 0.636872768
      vertex -0.0861881822 0.792858124 0.606803596
    endloop
  endfacet
  facet normal 0.0321508474 -0.997846433 0.0571735962
    outer loop
      vertex -0.00609419448 0.799866736 0.684084594
      vertex -0.0376914069 0.797133744 0.654154181
      vertex -0.0535630248 0.795632184 0.636872768
    endloop
  endfacet
  facet normal 0.032159448 -0.997846902 0.0571605619
    outer loop
      vertex -0.0991669148 0.793258488 0.621095955
      vertex -0.11114347 0.792434394 0.613448024
      vertex -0.105496496 0.79229188 0.607783079
    endloop
  endfacet
  facet normal 0.0321640168 -0.997846786 0.0571600142
    outer loop
      vertex -0.239822626 0.7803092 0.474184155
      vertex -0.251116574 0.78059417 0.485514015
      vertex -0.321534336 0.77495867 0.426758826
    endloop
  endfacet
  facet normal 0.0321612586 -0.997846762 0.0571619905
    outer loop
      vertex -0.172659561 0.78630054 0.540983617
      vertex -0.239822626 0.7803092 0.474184155
      vertex -0.195969522 0.782928646 0.495237201
    endloop
  endfacet
  facet normal 0.0321635456 -0.997846755 0.0571608246
    outer loop
      vertex -0.172659561 0.78630054 0.540983617
      vertex -0.195969522 0.782928646 0.495237201
      vertex -0.148500696 0.787163198 0.542449057
    endloop
  endfacet
  facet normal 0.032163621 -0.997846822 0.0571596205
    outer loop
      vertex -0.105496496 0.79229188 0.607783079
      vertex -0.172659561 0.78630054 0.540983617
      vertex -0.148500696 0.787163198 0.542449057
    endloop
  endfacet
  facet normal 0.0321633341 -0.99784682 0.0571598093
    outer loop
      vertex -0.105496496 0.79229188 0.607783079
      vertex -0.148500696 0.787163198 0.542449057
      vertex -0.101031855 0.791397691 0.589660883
    endloop
  endfacet
  facet normal 0.0321613754 -0.997846772 0.0571617483
    outer loop
      vertex -0.239822626 0.7803092 0.474184155
      vertex -0.243438348 0.778694153 0.448025346
      vertex -0.195969522 0.782928646 0.495237201
    endloop
  endfacet
  facet normal 0.032161417 -0.997846771 0.0571617425
    outer loop
      vertex -0.239822626 0.7803092 0.474184155
      vertex -0.290907174 0.77445966 0.40081352
      vertex -0.243438348 0.778694153 0.448025346
    endloop
  endfacet
  facet normal 0.0321640954 -0.997846791 0.0571598793
    outer loop
      vertex -0.239822626 0.7803092 0.474184155
      vertex -0.321534336 0.77495867 0.426758826
      vertex -0.290907174 0.77445966 0.40081352
    endloop
  endfacet
  facet normal 0.0321629268 -0.997846839 0.0571597099
    outer loop
      vertex -0.0861881822 0.792858124 0.606803596
      vertex -0.105496496 0.79229188 0.607783079
      vertex -0.101031855 0.791397691 0.589660883
    endloop
  endfacet
  facet normal -0.705871308 0.0178118469 0.708116117
    outer loop
      vertex 0.0793047026 0.84396863 0.881079316
      vertex 0.07978715 0.82900095 0.881936729
      vertex 0.137330353 0.834134161 0.939168394
    endloop
  endfacet
  facet normal -0.705871342 0.0178114929 0.708116091
    outer loop
      vertex 0.0793047026 0.84396863 0.881079316
      vertex 0.137330353 0.834134161 0.939168394
      vertex 0.136847898 0.849101841 0.938310981
    endloop
  endfacet
  facet normal -0.705871363 0.0178107185 0.70811609
    outer loop
      vertex -0.323497683 0.808036208 0.480457604
      vertex -0.323015213 0.793068469 0.481315017
      vertex -0.265472025 0.79820168 0.538546681
    endloop
  endfacet
  facet normal -0.705871225 0.0178121343 0.708116192
    outer loop
      vertex -0.323497683 0.808036208 0.480457604
      vertex -0.265472025 0.79820168 0.538546681
      vertex -0.265954465 0.81316942 0.537689269
    endloop
  endfacet
  facet normal -0.70587134 0.0178114223 0.708116095
    outer loop
      vertex 0.0788222477 0.858936369 0.880221903
      vertex 0.0793047026 0.84396863 0.881079316
      vertex 0.136847898 0.849101841 0.938310981
    endloop
  endfacet
  facet normal -0.70587134 0.0178114223 0.708116095
    outer loop
      vertex 0.0788222477 0.858936369 0.880221903
      vertex 0.136847898 0.849101841 0.938310981
      vertex 0.136365443 0.864069581 0.937453568
    endloop
  endfacet
  facet normal -0.705872847 0.0178141745 0.708114524
    outer loop
      vertex -0.0221195705 0.857437074 0.779637814
      vertex -0.0365053713 0.856153786 0.765329838
      vertex -0.0362641439 0.848669946 0.765758574
    endloop
  endfacet
  facet normal -0.705871238 0.0178089057 0.70811626
    outer loop
      vertex -0.00749254599 0.851236522 0.794374406
      vertex -0.00773377111 0.858720362 0.79394573
      vertex -0.0221195705 0.857437074 0.779637814
    endloop
  endfacet
  facet normal -0.705871248 0.017808861 0.708116251
    outer loop
      vertex -0.0362641439 0.848669946 0.765758574
      vertex -0.00749254599 0.851236522 0.794374406
      vertex -0.0221195705 0.857437074 0.779637814
    endloop
  endfacet
  facet normal -0.705871268 0.017808903 0.708116231
    outer loop
      vertex -0.00773377111 0.858720362 0.79394573
      vertex -0.00749254599 0.851236522 0.794374406
      vertex 0.0212790519 0.853803158 0.822990239
    endloop
  endfacet
  facet normal -0.705871272 0.0178088588 0.708116227
    outer loop
      vertex -0.00773377111 0.858720362 0.79394573
      vertex 0.0212790519 0.853803158 0.822990239
      vertex 0.0210378263 0.861286998 0.822561562
    endloop
  endfacet
  facet normal -0.705871336 0.0178115981 0.708116095
    outer loop
      vertex -0.00749254599 0.851236522 0.794374406
      vertex -0.0362641439 0.848669946 0.765758574
      vertex -0.0357816927 0.833702207 0.766615987
    endloop
  endfacet
  facet normal -0.705871355 0.0178115964 0.708116076
    outer loop
      vertex 0.0217615031 0.838835418 0.823847651
      vertex 0.0212790519 0.853803158 0.822990239
      vertex -0.00749254599 0.851236522 0.794374406
    endloop
  endfacet
  facet normal -0.705871347 0.0178116326 0.708116083
    outer loop
      vertex -0.0357816927 0.833702207 0.766615987
      vertex 0.0217615031 0.838835418 0.823847651
      vertex -0.00749254599 0.851236522 0.794374406
    endloop
  endfacet
  facet normal -0.705871336 0.0178115981 0.708116095
    outer loop
      vertex 0.0500506498 0.856369734 0.851606071
      vertex 0.0212790519 0.853803158 0.822990239
      vertex 0.0217615031 0.838835418 0.823847651
    endloop
  endfacet
  facet normal -0.705871349 0.0178114215 0.708116086
    outer loop
      vertex 0.0793047026 0.84396863 0.881079316
      vertex 0.0788222477 0.858936369 0.880221903
      vertex 0.0500506498 0.856369734 0.851606071
    endloop
  endfacet
  facet normal -0.705871321 0.0178115471 0.708116111
    outer loop
      vertex 0.0217615031 0.838835418 0.823847651
      vertex 0.0793047026 0.84396863 0.881079316
      vertex 0.0500506498 0.856369734 0.851606071
    endloop
  endfacet
  facet normal -0.705871559 0.0178199211 0.708115664
    outer loop
      vertex 0.0353030115 0.866312206 0.83665508
      vertex 0.0354236253 0.862570286 0.836869478
      vertex 0.0498094261 0.863853574 0.851177394
    endloop
  endfacet
  facet normal -0.705871559 0.0178199211 0.708115664
    outer loop
      vertex 0.0353030115 0.866312206 0.83665508
      vertex 0.0498094261 0.863853574 0.851177394
      vertex 0.0496888123 0.867595494 0.850962996
    endloop
  endfacet
  facet normal -0.705871248 0.017808861 0.708116251
    outer loop
      vertex 0.0354236253 0.862570286 0.836869478
      vertex 0.0210378263 0.861286998 0.822561562
      vertex 0.0212790519 0.853803158 0.822990239
    endloop
  endfacet
  facet normal -0.705871208 0.01780904 0.708116287
    outer loop
      vertex 0.0500506498 0.856369734 0.851606071
      vertex 0.0498094261 0.863853574 0.851177394
      vertex 0.0354236253 0.862570286 0.836869478
    endloop
  endfacet
  facet normal -0.705871248 0.017808861 0.708116251
    outer loop
      vertex 0.0212790519 0.853803158 0.822990239
      vertex 0.0500506498 0.856369734 0.851606071
      vertex 0.0354236253 0.862570286 0.836869478
    endloop
  endfacet
  facet normal -0.705871272 0.0178090342 0.708116223
    outer loop
      vertex 0.0498094261 0.863853574 0.851177394
      vertex 0.0500506498 0.856369734 0.851606071
      vertex 0.0788222477 0.858936369 0.880221903
    endloop
  endfacet
  facet normal -0.705871307 0.0178086803 0.708116198
    outer loop
      vertex 0.0498094261 0.863853574 0.851177394
      vertex 0.0788222477 0.858936369 0.880221903
      vertex 0.0785810202 0.866420209 0.879793227
    endloop
  endfacet
  facet normal -0.70587161 0.0178086533 0.708115896
    outer loop
      vertex -0.151350543 0.838403523 0.651295245
      vertex -0.150868088 0.823435843 0.652152598
      vertex -0.0933248922 0.828568995 0.709384322
    endloop
  endfacet
  facet normal -0.705871305 0.0178117763 0.708116121
    outer loop
      vertex -0.151350543 0.838403523 0.651295245
      vertex -0.0933248922 0.828568995 0.709384322
      vertex -0.0938073397 0.843536735 0.708526909
    endloop
  endfacet
  facet normal -0.705871388 0.0178117689 0.708116039
    outer loop
      vertex -0.0650357455 0.846103311 0.737142742
      vertex -0.0938073397 0.843536735 0.708526909
      vertex -0.0933248922 0.828568995 0.709384322
    endloop
  endfacet
  facet normal -0.705871309 0.0178116005 0.708116122
    outer loop
      vertex -0.0357816927 0.833702207 0.766615987
      vertex -0.0362641439 0.848669946 0.765758574
      vertex -0.0650357455 0.846103311 0.737142742
    endloop
  endfacet
  facet normal -0.705871321 0.0178115471 0.708116111
    outer loop
      vertex -0.0933248922 0.828568995 0.709384322
      vertex -0.0357816927 0.833702207 0.766615987
      vertex -0.0650357455 0.846103311 0.737142742
    endloop
  endfacet
  facet normal -0.705871469 0.0178142974 0.708115894
    outer loop
      vertex -0.0940485671 0.851020575 0.708098173
      vertex -0.0938073397 0.843536735 0.708526909
      vertex -0.0650357455 0.846103311 0.737142742
    endloop
  endfacet
  facet normal -0.7058714 0.0178150053 0.708115945
    outer loop
      vertex -0.0940485671 0.851020575 0.708098173
      vertex -0.0650357455 0.846103311 0.737142742
      vertex -0.0652769655 0.853587151 0.736714005
    endloop
  endfacet
  facet normal -0.705871419 0.0178150037 0.708115927
    outer loop
      vertex -0.0652769655 0.853587151 0.736714005
      vertex -0.0650357455 0.846103311 0.737142742
      vertex -0.0362641439 0.848669946 0.765758574
    endloop
  endfacet
  facet normal -0.705871488 0.0178142958 0.708115876
    outer loop
      vertex -0.0652769655 0.853587151 0.736714005
      vertex -0.0362641439 0.848669946 0.765758574
      vertex -0.0365053713 0.856153786 0.765329838
    endloop
  endfacet
  facet normal -0.705871182 0.017810801 0.708116268
    outer loop
      vertex -0.323980123 0.823003888 0.479600221
      vertex -0.323497683 0.808036208 0.480457604
      vertex -0.265954465 0.81316942 0.537689269
    endloop
  endfacet
  facet normal -0.705871182 0.0178108055 0.708116269
    outer loop
      vertex -0.323980123 0.823003888 0.479600221
      vertex -0.265954465 0.81316942 0.537689269
      vertex -0.266436934 0.8281371 0.536831856
    endloop
  endfacet
  facet normal -0.705871568 0.0178106747 0.708115887
    outer loop
      vertex 0.118837669 0.817473769 0.921153367
      vertex 0.165937588 0.82167536 0.967998326
      vertex 0.137330353 0.834134161 0.939168394
    endloop
  endfacet
  facet normal -0.705871517 0.0178108938 0.708115932
    outer loop
      vertex 0.179681882 0.852922916 0.980913103
      vertex 0.137330353 0.834134161 0.939168394
      vertex 0.165937588 0.82167536 0.967998326
    endloop
  endfacet
  facet normal -0.705871143 0.0178097195 0.708116334
    outer loop
      vertex 0.0717377588 0.813272178 0.874308467
      vertex 0.118837669 0.817473769 0.921153367
      vertex 0.137330353 0.834134161 0.939168394
    endloop
  endfacet
  facet normal -0.705871266 0.0178105517 0.708116191
    outer loop
      vertex 0.0717377588 0.813272178 0.874308467
      vertex 0.137330353 0.834134161 0.939168394
      vertex 0.07978715 0.82900095 0.881936729
    endloop
  endfacet
  facet normal -0.7058716 0.0178108883 0.70811585
    outer loop
      vertex 0.0717377588 0.813272178 0.874308467
      vertex 0.07978715 0.82900095 0.881936729
      vertex 0.0246378426 0.809070528 0.827463508
    endloop
  endfacet
  facet normal -0.705871148 0.0178103022 0.708116315
    outer loop
      vertex -0.02246207 0.804868937 0.780618608
      vertex 0.0246378426 0.809070528 0.827463508
      vertex 0.0217615031 0.838835418 0.823847651
    endloop
  endfacet
  facet normal -0.705871318 0.0178107551 0.708116134
    outer loop
      vertex -0.02246207 0.804868937 0.780618608
      vertex 0.0217615031 0.838835418 0.823847651
      vertex -0.0357816927 0.833702207 0.766615987
    endloop
  endfacet
  facet normal -0.705871636 0.0178113959 0.708115801
    outer loop
      vertex 0.136847898 0.849101841 0.938310981
      vertex 0.179681882 0.852922916 0.980913103
      vertex 0.136365443 0.864069581 0.937453568
    endloop
  endfacet
  facet normal -0.705871644 0.0178113427 0.708115795
    outer loop
      vertex 0.193426192 0.884170473 0.993827879
      vertex 0.136365443 0.864069581 0.937453568
      vertex 0.179681882 0.852922916 0.980913103
    endloop
  endfacet
  facet normal -0.705871331 0.0178118448 0.708116094
    outer loop
      vertex 0.0217615031 0.838835418 0.823847651
      vertex 0.07978715 0.82900095 0.881936729
      vertex 0.0793047026 0.84396863 0.881079316
    endloop
  endfacet
  facet normal -0.705871488 0.0178102283 0.708115978
    outer loop
      vertex 0.07978715 0.82900095 0.881936729
      vertex 0.0217615031 0.838835418 0.823847651
      vertex 0.0246378426 0.809070528 0.827463508
    endloop
  endfacet
  facet normal -0.705871638 0.0178114665 0.708115797
    outer loop
      vertex 0.179681882 0.852922916 0.980913103
      vertex 0.136847898 0.849101841 0.938310981
      vertex 0.137330353 0.834134161 0.939168394
    endloop
  endfacet
  facet normal -0.705871181 0.0178108839 0.708116268
    outer loop
      vertex -0.0695619807 0.800667346 0.733773708
      vertex -0.02246207 0.804868937 0.780618608
      vertex -0.0357816927 0.833702207 0.766615987
    endloop
  endfacet
  facet normal -0.705871308 0.0178111472 0.708116134
    outer loop
      vertex -0.0695619807 0.800667346 0.733773708
      vertex -0.0357816927 0.833702207 0.766615987
      vertex -0.0933248922 0.828568995 0.709384322
    endloop
  endfacet
  facet normal -0.705871569 0.0178107076 0.708115885
    outer loop
      vertex -0.0933248922 0.828568995 0.709384322
      vertex -0.116661899 0.796465755 0.686928749
      vertex -0.0695619807 0.800667346 0.733773708
    endloop
  endfacet
  facet normal -0.705871217 0.0178120181 0.708116203
    outer loop
      vertex -0.150868088 0.823435843 0.652152598
      vertex -0.163761809 0.792264163 0.640083849
      vertex -0.116661899 0.796465755 0.686928749
    endloop
  endfacet
  facet normal -0.705871267 0.0178118299 0.708116158
    outer loop
      vertex -0.265472025 0.79820168 0.538546681
      vertex -0.257961631 0.783860922 0.546393991
      vertex -0.210861728 0.788062513 0.59323889
    endloop
  endfacet
  facet normal -0.705871381 0.017811859 0.708116044
    outer loop
      vertex -0.323015213 0.793068469 0.481315017
      vertex -0.352161467 0.77545774 0.452704132
      vertex -0.305061549 0.779659331 0.499549061
    endloop
  endfacet
  facet normal -0.705871376 0.0178117148 0.708116052
    outer loop
      vertex -0.305061549 0.779659331 0.499549061
      vertex -0.257961631 0.783860922 0.546393991
      vertex -0.265472025 0.79820168 0.538546681
    endloop
  endfacet
  facet normal -0.705871398 0.0178118135 0.708116027
    outer loop
      vertex -0.305061549 0.779659331 0.499549061
      vertex -0.265472025 0.79820168 0.538546681
      vertex -0.323015213 0.793068469 0.481315017
    endloop
  endfacet
  facet normal -0.705871633 0.0178123541 0.70811578
    outer loop
      vertex -0.210861728 0.788062513 0.59323889
      vertex -0.163761809 0.792264163 0.640083849
      vertex -0.150868088 0.823435843 0.652152598
    endloop
  endfacet
  facet normal -0.705871326 0.0178112764 0.708116113
    outer loop
      vertex -0.265472025 0.79820168 0.538546681
      vertex -0.210861728 0.788062513 0.59323889
      vertex -0.150868088 0.823435843 0.652152598
    endloop
  endfacet
  facet normal -0.705871681 0.0178108704 0.708115769
    outer loop
      vertex -0.0933248922 0.828568995 0.709384322
      vertex -0.150868088 0.823435843 0.652152598
      vertex -0.116661899 0.796465755 0.686928749
    endloop
  endfacet
  facet normal -0.705871408 0.017812118 0.70811601
    outer loop
      vertex -0.265954465 0.81316942 0.537689269
      vertex -0.265472025 0.79820168 0.538546681
      vertex -0.150868088 0.823435843 0.652152598
    endloop
  endfacet
  facet normal -0.705871506 0.0178107058 0.708115948
    outer loop
      vertex -0.323015213 0.793068469 0.481315017
      vertex -0.323497683 0.808036208 0.480457604
      vertex -0.367083609 0.804148078 0.437107623
    endloop
  endfacet
  facet normal -0.705871508 0.0178107719 0.708115944
    outer loop
      vertex -0.323497683 0.808036208 0.480457604
      vertex -0.323980123 0.823003888 0.479600221
      vertex -0.367083609 0.804148078 0.437107623
    endloop
  endfacet
  facet normal -0.705871358 0.0178117793 0.708116069
    outer loop
      vertex -0.352161467 0.77545774 0.452704132
      vertex -0.323015213 0.793068469 0.481315017
      vertex -0.367083609 0.804148078 0.437107623
    endloop
  endfacet
  facet normal -0.705871297 0.0178086811 0.708116207
    outer loop
      vertex -0.265954465 0.81316942 0.537689269
      vertex -0.150868088 0.823435843 0.652152598
      vertex -0.151350543 0.838403523 0.651295245
    endloop
  endfacet
  facet normal -0.705871503 0.0178107769 0.708115949
    outer loop
      vertex -0.265954465 0.81316942 0.537689269
      vertex -0.151350543 0.838403523 0.651295245
      vertex -0.266436934 0.8281371 0.536831856
    endloop
  endfacet
  facet normal -0.705871252 0.0178086852 0.708116252
    outer loop
      vertex 0.0785810202 0.866420209 0.879793227
      vertex 0.0788222477 0.858936369 0.880221903
      vertex 0.136365443 0.864069581 0.937453568
    endloop
  endfacet
  facet normal -0.705871669 0.0178199113 0.708115554
    outer loop
      vertex 0.0496888123 0.867595494 0.850962996
      vertex 0.0498094261 0.863853574 0.851177394
      vertex 0.0785810202 0.866420209 0.879793227
    endloop
  endfacet
  facet normal -0.705871434 0.0178146259 0.708115921
    outer loop
      vertex 0.024993863 0.864141703 0.826433241
      vertex 0.0210378263 0.861286998 0.822561562
      vertex 0.0354236253 0.862570286 0.836869478
    endloop
  endfacet
  facet normal -0.705871683 0.0178227175 0.708115469
    outer loop
      vertex -0.0221195705 0.857437074 0.779637814
      vertex -0.00773377111 0.858720362 0.79394573
      vertex -0.00214325963 0.86172086 0.799443007
    endloop
  endfacet
  facet normal -0.705871082 0.0178164058 0.708116228
    outer loop
      vertex -0.0221195705 0.857437074 0.779637814
      vertex -0.00214325963 0.86172086 0.799443007
      vertex -0.0292803831 0.859300077 0.772452831
    endloop
  endfacet
  facet normal -0.705871461 0.0178147016 0.708115893
    outer loop
      vertex -0.00773377111 0.858720362 0.79394573
      vertex 0.0210378263 0.861286998 0.822561562
      vertex 0.024993863 0.864141703 0.826433241
    endloop
  endfacet
  facet normal -0.705872157 0.0178245499 0.708114951
    outer loop
      vertex -0.00773377111 0.858720362 0.79394573
      vertex 0.024993863 0.864141703 0.826433241
      vertex -0.00214325963 0.86172086 0.799443007
    endloop
  endfacet
  facet normal -0.705871796 0.017816063 0.708115524
    outer loop
      vertex 0.0496888123 0.867595494 0.850962996
      vertex 0.0785810202 0.866420209 0.879793227
      vertex 0.109129615 0.876650691 0.909987628
    endloop
  endfacet
  facet normal -0.705871115 0.017805432 0.70811647
    outer loop
      vertex 0.0248330459 0.869130909 0.826147437
      vertex 0.0496888123 0.867595494 0.850962996
      vertex 0.109129615 0.876650691 0.909987628
    endloop
  endfacet
  facet normal -0.705870204 0.0178118408 0.708117217
    outer loop
      vertex 0.024993863 0.864141703 0.826433241
      vertex 0.0353030115 0.866312206 0.83665508
      vertex 0.0248330459 0.869130909 0.826147437
    endloop
  endfacet
  facet normal -0.705871102 0.0178057418 0.708116476
    outer loop
      vertex 0.0496888123 0.867595494 0.850962996
      vertex 0.0248330459 0.869130909 0.826147437
      vertex 0.0353030115 0.866312206 0.83665508
    endloop
  endfacet
  facet normal -0.705870963 0.0178199742 0.708116256
    outer loop
      vertex 0.024993863 0.864141703 0.826433241
      vertex 0.0354236253 0.862570286 0.836869478
      vertex 0.0353030115 0.866312206 0.83665508
    endloop
  endfacet
  facet normal -0.705871146 0.017811901 0.708116277
    outer loop
      vertex 0.136365443 0.864069581 0.937453568
      vertex 0.109129615 0.876650691 0.909987628
      vertex 0.0785810202 0.866420209 0.879793227
    endloop
  endfacet
  facet normal -0.705871497 0.0178104546 0.708115963
    outer loop
      vertex 0.109129615 0.876650691 0.909987628
      vertex 0.136365443 0.864069581 0.937453568
      vertex 0.193426192 0.884170473 0.993827879
    endloop
  endfacet
  facet normal -0.705870966 0.0177981107 0.708116803
    outer loop
      vertex -0.0292803831 0.859300077 0.772452831
      vertex -0.0652769655 0.853587151 0.736714005
      vertex -0.0365053713 0.856153786 0.765329838
    endloop
  endfacet
  facet normal -0.705871535 0.0178117643 0.708115892
    outer loop
      vertex -0.266436934 0.8281371 0.536831856
      vertex -0.151350543 0.838403523 0.651295245
      vertex -0.170467034 0.851708949 0.631904662
    endloop
  endfacet
  facet normal -0.70587145 0.0178109964 0.708115997
    outer loop
      vertex -0.266436934 0.8281371 0.536831856
      vertex -0.170467034 0.851708949 0.631904662
      vertex -0.24097994 0.845418751 0.561773479
    endloop
  endfacet
  facet normal -0.705870883 0.0178091711 0.708116608
    outer loop
      vertex -0.151350543 0.838403523 0.651295245
      vertex -0.0940485671 0.851020575 0.708098173
      vertex -0.0999541134 0.857999146 0.702035844
    endloop
  endfacet
  facet normal -0.70587116 0.0178101197 0.708116308
    outer loop
      vertex -0.323980123 0.823003888 0.479600221
      vertex -0.266436934 0.8281371 0.536831856
      vertex -0.24097994 0.845418751 0.561773479
    endloop
  endfacet
  facet normal -0.705871209 0.0178105224 0.708116248
    outer loop
      vertex -0.323980123 0.823003888 0.479600221
      vertex -0.24097994 0.845418751 0.561773479
      vertex -0.31149286 0.839128554 0.491642326
    endloop
  endfacet
  facet normal -0.705871387 0.0178143048 0.708115976
    outer loop
      vertex -0.0940485671 0.851020575 0.708098173
      vertex -0.151350543 0.838403523 0.651295245
      vertex -0.0938073397 0.843536735 0.708526909
    endloop
  endfacet
  facet normal -0.705871195 0.0178086474 0.708116309
    outer loop
      vertex -0.0940485671 0.851020575 0.708098173
      vertex -0.0652769655 0.853587151 0.736714005
      vertex -0.0999541134 0.857999146 0.702035844
    endloop
  endfacet
  facet normal -0.705871288 0.0178074315 0.708116247
    outer loop
      vertex -0.0652769655 0.853587151 0.736714005
      vertex -0.0294411983 0.864289343 0.772167027
      vertex -0.0999541134 0.857999146 0.702035844
    endloop
  endfacet
  facet normal -0.705871411 0.0178121107 0.708116007
    outer loop
      vertex -0.151350543 0.838403523 0.651295245
      vertex -0.0999541134 0.857999146 0.702035844
      vertex -0.170467034 0.851708949 0.631904662
    endloop
  endfacet
  facet normal -0.70587136 0.0178107549 0.708116093
    outer loop
      vertex -0.31149286 0.839128554 0.491642326
      vertex -0.382005781 0.832838416 0.421511143
      vertex -0.323980123 0.823003888 0.479600221
    endloop
  endfacet
  facet normal -0.705871882 0.0178117417 0.708115547
    outer loop
      vertex -0.0294411983 0.864289343 0.772167027
      vertex -0.0652769655 0.853587151 0.736714005
      vertex -0.0292803831 0.859300077 0.772452831
    endloop
  endfacet
  facet normal -0.70587258 0.017805904 0.708114998
    outer loop
      vertex -0.0292803831 0.859300077 0.772452831
      vertex -0.0365053713 0.856153786 0.765329838
      vertex -0.0221195705 0.857437074 0.779637814
    endloop
  endfacet
  facet normal -0.705871406 0.0178102798 0.708116058
    outer loop
      vertex -0.367083609 0.804148078 0.437107623
      vertex -0.323980123 0.823003888 0.479600221
      vertex -0.382005781 0.832838416 0.421511143
    endloop
  endfacet
  facet normal 0.70587123 -0.0178121693 -0.708116187
    outer loop
      vertex 0.282115519 0.845591128 0.970230579
      vertex 0.342273563 0.850957572 1.03006291
      vertex 0.34259519 0.840979099 1.03063452
    endloop
  endfacet
  facet normal 0.70587123 -0.0178121693 -0.708116187
    outer loop
      vertex 0.282115519 0.845591128 0.970230579
      vertex 0.34259519 0.840979099 1.03063452
      vertex 0.282437146 0.835612655 0.970802188
    endloop
  endfacet
  facet normal 0.70587123 -0.0178121693 -0.708116187
    outer loop
      vertex 0.281472236 0.865548074 0.969087362
      vertex 0.34163028 0.870914519 1.0289197
      vertex 0.341951907 0.860936046 1.02949131
    endloop
  endfacet
  facet normal 0.70587123 -0.0178121693 -0.708116187
    outer loop
      vertex 0.281472236 0.865548074 0.969087362
      vertex 0.341951907 0.860936046 1.02949131
      vertex 0.281793863 0.855569601 0.969658971
    endloop
  endfacet
  facet normal 0.705871162 -0.0178100702 -0.708116307
    outer loop
      vertex 0.281793863 0.855569601 0.969658971
      vertex 0.341951907 0.860936046 1.02949131
      vertex 0.342273563 0.850957572 1.03006291
    endloop
  endfacet
  facet normal 0.705871162 -0.0178100702 -0.708116307
    outer loop
      vertex 0.281793863 0.855569601 0.969658971
      vertex 0.342273563 0.850957572 1.03006291
      vertex 0.282115519 0.845591128 0.970230579
    endloop
  endfacet
  facet normal 0.70587123 -0.0178121693 -0.708116187
    outer loop
      vertex 0.281150609 0.875526547 0.968515754
      vertex 0.341308653 0.880892992 1.02834809
      vertex 0.34163028 0.870914519 1.0289197
    endloop
  endfacet
  facet normal 0.70587123 -0.0178121693 -0.708116187
    outer loop
      vertex 0.281150609 0.875526547 0.968515754
      vertex 0.34163028 0.870914519 1.0289197
      vertex 0.281472236 0.865548074 0.969087362
    endloop
  endfacet
  facet normal 0.705871344 -0.0178101004 -0.708116125
    outer loop
      vertex 0.281793863 0.855569601 0.969658971
      vertex 0.161477774 0.844836652 0.849994242
      vertex 0.221314192 0.86018157 0.909255028
    endloop
  endfacet
  facet normal 0.705871581 -0.017812138 -0.708115837
    outer loop
      vertex 0.161477774 0.844836652 0.849994242
      vertex 0.161156148 0.854815125 0.849422634
      vertex 0.221314192 0.86018157 0.909255028
    endloop
  endfacet
  facet normal 0.705871239 -0.0178121685 -0.708116178
    outer loop
      vertex 0.221314192 0.86018157 0.909255028
      vertex 0.281472236 0.865548074 0.969087362
      vertex 0.281793863 0.855569601 0.969658971
    endloop
  endfacet
  facet normal 0.705871298 -0.017810058 -0.708116171
    outer loop
      vertex 0.281793863 0.855569601 0.969658971
      vertex 0.282115519 0.845591128 0.970230579
      vertex 0.161799416 0.834858179 0.850565851
    endloop
  endfacet
  facet normal 0.705871376 -0.0178111037 -0.708116068
    outer loop
      vertex 0.281793863 0.855569601 0.969658971
      vertex 0.161799416 0.834858179 0.850565851
      vertex 0.161477774 0.844836652 0.849994242
    endloop
  endfacet
  facet normal 0.705871239 -0.0178121685 -0.708116178
    outer loop
      vertex 0.220992565 0.870160043 0.908683419
      vertex 0.281150609 0.875526547 0.968515754
      vertex 0.281472236 0.865548074 0.969087362
    endloop
  endfacet
  facet normal 0.705871239 -0.0178121685 -0.708116178
    outer loop
      vertex 0.220992565 0.870160043 0.908683419
      vertex 0.281472236 0.865548074 0.969087362
      vertex 0.221314192 0.86018157 0.909255028
    endloop
  endfacet
  facet normal 0.705871494 -0.0178121458 -0.708115924
    outer loop
      vertex 0.160834506 0.864793599 0.848851025
      vertex 0.220992565 0.870160043 0.908683419
      vertex 0.221314192 0.86018157 0.909255028
    endloop
  endfacet
  facet normal 0.705871547 -0.0178110884 -0.708115897
    outer loop
      vertex 0.160834506 0.864793599 0.848851025
      vertex 0.221314192 0.86018157 0.909255028
      vertex 0.161156148 0.854815125 0.849422634
    endloop
  endfacet
  facet normal 0.705871933 -0.0178115803 -0.7081155
    outer loop
      vertex 0.0709190741 0.846765399 0.759674072
      vertex 0.100998096 0.849448681 0.789590299
      vertex 0.10131973 0.839470208 0.790161908
    endloop
  endfacet
  facet normal 0.705871213 -0.0178116445 -0.708116217
    outer loop
      vertex 0.0411616862 0.834103703 0.730329514
      vertex 0.0408400521 0.844082177 0.729757905
      vertex 0.0709190741 0.846765399 0.759674072
    endloop
  endfacet
  facet normal 0.705871643 -0.0178137712 -0.708115735
    outer loop
      vertex 0.10131973 0.839470208 0.790161908
      vertex 0.0411616862 0.834103703 0.730329514
      vertex 0.0709190741 0.846765399 0.759674072
    endloop
  endfacet
  facet normal 0.705871186 -0.0178121732 -0.70811623
    outer loop
      vertex 0.100998096 0.849448681 0.789590299
      vertex 0.161156148 0.854815125 0.849422634
      vertex 0.161477774 0.844836652 0.849994242
    endloop
  endfacet
  facet normal 0.705871213 -0.0178116445 -0.708116217
    outer loop
      vertex 0.100998096 0.849448681 0.789590299
      vertex 0.161477774 0.844836652 0.849994242
      vertex 0.10131973 0.839470208 0.790161908
    endloop
  endfacet
  facet normal 0.705871196 -0.0178111197 -0.708116247
    outer loop
      vertex 0.10131973 0.839470208 0.790161908
      vertex 0.161477774 0.844836652 0.849994242
      vertex 0.161799416 0.834858179 0.850565851
    endloop
  endfacet
  facet normal 0.705871385 -0.0178074055 -0.708116152
    outer loop
      vertex 0.10131973 0.839470208 0.790161908
      vertex 0.161799416 0.834858179 0.850565851
      vertex 0.101641364 0.829491735 0.790733457
    endloop
  endfacet
  facet normal 0.705871437 -0.0178074008 -0.7081161
    outer loop
      vertex 0.0411616862 0.834103703 0.730329514
      vertex 0.10131973 0.839470208 0.790161908
      vertex 0.101641364 0.829491735 0.790733457
    endloop
  endfacet
  facet normal 0.705871222 -0.0178116437 -0.708116208
    outer loop
      vertex 0.0411616862 0.834103703 0.730329514
      vertex 0.101641364 0.829491735 0.790733457
      vertex 0.0414833203 0.82412523 0.730901122
    endloop
  endfacet
  facet normal 0.705871638 -0.0177871088 -0.70811641
    outer loop
      vertex 0.0778357685 0.866145849 0.766081393
      vertex 0.0853555277 0.86681664 0.773560464
      vertex 0.085395731 0.865569353 0.773631871
    endloop
  endfacet
  facet normal 0.705869914 -0.0178210531 -0.708117275
    outer loop
      vertex 0.0778357685 0.866145849 0.766081393
      vertex 0.085395731 0.865569353 0.773631871
      vertex 0.0778759718 0.864898562 0.766152859
    endloop
  endfacet
  facet normal 0.705871516 -0.0178204849 -0.708115692
    outer loop
      vertex 0.085395731 0.865569353 0.773631871
      vertex 0.100435242 0.866910994 0.788589954
      vertex 0.100515649 0.864416361 0.788732886
    endloop
  endfacet
  facet normal 0.705871516 -0.0178204849 -0.708115692
    outer loop
      vertex 0.085395731 0.865569353 0.773631871
      vertex 0.100515649 0.864416361 0.788732886
      vertex 0.0854761377 0.86307472 0.773774803
    endloop
  endfacet
  facet normal 0.705871638 -0.0177871088 -0.70811641
    outer loop
      vertex 0.0779563785 0.862403929 0.766295731
      vertex 0.0854761377 0.86307472 0.773774803
      vertex 0.085516341 0.861827433 0.773846209
    endloop
  endfacet
  facet normal 0.705869914 -0.0178210531 -0.708117275
    outer loop
      vertex 0.0779563785 0.862403929 0.766295731
      vertex 0.085516341 0.861827433 0.773846209
      vertex 0.0779965818 0.861156642 0.766367197
    endloop
  endfacet
  facet normal 0.705869914 -0.0178210531 -0.708117275
    outer loop
      vertex 0.0779965818 0.861156642 0.766367197
      vertex 0.085516341 0.861827433 0.773846209
      vertex 0.0855565444 0.860580146 0.773917675
    endloop
  endfacet
  facet normal 0.705870172 -0.0178159695 -0.708117146
    outer loop
      vertex 0.0779965818 0.861156642 0.766367197
      vertex 0.0855565444 0.860580146 0.773917675
      vertex 0.0780367926 0.859909296 0.766438663
    endloop
  endfacet
  facet normal 0.705872982 -0.0178157187 -0.70811435
    outer loop
      vertex 0.07047683 0.860485792 0.758888125
      vertex 0.0779965818 0.861156642 0.766367197
      vertex 0.0780367926 0.859909296 0.766438663
    endloop
  endfacet
  facet normal 0.705872724 -0.0178208023 -0.70811448
    outer loop
      vertex 0.07047683 0.860485792 0.758888125
      vertex 0.0780367926 0.859909296 0.766438663
      vertex 0.0705170333 0.859238505 0.758959591
    endloop
  endfacet
  facet normal 0.705870443 -0.0177872154 -0.708117598
    outer loop
      vertex 0.085516341 0.861827433 0.773846209
      vertex 0.0854761377 0.86307472 0.773774803
      vertex 0.100515649 0.864416361 0.788732886
    endloop
  endfacet
  facet normal 0.705871494 -0.0178209121 -0.708115703
    outer loop
      vertex 0.100596055 0.861921728 0.788875759
      vertex 0.0855565444 0.860580146 0.773917675
      vertex 0.085516341 0.861827433 0.773846209
    endloop
  endfacet
  facet normal 0.705871657 -0.0178035775 -0.708115976
    outer loop
      vertex 0.100515649 0.864416361 0.788732886
      vertex 0.100596055 0.861921728 0.788875759
      vertex 0.085516341 0.861827433 0.773846209
    endloop
  endfacet
  facet normal 0.70587148 -0.0178204881 -0.708115728
    outer loop
      vertex 0.0855565444 0.860580146 0.773917675
      vertex 0.100596055 0.861921728 0.788875759
      vertex 0.100676462 0.859427094 0.789018691
    endloop
  endfacet
  facet normal 0.70587148 -0.0178204881 -0.708115728
    outer loop
      vertex 0.0855565444 0.860580146 0.773917675
      vertex 0.100676462 0.859427094 0.789018691
      vertex 0.085636951 0.858085513 0.774060607
    endloop
  endfacet
  facet normal 0.705870321 -0.0178205915 -0.708116881
    outer loop
      vertex 0.0780367926 0.859909296 0.766438663
      vertex 0.0855565444 0.860580146 0.773917675
      vertex 0.085636951 0.858085513 0.774060607
    endloop
  endfacet
  facet normal 0.70587271 -0.0178203783 -0.708114504
    outer loop
      vertex 0.07059744 0.856743872 0.759102523
      vertex 0.0705170333 0.859238505 0.758959591
      vertex 0.0780367926 0.859909296 0.766438663
    endloop
  endfacet
  facet normal 0.705871285 -0.0178133232 -0.708116103
    outer loop
      vertex 0.085636951 0.858085513 0.774060607
      vertex 0.07059744 0.856743872 0.759102523
      vertex 0.0780367926 0.859909296 0.766438663
    endloop
  endfacet
  facet normal 0.705871516 -0.0178204849 -0.708115692
    outer loop
      vertex 0.0554775223 0.857896864 0.744001508
      vertex 0.0705170333 0.859238505 0.758959591
      vertex 0.07059744 0.856743872 0.759102523
    endloop
  endfacet
  facet normal 0.705872356 -0.01780394 -0.708115271
    outer loop
      vertex 0.0554775223 0.857896864 0.744001508
      vertex 0.07059744 0.856743872 0.759102523
      vertex 0.055557929 0.855402291 0.74414438
    endloop
  endfacet
  facet normal 0.705870951 -0.0178040653 -0.708116668
    outer loop
      vertex 0.0404380113 0.856555283 0.729043424
      vertex 0.0554775223 0.857896864 0.744001508
      vertex 0.055557929 0.855402291 0.74414438
    endloop
  endfacet
  facet normal 0.705870972 -0.0178036386 -0.708116658
    outer loop
      vertex 0.0404380113 0.856555283 0.729043424
      vertex 0.055557929 0.855402291 0.74414438
      vertex 0.040518418 0.85406065 0.729186296
    endloop
  endfacet
  facet normal 0.705871233 -0.0178122752 -0.70811618
    outer loop
      vertex 0.130594671 0.867099583 0.818649054
      vertex 0.160673693 0.869782805 0.848565221
      vertex 0.160834506 0.864793599 0.848851025
    endloop
  endfacet
  facet normal 0.705871233 -0.0178122752 -0.70811618
    outer loop
      vertex 0.130594671 0.867099583 0.818649054
      vertex 0.160834506 0.864793599 0.848851025
      vertex 0.130755484 0.862110376 0.818934858
    endloop
  endfacet
  facet normal 0.705870955 -0.0178036402 -0.708116675
    outer loop
      vertex 0.100596055 0.861921728 0.788875759
      vertex 0.100515649 0.864416361 0.788732886
      vertex 0.130594671 0.867099583 0.818649054
    endloop
  endfacet
  facet normal 0.705871516 -0.0178204849 -0.708115692
    outer loop
      vertex 0.130755484 0.862110376 0.818934858
      vertex 0.100676462 0.859427094 0.789018691
      vertex 0.100596055 0.861921728 0.788875759
    endloop
  endfacet
  facet normal 0.705871593 -0.0178122431 -0.708115822
    outer loop
      vertex 0.130594671 0.867099583 0.818649054
      vertex 0.130755484 0.862110376 0.818934858
      vertex 0.100596055 0.861921728 0.788875759
    endloop
  endfacet
  facet normal 0.705871217 -0.0178112241 -0.708116223
    outer loop
      vertex 0.100837283 0.854437888 0.789304495
      vertex 0.100676462 0.859427094 0.789018691
      vertex 0.130755484 0.862110376 0.818934858
    endloop
  endfacet
  facet normal 0.705871196 -0.0178111197 -0.708116247
    outer loop
      vertex 0.130755484 0.862110376 0.818934858
      vertex 0.160834506 0.864793599 0.848851025
      vertex 0.161156148 0.854815125 0.849422634
    endloop
  endfacet
  facet normal 0.705871189 -0.0178122791 -0.708116224
    outer loop
      vertex 0.161156148 0.854815125 0.849422634
      vertex 0.100998096 0.849448681 0.789590299
      vertex 0.100837283 0.854437888 0.789304495
    endloop
  endfacet
  facet normal 0.705871201 -0.0178110839 -0.708116243
    outer loop
      vertex 0.100837283 0.854437888 0.789304495
      vertex 0.130755484 0.862110376 0.818934858
      vertex 0.161156148 0.854815125 0.849422634
    endloop
  endfacet
  facet normal 0.705872315 -0.0178026786 -0.708115343
    outer loop
      vertex 0.055557929 0.855402291 0.74414438
      vertex 0.07059744 0.856743872 0.759102523
      vertex 0.0707582608 0.851754665 0.759388268
    endloop
  endfacet
  facet normal 0.705871234 -0.0178117489 -0.708116193
    outer loop
      vertex 0.040679235 0.849071443 0.729472101
      vertex 0.040518418 0.85406065 0.729186296
      vertex 0.055557929 0.855402291 0.74414438
    endloop
  endfacet
  facet normal 0.705871161 -0.017811386 -0.708116275
    outer loop
      vertex 0.0707582608 0.851754665 0.759388268
      vertex 0.040679235 0.849071443 0.729472101
      vertex 0.055557929 0.855402291 0.74414438
    endloop
  endfacet
  facet normal 0.705871182 -0.0178112272 -0.708116258
    outer loop
      vertex 0.085636951 0.858085513 0.774060607
      vertex 0.100676462 0.859427094 0.789018691
      vertex 0.100837283 0.854437888 0.789304495
    endloop
  endfacet
  facet normal 0.705870945 -0.0178028008 -0.708116705
    outer loop
      vertex 0.0707582608 0.851754665 0.759388268
      vertex 0.07059744 0.856743872 0.759102523
      vertex 0.085636951 0.858085513 0.774060607
    endloop
  endfacet
  facet normal 0.705871763 -0.0178068454 -0.708115789
    outer loop
      vertex 0.100837283 0.854437888 0.789304495
      vertex 0.0707582608 0.851754665 0.759388268
      vertex 0.085636951 0.858085513 0.774060607
    endloop
  endfacet
  facet normal 0.705871936 -0.0178122126 -0.708115482
    outer loop
      vertex 0.0707582608 0.851754665 0.759388268
      vertex 0.100837283 0.854437888 0.789304495
      vertex 0.100998096 0.849448681 0.789590299
    endloop
  endfacet
  facet normal 0.705871947 -0.0178119991 -0.708115476
    outer loop
      vertex 0.0707582608 0.851754665 0.759388268
      vertex 0.100998096 0.849448681 0.789590299
      vertex 0.0709190741 0.846765399 0.759674072
    endloop
  endfacet
  facet normal 0.705871183 -0.0178120673 -0.708116236
    outer loop
      vertex 0.040679235 0.849071443 0.729472101
      vertex 0.0707582608 0.851754665 0.759388268
      vertex 0.0709190741 0.846765399 0.759674072
    endloop
  endfacet
  facet normal 0.705871209 -0.0178115386 -0.708116223
    outer loop
      vertex 0.040679235 0.849071443 0.729472101
      vertex 0.0709190741 0.846765399 0.759674072
      vertex 0.0408400521 0.844082177 0.729757905
    endloop
  endfacet
  facet normal 0.705871553 -0.0178116141 -0.708115878
    outer loop
      vertex -0.0186747257 0.818758786 0.671068728
      vertex 0.0414833203 0.82412523 0.730901122
      vertex 0.0418049544 0.814146757 0.731472731
    endloop
  endfacet
  facet normal 0.705871553 -0.0178116141 -0.708115878
    outer loop
      vertex -0.0186747257 0.818758786 0.671068728
      vertex 0.0418049544 0.814146757 0.731472731
      vertex -0.0183530916 0.808780313 0.671640337
    endloop
  endfacet
  facet normal 0.705871202 -0.0178116455 -0.708116227
    outer loop
      vertex 0.0107610291 0.841398954 0.699841738
      vertex 0.0408400521 0.844082177 0.729757905
      vertex 0.0411616862 0.834103703 0.730329514
    endloop
  endfacet
  facet normal 0.705871202 -0.0178116455 -0.708116227
    outer loop
      vertex -0.0189963598 0.828737259 0.670497179
      vertex -0.0193179939 0.838715732 0.66992557
      vertex 0.0107610291 0.841398954 0.699841738
    endloop
  endfacet
  facet normal 0.705871202 -0.0178116455 -0.708116227
    outer loop
      vertex 0.0411616862 0.834103703 0.730329514
      vertex -0.0189963598 0.828737259 0.670497179
      vertex 0.0107610291 0.841398954 0.699841738
    endloop
  endfacet
  facet normal 0.705871202 -0.0178116455 -0.708116227
    outer loop
      vertex -0.0189963598 0.828737259 0.670497179
      vertex 0.0411616862 0.834103703 0.730329514
      vertex 0.0414833203 0.82412523 0.730901122
    endloop
  endfacet
  facet normal 0.705871417 -0.0178074025 -0.708116119
    outer loop
      vertex -0.0189963598 0.828737259 0.670497179
      vertex 0.0414833203 0.82412523 0.730901122
      vertex -0.0186747257 0.818758786 0.671068728
    endloop
  endfacet
  facet normal 0.705872193 -0.0178203234 -0.708115021
    outer loop
      vertex -0.0197200365 0.851188779 0.66921103
      vertex -0.019639628 0.848694205 0.669353962
      vertex -0.0497186519 0.846010923 0.639437735
    endloop
  endfacet
  facet normal 0.705870916 -0.0178031173 -0.708116727
    outer loop
      vertex -0.049879469 0.85100019 0.63915199
      vertex -0.0198004451 0.853683412 0.669068158
      vertex -0.0197200365 0.851188779 0.66921103
    endloop
  endfacet
  facet normal 0.705870916 -0.0178031173 -0.708116727
    outer loop
      vertex -0.0497186519 0.846010923 0.639437735
      vertex -0.049879469 0.85100019 0.63915199
      vertex -0.0197200365 0.851188779 0.66921103
    endloop
  endfacet
  facet normal 0.705872347 -0.0178032528 -0.708115297
    outer loop
      vertex -0.00484134164 0.857519627 0.683883309
      vertex 0.0101981703 0.858861268 0.698841453
      vertex 0.0102785779 0.856366634 0.698984325
    endloop
  endfacet
  facet normal 0.705871477 -0.0178203873 -0.708115733
    outer loop
      vertex -0.00484134164 0.857519627 0.683883309
      vertex 0.0102785779 0.856366634 0.698984325
      vertex -0.00476093311 0.855025053 0.684026241
    endloop
  endfacet
  facet normal 0.705871455 -0.0178203892 -0.708115755
    outer loop
      vertex -0.0198808536 0.856178045 0.668925226
      vertex -0.00484134164 0.857519627 0.683883309
      vertex -0.00476093311 0.855025053 0.684026241
    endloop
  endfacet
  facet normal 0.705871477 -0.0178199621 -0.708115744
    outer loop
      vertex -0.0198808536 0.856178045 0.668925226
      vertex -0.00476093311 0.855025053 0.684026241
      vertex -0.0198004451 0.853683412 0.669068158
    endloop
  endfacet
  facet normal 0.705870142 -0.0178191298 -0.708117096
    outer loop
      vertex 0.0101579661 0.860108554 0.698769987
      vertex 0.0176777206 0.860779405 0.706248999
      vertex 0.0177179258 0.859532058 0.706320465
    endloop
  endfacet
  facet normal 0.705870072 -0.0178205126 -0.708117131
    outer loop
      vertex 0.0101579661 0.860108554 0.698769987
      vertex 0.0177179258 0.859532058 0.706320465
      vertex 0.0101981703 0.858861268 0.698841453
    endloop
  endfacet
  facet normal 0.705871812 -0.0177862445 -0.708116257
    outer loop
      vertex 0.0102785779 0.856366634 0.698984325
      vertex 0.0177983344 0.857037485 0.706463397
      vertex 0.0178385377 0.855790138 0.706534803
    endloop
  endfacet
  facet normal 0.705870072 -0.0178205126 -0.708117131
    outer loop
      vertex 0.0102785779 0.856366634 0.698984325
      vertex 0.0178385377 0.855790138 0.706534803
      vertex 0.0103187822 0.855119348 0.699055791
    endloop
  endfacet
  facet normal 0.705872855 -0.0178199403 -0.708114371
    outer loop
      vertex 0.0178385377 0.855790138 0.706534803
      vertex 0.0253582951 0.856460989 0.714013875
      vertex 0.0253984984 0.855213642 0.71408534
    endloop
  endfacet
  facet normal 0.705872865 -0.0178197371 -0.708114366
    outer loop
      vertex 0.0178385377 0.855790138 0.706534803
      vertex 0.0253984984 0.855213642 0.71408534
      vertex 0.0178787429 0.854542851 0.706606269
    endloop
  endfacet
  facet normal 0.705870055 -0.0178199878 -0.708117161
    outer loop
      vertex 0.0103187822 0.855119348 0.699055791
      vertex 0.0178385377 0.855790138 0.706534803
      vertex 0.0178787429 0.854542851 0.706606269
    endloop
  endfacet
  facet normal 0.705870028 -0.0178205165 -0.708117175
    outer loop
      vertex 0.0103187822 0.855119348 0.699055791
      vertex 0.0178787429 0.854542851 0.706606269
      vertex 0.0103589864 0.853872061 0.699127257
    endloop
  endfacet
  facet normal 0.705870929 -0.0178036425 -0.708116701
    outer loop
      vertex 0.0253984984 0.855213642 0.71408534
      vertex 0.0404380113 0.856555283 0.729043424
      vertex 0.040518418 0.85406065 0.729186296
    endloop
  endfacet
  facet normal 0.705870956 -0.0178031138 -0.708116688
    outer loop
      vertex 0.0253984984 0.855213642 0.71408534
      vertex 0.040518418 0.85406065 0.729186296
      vertex 0.0254789069 0.852719009 0.714228213
    endloop
  endfacet
  facet normal 0.705872325 -0.0178029916 -0.708115325
    outer loop
      vertex 0.0178787429 0.854542851 0.706606269
      vertex 0.0253984984 0.855213642 0.71408534
      vertex 0.0254789069 0.852719009 0.714228213
    endloop
  endfacet
  facet normal 0.705869471 -0.0178032462 -0.708118164
    outer loop
      vertex 0.010439395 0.851377428 0.699270129
      vertex 0.0103589864 0.853872061 0.699127257
      vertex 0.0178787429 0.854542851 0.706606269
    endloop
  endfacet
  facet normal 0.705871174 -0.0178116733 -0.708116254
    outer loop
      vertex 0.0254789069 0.852719009 0.714228213
      vertex 0.010439395 0.851377428 0.699270129
      vertex 0.0178787429 0.854542851 0.706606269
    endloop
  endfacet
  facet normal 0.705870938 -0.017803247 -0.708116702
    outer loop
      vertex -0.0198004451 0.853683412 0.669068158
      vertex -0.00476093311 0.855025053 0.684026241
      vertex -0.00468052505 0.85253042 0.684169114
    endloop
  endfacet
  facet normal 0.705870945 -0.0178031148 -0.708116698
    outer loop
      vertex -0.0198004451 0.853683412 0.669068158
      vertex -0.00468052505 0.85253042 0.684169114
      vertex -0.0197200365 0.851188779 0.66921103
    endloop
  endfacet
  facet normal 0.705872907 -0.0178202597 -0.708114312
    outer loop
      vertex 0.0103187822 0.855119348 0.699055791
      vertex 0.0103589864 0.853872061 0.699127257
      vertex -0.00468052505 0.85253042 0.684169114
    endloop
  endfacet
  facet normal 0.705871477 -0.0178203873 -0.708115733
    outer loop
      vertex -0.00476093311 0.855025053 0.684026241
      vertex 0.0102785779 0.856366634 0.698984325
      vertex 0.0103187822 0.855119348 0.699055791
    endloop
  endfacet
  facet normal 0.705871639 -0.0178031844 -0.708116004
    outer loop
      vertex -0.00468052505 0.85253042 0.684169114
      vertex -0.00476093311 0.855025053 0.684026241
      vertex 0.0103187822 0.855119348 0.699055791
    endloop
  endfacet
  facet normal 0.70587235 -0.0178029895 -0.708115301
    outer loop
      vertex -0.00468052505 0.85253042 0.684169114
      vertex 0.0103589864 0.853872061 0.699127257
      vertex 0.010439395 0.851377428 0.699270129
    endloop
  endfacet
  facet normal 0.705871488 -0.0178199611 -0.708115733
    outer loop
      vertex -0.00468052505 0.85253042 0.684169114
      vertex 0.010439395 0.851377428 0.699270129
      vertex -0.00460011652 0.850035787 0.684312046
    endloop
  endfacet
  facet normal 0.705871488 -0.0178199611 -0.708115733
    outer loop
      vertex -0.0197200365 0.851188779 0.66921103
      vertex -0.00468052505 0.85253042 0.684169114
      vertex -0.00460011652 0.850035787 0.684312046
    endloop
  endfacet
  facet normal 0.705871466 -0.0178203882 -0.708115744
    outer loop
      vertex -0.0197200365 0.851188779 0.66921103
      vertex -0.00460011652 0.850035787 0.684312046
      vertex -0.019639628 0.848694205 0.669353962
    endloop
  endfacet
  facet normal 0.705871216 -0.017811538 -0.708116216
    outer loop
      vertex -0.00460011652 0.850035787 0.684312046
      vertex 0.010439395 0.851377428 0.699270129
      vertex 0.010600212 0.846388161 0.699555933
    endloop
  endfacet
  facet normal 0.705871181 -0.0178115411 -0.708116251
    outer loop
      vertex -0.019478811 0.843704939 0.669639766
      vertex -0.019639628 0.848694205 0.669353962
      vertex -0.00460011652 0.850035787 0.684312046
    endloop
  endfacet
  facet normal 0.705871202 -0.0178116455 -0.708116227
    outer loop
      vertex 0.010600212 0.846388161 0.699555933
      vertex -0.019478811 0.843704939 0.669639766
      vertex -0.00460011652 0.850035787 0.684312046
    endloop
  endfacet
  facet normal 0.705871234 -0.0178117489 -0.708116193
    outer loop
      vertex 0.0254789069 0.852719009 0.714228213
      vertex 0.040518418 0.85406065 0.729186296
      vertex 0.040679235 0.849071443 0.729472101
    endloop
  endfacet
  facet normal 0.70587117 -0.0178115421 -0.708116262
    outer loop
      vertex 0.010600212 0.846388161 0.699555933
      vertex 0.010439395 0.851377428 0.699270129
      vertex 0.0254789069 0.852719009 0.714228213
    endloop
  endfacet
  facet normal 0.705871225 -0.0178118154 -0.7081162
    outer loop
      vertex 0.040679235 0.849071443 0.729472101
      vertex 0.010600212 0.846388161 0.699555933
      vertex 0.0254789069 0.852719009 0.714228213
    endloop
  endfacet
  facet normal 0.705871216 -0.017811538 -0.708116216
    outer loop
      vertex 0.010600212 0.846388161 0.699555933
      vertex 0.040679235 0.849071443 0.729472101
      vertex 0.0408400521 0.844082177 0.729757905
    endloop
  endfacet
  facet normal 0.705871205 -0.0178117514 -0.708116221
    outer loop
      vertex 0.010600212 0.846388161 0.699555933
      vertex 0.0408400521 0.844082177 0.729757905
      vertex 0.0107610291 0.841398954 0.699841738
    endloop
  endfacet
  facet normal 0.705871205 -0.0178117514 -0.708116221
    outer loop
      vertex -0.019478811 0.843704939 0.669639766
      vertex 0.010600212 0.846388161 0.699555933
      vertex 0.0107610291 0.841398954 0.699841738
    endloop
  endfacet
  facet normal 0.705871205 -0.0178117514 -0.708116221
    outer loop
      vertex -0.019478811 0.843704939 0.669639766
      vertex 0.0107610291 0.841398954 0.699841738
      vertex -0.0193179939 0.838715732 0.66992557
    endloop
  endfacet
  facet normal 0.70587123 -0.0178121693 -0.708116187
    outer loop
      vertex -0.199148864 0.802659392 0.491571665
      vertex -0.138990819 0.808025837 0.551403999
      vertex -0.138669193 0.798047364 0.551975608
    endloop
  endfacet
  facet normal 0.705871338 -0.0178100478 -0.708116132
    outer loop
      vertex -0.199148864 0.802659392 0.491571665
      vertex -0.138669193 0.798047364 0.551975608
      vertex -0.198827237 0.792680919 0.492143244
    endloop
  endfacet
  facet normal 0.705871546 -0.0178121411 -0.708115872
    outer loop
      vertex -0.0785111412 0.803413868 0.611808002
      vertex -0.138669193 0.798047364 0.551975608
      vertex -0.138990819 0.808025837 0.551403999
    endloop
  endfacet
  facet normal 0.705871454 -0.0178079256 -0.70811607
    outer loop
      vertex -0.199792132 0.822616279 0.490428448
      vertex -0.139634088 0.827982783 0.550260842
      vertex -0.139312461 0.81800431 0.550832391
    endloop
  endfacet
  facet normal 0.705871233 -0.0178122752 -0.70811618
    outer loop
      vertex -0.199792132 0.822616279 0.490428448
      vertex -0.139312461 0.81800431 0.550832391
      vertex -0.199470505 0.812637866 0.491000056
    endloop
  endfacet
  facet normal 0.705871814 -0.0178111708 -0.708115629
    outer loop
      vertex -0.139312461 0.81800431 0.550832391
      vertex -0.109233432 0.820687532 0.580748618
      vertex -0.109072611 0.815698326 0.581034422
    endloop
  endfacet
  facet normal 0.705871868 -0.0178101134 -0.708115602
    outer loop
      vertex -0.139312461 0.81800431 0.550832391
      vertex -0.109072611 0.815698326 0.581034422
      vertex -0.139151633 0.813015103 0.551118195
    endloop
  endfacet
  facet normal 0.705871929 -0.0178120007 -0.708115494
    outer loop
      vertex -0.139151633 0.813015103 0.551118195
      vertex -0.109072611 0.815698326 0.581034422
      vertex -0.108911797 0.810709059 0.581320226
    endloop
  endfacet
  facet normal 0.705871929 -0.0178120007 -0.708115494
    outer loop
      vertex -0.139151633 0.813015103 0.551118195
      vertex -0.108911797 0.810709059 0.581320226
      vertex -0.138990819 0.808025837 0.551403999
    endloop
  endfacet
  facet normal 0.705871226 -0.0178120633 -0.708116193
    outer loop
      vertex -0.139151633 0.813015103 0.551118195
      vertex -0.138990819 0.808025837 0.551403999
      vertex -0.199148864 0.802659392 0.491571665
    endloop
  endfacet
  facet normal 0.705871166 -0.0178101761 -0.708116301
    outer loop
      vertex -0.199470505 0.812637866 0.491000056
      vertex -0.139312461 0.81800431 0.550832391
      vertex -0.139151633 0.813015103 0.551118195
    endloop
  endfacet
  facet normal 0.705871157 -0.0178111232 -0.708116286
    outer loop
      vertex -0.199148864 0.802659392 0.491571665
      vertex -0.199470505 0.812637866 0.491000056
      vertex -0.139151633 0.813015103 0.551118195
    endloop
  endfacet
  facet normal 0.705871287 -0.0178112178 -0.708116154
    outer loop
      vertex -0.139955714 0.837961257 0.549689233
      vertex -0.1098767 0.840644479 0.579605401
      vertex -0.109715879 0.835655272 0.579891205
    endloop
  endfacet
  facet normal 0.705871244 -0.0178120618 -0.708116175
    outer loop
      vertex -0.139955714 0.837961257 0.549689233
      vertex -0.109715879 0.835655272 0.579891205
      vertex -0.139794901 0.83297199 0.549975038
    endloop
  endfacet
  facet normal 0.705871593 -0.0178122431 -0.708115822
    outer loop
      vertex -0.139794901 0.83297199 0.549975038
      vertex -0.139634088 0.827982783 0.550260842
      vertex -0.199792132 0.822616279 0.490428448
    endloop
  endfacet
  facet normal 0.705871499 -0.017812039 -0.708115921
    outer loop
      vertex -0.200113773 0.832594752 0.489856839
      vertex -0.139955714 0.837961257 0.549689233
      vertex -0.139794901 0.83297199 0.549975038
    endloop
  endfacet
  facet normal 0.705871508 -0.0178110919 -0.708115936
    outer loop
      vertex -0.199792132 0.822616279 0.490428448
      vertex -0.200113773 0.832594752 0.489856839
      vertex -0.139794901 0.83297199 0.549975038
    endloop
  endfacet
  facet normal 0.705871346 -0.017810047 -0.708116124
    outer loop
      vertex -0.259306908 0.797292888 0.4317393
      vertex -0.199148864 0.802659392 0.491571665
      vertex -0.198827237 0.792680919 0.492143244
    endloop
  endfacet
  facet normal 0.705871346 -0.017810047 -0.708116124
    outer loop
      vertex -0.259306908 0.797292888 0.4317393
      vertex -0.198827237 0.792680919 0.492143244
      vertex -0.258985281 0.787314415 0.432310879
    endloop
  endfacet
  facet normal 0.705871321 -0.0178122674 -0.708116093
    outer loop
      vertex -0.259950191 0.817249835 0.430596083
      vertex -0.199792132 0.822616279 0.490428448
      vertex -0.199470505 0.812637866 0.491000056
    endloop
  endfacet
  facet normal 0.705871434 -0.0178100459 -0.708116036
    outer loop
      vertex -0.259950191 0.817249835 0.430596083
      vertex -0.199470505 0.812637866 0.491000056
      vertex -0.259628534 0.807271361 0.431167692
    endloop
  endfacet
  facet normal 0.705871468 -0.0178110955 -0.708115976
    outer loop
      vertex -0.259628534 0.807271361 0.431167692
      vertex -0.199470505 0.812637866 0.491000056
      vertex -0.199148864 0.802659392 0.491571665
    endloop
  endfacet
  facet normal 0.705871414 -0.0178121528 -0.708116003
    outer loop
      vertex -0.259628534 0.807271361 0.431167692
      vertex -0.199148864 0.802659392 0.491571665
      vertex -0.259306908 0.797292888 0.4317393
    endloop
  endfacet
  facet normal 0.705871372 -0.0178111041 -0.708116072
    outer loop
      vertex -0.260271817 0.827228308 0.430024475
      vertex -0.200113773 0.832594752 0.489856839
      vertex -0.199792132 0.822616279 0.490428448
    endloop
  endfacet
  facet normal 0.705871318 -0.0178121614 -0.708116099
    outer loop
      vertex -0.260271817 0.827228308 0.430024475
      vertex -0.199792132 0.822616279 0.490428448
      vertex -0.259950191 0.817249835 0.430596083
    endloop
  endfacet
  facet normal 0.705871875 -0.0178112014 -0.708115568
    outer loop
      vertex 0.34259519 0.840979099 1.03063452
      vertex 0.387400746 0.864990354 1.07469416
      vertex 0.373656452 0.833742797 1.06177938
    endloop
  endfacet
  facet normal 0.705871643 -0.0178129946 -0.708115754
    outer loop
      vertex 0.326187611 0.829508305 1.01456749
      vertex 0.34259519 0.840979099 1.03063452
      vertex 0.373656452 0.833742797 1.06177938
    endloop
  endfacet
  facet normal 0.705872104 -0.0178120913 -0.708115317
    outer loop
      vertex 0.342273563 0.850957572 1.03006291
      vertex 0.387400746 0.864990354 1.07469416
      vertex 0.34259519 0.840979099 1.03063452
    endloop
  endfacet
  facet normal 0.705871333 -0.0178103237 -0.70811613
    outer loop
      vertex 0.326187611 0.829508305 1.01456749
      vertex 0.278718799 0.825273812 0.967355669
      vertex 0.282437146 0.835612655 0.970802188
    endloop
  endfacet
  facet normal 0.705871216 -0.0178117433 -0.708116211
    outer loop
      vertex 0.326187611 0.829508305 1.01456749
      vertex 0.282437146 0.835612655 0.970802188
      vertex 0.34259519 0.840979099 1.03063452
    endloop
  endfacet
  facet normal 0.705871366 -0.0178121571 -0.708116051
    outer loop
      vertex 0.161799416 0.834858179 0.850565851
      vertex 0.282115519 0.845591128 0.970230579
      vertex 0.282437146 0.835612655 0.970802188
    endloop
  endfacet
  facet normal 0.705871873 -0.0178121119 -0.708115547
    outer loop
      vertex 0.34163028 0.870914519 1.0289197
      vertex 0.387400746 0.864990354 1.07469416
      vertex 0.341951907 0.860936046 1.02949131
    endloop
  endfacet
  facet normal 0.705871805 -0.0178100128 -0.708115667
    outer loop
      vertex 0.341951907 0.860936046 1.02949131
      vertex 0.387400746 0.864990354 1.07469416
      vertex 0.342273563 0.850957572 1.03006291
    endloop
  endfacet
  facet normal 0.705871889 -0.0178118944 -0.708115536
    outer loop
      vertex 0.34163028 0.870914519 1.0289197
      vertex 0.401145071 0.89623791 1.08760893
      vertex 0.387400746 0.864990354 1.07469416
    endloop
  endfacet
  facet normal 0.70587116 -0.0178100077 -0.70811631
    outer loop
      vertex 0.281150609 0.875526547 0.968515754
      vertex 0.31971252 0.888973653 1.00661719
      vertex 0.341308653 0.880892992 1.02834809
    endloop
  endfacet
  facet normal 0.705871932 -0.0178121066 -0.708115488
    outer loop
      vertex 0.341308653 0.880892992 1.02834809
      vertex 0.401145071 0.89623791 1.08760893
      vertex 0.34163028 0.870914519 1.0289197
    endloop
  endfacet
  facet normal 0.705871117 -0.0178101729 -0.708116349
    outer loop
      vertex 0.278718799 0.825273812 0.967355669
      vertex 0.231249958 0.821039259 0.920143843
      vertex 0.282437146 0.835612655 0.970802188
    endloop
  endfacet
  facet normal 0.705871645 -0.017809602 -0.708115837
    outer loop
      vertex 0.183781132 0.816804767 0.872931957
      vertex 0.161799416 0.834858179 0.850565851
      vertex 0.231249958 0.821039259 0.920143843
    endloop
  endfacet
  facet normal 0.70587123 -0.0178105884 -0.708116226
    outer loop
      vertex 0.136312306 0.812570274 0.825720131
      vertex 0.161799416 0.834858179 0.850565851
      vertex 0.183781132 0.816804767 0.872931957
    endloop
  endfacet
  facet normal 0.705871621 -0.0178088562 -0.70811588
    outer loop
      vertex 0.0418049544 0.814146757 0.731472731
      vertex 0.0888434649 0.808335721 0.778508306
      vertex 0.0413746387 0.804101229 0.73129642
    endloop
  endfacet
  facet normal 0.705871191 -0.0178124708 -0.708116218
    outer loop
      vertex 0.101641364 0.829491735 0.790733457
      vertex 0.136312306 0.812570274 0.825720131
      vertex 0.0888434649 0.808335721 0.778508306
    endloop
  endfacet
  facet normal 0.705871339 -0.0178126478 -0.708116066
    outer loop
      vertex 0.101641364 0.829491735 0.790733457
      vertex 0.0888434649 0.808335721 0.778508306
      vertex 0.0418049544 0.814146757 0.731472731
    endloop
  endfacet
  facet normal 0.705871497 -0.0178122517 -0.708115918
    outer loop
      vertex 0.160834506 0.864793599 0.848851025
      vertex 0.160673693 0.869782805 0.848565221
      vertex 0.220992565 0.870160043 0.908683419
    endloop
  endfacet
  facet normal 0.705871222 -0.0178116437 -0.708116208
    outer loop
      vertex 0.0418049544 0.814146757 0.731472731
      vertex 0.0414833203 0.82412523 0.730901122
      vertex 0.101641364 0.829491735 0.790733457
    endloop
  endfacet
  facet normal 0.705871529 -0.0178209089 -0.708115668
    outer loop
      vertex 0.07047683 0.860485792 0.758888125
      vertex 0.0705170333 0.859238505 0.758959591
      vertex 0.0554775223 0.857896864 0.744001508
    endloop
  endfacet
  facet normal 0.705871508 -0.0178112324 -0.708115933
    outer loop
      vertex 0.101641364 0.829491735 0.790733457
      vertex 0.161799416 0.834858179 0.850565851
      vertex 0.136312306 0.812570274 0.825720131
    endloop
  endfacet
  facet normal 0.705871236 -0.0178120879 -0.708116182
    outer loop
      vertex 0.238279969 0.881709337 0.925625503
      vertex 0.281150609 0.875526547 0.968515754
      vertex 0.220992565 0.870160043 0.908683419
    endloop
  endfacet
  facet normal 0.705871367 -0.0178120831 -0.708116052
    outer loop
      vertex 0.231249958 0.821039259 0.920143843
      vertex 0.161799416 0.834858179 0.850565851
      vertex 0.282437146 0.835612655 0.970802188
    endloop
  endfacet
  facet normal 0.705871147 -0.0178096161 -0.708116333
    outer loop
      vertex 0.156847417 0.874445081 0.844633818
      vertex 0.160673693 0.869782805 0.848565221
      vertex 0.130594671 0.867099583 0.818649054
    endloop
  endfacet
  facet normal 0.705871498 -0.0178204865 -0.70811571
    outer loop
      vertex 0.100435242 0.866910994 0.788589954
      vertex 0.130594671 0.867099583 0.818649054
      vertex 0.100515649 0.864416361 0.788732886
    endloop
  endfacet
  facet normal 0.705869312 -0.0178211067 -0.708117873
    outer loop
      vertex 0.0755756795 0.862191558 0.763927937
      vertex 0.0779563785 0.862403929 0.766295731
      vertex 0.0779965818 0.861156642 0.766367197
    endloop
  endfacet
  facet normal 0.70587271 -0.0178203783 -0.708114504
    outer loop
      vertex 0.085395731 0.865569353 0.773631871
      vertex 0.0854761377 0.86307472 0.773774803
      vertex 0.0779563785 0.862403929 0.766295731
    endloop
  endfacet
  facet normal 0.705869357 -0.0178037827 -0.708118264
    outer loop
      vertex 0.085395731 0.865569353 0.773631871
      vertex 0.0779563785 0.862403929 0.766295731
      vertex 0.0778759718 0.864898562 0.766152859
    endloop
  endfacet
  facet normal 0.705871493 -0.0178083374 -0.70811602
    outer loop
      vertex 0.401145071 0.89623791 1.08760893
      vertex 0.341308653 0.880892992 1.02834809
      vertex 0.31971252 0.888973653 1.00661719
    endloop
  endfacet
  facet normal 0.705871326 -0.0178110253 -0.708116119
    outer loop
      vertex 0.31971252 0.888973653 1.00661719
      vertex 0.281150609 0.875526547 0.968515754
      vertex 0.238279969 0.881709337 0.925625503
    endloop
  endfacet
  facet normal 0.705870443 -0.0177872154 -0.708117598
    outer loop
      vertex 0.0853555277 0.86681664 0.773560464
      vertex 0.100435242 0.866910994 0.788589954
      vertex 0.085395731 0.865569353 0.773631871
    endloop
  endfacet
  facet normal 0.705871625 -0.0178213037 -0.708115563
    outer loop
      vertex 0.0754148588 0.867180765 0.763642132
      vertex 0.156847417 0.874445081 0.844633818
      vertex 0.0853555277 0.86681664 0.773560464
    endloop
  endfacet
  facet normal 0.705870402 -0.0177915131 -0.708117531
    outer loop
      vertex 0.100435242 0.866910994 0.788589954
      vertex 0.0853555277 0.86681664 0.773560464
      vertex 0.156847417 0.874445081 0.844633818
    endloop
  endfacet
  facet normal 0.705871268 -0.0178094202 -0.708116218
    outer loop
      vertex 0.160673693 0.869782805 0.848565221
      vertex 0.156847417 0.874445081 0.844633818
      vertex 0.238279969 0.881709337 0.925625503
    endloop
  endfacet
  facet normal 0.705871569 -0.0178129046 -0.708115829
    outer loop
      vertex 0.100435242 0.866910994 0.788589954
      vertex 0.156847417 0.874445081 0.844633818
      vertex 0.130594671 0.867099583 0.818649054
    endloop
  endfacet
  facet normal 0.705871491 -0.0178128716 -0.708115908
    outer loop
      vertex 0.238279969 0.881709337 0.925625503
      vertex 0.220992565 0.870160043 0.908683419
      vertex 0.160673693 0.869782805 0.848565221
    endloop
  endfacet
  facet normal 0.705871323 -0.0178181287 -0.708115944
    outer loop
      vertex 0.0554775223 0.857896864 0.744001508
      vertex 0.0484385565 0.859770775 0.736937702
      vertex 0.07047683 0.860485792 0.758888125
    endloop
  endfacet
  facet normal 0.705871458 -0.0178200649 -0.70811576
    outer loop
      vertex 0.0253984984 0.855213642 0.71408534
      vertex 0.0253582951 0.856460989 0.714013875
      vertex 0.0404380113 0.856555283 0.729043424
    endloop
  endfacet
  facet normal 0.705872085 -0.0177960638 -0.708115739
    outer loop
      vertex 0.0213014334 0.857349932 0.709947526
      vertex 0.0253582951 0.856460989 0.714013875
      vertex 0.0178385377 0.855790138 0.706534803
    endloop
  endfacet
  facet normal 0.705870011 -0.0177864051 -0.708118049
    outer loop
      vertex 0.0177983344 0.857037485 0.706463397
      vertex 0.0213014334 0.857349932 0.709947526
      vertex 0.0178385377 0.855790138 0.706534803
    endloop
  endfacet
  facet normal 0.705871476 -0.0178181294 -0.708115791
    outer loop
      vertex 0.0484385565 0.859770775 0.736937702
      vertex 0.0404380113 0.856555283 0.729043424
      vertex 0.0253582951 0.856460989 0.714013875
    endloop
  endfacet
  facet normal 0.705870793 -0.0178066396 -0.708116761
    outer loop
      vertex 0.0253582951 0.856460989 0.714013875
      vertex 0.0213014334 0.857349932 0.709947526
      vertex 0.0484385565 0.859770775 0.736937702
    endloop
  endfacet
  facet normal 0.705872997 -0.0178110653 -0.708114453
    outer loop
      vertex 0.0778759718 0.864898562 0.766152859
      vertex 0.0755756795 0.862191558 0.763927937
      vertex 0.0754148588 0.867180765 0.763642132
    endloop
  endfacet
  facet normal 0.705868755 -0.0178038364 -0.708118863
    outer loop
      vertex 0.0779563785 0.862403929 0.766295731
      vertex 0.0755756795 0.862191558 0.763927937
      vertex 0.0778759718 0.864898562 0.766152859
    endloop
  endfacet
  facet normal 0.705873991 -0.0178112905 -0.708113457
    outer loop
      vertex 0.0213014334 0.857349932 0.709947526
      vertex 0.0177179258 0.859532058 0.706320465
      vertex 0.0211406164 0.862339199 0.709661722
    endloop
  endfacet
  facet normal 0.705871108 -0.0178204202 -0.708116101
    outer loop
      vertex 0.0177179258 0.859532058 0.706320465
      vertex 0.0213014334 0.857349932 0.709947526
      vertex 0.0177983344 0.857037485 0.706463397
    endloop
  endfacet
  facet normal 0.705868206 -0.0178212054 -0.708118973
    outer loop
      vertex 0.0754148588 0.867180765 0.763642132
      vertex 0.0778357685 0.866145849 0.766081393
      vertex 0.0778759718 0.864898562 0.766152859
    endloop
  endfacet
  facet normal 0.705871245 -0.0177970415 -0.708116552
    outer loop
      vertex 0.0484385565 0.859770775 0.736937702
      vertex 0.0755756795 0.862191558 0.763927937
      vertex 0.07047683 0.860485792 0.758888125
    endloop
  endfacet
  facet normal 0.705872171 -0.0178036536 -0.708115462
    outer loop
      vertex 0.0853555277 0.86681664 0.773560464
      vertex 0.0778357685 0.866145849 0.766081393
      vertex 0.0754148588 0.867180765 0.763642132
    endloop
  endfacet
  facet normal 0.705872676 -0.017806217 -0.708114895
    outer loop
      vertex 0.0779965818 0.861156642 0.766367197
      vertex 0.07047683 0.860485792 0.758888125
      vertex 0.0755756795 0.862191558 0.763927937
    endloop
  endfacet
  facet normal 0.705871389 -0.017817672 -0.708115889
    outer loop
      vertex 0.0404380113 0.856555283 0.729043424
      vertex 0.0484385565 0.859770775 0.736937702
      vertex 0.0554775223 0.857896864 0.744001508
    endloop
  endfacet
  facet normal 0.705871253 -0.0178129138 -0.708116144
    outer loop
      vertex 0.0413746387 0.804101229 0.73129642
      vertex -0.00609419448 0.799866736 0.684084594
      vertex -0.0183530916 0.808780313 0.671640337
    endloop
  endfacet
  facet normal 0.705871464 -0.0178088468 -0.708116037
    outer loop
      vertex 0.0413746387 0.804101229 0.73129642
      vertex -0.0183530916 0.808780313 0.671640337
      vertex 0.0418049544 0.814146757 0.731472731
    endloop
  endfacet
  facet normal 0.705871232 -0.0178132682 -0.708116156
    outer loop
      vertex -0.0434672907 0.81257242 0.646510363
      vertex -0.0183530916 0.808780313 0.671640337
      vertex -0.0785111412 0.803413868 0.611808002
    endloop
  endfacet
  facet normal 0.705871283 -0.0178128349 -0.708116117
    outer loop
      vertex -0.00609419448 0.799866736 0.684084594
      vertex -0.0535630248 0.795632184 0.636872768
      vertex -0.0183530916 0.808780313 0.671640337
    endloop
  endfacet
  facet normal 0.705871377 -0.0178116299 -0.708116054
    outer loop
      vertex -0.0186747257 0.818758786 0.671068728
      vertex -0.0183530916 0.808780313 0.671640337
      vertex -0.0434672907 0.81257242 0.646510363
    endloop
  endfacet
  facet normal 0.705871626 -0.0178098789 -0.708115849
    outer loop
      vertex -0.0785111412 0.803413868 0.611808002
      vertex -0.0535630248 0.795632184 0.636872768
      vertex -0.101031855 0.791397691 0.589660883
    endloop
  endfacet
  facet normal 0.705871204 -0.0178123859 -0.708116207
    outer loop
      vertex -0.0183530916 0.808780313 0.671640337
      vertex -0.0535630248 0.795632184 0.636872768
      vertex -0.0785111412 0.803413868 0.611808002
    endloop
  endfacet
  facet normal 0.705871259 -0.0178134898 -0.708116125
    outer loop
      vertex -0.0694218874 0.814995289 0.620577097
      vertex -0.0434672907 0.81257242 0.646510363
      vertex -0.0785111412 0.803413868 0.611808002
    endloop
  endfacet
  facet normal 0.705870904 -0.0178074483 -0.70811663
    outer loop
      vertex -0.0189963598 0.828737259 0.670497179
      vertex -0.0186747257 0.818758786 0.671068728
      vertex -0.0434672907 0.81257242 0.646510363
    endloop
  endfacet
  facet normal 0.705872065 -0.0178110572 -0.708115382
    outer loop
      vertex -0.0497186519 0.846010923 0.639437735
      vertex -0.0189963598 0.828737259 0.670497179
      vertex -0.0434672907 0.81257242 0.646510363
    endloop
  endfacet
  facet normal 0.705871101 -0.0178147737 -0.708116249
    outer loop
      vertex -0.0953764915 0.817418098 0.594643831
      vertex -0.0694218874 0.814995289 0.620577097
      vertex -0.108911797 0.810709059 0.581320226
    endloop
  endfacet
  facet normal 0.705870457 -0.0178110966 -0.708116984
    outer loop
      vertex -0.102361239 0.834058523 0.58726269
      vertex -0.0953764915 0.817418098 0.594643831
      vertex -0.109233432 0.820687532 0.580748618
    endloop
  endfacet
  facet normal 0.705870473 -0.0178121305 -0.708116942
    outer loop
      vertex -0.108911797 0.810709059 0.581320226
      vertex -0.109072611 0.815698326 0.581034422
      vertex -0.0953764915 0.817418098 0.594643831
    endloop
  endfacet
  facet normal 0.705871033 -0.0178131351 -0.708116359
    outer loop
      vertex -0.0694218874 0.814995289 0.620577097
      vertex -0.0785111412 0.803413868 0.611808002
      vertex -0.108911797 0.810709059 0.581320226
    endloop
  endfacet
  facet normal 0.705870431 -0.0178112942 -0.708117005
    outer loop
      vertex -0.109072611 0.815698326 0.581034422
      vertex -0.109233432 0.820687532 0.580748618
      vertex -0.0953764915 0.817418098 0.594643831
    endloop
  endfacet
  facet normal 0.705871451 -0.0178091983 -0.70811604
    outer loop
      vertex -0.138669193 0.798047364 0.551975608
      vertex -0.0785111412 0.803413868 0.611808002
      vertex -0.101031855 0.791397691 0.589660883
    endloop
  endfacet
  facet normal 0.705871165 -0.0178120273 -0.708116254
    outer loop
      vertex -0.138669193 0.798047364 0.551975608
      vertex -0.101031855 0.791397691 0.589660883
      vertex -0.148500696 0.787163198 0.542449057
    endloop
  endfacet
  facet normal 0.705871416 -0.0178124823 -0.708115993
    outer loop
      vertex -0.198827237 0.792680919 0.492143244
      vertex -0.138669193 0.798047364 0.551975608
      vertex -0.148500696 0.787163198 0.542449057
    endloop
  endfacet
  facet normal 0.70587149 -0.0178113808 -0.708115947
    outer loop
      vertex -0.198827237 0.792680919 0.492143244
      vertex -0.148500696 0.787163198 0.542449057
      vertex -0.195969522 0.782928646 0.495237201
    endloop
  endfacet
  facet normal 0.705871783 -0.0178074761 -0.708115753
    outer loop
      vertex -0.138990819 0.808025837 0.551403999
      vertex -0.108911797 0.810709059 0.581320226
      vertex -0.0785111412 0.803413868 0.611808002
    endloop
  endfacet
  facet normal 0.705871391 -0.0178114407 -0.708116044
    outer loop
      vertex -0.258985281 0.787314415 0.432310879
      vertex -0.198827237 0.792680919 0.492143244
      vertex -0.195969522 0.782928646 0.495237201
    endloop
  endfacet
  facet normal 0.705871445 -0.0178103143 -0.708116019
    outer loop
      vertex -0.258985281 0.787314415 0.432310879
      vertex -0.195969522 0.782928646 0.495237201
      vertex -0.243438348 0.778694153 0.448025346
    endloop
  endfacet
  facet normal 0.705871244 -0.0178110096 -0.708116202
    outer loop
      vertex -0.290907174 0.77445966 0.40081352
      vertex -0.258985281 0.787314415 0.432310879
      vertex -0.243438348 0.778694153 0.448025346
    endloop
  endfacet
  facet normal 0.705871709 -0.0178079028 -0.708115816
    outer loop
      vertex -0.139634088 0.827982783 0.550260842
      vertex -0.109233432 0.820687532 0.580748618
      vertex -0.139312461 0.81800431 0.550832391
    endloop
  endfacet
  facet normal 0.705871472 -0.0178100358 -0.708115999
    outer loop
      vertex -0.305829346 0.803149998 0.385217011
      vertex -0.259306908 0.797292888 0.4317393
      vertex -0.258985281 0.787314415 0.432310879
    endloop
  endfacet
  facet normal 0.705871311 -0.017812162 -0.708116106
    outer loop
      vertex -0.259306908 0.797292888 0.4317393
      vertex -0.305829346 0.803149998 0.385217011
      vertex -0.259628534 0.807271361 0.431167692
    endloop
  endfacet
  facet normal 0.70587127 -0.0178111476 -0.708116172
    outer loop
      vertex -0.305829346 0.803149998 0.385217011
      vertex -0.258985281 0.787314415 0.432310879
      vertex -0.290907174 0.77445966 0.40081352
    endloop
  endfacet
  facet normal 0.705871211 -0.0178112246 -0.708116229
    outer loop
      vertex -0.102361239 0.834058523 0.58726269
      vertex -0.109715879 0.835655272 0.579891205
      vertex -0.1098767 0.840644479 0.579605401
    endloop
  endfacet
  facet normal 0.705871243 -0.0178100629 -0.708116226
    outer loop
      vertex -0.305829346 0.803149998 0.385217011
      vertex -0.259950191 0.817249835 0.430596083
      vertex -0.259628534 0.807271361 0.431167692
    endloop
  endfacet
  facet normal 0.705871908 -0.0178114763 -0.708115528
    outer loop
      vertex -0.0497186519 0.846010923 0.639437735
      vertex -0.019639628 0.848694205 0.669353962
      vertex -0.019478811 0.843704939 0.669639766
    endloop
  endfacet
  facet normal 0.705873715 -0.0178028676 -0.708113943
    outer loop
      vertex -0.049879469 0.85100019 0.63915199
      vertex -0.0497186519 0.846010923 0.639437735
      vertex -0.0612708554 0.854987562 0.627696395
    endloop
  endfacet
  facet normal 0.705871459 -0.0178199637 -0.708115762
    outer loop
      vertex -0.0198808536 0.856178045 0.668925226
      vertex -0.0198004451 0.853683412 0.669068158
      vertex -0.049879469 0.85100019 0.63915199
    endloop
  endfacet
  facet normal 0.705871897 -0.0178116897 -0.708115533
    outer loop
      vertex -0.0193179939 0.838715732 0.66992557
      vertex -0.0497186519 0.846010923 0.639437735
      vertex -0.019478811 0.843704939 0.669639766
    endloop
  endfacet
  facet normal 0.705869524 -0.0178035047 -0.708118105
    outer loop
      vertex 0.0102785779 0.856366634 0.698984325
      vertex 0.0101981703 0.858861268 0.698841453
      vertex 0.0177179258 0.859532058 0.706320465
    endloop
  endfacet
  facet normal 0.705872909 -0.0178202595 -0.708114309
    outer loop
      vertex 0.0102785779 0.856366634 0.698984325
      vertex 0.0177179258 0.859532058 0.706320465
      vertex 0.0177983344 0.857037485 0.706463397
    endloop
  endfacet
  facet normal 0.705876908 -0.0178185261 -0.708110366
    outer loop
      vertex 0.0211406164 0.862339199 0.709661722
      vertex 0.0177179258 0.859532058 0.706320465
      vertex 0.0176777206 0.860779405 0.706248999
    endloop
  endfacet
  facet normal 0.705870342 -0.0177858494 -0.708117734
    outer loop
      vertex 0.0101579661 0.860108554 0.698769987
      vertex -0.00484134164 0.857519627 0.683883309
      vertex -0.0198808536 0.856178045 0.668925226
    endloop
  endfacet
  facet normal 0.705871823 -0.0178136987 -0.708115557
    outer loop
      vertex -0.0198808536 0.856178045 0.668925226
      vertex 0.0211406164 0.862339199 0.709661722
      vertex 0.0101579661 0.860108554 0.698769987
    endloop
  endfacet
  facet normal 0.705871166 -0.0178032566 -0.708116474
    outer loop
      vertex -0.0612708554 0.854987562 0.627696395
      vertex 0.0211406164 0.862339199 0.709661722
      vertex -0.0198808536 0.856178045 0.668925226
    endloop
  endfacet
  facet normal 0.70587119 -0.0178163407 -0.708116121
    outer loop
      vertex -0.0612708554 0.854987562 0.627696395
      vertex -0.0198808536 0.856178045 0.668925226
      vertex -0.049879469 0.85100019 0.63915199
    endloop
  endfacet
  facet normal 0.705872896 -0.0178202607 -0.708114322
    outer loop
      vertex 0.0101981703 0.858861268 0.698841453
      vertex -0.00484134164 0.857519627 0.683883309
      vertex 0.0101579661 0.860108554 0.698769987
    endloop
  endfacet
  facet normal 0.705868923 -0.0177813397 -0.70811926
    outer loop
      vertex 0.0176777206 0.860779405 0.706248999
      vertex 0.0101579661 0.860108554 0.698769987
      vertex 0.0211406164 0.862339199 0.709661722
    endloop
  endfacet
  facet normal 0.705870148 -0.0178118156 -0.708117274
    outer loop
      vertex -0.0497186519 0.846010923 0.639437735
      vertex -0.0434672907 0.81257242 0.646510363
      vertex -0.0612708554 0.854987562 0.627696395
    endloop
  endfacet
  facet normal 0.705871815 -0.017809876 -0.708115661
    outer loop
      vertex -0.109345987 0.850699008 0.579881549
      vertex -0.102361239 0.834058523 0.58726269
      vertex -0.1098767 0.840644479 0.579605401
    endloop
  endfacet
  facet normal 0.705871169 -0.0178115722 -0.708116262
    outer loop
      vertex -0.139634088 0.827982783 0.550260842
      vertex -0.109715879 0.835655272 0.579891205
      vertex -0.102361239 0.834058523 0.58726269
    endloop
  endfacet
  facet normal 0.705871251 -0.0178122737 -0.708116163
    outer loop
      vertex -0.109715879 0.835655272 0.579891205
      vertex -0.139634088 0.827982783 0.550260842
      vertex -0.139794901 0.83297199 0.549975038
    endloop
  endfacet
  facet normal 0.705871911 -0.0178115822 -0.708115522
    outer loop
      vertex -0.0189963598 0.828737259 0.670497179
      vertex -0.0497186519 0.846010923 0.639437735
      vertex -0.0193179939 0.838715732 0.66992557
    endloop
  endfacet
  facet normal 0.705871438 -0.0178108213 -0.708116013
    outer loop
      vertex -0.179814488 0.844412744 0.509794533
      vertex -0.109345987 0.850699008 0.579881549
      vertex -0.139955714 0.837961257 0.549689233
    endloop
  endfacet
  facet normal 0.705871454 -0.0178106469 -0.708116001
    outer loop
      vertex -0.179814488 0.844412744 0.509794533
      vertex -0.139955714 0.837961257 0.549689233
      vertex -0.200113773 0.832594752 0.489856839
    endloop
  endfacet
  facet normal 0.705871242 -0.01780983 -0.708116233
    outer loop
      vertex -0.1098767 0.840644479 0.579605401
      vertex -0.139955714 0.837961257 0.549689233
      vertex -0.109345987 0.850699008 0.579881549
    endloop
  endfacet
  facet normal 0.705871341 -0.0178101559 -0.708116126
    outer loop
      vertex -0.200113773 0.832594752 0.489856839
      vertex -0.260271817 0.827228308 0.430024475
      vertex -0.250283003 0.83812654 0.439707518
    endloop
  endfacet
  facet normal 0.705871336 -0.0178102282 -0.708116129
    outer loop
      vertex -0.200113773 0.832594752 0.489856839
      vertex -0.250283003 0.83812654 0.439707518
      vertex -0.179814488 0.844412744 0.509794533
    endloop
  endfacet
  facet normal 0.705871493 -0.0178104355 -0.708115968
    outer loop
      vertex -0.260271817 0.827228308 0.430024475
      vertex -0.320751488 0.831840336 0.369620502
      vertex -0.250283003 0.83812654 0.439707518
    endloop
  endfacet
  facet normal 0.705871405 -0.0178121536 -0.708116012
    outer loop
      vertex -0.320751488 0.831840336 0.369620502
      vertex -0.260271817 0.827228308 0.430024475
      vertex -0.259950191 0.817249835 0.430596083
    endloop
  endfacet
  facet normal 0.705871471 -0.0178116609 -0.708115959
    outer loop
      vertex -0.320751488 0.831840336 0.369620502
      vertex -0.259950191 0.817249835 0.430596083
      vertex -0.305829346 0.803149998 0.385217011
    endloop
  endfacet
  facet normal 0.705871187 -0.0178118361 -0.708116237
    outer loop
      vertex -0.102361239 0.834058523 0.58726269
      vertex -0.109233432 0.820687532 0.580748618
      vertex -0.139634088 0.827982783 0.550260842
    endloop
  endfacet
  facet normal -0.0321641806 0.997846831 -0.0571591325
    outer loop
      vertex -0.236249387 0.842609584 0.510071814
      vertex -0.295010149 0.837367773 0.451629132
      vertex -0.309127599 0.83772397 0.465791464
    endloop
  endfacet
  facet normal -0.0321641607 0.99784683 -0.0571591652
    outer loop
      vertex -0.236249387 0.842609584 0.510071814
      vertex -0.309127599 0.83772397 0.465791464
      vertex -0.250366807 0.842965782 0.524234116
    endloop
  endfacet
  facet normal -0.032162591 0.99784673 -0.0571617976
    outer loop
      vertex -0.222131968 0.842253387 0.495909452
      vertex -0.28089273 0.837011516 0.43746683
      vertex -0.295010149 0.837367773 0.451629132
    endloop
  endfacet
  facet normal -0.0321642746 0.997846834 -0.0571590382
    outer loop
      vertex -0.222131968 0.842253387 0.495909452
      vertex -0.295010149 0.837367773 0.451629132
      vertex -0.236249387 0.842609584 0.510071814
    endloop
  endfacet
  facet normal -0.0321641979 0.997846827 -0.0571592021
    outer loop
      vertex -0.177488625 0.847851396 0.568514407
      vertex -0.236249387 0.842609584 0.510071814
      vertex -0.250366807 0.842965782 0.524234116
    endloop
  endfacet
  facet normal -0.0321626839 0.997846734 -0.0571616835
    outer loop
      vertex -0.177488625 0.847851396 0.568514407
      vertex -0.250366807 0.842965782 0.524234116
      vertex -0.19160606 0.848207653 0.582676768
    endloop
  endfacet
  facet normal -0.0321642891 0.997846833 -0.0571590526
    outer loop
      vertex -0.163371205 0.847495198 0.554352105
      vertex -0.222131968 0.842253387 0.495909452
      vertex -0.236249387 0.842609584 0.510071814
    endloop
  endfacet
  facet normal -0.0321641979 0.997846827 -0.0571592021
    outer loop
      vertex -0.163371205 0.847495198 0.554352105
      vertex -0.236249387 0.842609584 0.510071814
      vertex -0.177488625 0.847851396 0.568514407
    endloop
  endfacet
  facet normal -0.0321646962 0.997846781 -0.0571597147
    outer loop
      vertex -0.0158965345 0.862266421 0.729231715
      vertex -0.0305867251 0.860955954 0.714621067
      vertex -0.0341160819 0.861045003 0.718161643
    endloop
  endfacet
  facet normal -0.0321646962 0.997846781 -0.0571597147
    outer loop
      vertex -0.0158965345 0.862266421 0.729231715
      vertex -0.0341160819 0.861045003 0.718161643
      vertex -0.0194258913 0.862355471 0.732772291
    endloop
  endfacet
  facet normal -0.0321646878 0.997846781 -0.0571597232
    outer loop
      vertex -0.0194258913 0.862355471 0.732772291
      vertex -0.0341160819 0.861045003 0.718161643
      vertex -0.0376454405 0.861134052 0.721702218
    endloop
  endfacet
  facet normal -0.0321646942 0.997846782 -0.0571597127
    outer loop
      vertex -0.0194258913 0.862355471 0.732772291
      vertex -0.0376454405 0.861134052 0.721702218
      vertex -0.0229552481 0.86244452 0.736312866
    endloop
  endfacet
  facet normal -0.0321636235 0.997846877 -0.0571586478
    outer loop
      vertex -0.0341160819 0.861045003 0.718161643
      vertex -0.0305867251 0.860955954 0.714621067
      vertex -0.0599671081 0.858335078 0.685399711
    endloop
  endfacet
  facet normal -0.0321636181 0.997846877 -0.0571586593
    outer loop
      vertex -0.0670258179 0.858513176 0.692480862
      vertex -0.0376454405 0.861134052 0.721702218
      vertex -0.0341160819 0.861045003 0.718161643
    endloop
  endfacet
  facet normal -0.032163633 0.997846877 -0.0571586403
    outer loop
      vertex -0.0599671081 0.858335078 0.685399711
      vertex -0.0670258179 0.858513176 0.692480862
      vertex -0.0341160819 0.861045003 0.718161643
    endloop
  endfacet
  facet normal -0.032163635 0.997846877 -0.0571586424
    outer loop
      vertex -0.0411747955 0.861223102 0.725242794
      vertex -0.0376454405 0.861134052 0.721702218
      vertex -0.0670258179 0.858513176 0.692480862
    endloop
  endfacet
  facet normal -0.0321562912 0.997846569 -0.0571681464
    outer loop
      vertex -0.0740845352 0.858691275 0.699562073
      vertex -0.0447041541 0.861312211 0.728783369
      vertex -0.0411747955 0.861223102 0.725242794
    endloop
  endfacet
  facet normal -0.0321638856 0.99784688 -0.0571584449
    outer loop
      vertex -0.0670258179 0.858513176 0.692480862
      vertex -0.0740845352 0.858691275 0.699562073
      vertex -0.0411747955 0.861223102 0.725242794
    endloop
  endfacet
  facet normal -0.0321647026 0.997846782 -0.0571597042
    outer loop
      vertex -0.0229552481 0.86244452 0.736312866
      vertex -0.0376454405 0.861134052 0.721702218
      vertex -0.0411747955 0.861223102 0.725242794
    endloop
  endfacet
  facet normal -0.0321646962 0.997846781 -0.0571597147
    outer loop
      vertex -0.0229552481 0.86244452 0.736312866
      vertex -0.0411747955 0.861223102 0.725242794
      vertex -0.0264846049 0.862533569 0.739853442
    endloop
  endfacet
  facet normal -0.0321562912 0.997846569 -0.0571681464
    outer loop
      vertex -0.0264846049 0.862533569 0.739853442
      vertex -0.0411747955 0.861223102 0.725242794
      vertex -0.0447041541 0.861312211 0.728783369
    endloop
  endfacet
  facet normal -0.0321626669 0.997846963 -0.0571576964
    outer loop
      vertex -0.0264846049 0.862533569 0.739853442
      vertex -0.0447041541 0.861312211 0.728783369
      vertex -0.0300139617 0.862622619 0.743394017
    endloop
  endfacet
  facet normal -0.0321647047 0.997846782 -0.0571597062
    outer loop
      vertex -0.0447041541 0.861312211 0.728783369
      vertex -0.0740845352 0.858691275 0.699562073
      vertex -0.0811432451 0.858869374 0.706643224
    endloop
  endfacet
  facet normal -0.0321646983 0.997846781 -0.0571597167
    outer loop
      vertex -0.0447041541 0.861312211 0.728783369
      vertex -0.0811432451 0.858869374 0.706643224
      vertex -0.0517628677 0.861490309 0.73586452
    endloop
  endfacet
  facet normal -0.0321647047 0.997846782 -0.0571597062
    outer loop
      vertex -0.0370726772 0.862800777 0.750475168
      vertex -0.0517628677 0.861490309 0.73586452
      vertex -0.0552922226 0.861579359 0.739405096
    endloop
  endfacet
  facet normal -0.0321647047 0.997846782 -0.0571597062
    outer loop
      vertex -0.0370726772 0.862800777 0.750475168
      vertex -0.0552922226 0.861579359 0.739405096
      vertex -0.0406020321 0.862889826 0.754015744
    endloop
  endfacet
  facet normal -0.0321562997 0.99784657 -0.0571681379
    outer loop
      vertex 0.008808963 0.861643016 0.704447627
      vertex -0.00588122755 0.860332549 0.689836979
      vertex -0.00941058435 0.860421658 0.693377554
    endloop
  endfacet
  facet normal -0.032162669 0.997846962 -0.0571576984
    outer loop
      vertex 0.008808963 0.861643016 0.704447627
      vertex -0.00941058435 0.860421658 0.693377554
      vertex 0.00527960621 0.861732066 0.707988203
    endloop
  endfacet
  facet normal -0.0321646952 0.997846782 -0.0571597137
    outer loop
      vertex -0.0129399411 0.860510707 0.69691813
      vertex -0.00941058435 0.860421658 0.693377554
      vertex -0.0387909673 0.857800722 0.664156258
    endloop
  endfacet
  facet normal -0.0321646952 0.997846782 -0.0571597137
    outer loop
      vertex -0.0458496809 0.857978821 0.671237409
      vertex -0.0164692979 0.860599756 0.700458705
      vertex -0.0129399411 0.860510707 0.69691813
    endloop
  endfacet
  facet normal -0.0321646952 0.997846782 -0.0571597137
    outer loop
      vertex -0.0387909673 0.857800722 0.664156258
      vertex -0.0458496809 0.857978821 0.671237409
      vertex -0.0129399411 0.860510707 0.69691813
    endloop
  endfacet
  facet normal -0.032162669 0.997846962 -0.0571576984
    outer loop
      vertex 0.00527960621 0.861732066 0.707988203
      vertex -0.00941058435 0.860421658 0.693377554
      vertex -0.0129399411 0.860510707 0.69691813
    endloop
  endfacet
  facet normal -0.0321626682 0.997846962 -0.0571576998
    outer loop
      vertex 0.00527960621 0.861732066 0.707988203
      vertex -0.0129399411 0.860510707 0.69691813
      vertex 0.00175024918 0.861821115 0.711528778
    endloop
  endfacet
  facet normal -0.0321626692 0.997846962 -0.0571576987
    outer loop
      vertex 0.00175024918 0.861821115 0.711528778
      vertex -0.0129399411 0.860510707 0.69691813
      vertex -0.0164692979 0.860599756 0.700458705
    endloop
  endfacet
  facet normal -0.0321566649 0.997846592 -0.0571675401
    outer loop
      vertex 0.00175024918 0.861821115 0.711528778
      vertex -0.0164692979 0.860599756 0.700458705
      vertex -0.00177910761 0.861910224 0.715069413
    endloop
  endfacet
  facet normal -0.0321645803 0.997846792 -0.0571595995
    outer loop
      vertex -0.00177910761 0.861910224 0.715069413
      vertex -0.0164692979 0.860599756 0.700458705
      vertex -0.0199986547 0.860688806 0.703999281
    endloop
  endfacet
  facet normal -0.0321645795 0.997846792 -0.0571596008
    outer loop
      vertex -0.00177910761 0.861910224 0.715069413
      vertex -0.0199986547 0.860688806 0.703999281
      vertex -0.00530846464 0.861999273 0.718609989
    endloop
  endfacet
  facet normal -0.0321645806 0.997846792 -0.0571595997
    outer loop
      vertex -0.00530846464 0.861999273 0.718609989
      vertex -0.0199986547 0.860688806 0.703999281
      vertex -0.0235280115 0.860777855 0.707539856
    endloop
  endfacet
  facet normal -0.0321645822 0.997846792 -0.0571595971
    outer loop
      vertex -0.00530846464 0.861999273 0.718609989
      vertex -0.0235280115 0.860777855 0.707539856
      vertex -0.00883782096 0.862088323 0.722150564
    endloop
  endfacet
  facet normal -0.0321646952 0.997846782 -0.0571597137
    outer loop
      vertex -0.0199986547 0.860688806 0.703999281
      vertex -0.0164692979 0.860599756 0.700458705
      vertex -0.0458496809 0.857978821 0.671237409
    endloop
  endfacet
  facet normal -0.0321646952 0.997846782 -0.0571597137
    outer loop
      vertex -0.0529083945 0.858156919 0.67831856
      vertex -0.0235280115 0.860777855 0.707539856
      vertex -0.0199986547 0.860688806 0.703999281
    endloop
  endfacet
  facet normal -0.0321646952 0.997846782 -0.0571597137
    outer loop
      vertex -0.0458496809 0.857978821 0.671237409
      vertex -0.0529083945 0.858156919 0.67831856
      vertex -0.0199986547 0.860688806 0.703999281
    endloop
  endfacet
  facet normal -0.0321651762 0.997846794 -0.0571592312
    outer loop
      vertex -0.0270573683 0.860866904 0.711080492
      vertex -0.0235280115 0.860777855 0.707539856
      vertex -0.0529083945 0.858156919 0.67831856
    endloop
  endfacet
  facet normal -0.0321636235 0.997846877 -0.0571586478
    outer loop
      vertex -0.0599671081 0.858335078 0.685399711
      vertex -0.0305867251 0.860955954 0.714621067
      vertex -0.0270573683 0.860866904 0.711080492
    endloop
  endfacet
  facet normal -0.0321599321 0.997846726 -0.0571633635
    outer loop
      vertex -0.0529083945 0.858156919 0.67831856
      vertex -0.0599671081 0.858335078 0.685399711
      vertex -0.0270573683 0.860866904 0.711080492
    endloop
  endfacet
  facet normal -0.0321650611 0.997846804 -0.0571591167
    outer loop
      vertex -0.00883782096 0.862088323 0.722150564
      vertex -0.0235280115 0.860777855 0.707539856
      vertex -0.0270573683 0.860866904 0.711080492
    endloop
  endfacet
  facet normal -0.0321646962 0.997846781 -0.0571597147
    outer loop
      vertex -0.00883782096 0.862088323 0.722150564
      vertex -0.0270573683 0.860866904 0.711080492
      vertex -0.0123671778 0.862177372 0.72569114
    endloop
  endfacet
  facet normal -0.0321646962 0.997846781 -0.0571597147
    outer loop
      vertex -0.0123671778 0.862177372 0.72569114
      vertex -0.0270573683 0.860866904 0.711080492
      vertex -0.0305867251 0.860955954 0.714621067
    endloop
  endfacet
  facet normal -0.0321646962 0.997846781 -0.0571597147
    outer loop
      vertex -0.0123671778 0.862177372 0.72569114
      vertex -0.0305867251 0.860955954 0.714621067
      vertex -0.0158965345 0.862266421 0.729231715
    endloop
  endfacet
  facet normal -0.0321629303 0.997846827 -0.0571599068
    outer loop
      vertex -0.309127599 0.83772397 0.465791464
      vertex -0.382005781 0.832838416 0.421511143
      vertex -0.31149286 0.839128554 0.491642326
    endloop
  endfacet
  facet normal -0.0321629466 0.997846778 -0.0571607584
    outer loop
      vertex -0.31149286 0.839128554 0.491642326
      vertex -0.24097994 0.845418751 0.561773479
      vertex -0.250366807 0.842965782 0.524234116
    endloop
  endfacet
  facet normal -0.0321633811 0.997846811 -0.0571599472
    outer loop
      vertex -0.31149286 0.839128554 0.491642326
      vertex -0.250366807 0.842965782 0.524234116
      vertex -0.309127599 0.83772397 0.465791464
    endloop
  endfacet
  facet normal -0.0321643912 0.997846813 -0.0571593419
    outer loop
      vertex -0.309127599 0.83772397 0.465791464
      vertex -0.295010149 0.837367773 0.451629132
      vertex -0.351378649 0.832339346 0.395565838
    endloop
  endfacet
  facet normal -0.0321626278 0.997846809 -0.0571604026
    outer loop
      vertex -0.382005781 0.832838416 0.421511143
      vertex -0.309127599 0.83772397 0.465791464
      vertex -0.351378649 0.832339346 0.395565838
    endloop
  endfacet
  facet normal -0.0321638265 0.997846762 -0.0571605373
    outer loop
      vertex -0.24097994 0.845418751 0.561773479
      vertex -0.19160606 0.848207653 0.582676768
      vertex -0.250366807 0.842965782 0.524234116
    endloop
  endfacet
  facet normal -0.0321643314 0.997846814 -0.0571593518
    outer loop
      vertex -0.19160606 0.848207653 0.582676768
      vertex -0.24097994 0.845418751 0.561773479
      vertex -0.170467034 0.851708949 0.631904662
    endloop
  endfacet
  facet normal -0.0321615263 0.997846744 -0.057162159
    outer loop
      vertex -0.0811432451 0.858869374 0.706643224
      vertex -0.170467034 0.851708949 0.631904662
      vertex -0.0999541134 0.857999146 0.702035844
    endloop
  endfacet
  facet normal -0.0321615093 0.99784674 -0.0571622278
    outer loop
      vertex -0.0552922226 0.861579359 0.739405096
      vertex -0.0811432451 0.858869374 0.706643224
      vertex -0.0999541134 0.857999146 0.702035844
    endloop
  endfacet
  facet normal -0.0321640941 0.997846836 -0.0571590989
    outer loop
      vertex -0.0740845352 0.858691275 0.699562073
      vertex -0.170467034 0.851708949 0.631904662
      vertex -0.0811432451 0.858869374 0.706643224
    endloop
  endfacet
  facet normal -0.032162477 0.997846752 -0.0571614777
    outer loop
      vertex -0.19160606 0.848207653 0.582676768
      vertex -0.137428835 0.851565301 0.610806644
      vertex -0.177488625 0.847851396 0.568514407
    endloop
  endfacet
  facet normal -0.03215971 0.997846774 -0.0571626505
    outer loop
      vertex -0.0740845352 0.858691275 0.699562073
      vertex -0.112327084 0.853676736 0.63354218
      vertex -0.137428835 0.851565301 0.610806644
    endloop
  endfacet
  facet normal -0.0321650212 0.997846779 -0.0571595744
    outer loop
      vertex -0.112327084 0.853676736 0.63354218
      vertex -0.0740845352 0.858691275 0.699562073
      vertex -0.0670258179 0.858513176 0.692480862
    endloop
  endfacet
  facet normal -0.0321631416 0.997846804 -0.0571602038
    outer loop
      vertex -0.137428835 0.851565301 0.610806644
      vertex -0.19160606 0.848207653 0.582676768
      vertex -0.0740845352 0.858691275 0.699562073
    endloop
  endfacet
  facet normal -0.0321645417 0.997846773 -0.0571599424
    outer loop
      vertex -0.0872253403 0.855788231 0.656277716
      vertex -0.112327084 0.853676736 0.63354218
      vertex -0.0670258179 0.858513176 0.692480862
    endloop
  endfacet
  facet normal -0.0321637355 0.997846819 -0.057159608
    outer loop
      vertex -0.170467034 0.851708949 0.631904662
      vertex -0.0740845352 0.858691275 0.699562073
      vertex -0.19160606 0.848207653 0.582676768
    endloop
  endfacet
  facet normal -0.0321636033 0.997846844 -0.0571592338
    outer loop
      vertex -0.351378649 0.832339346 0.395565838
      vertex -0.28089273 0.837011516 0.43746683
      vertex -0.320751488 0.831840336 0.369620502
    endloop
  endfacet
  facet normal -0.032164565 0.997846846 -0.0571586689
    outer loop
      vertex -0.250283003 0.83812654 0.439707518
      vertex -0.320751488 0.831840336 0.369620502
      vertex -0.28089273 0.837011516 0.43746683
    endloop
  endfacet
  facet normal -0.0321645661 0.997846846 -0.0571586542
    outer loop
      vertex -0.179814488 0.844412744 0.509794533
      vertex -0.250283003 0.83812654 0.439707518
      vertex -0.28089273 0.837011516 0.43746683
    endloop
  endfacet
  facet normal -0.0321615822 0.997846705 -0.0571628096
    outer loop
      vertex -0.179814488 0.844412744 0.509794533
      vertex -0.28089273 0.837011516 0.43746683
      vertex -0.222131968 0.842253387 0.495909452
    endloop
  endfacet
  facet normal -0.0321620971 0.997846777 -0.0571612516
    outer loop
      vertex -0.222131968 0.842253387 0.495909452
      vertex -0.163371205 0.847495198 0.554352105
      vertex -0.179814488 0.844412744 0.509794533
    endloop
  endfacet
  facet normal -0.0321622658 0.997846759 -0.0571614741
    outer loop
      vertex -0.295010149 0.837367773 0.451629132
      vertex -0.28089273 0.837011516 0.43746683
      vertex -0.351378649 0.832339346 0.395565838
    endloop
  endfacet
  facet normal -0.0321637359 0.997846867 -0.0571587596
    outer loop
      vertex -0.0872253403 0.855788231 0.656277716
      vertex -0.0529083945 0.858156919 0.67831856
      vertex -0.0458496809 0.857978821 0.671237409
    endloop
  endfacet
  facet normal -0.0321643271 0.997846815 -0.0571593306
    outer loop
      vertex -0.177488625 0.847851396 0.568514407
      vertex -0.123387404 0.851132154 0.595344067
      vertex -0.163371205 0.847495198 0.554352105
    endloop
  endfacet
  facet normal -0.032160441 0.997846681 -0.0571638696
    outer loop
      vertex -0.0872253403 0.855788231 0.656277716
      vertex -0.0599671081 0.858335078 0.685399711
      vertex -0.0529083945 0.858156919 0.67831856
    endloop
  endfacet
  facet normal -0.0321631088 0.997846789 -0.0571604823
    outer loop
      vertex -0.0872253403 0.855788231 0.656277716
      vertex -0.0458496809 0.857978821 0.671237409
      vertex -0.0612708554 0.854987562 0.627696395
    endloop
  endfacet
  facet normal -0.0321632504 0.997846764 -0.0571608251
    outer loop
      vertex -0.179814488 0.844412744 0.509794533
      vertex -0.163371205 0.847495198 0.554352105
      vertex -0.109345987 0.850699008 0.579881549
    endloop
  endfacet
  facet normal -0.0321636449 0.997846799 -0.0571599946
    outer loop
      vertex -0.109345987 0.850699008 0.579881549
      vertex -0.163371205 0.847495198 0.554352105
      vertex -0.123387404 0.851132154 0.595344067
    endloop
  endfacet
  facet normal -0.0321648475 0.997846768 -0.0571598651
    outer loop
      vertex -0.0387909673 0.857800722 0.664156258
      vertex -0.0612708554 0.854987562 0.627696395
      vertex -0.0458496809 0.857978821 0.671237409
    endloop
  endfacet
  facet normal -0.0321639518 0.997846784 -0.0571600835
    outer loop
      vertex -0.123387404 0.851132154 0.595344067
      vertex -0.177488625 0.847851396 0.568514407
      vertex -0.137428835 0.851565301 0.610806644
    endloop
  endfacet
  facet normal -0.0321647983 0.997846773 -0.0571597993
    outer loop
      vertex -0.0872253403 0.855788231 0.656277716
      vertex -0.0670258179 0.858513176 0.692480862
      vertex -0.0599671081 0.858335078 0.685399711
    endloop
  endfacet
  facet normal -0.0321651772 0.997846794 -0.0571592322
    outer loop
      vertex -0.0294411983 0.864289343 0.772167027
      vertex -0.0406020321 0.862889826 0.754015744
      vertex -0.0552922226 0.861579359 0.739405096
    endloop
  endfacet
  facet normal -0.0321584645 0.997846856 -0.0571619123
    outer loop
      vertex -0.0370726772 0.862800777 0.750475168
      vertex -0.0300139617 0.862622619 0.743394017
      vertex -0.0447041541 0.861312211 0.728783369
    endloop
  endfacet
  facet normal -0.0321646962 0.997846781 -0.0571597147
    outer loop
      vertex -0.0370726772 0.862800777 0.750475168
      vertex -0.0447041541 0.861312211 0.728783369
      vertex -0.0517628677 0.861490309 0.73586452
    endloop
  endfacet
  facet normal -0.0321646298 0.997846787 -0.0571596486
    outer loop
      vertex -0.0167957451 0.863801777 0.756540716
      vertex -0.0264846049 0.862533569 0.739853442
      vertex -0.0300139617 0.862622619 0.743394017
    endloop
  endfacet
  facet normal -0.0321604273 0.997846681 -0.0571638645
    outer loop
      vertex -0.0300139617 0.862622619 0.743394017
      vertex -0.0370726772 0.862800777 0.750475168
      vertex -0.0167957451 0.863801777 0.756540716
    endloop
  endfacet
  facet normal -0.0321635429 0.997846885 -0.0571585507
    outer loop
      vertex -0.0370726772 0.862800777 0.750475168
      vertex -0.0406020321 0.862889826 0.754015744
      vertex -0.0231184717 0.86404556 0.764353871
    endloop
  endfacet
  facet normal -0.032162272 0.997846785 -0.0571610174
    outer loop
      vertex -0.0167957451 0.863801777 0.756540716
      vertex -0.0104730185 0.863557994 0.7487275
      vertex -0.0264846049 0.862533569 0.739853442
    endloop
  endfacet
  facet normal -0.032161373 0.997846831 -0.0571607274
    outer loop
      vertex -0.0231184717 0.86404556 0.764353871
      vertex -0.0167957451 0.863801777 0.756540716
      vertex -0.0370726772 0.862800777 0.750475168
    endloop
  endfacet
  facet normal -0.0321636028 0.997846879 -0.0571586272
    outer loop
      vertex -0.0104730185 0.863557994 0.7487275
      vertex -0.0194258913 0.862355471 0.732772291
      vertex -0.0229552481 0.86244452 0.736312866
    endloop
  endfacet
  facet normal -0.0321663059 0.997846879 -0.0571571103
    outer loop
      vertex -0.0194258913 0.862355471 0.732772291
      vertex -0.0104730185 0.863557994 0.7487275
      vertex -0.00415029144 0.863314271 0.740914345
    endloop
  endfacet
  facet normal -0.0321636028 0.997846879 -0.0571586272
    outer loop
      vertex -0.0229552481 0.86244452 0.736312866
      vertex -0.0264846049 0.862533569 0.739853442
      vertex -0.0104730185 0.863557994 0.7487275
    endloop
  endfacet
  facet normal -0.0321648365 0.997846769 -0.0571598542
    outer loop
      vertex -0.0158965345 0.862266421 0.729231715
      vertex -0.0194258913 0.862355471 0.732772291
      vertex -0.00415029144 0.863314271 0.740914345
    endloop
  endfacet
  facet normal -0.0321619661 0.997846784 -0.0571612059
    outer loop
      vertex -0.0294411983 0.864289343 0.772167027
      vertex -0.0231184717 0.86404556 0.764353871
      vertex -0.0406020321 0.862889826 0.754015744
    endloop
  endfacet
  facet normal -0.0321617702 0.99784675 -0.0571619169
    outer loop
      vertex -0.0294411983 0.864289343 0.772167027
      vertex -0.0552922226 0.861579359 0.739405096
      vertex -0.0999541134 0.857999146 0.702035844
    endloop
  endfacet
  facet normal -0.0321648365 0.997846769 -0.0571598542
    outer loop
      vertex -0.0123671778 0.862177372 0.72569114
      vertex -0.0158965345 0.862266421 0.729231715
      vertex -0.00415029144 0.863314271 0.740914345
    endloop
  endfacet
  facet normal -0.032163531 0.997846885 -0.0571585558
    outer loop
      vertex 0.00217243517 0.863070488 0.733101189
      vertex -0.00883782096 0.862088323 0.722150564
      vertex -0.0123671778 0.862177372 0.72569114
    endloop
  endfacet
  facet normal -0.0321562987 0.99784657 -0.0571681369
    outer loop
      vertex -0.00588122755 0.860332549 0.689836979
      vertex -0.0387909673 0.857800722 0.664156258
      vertex -0.00941058435 0.860421658 0.693377554
    endloop
  endfacet
  facet normal -0.032166762 0.997846867 -0.0571570661
    outer loop
      vertex -0.0612708554 0.854987562 0.627696395
      vertex -0.00588122755 0.860332549 0.689836979
      vertex 0.0211406164 0.862339199 0.709661722
    endloop
  endfacet
  facet normal -0.0321635332 0.997846885 -0.0571585537
    outer loop
      vertex -0.00530846464 0.861999273 0.718609989
      vertex -0.00883782096 0.862088323 0.722150564
      vertex 0.00217243517 0.863070488 0.733101189
    endloop
  endfacet
  facet normal -0.032154122 0.997846819 -0.057165011
    outer loop
      vertex 0.00849516224 0.862826705 0.725288033
      vertex 0.00175024918 0.861821115 0.711528778
      vertex -0.00177910761 0.861910224 0.715069413
    endloop
  endfacet
  facet normal -0.0321620364 0.997847019 -0.0571570714
    outer loop
      vertex -0.00530846464 0.861999273 0.718609989
      vertex 0.00849516224 0.862826705 0.725288033
      vertex -0.00177910761 0.861910224 0.715069413
    endloop
  endfacet
  facet normal -0.032160572 0.997846893 -0.057160083
    outer loop
      vertex 0.00849516224 0.862826705 0.725288033
      vertex -0.00530846464 0.861999273 0.718609989
      vertex 0.00217243517 0.863070488 0.733101189
    endloop
  endfacet
  facet normal -0.0321677907 0.997846762 -0.0571583064
    outer loop
      vertex 0.0148178888 0.862582982 0.717474878
      vertex 0.00175024918 0.861821115 0.711528778
      vertex 0.00849516224 0.862826705 0.725288033
    endloop
  endfacet
  facet normal -0.0321663806 0.997846631 -0.0571613899
    outer loop
      vertex 0.0148178888 0.862582982 0.717474878
      vertex 0.008808963 0.861643016 0.704447627
      vertex 0.00527960621 0.861732066 0.707988203
    endloop
  endfacet
  facet normal -0.0321637149 0.997846647 -0.0571626206
    outer loop
      vertex 0.008808963 0.861643016 0.704447627
      vertex 0.0148178888 0.862582982 0.717474878
      vertex 0.0211406164 0.862339199 0.709661722
    endloop
  endfacet
  facet normal -0.0321663795 0.997846631 -0.057161391
    outer loop
      vertex 0.0148178888 0.862582982 0.717474878
      vertex 0.00527960621 0.861732066 0.707988203
      vertex 0.00175024918 0.861821115 0.711528778
    endloop
  endfacet
  facet normal -0.0321651401 0.997846793 -0.0571592694
    outer loop
      vertex -0.00588122755 0.860332549 0.689836979
      vertex 0.008808963 0.861643016 0.704447627
      vertex 0.0211406164 0.862339199 0.709661722
    endloop
  endfacet
  facet normal -0.0321621131 0.997846773 -0.0571613244
    outer loop
      vertex -0.0123671778 0.862177372 0.72569114
      vertex -0.00415029144 0.863314271 0.740914345
      vertex 0.00217243517 0.863070488 0.733101189
    endloop
  endfacet
  facet normal -0.0321608408 0.997846756 -0.0571623346
    outer loop
      vertex -0.0387909673 0.857800722 0.664156258
      vertex -0.00588122755 0.860332549 0.689836979
      vertex -0.0612708554 0.854987562 0.627696395
    endloop
  endfacet
  facet normal -0.0321647067 0.997846782 -0.0571597082
    outer loop
      vertex -0.0552922226 0.861579359 0.739405096
      vertex -0.0517628677 0.861490309 0.73586452
      vertex -0.0811432451 0.858869374 0.706643224
    endloop
  endfacet
  facet normal -0.522439362 -0.600699623 -0.60515872
    outer loop
      vertex -0.367083609 0.804148078 0.437107623
      vertex -0.382005781 0.832838416 0.421511143
      vertex -0.351378649 0.832339346 0.395565838
    endloop
  endfacet
  facet normal -0.522439336 -0.600699678 -0.605158688
    outer loop
      vertex -0.367083609 0.804148078 0.437107623
      vertex -0.321534336 0.77495867 0.426758826
      vertex -0.352161467 0.77545774 0.452704132
    endloop
  endfacet
  facet normal -0.522439326 -0.60069965 -0.605158724
    outer loop
      vertex -0.321534336 0.77495867 0.426758826
      vertex -0.367083609 0.804148078 0.437107623
      vertex -0.351378649 0.832339346 0.395565838
    endloop
  endfacet
  facet normal -0.522438707 -0.600699629 -0.605159279
    outer loop
      vertex -0.351378649 0.832339346 0.395565838
      vertex -0.305829346 0.803149998 0.385217011
      vertex -0.321534336 0.77495867 0.426758826
    endloop
  endfacet
  facet normal -0.522438217 -0.600699994 -0.605159341
    outer loop
      vertex -0.305829346 0.803149998 0.385217011
      vertex -0.290907174 0.77445966 0.40081352
      vertex -0.321534336 0.77495867 0.426758826
    endloop
  endfacet
  facet normal -0.522438717 -0.600699658 -0.605159242
    outer loop
      vertex -0.320751488 0.831840336 0.369620502
      vertex -0.305829346 0.803149998 0.385217011
      vertex -0.351378649 0.832339346 0.395565838
    endloop
  endfacet
endsolid b7
