solid beam
  facet normal -0.859268955852749 0.09140543642898703 0.5032910765143297
    outer loop
      vertex 3.815070867538452 2.5437591075897217 1.765235424041748
      vertex 3.8390066623687744 2.5682785511016846 1.8016479015350342
      vertex 3.819361925125122 2.5733869075775146 1.7671806812286377
    endloop
  endfacet
  facet normal -0.859269314498618 0.091404877169058 0.503290565767713
    outer loop
      vertex 3.8586513996124268 2.5631704330444336 1.8361151218414307
      vertex 3.8390066623687744 2.5682785511016846 1.8016479015350342
      vertex 3.8304245471954346 2.5090231895446777 1.7977572679519653
    endloop
  endfacet
  facet normal -0.8592690988818109 0.09140444889021572 0.5032910116720907
    outer loop
      vertex 3.8586513996124268 2.5631704330444336 1.8361151218414307
      vertex 3.8304245471954346 2.5090231895446777 1.7977572679519653
      vertex 3.850069284439087 2.5039148330688477 1.8322244882583618
    endloop
  endfacet
  facet normal -0.8592646231509776 0.09141205234829247 0.503297272083489
    outer loop
      vertex 3.8304245471954346 2.5090231895446777 1.7977572679519653
      vertex 3.815070867538452 2.5437591075897217 1.765235424041748
      vertex 3.810779571533203 2.514131546020508 1.7632901668548584
    endloop
  endfacet
  facet normal -0.8592688123932776 0.09140474660522975 0.5032914467247384
    outer loop
      vertex 3.815070867538452 2.5437591075897217 1.765235424041748
      vertex 3.8304245471954346 2.5090231895446777 1.7977572679519653
      vertex 3.8390066623687744 2.5682785511016846 1.8016479015350342
    endloop
  endfacet
  facet normal -0.1430218283983192 -0.9875947125751156 -0.06481851815088582
    outer loop
      vertex 3.9955031871795654 2.492971658706665 1.6780803203582764
      vertex 3.998777151107788 2.4921205043792725 1.6838247776031494
      vertex 3.9113266468048096 2.5014231204986572 1.7350465059280396
    endloop
  endfacet
  facet normal -0.14303808097711587 -0.9875907922789771 -0.06484238117286081
    outer loop
      vertex 3.904778480529785 2.5031259059906006 1.723557472229004
      vertex 3.9922289848327637 2.4938230514526367 1.6723357439041138
      vertex 3.9955031871795654 2.492971658706665 1.6780803203582764
    endloop
  endfacet
  facet normal -0.143039445252733 -0.9875904103833557 -0.06484518810694699
    outer loop
      vertex 3.9113266468048096 2.5014231204986572 1.7350465059280396
      vertex 3.904778480529785 2.5031259059906006 1.723557472229004
      vertex 3.9955031871795654 2.492971658706665 1.6780803203582764
    endloop
  endfacet
  facet normal -0.1430373491304169 -0.9875906771162979 -0.06484574948842474
    outer loop
      vertex 4.011873722076416 2.4887149333953857 1.7068029642105103
      vertex 3.9244232177734375 2.4980175495147705 1.7580246925354004
      vertex 3.917875051498413 2.499720335006714 1.7465355396270752
    endloop
  endfacet
  facet normal -0.14303638092866744 -0.9875909731247818 -0.06484337694225678
    outer loop
      vertex 4.011873722076416 2.4887149333953857 1.7068029642105103
      vertex 3.917875051498413 2.499720335006714 1.7465355396270752
      vertex 4.0053253173828125 2.490417718887329 1.695313811302185
    endloop
  endfacet
  facet normal -0.14303946271492926 -0.9875901717423721 -0.06484878398317431
    outer loop
      vertex 4.00205135345459 2.491269111633301 1.689569354057312
      vertex 4.0053253173828125 2.490417718887329 1.695313811302185
      vertex 3.917875051498413 2.499720335006714 1.7465355396270752
    endloop
  endfacet
  facet normal -0.14303609300308084 -0.9875910037530111 -0.0648435455888561
    outer loop
      vertex 3.9113266468048096 2.5014231204986572 1.7350465059280396
      vertex 3.998777151107788 2.4921205043792725 1.6838247776031494
      vertex 4.00205135345459 2.491269111633301 1.689569354057312
    endloop
  endfacet
  facet normal -0.14303634509538224 -0.987590933186631 -0.06484406425659961
    outer loop
      vertex 3.917875051498413 2.499720335006714 1.7465355396270752
      vertex 3.9113266468048096 2.5014231204986572 1.7350465059280396
      vertex 4.00205135345459 2.491269111633301 1.689569354057312
    endloop
  endfacet
  facet normal -0.14302969275235697 -0.9875929733374242 -0.06482766389213838
    outer loop
      vertex 4.0184221267700195 2.4870121479034424 1.718291997909546
      vertex 3.930971622467041 2.4963150024414062 1.769513726234436
      vertex 3.9244232177734375 2.4980175495147705 1.7580246925354004
    endloop
  endfacet
  facet normal -0.1430363777273212 -0.9875909297154121 -0.06484404514290483
    outer loop
      vertex 4.0184221267700195 2.4870121479034424 1.718291997909546
      vertex 3.9244232177734375 2.4980175495147705 1.7580246925354004
      vertex 4.011873722076416 2.4887149333953857 1.7068029642105103
    endloop
  endfacet
  facet normal -0.14304116277667597 -0.987589990891908 -0.06484778825540337
    outer loop
      vertex 4.082953453063965 2.4836690425872803 1.6268584728240967
      vertex 4.079679489135742 2.484520435333252 1.6211140155792236
      vertex 4.167129993438721 2.475217580795288 1.5698922872543335
    endloop
  endfacet
  facet normal -0.14303556875222156 -0.987591445524751 -0.06483797342654445
    outer loop
      vertex 4.173678398132324 2.4735147953033447 1.5813813209533691
      vertex 4.086227893829346 2.4828176498413086 1.6326030492782593
      vertex 4.082953453063965 2.4836690425872803 1.6268584728240967
    endloop
  endfacet
  facet normal -0.14303804513663462 -0.9875907523430036 -0.06484306848129585
    outer loop
      vertex 4.167129993438721 2.475217580795288 1.5698922872543335
      vertex 4.173678398132324 2.4735147953033447 1.5813813209533691
      vertex 4.082953453063965 2.4836690425872803 1.6268584728240967
    endloop
  endfacet
  facet normal -0.1430405932865163 -0.987590138984413 -0.06484678907231513
    outer loop
      vertex 4.186774730682373 2.470109224319458 1.60435950756073
      vertex 4.0993242263793945 2.479412078857422 1.6555812358856201
      vertex 4.092776298522949 2.4811148643493652 1.644092082977295
    endloop
  endfacet
  facet normal -0.1430405932865163 -0.987590138984413 -0.06484678907231513
    outer loop
      vertex 4.186774730682373 2.470109224319458 1.60435950756073
      vertex 4.092776298522949 2.4811148643493652 1.644092082977295
      vertex 4.180226802825928 2.4718120098114014 1.5928703546524048
    endloop
  endfacet
  facet normal -0.1430380946800588 -0.9875904047836948 -0.0648482524782007
    outer loop
      vertex 4.049050807952881 2.4857661724090576 1.6697030067443848
      vertex 4.092776298522949 2.4811148643493652 1.644092082977295
      vertex 4.0993242263793945 2.479412078857422 1.6555812358856201
    endloop
  endfacet
  facet normal -0.14303942782524912 -0.9875906490027235 -0.0648415922830762
    outer loop
      vertex 4.011873722076416 2.4887149333953857 1.7068029642105103
      vertex 4.0053253173828125 2.490417718887329 1.695313811302185
      vertex 4.049050807952881 2.4857661724090576 1.6697030067443848
    endloop
  endfacet
  facet normal -0.14303514300759787 -0.9875915562271015 -0.06483722644999444
    outer loop
      vertex 4.0993242263793945 2.479412078857422 1.6555812358856201
      vertex 4.011873722076416 2.4887149333953857 1.7068029642105103
      vertex 4.049050807952881 2.4857661724090576 1.6697030067443848
    endloop
  endfacet
  facet normal -0.14304250962207488 -0.987589847613375 -0.06484699940636797
    outer loop
      vertex 4.049050807952881 2.4857661724090576 1.6697030067443848
      vertex 4.0053253173828125 2.490417718887329 1.695313811302185
      vertex 4.00205135345459 2.491269111633301 1.689569354057312
    endloop
  endfacet
  facet normal -0.1430420706759757 -0.9875899818171957 -0.06484592378122422
    outer loop
      vertex 4.049050807952881 2.4857661724090576 1.6697030067443848
      vertex 4.00205135345459 2.491269111633301 1.689569354057312
      vertex 4.045776844024658 2.4866175651550293 1.6639584302902222
    endloop
  endfacet
  facet normal -0.1430405932865163 -0.987590138984413 -0.06484678907231513
    outer loop
      vertex 4.089501857757568 2.481966257095337 1.6383476257324219
      vertex 4.086227893829346 2.4828176498413086 1.6326030492782593
      vertex 4.173678398132324 2.4735147953033447 1.5813813209533691
    endloop
  endfacet
  facet normal -0.14303613814665628 -0.9875912974692942 -0.06483897243947341
    outer loop
      vertex 4.180226802825928 2.4718120098114014 1.5928703546524048
      vertex 4.092776298522949 2.4811148643493652 1.644092082977295
      vertex 4.089501857757568 2.481966257095337 1.6383476257324219
    endloop
  endfacet
  facet normal -0.14303811039932401 -0.98759074540054 -0.0648430302545799
    outer loop
      vertex 4.173678398132324 2.4735147953033447 1.5813813209533691
      vertex 4.180226802825928 2.4718120098114014 1.5928703546524048
      vertex 4.089501857757568 2.481966257095337 1.6383476257324219
    endloop
  endfacet
  facet normal -0.14303959928290017 -0.9875902447265494 -0.06484737124927777
    outer loop
      vertex 4.355127811431885 2.4532065391540527 1.4904268980026245
      vertex 4.36167573928833 2.4515037536621094 1.5019160509109497
      vertex 4.186774730682373 2.470109224319458 1.60435950756073
    endloop
  endfacet
  facet normal -0.14303959928290017 -0.9875902447265494 -0.06484737124927777
    outer loop
      vertex 4.355127811431885 2.4532065391540527 1.4904268980026245
      vertex 4.186774730682373 2.470109224319458 1.60435950756073
      vertex 4.180226802825928 2.4718120098114014 1.5928703546524048
    endloop
  endfacet
  facet normal -0.14303737171190986 -0.9875908239797172 -0.06484346293044656
    outer loop
      vertex 4.180226802825928 2.4718120098114014 1.5928703546524048
      vertex 4.173678398132324 2.4735147953033447 1.5813813209533691
      vertex 4.348579406738281 2.454909324645996 1.4789378643035889
    endloop
  endfacet
  facet normal -0.14303737171190986 -0.9875908239797172 -0.06484346293044656
    outer loop
      vertex 4.180226802825928 2.4718120098114014 1.5928703546524048
      vertex 4.348579406738281 2.454909324645996 1.4789378643035889
      vertex 4.355127811431885 2.4532065391540527 1.4904268980026245
    endloop
  endfacet
  facet normal -0.14304001741088546 -0.9875902002462444 -0.06484712635634939
    outer loop
      vertex 4.449126720428467 2.4422008991241455 1.4506943225860596
      vertex 4.36167573928833 2.4515037536621094 1.5019160509109497
      vertex 4.355127811431885 2.4532065391540527 1.4904268980026245
    endloop
  endfacet
  facet normal -0.14303808097711587 -0.9875907922789771 -0.06484238117286081
    outer loop
      vertex 4.449126720428467 2.4422008991241455 1.4506943225860596
      vertex 4.355127811431885 2.4532065391540527 1.4904268980026245
      vertex 4.442578315734863 2.443903684616089 1.4392051696777344
    endloop
  endfacet
  facet normal -0.14303836569609427 -0.9875907182427233 -0.06484288071802617
    outer loop
      vertex 4.442578315734863 2.443903684616089 1.4392051696777344
      vertex 4.355127811431885 2.4532065391540527 1.4904268980026245
      vertex 4.348579406738281 2.454909324645996 1.4789378643035889
    endloop
  endfacet
  facet normal -0.14303836569609427 -0.9875907182427233 -0.06484288071802617
    outer loop
      vertex 4.442578315734863 2.443903684616089 1.4392051696777344
      vertex 4.348579406738281 2.454909324645996 1.4789378643035889
      vertex 4.43602991104126 2.4456064701080322 1.4277161359786987
    endloop
  endfacet
  facet normal -0.14303836569609427 -0.9875907182427233 -0.06484288071802617
    outer loop
      vertex 4.455674648284912 2.440498113632202 1.4621833562850952
      vertex 4.368224143981934 2.449800968170166 1.5134050846099854
      vertex 4.36167573928833 2.4515037536621094 1.5019160509109497
    endloop
  endfacet
  facet normal -0.14304030215413027 -0.9875901262004653 -0.06484762594732538
    outer loop
      vertex 4.455674648284912 2.440498113632202 1.4621833562850952
      vertex 4.36167573928833 2.4515037536621094 1.5019160509109497
      vertex 4.449126720428467 2.4422008991241455 1.4506943225860596
    endloop
  endfacet
  facet normal -0.1430361582665655 -0.9875909968105849 -0.06484350736208906
    outer loop
      vertex 4.711478233337402 2.414292573928833 1.2970290184020996
      vertex 4.624027729034424 2.4235951900482178 1.3482508659362793
      vertex 4.61747932434082 2.425297975540161 1.336761713027954
    endloop
  endfacet
  facet normal -0.1430363777273212 -0.9875909297154121 -0.06484404514290483
    outer loop
      vertex 4.711478233337402 2.414292573928833 1.2970290184020996
      vertex 4.61747932434082 2.425297975540161 1.336761713027954
      vertex 4.704929828643799 2.4159953594207764 1.285539984703064
    endloop
  endfacet
  facet normal -0.1430363777273212 -0.9875909297154121 -0.06484404514290483
    outer loop
      vertex 4.704929828643799 2.4159953594207764 1.285539984703064
      vertex 4.61747932434082 2.425297975540161 1.336761713027954
      vertex 4.610930919647217 2.4270007610321045 1.3252726793289185
    endloop
  endfacet
  facet normal -0.1430363777273212 -0.9875909297154121 -0.06484404514290483
    outer loop
      vertex 4.704929828643799 2.4159953594207764 1.285539984703064
      vertex 4.610930919647217 2.4270007610321045 1.3252726793289185
      vertex 4.698381423950195 2.4176981449127197 1.2740509510040283
    endloop
  endfacet
  facet normal -0.14303220495201463 -0.9875923201609303 -0.06483207158278581
    outer loop
      vertex 4.718026161193848 2.4125897884368896 1.3085181713104248
      vertex 4.630575656890869 2.4218926429748535 1.359739899635315
      vertex 4.624027729034424 2.4235951900482178 1.3482508659362793
    endloop
  endfacet
  facet normal -0.1430386705479471 -0.9875903435241906 -0.06484791519892404
    outer loop
      vertex 4.718026161193848 2.4125897884368896 1.3085181713104248
      vertex 4.624027729034424 2.4235951900482178 1.3482508659362793
      vertex 4.711478233337402 2.414292573928833 1.2970290184020996
    endloop
  endfacet
  facet normal -0.14303220495201463 -0.9875923201609303 -0.06483207158278581
    outer loop
      vertex 4.785831928253174 2.408395290374756 1.2228292226791382
      vertex 4.698381423950195 2.4176981449127197 1.2740509510040283
      vertex 4.69183349609375 2.419400691986084 1.2625619173049927
    endloop
  endfacet
  facet normal -0.14303889002705167 -0.9875902764205254 -0.06484845302286742
    outer loop
      vertex 4.785831928253174 2.408395290374756 1.2228292226791382
      vertex 4.69183349609375 2.419400691986084 1.2625619173049927
      vertex 4.7792840003967285 2.410098075866699 1.2113401889801025
    endloop
  endfacet
  facet normal -0.14303836569609427 -0.9875907182427233 -0.06484288071802617
    outer loop
      vertex 4.798928737640381 2.404989719390869 1.2458072900772095
      vertex 4.711478233337402 2.414292573928833 1.2970290184020996
      vertex 4.704929828643799 2.4159953594207764 1.285539984703064
    endloop
  endfacet
  facet normal -0.14303836569609427 -0.9875907182427233 -0.06484288071802617
    outer loop
      vertex 4.798928737640381 2.404989719390869 1.2458072900772095
      vertex 4.704929828643799 2.4159953594207764 1.285539984703064
      vertex 4.792380332946777 2.4066925048828125 1.2343182563781738
    endloop
  endfacet
  facet normal -0.14303836569609427 -0.9875907182427233 -0.06484288071802617
    outer loop
      vertex 4.792380332946777 2.4066925048828125 1.2343182563781738
      vertex 4.704929828643799 2.4159953594207764 1.285539984703064
      vertex 4.698381423950195 2.4176981449127197 1.2740509510040283
    endloop
  endfacet
  facet normal -0.14303836569609427 -0.9875907182427233 -0.06484288071802617
    outer loop
      vertex 4.792380332946777 2.4066925048828125 1.2343182563781738
      vertex 4.698381423950195 2.4176981449127197 1.2740509510040283
      vertex 4.785831928253174 2.408395290374756 1.2228292226791382
    endloop
  endfacet
  facet normal -0.14304001741088546 -0.9875902002462444 -0.06484712635634939
    outer loop
      vertex 4.805477142333984 2.403286933898926 1.2572964429855347
      vertex 4.718026161193848 2.4125897884368896 1.3085181713104248
      vertex 4.711478233337402 2.414292573928833 1.2970290184020996
    endloop
  endfacet
  facet normal -0.14303808097711587 -0.9875907922789771 -0.06484238117286081
    outer loop
      vertex 4.805477142333984 2.403286933898926 1.2572964429855347
      vertex 4.711478233337402 2.414292573928833 1.2970290184020996
      vertex 4.798928737640381 2.404989719390869 1.2458072900772095
    endloop
  endfacet
  facet normal -0.14303933391903428 -0.987590422226884 -0.06484525331683137
    outer loop
      vertex 3.9113266468048096 2.5014231204986572 1.7350465059280396
      vertex 3.810779571533203 2.514131546020508 1.7632901668548584
      vertex 3.904778480529785 2.5031259059906006 1.723557472229004
    endloop
  endfacet
  facet normal -0.1430379413784191 -0.9875908479676592 -0.06484184094197096
    outer loop
      vertex 3.906813859939575 2.503915548324585 1.7070406675338745
      vertex 3.904778480529785 2.5031259059906006 1.723557472229004
      vertex 3.810779571533203 2.514131546020508 1.7632901668548584
    endloop
  endfacet
  facet normal -0.14303776115975922 -0.9875908754415471 -0.06484182004696064
    outer loop
      vertex 3.9922289848327637 2.4938230514526367 1.6723357439041138
      vertex 3.904778480529785 2.5031259059906006 1.723557472229004
      vertex 3.906813859939575 2.503915548324585 1.7070406675338745
    endloop
  endfacet
  facet normal -0.14303756526810582 -0.9875909366364665 -0.06484132012597653
    outer loop
      vertex 3.9922289848327637 2.4938230514526367 1.6723357439041138
      vertex 3.906813859939575 2.503915548324585 1.7070406675338745
      vertex 4.002848148345947 2.493699550628662 1.6507912874221802
    endloop
  endfacet
  facet normal -0.14303631104326686 -0.9875911589632468 -0.06484070064986217
    outer loop
      vertex 4.002848148345947 2.493699550628662 1.6507912874221802
      vertex 4.008865833282471 2.4919776916503906 1.663742184638977
      vertex 3.9922289848327637 2.4938230514526367 1.6723357439041138
    endloop
  endfacet
  facet normal -0.14303410868817476 -0.9875934061261369 -0.06481132561485403
    outer loop
      vertex 3.998777151107788 2.4921205043792725 1.6838247776031494
      vertex 3.9955031871795654 2.492971658706665 1.6780803203582764
      vertex 4.014883518218994 2.490255832672119 1.6766929626464844
    endloop
  endfacet
  facet normal -0.14303595158883356 -0.9875911608552945 -0.06484146477038223
    outer loop
      vertex 4.008865833282471 2.4919776916503906 1.663742184638977
      vertex 4.014883518218994 2.490255832672119 1.6766929626464844
      vertex 3.9955031871795654 2.492971658706665 1.6780803203582764
    endloop
  endfacet
  facet normal -0.1430373638528783 -0.9875908685648758 -0.06484280121411913
    outer loop
      vertex 3.9955031871795654 2.492971658706665 1.6780803203582764
      vertex 3.9922289848327637 2.4938230514526367 1.6723357439041138
      vertex 4.008865833282471 2.4919776916503906 1.663742184638977
    endloop
  endfacet
  facet normal -0.14304553283367288 -0.9875899995276095 -0.06483801638997548
    outer loop
      vertex 4.014883518218994 2.490255832672119 1.6766929626464844
      vertex 4.00205135345459 2.491269111633301 1.689569354057312
      vertex 3.998777151107788 2.4921205043792725 1.6838247776031494
    endloop
  endfacet
  facet normal -0.14303888038929863 -0.987590599152303 -0.06484355914793088
    outer loop
      vertex 3.8304245471954346 2.5090231895446777 1.7977572679519653
      vertex 3.810779571533203 2.514131546020508 1.7632901668548584
      vertex 3.9113266468048096 2.5014231204986572 1.7350465059280396
    endloop
  endfacet
  facet normal -0.14303683084464813 -0.9875899290020609 -0.0648582851733208
    outer loop
      vertex 4.05816650390625 2.4878151416778564 1.6183900833129883
      vertex 4.079679489135742 2.484520435333252 1.6211140155792236
      vertex 4.065298080444336 2.485774278640747 1.6337382793426514
    endloop
  endfacet
  facet normal -0.1430387908243912 -0.9875906076948101 -0.06484362661427694
    outer loop
      vertex 4.167129993438721 2.475217580795288 1.5698922872543335
      vertex 4.079679489135742 2.484520435333252 1.6211140155792236
      vertex 4.05816650390625 2.4878151416778564 1.6183900833129883
    endloop
  endfacet
  facet normal -0.1430380086902441 -0.9875908403215676 -0.06484180891114702
    outer loop
      vertex 4.167129993438721 2.475217580795288 1.5698922872543335
      vertex 4.05816650390625 2.4878151416778564 1.6183900833129883
      vertex 4.1721954345703125 2.475684881210327 1.5516008138656616
    endloop
  endfacet
  facet normal -0.1430284804480894 -0.987591841248346 -0.06484758191646293
    outer loop
      vertex 4.086227893829346 2.4828176498413086 1.6326030492782593
      vertex 4.072429656982422 2.483733654022217 1.649086356163025
      vertex 4.065298080444336 2.485774278640747 1.6337382793426514
    endloop
  endfacet
  facet normal -0.1430322742306659 -0.9875909364010392 -0.0648529942787668
    outer loop
      vertex 4.082953453063965 2.4836690425872803 1.6268584728240967
      vertex 4.065298080444336 2.485774278640747 1.6337382793426514
      vertex 4.079679489135742 2.484520435333252 1.6211140155792236
    endloop
  endfacet
  facet normal -0.14303737171190986 -0.9875908239797172 -0.06484346293044656
    outer loop
      vertex 4.167129993438721 2.475217580795288 1.5698922872543335
      vertex 4.348579406738281 2.454909324645996 1.4789378643035889
      vertex 4.173678398132324 2.4735147953033447 1.5813813209533691
    endloop
  endfacet
  facet normal -0.14302824607320577 -0.9875922244405824 -0.06484226283624525
    outer loop
      vertex 4.065298080444336 2.485774278640747 1.6337382793426514
      vertex 4.082953453063965 2.4836690425872803 1.6268584728240967
      vertex 4.086227893829346 2.4828176498413086 1.6326030492782593
    endloop
  endfacet
  facet normal -0.14303933712125255 -0.987590465637794 -0.06484458510344525
    outer loop
      vertex 3.9244232177734375 2.4980175495147705 1.7580246925354004
      vertex 3.8304245471954346 2.5090231895446777 1.7977572679519653
      vertex 3.917875051498413 2.499720335006714 1.7465355396270752
    endloop
  endfacet
  facet normal -0.14303836569609427 -0.9875907182427233 -0.06484288071802617
    outer loop
      vertex 3.917875051498413 2.499720335006714 1.7465355396270752
      vertex 3.8304245471954346 2.5090231895446777 1.7977572679519653
      vertex 3.9113266468048096 2.5014231204986572 1.7350465059280396
    endloop
  endfacet
  facet normal -0.14303190339561905 -0.9875927381708347 -0.06482636904269395
    outer loop
      vertex 3.930971622467041 2.4963150024414062 1.769513726234436
      vertex 3.8304245471954346 2.5090231895446777 1.7977572679519653
      vertex 3.9244232177734375 2.4980175495147705 1.7580246925354004
    endloop
  endfacet
  facet normal -0.14303827204338282 -0.9875904554091842 -0.06484709026258
    outer loop
      vertex 3.9596164226531982 2.4922616481781006 1.768060326576233
      vertex 3.850069284439087 2.5039148330688477 1.8322244882583618
      vertex 3.930971622467041 2.4963150024414062 1.769513726234436
    endloop
  endfacet
  facet normal -0.14303700250871396 -0.9875907491600259 -0.06484541685316549
    outer loop
      vertex 3.8304245471954346 2.5090231895446777 1.7977572679519653
      vertex 3.930971622467041 2.4963150024414062 1.769513726234436
      vertex 3.850069284439087 2.5039148330688477 1.8322244882583618
    endloop
  endfacet
  facet normal -0.14303808076783434 -0.9875907923333969 -0.06484238080567224
    outer loop
      vertex 3.9596164226531982 2.4922616481781006 1.768060326576233
      vertex 3.930971622467041 2.4963150024414062 1.769513726234436
      vertex 4.0184221267700195 2.4870121479034424 1.718291997909546
    endloop
  endfacet
  facet normal -0.14303836569609427 -0.9875907182427233 -0.06484288071802617
    outer loop
      vertex 4.0993242263793945 2.479412078857422 1.6555812358856201
      vertex 4.0184221267700195 2.4870121479034424 1.718291997909546
      vertex 4.011873722076416 2.4887149333953857 1.7068029642105103
    endloop
  endfacet
  facet normal -0.1430378586457045 -0.9875908420811778 -0.06484211310129896
    outer loop
      vertex 4.0691633224487305 2.4806082248687744 1.703896164894104
      vertex 3.9596164226531982 2.4922616481781006 1.768060326576233
      vertex 4.0184221267700195 2.4870121479034424 1.718291997909546
    endloop
  endfacet
  facet normal -0.1430294627799867 -0.9875935197152929 -0.06481984721694399
    outer loop
      vertex 4.072429656982422 2.483733654022217 1.649086356163025
      vertex 4.045776844024658 2.4866175651550293 1.6639584302902222
      vertex 4.043656826019287 2.486994743347168 1.6628897190093994
    endloop
  endfacet
  facet normal -0.14302314176537323 -0.9875942927105105 -0.06482201728725161
    outer loop
      vertex 4.072429656982422 2.483733654022217 1.649086356163025
      vertex 4.092776298522949 2.4811148643493652 1.644092082977295
      vertex 4.049050807952881 2.4857661724090576 1.6697030067443848
    endloop
  endfacet
  facet normal -0.143043236184342 -0.9875898578263306 -0.06484524115521974
    outer loop
      vertex 4.045776844024658 2.4866175651550293 1.6639584302902222
      vertex 4.072429656982422 2.483733654022217 1.649086356163025
      vertex 4.049050807952881 2.4857661724090576 1.6697030067443848
    endloop
  endfacet
  facet normal -0.14302817246005392 -0.9875921447722837 -0.06484363859946231
    outer loop
      vertex 4.089501857757568 2.481966257095337 1.6383476257324219
      vertex 4.092776298522949 2.4811148643493652 1.644092082977295
      vertex 4.072429656982422 2.483733654022217 1.649086356163025
    endloop
  endfacet
  facet normal -0.14303287499940348 -0.9875909600207986 -0.06485130958278709
    outer loop
      vertex 4.072429656982422 2.483733654022217 1.649086356163025
      vertex 4.086227893829346 2.4828176498413086 1.6326030492782593
      vertex 4.089501857757568 2.481966257095337 1.6383476257324219
    endloop
  endfacet
  facet normal -0.1430379003695521 -0.9875908259099683 -0.0648422673596245
    outer loop
      vertex 4.0184221267700195 2.4870121479034424 1.718291997909546
      vertex 4.0993242263793945 2.479412078857422 1.6555812358856201
      vertex 4.0691633224487305 2.4806082248687744 1.703896164894104
    endloop
  endfacet
  facet normal -0.14303731022936086 -0.9875909926968928 -0.0648410288807604
    outer loop
      vertex 4.0993242263793945 2.479412078857422 1.6555812358856201
      vertex 4.186774730682373 2.470109224319458 1.60435950756073
      vertex 4.178710460662842 2.4689548015594482 1.639732003211975
    endloop
  endfacet
  facet normal -0.14303749451270922 -0.9875909014497677 -0.06484201213073087
    outer loop
      vertex 4.0993242263793945 2.479412078857422 1.6555812358856201
      vertex 4.178710460662842 2.4689548015594482 1.639732003211975
      vertex 4.0691633224487305 2.4806082248687744 1.703896164894104
    endloop
  endfacet
  facet normal -0.1430368793995361 -0.987591061397418 -0.0648409329017087
    outer loop
      vertex 4.288257598876953 2.457301378250122 1.5755678415298462
      vertex 4.178710460662842 2.4689548015594482 1.639732003211975
      vertex 4.186774730682373 2.470109224319458 1.60435950756073
    endloop
  endfacet
  facet normal -0.1430284060284998 -0.9875935348195732 -0.0648219488408577
    outer loop
      vertex 4.045776844024658 2.4866175651550293 1.6639584302902222
      vertex 4.00205135345459 2.491269111633301 1.689569354057312
      vertex 4.043656826019287 2.486994743347168 1.6628897190093994
    endloop
  endfacet
  facet normal -0.1430262137557168 -0.9875940824586789 -0.06481844237024126
    outer loop
      vertex 4.00205135345459 2.491269111633301 1.689569354057312
      vertex 4.014883518218994 2.490255832672119 1.6766929626464844
      vertex 4.043656826019287 2.486994743347168 1.6628897190093994
    endloop
  endfacet
  facet normal -0.1430380086902441 -0.9875908403215676 -0.06484180891114702
    outer loop
      vertex 4.1721954345703125 2.475684881210327 1.5516008138656616
      vertex 4.286224365234375 2.463554620742798 1.484811544418335
      vertex 4.167129993438721 2.475217580795288 1.5698922872543335
    endloop
  endfacet
  facet normal -0.14303625407237372 -0.9875910700052918 -0.06484218123063198
    outer loop
      vertex 4.286224365234375 2.463554620742798 1.484811544418335
      vertex 4.4002532958984375 2.4514245986938477 1.4180221557617188
      vertex 4.43602991104126 2.4456064701080322 1.4277161359786987
    endloop
  endfacet
  facet normal -0.14303315903383806 -0.9875920720908902 -0.06483374553442524
    outer loop
      vertex 4.286224365234375 2.463554620742798 1.484811544418335
      vertex 4.43602991104126 2.4456064701080322 1.4277161359786987
      vertex 4.348579406738281 2.454909324645996 1.4789378643035889
    endloop
  endfacet
  facet normal -0.14303689443923312 -0.9875911300588363 -0.06483985393483287
    outer loop
      vertex 4.5142822265625 2.4392943382263184 1.351232886314392
      vertex 4.43602991104126 2.4456064701080322 1.4277161359786987
      vertex 4.4002532958984375 2.4514245986938477 1.4180221557617188
    endloop
  endfacet
  facet normal -0.14303979402905798 -0.9875905662986867 -0.06484204409149723
    outer loop
      vertex 4.489006996154785 2.4393279552459717 1.406476378440857
      vertex 4.442578315734863 2.443903684616089 1.4392051696777344
      vertex 4.43602991104126 2.4456064701080322 1.4277161359786987
    endloop
  endfacet
  facet normal -0.14303894365131287 -0.9875904990493787 -0.06484494418623168
    outer loop
      vertex 4.524115085601807 2.435314893722534 1.390151858329773
      vertex 4.489006996154785 2.4393279552459717 1.406476378440857
      vertex 4.610930919647217 2.4270007610321045 1.3252726793289185
    endloop
  endfacet
  facet normal -0.1430438080284809 -0.9875893029919549 -0.0648524294115167
    outer loop
      vertex 4.43602991104126 2.4456064701080322 1.4277161359786987
      vertex 4.610930919647217 2.4270007610321045 1.3252726793289185
      vertex 4.489006996154785 2.4393279552459717 1.406476378440857
    endloop
  endfacet
  facet normal -0.14303771433151927 -0.9875907875330439 -0.06484326224579498
    outer loop
      vertex 4.61747932434082 2.425297975540161 1.336761713027954
      vertex 4.524115085601807 2.435314893722534 1.390151858329773
      vertex 4.610930919647217 2.4270007610321045 1.3252726793289185
    endloop
  endfacet
  facet normal -0.14303627040406733 -0.9875912630791729 -0.06483920448755104
    outer loop
      vertex 4.610930919647217 2.4270007610321045 1.3252726793289185
      vertex 4.43602991104126 2.4456064701080322 1.4277161359786987
      vertex 4.5142822265625 2.4392943382263184 1.351232886314392
    endloop
  endfacet
  facet normal -0.1430394670719784 -0.9875906448276618 -0.06484156929507154
    outer loop
      vertex 4.449126720428467 2.4422008991241455 1.4506943225860596
      vertex 4.442578315734863 2.443903684616089 1.4392051696777344
      vertex 4.489006996154785 2.4393279552459717 1.406476378440857
    endloop
  endfacet
  facet normal -0.14303771689501082 -0.9875906819324503 -0.06484486491358024
    outer loop
      vertex 4.610930919647217 2.4270007610321045 1.3252726793289185
      vertex 4.5142822265625 2.4392943382263184 1.351232886314392
      vertex 4.6283111572265625 2.427164316177368 1.2844436168670654
    endloop
  endfacet
  facet normal -0.14303021694324272 -0.9875925316435239 -0.06483323594503224
    outer loop
      vertex 4.69183349609375 2.419400691986084 1.2625619173049927
      vertex 4.698381423950195 2.4176981449127197 1.2740509510040283
      vertex 4.610930919647217 2.4270007610321045 1.3252726793289185
    endloop
  endfacet
  facet normal -0.14303182878691678 -0.9875923870511282 -0.06483188253108872
    outer loop
      vertex 4.6283111572265625 2.427164316177368 1.2844436168670654
      vertex 4.742340564727783 2.415034055709839 1.2176542282104492
      vertex 4.7792840003967285 2.410098075866699 1.2113401889801025
    endloop
  endfacet
  facet normal -0.14304291530577692 -0.9875892296368062 -0.06485551546479225
    outer loop
      vertex 4.6283111572265625 2.427164316177368 1.2844436168670654
      vertex 4.7792840003967285 2.410098075866699 1.2113401889801025
      vertex 4.69183349609375 2.419400691986084 1.2625619173049927
    endloop
  endfacet
  facet normal -0.14303241382318022 -0.9875920608637124 -0.06483556057349935
    outer loop
      vertex 4.856369495391846 2.4029040336608887 1.1508649587631226
      vertex 4.7792840003967285 2.410098075866699 1.2113401889801025
      vertex 4.742340564727783 2.415034055709839 1.2176542282104492
    endloop
  endfacet
  facet normal -0.1430391285371788 -0.9875902510483492 -0.06484831332874508
    outer loop
      vertex 4.7792840003967285 2.410098075866699 1.2113401889801025
      vertex 4.877922534942627 2.397592782974243 1.1842143535614014
      vertex 4.785831928253174 2.408395290374756 1.2228292226791382
    endloop
  endfacet
  facet normal -0.14303720494466393 -0.9875908417197746 -0.06484356061202343
    outer loop
      vertex 4.785831928253174 2.408395290374756 1.2228292226791382
      vertex 4.877922534942627 2.397592782974243 1.1842143535614014
      vertex 4.792380332946777 2.4066925048828125 1.2343182563781738
    endloop
  endfacet
  facet normal -0.14303753522162868 -0.9875908813184298 -0.06484222894386465
    outer loop
      vertex 4.856369495391846 2.4029040336608887 1.1508649587631226
      vertex 4.877922534942627 2.397592782974243 1.1842143535614014
      vertex 4.7792840003967285 2.410098075866699 1.2113401889801025
    endloop
  endfacet
  facet normal -0.14303966848783062 -0.9875903448123918 -0.06484569432300344
    outer loop
      vertex 4.6283111572265625 2.427164316177368 1.2844436168670654
      vertex 4.69183349609375 2.419400691986084 1.2625619173049927
      vertex 4.610930919647217 2.4270007610321045 1.3252726793289185
    endloop
  endfacet
  facet normal -0.14301563117694424 -0.9875965919143272 -0.06480355606188624
    outer loop
      vertex 4.61747932434082 2.425297975540161 1.336761713027954
      vertex 4.55922269821167 2.431302070617676 1.373827338218689
      vertex 4.524115085601807 2.435314893722534 1.390151858329773
    endloop
  endfacet
  facet normal -0.14303780464595456 -0.9875907027909394 -0.06484435367064938
    outer loop
      vertex 4.186774730682373 2.470109224319458 1.60435950756073
      vertex 4.368224143981934 2.449800968170166 1.5134050846099854
      vertex 4.288257598876953 2.457301378250122 1.5755678415298462
    endloop
  endfacet
  facet normal -0.14304188753361485 -0.9875897590874332 -0.06484971978695545
    outer loop
      vertex 4.3978047370910645 2.445647954940796 1.5114036798477173
      vertex 4.288257598876953 2.457301378250122 1.5755678415298462
      vertex 4.368224143981934 2.449800968170166 1.5134050846099854
    endloop
  endfacet
  facet normal -0.1430367709312344 -0.9875905018418282 -0.06484969416559791
    outer loop
      vertex 4.449126720428467 2.4422008991241455 1.4506943225860596
      vertex 4.507351875305176 2.433994770050049 1.4472395181655884
      vertex 4.455674648284912 2.440498113632202 1.4621833562850952
    endloop
  endfacet
  facet normal -0.1430362266093237 -0.9875913088745767 -0.06483860356891208
    outer loop
      vertex 4.489006996154785 2.4393279552459717 1.406476378440857
      vertex 4.507351875305176 2.433994770050049 1.4472395181655884
      vertex 4.449126720428467 2.4422008991241455 1.4506943225860596
    endloop
  endfacet
  facet normal -0.14304212401481559 -0.9875894537074766 -0.06485384863751668
    outer loop
      vertex 4.507351875305176 2.433994770050049 1.4472395181655884
      vertex 4.3978047370910645 2.445647954940796 1.5114036798477173
      vertex 4.368224143981934 2.449800968170166 1.5134050846099854
    endloop
  endfacet
  facet normal -0.14303163156962329 -0.9875924692437595 -0.06483106557465525
    outer loop
      vertex 4.507351875305176 2.433994770050049 1.4472395181655884
      vertex 4.368224143981934 2.449800968170166 1.5134050846099854
      vertex 4.455674648284912 2.440498113632202 1.4621833562850952
    endloop
  endfacet
  facet normal -0.14303499999496316 -0.987592022817685 -0.06483043454515953
    outer loop
      vertex 4.630575656890869 2.4218926429748535 1.359739899635315
      vertex 4.55922269821167 2.431302070617676 1.373827338218689
      vertex 4.624027729034424 2.4235951900482178 1.3482508659362793
    endloop
  endfacet
  facet normal -0.14303737171190986 -0.9875908239797172 -0.06484346293044656
    outer loop
      vertex 4.368224143981934 2.449800968170166 1.5134050846099854
      vertex 4.186774730682373 2.470109224319458 1.60435950756073
      vertex 4.36167573928833 2.4515037536621094 1.5019160509109497
    endloop
  endfacet
  facet normal -0.14303763168504854 -0.9875907089329355 -0.06484464165429542
    outer loop
      vertex 4.630575656890869 2.4218926429748535 1.359739899635315
      vertex 4.57454776763916 2.426846504211426 1.407881259918213
      vertex 4.55922269821167 2.431302070617676 1.373827338218689
    endloop
  endfacet
  facet normal -0.14303927699329075 -0.9875906650481873 -0.06484168062994522
    outer loop
      vertex 4.624027729034424 2.4235951900482178 1.3482508659362793
      vertex 4.55922269821167 2.431302070617676 1.373827338218689
      vertex 4.61747932434082 2.425297975540161 1.336761713027954
    endloop
  endfacet
  facet normal -0.1430401828744273 -0.9875901542146814 -0.06484746241351501
    outer loop
      vertex 4.899475574493408 2.3922812938690186 1.2175637483596802
      vertex 4.798928737640381 2.404989719390869 1.2458072900772095
      vertex 4.877922534942627 2.397592782974243 1.1842143535614014
    endloop
  endfacet
  facet normal -0.14303523329284087 -0.9875915327511474 -0.06483738485705495
    outer loop
      vertex 4.630575656890869 2.4218926429748535 1.359739899635315
      vertex 4.718026161193848 2.4125897884368896 1.3085181713104248
      vertex 4.737011909484863 2.4095640182495117 1.3127224445343018
    endloop
  endfacet
  facet normal -0.14303905088160868 -0.9875903927962122 -0.06484632587519572
    outer loop
      vertex 4.630575656890869 2.4218926429748535 1.359739899635315
      vertex 4.737011909484863 2.4095640182495117 1.3127224445343018
      vertex 4.655779838562012 2.4182052612304688 1.3603018522262573
    endloop
  endfacet
  facet normal -0.14303481952665134 -0.987591917135209 -0.06483244258996418
    outer loop
      vertex 4.818243980407715 2.4009227752685547 1.2651431560516357
      vertex 4.805477142333984 2.403286933898926 1.2572964429855347
      vertex 4.899475574493408 2.3922812938690186 1.2175637483596802
    endloop
  endfacet
  facet normal -0.14303872209928 -0.987590724077399 -0.06484200564821764
    outer loop
      vertex 4.798928737640381 2.404989719390869 1.2458072900772095
      vertex 4.899475574493408 2.3922812938690186 1.2175637483596802
      vertex 4.805477142333984 2.403286933898926 1.2572964429855347
    endloop
  endfacet
  facet normal -0.14303484287088833 -0.987591476216987 -0.06483910724595679
    outer loop
      vertex 4.818243980407715 2.4009227752685547 1.2651431560516357
      vertex 4.737011909484863 2.4095640182495117 1.3127224445343018
      vertex 4.718026161193848 2.4125897884368896 1.3085181713104248
    endloop
  endfacet
  facet normal -0.14303317959995931 -0.9875919782746506 -0.06483512922087459
    outer loop
      vertex 4.818243980407715 2.4009227752685547 1.2651431560516357
      vertex 4.718026161193848 2.4125897884368896 1.3085181713104248
      vertex 4.805477142333984 2.403286933898926 1.2572964429855347
    endloop
  endfacet
  facet normal -0.14303905088160868 -0.9875903927962122 -0.06484632587519572
    outer loop
      vertex 4.57454776763916 2.426846504211426 1.407881259918213
      vertex 4.630575656890869 2.4218926429748535 1.359739899635315
      vertex 4.655779838562012 2.4182052612304688 1.3603018522262573
    endloop
  endfacet
  facet normal -0.14303720494466393 -0.9875908417197746 -0.06484356061202343
    outer loop
      vertex 4.798928737640381 2.404989719390869 1.2458072900772095
      vertex 4.792380332946777 2.4066925048828125 1.2343182563781738
      vertex 4.877922534942627 2.397592782974243 1.1842143535614014
    endloop
  endfacet
  facet normal -0.14303326477682338 -0.9875919735599373 -0.06483501312771521
    outer loop
      vertex 4.286224365234375 2.463554620742798 1.484811544418335
      vertex 4.348579406738281 2.454909324645996 1.4789378643035889
      vertex 4.167129993438721 2.475217580795288 1.5698922872543335
    endloop
  endfacet
  facet normal 0.14303730526283032 0.9875908747975088 0.06484283553206979
    outer loop
      vertex 4.679293632507324 2.4798970222473145 1.294148564338684
      vertex 4.76397705078125 2.470888614654541 1.2445476055145264
      vertex 4.7574286460876465 2.4725914001464844 1.2330584526062012
    endloop
  endfacet
  facet normal 0.1430376573793543 0.9875907935914267 0.06484329560473191
    outer loop
      vertex 4.679293632507324 2.4798970222473145 1.294148564338684
      vertex 4.7574286460876465 2.4725914001464844 1.2330584526062012
      vertex 4.672745227813721 2.481599807739258 1.2826595306396484
    endloop
  endfacet
  facet normal 0.14304016970437222 0.9875901402903963 0.06484770352248215
    outer loop
      vertex 4.692389965057373 2.4764914512634277 1.317126750946045
      vertex 4.777073383331299 2.4674830436706543 1.2675256729125977
      vertex 4.7705254554748535 2.4691858291625977 1.256036639213562
    endloop
  endfacet
  facet normal 0.14304016970437222 0.9875901402903963 0.06484770352248215
    outer loop
      vertex 4.692389965057373 2.4764914512634277 1.317126750946045
      vertex 4.7705254554748535 2.4691858291625977 1.256036639213562
      vertex 4.685842037200928 2.478194236755371 1.3056377172470093
    endloop
  endfacet
  facet normal 0.1430376573793543 0.9875907935914267 0.06484329560473191
    outer loop
      vertex 4.685842037200928 2.478194236755371 1.3056377172470093
      vertex 4.7705254554748535 2.4691858291625977 1.256036639213562
      vertex 4.76397705078125 2.470888614654541 1.2445476055145264
    endloop
  endfacet
  facet normal 0.14303730526283032 0.9875908747975088 0.06484283553206979
    outer loop
      vertex 4.685842037200928 2.478194236755371 1.3056377172470093
      vertex 4.76397705078125 2.470888614654541 1.2445476055145264
      vertex 4.679293632507324 2.4798970222473145 1.294148564338684
    endloop
  endfacet
  facet normal 0.14303730526283032 0.9875908747975088 0.06484283553206979
    outer loop
      vertex 4.698938369750977 2.4747886657714844 1.3286157846450806
      vertex 4.783621788024902 2.465780258178711 1.2790148258209229
      vertex 4.777073383331299 2.4674830436706543 1.2675256729125977
    endloop
  endfacet
  facet normal 0.1430376573793543 0.9875907935914267 0.06484329560473191
    outer loop
      vertex 4.698938369750977 2.4747886657714844 1.3286157846450806
      vertex 4.777073383331299 2.4674830436706543 1.2675256729125977
      vertex 4.692389965057373 2.4764914512634277 1.317126750946045
    endloop
  endfacet
  facet normal 0.14304010230300496 0.9875901474605069 0.06484774299912245
    outer loop
      vertex 4.607706546783447 2.485499858856201 1.3667277097702026
      vertex 4.692389965057373 2.4764914512634277 1.317126750946045
      vertex 4.685842037200928 2.478194236755371 1.3056377172470093
    endloop
  endfacet
  facet normal 0.14303699531533248 0.9875908640192822 0.0648436833994582
    outer loop
      vertex 4.607706546783447 2.485499858856201 1.3667277097702026
      vertex 4.685842037200928 2.478194236755371 1.3056377172470093
      vertex 4.601158142089844 2.4872026443481445 1.355238676071167
    endloop
  endfacet
  facet normal 0.1430367105940648 0.9875909380563209 0.06484318384738551
    outer loop
      vertex 4.601158142089844 2.4872026443481445 1.355238676071167
      vertex 4.685842037200928 2.478194236755371 1.3056377172470093
      vertex 4.679293632507324 2.4798970222473145 1.294148564338684
    endloop
  endfacet
  facet normal 0.14304016970437222 0.9875901402903963 0.06484770352248215
    outer loop
      vertex 4.601158142089844 2.4872026443481445 1.355238676071167
      vertex 4.679293632507324 2.4798970222473145 1.294148564338684
      vertex 4.594610214233398 2.488905429840088 1.3437496423721313
    endloop
  endfacet
  facet normal 0.1430376573793543 0.9875907935914267 0.06484329560473191
    outer loop
      vertex 4.614254951477051 2.483797073364258 1.3782168626785278
      vertex 4.698938369750977 2.4747886657714844 1.3286157846450806
      vertex 4.692389965057373 2.4764914512634277 1.317126750946045
    endloop
  endfacet
  facet normal 0.14303730526283032 0.9875908747975088 0.06484283553206979
    outer loop
      vertex 4.614254951477051 2.483797073364258 1.3782168626785278
      vertex 4.692389965057373 2.4764914512634277 1.317126750946045
      vertex 4.607706546783447 2.485499858856201 1.3667277097702026
    endloop
  endfacet
  facet normal 0.14302838978788132 0.9875931119427092 0.06482842708258066
    outer loop
      vertex 4.353655815124512 2.5125253200531006 1.5155308246612549
      vertex 4.438339710235596 2.503516912460327 1.4659297466278076
      vertex 4.431791305541992 2.5052194595336914 1.454440712928772
    endloop
  endfacet
  facet normal 0.14304222266394506 0.9875899218950299 0.06484650111399434
    outer loop
      vertex 4.353655815124512 2.5125253200531006 1.5155308246612549
      vertex 4.431791305541992 2.5052194595336914 1.454440712928772
      vertex 4.347107887268066 2.514228105545044 1.5040417909622192
    endloop
  endfacet
  facet normal 0.14303971030422746 0.9875905752052921 0.06484209313218475
    outer loop
      vertex 4.347107887268066 2.514228105545044 1.5040417909622192
      vertex 4.431791305541992 2.5052194595336914 1.454440712928772
      vertex 4.425242900848389 2.5069222450256348 1.4429516792297363
    endloop
  endfacet
  facet normal 0.1430286323846403 0.9875931298649177 0.06482761881941618
    outer loop
      vertex 4.347107887268066 2.514228105545044 1.5040417909622192
      vertex 4.425242900848389 2.5069222450256348 1.4429516792297363
      vertex 4.340559482574463 2.515930652618408 1.492552638053894
    endloop
  endfacet
  facet normal 0.1430353624503369 0.9875913799832086 0.06483942682938121
    outer loop
      vertex 4.1679182052612305 2.534799098968506 1.586010217666626
      vertex 4.171192646026611 2.533947706222534 1.591754674911499
      vertex 4.255876064300537 2.5249392986297607 1.5421537160873413
    endloop
  endfacet
  facet normal 0.14304187052444928 0.9875900031098309 0.06484604100784282
    outer loop
      vertex 4.249327659606934 2.526641845703125 1.5306646823883057
      vertex 4.164644241333008 2.5356504917144775 1.5802656412124634
      vertex 4.1679182052612305 2.534799098968506 1.586010217666626
    endloop
  endfacet
  facet normal 0.14302967987798546 0.987592974706971 0.06482767143309567
    outer loop
      vertex 4.255876064300537 2.5249392986297607 1.5421537160873413
      vertex 4.249327659606934 2.526641845703125 1.5306646823883057
      vertex 4.1679182052612305 2.534799098968506 1.586010217666626
    endloop
  endfacet
  facet normal 0.14303971030422746 0.9875905752052921 0.06484209313218475
    outer loop
      vertex 4.255876064300537 2.5249392986297607 1.5421537160873413
      vertex 4.340559482574463 2.515930652618408 1.492552638053894
      vertex 4.334011077880859 2.5176334381103516 1.4810636043548584
    endloop
  endfacet
  facet normal 0.1430289844207098 0.9875930486878151 0.0648280787860272
    outer loop
      vertex 4.255876064300537 2.5249392986297607 1.5421537160873413
      vertex 4.334011077880859 2.5176334381103516 1.4810636043548584
      vertex 4.249327659606934 2.526641845703125 1.5306646823883057
    endloop
  endfacet
  facet normal 0.14304016970437222 0.9875901402903963 0.06484770352248215
    outer loop
      vertex 4.18428897857666 2.5305421352386475 1.6147328615188599
      vertex 4.268972396850586 2.521533727645874 1.5651317834854126
      vertex 4.262424468994141 2.5232365131378174 1.553642749786377
    endloop
  endfacet
  facet normal 0.14303706271102415 0.9875908568500118 0.06484364392337998
    outer loop
      vertex 4.18428897857666 2.5305421352386475 1.6147328615188599
      vertex 4.262424468994141 2.5232365131378174 1.553642749786377
      vertex 4.177740573883057 2.532244920730591 1.6032438278198242
    endloop
  endfacet
  facet normal 0.14304010230300496 0.9875901474605069 0.06484774299912245
    outer loop
      vertex 4.268972396850586 2.521533727645874 1.5651317834854126
      vertex 4.353655815124512 2.5125253200531006 1.5155308246612549
      vertex 4.347107887268066 2.514228105545044 1.5040417909622192
    endloop
  endfacet
  facet normal 0.14304010230300496 0.9875901474605069 0.06484774299912245
    outer loop
      vertex 4.268972396850586 2.521533727645874 1.5651317834854126
      vertex 4.347107887268066 2.514228105545044 1.5040417909622192
      vertex 4.262424468994141 2.5232365131378174 1.553642749786377
    endloop
  endfacet
  facet normal 0.1430286323846403 0.9875931298649177 0.06482761881941618
    outer loop
      vertex 4.262424468994141 2.5232365131378174 1.553642749786377
      vertex 4.347107887268066 2.514228105545044 1.5040417909622192
      vertex 4.340559482574463 2.515930652618408 1.492552638053894
    endloop
  endfacet
  facet normal 0.14303971030422746 0.9875905752052921 0.06484209313218475
    outer loop
      vertex 4.262424468994141 2.5232365131378174 1.553642749786377
      vertex 4.340559482574463 2.515930652618408 1.492552638053894
      vertex 4.255876064300537 2.5249392986297607 1.5421537160873413
    endloop
  endfacet
  facet normal 0.1430392902696072 0.98759027759912 0.06484755223491714
    outer loop
      vertex 4.174466609954834 2.5330963134765625 1.5974992513656616
      vertex 4.177740573883057 2.532244920730591 1.6032438278198242
      vertex 4.262424468994141 2.5232365131378174 1.553642749786377
    endloop
  endfacet
  facet normal 0.14303981755815132 0.9875902215065361 0.06484724340788588
    outer loop
      vertex 4.255876064300537 2.5249392986297607 1.5421537160873413
      vertex 4.171192646026611 2.533947706222534 1.591754674911499
      vertex 4.174466609954834 2.5330963134765625 1.5974992513656616
    endloop
  endfacet
  facet normal 0.14303732634676666 0.9875908288054902 0.06484348950244391
    outer loop
      vertex 4.262424468994141 2.5232365131378174 1.553642749786377
      vertex 4.255876064300537 2.5249392986297607 1.5421537160873413
      vertex 4.174466609954834 2.5330963134765625 1.5974992513656616
    endloop
  endfacet
  facet normal 0.1430354298405199 0.9875913728146781 0.06483938735334586
    outer loop
      vertex 4.128850936889648 2.538451910018921 1.6165552139282227
      vertex 4.171192646026611 2.533947706222534 1.591754674911499
      vertex 4.1679182052612305 2.534799098968506 1.586010217666626
    endloop
  endfacet
  facet normal 0.1430354298405199 0.9875913728146781 0.06483938735334586
    outer loop
      vertex 4.128850936889648 2.538451910018921 1.6165552139282227
      vertex 4.1679182052612305 2.534799098968506 1.586010217666626
      vertex 4.125576496124268 2.5393033027648926 1.6108107566833496
    endloop
  endfacet
  facet normal 0.1430398849591727 0.9875902143364358 0.06484720393185386
    outer loop
      vertex 4.125576496124268 2.5393033027648926 1.6108107566833496
      vertex 4.1679182052612305 2.534799098968506 1.586010217666626
      vertex 4.164644241333008 2.5356504917144775 1.5802656412124634
    endloop
  endfacet
  facet normal 0.1430398849591727 0.9875902143364358 0.06484720393185386
    outer loop
      vertex 4.125576496124268 2.5393033027648926 1.6108107566833496
      vertex 4.164644241333008 2.5356504917144775 1.5802656412124634
      vertex 4.122302532196045 2.5401546955108643 1.605066180229187
    endloop
  endfacet
  facet normal 0.14304045445391114 0.9875900662428838 0.06484820312078651
    outer loop
      vertex 4.122302532196045 2.5401546955108643 1.605066180229187
      vertex 4.164644241333008 2.5356504917144775 1.5802656412124634
      vertex 4.161370277404785 2.536501884460449 1.5745211839675903
    endloop
  endfacet
  facet normal 0.14303353637138327 0.9875916617170867 0.06483916393646427
    outer loop
      vertex 4.122302532196045 2.5401546955108643 1.605066180229187
      vertex 4.161370277404785 2.536501884460449 1.5745211839675903
      vertex 4.119028091430664 2.541006088256836 1.5993216037750244
    endloop
  endfacet
  facet normal 0.1430376573793543 0.9875907935914267 0.06484329560473191
    outer loop
      vertex 4.050715446472168 2.545757532119751 1.6776453256607056
      vertex 4.008373737335205 2.5502617359161377 1.7024458646774292
      vertex 4.014922142028809 2.5485589504241943 1.7139348983764648
    endloop
  endfacet
  facet normal 0.1430376573793543 0.9875907935914267 0.06484329560473191
    outer loop
      vertex 4.099605560302734 2.539550542831421 1.6643338203430176
      vertex 4.093057155609131 2.5412533283233643 1.652844786643982
      vertex 4.050715446472168 2.545757532119751 1.6776453256607056
    endloop
  endfacet
  facet normal 0.1430376573793543 0.9875907935914267 0.06484329560473191
    outer loop
      vertex 4.014922142028809 2.5485589504241943 1.7139348983764648
      vertex 4.099605560302734 2.539550542831421 1.6643338203430176
      vertex 4.050715446472168 2.545757532119751 1.6776453256607056
    endloop
  endfacet
  facet normal 0.1430376573793543 0.9875907935914267 0.06484329560473191
    outer loop
      vertex 4.135398864746094 2.5367491245269775 1.6280442476272583
      vertex 4.093057155609131 2.5412533283233643 1.652844786643982
      vertex 4.099605560302734 2.539550542831421 1.6643338203430176
    endloop
  endfacet
  facet normal 0.14303752258806726 0.9875908079300599 0.06484337455684722
    outer loop
      vertex 4.18428897857666 2.5305421352386475 1.6147328615188599
      vertex 4.177740573883057 2.532244920730591 1.6032438278198242
      vertex 4.135398864746094 2.5367491245269775 1.6280442476272583
    endloop
  endfacet
  facet normal 0.14303744762274892 0.9875908377793096 0.06484308530545836
    outer loop
      vertex 4.099605560302734 2.539550542831421 1.6643338203430176
      vertex 4.18428897857666 2.5305421352386475 1.6147328615188599
      vertex 4.135398864746094 2.5367491245269775 1.6280442476272583
    endloop
  endfacet
  facet normal 0.14303975015704704 0.9875902286766391 0.06484728288396559
    outer loop
      vertex 4.135398864746094 2.5367491245269775 1.6280442476272583
      vertex 4.177740573883057 2.532244920730591 1.6032438278198242
      vertex 4.174466609954834 2.5330963134765625 1.5974992513656616
    endloop
  endfacet
  facet normal 0.14304045445391114 0.9875900662428838 0.06484820312078651
    outer loop
      vertex 4.135398864746094 2.5367491245269775 1.6280442476272583
      vertex 4.174466609954834 2.5330963134765625 1.5974992513656616
      vertex 4.132124900817871 2.537600517272949 1.6222997903823853
    endloop
  endfacet
  facet normal 0.1430398849591727 0.9875902143364358 0.06484720393185386
    outer loop
      vertex 4.132124900817871 2.537600517272949 1.6222997903823853
      vertex 4.174466609954834 2.5330963134765625 1.5974992513656616
      vertex 4.171192646026611 2.533947706222534 1.591754674911499
    endloop
  endfacet
  facet normal 0.1430398849591727 0.9875902143364358 0.06484720393185386
    outer loop
      vertex 4.132124900817871 2.537600517272949 1.6222997903823853
      vertex 4.171192646026611 2.533947706222534 1.591754674911499
      vertex 4.128850936889648 2.538451910018921 1.6165552139282227
    endloop
  endfacet
  facet normal 0.1430398849591727 0.9875902143364358 0.06484720393185386
    outer loop
      vertex 4.008373737335205 2.5502617359161377 1.7024458646774292
      vertex 4.050715446472168 2.545757532119751 1.6776453256607056
      vertex 4.047441482543945 2.5466089248657227 1.671900749206543
    endloop
  endfacet
  facet normal 0.1430398849591727 0.9875902143364358 0.06484720393185386
    outer loop
      vertex 4.008373737335205 2.5502617359161377 1.7024458646774292
      vertex 4.047441482543945 2.5466089248657227 1.671900749206543
      vertex 4.005099773406982 2.5511131286621094 1.6967012882232666
    endloop
  endfacet
  facet normal 0.14303737265808647 0.9875908676282036 0.0648427960566442
    outer loop
      vertex 3.998551368713379 2.5528159141540527 1.685212254524231
      vertex 3.995277166366577 2.5536673069000244 1.6794676780700684
      vertex 3.9105937480926514 2.562675714492798 1.7290687561035156
    endloop
  endfacet
  facet normal 0.14303981755815132 0.9875902215065361 0.06484724340788588
    outer loop
      vertex 3.917141914367676 2.5609729290008545 1.7405577898025513
      vertex 4.001825332641602 2.551964521408081 1.6909568309783936
      vertex 3.998551368713379 2.5528159141540527 1.685212254524231
    endloop
  endfacet
  facet normal 0.14303873116190555 0.9875904863470794 0.06484560636104267
    outer loop
      vertex 3.9105937480926514 2.562675714492798 1.7290687561035156
      vertex 3.917141914367676 2.5609729290008545 1.7405577898025513
      vertex 3.998551368713379 2.5528159141540527 1.685212254524231
    endloop
  endfacet
  facet normal 0.14303736004457973 0.9875908252208442 0.06484346976442185
    outer loop
      vertex 3.9302384853363037 2.5575673580169678 1.763535976409912
      vertex 4.014922142028809 2.5485589504241943 1.7139348983764648
      vertex 4.008373737335205 2.5502617359161377 1.7024458646774292
    endloop
  endfacet
  facet normal 0.14303856139992735 0.9875905481581215 0.06484503945083522
    outer loop
      vertex 3.9302384853363037 2.5575673580169678 1.763535976409912
      vertex 4.008373737335205 2.5502617359161377 1.7024458646774292
      vertex 3.9236903190612793 2.559270143508911 1.752046823501587
    endloop
  endfacet
  facet normal 0.1430353624503369 0.9875913799832086 0.06483942682938121
    outer loop
      vertex 4.005099773406982 2.5511131286621094 1.6967012882232666
      vertex 4.001825332641602 2.551964521408081 1.6909568309783936
      vertex 3.917141914367676 2.5609729290008545 1.7405577898025513
    endloop
  endfacet
  facet normal 0.14303981755815132 0.9875902215065361 0.06484724340788588
    outer loop
      vertex 3.9236903190612793 2.559270143508911 1.752046823501587
      vertex 4.008373737335205 2.5502617359161377 1.7024458646774292
      vertex 4.005099773406982 2.5511131286621094 1.6967012882232666
    endloop
  endfacet
  facet normal 0.14303732634676666 0.9875908288054902 0.06484348950244391
    outer loop
      vertex 3.917141914367676 2.5609729290008545 1.7405577898025513
      vertex 3.9236903190612793 2.559270143508911 1.752046823501587
      vertex 4.005099773406982 2.5511131286621094 1.6967012882232666
    endloop
  endfacet
  facet normal 0.14304222266394506 0.9875899218950299 0.06484650111399434
    outer loop
      vertex 3.936786651611328 2.5558648109436035 1.7750250101089478
      vertex 4.021470069885254 2.546856164932251 1.7254239320755005
      vertex 4.014922142028809 2.5485589504241943 1.7139348983764648
    endloop
  endfacet
  facet normal 0.1430299431835721 0.9875927537355926 0.06483045674567708
    outer loop
      vertex 3.936786651611328 2.5558648109436035 1.7750250101089478
      vertex 4.014922142028809 2.5485589504241943 1.7139348983764648
      vertex 3.9302384853363037 2.5575673580169678 1.763535976409912
    endloop
  endfacet
  facet normal 0.14303777200621348 0.9875909902108647 0.06484004807078854
    outer loop
      vertex 4.7574286460876465 2.4725914001464844 1.2330584526062012
      vertex 4.85330057144165 2.4603803157806396 1.2075533866882324
      vertex 4.831747055053711 2.465691566467285 1.1742039918899536
    endloop
  endfacet
  facet normal 0.14303450392180736 0.9875917402444476 0.06483583337002692
    outer loop
      vertex 4.707486629486084 2.478910207748413 1.2469863891601562
      vertex 4.7574286460876465 2.4725914001464844 1.2330584526062012
      vertex 4.831747055053711 2.465691566467285 1.1742039918899536
    endloop
  endfacet
  facet normal 0.14303546430635644 0.987591363852744 0.06483944782416078
    outer loop
      vertex 4.672745227813721 2.481599807739258 1.2826595306396484
      vertex 4.7574286460876465 2.4725914001464844 1.2330584526062012
      vertex 4.707486629486084 2.478910207748413 1.2469863891601562
    endloop
  endfacet
  facet normal 0.1430366064777235 0.987591124211823 0.06484057823126227
    outer loop
      vertex 4.583225727081299 2.492128849029541 1.3197686672210693
      vertex 4.672745227813721 2.481599807739258 1.2826595306396484
      vertex 4.707486629486084 2.478910207748413 1.2469863891601562
    endloop
  endfacet
  facet normal 0.1430376573793543 0.9875907935914267 0.06484329560473191
    outer loop
      vertex 4.672745227813721 2.481599807739258 1.2826595306396484
      vertex 4.594610214233398 2.488905429840088 1.3437496423721313
      vertex 4.679293632507324 2.4798970222473145 1.294148564338684
    endloop
  endfacet
  facet normal 0.14303773289671995 0.9875907761753584 0.0648433942751293
    outer loop
      vertex 4.583225727081299 2.492128849029541 1.3197686672210693
      vertex 4.594610214233398 2.488905429840088 1.3437496423721313
      vertex 4.672745227813721 2.481599807739258 1.2826595306396484
    endloop
  endfacet
  facet normal 0.1430384872188462 0.9875906001504218 0.06484441123700452
    outer loop
      vertex 4.523175239562988 2.4956588745117188 1.3984700441360474
      vertex 4.594610214233398 2.488905429840088 1.3437496423721313
      vertex 4.488067150115967 2.4996719360351562 1.4147944450378418
    endloop
  endfacet
  facet normal 0.1430407153825636 0.9875900822413031 0.06484738392148871
    outer loop
      vertex 4.594610214233398 2.488905429840088 1.3437496423721313
      vertex 4.523175239562988 2.4956588745117188 1.3984700441360474
      vertex 4.601158142089844 2.4872026443481445 1.355238676071167
    endloop
  endfacet
  facet normal 0.1430410824639778 0.9875899602898361 0.06484843145561246
    outer loop
      vertex 4.583225727081299 2.492128849029541 1.3197686672210693
      vertex 4.458964824676514 2.505347490310669 1.3925509452819824
      vertex 4.425242900848389 2.5069222450256348 1.4429516792297363
    endloop
  endfacet
  facet normal 0.1430373726537033 0.9875908167641289 0.0648435707490462
    outer loop
      vertex 4.583225727081299 2.492128849029541 1.3197686672210693
      vertex 4.425242900848389 2.5069222450256348 1.4429516792297363
      vertex 4.594610214233398 2.488905429840088 1.3437496423721313
    endloop
  endfacet
  facet normal 0.1430383259804382 0.9875907662159708 0.0648422376670142
    outer loop
      vertex 4.76397705078125 2.470888614654541 1.2445476055145264
      vertex 4.85330057144165 2.4603803157806396 1.2075533866882324
      vertex 4.7574286460876465 2.4725914001464844 1.2330584526062012
    endloop
  endfacet
  facet normal 0.14303576579789326 0.9875911349002334 0.06484226992540625
    outer loop
      vertex 4.334011077880859 2.5176334381103516 1.4810636043548584
      vertex 4.458964824676514 2.505347490310669 1.3925509452819824
      vertex 4.3347039222717285 2.5185658931732178 1.465333342552185
    endloop
  endfacet
  facet normal 0.14304144850163222 0.9875899273816111 0.06484812522300848
    outer loop
      vertex 4.3347039222717285 2.5185658931732178 1.465333342552185
      vertex 4.210443496704102 2.5317845344543457 1.5381156206130981
      vertex 4.249327659606934 2.526641845703125 1.5306646823883057
    endloop
  endfacet
  facet normal 0.14303709963878228 0.9875909386217667 0.06484231703990044
    outer loop
      vertex 4.3347039222717285 2.5185658931732178 1.465333342552185
      vertex 4.249327659606934 2.526641845703125 1.5306646823883057
      vertex 4.334011077880859 2.5176334381103516 1.4810636043548584
    endloop
  endfacet
  facet normal 0.1430391072030553 0.9875903339279773 0.06484709818163943
    outer loop
      vertex 4.425242900848389 2.5069222450256348 1.4429516792297363
      vertex 4.458964824676514 2.505347490310669 1.3925509452819824
      vertex 4.334011077880859 2.5176334381103516 1.4810636043548584
    endloop
  endfacet
  facet normal 0.14301919248246653 0.9875940902577041 0.06483381424627949
    outer loop
      vertex 4.438339710235596 2.503516912460327 1.4659297466278076
      vertex 4.4529595375061035 2.5036849975585938 1.4311189651489258
      vertex 4.431791305541992 2.5052194595336914 1.454440712928772
    endloop
  endfacet
  facet normal 0.14304538759071053 0.9875889043174048 0.06485501644569519
    outer loop
      vertex 4.488067150115967 2.4996719360351562 1.4147944450378418
      vertex 4.594610214233398 2.488905429840088 1.3437496423721313
      vertex 4.4529595375061035 2.5036849975585938 1.4311189651489258
    endloop
  endfacet
  facet normal 0.14303758998375227 0.987590800760742 0.06484333508076573
    outer loop
      vertex 4.425242900848389 2.5069222450256348 1.4429516792297363
      vertex 4.334011077880859 2.5176334381103516 1.4810636043548584
      vertex 4.340559482574463 2.515930652618408 1.492552638053894
    endloop
  endfacet
  facet normal 0.14303266175733967 0.9875913249920176 0.06484622171816716
    outer loop
      vertex 4.431791305541992 2.5052194595336914 1.454440712928772
      vertex 4.4529595375061035 2.5036849975585938 1.4311189651489258
      vertex 4.425242900848389 2.5069222450256348 1.4429516792297363
    endloop
  endfacet
  facet normal 0.14301639396154717 0.9875962709969783 0.06480676331293189
    outer loop
      vertex 4.594610214233398 2.488905429840088 1.3437496423721313
      vertex 4.425242900848389 2.5069222450256348 1.4429516792297363
      vertex 4.4529595375061035 2.5036849975585938 1.4311189651489258
    endloop
  endfacet
  facet normal 0.14304105408708487 0.9875900462098072 0.06484718554391078
    outer loop
      vertex 4.777073383331299 2.4674830436706543 1.2675256729125977
      vertex 4.85330057144165 2.4603803157806396 1.2075533866882324
      vertex 4.7705254554748535 2.4691858291625977 1.256036639213562
    endloop
  endfacet
  facet normal 0.14303854175060374 0.9875906995144438 0.06484277759652356
    outer loop
      vertex 4.7705254554748535 2.4691858291625977 1.256036639213562
      vertex 4.85330057144165 2.4603803157806396 1.2075533866882324
      vertex 4.76397705078125 2.470888614654541 1.2445476055145264
    endloop
  endfacet
  facet normal 0.1430373372863106 0.9875909013776293 0.06484236006010237
    outer loop
      vertex 4.874853610992432 2.455069065093994 1.2409027814865112
      vertex 4.85330057144165 2.4603803157806396 1.2075533866882324
      vertex 4.777073383331299 2.4674830436706543 1.2675256729125977
    endloop
  endfacet
  facet normal 0.14303744005325972 0.9875908604589011 0.06484275658126627
    outer loop
      vertex 4.783621788024902 2.465780258178711 1.2790148258209229
      vertex 4.874853610992432 2.455069065093994 1.2409027814865112
      vertex 4.777073383331299 2.4674830436706543 1.2675256729125977
    endloop
  endfacet
  facet normal 0.1430409228379831 0.9875897888238663 0.06485139477674598
    outer loop
      vertex 4.791244983673096 2.463963031768799 1.2898741960525513
      vertex 4.874853610992432 2.455069065093994 1.2409027814865112
      vertex 4.783621788024902 2.465780258178711 1.2790148258209229
    endloop
  endfacet
  facet normal 0.14303863731033395 0.9875907952255828 0.06484110904437138
    outer loop
      vertex 4.624028205871582 2.4817514419555664 1.3878170251846313
      vertex 4.70763635635376 2.4728572368621826 1.3388456106185913
      vertex 4.698938369750977 2.4747886657714844 1.3286157846450806
    endloop
  endfacet
  facet normal 0.14303018586179908 0.9875927363145885 0.0648301867265758
    outer loop
      vertex 4.624028205871582 2.4817514419555664 1.3878170251846313
      vertex 4.698938369750977 2.4747886657714844 1.3286157846450806
      vertex 4.614254951477051 2.483797073364258 1.3782168626785278
    endloop
  endfacet
  facet normal 0.1430428906555154 0.9875895966283254 0.06484998122139846
    outer loop
      vertex 4.70763635635376 2.4728572368621826 1.3388456106185913
      vertex 4.791244983673096 2.463963031768799 1.2898741960525513
      vertex 4.783621788024902 2.465780258178711 1.2790148258209229
    endloop
  endfacet
  facet normal 0.14303708713602248 0.9875909315173915 0.06484245282415495
    outer loop
      vertex 4.70763635635376 2.4728572368621826 1.3388456106185913
      vertex 4.783621788024902 2.465780258178711 1.2790148258209229
      vertex 4.698938369750977 2.4747886657714844 1.3286157846450806
    endloop
  endfacet
  facet normal 0.14303830748274143 0.9875907244353186 0.06484291481569397
    outer loop
      vertex 4.607706546783447 2.485499858856201 1.3667277097702026
      vertex 4.601158142089844 2.4872026443481445 1.355238676071167
      vertex 4.523175239562988 2.4956588745117188 1.3984700441360474
    endloop
  endfacet
  facet normal 0.14303614497880046 0.987591095489549 0.06484203373858649
    outer loop
      vertex 4.438339710235596 2.503516912460327 1.4659297466278076
      vertex 4.353655815124512 2.5125253200531006 1.5155308246612549
      vertex 4.350308895111084 2.510869026184082 1.5481404066085815
    endloop
  endfacet
  facet normal 0.14303889002295544 0.9875905014286277 0.06484502624683333
    outer loop
      vertex 4.438339710235596 2.503516912460327 1.4659297466278076
      vertex 4.350308895111084 2.510869026184082 1.5481404066085815
      vertex 4.4732232093811035 2.497793674468994 1.4761466979980469
    endloop
  endfacet
  facet normal 0.1430381063801415 0.9875907901045752 0.06484235825295163
    outer loop
      vertex 4.523175239562988 2.4956588745117188 1.3984700441360474
      vertex 4.540419578552246 2.490645408630371 1.4367884397506714
      vertex 4.607706546783447 2.485499858856201 1.3667277097702026
    endloop
  endfacet
  facet normal 0.1430293361423215 0.9875928016767079 0.06483106569413677
    outer loop
      vertex 4.624028205871582 2.4817514419555664 1.3878170251846313
      vertex 4.614254951477051 2.483797073364258 1.3782168626785278
      vertex 4.540419578552246 2.490645408630371 1.4367884397506714
    endloop
  endfacet
  facet normal 0.14303811152947457 0.9875907890288773 0.06484236327742209
    outer loop
      vertex 4.607706546783447 2.485499858856201 1.3667277097702026
      vertex 4.540419578552246 2.490645408630371 1.4367884397506714
      vertex 4.614254951477051 2.483797073364258 1.3782168626785278
    endloop
  endfacet
  facet normal 0.14303717842461616 0.9875909393680522 0.06484213187775953
    outer loop
      vertex 4.2273945808410645 2.52394437789917 1.6201339960098267
      vertex 4.350308895111084 2.510869026184082 1.5481404066085815
      vertex 4.353655815124512 2.5125253200531006 1.5155308246612549
    endloop
  endfacet
  facet normal 0.1430362582155694 0.9875911470611347 0.06484099846671816
    outer loop
      vertex 4.2273945808410645 2.52394437789917 1.6201339960098267
      vertex 4.353655815124512 2.5125253200531006 1.5155308246612549
      vertex 4.268972396850586 2.521533727645874 1.5651317834854126
    endloop
  endfacet
  facet normal 0.14303966980853514 0.9875905611017722 0.06484239727024131
    outer loop
      vertex 4.4732232093811035 2.497793674468994 1.4761466979980469
      vertex 4.4529595375061035 2.5036849975585938 1.4311189651489258
      vertex 4.438339710235596 2.503516912460327 1.4659297466278076
    endloop
  endfacet
  facet normal 0.14304055309169358 0.9875903846157366 0.06484313676684486
    outer loop
      vertex 4.161370277404785 2.536501884460449 1.5745211839675903
      vertex 4.249327659606934 2.526641845703125 1.5306646823883057
      vertex 4.210443496704102 2.5317845344543457 1.5381156206130981
    endloop
  endfacet
  facet normal 0.14303822697681165 0.9875905364307164 0.06484595573989065
    outer loop
      vertex 4.093705654144287 2.5428504943847656 1.6270883083343506
      vertex 4.119028091430664 2.541006088256836 1.5993216037750244
      vertex 4.086182594299316 2.5450031757354736 1.6108978986740112
    endloop
  endfacet
  facet normal 0.14303942561857919 0.9875901303034552 0.06484949688248291
    outer loop
      vertex 4.161370277404785 2.536501884460449 1.5745211839675903
      vertex 4.086182594299316 2.5450031757354736 1.6108978986740112
      vertex 4.119028091430664 2.541006088256836 1.5993216037750244
    endloop
  endfacet
  facet normal 0.14302894378204745 0.9875931165985347 0.06482713388531888
    outer loop
      vertex 4.086182594299316 2.5450031757354736 1.6108978986740112
      vertex 4.161370277404785 2.536501884460449 1.5745211839675903
      vertex 4.210443496704102 2.5317845344543457 1.5381156206130981
    endloop
  endfacet
  facet normal 0.14303806294949342 0.9875904081591064 0.06484827106243023
    outer loop
      vertex 4.093705654144287 2.5428504943847656 1.6270883083343506
      vertex 4.125576496124268 2.5393033027648926 1.6108107566833496
      vertex 4.122302532196045 2.5401546955108643 1.605066180229187
    endloop
  endfacet
  facet normal 0.14303405934458094 0.9875915185979304 0.064840190166628
    outer loop
      vertex 4.125576496124268 2.5393033027648926 1.6108107566833496
      vertex 4.093705654144287 2.5428504943847656 1.6270883083343506
      vertex 4.128850936889648 2.538451910018921 1.6165552139282227
    endloop
  endfacet
  facet normal 0.14303355514379174 0.9875917072464564 0.06483842904448867
    outer loop
      vertex 4.093705654144287 2.5428504943847656 1.6270883083343506
      vertex 4.1012282371521 2.5406980514526367 1.6432785987854004
      vertex 4.128850936889648 2.538451910018921 1.6165552139282227
    endloop
  endfacet
  facet normal 0.14303191532794782 0.9875918341498244 0.06484011349623307
    outer loop
      vertex 4.122302532196045 2.5401546955108643 1.605066180229187
      vertex 4.119028091430664 2.541006088256836 1.5993216037750244
      vertex 4.093705654144287 2.5428504943847656 1.6270883083343506
    endloop
  endfacet
  facet normal 0.14303859252964585 0.987590579884325 0.06484448759054637
    outer loop
      vertex 4.037273406982422 2.549053907394409 1.6570920944213867
      vertex 4.030864238739014 2.5508878231048584 1.6432991027832031
      vertex 3.995277166366577 2.5536673069000244 1.6794676780700684
    endloop
  endfacet
  facet normal 0.14303669143905728 0.9875910173717969 0.0648420180801556
    outer loop
      vertex 4.030864238739014 2.5508878231048584 1.6432991027832031
      vertex 3.9251129627227783 2.5621373653411865 1.7052398920059204
      vertex 3.9105937480926514 2.562675714492798 1.7290687561035156
    endloop
  endfacet
  facet normal 0.1430379976987896 0.9875907050968683 0.06484389270078934
    outer loop
      vertex 4.030864238739014 2.5508878231048584 1.6432991027832031
      vertex 3.9105937480926514 2.562675714492798 1.7290687561035156
      vertex 3.995277166366577 2.5536673069000244 1.6794676780700684
    endloop
  endfacet
  facet normal 0.14303717978297525 0.9875909269723443 0.06484231767633433
    outer loop
      vertex 3.9105937480926514 2.562675714492798 1.7290687561035156
      vertex 3.9251129627227783 2.5621373653411865 1.7052398920059204
      vertex 3.819361925125122 2.5733869075775146 1.7671806812286377
    endloop
  endfacet
  facet normal 0.1430385487927732 0.9875905057470753 0.06484571317746135
    outer loop
      vertex 3.917141914367676 2.5609729290008545 1.7405577898025513
      vertex 3.9105937480926514 2.562675714492798 1.7290687561035156
      vertex 3.819361925125122 2.5733869075775146 1.7671806812286377
    endloop
  endfacet
  facet normal 0.14304115929832212 0.9875900035680563 0.06484760287812263
    outer loop
      vertex 3.998551368713379 2.5528159141540527 1.685212254524231
      vertex 4.043682098388672 2.54721999168396 1.6708852052688599
      vertex 4.037273406982422 2.549053907394409 1.6570920944213867
    endloop
  endfacet
  facet normal 0.14303763723140614 0.9875908394836279 0.06484264108809625
    outer loop
      vertex 3.995277166366577 2.5536673069000244 1.6794676780700684
      vertex 3.998551368713379 2.5528159141540527 1.685212254524231
      vertex 4.037273406982422 2.549053907394409 1.6570920944213867
    endloop
  endfacet
  facet normal 0.143037056945382 0.9875911997319483 0.06483843422241682
    outer loop
      vertex 4.005099773406982 2.5511131286621094 1.6967012882232666
      vertex 4.043682098388672 2.54721999168396 1.6708852052688599
      vertex 4.001825332641602 2.551964521408081 1.6909568309783936
    endloop
  endfacet
  facet normal 0.14304086386338338 0.9875901102002048 0.06484663059839178
    outer loop
      vertex 4.043682098388672 2.54721999168396 1.6708852052688599
      vertex 3.998551368713379 2.5528159141540527 1.685212254524231
      vertex 4.001825332641602 2.551964521408081 1.6909568309783936
    endloop
  endfacet
  facet normal 0.1430213305254333 0.9875955166515237 0.0648073645857079
    outer loop
      vertex 4.047441482543945 2.5466089248657227 1.671900749206543
      vertex 4.072455406188965 2.543958902359009 1.6570818424224854
      vertex 4.043682098388672 2.54721999168396 1.6708852052688599
    endloop
  endfacet
  facet normal 0.14303827832270133 0.9875906134432073 0.06484466958314444
    outer loop
      vertex 3.917141914367676 2.5609729290008545 1.7405577898025513
      vertex 3.819361925125122 2.5733869075775146 1.7671806812286377
      vertex 3.8390066623687744 2.5682785511016846 1.8016479015350342
    endloop
  endfacet
  facet normal 0.14304181500660174 0.987589921507454 0.06484740624356533
    outer loop
      vertex 4.1012282371521 2.5406980514526367 1.6432785987854004
      vertex 4.135398864746094 2.5367491245269775 1.6280442476272583
      vertex 4.132124900817871 2.537600517272949 1.6222997903823853
    endloop
  endfacet
  facet normal 0.14304744527263943 0.9875882482118319 0.06486046866047436
    outer loop
      vertex 4.093057155609131 2.5412533283233643 1.652844786643982
      vertex 4.135398864746094 2.5367491245269775 1.6280442476272583
      vertex 4.1012282371521 2.5406980514526367 1.6432785987854004
    endloop
  endfacet
  facet normal 0.14304117869908814 0.987590076707577 0.06484644620253083
    outer loop
      vertex 4.132124900817871 2.537600517272949 1.6222997903823853
      vertex 4.128850936889648 2.538451910018921 1.6165552139282227
      vertex 4.1012282371521 2.5406980514526367 1.6432785987854004
    endloop
  endfacet
  facet normal 0.14304318752696069 0.9875898630027102 0.06484526965334221
    outer loop
      vertex 4.047441482543945 2.5466089248657227 1.671900749206543
      vertex 4.050715446472168 2.545757532119751 1.6776453256607056
      vertex 4.072455406188965 2.543958902359009 1.6570818424224854
    endloop
  endfacet
  facet normal 0.14303502577851177 0.9875907532307524 0.06484971498515166
    outer loop
      vertex 4.093057155609131 2.5412533283233643 1.652844786643982
      vertex 4.1012282371521 2.5406980514526367 1.6432785987854004
      vertex 4.072455406188965 2.543958902359009 1.6570818424224854
    endloop
  endfacet
  facet normal 0.1430364639445355 0.9875911322880268 0.06484076964608597
    outer loop
      vertex 4.104480266571045 2.537019729614258 1.6921277046203613
      vertex 4.2273945808410645 2.52394437789917 1.6201339960098267
      vertex 4.18428897857666 2.5305421352386475 1.6147328615188599
    endloop
  endfacet
  facet normal 0.14303562790894608 0.987591310957476 0.0648398925815545
    outer loop
      vertex 4.104480266571045 2.537019729614258 1.6921277046203613
      vertex 4.18428897857666 2.5305421352386475 1.6147328615188599
      vertex 4.099605560302734 2.539550542831421 1.6643338203430176
    endloop
  endfacet
  facet normal 0.14303641751955165 0.9875911159927289 0.06484112025103224
    outer loop
      vertex 4.18428897857666 2.5305421352386475 1.6147328615188599
      vertex 4.2273945808410645 2.52394437789917 1.6201339960098267
      vertex 4.268972396850586 2.521533727645874 1.5651317834854126
    endloop
  endfacet
  facet normal 0.14303437184360274 0.9875914774173673 0.06484012803725511
    outer loop
      vertex 4.021470069885254 2.546856164932251 1.7254239320755005
      vertex 4.104480266571045 2.537019729614258 1.6921277046203613
      vertex 4.099605560302734 2.539550542831421 1.6643338203430176
    endloop
  endfacet
  facet normal 0.14303179594099774 0.9875923176863328 0.06483301162856879
    outer loop
      vertex 4.050715446472168 2.545757532119751 1.6776453256607056
      vertex 4.093057155609131 2.5412533283233643 1.652844786643982
      vertex 4.072455406188965 2.543958902359009 1.6570818424224854
    endloop
  endfacet
  facet normal 0.14303833145789627 0.9875905726189289 0.064845174130056
    outer loop
      vertex 3.8390066623687744 2.5682785511016846 1.8016479015350342
      vertex 3.9302384853363037 2.5575673580169678 1.763535976409912
      vertex 3.9236903190612793 2.559270143508911 1.752046823501587
    endloop
  endfacet
  facet normal 0.14303736004457973 0.9875908252208442 0.06484346976442185
    outer loop
      vertex 3.9236903190612793 2.559270143508911 1.752046823501587
      vertex 3.917141914367676 2.5609729290008545 1.7405577898025513
      vertex 3.8390066623687744 2.5682785511016846 1.8016479015350342
    endloop
  endfacet
  facet normal 0.14304016970437222 0.9875901402903963 0.06484770352248215
    outer loop
      vertex 4.099605560302734 2.539550542831421 1.6643338203430176
      vertex 4.014922142028809 2.5485589504241943 1.7139348983764648
      vertex 4.021470069885254 2.546856164932251 1.7254239320755005
    endloop
  endfacet
  facet normal 0.14303072903514533 0.9875926234518116 0.06483070765650341
    outer loop
      vertex 4.104480266571045 2.537019729614258 1.6921277046203613
      vertex 4.021470069885254 2.546856164932251 1.7254239320755005
      vertex 3.9815659523010254 2.5500950813293457 1.764121413230896
    endloop
  endfacet
  facet normal 0.1430369269463054 0.9875912989542094 0.06483720968467677
    outer loop
      vertex 3.936786651611328 2.5558648109436035 1.7750250101089478
      vertex 3.9815659523010254 2.5500950813293457 1.764121413230896
      vertex 4.021470069885254 2.546856164932251 1.7254239320755005
    endloop
  endfacet
  facet normal 0.14302818755526484 0.9875929404932708 0.06483148504014648
    outer loop
      vertex 3.936786651611328 2.5558648109436035 1.7750250101089478
      vertex 3.9302384853363037 2.5575673580169678 1.763535976409912
      vertex 3.8586513996124268 2.5631704330444336 1.8361151218414307
    endloop
  endfacet
  facet normal 0.14303595008009204 0.9875913053228693 0.06483926769602266
    outer loop
      vertex 3.8390066623687744 2.5682785511016846 1.8016479015350342
      vertex 3.8586513996124268 2.5631704330444336 1.8361151218414307
      vertex 3.9302384853363037 2.5575673580169678 1.763535976409912
    endloop
  endfacet
  facet normal 0.14303880779686573 0.9875904913322952 0.06484536139221538
    outer loop
      vertex 3.9815659523010254 2.5500950813293457 1.764121413230896
      vertex 3.936786651611328 2.5558648109436035 1.7750250101089478
      vertex 3.8586513996124268 2.5631704330444336 1.8361151218414307
    endloop
  endfacet
  facet normal 0.14301998126756577 0.9875953893015482 0.06481228269817849
    outer loop
      vertex 4.005099773406982 2.5511131286621094 1.6967012882232666
      vertex 4.047441482543945 2.5466089248657227 1.671900749206543
      vertex 4.043682098388672 2.54721999168396 1.6708852052688599
    endloop
  endfacet
  facet normal 0.14304244000762847 0.987589855019078 0.0648470401796453
    outer loop
      vertex 4.161370277404785 2.536501884460449 1.5745211839675903
      vertex 4.164644241333008 2.5356504917144775 1.5802656412124634
      vertex 4.249327659606934 2.526641845703125 1.5306646823883057
    endloop
  endfacet
  facet normal -0.4911202657661139 0.12771174150736309 -0.8616789399973624
    outer loop
      vertex 3.9758429527282715 2.541698694229126 1.6732969284057617
      vertex 3.9736974239349365 2.5268847942352295 1.6723241806030273
      vertex 3.9208219051361084 2.5325095653533936 1.7032946348190308
    endloop
  endfacet
  facet normal -0.49111981092899004 0.12770482591036308 -0.8616802241854439
    outer loop
      vertex 3.9758429527282715 2.541698694229126 1.6732969284057617
      vertex 3.9208219051361084 2.5325095653533936 1.7032946348190308
      vertex 3.9229674339294434 2.54732346534729 1.7042672634124756
    endloop
  endfacet
  facet normal -0.4911208201327896 0.1277049332651042 -0.861679633072438
    outer loop
      vertex 3.9736974239349365 2.5268847942352295 1.6723241806030273
      vertex 3.9715518951416016 2.512070894241333 1.6713515520095825
      vertex 3.9186763763427734 2.517695903778076 1.702322006225586
    endloop
  endfacet
  facet normal -0.4911209549478215 0.127706983146794 -0.8616792524290487
    outer loop
      vertex 3.9736974239349365 2.5268847942352295 1.6723241806030273
      vertex 3.9186763763427734 2.517695903778076 1.702322006225586
      vertex 3.9208219051361084 2.5325095653533936 1.7032946348190308
    endloop
  endfacet
  facet normal -0.4911193717946496 0.12771364745540484 -0.8616791670347294
    outer loop
      vertex 3.9186763763427734 2.517695903778076 1.702322006225586
      vertex 3.906813859939575 2.503915548324585 1.7070406675338745
      vertex 3.810779571533203 2.514131546020508 1.7632901668548584
    endloop
  endfacet
  facet normal -0.49111952218297716 0.12770972700020516 -0.8616796623805725
    outer loop
      vertex 3.810779571533203 2.514131546020508 1.7632901668548584
      vertex 3.815070867538452 2.5437591075897217 1.765235424041748
      vertex 3.9186763763427734 2.517695903778076 1.702322006225586
    endloop
  endfacet
  facet normal -0.4911195321391717 0.12771382583081392 -0.8616790492074514
    outer loop
      vertex 3.9715518951416016 2.512070894241333 1.6713515520095825
      vertex 3.906813859939575 2.503915548324585 1.7070406675338745
      vertex 3.9186763763427734 2.517695903778076 1.702322006225586
    endloop
  endfacet
  facet normal -0.49112276185592074 0.12770143029801065 -0.8616790455191857
    outer loop
      vertex 3.9715518951416016 2.512070894241333 1.6713515520095825
      vertex 4.009851932525635 2.5079967975616455 1.6489182710647583
      vertex 4.002848148345947 2.493699550628662 1.6507912874221802
    endloop
  endfacet
  facet normal -0.49111688494667133 0.1277169227298754 -0.8616800989744913
    outer loop
      vertex 4.0168561935424805 2.52229380607605 1.6470452547073364
      vertex 4.009851932525635 2.5079967975616455 1.6489182710647583
      vertex 3.9736974239349365 2.5268847942352295 1.6723241806030273
    endloop
  endfacet
  facet normal -0.4911222327597996 0.1277050835340891 -0.8616788056628645
    outer loop
      vertex 4.009851932525635 2.5079967975616455 1.6489182710647583
      vertex 3.9715518951416016 2.512070894241333 1.6713515520095825
      vertex 3.9736974239349365 2.5268847942352295 1.6723241806030273
    endloop
  endfacet
  facet normal -0.49111934570337706 0.12770829096145012 -0.8616799758005245
    outer loop
      vertex 3.9715518951416016 2.512070894241333 1.6713515520095825
      vertex 4.002848148345947 2.493699550628662 1.6507912874221802
      vertex 3.906813859939575 2.503915548324585 1.7070406675338745
    endloop
  endfacet
  facet normal -0.49112023776789687 0.12770690685511718 -0.8616796724980246
    outer loop
      vertex 3.9208219051361084 2.5325095653533936 1.7032946348190308
      vertex 3.9186763763427734 2.517695903778076 1.702322006225586
      vertex 3.815070867538452 2.5437591075897217 1.765235424041748
    endloop
  endfacet
  facet normal -0.49112052811023904 0.12770490220101732 -0.8616798041166733
    outer loop
      vertex 3.9229674339294434 2.54732346534729 1.7042672634124756
      vertex 3.9208219051361084 2.5325095653533936 1.7032946348190308
      vertex 3.815070867538452 2.5437591075897217 1.765235424041748
    endloop
  endfacet
  facet normal -0.49112052811023904 0.12770490220101732 -0.8616798041166733
    outer loop
      vertex 3.9229674339294434 2.54732346534729 1.7042672634124756
      vertex 3.819361925125122 2.5733869075775146 1.7671806812286377
      vertex 3.9251129627227783 2.5621373653411865 1.7052398920059204
    endloop
  endfacet
  facet normal -0.49112052811023904 0.12770490220101732 -0.8616798041166733
    outer loop
      vertex 3.9229674339294434 2.54732346534729 1.7042672634124756
      vertex 3.815070867538452 2.5437591075897217 1.765235424041748
      vertex 3.819361925125122 2.5733869075775146 1.7671806812286377
    endloop
  endfacet
  facet normal -0.49111981092899004 0.12770482591036308 -0.8616802241854439
    outer loop
      vertex 3.9251129627227783 2.5621373653411865 1.7052398920059204
      vertex 3.9758429527282715 2.541698694229126 1.6732969284057617
      vertex 3.9229674339294434 2.54732346534729 1.7042672634124756
    endloop
  endfacet
  facet normal -0.4911176752840917 0.12771146595507016 -0.8616804572967617
    outer loop
      vertex 3.9736974239349365 2.5268847942352295 1.6723241806030273
      vertex 3.9758429527282715 2.541698694229126 1.6732969284057617
      vertex 4.0168561935424805 2.52229380607605 1.6470452547073364
    endloop
  endfacet
  facet normal -0.4911237585203336 0.12769684884543483 -0.8616791564218129
    outer loop
      vertex 4.023859977722168 2.536590814590454 1.645172119140625
      vertex 4.0168561935424805 2.52229380607605 1.6470452547073364
      vertex 3.9758429527282715 2.541698694229126 1.6732969284057617
    endloop
  endfacet
  facet normal -0.4911205458504387 0.12771903053002415 -0.8616777000039155
    outer loop
      vertex 4.023859977722168 2.536590814590454 1.645172119140625
      vertex 3.9758429527282715 2.541698694229126 1.6732969284057617
      vertex 4.030864238739014 2.5508878231048584 1.6432991027832031
    endloop
  endfacet
  facet normal -0.49111964206426556 0.12770528834939113 -0.8616802518952529
    outer loop
      vertex 3.9251129627227783 2.5621373653411865 1.7052398920059204
      vertex 4.030864238739014 2.5508878231048584 1.6432991027832031
      vertex 3.9758429527282715 2.541698694229126 1.6732969284057617
    endloop
  endfacet
  facet normal 0.49111964922091145 -0.12770765932354433 0.8616798964228135
    outer loop
      vertex 4.655779838562012 2.4182052612304688 1.3603018522262573
      vertex 4.557483673095703 2.4587459564208984 1.4223347902297974
      vertex 4.57454776763916 2.426846504211426 1.407881259918213
    endloop
  endfacet
  facet normal 0.4911203068240221 -0.12770589213353106 0.8616797835271854
    outer loop
      vertex 4.70763635635376 2.4728572368621826 1.3388456106185913
      vertex 4.557483673095703 2.4587459564208984 1.4223347902297974
      vertex 4.655779838562012 2.4182052612304688 1.3603018522262573
    endloop
  endfacet
  facet normal 0.4911193206810045 -0.127710921006365 0.8616796002630761
    outer loop
      vertex 4.557483673095703 2.4587459564208984 1.4223347902297974
      vertex 4.624028205871582 2.4817514419555664 1.3878170251846313
      vertex 4.540419578552246 2.490645408630371 1.4367884397506714
    endloop
  endfacet
  facet normal 0.4911203965582068 -0.12771610619632068 0.8616782185378483
    outer loop
      vertex 4.557483673095703 2.4587459564208984 1.4223347902297974
      vertex 4.70763635635376 2.4728572368621826 1.3388456106185913
      vertex 4.624028205871582 2.4817514419555664 1.3878170251846313
    endloop
  endfacet
  facet normal 0.49111996653389217 -0.1277054684528152 0.8616800402695862
    outer loop
      vertex 4.70763635635376 2.4728572368621826 1.3388456106185913
      vertex 4.655779838562012 2.4182052612304688 1.3603018522262573
      vertex 4.737011909484863 2.4095640182495117 1.3127224445343018
    endloop
  endfacet
  facet normal 0.49112022959553175 -0.12769710630588213 0.8616811296083583
    outer loop
      vertex 4.88716459274292 2.423675298690796 1.2292332649230957
      vertex 4.737011909484863 2.4095640182495117 1.3127224445343018
      vertex 4.818243980407715 2.4009227752685547 1.2651431560516357
    endloop
  endfacet
  facet normal 0.49112185257421076 -0.12770542924518352 0.8616789711170737
    outer loop
      vertex 4.88716459274292 2.423675298690796 1.2292332649230957
      vertex 4.818243980407715 2.4009227752685547 1.2651431560516357
      vertex 4.899475574493408 2.3922812938690186 1.2175637483596802
    endloop
  endfacet
  facet normal 0.4911198139118676 -0.1277075155338928 0.8616798238669241
    outer loop
      vertex 4.874853610992432 2.455069065093994 1.2409027814865112
      vertex 4.791244983673096 2.463963031768799 1.2898741960525513
      vertex 4.88716459274292 2.423675298690796 1.2292332649230957
    endloop
  endfacet
  facet normal 0.4911203095563049 -0.1277062030498368 0.8616797358902628
    outer loop
      vertex 4.737011909484863 2.4095640182495117 1.3127224445343018
      vertex 4.88716459274292 2.423675298690796 1.2292332649230957
      vertex 4.791244983673096 2.463963031768799 1.2898741960525513
    endloop
  endfacet
  facet normal 0.4911198237470881 -0.1277055625557058 0.8616801077052666
    outer loop
      vertex 4.70763635635376 2.4728572368621826 1.3388456106185913
      vertex 4.737011909484863 2.4095640182495117 1.3127224445343018
      vertex 4.791244983673096 2.463963031768799 1.2898741960525513
    endloop
  endfacet
  facet normal 0.7760798274673002 0.46336160195495857 -0.42778046616466736
    outer loop
      vertex 4.844058513641357 2.434297800064087 1.162534475326538
      vertex 4.831747055053711 2.465691566467285 1.1742039918899536
      vertex 4.85330057144165 2.4603803157806396 1.2075533866882324
    endloop
  endfacet
  facet normal 0.7760881195509879 0.4633515294212181 -0.4277763327661191
    outer loop
      vertex 4.844058513641357 2.434297800064087 1.162534475326538
      vertex 4.877922534942627 2.397592782974243 1.1842143535614014
      vertex 4.856369495391846 2.4029040336608887 1.1508649587631226
    endloop
  endfacet
  facet normal 0.7760881195509879 0.4633515294212181 -0.4277763327661191
    outer loop
      vertex 4.88716459274292 2.423675298690796 1.2292332649230957
      vertex 4.844058513641357 2.434297800064087 1.162534475326538
      vertex 4.85330057144165 2.4603803157806396 1.2075533866882324
    endloop
  endfacet
  facet normal 0.7760881195509879 0.4633515294212181 -0.4277763327661191
    outer loop
      vertex 4.844058513641357 2.434297800064087 1.162534475326538
      vertex 4.88716459274292 2.423675298690796 1.2292332649230957
      vertex 4.877922534942627 2.397592782974243 1.1842143535614014
    endloop
  endfacet
  facet normal 0.7760905948640036 0.4633485225657569 -0.4277750988542546
    outer loop
      vertex 4.88716459274292 2.423675298690796 1.2292332649230957
      vertex 4.899475574493408 2.3922812938690186 1.2175637483596802
      vertex 4.877922534942627 2.397592782974243 1.1842143535614014
    endloop
  endfacet
  facet normal 0.7760881195509879 0.4633515294212181 -0.4277763327661191
    outer loop
      vertex 4.874853610992432 2.455069065093994 1.2409027814865112
      vertex 4.88716459274292 2.423675298690796 1.2292332649230957
      vertex 4.85330057144165 2.4603803157806396 1.2075533866882324
    endloop
  endfacet
  facet normal -0.4183599584442678 0.1197156651555427 -0.9003572094934745
    outer loop
      vertex 4.034082889556885 2.5282320976257324 1.6728211641311646
      vertex 4.0916290283203125 2.52170991897583 1.645214557647705
      vertex 4.082029342651367 2.5027217864990234 1.6471503973007202
    endloop
  endfacet
  facet normal -0.4183599584442678 0.1197156651555427 -0.9003572094934745
    outer loop
      vertex 4.034082889556885 2.5282320976257324 1.6728211641311646
      vertex 4.082029342651367 2.5027217864990234 1.6471503973007202
      vertex 4.0244832038879395 2.509243965148926 1.6747570037841797
    endloop
  endfacet
  facet normal -0.4183607374604657 0.11970124485566928 -0.9003587647885359
    outer loop
      vertex 4.043682098388672 2.54721999168396 1.6708852052688599
      vertex 4.072455406188965 2.543958902359009 1.6570818424224854
      vertex 4.034082889556885 2.5282320976257324 1.6728211641311646
    endloop
  endfacet
  facet normal -0.41836161913508946 0.11970419918917909 -0.9003579623300633
    outer loop
      vertex 4.034082889556885 2.5282320976257324 1.6728211641311646
      vertex 4.072455406188965 2.543958902359009 1.6570818424224854
      vertex 4.0916290283203125 2.52170991897583 1.645214557647705
    endloop
  endfacet
  facet normal -0.41835669360133115 0.11970810488706239 -0.9003597317424352
    outer loop
      vertex 4.043656826019287 2.486994743347168 1.6628897190093994
      vertex 4.014883518218994 2.490255832672119 1.6766929626464844
      vertex 4.0244832038879395 2.509243965148926 1.6747570037841797
    endloop
  endfacet
  facet normal -0.41836475857972827 0.11971262559828628 -0.9003553831964856
    outer loop
      vertex 4.082029342651367 2.5027217864990234 1.6471503973007202
      vertex 4.072429656982422 2.483733654022217 1.649086356163025
      vertex 4.043656826019287 2.486994743347168 1.6628897190093994
    endloop
  endfacet
  facet normal -0.4183641142233149 0.1197016139213118 -0.9003571466672402
    outer loop
      vertex 4.0916290283203125 2.52170991897583 1.645214557647705
      vertex 4.072455406188965 2.543958902359009 1.6570818424224854
      vertex 4.1012282371521 2.5406980514526367 1.6432785987854004
    endloop
  endfacet
  facet normal -0.41836182324541327 0.11970278991507138 -0.9003580548522471
    outer loop
      vertex 4.082029342651367 2.5027217864990234 1.6471503973007202
      vertex 4.043656826019287 2.486994743347168 1.6628897190093994
      vertex 4.0244832038879395 2.509243965148926 1.6747570037841797
    endloop
  endfacet
  facet normal 0.7893569252849685 -0.4424626100625005 -0.42560836834035626
    outer loop
      vertex 4.008865833282471 2.4919776916503906 1.663742184638977
      vertex 4.0244832038879395 2.509243965148926 1.6747570037841797
      vertex 4.014883518218994 2.490255832672119 1.6766929626464844
    endloop
  endfacet
  facet normal 0.7893679871123022 -0.4424440703946458 -0.4256071257567128
    outer loop
      vertex 4.002848148345947 2.493699550628662 1.6507912874221802
      vertex 4.009851932525635 2.5079967975616455 1.6489182710647583
      vertex 4.008865833282471 2.4919776916503906 1.663742184638977
    endloop
  endfacet
  facet normal 0.7893400195349688 -0.4424676571119892 -0.42563447460275367
    outer loop
      vertex 4.008865833282471 2.4919776916503906 1.663742184638977
      vertex 4.009851932525635 2.5079967975616455 1.6489182710647583
      vertex 4.0168561935424805 2.52229380607605 1.6470452547073364
    endloop
  endfacet
  facet normal 0.7893564611922431 -0.4424597334233049 -0.42561221960023277
    outer loop
      vertex 4.0168561935424805 2.52229380607605 1.6470452547073364
      vertex 4.0244832038879395 2.509243965148926 1.6747570037841797
      vertex 4.008865833282471 2.4919776916503906 1.663742184638977
    endloop
  endfacet
  facet normal 0.7893702508760156 -0.44245352288538675 -0.4255931004119389
    outer loop
      vertex 4.037273406982422 2.549053907394409 1.6570920944213867
      vertex 4.043682098388672 2.54721999168396 1.6708852052688599
      vertex 4.034082889556885 2.5282320976257324 1.6728211641311646
    endloop
  endfacet
  facet normal 0.7893549077053266 -0.44246424677707663 -0.4256104087137785
    outer loop
      vertex 4.0168561935424805 2.52229380607605 1.6470452547073364
      vertex 4.037273406982422 2.549053907394409 1.6570920944213867
      vertex 4.034082889556885 2.5282320976257324 1.6728211641311646
    endloop
  endfacet
  facet normal 0.7893487491542888 -0.44244950715378917 -0.42563715278148473
    outer loop
      vertex 4.037273406982422 2.549053907394409 1.6570920944213867
      vertex 4.0168561935424805 2.52229380607605 1.6470452547073364
      vertex 4.023859977722168 2.536590814590454 1.645172119140625
    endloop
  endfacet
  facet normal 0.7893487896406136 -0.44246956328876363 -0.4256162283747519
    outer loop
      vertex 4.037273406982422 2.549053907394409 1.6570920944213867
      vertex 4.023859977722168 2.536590814590454 1.645172119140625
      vertex 4.030864238739014 2.5508878231048584 1.6432991027832031
    endloop
  endfacet
  facet normal 0.7893562678851762 -0.44246000599415436 -0.42561229475432066
    outer loop
      vertex 4.0244832038879395 2.509243965148926 1.6747570037841797
      vertex 4.0168561935424805 2.52229380607605 1.6470452547073364
      vertex 4.034082889556885 2.5282320976257324 1.6728211641311646
    endloop
  endfacet
  facet normal -0.7893728582794947 0.4424492457761542 0.4255927108442684
    outer loop
      vertex 4.093705654144287 2.5428504943847656 1.6270883083343506
      vertex 4.0916290283203125 2.52170991897583 1.645214557647705
      vertex 4.1012282371521 2.5406980514526367 1.6432785987854004
    endloop
  endfacet
  facet normal -0.7893494528497668 0.44247283081272093 0.42561160143768506
    outer loop
      vertex 4.079178333282471 2.5307061672210693 1.6127710342407227
      vertex 4.093705654144287 2.5428504943847656 1.6270883083343506
      vertex 4.086182594299316 2.5450031757354736 1.6108978986740112
    endloop
  endfacet
  facet normal -0.78935118117154 0.442446912086254 0.42563534013100124
    outer loop
      vertex 4.093705654144287 2.5428504943847656 1.6270883083343506
      vertex 4.079178333282471 2.5307061672210693 1.6127710342407227
      vertex 4.072174549102783 2.516409158706665 1.6146440505981445
    endloop
  endfacet
  facet normal -0.7893559302896352 0.4424625995454957 0.4256102246422505
    outer loop
      vertex 4.072174549102783 2.516409158706665 1.6146440505981445
      vertex 4.0916290283203125 2.52170991897583 1.645214557647705
      vertex 4.093705654144287 2.5428504943847656 1.6270883083343506
    endloop
  endfacet
  facet normal -0.7893571832033061 0.4424626838631202 0.42560781326708147
    outer loop
      vertex 4.065298080444336 2.485774278640747 1.6337382793426514
      vertex 4.072429656982422 2.483733654022217 1.649086356163025
      vertex 4.082029342651367 2.5027217864990234 1.6471503973007202
    endloop
  endfacet
  facet normal -0.7893569792952917 0.4424598600151513 0.4256111271021766
    outer loop
      vertex 4.072174549102783 2.516409158706665 1.6146440505981445
      vertex 4.065298080444336 2.485774278640747 1.6337382793426514
      vertex 4.082029342651367 2.5027217864990234 1.6471503973007202
    endloop
  endfacet
  facet normal -0.7893423056110969 0.4424681539999465 0.4256297184977071
    outer loop
      vertex 4.065298080444336 2.485774278640747 1.6337382793426514
      vertex 4.072174549102783 2.516409158706665 1.6146440505981445
      vertex 4.0651702880859375 2.5021121501922607 1.6165170669555664
    endloop
  endfacet
  facet normal -0.7893623874228132 0.4424493473941378 0.4256120255733593
    outer loop
      vertex 4.065298080444336 2.485774278640747 1.6337382793426514
      vertex 4.0651702880859375 2.5021121501922607 1.6165170669555664
      vertex 4.05816650390625 2.4878151416778564 1.6183900833129883
    endloop
  endfacet
  facet normal -0.7893567810740554 0.4424601528450382 0.42561119030959615
    outer loop
      vertex 4.0916290283203125 2.52170991897583 1.645214557647705
      vertex 4.072174549102783 2.516409158706665 1.6146440505981445
      vertex 4.082029342651367 2.5027217864990234 1.6471503973007202
    endloop
  endfacet
  facet normal -0.49111834722821496 0.1277193654243009 -0.8616789034851906
    outer loop
      vertex 4.127901554107666 2.502959966659546 1.5808886289596558
      vertex 4.128974437713623 2.510366916656494 1.581375002861023
      vertex 4.195491313934326 2.503290891647339 1.5424145460128784
    endloop
  endfacet
  facet normal -0.49112477241208974 0.12767500208372584 -0.8616818158497334
    outer loop
      vertex 4.19334602355957 2.4884769916534424 1.5414419174194336
      vertex 4.126829147338867 2.4955530166625977 1.5804023742675781
      vertex 4.127901554107666 2.502959966659546 1.5808886289596558
    endloop
  endfacet
  facet normal -0.49111969009198103 0.1276969850231053 -0.8616814550748817
    outer loop
      vertex 4.195491313934326 2.503290891647339 1.5424145460128784
      vertex 4.19334602355957 2.4884769916534424 1.5414419174194336
      vertex 4.127901554107666 2.502959966659546 1.5808886289596558
    endloop
  endfacet
  facet normal -0.4911186852319895 0.12771940138348192 -0.8616787055081768
    outer loop
      vertex 4.126829147338867 2.4955530166625977 1.5804023742675781
      vertex 4.12575626373291 2.4881460666656494 1.579916000366211
      vertex 4.092497825622559 2.4916839599609375 1.5993962287902832
    endloop
  endfacet
  facet normal -0.49111836388782915 0.12770563275869742 -0.8616809293548527
    outer loop
      vertex 4.126829147338867 2.4955530166625977 1.5804023742675781
      vertex 4.092497825622559 2.4916839599609375 1.5993962287902832
      vertex 4.093570709228516 2.4990909099578857 1.5998824834823608
    endloop
  endfacet
  facet normal -0.4911186852319895 0.12771940138348192 -0.8616787055081768
    outer loop
      vertex 4.128974437713623 2.510366916656494 1.581375002861023
      vertex 4.127901554107666 2.502959966659546 1.5808886289596558
      vertex 4.0946431159973145 2.506497859954834 1.600368857383728
    endloop
  endfacet
  facet normal -0.4911186852319895 0.12771940138348192 -0.8616787055081768
    outer loop
      vertex 4.128974437713623 2.510366916656494 1.581375002861023
      vertex 4.0946431159973145 2.506497859954834 1.600368857383728
      vertex 4.0957159996032715 2.5139048099517822 1.6008552312850952
    endloop
  endfacet
  facet normal -0.4911228298752539 0.12767479552870004 -0.8616829536215898
    outer loop
      vertex 4.127901554107666 2.502959966659546 1.5808886289596558
      vertex 4.126829147338867 2.4955530166625977 1.5804023742675781
      vertex 4.093570709228516 2.4990909099578857 1.5998824834823608
    endloop
  endfacet
  facet normal -0.4911231514331219 0.1276885642202592 -0.8616807301395148
    outer loop
      vertex 4.127901554107666 2.502959966659546 1.5808886289596558
      vertex 4.093570709228516 2.4990909099578857 1.5998824834823608
      vertex 4.0946431159973145 2.506497859954834 1.600368857383728
    endloop
  endfacet
  facet normal -0.4911181044479263 0.12772341119108357 -0.8616784421796736
    outer loop
      vertex 4.13004732131958 2.5177738666534424 1.5818612575531006
      vertex 4.131120204925537 2.5251805782318115 1.5823476314544678
      vertex 4.19763708114624 2.5181047916412354 1.5433871746063232
    endloop
  endfacet
  facet normal -0.49112030632003406 0.12770583942644076 -0.8616797916259288
    outer loop
      vertex 4.195491313934326 2.503290891647339 1.5424145460128784
      vertex 4.128974437713623 2.510366916656494 1.581375002861023
      vertex 4.13004732131958 2.5177738666534424 1.5818612575531006
    endloop
  endfacet
  facet normal -0.49111875668600447 0.12771254177807156 -0.8616796814964233
    outer loop
      vertex 4.19763708114624 2.5181047916412354 1.5433871746063232
      vertex 4.195491313934326 2.503290891647339 1.5424145460128784
      vertex 4.13004732131958 2.5177738666534424 1.5818612575531006
    endloop
  endfacet
  facet normal -0.4911181044479263 0.12772341119108357 -0.8616784421796736
    outer loop
      vertex 4.131120204925537 2.5251805782318115 1.5823476314544678
      vertex 4.13004732131958 2.5177738666534424 1.5818612575531006
      vertex 4.0967888832092285 2.5213117599487305 1.6013414859771729
    endloop
  endfacet
  facet normal -0.4911180092245548 0.12771932946512038 -0.8616791014619597
    outer loop
      vertex 4.131120204925537 2.5251805782318115 1.5823476314544678
      vertex 4.0967888832092285 2.5213117599487305 1.6013414859771729
      vertex 4.0978617668151855 2.5287187099456787 1.60182785987854
    endloop
  endfacet
  facet normal -0.4911206442875625 0.12770587538492092 -0.8616795936696775
    outer loop
      vertex 4.13004732131958 2.5177738666534424 1.5818612575531006
      vertex 4.128974437713623 2.510366916656494 1.581375002861023
      vertex 4.0957159996032715 2.5139048099517822 1.6008552312850952
    endloop
  endfacet
  facet normal -0.4911206442875625 0.12770587538492092 -0.8616795936696775
    outer loop
      vertex 4.13004732131958 2.5177738666534424 1.5818612575531006
      vertex 4.0957159996032715 2.5139048099517822 1.6008552312850952
      vertex 4.0967888832092285 2.5213117599487305 1.6013414859771729
    endloop
  endfacet
  facet normal -0.4911199683526199 0.12770580346796107 -0.8616799895819354
    outer loop
      vertex 4.132193088531494 2.5325875282287598 1.5828338861465454
      vertex 4.131120204925537 2.5251805782318115 1.5823476314544678
      vertex 4.0978617668151855 2.5287187099456787 1.60182785987854
    endloop
  endfacet
  facet normal -0.4911199683526199 0.12770580346796107 -0.8616799895819354
    outer loop
      vertex 4.132193088531494 2.5325875282287598 1.5828338861465454
      vertex 4.0978617668151855 2.5287187099456787 1.60182785987854
      vertex 4.098934650421143 2.536125659942627 1.6023141145706177
    endloop
  endfacet
  facet normal -0.4911215599277671 0.12769718389851042 -0.8616803598774355
    outer loop
      vertex 4.796288967132568 2.4544215202331543 1.1927433013916016
      vertex 4.7941436767578125 2.439607620239258 1.1917706727981567
      vertex 4.727626800537109 2.446683645248413 1.2307311296463013
    endloop
  endfacet
  facet normal -0.49112160755904183 0.12769922438275794 -0.8616800303364728
    outer loop
      vertex 4.796288967132568 2.4544215202331543 1.1927433013916016
      vertex 4.727626800537109 2.446683645248413 1.2307311296463013
      vertex 4.729772090911865 2.4614973068237305 1.231703758239746
    endloop
  endfacet
  facet normal -0.49111932678513515 0.1277126024318507 -0.861679347575535
    outer loop
      vertex 4.7941436767578125 2.439607620239258 1.1917706727981567
      vertex 4.791997909545898 2.4247937202453613 1.190798044204712
      vertex 4.725481033325195 2.4318697452545166 1.2297585010528564
    endloop
  endfacet
  facet normal -0.49111932678513515 0.1277126024318507 -0.861679347575535
    outer loop
      vertex 4.7941436767578125 2.439607620239258 1.1917706727981567
      vertex 4.725481033325195 2.4318697452545166 1.2297585010528564
      vertex 4.727626800537109 2.446683645248413 1.2307311296463013
    endloop
  endfacet
  facet normal -0.49111757251018967 0.12770061439567168 -0.8616821241354996
    outer loop
      vertex 4.092497825622559 2.4916839599609375 1.5993962287902832
      vertex 4.05816650390625 2.4878151416778564 1.6183900833129883
      vertex 4.0651702880859375 2.5021121501922607 1.6165170669555664
    endloop
  endfacet
  facet normal -0.4911181044479263 0.12772341119108357 -0.8616784421796736
    outer loop
      vertex 4.05816650390625 2.4878151416778564 1.6183900833129883
      vertex 4.092497825622559 2.4916839599609375 1.5993962287902832
      vertex 4.12575626373291 2.4881460666656494 1.579916000366211
    endloop
  endfacet
  facet normal -0.4911159093374621 0.12770537160288714 -0.8616823670352122
    outer loop
      vertex 4.093570709228516 2.4990909099578857 1.5998824834823608
      vertex 4.092497825622559 2.4916839599609375 1.5993962287902832
      vertex 4.0651702880859375 2.5021121501922607 1.6165170669555664
    endloop
  endfacet
  facet normal -0.491118647986542 0.1277143533015155 -0.8616794749561154
    outer loop
      vertex 4.1721954345703125 2.475684881210327 1.5516008138656616
      vertex 4.05816650390625 2.4878151416778564 1.6183900833129883
      vertex 4.12575626373291 2.4881460666656494 1.579916000366211
    endloop
  endfacet
  facet normal -0.4911184164830487 0.12768806078431766 -0.8616835034537468
    outer loop
      vertex 4.093570709228516 2.4990909099578857 1.5998824834823608
      vertex 4.0651702880859375 2.5021121501922607 1.6165170669555664
      vertex 4.0946431159973145 2.506497859954834 1.600368857383728
    endloop
  endfacet
  facet normal -0.4911199956317565 0.12771871373615323 -0.8616780605610462
    outer loop
      vertex 4.072174549102783 2.516409158706665 1.6146440505981445
      vertex 4.0946431159973145 2.506497859954834 1.600368857383728
      vertex 4.0651702880859375 2.5021121501922607 1.6165170669555664
    endloop
  endfacet
  facet normal -0.4911196836553807 0.12771950760260467 -0.8616781207063267
    outer loop
      vertex 4.072174549102783 2.516409158706665 1.6146440505981445
      vertex 4.0957159996032715 2.5139048099517822 1.6008552312850952
      vertex 4.0946431159973145 2.506497859954834 1.600368857383728
    endloop
  endfacet
  facet normal -0.49112164275686715 0.12770598161824995 -0.8616790088395535
    outer loop
      vertex 4.0957159996032715 2.5139048099517822 1.6008552312850952
      vertex 4.072174549102783 2.516409158706665 1.6146440505981445
      vertex 4.0967888832092285 2.5213117599487305 1.6013414859771729
    endloop
  endfacet
  facet normal -0.49111834722821496 0.1277193654243009 -0.8616789034851906
    outer loop
      vertex 4.19334602355957 2.4884769916534424 1.5414419174194336
      vertex 4.12575626373291 2.4881460666656494 1.579916000366211
      vertex 4.126829147338867 2.4955530166625977 1.5804023742675781
    endloop
  endfacet
  facet normal -0.491118647986542 0.1277143533015155 -0.8616794749561154
    outer loop
      vertex 4.19334602355957 2.4884769916534424 1.5414419174194336
      vertex 4.286224365234375 2.463554620742798 1.484811544418335
      vertex 4.1721954345703125 2.475684881210327 1.5516008138656616
    endloop
  endfacet
  facet normal -0.4911196489535414 0.12770744234219036 -0.8616799287334981
    outer loop
      vertex 4.4002532958984375 2.4514245986938477 1.4180221557617188
      vertex 4.458964824676514 2.505347490310669 1.3925509452819824
      vertex 4.5142822265625 2.4392943382263184 1.351232886314392
    endloop
  endfacet
  facet normal -0.49111911992000623 0.12771258042313507 -0.8616794687415168
    outer loop
      vertex 4.727626800537109 2.446683645248413 1.2307311296463013
      vertex 4.725481033325195 2.4318697452545166 1.2297585010528564
      vertex 4.6283111572265625 2.427164316177368 1.2844436168670654
    endloop
  endfacet
  facet normal -0.49112054667186533 0.12770728930200784 -0.8616794397546348
    outer loop
      vertex 4.4002532958984375 2.4514245986938477 1.4180221557617188
      vertex 4.286224365234375 2.463554620742798 1.484811544418335
      vertex 4.3347039222717285 2.5185658931732178 1.465333342552185
    endloop
  endfacet
  facet normal -0.4911200060478236 0.1277079637933562 -0.861679647922208
    outer loop
      vertex 4.4002532958984375 2.4514245986938477 1.4180221557617188
      vertex 4.3347039222717285 2.5185658931732178 1.465333342552185
      vertex 4.458964824676514 2.505347490310669 1.3925509452819824
    endloop
  endfacet
  facet normal -0.49111936152161095 0.12770345907842112 -0.8616806828970991
    outer loop
      vertex 4.6283111572265625 2.427164316177368 1.2844436168670654
      vertex 4.725481033325195 2.4318697452545166 1.2297585010528564
      vertex 4.742340564727783 2.415034055709839 1.2176542282104492
    endloop
  endfacet
  facet normal -0.4911231726822232 0.1276973554305035 -0.8616794152529135
    outer loop
      vertex 4.19334602355957 2.4884769916534424 1.5414419174194336
      vertex 4.195491313934326 2.503290891647339 1.5424145460128784
      vertex 4.286224365234375 2.463554620742798 1.484811544418335
    endloop
  endfacet
  facet normal -0.4911208576011502 0.1277004794041655 -0.8616802717882411
    outer loop
      vertex 4.856369495391846 2.4029040336608887 1.1508649587631226
      vertex 4.742340564727783 2.415034055709839 1.2176542282104492
      vertex 4.791997909545898 2.4247937202453613 1.190798044204712
    endloop
  endfacet
  facet normal -0.4911209432311224 0.12770144191099217 -0.8616800803393485
    outer loop
      vertex 4.725481033325195 2.4318697452545166 1.2297585010528564
      vertex 4.791997909545898 2.4247937202453613 1.190798044204712
      vertex 4.742340564727783 2.415034055709839 1.2176542282104492
    endloop
  endfacet
  facet normal -0.49111834335784654 0.12770835738184177 -0.8616805372481593
    outer loop
      vertex 4.844058513641357 2.434297800064087 1.162534475326538
      vertex 4.856369495391846 2.4029040336608887 1.1508649587631226
      vertex 4.791997909545898 2.4247937202453613 1.190798044204712
    endloop
  endfacet
  facet normal -0.4911196611529075 0.12770874029871415 -0.8616797294124824
    outer loop
      vertex 4.6283111572265625 2.427164316177368 1.2844436168670654
      vertex 4.5142822265625 2.4392943382263184 1.351232886314392
      vertex 4.583225727081299 2.492128849029541 1.3197686672210693
    endloop
  endfacet
  facet normal -0.491118647986542 0.1277143533015155 -0.8616794749561154
    outer loop
      vertex 4.19334602355957 2.4884769916534424 1.5414419174194336
      vertex 4.1721954345703125 2.475684881210327 1.5516008138656616
      vertex 4.12575626373291 2.4881460666656494 1.579916000366211
    endloop
  endfacet
  facet normal -0.49111394903686423 0.1277188975131983 -0.8616814795963932
    outer loop
      vertex 4.0978617668151855 2.5287187099456787 1.60182785987854
      vertex 4.0967888832092285 2.5213117599487305 1.6013414859771729
      vertex 4.079178333282471 2.5307061672210693 1.6127710342407227
    endloop
  endfacet
  facet normal -0.4911213522391712 0.12770279047619254 -0.8616796473628476
    outer loop
      vertex 4.072174549102783 2.516409158706665 1.6146440505981445
      vertex 4.079178333282471 2.5307061672210693 1.6127710342407227
      vertex 4.0967888832092285 2.5213117599487305 1.6013414859771729
    endloop
  endfacet
  facet normal -0.4911159080894895 0.12770537147010694 -0.8616823677661728
    outer loop
      vertex 4.0978617668151855 2.5287187099456787 1.60182785987854
      vertex 4.079178333282471 2.5307061672210693 1.6127710342407227
      vertex 4.098934650421143 2.536125659942627 1.6023141145706177
    endloop
  endfacet
  facet normal -0.4911204392363884 0.12770255234549913 -0.8616802030270291
    outer loop
      vertex 4.132193088531494 2.5325875282287598 1.5828338861465454
      vertex 4.098934650421143 2.536125659942627 1.6023141145706177
      vertex 4.086182594299316 2.5450031757354736 1.6108978986740112
    endloop
  endfacet
  facet normal -0.4911165113746659 0.12770938062276413 -0.8616814297384663
    outer loop
      vertex 4.079178333282471 2.5307061672210693 1.6127710342407227
      vertex 4.086182594299316 2.5450031757354736 1.6108978986740112
      vertex 4.098934650421143 2.536125659942627 1.6023141145706177
    endloop
  endfacet
  facet normal -0.4911189539556446 0.12771318635276968 -0.8616794735266334
    outer loop
      vertex 4.210443496704102 2.5317845344543457 1.5381156206130981
      vertex 4.19763708114624 2.5181047916412354 1.5433871746063232
      vertex 4.132193088531494 2.5325875282287598 1.5828338861465454
    endloop
  endfacet
  facet normal -0.4911206442875625 0.12770587538492092 -0.8616795936696775
    outer loop
      vertex 4.132193088531494 2.5325875282287598 1.5828338861465454
      vertex 4.19763708114624 2.5181047916412354 1.5433871746063232
      vertex 4.131120204925537 2.5251805782318115 1.5823476314544678
    endloop
  endfacet
  facet normal -0.49111945080079045 0.12770625003876526 -0.8616802183792815
    outer loop
      vertex 4.086182594299316 2.5450031757354736 1.6108978986740112
      vertex 4.210443496704102 2.5317845344543457 1.5381156206130981
      vertex 4.132193088531494 2.5325875282287598 1.5828338861465454
    endloop
  endfacet
  facet normal -0.49111981283475314 0.12771265414343844 -0.8616790628840854
    outer loop
      vertex 4.3347039222717285 2.5185658931732178 1.465333342552185
      vertex 4.195491313934326 2.503290891647339 1.5424145460128784
      vertex 4.19763708114624 2.5181047916412354 1.5433871746063232
    endloop
  endfacet
  facet normal -0.49111972262673914 0.12771412859496017 -0.8616788957635348
    outer loop
      vertex 4.210443496704102 2.5317845344543457 1.5381156206130981
      vertex 4.3347039222717285 2.5185658931732178 1.465333342552185
      vertex 4.19763708114624 2.5181047916412354 1.5433871746063232
    endloop
  endfacet
  facet normal -0.49112192274939814 0.12769925790683703 -0.8616798457228632
    outer loop
      vertex 4.583225727081299 2.492128849029541 1.3197686672210693
      vertex 4.729772090911865 2.4614973068237305 1.231703758239746
      vertex 4.727626800537109 2.446683645248413 1.2307311296463013
    endloop
  endfacet
  facet normal -0.49112090200065833 0.12769711392153968 -0.8616807452381473
    outer loop
      vertex 4.844058513641357 2.434297800064087 1.162534475326538
      vertex 4.7941436767578125 2.439607620239258 1.1917706727981567
      vertex 4.796288967132568 2.4544215202331543 1.1927433013916016
    endloop
  endfacet
  facet normal -0.49111959299423674 0.12770057191714473 -0.8616809788484422
    outer loop
      vertex 4.831747055053711 2.465691566467285 1.1742039918899536
      vertex 4.844058513641357 2.434297800064087 1.162534475326538
      vertex 4.796288967132568 2.4544215202331543 1.1927433013916016
    endloop
  endfacet
  facet normal -0.49111866888250405 0.12771253243651057 -0.8616797329250181
    outer loop
      vertex 4.791997909545898 2.4247937202453613 1.190798044204712
      vertex 4.7941436767578125 2.439607620239258 1.1917706727981567
      vertex 4.844058513641357 2.434297800064087 1.162534475326538
    endloop
  endfacet
  facet normal -0.4911192017904057 0.12771583494923971 -0.8616789397078085
    outer loop
      vertex 4.796288967132568 2.4544215202331543 1.1927433013916016
      vertex 4.729772090911865 2.4614973068237305 1.231703758239746
      vertex 4.707486629486084 2.478910207748413 1.2469863891601562
    endloop
  endfacet
  facet normal -0.49111920838982326 0.12770792374167558 -0.8616801084881464
    outer loop
      vertex 4.583225727081299 2.492128849029541 1.3197686672210693
      vertex 4.5142822265625 2.4392943382263184 1.351232886314392
      vertex 4.458964824676514 2.505347490310669 1.3925509452819824
    endloop
  endfacet
  facet normal -0.49111772581245894 0.12771815983277315 -0.8616794363577027
    outer loop
      vertex 4.729772090911865 2.4614973068237305 1.231703758239746
      vertex 4.583225727081299 2.492128849029541 1.3197686672210693
      vertex 4.707486629486084 2.478910207748413 1.2469863891601562
    endloop
  endfacet
  facet normal -0.49112111523118174 0.12770879262437632 -0.8616788928948558
    outer loop
      vertex 4.796288967132568 2.4544215202331543 1.1927433013916016
      vertex 4.707486629486084 2.478910207748413 1.2469863891601562
      vertex 4.831747055053711 2.465691566467285 1.1742039918899536
    endloop
  endfacet
  facet normal -0.49111884569840564 0.1277094978943042 -0.8616800819024717
    outer loop
      vertex 4.6283111572265625 2.427164316177368 1.2844436168670654
      vertex 4.583225727081299 2.492128849029541 1.3197686672210693
      vertex 4.727626800537109 2.446683645248413 1.2307311296463013
    endloop
  endfacet
  facet normal -0.4911196791850574 0.12770629771436082 -0.8616800811445378
    outer loop
      vertex 4.3347039222717285 2.5185658931732178 1.465333342552185
      vertex 4.286224365234375 2.463554620742798 1.484811544418335
      vertex 4.195491313934326 2.503290891647339 1.5424145460128784
    endloop
  endfacet
  facet normal 0.4074971233105204 -0.11847467122827238 0.905488733652166
    outer loop
      vertex 4.541199207305908 2.4634804725646973 1.3861486911773682
      vertex 4.524115085601807 2.435314893722534 1.390151858329773
      vertex 4.55922269821167 2.431302070617676 1.373827338218689
    endloop
  endfacet
  facet normal 0.4074893901669737 -0.1184743146723516 0.9054922604110234
    outer loop
      vertex 4.541199207305908 2.4634804725646973 1.3861486911773682
      vertex 4.523175239562988 2.4956588745117188 1.3984700441360474
      vertex 4.488067150115967 2.4996719360351562 1.4147944450378418
    endloop
  endfacet
  facet normal 0.4074914990206398 -0.11847082855755227 0.9054917674980811
    outer loop
      vertex 4.488067150115967 2.4996719360351562 1.4147944450378418
      vertex 4.524115085601807 2.435314893722534 1.390151858329773
      vertex 4.541199207305908 2.4634804725646973 1.3861486911773682
    endloop
  endfacet
  facet normal 0.4074974443373651 -0.11846786099888368 0.9054894802088345
    outer loop
      vertex 4.488067150115967 2.4996719360351562 1.4147944450378418
      vertex 4.4529595375061035 2.5036849975585938 1.4311189651489258
      vertex 4.470983505249023 2.471506357192993 1.4187976121902466
    endloop
  endfacet
  facet normal 0.4074965902180026 -0.11846727745567193 0.9054899409341565
    outer loop
      vertex 4.488067150115967 2.4996719360351562 1.4147944450378418
      vertex 4.470983505249023 2.471506357192993 1.4187976121902466
      vertex 4.524115085601807 2.435314893722534 1.390151858329773
    endloop
  endfacet
  facet normal 0.4074918066668484 -0.11847518504017063 0.9054910590552979
    outer loop
      vertex 4.489006996154785 2.4393279552459717 1.406476378440857
      vertex 4.524115085601807 2.435314893722534 1.390151858329773
      vertex 4.470983505249023 2.471506357192993 1.4187976121902466
    endloop
  endfacet
  facet normal -0.7868409537708366 -0.5488118202709492 0.2822886809631012
    outer loop
      vertex 4.541199207305908 2.4634804725646973 1.3861486911773682
      vertex 4.57454776763916 2.426846504211426 1.407881259918213
      vertex 4.557483673095703 2.4587459564208984 1.4223347902297974
    endloop
  endfacet
  facet normal -0.7868410492916769 -0.5488102230601963 0.282291519911935
    outer loop
      vertex 4.55922269821167 2.431302070617676 1.373827338218689
      vertex 4.57454776763916 2.426846504211426 1.407881259918213
      vertex 4.541199207305908 2.4634804725646973 1.3861486911773682
    endloop
  endfacet
  facet normal -0.7868379440293158 -0.5488135460697753 0.2822937149247887
    outer loop
      vertex 4.557483673095703 2.4587459564208984 1.4223347902297974
      vertex 4.540419578552246 2.490645408630371 1.4367884397506714
      vertex 4.523175239562988 2.4956588745117188 1.3984700441360474
    endloop
  endfacet
  facet normal -0.786837531695615 -0.5488179297900506 0.2822863416039023
    outer loop
      vertex 4.541199207305908 2.4634804725646973 1.3861486911773682
      vertex 4.557483673095703 2.4587459564208984 1.4223347902297974
      vertex 4.523175239562988 2.4956588745117188 1.3984700441360474
    endloop
  endfacet
  facet normal 0.7868388529903697 0.5488126333823983 -0.2822929557475296
    outer loop
      vertex 4.4902873039245605 2.4658942222595215 1.4616931676864624
      vertex 4.4529595375061035 2.5036849975585938 1.4311189651489258
      vertex 4.4732232093811035 2.497793674468994 1.4761466979980469
    endloop
  endfacet
  facet normal 0.7868383722888974 0.5488153543770984 -0.2822890056195932
    outer loop
      vertex 4.470983505249023 2.471506357192993 1.4187976121902466
      vertex 4.4529595375061035 2.5036849975585938 1.4311189651489258
      vertex 4.4902873039245605 2.4658942222595215 1.4616931676864624
    endloop
  endfacet
  facet normal 0.7868353119129494 0.5488208180797919 -0.28228691356327446
    outer loop
      vertex 4.4902873039245605 2.4658942222595215 1.4616931676864624
      vertex 4.507351875305176 2.433994770050049 1.4472395181655884
      vertex 4.470983505249023 2.471506357192993 1.4187976121902466
    endloop
  endfacet
  facet normal 0.786836845397322 0.5488108457417213 -0.2823020267753094
    outer loop
      vertex 4.489006996154785 2.4393279552459717 1.406476378440857
      vertex 4.470983505249023 2.471506357192993 1.4187976121902466
      vertex 4.507351875305176 2.433994770050049 1.4472395181655884
    endloop
  endfacet
  facet normal 0.49111976951346326 -0.12770754386099814 0.861679844973778
    outer loop
      vertex 3.850069284439087 2.5039148330688477 1.8322244882583618
      vertex 3.9596164226531982 2.4922616481781006 1.768060326576233
      vertex 3.9815659523010254 2.5500950813293457 1.764121413230896
    endloop
  endfacet
  facet normal 0.4911195515379322 -0.12770651512350376 0.8616801216763625
    outer loop
      vertex 3.850069284439087 2.5039148330688477 1.8322244882583618
      vertex 3.9815659523010254 2.5500950813293457 1.764121413230896
      vertex 3.8586513996124268 2.5631704330444336 1.8361151218414307
    endloop
  endfacet
  facet normal 0.49112023223845847 -0.1277084431592899 0.8616794479572278
    outer loop
      vertex 3.9596164226531982 2.4922616481781006 1.768060326576233
      vertex 4.0691633224487305 2.4806082248687744 1.703896164894104
      vertex 4.104480266571045 2.537019729614258 1.6921277046203613
    endloop
  endfacet
  facet normal 0.49112009671697954 -0.1277076821419722 0.8616796379877093
    outer loop
      vertex 3.9596164226531982 2.4922616481781006 1.768060326576233
      vertex 4.104480266571045 2.537019729614258 1.6921277046203613
      vertex 3.9815659523010254 2.5500950813293457 1.764121413230896
    endloop
  endfacet
  facet normal 0.491120011114575 -0.12770827317451822 0.8616795991815067
    outer loop
      vertex 4.2273945808410645 2.52394437789917 1.6201339960098267
      vertex 4.104480266571045 2.537019729614258 1.6921277046203613
      vertex 4.0691633224487305 2.4806082248687744 1.703896164894104
    endloop
  endfacet
  facet normal 0.4911197283254328 -0.12770638950933424 0.861680039532101
    outer loop
      vertex 4.2273945808410645 2.52394437789917 1.6201339960098267
      vertex 4.0691633224487305 2.4806082248687744 1.703896164894104
      vertex 4.178710460662842 2.4689548015594482 1.639732003211975
    endloop
  endfacet
  facet normal 0.49111970060153554 -0.1277065809266477 0.8616800269642344
    outer loop
      vertex 4.350308895111084 2.510869026184082 1.5481404066085815
      vertex 4.288257598876953 2.457301378250122 1.5755678415298462
      vertex 4.3978047370910645 2.445647954940796 1.5114036798477173
    endloop
  endfacet
  facet normal 0.49112039208515795 -0.1277032453015022 0.8616801272035842
    outer loop
      vertex 4.4902873039245605 2.4658942222595215 1.4616931676864624
      vertex 4.3978047370910645 2.445647954940796 1.5114036798477173
      vertex 4.507351875305176 2.433994770050049 1.4472395181655884
    endloop
  endfacet
  facet normal 0.4911196675133555 -0.12770631962642368 0.8616800845493906
    outer loop
      vertex 4.350308895111084 2.510869026184082 1.5481404066085815
      vertex 4.2273945808410645 2.52394437789917 1.6201339960098267
      vertex 4.178710460662842 2.4689548015594482 1.639732003211975
    endloop
  endfacet
  facet normal 0.49111970060153554 -0.1277065809266477 0.8616800269642344
    outer loop
      vertex 4.350308895111084 2.510869026184082 1.5481404066085815
      vertex 4.178710460662842 2.4689548015594482 1.639732003211975
      vertex 4.288257598876953 2.457301378250122 1.5755678415298462
    endloop
  endfacet
  facet normal 0.49112015440559065 -0.12770728383648292 0.8616796641396016
    outer loop
      vertex 4.350308895111084 2.510869026184082 1.5481404066085815
      vertex 4.4902873039245605 2.4658942222595215 1.4616931676864624
      vertex 4.4732232093811035 2.497793674468994 1.4761466979980469
    endloop
  endfacet
  facet normal 0.49112064968609126 -0.12770566181240517 0.8616796222453953
    outer loop
      vertex 4.350308895111084 2.510869026184082 1.5481404066085815
      vertex 4.3978047370910645 2.445647954940796 1.5114036798477173
      vertex 4.4902873039245605 2.4658942222595215 1.4616931676864624
    endloop
  endfacet
endsolid beam