solid c30
  facet normal -0.190296214 -0.981558117 -0.0181938121
    outer loop
      vertex 3.18074346 1.71504879 1.94480944
      vertex 3.21187544 1.70924771 1.9321568
      vertex 3.21548629 1.70837557 1.9414413
    endloop
  endfacet
  facet normal -0.190299425 -0.981557514 -0.0181927404
    outer loop
      vertex 3.18435431 1.71417677 1.95409393
      vertex 3.21548629 1.70837557 1.9414413
      vertex 3.18796515 1.71330464 1.96337831
    endloop
  endfacet
  facet normal -0.190291989 -0.981559137 -0.0181829483
    outer loop
      vertex 3.18796515 1.71330464 1.96337831
      vertex 3.21909714 1.70750356 1.95072567
      vertex 3.22270799 1.70663154 1.96001017
    endloop
  endfacet
  facet normal -0.190292977 -0.981558953 -0.0181825468
    outer loop
      vertex 3.18796515 1.71330464 1.96337831
      vertex 3.191576 1.71243262 1.97266281
      vertex 3.1293118 1.72403491 1.9979682
    endloop
  endfacet
  facet normal -0.190295685 -0.981558211 -0.0181942603
    outer loop
      vertex 3.1220901 1.72577894 1.9793992
      vertex 3.18435431 1.71417677 1.95409393
      vertex 3.18796515 1.71330464 1.96337831
    endloop
  endfacet
  facet normal -0.190292977 -0.981558953 -0.0181825468
    outer loop
      vertex 3.1293118 1.72403491 1.9979682
      vertex 3.1220901 1.72577894 1.9793992
      vertex 3.18796515 1.71330464 1.96337831
    endloop
  endfacet
  facet normal -0.190293633 -0.981558826 -0.018182513
    outer loop
      vertex 3.19518685 1.71156061 1.9819473
      vertex 3.1987977 1.71068859 1.99123168
      vertex 3.13653374 1.72229087 2.01653695
    endloop
  endfacet
  facet normal -0.190292977 -0.981558953 -0.0181825468
    outer loop
      vertex 3.1293118 1.72403491 1.9979682
      vertex 3.191576 1.71243262 1.97266281
      vertex 3.19518685 1.71156061 1.9819473
    endloop
  endfacet
  facet normal -0.190292511 -0.981559081 -0.0181805303
    outer loop
      vertex 3.13653374 1.72229087 2.01653695
      vertex 3.1293118 1.72403491 1.9979682
      vertex 3.19518685 1.71156061 1.9819473
    endloop
  endfacet
  facet normal -0.190291989 -0.981559137 -0.0181829483
    outer loop
      vertex 3.191576 1.71243262 1.97266281
      vertex 3.22270799 1.70663154 1.96001017
      vertex 3.19518685 1.71156061 1.9819473
    endloop
  endfacet
  facet normal -0.190290832 -0.981559352 -0.0181834183
    outer loop
      vertex 3.19518685 1.71156061 1.9819473
      vertex 3.22631907 1.70575953 1.96929455
      vertex 3.22992992 1.70488751 1.97857904
    endloop
  endfacet
  facet normal -0.190289136 -0.981559759 -0.0181792297
    outer loop
      vertex 3.1987977 1.71068859 1.99123168
      vertex 3.22992992 1.70488751 1.97857904
      vertex 3.20240879 1.70981658 2.00051618
    endloop
  endfacet
  facet normal -0.190294241 -0.981558646 -0.0181858843
    outer loop
      vertex 2.87303352 1.77218795 2.08062053
      vertex 2.93529773 1.76058567 2.05531526
      vertex 2.88025546 1.7704438 2.09918952
    endloop
  endfacet
  facet normal -0.190289985 -0.981559413 -0.0181890164
    outer loop
      vertex 3.23354077 1.70401537 1.98786354
      vertex 3.25218153 1.70054197 1.98028755
      vertex 3.25400782 1.70000243 1.99029732
    endloop
  endfacet
  facet normal -0.190293016 -0.981559053 -0.0181767543
    outer loop
      vertex 3.25035501 1.70108151 1.97027791
      vertex 3.22631907 1.70575953 1.96929455
      vertex 3.24852872 1.70162094 1.96026814
    endloop
  endfacet
  facet normal -0.190293313 -0.98155886 -0.0181840634
    outer loop
      vertex 3.24852872 1.70162094 1.96026814
      vertex 3.22270799 1.70663154 1.96001017
      vertex 3.24670219 1.70216048 1.95025849
    endloop
  endfacet
  facet normal -0.19029332 -0.981558858 -0.0181840621
    outer loop
      vertex 3.22992992 1.70488751 1.97857904
      vertex 3.25035501 1.70108151 1.97027791
      vertex 3.25218153 1.70054197 1.98028755
    endloop
  endfacet
  facet normal -0.190291846 -0.981559344 -0.0181732541
    outer loop
      vertex 3.25400782 1.70000243 1.99029732
      vertex 3.20240879 1.70981658 2.00051618
      vertex 3.23354077 1.70401537 1.98786354
    endloop
  endfacet
  facet normal -0.190293396 -0.981558961 -0.0181777312
    outer loop
      vertex 3.22631907 1.70575953 1.96929455
      vertex 3.22270799 1.70663154 1.96001017
      vertex 3.24852872 1.70162094 1.96026814
    endloop
  endfacet
  facet normal -0.190292764 -0.981558993 -0.0181826332
    outer loop
      vertex 3.25035501 1.70108151 1.97027791
      vertex 3.22992992 1.70488751 1.97857904
      vertex 3.22631907 1.70575953 1.96929455
    endloop
  endfacet
  facet normal -0.190291917 -0.981559241 -0.0181780995
    outer loop
      vertex 3.1987977 1.71068859 1.99123168
      vertex 3.20240879 1.70981658 2.00051618
      vertex 3.13653374 1.72229087 2.01653695
    endloop
  endfacet
  facet normal -0.190295022 -0.981558415 -0.0181901847
    outer loop
      vertex 3.20240879 1.70981658 2.00051618
      vertex 3.25400782 1.70000243 1.99029732
      vertex 3.13304853 1.72254181 2.03945756
    endloop
  endfacet
  facet normal -0.190290975 -0.981559305 -0.0181845141
    outer loop
      vertex 3.21548629 1.70837557 1.9414413
      vertex 3.24304938 1.70323956 1.93023908
      vertex 3.24487591 1.70270002 1.94024873
    endloop
  endfacet
  facet normal -0.190292758 -0.981558994 -0.0181826357
    outer loop
      vertex 3.22270799 1.70663154 1.96001017
      vertex 3.21909714 1.70750356 1.95072567
      vertex 3.24670219 1.70216048 1.95025849
    endloop
  endfacet
  facet normal -0.190294477 -0.981558554 -0.0181883673
    outer loop
      vertex 3.21187544 1.70924771 1.9321568
      vertex 3.2412231 1.7037791 1.92022943
      vertex 3.24304938 1.70323956 1.93023908
    endloop
  endfacet
  facet normal -0.190288535 -0.981559989 -0.01817309
    outer loop
      vertex 3.2412231 1.7037791 1.92022943
      vertex 3.21187544 1.70924771 1.9321568
      vertex 3.23939657 1.70431852 1.91021967
    endloop
  endfacet
  facet normal -0.190292833 -0.981558871 -0.0181884676
    outer loop
      vertex 3.24670219 1.70216048 1.95025849
      vertex 3.21909714 1.70750356 1.95072567
      vertex 3.24487591 1.70270002 1.94024873
    endloop
  endfacet
  facet normal -0.190290943 -0.981559328 -0.0181836066
    outer loop
      vertex 3.24487591 1.70270002 1.94024873
      vertex 3.21909714 1.70750356 1.95072567
      vertex 3.21548629 1.70837557 1.9414413
    endloop
  endfacet
  facet normal -0.190291382 -0.98155925 -0.0181831951
    outer loop
      vertex 3.1220901 1.72577894 1.9793992
      vertex 3.18074346 1.71504879 1.94480944
      vertex 3.18435431 1.71417677 1.95409393
    endloop
  endfacet
  facet normal -0.190287764 -0.981560157 -0.0181720845
    outer loop
      vertex 3.23939657 1.70431852 1.91021967
      vertex 3.21187544 1.70924771 1.9321568
      vertex 3.18074346 1.71504879 1.94480944
    endloop
  endfacet
  facet normal -0.190289735 -0.981559711 -0.0181755662
    outer loop
      vertex 3.14074993 1.72270024 1.95031154
      vertex 3.23939657 1.70431852 1.91021967
      vertex 3.18074346 1.71504879 1.94480944
    endloop
  endfacet
  facet normal -0.190295595 -0.981558319 -0.018189345
    outer loop
      vertex 3.13653374 1.72229087 2.01653695
      vertex 3.13304853 1.72254181 2.03945756
      vertex 3.01208925 1.74508131 2.08861756
    endloop
  endfacet
  facet normal -0.190292233 -0.981559132 -0.0181806431
    outer loop
      vertex 3.1293118 1.72403491 1.9979682
      vertex 3.13653374 1.72229087 2.01653695
      vertex 3.04854417 1.73930728 2.01879859
    endloop
  endfacet
  facet normal -0.190292292 -0.98155907 -0.0181834051
    outer loop
      vertex 3.01208925 1.74508131 2.08861756
      vertex 3.04854417 1.73930728 2.01879859
      vertex 3.13653374 1.72229087 2.01653695
    endloop
  endfacet
  facet normal -0.190292725 -0.981559 -0.0181826491
    outer loop
      vertex 3.1220901 1.72577894 1.9793992
      vertex 3.1293118 1.72403491 1.9979682
      vertex 3.04854417 1.73930728 2.01879859
    endloop
  endfacet
  facet normal -0.190293183 -0.981558888 -0.0181838854
    outer loop
      vertex 3.04854417 1.73930728 2.01879859
      vertex 3.01208925 1.74508131 2.08861756
      vertex 2.94251943 1.75884163 2.07388425
    endloop
  endfacet
  facet normal -0.190294477 -0.981558539 -0.0181891726
    outer loop
      vertex 3.20240879 1.70981658 2.00051618
      vertex 3.13304853 1.72254181 2.03945756
      vertex 3.13653374 1.72229087 2.01653695
    endloop
  endfacet
  facet normal -0.190293631 -0.981558795 -0.0181842066
    outer loop
      vertex 2.89112997 1.76762068 2.13777781
      vertex 2.77017069 1.79016018 2.18693805
      vertex 2.75572705 1.79364836 2.14980006
    endloop
  endfacet
  facet normal -0.190293287 -0.981558864 -0.0181840944
    outer loop
      vertex 3.01853657 1.74499214 2.02596021
      vertex 3.04854417 1.73930728 2.01879859
      vertex 2.94251943 1.75884163 2.07388425
    endloop
  endfacet
  facet normal -0.190292646 -0.981558978 -0.0181846388
    outer loop
      vertex 2.89112997 1.76762068 2.13777781
      vertex 2.88025546 1.7704438 2.09918952
      vertex 2.94251943 1.75884163 2.07388425
    endloop
  endfacet
  facet normal -0.19029297 -0.98155891 -0.0181849088
    outer loop
      vertex 3.01208925 1.74508131 2.08861756
      vertex 2.89112997 1.76762068 2.13777781
      vertex 2.94251943 1.75884163 2.07388425
    endloop
  endfacet
  facet normal -0.190294241 -0.981558646 -0.0181858843
    outer loop
      vertex 2.75572705 1.79364836 2.14980006
      vertex 2.87303352 1.77218795 2.08062053
      vertex 2.88025546 1.7704438 2.09918952
    endloop
  endfacet
  facet normal -0.190292569 -0.981559036 -0.0181823451
    outer loop
      vertex 3.1220901 1.72577894 1.9793992
      vertex 3.04854417 1.73930728 2.01879859
      vertex 3.04210329 1.74108195 1.99040341
    endloop
  endfacet
  facet normal -0.190292667 -0.981559003 -0.0181831043
    outer loop
      vertex 3.1220901 1.72577894 1.9793992
      vertex 3.04210329 1.74108195 1.99040341
      vertex 3.14074993 1.72270024 1.95031154
    endloop
  endfacet
  facet normal -0.190290526 -0.981559444 -0.0181816841
    outer loop
      vertex 3.1220901 1.72577894 1.9793992
      vertex 3.14074993 1.72270024 1.95031154
      vertex 3.18074346 1.71504879 1.94480944
    endloop
  endfacet
  facet normal -0.190293004 -0.981558945 -0.0181827036
    outer loop
      vertex 2.86273146 1.77450597 2.06330371
      vertex 2.93529773 1.76058567 2.05531526
      vertex 2.87303352 1.77218795 2.08062053
    endloop
  endfacet
  facet normal -0.190292159 -0.981559105 -0.0181828792
    outer loop
      vertex 2.93529773 1.76058567 2.05531526
      vertex 2.98852897 1.75067699 2.03312206
      vertex 2.94251943 1.75884163 2.07388425
    endloop
  endfacet
  facet normal -0.190293193 -0.981558874 -0.0181845389
    outer loop
      vertex 2.93529773 1.76058567 2.05531526
      vertex 2.86273146 1.77450597 2.06330371
      vertex 2.98417926 1.75187552 2.01394486
    endloop
  endfacet
  facet normal -0.190292553 -0.981559027 -0.018182983
    outer loop
      vertex 2.74128366 1.79713643 2.11266232
      vertex 2.86273146 1.77450597 2.06330371
      vertex 2.87303352 1.77218795 2.08062053
    endloop
  endfacet
  facet normal -0.190292465 -0.981559032 -0.0181836455
    outer loop
      vertex 2.98852897 1.75067699 2.03312206
      vertex 2.93529773 1.76058567 2.05531526
      vertex 2.98417926 1.75187552 2.01394486
    endloop
  endfacet
  facet normal -0.190292522 -0.981559035 -0.0181828482
    outer loop
      vertex 2.74128366 1.79713643 2.11266232
      vertex 2.87303352 1.77218795 2.08062053
      vertex 2.75572705 1.79364836 2.14980006
    endloop
  endfacet
  facet normal -0.19029351 -0.981558814 -0.0181844623
    outer loop
      vertex 2.94251943 1.75884163 2.07388425
      vertex 2.98852897 1.75067699 2.03312206
      vertex 3.01853657 1.74499214 2.02596021
    endloop
  endfacet
  facet normal -0.190295121 -0.981558553 -0.0181816753
    outer loop
      vertex 3.18074346 1.71504879 1.94480944
      vertex 3.21548629 1.70837557 1.9414413
      vertex 3.18435431 1.71417677 1.95409393
    endloop
  endfacet
  facet normal -0.190292067 -0.981559118 -0.0181831496
    outer loop
      vertex 3.21548629 1.70837557 1.9414413
      vertex 3.21909714 1.70750356 1.95072567
      vertex 3.18796515 1.71330464 1.96337831
    endloop
  endfacet
  facet normal -0.190291989 -0.981559137 -0.0181829483
    outer loop
      vertex 3.18796515 1.71330464 1.96337831
      vertex 3.22270799 1.70663154 1.96001017
      vertex 3.191576 1.71243262 1.97266281
    endloop
  endfacet
  facet normal -0.190289272 -0.981559729 -0.0181794073
    outer loop
      vertex 3.22270799 1.70663154 1.96001017
      vertex 3.22631907 1.70575953 1.96929455
      vertex 3.19518685 1.71156061 1.9819473
    endloop
  endfacet
  facet normal -0.190290853 -0.981559344 -0.0181836432
    outer loop
      vertex 3.19518685 1.71156061 1.9819473
      vertex 3.22992992 1.70488751 1.97857904
      vertex 3.1987977 1.71068859 1.99123168
    endloop
  endfacet
  facet normal -0.190299346 -0.981557533 -0.018192539
    outer loop
      vertex 3.22992992 1.70488751 1.97857904
      vertex 3.23354077 1.70401537 1.98786354
      vertex 3.20240879 1.70981658 2.00051618
    endloop
  endfacet
  facet normal -0.190291989 -0.981559137 -0.0181829483
    outer loop
      vertex 2.93529773 1.76058567 2.05531526
      vertex 2.94251943 1.75884163 2.07388425
      vertex 2.88025546 1.7704438 2.09918952
    endloop
  endfacet
  facet normal -0.190292446 -0.981558819 -0.0181953435
    outer loop
      vertex 3.22992992 1.70488751 1.97857904
      vertex 3.25218153 1.70054197 1.98028755
      vertex 3.23354077 1.70401537 1.98786354
    endloop
  endfacet
  facet normal -0.190294813 -0.981558378 -0.0181943816
    outer loop
      vertex 3.21187544 1.70924771 1.9321568
      vertex 3.24304938 1.70323956 1.93023908
      vertex 3.21548629 1.70837557 1.9414413
    endloop
  endfacet
  facet normal -0.190293642 -0.981558791 -0.0181843444
    outer loop
      vertex 2.89112997 1.76762068 2.13777781
      vertex 2.75572705 1.79364836 2.14980006
      vertex 2.88025546 1.7704438 2.09918952
    endloop
  endfacet
  facet normal -0.912909819 0.170110421 0.371023055
    outer loop
      vertex 2.77587938 1.8196069 2.18748355
      vertex 2.74699235 1.82658327 2.11320782
      vertex 2.75572705 1.79364836 2.14980006
    endloop
  endfacet
  facet normal -0.912911123 0.170107829 0.371021034
    outer loop
      vertex 2.75572705 1.79364836 2.14980006
      vertex 2.74699235 1.82658327 2.11320782
      vertex 2.74128366 1.79713643 2.11266232
    endloop
  endfacet
  facet normal -0.912909645 0.170108166 0.371024516
    outer loop
      vertex 2.77587938 1.8196069 2.18748355
      vertex 2.75572705 1.79364836 2.14980006
      vertex 2.77017069 1.79016018 2.18693805
    endloop
  endfacet
  facet normal -0.912907778 0.170114476 0.371026218
    outer loop
      vertex 2.76714468 1.8525418 2.1508913
      vertex 2.77587938 1.8196069 2.18748355
      vertex 2.78158832 1.84905374 2.18802905
    endloop
  endfacet
  facet normal -0.91291023 0.170115762 0.371019596
    outer loop
      vertex 2.76714468 1.8525418 2.1508913
      vertex 2.75270128 1.85602999 2.11375332
      vertex 2.74699235 1.82658327 2.11320782
    endloop
  endfacet
  facet normal -0.912909819 0.170110421 0.371023055
    outer loop
      vertex 2.77587938 1.8196069 2.18748355
      vertex 2.76714468 1.8525418 2.1508913
      vertex 2.74699235 1.82658327 2.11320782
    endloop
  endfacet
  facet normal -0.220798412 0.0608400638 -0.973420027
    outer loop
      vertex 3.01853657 1.74499214 2.02596021
      vertex 3.00290489 1.77848172 2.03159904
      vertex 3.04728842 1.80060172 2.02291417
    endloop
  endfacet
  facet normal -0.220798331 0.0608398899 -0.973420056
    outer loop
      vertex 3.00290489 1.77848172 2.03159904
      vertex 3.01728082 1.80628657 2.03007603
      vertex 3.04728842 1.80060172 2.02291417
    endloop
  endfacet
  facet normal -0.220798285 0.0608401272 -0.973420051
    outer loop
      vertex 3.01853657 1.74499214 2.02596021
      vertex 2.98852897 1.75067699 2.03312206
      vertex 3.00290489 1.77848172 2.03159904
    endloop
  endfacet
  facet normal -0.220793151 0.0608287626 -0.973421926
    outer loop
      vertex 3.06292009 1.76711214 2.01727533
      vertex 3.04854417 1.73930728 2.01879859
      vertex 3.01853657 1.74499214 2.02596021
    endloop
  endfacet
  facet normal -0.220800381 0.0608390795 -0.973419641
    outer loop
      vertex 3.06292009 1.76711214 2.01727533
      vertex 3.04728842 1.80060172 2.02291417
      vertex 3.07729578 1.79491699 2.01575232
    endloop
  endfacet
  facet normal -0.220798412 0.0608400638 -0.973420027
    outer loop
      vertex 3.01853657 1.74499214 2.02596021
      vertex 3.04728842 1.80060172 2.02291417
      vertex 3.06292009 1.76711214 2.01727533
    endloop
  endfacet
  facet normal -0.860704113 0.457270615 0.223812452
    outer loop
      vertex 3.04854417 1.73930728 2.01879859
      vertex 3.06292009 1.76711214 2.01727533
      vertex 3.04210329 1.74108195 1.99040341
    endloop
  endfacet
  facet normal -0.860703801 0.457271959 0.223810908
    outer loop
      vertex 3.05617738 1.76897001 1.98754919
      vertex 3.04210329 1.74108195 1.99040341
      vertex 3.06292009 1.76711214 2.01727533
    endloop
  endfacet
  facet normal -0.860707541 0.457266217 0.223808256
    outer loop
      vertex 3.07729578 1.79491699 2.01575232
      vertex 3.07025123 1.79685807 1.98469496
      vertex 3.05617738 1.76897001 1.98754919
    endloop
  endfacet
  facet normal -0.860708233 0.457263387 0.223811378
    outer loop
      vertex 3.06292009 1.76711214 2.01727533
      vertex 3.07729578 1.79491699 2.01575232
      vertex 3.05617738 1.76897001 1.98754919
    endloop
  endfacet
  facet normal 0.860704665 -0.457274446 -0.223802505
    outer loop
      vertex 3.01728082 1.80628657 2.03007603
      vertex 2.99825311 1.77976358 2.01109076
      vertex 3.01232719 1.80765152 2.00823641
    endloop
  endfacet
  facet normal 0.860705359 -0.457269233 -0.223810485
    outer loop
      vertex 3.00290489 1.77848172 2.03159904
      vertex 2.99825311 1.77976358 2.01109076
      vertex 3.01728082 1.80628657 2.03007603
    endloop
  endfacet
  facet normal 0.860706687 -0.457271361 -0.223801031
    outer loop
      vertex 2.98852897 1.75067699 2.03312206
      vertex 2.98417926 1.75187552 2.01394486
      vertex 3.00290489 1.77848172 2.03159904
    endloop
  endfacet
  facet normal 0.860707337 -0.457265407 -0.223810694
    outer loop
      vertex 2.99825311 1.77976358 2.01109076
      vertex 3.00290489 1.77848172 2.03159904
      vertex 2.98417926 1.75187552 2.01394486
    endloop
  endfacet
  facet normal -0.361087902 0.0872015196 -0.928445702
    outer loop
      vertex 2.93885732 1.775576 2.0337975
      vertex 2.87395096 1.78767061 2.06017661
      vertex 2.87680531 1.80239403 2.06044936
    endloop
  endfacet
  facet normal -0.361088546 0.0872074768 -0.928444892
    outer loop
      vertex 2.87395096 1.78767061 2.06017661
      vertex 2.80904436 1.79976523 2.08655596
      vertex 2.81189895 1.81448865 2.08682871
    endloop
  endfacet
  facet normal -0.361090744 0.0872020492 -0.928444547
    outer loop
      vertex 2.87680531 1.80239403 2.06044936
      vertex 2.81189895 1.81448865 2.08682871
      vertex 2.87965965 1.81711745 2.06072211
    endloop
  endfacet
  facet normal -0.361086796 0.0872013136 -0.928446152
    outer loop
      vertex 2.9417119 1.79029942 2.03407025
      vertex 2.87680531 1.80239403 2.06044936
      vertex 2.94456625 1.80502284 2.034343
    endloop
  endfacet
  facet normal -0.36108667 0.0872045611 -0.928445896
    outer loop
      vertex 2.81475329 1.82921195 2.08710146
      vertex 2.74699235 1.82658327 2.11320782
      vertex 2.75270128 1.85602999 2.11375332
    endloop
  endfacet
  facet normal -0.361088765 0.0871993876 -0.928445567
    outer loop
      vertex 2.75270128 1.85602999 2.11375332
      vertex 2.83924317 1.83990383 2.07858109
      vertex 2.81475329 1.82921195 2.08710146
    endloop
  endfacet
  facet normal -0.361086664 0.0872019939 -0.928446139
    outer loop
      vertex 2.81189895 1.81448865 2.08682871
      vertex 2.74699235 1.82658327 2.11320782
      vertex 2.81475329 1.82921195 2.08710146
    endloop
  endfacet
  facet normal -0.361087902 0.0872015196 -0.928445702
    outer loop
      vertex 2.74128366 1.79713643 2.11266232
      vertex 2.74699235 1.82658327 2.11320782
      vertex 2.80904436 1.79976523 2.08655596
    endloop
  endfacet
  facet normal -0.361087905 0.0872031211 -0.928445551
    outer loop
      vertex 2.74128366 1.79713643 2.11266232
      vertex 2.80904436 1.79976523 2.08655596
      vertex 2.86273146 1.77450597 2.06330371
    endloop
  endfacet
  facet normal -0.361090573 0.0871970234 -0.928445086
    outer loop
      vertex 2.80904436 1.79976523 2.08655596
      vertex 2.87395096 1.78767061 2.06017661
      vertex 2.86273146 1.77450597 2.06330371
    endloop
  endfacet
  facet normal -0.361090469 0.0872041787 -0.928444454
    outer loop
      vertex 2.83924317 1.83990383 2.07858109
      vertex 2.87965965 1.81711745 2.06072211
      vertex 2.81475329 1.82921195 2.08710146
    endloop
  endfacet
  facet normal -0.361088537 0.0871923371 -0.928446318
    outer loop
      vertex 2.94456625 1.80502284 2.034343
      vertex 2.87965965 1.81711745 2.06072211
      vertex 2.92578506 1.82377768 2.04340863
    endloop
  endfacet
  facet normal -0.36108979 0.0872054948 -0.928444595
    outer loop
      vertex 2.83924317 1.83990383 2.07858109
      vertex 2.92578506 1.82377768 2.04340863
      vertex 2.87965965 1.81711745 2.06072211
    endloop
  endfacet
  facet normal -0.361089507 0.0872025974 -0.928444977
    outer loop
      vertex 2.99825311 1.77976358 2.01109076
      vertex 2.94456625 1.80502284 2.034343
      vertex 3.01232719 1.80765152 2.00823641
    endloop
  endfacet
  facet normal -0.361089481 0.0871912624 -0.928446051
    outer loop
      vertex 2.92578506 1.82377768 2.04340863
      vertex 3.01232719 1.80765152 2.00823641
      vertex 2.94456625 1.80502284 2.034343
    endloop
  endfacet
  facet normal -0.361088705 0.0872066775 -0.928444906
    outer loop
      vertex 2.98417926 1.75187552 2.01394486
      vertex 2.93885732 1.775576 2.0337975
      vertex 2.99825311 1.77976358 2.01109076
    endloop
  endfacet
  facet normal -0.36108873 0.0872075109 -0.928444818
    outer loop
      vertex 2.9417119 1.79029942 2.03407025
      vertex 2.99825311 1.77976358 2.01109076
      vertex 2.93885732 1.775576 2.0337975
    endloop
  endfacet
  facet normal -0.361088847 0.0872063817 -0.928444878
    outer loop
      vertex 2.98417926 1.75187552 2.01394486
      vertex 2.86273146 1.77450597 2.06330371
      vertex 2.93885732 1.775576 2.0337975
    endloop
  endfacet
  facet normal -0.361089822 0.0872018774 -0.928444922
    outer loop
      vertex 2.99825311 1.77976358 2.01109076
      vertex 2.9417119 1.79029942 2.03407025
      vertex 2.94456625 1.80502284 2.034343
    endloop
  endfacet
  facet normal -0.361085704 0.0872069471 -0.928446047
    outer loop
      vertex 2.93885732 1.775576 2.0337975
      vertex 2.87680531 1.80239403 2.06044936
      vertex 2.9417119 1.79029942 2.03407025
    endloop
  endfacet
  facet normal -0.361090744 0.0872020492 -0.928444547
    outer loop
      vertex 2.87395096 1.78767061 2.06017661
      vertex 2.81189895 1.81448865 2.08682871
      vertex 2.87680531 1.80239403 2.06044936
    endloop
  endfacet
  facet normal -0.361090746 0.0872027543 -0.92844448
    outer loop
      vertex 2.81189895 1.81448865 2.08682871
      vertex 2.81475329 1.82921195 2.08710146
      vertex 2.87965965 1.81711745 2.06072211
    endloop
  endfacet
  facet normal -0.361086796 0.0872013136 -0.928446152
    outer loop
      vertex 2.87680531 1.80239403 2.06044936
      vertex 2.87965965 1.81711745 2.06072211
      vertex 2.94456625 1.80502284 2.034343
    endloop
  endfacet
  facet normal -0.361085704 0.0872069471 -0.928446047
    outer loop
      vertex 2.74699235 1.82658327 2.11320782
      vertex 2.81189895 1.81448865 2.08682871
      vertex 2.80904436 1.79976523 2.08655596
    endloop
  endfacet
  facet normal -0.361089057 0.0871955589 -0.928445813
    outer loop
      vertex 2.86273146 1.77450597 2.06330371
      vertex 2.87395096 1.78767061 2.06017661
      vertex 2.93885732 1.775576 2.0337975
    endloop
  endfacet
  facet normal -0.190296136 -0.981558418 -0.0181783645
    outer loop
      vertex 3.2777822 1.70145416 1.93810463
      vertex 3.26271796 1.7042613 1.94422698
      vertex 3.25897384 1.70536721 1.92370713
    endloop
  endfacet
  facet normal -0.190293927 -0.981558733 -0.0181844868
    outer loop
      vertex 3.2928462 1.69864714 1.93198228
      vertex 3.2777822 1.70145416 1.93810463
      vertex 3.27403808 1.70256019 1.91758478
    endloop
  endfacet
  facet normal -0.190300992 -0.98155739 -0.0181830197
    outer loop
      vertex 3.28152609 1.70034814 1.95862448
      vertex 3.26646209 1.70315528 1.96474695
      vertex 3.26271796 1.7042613 1.94422698
    endloop
  endfacet
  facet normal -0.190292022 -0.981559054 -0.0181870627
    outer loop
      vertex 3.29659033 1.69754112 1.95250213
      vertex 3.28152609 1.70034814 1.95862448
      vertex 3.2777822 1.70145416 1.93810463
    endloop
  endfacet
  facet normal -0.190293406 -0.981558758 -0.0181885737
    outer loop
      vertex 3.24217439 1.70868683 1.92032027
      vertex 3.2403481 1.70922637 1.91031063
      vertex 3.26043367 1.70548368 1.90214741
    endloop
  endfacet
  facet normal -0.190292291 -0.981558996 -0.0181874117
    outer loop
      vertex 3.25897384 1.70536721 1.92370713
      vertex 3.24217439 1.70868683 1.92032027
      vertex 3.26043367 1.70548368 1.90214741
    endloop
  endfacet
  facet normal -0.190290267 -0.981559572 -0.0181775003
    outer loop
      vertex 3.25897384 1.70536721 1.92370713
      vertex 3.2458272 1.70760787 1.94033968
      vertex 3.24400091 1.70814729 1.93033004
    endloop
  endfacet
  facet normal -0.19029224 -0.981559159 -0.0181791152
    outer loop
      vertex 3.25897384 1.70536721 1.92370713
      vertex 3.26271796 1.7042613 1.94422698
      vertex 3.2458272 1.70760787 1.94033968
    endloop
  endfacet
  facet normal -0.190292983 -0.981558926 -0.0181839107
    outer loop
      vertex 3.24217439 1.70868683 1.92032027
      vertex 3.25897384 1.70536721 1.92370713
      vertex 3.24400091 1.70814729 1.93033004
    endloop
  endfacet
  facet normal -0.190292154 -0.981559022 -0.0181874026
    outer loop
      vertex 3.27403808 1.70256019 1.91758478
      vertex 3.25897384 1.70536721 1.92370713
      vertex 3.26043367 1.70548368 1.90214741
    endloop
  endfacet
  facet normal -0.190291827 -0.981559176 -0.0181825339
    outer loop
      vertex 3.28910208 1.69975317 1.91146243
      vertex 3.28051925 1.70174086 1.8939842
      vertex 3.30243134 1.69745862 1.89583075
    endloop
  endfacet
  facet normal -0.190296888 -0.981558185 -0.0181830718
    outer loop
      vertex 3.26043367 1.70548368 1.90214741
      vertex 3.28051925 1.70174086 1.8939842
      vertex 3.27403808 1.70256019 1.91758478
    endloop
  endfacet
  facet normal -0.19029167 -0.981559172 -0.01818438
    outer loop
      vertex 3.28051925 1.70174086 1.8939842
      vertex 3.30060482 1.69799817 1.8858211
      vertex 3.30243134 1.69745862 1.89583075
    endloop
  endfacet
  facet normal -0.190292945 -0.98155897 -0.0181819615
    outer loop
      vertex 3.28910208 1.69975317 1.91146243
      vertex 3.27403808 1.70256019 1.91758478
      vertex 3.28051925 1.70174086 1.8939842
    endloop
  endfacet
  facet normal -0.19029752 -0.981557979 -0.0181875644
    outer loop
      vertex 3.30243134 1.69745862 1.89583075
      vertex 3.30425763 1.69691908 1.90584052
      vertex 3.28910208 1.69975317 1.91146243
    endloop
  endfacet
  facet normal -0.190292212 -0.981559285 -0.0181725974
    outer loop
      vertex 3.30608416 1.69637966 1.91585016
      vertex 3.28910208 1.69975317 1.91146243
      vertex 3.30425763 1.69691908 1.90584052
    endloop
  endfacet
  facet normal -0.190292587 -0.981558918 -0.0181885151
    outer loop
      vertex 3.30608416 1.69637966 1.91585016
      vertex 3.30791044 1.69584012 1.92585993
      vertex 3.2928462 1.69864714 1.93198228
    endloop
  endfacet
  facet normal -0.190288971 -0.981559676 -0.0181854418
    outer loop
      vertex 3.28910208 1.69975317 1.91146243
      vertex 3.30608416 1.69637966 1.91585016
      vertex 3.2928462 1.69864714 1.93198228
    endloop
  endfacet
  facet normal -0.190291078 -0.981559289 -0.0181842779
    outer loop
      vertex 3.2458272 1.70760787 1.94033968
      vertex 3.26271796 1.7042613 1.94422698
      vertex 3.24765372 1.70706832 1.95034945
    endloop
  endfacet
  facet normal -0.190289043 -0.981559676 -0.01818467
    outer loop
      vertex 3.26646209 1.70315528 1.96474695
      vertex 3.25130653 1.70598924 1.97036886
      vertex 3.24948001 1.70652878 1.9603591
    endloop
  endfacet
  facet normal -0.190292794 -0.981558874 -0.0181886915
    outer loop
      vertex 3.24765372 1.70706832 1.95034945
      vertex 3.26271796 1.7042613 1.94422698
      vertex 3.24948001 1.70652878 1.9603591
    endloop
  endfacet
  facet normal -0.190292676 -0.981559197 -0.0181725081
    outer loop
      vertex 3.27504492 1.70116746 1.98222506
      vertex 3.25495934 1.70491028 1.99038815
      vertex 3.25313282 1.7054497 1.98037851
    endloop
  endfacet
  facet normal -0.190291224 -0.981559161 -0.0181896467
    outer loop
      vertex 3.25313282 1.7054497 1.98037851
      vertex 3.26646209 1.70315528 1.96474695
      vertex 3.27504492 1.70116746 1.98222506
    endloop
  endfacet
  facet normal -0.190290618 -0.981559289 -0.0181891109
    outer loop
      vertex 3.25130653 1.70598924 1.97036886
      vertex 3.26646209 1.70315528 1.96474695
      vertex 3.25313282 1.7054497 1.98037851
    endloop
  endfacet
  facet normal -0.190301519 -0.981557263 -0.0181843755
    outer loop
      vertex 3.27504492 1.70116746 1.98222506
      vertex 3.26646209 1.70315528 1.96474695
      vertex 3.28152609 1.70034814 1.95862448
    endloop
  endfacet
  facet normal -0.190290899 -0.981559309 -0.0181850703
    outer loop
      vertex 3.2928462 1.69864714 1.93198228
      vertex 3.30973697 1.69530058 1.93586957
      vertex 3.29659033 1.69754112 1.95250213
    endloop
  endfacet
  facet normal -0.190291027 -0.981559295 -0.0181845041
    outer loop
      vertex 3.30791044 1.69584012 1.92585993
      vertex 3.30973697 1.69530058 1.93586957
      vertex 3.2928462 1.69864714 1.93198228
    endloop
  endfacet
  facet normal -0.19029335 -0.98155889 -0.0181820555
    outer loop
      vertex 3.31338978 1.6942215 1.95588899
      vertex 3.29513049 1.69742477 1.97406185
      vertex 3.29659033 1.69754112 1.95250213
    endloop
  endfacet
  facet normal -0.190289987 -0.981559546 -0.0181818314
    outer loop
      vertex 3.28152609 1.70034814 1.95862448
      vertex 3.29659033 1.69754112 1.95250213
      vertex 3.29513049 1.69742477 1.97406185
    endloop
  endfacet
  facet normal -0.19028918 -0.981559778 -0.0181777097
    outer loop
      vertex 3.29513049 1.69742477 1.97406185
      vertex 3.31338978 1.6942215 1.95588899
      vertex 3.31521606 1.69368207 1.96589863
    endloop
  endfacet
  facet normal -0.190292939 -0.981558931 -0.0181841356
    outer loop
      vertex 3.31156325 1.69476104 1.94587934
      vertex 3.31338978 1.6942215 1.95588899
      vertex 3.29659033 1.69754112 1.95250213
    endloop
  endfacet
  facet normal -0.190290575 -0.981559442 -0.0181812943
    outer loop
      vertex 3.29513049 1.69742477 1.97406185
      vertex 3.27504492 1.70116746 1.98222506
      vertex 3.28152609 1.70034814 1.95862448
    endloop
  endfacet
  facet normal -0.190291223 -0.981559247 -0.0181850079
    outer loop
      vertex 3.2777822 1.70145416 1.93810463
      vertex 3.25897384 1.70536721 1.92370713
      vertex 3.27403808 1.70256019 1.91758478
    endloop
  endfacet
  facet normal -0.190293927 -0.981558733 -0.0181844868
    outer loop
      vertex 3.2928462 1.69864714 1.93198228
      vertex 3.27403808 1.70256019 1.91758478
      vertex 3.28910208 1.69975317 1.91146243
    endloop
  endfacet
  facet normal -0.190298996 -0.981557727 -0.0181857188
    outer loop
      vertex 3.28152609 1.70034814 1.95862448
      vertex 3.26271796 1.7042613 1.94422698
      vertex 3.2777822 1.70145416 1.93810463
    endloop
  endfacet
  facet normal -0.190293927 -0.981558733 -0.0181844868
    outer loop
      vertex 3.29659033 1.69754112 1.95250213
      vertex 3.2777822 1.70145416 1.93810463
      vertex 3.2928462 1.69864714 1.93198228
    endloop
  endfacet
  facet normal -0.19028887 -0.981559697 -0.0181853558
    outer loop
      vertex 3.26646209 1.70315528 1.96474695
      vertex 3.24948001 1.70652878 1.9603591
      vertex 3.26271796 1.7042613 1.94422698
    endloop
  endfacet
  facet normal -0.190294627 -0.98155853 -0.0181881219
    outer loop
      vertex 3.30973697 1.69530058 1.93586957
      vertex 3.31156325 1.69476104 1.94587934
      vertex 3.29659033 1.69754112 1.95250213
    endloop
  endfacet
  facet normal -0.965211028 0.183738147 0.186032158
    outer loop
      vertex 3.30244255 1.69486094 1.89845455
      vertex 3.30243134 1.69745862 1.89583075
      vertex 3.30060482 1.69799817 1.8858211
    endloop
  endfacet
  facet normal -0.965229398 0.183645502 0.186028329
    outer loop
      vertex 3.30244255 1.69486094 1.89845455
      vertex 3.30608416 1.69637966 1.91585016
      vertex 3.30425763 1.69691908 1.90584052
    endloop
  endfacet
  facet normal -0.965220459 0.183699115 0.186021777
    outer loop
      vertex 3.30608416 1.69637966 1.91585016
      vertex 3.30244255 1.69486094 1.89845455
      vertex 3.3074348 1.6933862 1.92581439
    endloop
  endfacet
  facet normal -0.965220589 0.183713042 0.186007344
    outer loop
      vertex 3.30244255 1.69486094 1.89845455
      vertex 3.30425763 1.69691908 1.90584052
      vertex 3.30243134 1.69745862 1.89583075
    endloop
  endfacet
  facet normal -0.965226239 0.183686005 0.18600473
    outer loop
      vertex 3.30147982 1.6925509 1.89573991
      vertex 3.30244255 1.69486094 1.89845455
      vertex 3.29965353 1.69309032 1.88573015
    endloop
  endfacet
  facet normal -0.9652328 0.183644173 0.186011989
    outer loop
      vertex 3.30060482 1.69799817 1.8858211
      vertex 3.29965353 1.69309032 1.88573015
      vertex 3.30244255 1.69486094 1.89845455
    endloop
  endfacet
  facet normal -0.96522698 0.183655872 0.186030634
    outer loop
      vertex 3.30330634 1.69201136 1.90574956
      vertex 3.30244255 1.69486094 1.89845455
      vertex 3.30147982 1.6925509 1.89573991
    endloop
  endfacet
  facet normal -0.965243871 0.183590806 0.186007218
    outer loop
      vertex 3.30244255 1.69486094 1.89845455
      vertex 3.30330634 1.69201136 1.90574956
      vertex 3.30513263 1.69147182 1.91575921
    endloop
  endfacet
  facet normal -0.965224428 0.183678639 0.186021398
    outer loop
      vertex 3.30244255 1.69486094 1.89845455
      vertex 3.30513263 1.69147182 1.91575921
      vertex 3.3074348 1.6933862 1.92581439
    endloop
  endfacet
  facet normal -0.965228987 0.183647649 0.186028342
    outer loop
      vertex 3.30695915 1.69093227 1.92576897
      vertex 3.3074348 1.6933862 1.92581439
      vertex 3.30513263 1.69147182 1.91575921
    endloop
  endfacet
  facet normal -0.965234723 0.183640139 0.186005993
    outer loop
      vertex 3.30791044 1.69584012 1.92585993
      vertex 3.30608416 1.69637966 1.91585016
      vertex 3.3074348 1.6933862 1.92581439
    endloop
  endfacet
  facet normal -0.965218556 0.183718547 0.186012456
    outer loop
      vertex 3.3099308 1.69264889 1.93949437
      vertex 3.30973697 1.69530058 1.93586957
      vertex 3.3074348 1.6933862 1.92581439
    endloop
  endfacet
  facet normal -0.965220919 0.183711344 0.186007313
    outer loop
      vertex 3.31156325 1.69476104 1.94587934
      vertex 3.30973697 1.69530058 1.93586957
      vertex 3.3099308 1.69264889 1.93949437
    endloop
  endfacet
  facet normal -0.965209483 0.183746117 0.186032306
    outer loop
      vertex 3.31338978 1.6942215 1.95588899
      vertex 3.31156325 1.69476104 1.94587934
      vertex 3.31242681 1.69191158 1.95317423
    endloop
  endfacet
  facet normal -0.965208798 0.183773815 0.186008495
    outer loop
      vertex 3.31521606 1.69368207 1.96589863
      vertex 3.31338978 1.6942215 1.95588899
      vertex 3.31242681 1.69191158 1.95317423
    endloop
  endfacet
  facet normal -0.965229097 0.183671259 0.186004457
    outer loop
      vertex 3.31061172 1.68985331 1.94578838
      vertex 3.3099308 1.69264889 1.93949437
      vertex 3.30878544 1.69039273 1.93577862
    endloop
  endfacet
  facet normal -0.965232645 0.183648729 0.186008292
    outer loop
      vertex 3.3074348 1.6933862 1.92581439
      vertex 3.30695915 1.69093227 1.92576897
      vertex 3.30878544 1.69039273 1.93577862
    endloop
  endfacet
  facet normal -0.965223174 0.183693179 0.186013552
    outer loop
      vertex 3.3099308 1.69264889 1.93949437
      vertex 3.31061172 1.68985331 1.94578838
      vertex 3.31242681 1.69191158 1.95317423
    endloop
  endfacet
  facet normal -0.965239771 0.18361409 0.18600551
    outer loop
      vertex 3.31243825 1.68931377 1.95579803
      vertex 3.31426454 1.68877423 1.9658078
      vertex 3.31242681 1.69191158 1.95317423
    endloop
  endfacet
  facet normal -0.96522145 0.183693186 0.186022487
    outer loop
      vertex 3.31521606 1.69368207 1.96589863
      vertex 3.31242681 1.69191158 1.95317423
      vertex 3.31426454 1.68877423 1.9658078
    endloop
  endfacet
  facet normal -0.965223005 0.183694047 0.186013568
    outer loop
      vertex 3.31242681 1.69191158 1.95317423
      vertex 3.31156325 1.69476104 1.94587934
      vertex 3.3099308 1.69264889 1.93949437
    endloop
  endfacet
  facet normal -0.965230284 0.183638827 0.186030318
    outer loop
      vertex 3.30973697 1.69530058 1.93586957
      vertex 3.30791044 1.69584012 1.92585993
      vertex 3.3074348 1.6933862 1.92581439
    endloop
  endfacet
  facet normal -0.965229859 0.183660251 0.186011376
    outer loop
      vertex 3.3074348 1.6933862 1.92581439
      vertex 3.30878544 1.69039273 1.93577862
      vertex 3.3099308 1.69264889 1.93949437
    endloop
  endfacet
  facet normal -0.965230213 0.183639196 0.186030325
    outer loop
      vertex 3.31061172 1.68985331 1.94578838
      vertex 3.31243825 1.68931377 1.95579803
      vertex 3.31242681 1.69191158 1.95317423
    endloop
  endfacet
  facet normal 0.965228609 -0.183649571 -0.186028405
    outer loop
      vertex 3.25217009 1.70313966 1.97766376
      vertex 3.25313282 1.7054497 1.98037851
      vertex 3.25495934 1.70491028 1.99038815
    endloop
  endfacet
  facet normal 0.965212779 -0.183731247 -0.18602989
    outer loop
      vertex 3.24948001 1.70652878 1.9603591
      vertex 3.25130653 1.70598924 1.97036886
      vertex 3.25217009 1.70313966 1.97766376
    endloop
  endfacet
  facet normal 0.965228046 -0.183672456 -0.186008732
    outer loop
      vertex 3.25313282 1.7054497 1.98037851
      vertex 3.25217009 1.70313966 1.97766376
      vertex 3.25130653 1.70598924 1.97036886
    endloop
  endfacet
  facet normal 0.965224428 -0.183678639 -0.186021398
    outer loop
      vertex 3.24717784 1.7046144 1.95030391
      vertex 3.24948001 1.70652878 1.9603591
      vertex 3.25217009 1.70313966 1.97766376
    endloop
  endfacet
  facet normal 0.965221754 -0.183693276 -0.18602082
    outer loop
      vertex 3.25400782 1.70000243 1.99029732
      vertex 3.25217009 1.70313966 1.97766376
      vertex 3.25495934 1.70491028 1.99038815
    endloop
  endfacet
  facet normal 0.965238106 -0.183622685 -0.186005669
    outer loop
      vertex 3.25218153 1.70054197 1.98028755
      vertex 3.25217009 1.70313966 1.97766376
      vertex 3.25400782 1.70000243 1.99029732
    endloop
  endfacet
  facet normal 0.965228547 -0.183647792 -0.186030485
    outer loop
      vertex 3.25035501 1.70108151 1.97027791
      vertex 3.25217009 1.70313966 1.97766376
      vertex 3.25218153 1.70054197 1.98028755
    endloop
  endfacet
  facet normal 0.965228597 -0.183647534 -0.18603048
    outer loop
      vertex 3.24670219 1.70216048 1.95025849
      vertex 3.24717784 1.7046144 1.95030391
      vertex 3.24852872 1.70162094 1.96026814
    endloop
  endfacet
  facet normal 0.965218064 -0.183728168 -0.18600551
    outer loop
      vertex 3.25217009 1.70313966 1.97766376
      vertex 3.25035501 1.70108151 1.97027791
      vertex 3.24852872 1.70162094 1.96026814
    endloop
  endfacet
  facet normal 0.965237022 -0.183621738 -0.186012228
    outer loop
      vertex 3.24487591 1.70270002 1.94024873
      vertex 3.24468184 1.70535171 1.93662405
      vertex 3.24717784 1.7046144 1.95030391
    endloop
  endfacet
  facet normal 0.965237973 -0.183608761 -0.186020103
    outer loop
      vertex 3.24717784 1.7046144 1.95030391
      vertex 3.25217009 1.70313966 1.97766376
      vertex 3.24852872 1.70162094 1.96026814
    endloop
  endfacet
  facet normal 0.965216816 -0.183730376 -0.186009805
    outer loop
      vertex 3.24717784 1.7046144 1.95030391
      vertex 3.24765372 1.70706832 1.95034945
      vertex 3.24948001 1.70652878 1.9603591
    endloop
  endfacet
  facet normal 0.965228339 -0.183666536 -0.186013058
    outer loop
      vertex 3.24468184 1.70535171 1.93662405
      vertex 3.2458272 1.70760787 1.94033968
      vertex 3.24717784 1.7046144 1.95030391
    endloop
  endfacet
  facet normal 0.965231053 -0.183636989 -0.186028144
    outer loop
      vertex 3.24218583 1.70608902 1.92294407
      vertex 3.24217439 1.70868683 1.92032027
      vertex 3.24400091 1.70814729 1.93033004
    endloop
  endfacet
  facet normal 0.965238931 -0.183616297 -0.186007691
    outer loop
      vertex 3.24218583 1.70608902 1.92294407
      vertex 3.2403481 1.70922637 1.91031063
      vertex 3.24217439 1.70868683 1.92032027
    endloop
  endfacet
  facet normal 0.965227639 -0.183676658 -0.186006697
    outer loop
      vertex 3.24468184 1.70535171 1.93662405
      vertex 3.24400091 1.70814729 1.93033004
      vertex 3.2458272 1.70760787 1.94033968
    endloop
  endfacet
  facet normal 0.965228643 -0.183647294 -0.186030475
    outer loop
      vertex 3.24304938 1.70323956 1.93023908
      vertex 3.24468184 1.70535171 1.93662405
      vertex 3.24487591 1.70270002 1.94024873
    endloop
  endfacet
  facet normal 0.965222508 -0.183698166 -0.186012078
    outer loop
      vertex 3.24468184 1.70535171 1.93662405
      vertex 3.24304938 1.70323956 1.93023908
      vertex 3.24218583 1.70608902 1.92294407
    endloop
  endfacet
  facet normal 0.965225195 -0.183669312 -0.18602663
    outer loop
      vertex 3.2412231 1.7037791 1.92022943
      vertex 3.23939657 1.70431852 1.91021967
      vertex 3.24218583 1.70608902 1.92294407
    endloop
  endfacet
  facet normal 0.96522214 -0.183688788 -0.186023251
    outer loop
      vertex 3.2403481 1.70922637 1.91031063
      vertex 3.24218583 1.70608902 1.92294407
      vertex 3.23939657 1.70431852 1.91021967
    endloop
  endfacet
  facet normal 0.965224241 -0.183689228 -0.186011913
    outer loop
      vertex 3.24218583 1.70608902 1.92294407
      vertex 3.24400091 1.70814729 1.93033004
      vertex 3.24468184 1.70535171 1.93662405
    endloop
  endfacet
  facet normal 0.965233035 -0.183648845 -0.186006154
    outer loop
      vertex 3.24487591 1.70270002 1.94024873
      vertex 3.24717784 1.7046144 1.95030391
      vertex 3.24670219 1.70216048 1.95025849
    endloop
  endfacet
  facet normal 0.965213158 -0.183729294 -0.186029854
    outer loop
      vertex 3.2458272 1.70760787 1.94033968
      vertex 3.24765372 1.70706832 1.95034945
      vertex 3.24717784 1.7046144 1.95030391
    endloop
  endfacet
  facet normal 0.965224691 -0.183689759 -0.186009053
    outer loop
      vertex 3.24304938 1.70323956 1.93023908
      vertex 3.2412231 1.7037791 1.92022943
      vertex 3.24218583 1.70608902 1.92294407
    endloop
  endfacet
  facet normal -0.262114306 0.120288108 -0.957510763
    outer loop
      vertex 3.39192176 1.7048496 1.9352057
      vertex 3.41826248 1.66939533 1.92354107
      vertex 3.41008925 1.67093492 1.92597187
    endloop
  endfacet
  facet normal -0.262125702 0.120278992 -0.957508789
    outer loop
      vertex 3.40941119 1.70155525 1.930004
      vertex 3.41826248 1.66939533 1.92354107
      vertex 3.39192176 1.7048496 1.9352057
    endloop
  endfacet
  facet normal -0.262118135 0.120287221 -0.957509826
    outer loop
      vertex 3.37375402 1.73876429 1.94443953
      vertex 3.40056014 1.73371506 1.93646705
      vertex 3.40941119 1.70155525 1.930004
    endloop
  endfacet
  facet normal -0.262125557 0.120279688 -0.957508741
    outer loop
      vertex 3.39192176 1.7048496 1.9352057
      vertex 3.37375402 1.73876429 1.94443953
      vertex 3.40941119 1.70155525 1.930004
    endloop
  endfacet
  facet normal 0.230855993 -0.0627424323 0.970962871
    outer loop
      vertex 3.46207476 1.68234944 1.86567068
      vertex 3.44945478 1.66438615 1.86751044
      vertex 3.4745934 1.65962899 1.86122608
    endloop
  endfacet
  facet normal 0.230860046 -0.0627453974 0.970961716
    outer loop
      vertex 3.44945478 1.66438615 1.86751044
      vertex 3.46207476 1.68234944 1.86567068
      vertex 3.44955611 1.70506978 1.8701154
    endloop
  endfacet
  facet normal 0.230863163 -0.0627385268 0.970961419
    outer loop
      vertex 3.43703747 1.72779012 1.87456
      vertex 3.41189909 1.73254728 1.88084447
      vertex 3.44955611 1.70506978 1.8701154
    endloop
  endfacet
  facet normal 0.230859945 -0.062744469 0.9709618
    outer loop
      vertex 3.41189909 1.73254728 1.88084447
      vertex 3.42431617 1.66914332 1.87379491
      vertex 3.44945478 1.66438615 1.86751044
    endloop
  endfacet
  facet normal 0.230857155 -0.0627471031 0.970962293
    outer loop
      vertex 3.38665915 1.69662082 1.88452399
      vertex 3.39917779 1.67390049 1.88007927
      vertex 3.42431617 1.66914332 1.87379491
    endloop
  endfacet
  facet normal 0.230860337 -0.0627425603 0.97096183
    outer loop
      vertex 3.38676047 1.73730445 1.88712883
      vertex 3.38665915 1.69662082 1.88452399
      vertex 3.42431617 1.66914332 1.87379491
    endloop
  endfacet
  facet normal 0.2308598 -0.0627452174 0.970961786
    outer loop
      vertex 3.36162186 1.74206161 1.89341331
      vertex 3.3741405 1.71934116 1.88896859
      vertex 3.38676047 1.73730445 1.88712883
    endloop
  endfacet
  facet normal 0.230856239 -0.0627426123 0.970962801
    outer loop
      vertex 3.38665915 1.69662082 1.88452399
      vertex 3.38676047 1.73730445 1.88712883
      vertex 3.3741405 1.71934116 1.88896859
    endloop
  endfacet
  facet normal 0.230855404 -0.062745471 0.970962815
    outer loop
      vertex 3.41189909 1.73254728 1.88084447
      vertex 3.38676047 1.73730445 1.88712883
      vertex 3.42431617 1.66914332 1.87379491
    endloop
  endfacet
  facet normal 0.230858334 -0.062745419 0.970962122
    outer loop
      vertex 3.44945478 1.66438615 1.86751044
      vertex 3.44955611 1.70506978 1.8701154
      vertex 3.41189909 1.73254728 1.88084447
    endloop
  endfacet
  facet normal 0.848800546 0.500823271 -0.169451128
    outer loop
      vertex 3.38665915 1.69662082 1.88452399
      vertex 3.39192176 1.7048496 1.9352057
      vertex 3.41008925 1.67093492 1.92597187
    endloop
  endfacet
  facet normal 0.848797934 0.500827776 -0.169450897
    outer loop
      vertex 3.39192176 1.7048496 1.9352057
      vertex 3.3741405 1.71934116 1.88896859
      vertex 3.37375402 1.73876429 1.94443953
    endloop
  endfacet
  facet normal 0.848798486 0.500826648 -0.169451463
    outer loop
      vertex 3.38665915 1.69662082 1.88452399
      vertex 3.3741405 1.71934116 1.88896859
      vertex 3.39192176 1.7048496 1.9352057
    endloop
  endfacet
  facet normal 0.848798947 0.500827086 -0.16944786
    outer loop
      vertex 3.38665915 1.69662082 1.88452399
      vertex 3.41008925 1.67093492 1.92597187
      vertex 3.39917779 1.67390049 1.88007927
    endloop
  endfacet
  facet normal 0.848799609 0.500825242 -0.169449998
    outer loop
      vertex 3.3741405 1.71934116 1.88896859
      vertex 3.36162186 1.74206161 1.89341331
      vertex 3.37375402 1.73876429 1.94443953
    endloop
  endfacet
  facet normal -0.848798095 -0.500826755 0.169453109
    outer loop
      vertex 3.44955611 1.70506978 1.8701154
      vertex 3.4472456 1.72501576 1.91749322
      vertex 3.43703747 1.72779012 1.87456
    endloop
  endfacet
  facet normal -0.848798479 -0.50082619 0.169452853
    outer loop
      vertex 3.46519303 1.69116092 1.90733325
      vertex 3.4472456 1.72501576 1.91749322
      vertex 3.44955611 1.70506978 1.8701154
    endloop
  endfacet
  facet normal -0.848799024 -0.500825593 0.169451887
    outer loop
      vertex 3.46207476 1.68234944 1.86567068
      vertex 3.48314047 1.65730608 1.8971734
      vertex 3.46519303 1.69116092 1.90733325
    endloop
  endfacet
  facet normal -0.848799345 -0.50082475 0.169452772
    outer loop
      vertex 3.48314047 1.65730608 1.8971734
      vertex 3.46207476 1.68234944 1.86567068
      vertex 3.4745934 1.65962899 1.86122608
    endloop
  endfacet
  facet normal -0.84879792 -0.500827366 0.169452179
    outer loop
      vertex 3.44955611 1.70506978 1.8701154
      vertex 3.46207476 1.68234944 1.86567068
      vertex 3.46519303 1.69116092 1.90733325
    endloop
  endfacet
  facet normal 0.361089018 -0.0872017276 0.928445249
    outer loop
      vertex 2.93790245 1.78941572 2.12163424
      vertex 2.9407568 1.80413914 2.121907
      vertex 2.85689092 1.80451131 2.1545589
    endloop
  endfacet
  facet normal 0.361089112 -0.0872092493 0.928444506
    outer loop
      vertex 3.22144246 1.73658109 2.0063982
      vertex 3.26194835 1.72903335 1.98993576
      vertex 3.26480269 1.74375677 1.99020863
    endloop
  endfacet
  facet normal 0.361089797 -0.0872018727 0.928444932
    outer loop
      vertex 3.18379116 1.75885236 2.02313328
      vertex 3.18093681 1.74412894 2.02286053
      vertex 3.22144246 1.73658109 2.0063982
    endloop
  endfacet
  facet normal 0.361088538 -0.0872042042 0.928445203
    outer loop
      vertex 3.26480269 1.74375677 1.99020863
      vertex 3.18379116 1.75885236 2.02313328
      vertex 3.22144246 1.73658109 2.0063982
    endloop
  endfacet
  facet normal 0.361087626 -0.0872014683 0.928445814
    outer loop
      vertex 3.18093681 1.74412894 2.02286053
      vertex 3.18379116 1.75885236 2.02313328
      vertex 3.10277987 1.77394795 2.05605769
    endloop
  endfacet
  facet normal 0.361088239 -0.0872015825 0.928445565
    outer loop
      vertex 3.30245399 1.7214855 1.97347355
      vertex 3.34295988 1.71393776 1.95701122
      vertex 3.34581423 1.72866118 1.95728397
    endloop
  endfacet
  facet normal 0.361086115 -0.0872086909 0.928445724
    outer loop
      vertex 3.26480269 1.74375677 1.99020863
      vertex 3.26194835 1.72903335 1.98993576
      vertex 3.30245399 1.7214855 1.97347355
    endloop
  endfacet
  facet normal 0.361088538 -0.0872042042 0.928445203
    outer loop
      vertex 3.34581423 1.72866118 1.95728397
      vertex 3.26480269 1.74375677 1.99020863
      vertex 3.30245399 1.7214855 1.97347355
    endloop
  endfacet
  facet normal 0.361088911 -0.0872017076 0.928445292
    outer loop
      vertex 2.9350481 1.7746923 2.12136149
      vertex 2.93790245 1.78941572 2.12163424
      vertex 2.85403657 1.78978801 2.15428615
    endloop
  endfacet
  facet normal 0.361097187 -0.0871777874 0.92844432
    outer loop
      vertex 3.24646997 1.70331395 1.99353993
      vertex 3.24682665 1.70515442 1.99357402
      vertex 3.2367003 1.70704126 1.9976896
    endloop
  endfacet
  facet normal 0.361096332 -0.0871776281 0.928444667
    outer loop
      vertex 3.25730991 1.70510781 1.98949254
      vertex 3.25766659 1.70694828 1.98952663
      vertex 3.24718356 1.70699477 1.99360812
    endloop
  endfacet
  facet normal 0.361089247 -0.0871763083 0.928447547
    outer loop
      vertex 3.24718356 1.70699477 1.99360812
      vertex 3.24754024 1.70883524 1.99364221
      vertex 3.23705697 1.70888174 1.9977237
    endloop
  endfacet
  facet normal 0.361079454 -0.0872268181 0.928446611
    outer loop
      vertex 3.24682665 1.70515442 1.99357402
      vertex 3.24718356 1.70699477 1.99360812
      vertex 3.23705697 1.70888174 1.9977237
    endloop
  endfacet
  facet normal 0.361089035 -0.0872229638 0.928443247
    outer loop
      vertex 3.23705697 1.70888174 1.9977237
      vertex 3.23741388 1.71072221 1.99775779
      vertex 3.21716094 1.71449602 2.00598907
    endloop
  endfacet
  facet normal 0.361097344 -0.0871778166 0.928444256
    outer loop
      vertex 3.21644735 1.71081519 2.00592089
      vertex 3.2367003 1.70704126 1.9976896
      vertex 3.23705697 1.70888174 1.9977237
    endloop
  endfacet
  facet normal 0.361094433 -0.0872034414 0.928442982
    outer loop
      vertex 3.21716094 1.71449602 2.00598907
      vertex 3.21644735 1.71081519 2.00592089
      vertex 3.23705697 1.70888174 1.9977237
    endloop
  endfacet
  facet normal 0.361087067 -0.087225417 0.928443782
    outer loop
      vertex 3.24754024 1.70883524 1.99364221
      vertex 3.25766659 1.70694828 1.98952663
      vertex 3.25838041 1.71062911 1.98959482
    endloop
  endfacet
  facet normal 0.361091436 -0.087202883 0.9284442
    outer loop
      vertex 3.23812747 1.71440303 1.99782598
      vertex 3.23741388 1.71072221 1.99775779
      vertex 3.24754024 1.70883524 1.99364221
    endloop
  endfacet
  facet normal 0.361085709 -0.0872134899 0.928445431
    outer loop
      vertex 3.25838041 1.71062911 1.98959482
      vertex 3.23812747 1.71440303 1.99782598
      vertex 3.24754024 1.70883524 1.99364221
    endloop
  endfacet
  facet normal 0.361087893 -0.0872022229 0.92844564
    outer loop
      vertex 3.25838041 1.71062911 1.98959482
      vertex 3.259094 1.71430993 1.989663
      vertex 3.23812747 1.71440303 1.99782598
    endloop
  endfacet
  facet normal 0.361092448 -0.0872030715 0.928443789
    outer loop
      vertex 3.23812747 1.71440303 1.99782598
      vertex 3.23884106 1.71808386 1.99789417
      vertex 3.21787453 1.71817696 2.00605726
    endloop
  endfacet
  facet normal 0.361092876 -0.0872031512 0.928443615
    outer loop
      vertex 3.23741388 1.71072221 1.99775779
      vertex 3.23812747 1.71440303 1.99782598
      vertex 3.21716094 1.71449602 2.00598907
    endloop
  endfacet
  facet normal 0.361089879 -0.0872025928 0.928444833
    outer loop
      vertex 3.21787453 1.71817696 2.00605726
      vertex 3.21858811 1.72185779 2.00612545
      vertex 3.17808247 1.72940552 2.02258778
    endloop
  endfacet
  facet normal 0.361085638 -0.0871989834 0.928446821
    outer loop
      vertex 3.17665529 1.72204387 2.02245116
      vertex 3.21716094 1.71449602 2.00598907
      vertex 3.21787453 1.71817696 2.00605726
    endloop
  endfacet
  facet normal 0.361081985 -0.0872311388 0.928445221
    outer loop
      vertex 3.17808247 1.72940552 2.02258778
      vertex 3.17665529 1.72204387 2.02245116
      vertex 3.21787453 1.71817696 2.00605726
    endloop
  endfacet
  facet normal 0.361088157 -0.0872008624 0.928445665
    outer loop
      vertex 3.23884106 1.71808386 1.99789417
      vertex 3.259094 1.71430993 1.989663
      vertex 3.26052117 1.7216717 1.98979938
    endloop
  endfacet
  facet normal 0.361092448 -0.0872030715 0.928443789
    outer loop
      vertex 3.22001529 1.72921944 2.00626183
      vertex 3.21858811 1.72185779 2.00612545
      vertex 3.23884106 1.71808386 1.99789417
    endloop
  endfacet
  facet normal 0.361089112 -0.0872092493 0.928444506
    outer loop
      vertex 3.26052117 1.7216717 1.98979938
      vertex 3.22001529 1.72921944 2.00626183
      vertex 3.23884106 1.71808386 1.99789417
    endloop
  endfacet
  facet normal 0.361090384 -0.087202687 0.928444627
    outer loop
      vertex 3.26052117 1.7216717 1.98979938
      vertex 3.26194835 1.72903335 1.98993576
      vertex 3.22144246 1.73658109 2.0063982
    endloop
  endfacet
  facet normal 0.361089665 -0.0872025529 0.92844492
    outer loop
      vertex 3.22001529 1.72921944 2.00626183
      vertex 3.22144246 1.73658109 2.0063982
      vertex 3.17950964 1.73676729 2.02272415
    endloop
  endfacet
  facet normal 0.361089879 -0.0872025928 0.928444833
    outer loop
      vertex 3.21858811 1.72185779 2.00612545
      vertex 3.22001529 1.72921944 2.00626183
      vertex 3.17808247 1.72940552 2.02258778
    endloop
  endfacet
  facet normal 0.361086609 -0.0872019835 0.928446162
    outer loop
      vertex 3.17950964 1.73676729 2.02272415
      vertex 3.18093681 1.74412894 2.02286053
      vertex 3.09992528 1.75922453 2.05578494
    endloop
  endfacet
  facet normal 0.361086872 -0.087200623 0.928446187
    outer loop
      vertex 3.09707093 1.74450111 2.05551219
      vertex 3.17808247 1.72940552 2.02258778
      vertex 3.17950964 1.73676729 2.02272415
    endloop
  endfacet
  facet normal 0.361086794 -0.0872013132 0.928446153
    outer loop
      vertex 3.09992528 1.75922453 2.05578494
      vertex 3.09707093 1.74450111 2.05551219
      vertex 3.17950964 1.73676729 2.02272415
    endloop
  endfacet
  facet normal 0.361087893 -0.0872022229 0.92844564
    outer loop
      vertex 3.33939171 1.69553351 1.95667028
      vertex 3.33867812 1.69185269 1.9566021
      vertex 3.37918401 1.68430483 1.94013977
    endloop
  endfacet
  facet normal 0.361088107 -0.0872022627 0.928445553
    outer loop
      vertex 3.38061118 1.6916666 1.94027615
      vertex 3.3401053 1.69921434 1.95673847
      vertex 3.33939171 1.69553351 1.95667028
    endloop
  endfacet
  facet normal 0.361088264 -0.0872008823 0.928445621
    outer loop
      vertex 3.37918401 1.68430483 1.94013977
      vertex 3.38061118 1.6916666 1.94027615
      vertex 3.33939171 1.69553351 1.95667028
    endloop
  endfacet
  facet normal 0.3610917 -0.0872015225 0.928444225
    outer loop
      vertex 3.31985259 1.70298827 1.96496964
      vertex 3.3401053 1.69921434 1.95673847
      vertex 3.34153247 1.70657611 1.95687485
    endloop
  endfacet
  facet normal 0.361087893 -0.0872022229 0.92844564
    outer loop
      vertex 3.30102682 1.71412385 1.97333717
      vertex 3.29959965 1.70676219 1.9732008
      vertex 3.31985259 1.70298827 1.96496964
    endloop
  endfacet
  facet normal 0.361091103 -0.087196279 0.92844495
    outer loop
      vertex 3.34153247 1.70657611 1.95687485
      vertex 3.30102682 1.71412385 1.97333717
      vertex 3.31985259 1.70298827 1.96496964
    endloop
  endfacet
  facet normal 0.361085923 -0.0872135297 0.928445344
    outer loop
      vertex 3.34153247 1.70657611 1.95687485
      vertex 3.34295988 1.71393776 1.95701122
      vertex 3.30245399 1.7214855 1.97347355
    endloop
  endfacet
  facet normal 0.361087387 -0.0872021286 0.928445845
    outer loop
      vertex 3.30102682 1.71412385 1.97333717
      vertex 3.30245399 1.7214855 1.97347355
      vertex 3.26052117 1.7216717 1.98979938
    endloop
  endfacet
  facet normal 0.361087601 -0.0872021684 0.928445758
    outer loop
      vertex 3.29959965 1.70676219 1.9732008
      vertex 3.30102682 1.71412385 1.97333717
      vertex 3.259094 1.71430993 1.989663
    endloop
  endfacet
  facet normal 0.36108448 -0.0872221149 0.928445098
    outer loop
      vertex 3.3180685 1.69378614 1.96479917
      vertex 3.31771159 1.69194567 1.96476507
      vertex 3.33796453 1.68817186 1.95653391
    endloop
  endfacet
  facet normal 0.361087595 -0.0872226954 0.928443833
    outer loop
      vertex 3.33867812 1.69185269 1.9566021
      vertex 3.31842542 1.69562662 1.96483326
      vertex 3.3180685 1.69378614 1.96479917
    endloop
  endfacet
  facet normal 0.361089879 -0.0872025928 0.928444833
    outer loop
      vertex 3.33796453 1.68817186 1.95653391
      vertex 3.33867812 1.69185269 1.9566021
      vertex 3.3180685 1.69378614 1.96479917
    endloop
  endfacet
  facet normal 0.361081366 -0.0872215343 0.928446364
    outer loop
      vertex 3.3180685 1.69378614 1.96479917
      vertex 3.31842542 1.69562662 1.96483326
      vertex 3.30829883 1.69751346 1.96894884
    endloop
  endfacet
  facet normal 0.361086168 -0.0871813719 0.928448269
    outer loop
      vertex 3.30794215 1.69567311 1.96891475
      vertex 3.30829883 1.69751346 1.96894884
      vertex 3.29817247 1.69940042 1.9730643
    endloop
  endfacet
  facet normal 0.361091436 -0.087202883 0.9284442
    outer loop
      vertex 3.33867812 1.69185269 1.9566021
      vertex 3.33939171 1.69553351 1.95667028
      vertex 3.31842542 1.69562662 1.96483326
    endloop
  endfacet
  facet normal 0.361091436 -0.087202883 0.9284442
    outer loop
      vertex 3.33939171 1.69553351 1.95667028
      vertex 3.3401053 1.69921434 1.95673847
      vertex 3.319139 1.69930744 1.96490145
    endloop
  endfacet
  facet normal 0.361087893 -0.0872022229 0.92844564
    outer loop
      vertex 3.319139 1.69930744 1.96490145
      vertex 3.31985259 1.70298827 1.96496964
      vertex 3.29888606 1.70308137 1.97313261
    endloop
  endfacet
  facet normal 0.361085206 -0.0872017222 0.928446732
    outer loop
      vertex 3.30829883 1.69751346 1.96894884
      vertex 3.31842542 1.69562662 1.96483326
      vertex 3.319139 1.69930744 1.96490145
    endloop
  endfacet
  facet normal 0.361077238 -0.0872274343 0.928447415
    outer loop
      vertex 3.29888606 1.70308137 1.97313261
      vertex 3.29817247 1.69940042 1.9730643
      vertex 3.30829883 1.69751346 1.96894884
    endloop
  endfacet
  facet normal 0.361086237 -0.0872107686 0.928445481
    outer loop
      vertex 3.319139 1.69930744 1.96490145
      vertex 3.29888606 1.70308137 1.97313261
      vertex 3.30829883 1.69751346 1.96894884
    endloop
  endfacet
  facet normal 0.361082873 -0.0872265596 0.928445306
    outer loop
      vertex 3.29888606 1.70308137 1.97313261
      vertex 3.25838041 1.71062911 1.98959482
      vertex 3.27791953 1.70317435 1.98129547
    endloop
  endfacet
  facet normal 0.361083525 -0.0872247567 0.928445222
    outer loop
      vertex 3.25838041 1.71062911 1.98959482
      vertex 3.25766659 1.70694828 1.98952663
      vertex 3.27791953 1.70317435 1.98129547
    endloop
  endfacet
  facet normal 0.361082804 -0.0872284714 0.928445153
    outer loop
      vertex 3.27791953 1.70317435 1.98129547
      vertex 3.29817247 1.69940042 1.9730643
      vertex 3.29888606 1.70308137 1.97313261
    endloop
  endfacet
  facet normal 0.361087601 -0.0872021684 0.928445758
    outer loop
      vertex 3.29888606 1.70308137 1.97313261
      vertex 3.29959965 1.70676219 1.9732008
      vertex 3.25838041 1.71062911 1.98959482
    endloop
  endfacet
  facet normal 0.361090303 -0.0872007887 0.928444837
    outer loop
      vertex 2.88475013 1.82983065 2.14610195
      vertex 2.78158832 1.84905374 2.18802905
      vertex 2.85974526 1.81923473 2.15483165
    endloop
  endfacet
  facet normal 0.361088915 -0.0872046268 0.928445017
    outer loop
      vertex 2.77587938 1.8196069 2.18748355
      vertex 2.85974526 1.81923473 2.15483165
      vertex 2.78158832 1.84905374 2.18802905
    endloop
  endfacet
  facet normal 0.361089597 -0.0871987391 0.928445304
    outer loop
      vertex 2.9407568 1.80413914 2.121907
      vertex 2.88475013 1.82983065 2.14610195
      vertex 2.85974526 1.81923473 2.15483165
    endloop
  endfacet
  facet normal 0.361088398 -0.0872068941 0.928445004
    outer loop
      vertex 3.09107423 1.79138446 2.06224799
      vertex 2.98791218 1.81060755 2.10417509
      vertex 3.10277987 1.77394795 2.05605769
    endloop
  endfacet
  facet normal 0.361086906 -0.0872050342 0.928445759
    outer loop
      vertex 2.88475013 1.82983065 2.14610195
      vertex 2.9407568 1.80413914 2.121907
      vertex 2.98791218 1.81060755 2.10417509
    endloop
  endfacet
  facet normal 0.361088886 -0.0872024078 0.928445236
    outer loop
      vertex 2.85689092 1.80451131 2.1545589
      vertex 2.77587938 1.8196069 2.18748355
      vertex 2.85403657 1.78978801 2.15428615
    endloop
  endfacet
  facet normal 0.361089005 -0.0872020777 0.928445221
    outer loop
      vertex 2.77017069 1.79016018 2.18693805
      vertex 2.85403657 1.78978801 2.15428615
      vertex 2.77587938 1.8196069 2.18748355
    endloop
  endfacet
  facet normal 0.361089461 -0.0872018101 0.928445069
    outer loop
      vertex 2.93790245 1.78941572 2.12163424
      vertex 3.09992528 1.75922453 2.05578494
      vertex 2.9407568 1.80413914 2.121907
    endloop
  endfacet
  facet normal 0.361089461 -0.0872018101 0.928445069
    outer loop
      vertex 2.9350481 1.7746923 2.12136149
      vertex 3.09707093 1.74450111 2.05551219
      vertex 3.09992528 1.75922453 2.05578494
    endloop
  endfacet
  facet normal 0.361088673 -0.0872058708 0.928444994
    outer loop
      vertex 3.09707093 1.74450111 2.05551219
      vertex 2.9350481 1.7746923 2.12136149
      vertex 3.01208925 1.74508131 2.08861756
    endloop
  endfacet
  facet normal 0.361089018 -0.0872017276 0.928445249
    outer loop
      vertex 2.77587938 1.8196069 2.18748355
      vertex 2.85689092 1.80451131 2.1545589
      vertex 2.85974526 1.81923473 2.15483165
    endloop
  endfacet
  facet normal 0.361086961 -0.0872080202 0.928445458
    outer loop
      vertex 3.19423604 1.77216125 2.02032113
      vertex 3.09107423 1.79138446 2.06224799
      vertex 3.10277987 1.77394795 2.05605769
    endloop
  endfacet
  facet normal 0.361088395 -0.0872049389 0.928445189
    outer loop
      vertex 3.18379116 1.75885236 2.02313328
      vertex 3.26480269 1.74375677 1.99020863
      vertex 3.19423604 1.77216125 2.02032113
    endloop
  endfacet
  facet normal 0.36108804 -0.0872039668 0.928445419
    outer loop
      vertex 3.34581423 1.72866118 1.95728397
      vertex 3.40056014 1.73371506 1.93646705
      vertex 3.29739809 1.75293815 1.97839403
    endloop
  endfacet
  facet normal 0.361088215 -0.0872075249 0.928445016
    outer loop
      vertex 3.40941119 1.70155525 1.930004
      vertex 3.40056014 1.73371506 1.93646705
      vertex 3.34581423 1.72866118 1.95728397
    endloop
  endfacet
  facet normal 0.361088975 -0.0872019504 0.928445245
    outer loop
      vertex 3.26480269 1.74375677 1.99020863
      vertex 3.34581423 1.72866118 1.95728397
      vertex 3.29739809 1.75293815 1.97839403
    endloop
  endfacet
  facet normal 0.361090428 -0.0872019903 0.928444676
    outer loop
      vertex 3.34295988 1.71393776 1.95701122
      vertex 3.40941119 1.70155525 1.930004
      vertex 3.34581423 1.72866118 1.95728397
    endloop
  endfacet
  facet normal 0.361080992 -0.0872309538 0.928445625
    outer loop
      vertex 3.17808247 1.72940552 2.02258778
      vertex 3.09707093 1.74450111 2.05551219
      vertex 3.17665529 1.72204387 2.02245116
    endloop
  endfacet
  facet normal 0.361092907 -0.0871878659 0.928445038
    outer loop
      vertex 3.09707093 1.74450111 2.05551219
      vertex 3.13304853 1.72254181 2.03945756
      vertex 3.17665529 1.72204387 2.02245116
    endloop
  endfacet
  facet normal 0.361089729 -0.0871971483 0.928445402
    outer loop
      vertex 3.38061118 1.6916666 1.94027615
      vertex 3.40941119 1.70155525 1.930004
      vertex 3.34153247 1.70657611 1.95687485
    endloop
  endfacet
  facet normal 0.361088111 -0.0872139376 0.928444454
    outer loop
      vertex 3.34153247 1.70657611 1.95687485
      vertex 3.40941119 1.70155525 1.930004
      vertex 3.34295988 1.71393776 1.95701122
    endloop
  endfacet
  facet normal 0.361088371 -0.0872009022 0.928445578
    outer loop
      vertex 3.34153247 1.70657611 1.95687485
      vertex 3.3401053 1.69921434 1.95673847
      vertex 3.38061118 1.6916666 1.94027615
    endloop
  endfacet
  facet normal 0.361090606 -0.0872003731 0.928444758
    outer loop
      vertex 3.41826248 1.66939533 1.92354107
      vertex 3.40941119 1.70155525 1.930004
      vertex 3.38061118 1.6916666 1.94027615
    endloop
  endfacet
  facet normal 0.361088315 -0.0872047822 0.928445235
    outer loop
      vertex 2.89112997 1.76762068 2.13777781
      vertex 2.9350481 1.7746923 2.12136149
      vertex 2.85403657 1.78978801 2.15428615
    endloop
  endfacet
  facet normal 0.36108511 -0.0872017043 0.928446771
    outer loop
      vertex 3.21644735 1.71081519 2.00592089
      vertex 3.21716094 1.71449602 2.00598907
      vertex 3.17665529 1.72204387 2.02245116
    endloop
  endfacet
  facet normal 0.361087551 -0.0872283274 0.92844332
    outer loop
      vertex 3.23634338 1.70520091 1.99765551
      vertex 3.2367003 1.70704126 1.9976896
      vertex 3.21644735 1.71081519 2.00592089
    endloop
  endfacet
  facet normal 0.361089159 -0.087176292 0.928447583
    outer loop
      vertex 3.24646997 1.70331395 1.99353993
      vertex 3.25495934 1.70491028 1.99038815
      vertex 3.24682665 1.70515442 1.99357402
    endloop
  endfacet
  facet normal 0.361086157 -0.0872280675 0.928443887
    outer loop
      vertex 3.24718356 1.70699477 1.99360812
      vertex 3.24682665 1.70515442 1.99357402
      vertex 3.25495934 1.70491028 1.99038815
    endloop
  endfacet
  facet normal 0.361087643 -0.0872224472 0.928443837
    outer loop
      vertex 3.24718356 1.70699477 1.99360812
      vertex 3.25495934 1.70491028 1.99038815
      vertex 3.25730991 1.70510781 1.98949254
    endloop
  endfacet
  facet normal 0.361093612 -0.087170957 0.928446351
    outer loop
      vertex 3.21644735 1.71081519 2.00592089
      vertex 3.17665529 1.72204387 2.02245116
      vertex 3.13304853 1.72254181 2.03945756
    endloop
  endfacet
  facet normal 0.361081555 -0.0872159861 0.928446812
    outer loop
      vertex 3.25400782 1.70000243 1.99029732
      vertex 3.24646997 1.70331395 1.99353993
      vertex 3.23634338 1.70520091 1.99765551
    endloop
  endfacet
  facet normal 0.361097192 -0.0871614855 0.928445848
    outer loop
      vertex 3.23634338 1.70520091 1.99765551
      vertex 3.13304853 1.72254181 2.03945756
      vertex 3.25400782 1.70000243 1.99029732
    endloop
  endfacet
  facet normal 0.361081245 -0.0872511334 0.92844363
    outer loop
      vertex 3.23634338 1.70520091 1.99765551
      vertex 3.21644735 1.71081519 2.00592089
      vertex 3.13304853 1.72254181 2.03945756
    endloop
  endfacet
  facet normal 0.361091298 -0.0871922765 0.928445249
    outer loop
      vertex 3.25495934 1.70491028 1.99038815
      vertex 3.24646997 1.70331395 1.99353993
      vertex 3.25400782 1.70000243 1.99029732
    endloop
  endfacet
  facet normal 0.36108849 -0.0872063748 0.928445018
    outer loop
      vertex 3.01208925 1.74508131 2.08861756
      vertex 2.9350481 1.7746923 2.12136149
      vertex 2.89112997 1.76762068 2.13777781
    endloop
  endfacet
  facet normal 0.361088951 -0.0872036158 0.928445098
    outer loop
      vertex 2.89112997 1.76762068 2.13777781
      vertex 2.85403657 1.78978801 2.15428615
      vertex 2.77017069 1.79016018 2.18693805
    endloop
  endfacet
  facet normal 0.361084997 -0.0871846114 0.92844842
    outer loop
      vertex 3.29513049 1.69742477 1.97406185
      vertex 3.30794215 1.69567311 1.96891475
      vertex 3.29817247 1.69940042 1.9730643
    endloop
  endfacet
  facet normal 0.361092789 -0.0871769682 0.928446107
    outer loop
      vertex 3.25766659 1.70694828 1.98952663
      vertex 3.25730991 1.70510781 1.98949254
      vertex 3.27791953 1.70317435 1.98129547
    endloop
  endfacet
  facet normal 0.36108966 -0.0871931104 0.928445808
    outer loop
      vertex 3.29817247 1.69940042 1.9730643
      vertex 3.27791953 1.70317435 1.98129547
      vertex 3.29513049 1.69742477 1.97406185
    endloop
  endfacet
  facet normal 0.361087893 -0.0872022229 0.92844564
    outer loop
      vertex 3.33867812 1.69185269 1.9566021
      vertex 3.33796453 1.68817186 1.95653391
      vertex 3.37918401 1.68430483 1.94013977
    endloop
  endfacet
  facet normal 0.361054154 -0.0873951471 0.928440621
    outer loop
      vertex 3.31521606 1.69368207 1.96589863
      vertex 3.3180685 1.69378614 1.96479917
      vertex 3.30794215 1.69567311 1.96891475
    endloop
  endfacet
  facet normal 0.361094302 -0.0871636524 0.928446769
    outer loop
      vertex 3.27504492 1.70116746 1.98222506
      vertex 3.27791953 1.70317435 1.98129547
      vertex 3.25730991 1.70510781 1.98949254
    endloop
  endfacet
  facet normal 0.361052036 -0.0874030132 0.928440704
    outer loop
      vertex 3.29513049 1.69742477 1.97406185
      vertex 3.31521606 1.69368207 1.96589863
      vertex 3.30794215 1.69567311 1.96891475
    endloop
  endfacet
  facet normal 0.361097426 -0.0871689199 0.928445059
    outer loop
      vertex 3.27791953 1.70317435 1.98129547
      vertex 3.27504492 1.70116746 1.98222506
      vertex 3.29513049 1.69742477 1.97406185
    endloop
  endfacet
  facet normal 0.361087188 -0.0872081484 0.928445357
    outer loop
      vertex 3.31426454 1.68877423 1.9658078
      vertex 3.33796453 1.68817186 1.95653391
      vertex 3.31771159 1.69194567 1.96476507
    endloop
  endfacet
  facet normal 0.361087117 -0.0872094643 0.928445261
    outer loop
      vertex 3.33796453 1.68817186 1.95653391
      vertex 3.31426454 1.68877423 1.9658078
      vertex 3.41826248 1.66939533 1.92354107
    endloop
  endfacet
  facet normal 0.361071596 -0.0871886049 0.928453257
    outer loop
      vertex 3.31771159 1.69194567 1.96476507
      vertex 3.31521606 1.69368207 1.96589863
      vertex 3.31426454 1.68877423 1.9658078
    endloop
  endfacet
  facet normal 0.361087028 -0.0872098442 0.92844526
    outer loop
      vertex 3.33796453 1.68817186 1.95653391
      vertex 3.41826248 1.66939533 1.92354107
      vertex 3.37918401 1.68430483 1.94013977
    endloop
  endfacet
  facet normal 0.36108661 -0.0871978643 0.928446548
    outer loop
      vertex 3.27504492 1.70116746 1.98222506
      vertex 3.25730991 1.70510781 1.98949254
      vertex 3.25495934 1.70491028 1.99038815
    endloop
  endfacet
  facet normal 0.361054117 -0.0872164554 0.928457438
    outer loop
      vertex 3.31771159 1.69194567 1.96476507
      vertex 3.3180685 1.69378614 1.96479917
      vertex 3.31521606 1.69368207 1.96589863
    endloop
  endfacet
  facet normal 0.361090142 -0.0872012323 0.928444858
    outer loop
      vertex 3.38061118 1.6916666 1.94027615
      vertex 3.37918401 1.68430483 1.94013977
      vertex 3.41826248 1.66939533 1.92354107
    endloop
  endfacet
  facet normal 0.361089018 -0.0872017276 0.928445249
    outer loop
      vertex 2.9407568 1.80413914 2.121907
      vertex 2.85974526 1.81923473 2.15483165
      vertex 2.85689092 1.80451131 2.1545589
    endloop
  endfacet
  facet normal 0.361085648 -0.0872069367 0.92844607
    outer loop
      vertex 3.18093681 1.74412894 2.02286053
      vertex 3.10277987 1.77394795 2.05605769
      vertex 3.09992528 1.75922453 2.05578494
    endloop
  endfacet
  facet normal 0.361088886 -0.0872024078 0.928445236
    outer loop
      vertex 2.93790245 1.78941572 2.12163424
      vertex 2.85689092 1.80451131 2.1545589
      vertex 2.85403657 1.78978801 2.15428615
    endloop
  endfacet
  facet normal 0.361079454 -0.0872268181 0.928446611
    outer loop
      vertex 3.24646997 1.70331395 1.99353993
      vertex 3.2367003 1.70704126 1.9976896
      vertex 3.23634338 1.70520091 1.99765551
    endloop
  endfacet
  facet normal 0.361096332 -0.0871776281 0.928444667
    outer loop
      vertex 3.25766659 1.70694828 1.98952663
      vertex 3.24754024 1.70883524 1.99364221
      vertex 3.24718356 1.70699477 1.99360812
    endloop
  endfacet
  facet normal 0.361087595 -0.0872226954 0.928443833
    outer loop
      vertex 3.24754024 1.70883524 1.99364221
      vertex 3.23741388 1.71072221 1.99775779
      vertex 3.23705697 1.70888174 1.9977237
    endloop
  endfacet
  facet normal 0.361097187 -0.0871777874 0.92844432
    outer loop
      vertex 3.24682665 1.70515442 1.99357402
      vertex 3.23705697 1.70888174 1.9977237
      vertex 3.2367003 1.70704126 1.9976896
    endloop
  endfacet
  facet normal 0.361087893 -0.0872022229 0.92844564
    outer loop
      vertex 3.259094 1.71430993 1.989663
      vertex 3.23884106 1.71808386 1.99789417
      vertex 3.23812747 1.71440303 1.99782598
    endloop
  endfacet
  facet normal 0.361092448 -0.0872030715 0.928443789
    outer loop
      vertex 3.23884106 1.71808386 1.99789417
      vertex 3.21858811 1.72185779 2.00612545
      vertex 3.21787453 1.71817696 2.00605726
    endloop
  endfacet
  facet normal 0.361092975 -0.0872003506 0.928443839
    outer loop
      vertex 3.23812747 1.71440303 1.99782598
      vertex 3.21787453 1.71817696 2.00605726
      vertex 3.21716094 1.71449602 2.00598907
    endloop
  endfacet
  facet normal 0.361090384 -0.087202687 0.928444627
    outer loop
      vertex 3.26052117 1.7216717 1.98979938
      vertex 3.22144246 1.73658109 2.0063982
      vertex 3.22001529 1.72921944 2.00626183
    endloop
  endfacet
  facet normal 0.361089665 -0.0872025529 0.92844492
    outer loop
      vertex 3.22144246 1.73658109 2.0063982
      vertex 3.18093681 1.74412894 2.02286053
      vertex 3.17950964 1.73676729 2.02272415
    endloop
  endfacet
  facet normal 0.361089928 -0.0872011924 0.928444945
    outer loop
      vertex 3.22001529 1.72921944 2.00626183
      vertex 3.17950964 1.73676729 2.02272415
      vertex 3.17808247 1.72940552 2.02258778
    endloop
  endfacet
  facet normal 0.361089879 -0.0872025928 0.928444833
    outer loop
      vertex 3.34153247 1.70657611 1.95687485
      vertex 3.30245399 1.7214855 1.97347355
      vertex 3.30102682 1.71412385 1.97333717
    endloop
  endfacet
  facet normal 0.361087387 -0.0872021286 0.928445845
    outer loop
      vertex 3.30245399 1.7214855 1.97347355
      vertex 3.26194835 1.72903335 1.98993576
      vertex 3.26052117 1.7216717 1.98979938
    endloop
  endfacet
  facet normal 0.361087651 -0.0872007681 0.92844587
    outer loop
      vertex 3.30102682 1.71412385 1.97333717
      vertex 3.26052117 1.7216717 1.98979938
      vertex 3.259094 1.71430993 1.989663
    endloop
  endfacet
  facet normal 0.361095277 -0.0871830688 0.928444567
    outer loop
      vertex 3.3180685 1.69378614 1.96479917
      vertex 3.30829883 1.69751346 1.96894884
      vertex 3.30794215 1.69567311 1.96891475
    endloop
  endfacet
  facet normal 0.361091436 -0.087202883 0.9284442
    outer loop
      vertex 3.33939171 1.69553351 1.95667028
      vertex 3.319139 1.69930744 1.96490145
      vertex 3.31842542 1.69562662 1.96483326
    endloop
  endfacet
  facet normal 0.361091436 -0.087202883 0.9284442
    outer loop
      vertex 3.3401053 1.69921434 1.95673847
      vertex 3.31985259 1.70298827 1.96496964
      vertex 3.319139 1.69930744 1.96490145
    endloop
  endfacet
  facet normal 0.361087893 -0.0872022229 0.92844564
    outer loop
      vertex 3.31985259 1.70298827 1.96496964
      vertex 3.29959965 1.70676219 1.9732008
      vertex 3.29888606 1.70308137 1.97313261
    endloop
  endfacet
  facet normal 0.361087601 -0.0872021684 0.928445758
    outer loop
      vertex 3.29959965 1.70676219 1.9732008
      vertex 3.259094 1.71430993 1.989663
      vertex 3.25838041 1.71062911 1.98959482
    endloop
  endfacet
  facet normal 0.361087368 -0.0872102357 0.928445091
    outer loop
      vertex 2.98791218 1.81060755 2.10417509
      vertex 2.9407568 1.80413914 2.121907
      vertex 3.10277987 1.77394795 2.05605769
    endloop
  endfacet
  facet normal 0.361087926 -0.0872073611 0.928445144
    outer loop
      vertex 3.09992528 1.75922453 2.05578494
      vertex 3.10277987 1.77394795 2.05605769
      vertex 2.9407568 1.80413914 2.121907
    endloop
  endfacet
  facet normal 0.361089461 -0.0872018101 0.928445069
    outer loop
      vertex 2.9350481 1.7746923 2.12136149
      vertex 3.09992528 1.75922453 2.05578494
      vertex 2.93790245 1.78941572 2.12163424
    endloop
  endfacet
  facet normal 0.361089094 -0.0871947271 0.928445877
    outer loop
      vertex 3.09707093 1.74450111 2.05551219
      vertex 3.01208925 1.74508131 2.08861756
      vertex 3.13304853 1.72254181 2.03945756
    endloop
  endfacet
  facet normal 0.361087164 -0.0872038503 0.92844577
    outer loop
      vertex 3.19423604 1.77216125 2.02032113
      vertex 3.10277987 1.77394795 2.05605769
      vertex 3.18379116 1.75885236 2.02313328
    endloop
  endfacet
  facet normal 0.361089177 -0.0872028807 0.928445079
    outer loop
      vertex 3.26480269 1.74375677 1.99020863
      vertex 3.29739809 1.75293815 1.97839403
      vertex 3.19423604 1.77216125 2.02032113
    endloop
  endfacet
  facet normal 0.190293739 0.981558742 0.0181859718
    outer loop
      vertex 2.94001245 1.82006431 2.09497046
      vertex 2.85598588 1.83572173 2.12912035
      vertex 2.8608005 1.83455896 2.14149976
    endloop
  endfacet
  facet normal 0.190294968 0.981558445 0.018189131
    outer loop
      vertex 2.93038344 1.82238972 2.07021189
      vertex 2.84635687 1.83804715 2.10436177
      vertex 2.85117126 1.83688438 2.11674118
    endloop
  endfacet
  facet normal 0.190291392 0.981559286 0.0181811486
    outer loop
      vertex 2.93519807 1.82122695 2.08259106
      vertex 2.85117126 1.83688438 2.11674118
      vertex 2.94001245 1.82006431 2.09497046
    endloop
  endfacet
  facet normal 0.190291392 0.981559286 0.0181811486
    outer loop
      vertex 2.92556906 1.82355237 2.05783248
      vertex 2.84154224 1.83920979 2.0919826
      vertex 2.93038344 1.82238972 2.07021189
    endloop
  endfacet
  facet normal 0.190292553 0.98155907 0.018180677
    outer loop
      vertex 3.01441026 1.80673218 2.03606176
      vertex 2.93038344 1.82238972 2.07021189
      vertex 3.01922464 1.80556953 2.04844117
    endloop
  endfacet
  facet normal 0.190293857 0.981558713 0.0181862738
    outer loop
      vertex 3.01922464 1.80556953 2.04844117
      vertex 2.93519807 1.82122695 2.08259106
      vertex 3.02403927 1.80440676 2.06082034
    endloop
  endfacet
  facet normal 0.1902939 0.981558705 0.0181862563
    outer loop
      vertex 3.10325122 1.7899121 2.01429105
      vertex 3.01922464 1.80556953 2.04844117
      vertex 3.02403927 1.80440676 2.06082034
    endloop
  endfacet
  facet normal 0.190294845 0.981558465 0.018189356
    outer loop
      vertex 3.27130461 1.75859714 1.94599092
      vertex 3.26649022 1.7597599 1.93361163
      vertex 3.09843683 1.79107475 2.00191188
    endloop
  endfacet
  facet normal 0.190294244 0.981558641 0.0181861162
    outer loop
      vertex 3.10325122 1.7899121 2.01429105
      vertex 3.10806584 1.78874934 2.02667022
      vertex 3.27130461 1.75859714 1.94599092
    endloop
  endfacet
  facet normal 0.19029506 0.981558489 0.0181857846
    outer loop
      vertex 3.34570217 1.74526513 1.88708234
      vertex 3.2616756 1.76092267 1.92123246
      vertex 3.26649022 1.7597599 1.93361163
    endloop
  endfacet
  facet normal 0.190293819 0.981558723 0.0181861141
    outer loop
      vertex 3.69625235 1.67914724 1.78762007
      vertex 3.61222577 1.69480467 1.82177007
      vertex 3.70106697 1.67798448 1.79999936
    endloop
  endfacet
  facet normal 0.19029065 0.981559489 0.0181779662
    outer loop
      vertex 3.68662333 1.68147266 1.76286149
      vertex 3.60259676 1.69713008 1.79701149
      vertex 3.69143796 1.68031001 1.77524078
    endloop
  endfacet
  facet normal 0.190293369 0.981558807 0.0181862969
    outer loop
      vertex 3.69143796 1.68031001 1.77524078
      vertex 3.60741115 1.69596744 1.80939078
      vertex 3.61222577 1.69480467 1.82177007
    endloop
  endfacet
  facet normal 0.19029345 0.981558789 0.0181864392
    outer loop
      vertex 3.68180895 1.68263543 1.7504822
      vertex 3.59778214 1.69829285 1.78463233
      vertex 3.60259676 1.69713008 1.79701149
    endloop
  endfacet
  facet normal 0.190292826 0.981558977 0.0181828044
    outer loop
      vertex 2.8608005 1.83455896 2.14149976
      vertex 2.78158832 1.84905374 2.18802905
      vertex 2.88475013 1.82983065 2.14610195
    endloop
  endfacet
  facet normal 0.190292738 0.981558986 0.0181832702
    outer loop
      vertex 2.94482708 1.81890154 2.10734963
      vertex 2.8608005 1.83455896 2.14149976
      vertex 2.88475013 1.82983065 2.14610195
    endloop
  endfacet
  facet normal 0.19029445 0.981558609 0.018185683
    outer loop
      vertex 2.85598588 1.83572173 2.12912035
      vertex 2.78158832 1.84905374 2.18802905
      vertex 2.8608005 1.83455896 2.14149976
    endloop
  endfacet
  facet normal 0.190291635 0.981559223 0.0181819892
    outer loop
      vertex 2.76714468 1.8525418 2.1508913
      vertex 2.78158832 1.84905374 2.18802905
      vertex 2.85598588 1.83572173 2.12912035
    endloop
  endfacet
  facet normal 0.19029461 0.981558573 0.0181859675
    outer loop
      vertex 3.02403927 1.80440676 2.06082034
      vertex 2.94001245 1.82006431 2.09497046
      vertex 2.94482708 1.81890154 2.10734963
    endloop
  endfacet
  facet normal 0.190290731 0.981559471 0.0181781084
    outer loop
      vertex 2.85117126 1.83688438 2.11674118
      vertex 2.76714468 1.8525418 2.1508913
      vertex 2.85598588 1.83572173 2.12912035
    endloop
  endfacet
  facet normal 0.190291838 0.981559201 0.0181810526
    outer loop
      vertex 3.02403927 1.80440676 2.06082034
      vertex 2.94482708 1.81890154 2.10734963
      vertex 3.09107423 1.79138446 2.06224799
    endloop
  endfacet
  facet normal 0.19029184 0.981559203 0.0181809614
    outer loop
      vertex 3.10806584 1.78874934 2.02667022
      vertex 3.02403927 1.80440676 2.06082034
      vertex 3.09107423 1.79138446 2.06224799
    endloop
  endfacet
  facet normal 0.190293477 0.98155887 0.0181817677
    outer loop
      vertex 3.19423604 1.77216125 2.02032113
      vertex 3.10806584 1.78874934 2.02667022
      vertex 3.09107423 1.79138446 2.06224799
    endloop
  endfacet
  facet normal 0.190293815 0.981558712 0.0181867741
    outer loop
      vertex 3.27611923 1.75743449 1.95837021
      vertex 3.10806584 1.78874934 2.02667022
      vertex 3.19423604 1.77216125 2.02032113
    endloop
  endfacet
  facet normal 0.190293885 0.981558709 0.0181862178
    outer loop
      vertex 3.07729578 1.79491699 2.01575232
      vertex 3.01922464 1.80556953 2.04844117
      vertex 3.10325122 1.7899121 2.01429105
    endloop
  endfacet
  facet normal 0.190292204 0.981559107 0.0181822954
    outer loop
      vertex 3.09107423 1.79138446 2.06224799
      vertex 2.94482708 1.81890154 2.10734963
      vertex 2.98791218 1.81060755 2.10417509
    endloop
  endfacet
  facet normal 0.190289163 0.981559763 0.0181787455
    outer loop
      vertex 2.84154224 1.83920979 2.0919826
      vertex 2.76714468 1.8525418 2.1508913
      vertex 2.84635687 1.83804715 2.10436177
    endloop
  endfacet
  facet normal 0.190295011 0.981558437 0.0181891136
    outer loop
      vertex 2.84635687 1.83804715 2.10436177
      vertex 2.76714468 1.8525418 2.1508913
      vertex 2.85117126 1.83688438 2.11674118
    endloop
  endfacet
  facet normal 0.190294107 0.981558684 0.0181852328
    outer loop
      vertex 2.75270128 1.85602999 2.11375332
      vertex 2.76714468 1.8525418 2.1508913
      vertex 2.84154224 1.83920979 2.0919826
    endloop
  endfacet
  facet normal 0.190294581 0.981558554 0.0181872676
    outer loop
      vertex 2.83924317 1.83990383 2.07858109
      vertex 2.75270128 1.85602999 2.11375332
      vertex 2.84154224 1.83920979 2.0919826
    endloop
  endfacet
  facet normal 0.190292604 0.981559034 0.018182062
    outer loop
      vertex 2.92578506 1.82377768 2.04340863
      vertex 2.83924317 1.83990383 2.07858109
      vertex 2.92556906 1.82355237 2.05783248
    endloop
  endfacet
  facet normal 0.190292048 0.981559142 0.0181820553
    outer loop
      vertex 2.92556906 1.82355237 2.05783248
      vertex 3.01232719 1.80765152 2.00823641
      vertex 2.92578506 1.82377768 2.04340863
    endloop
  endfacet
  facet normal 0.190292228 0.98155913 0.0181808087
    outer loop
      vertex 3.01728082 1.80628657 2.03007603
      vertex 2.92556906 1.82355237 2.05783248
      vertex 2.93038344 1.82238972 2.07021189
    endloop
  endfacet
  facet normal 0.190294135 0.981558642 0.0181872174
    outer loop
      vertex 3.04728842 1.80060172 2.02291417
      vertex 3.01728082 1.80628657 2.03007603
      vertex 3.01441026 1.80673218 2.03606176
    endloop
  endfacet
  facet normal 0.190291756 0.981559218 0.0181810006
    outer loop
      vertex 3.04728842 1.80060172 2.02291417
      vertex 3.01441026 1.80673218 2.03606176
      vertex 3.01922464 1.80556953 2.04844117
    endloop
  endfacet
  facet normal 0.190295607 0.98155842 0.0181837927
    outer loop
      vertex 3.07729578 1.79491699 2.01575232
      vertex 3.09843683 1.79107475 2.00191188
      vertex 3.07025123 1.79685807 1.98469496
    endloop
  endfacet
  facet normal 0.190293599 0.981558868 0.0181806012
    outer loop
      vertex 3.10325122 1.7899121 2.01429105
      vertex 3.09843683 1.79107475 2.00191188
      vertex 3.07729578 1.79491699 2.01575232
    endloop
  endfacet
  facet normal 0.190293188 0.981558882 0.0181841339
    outer loop
      vertex 3.01728082 1.80628657 2.03007603
      vertex 3.01232719 1.80765152 2.00823641
      vertex 2.92556906 1.82355237 2.05783248
    endloop
  endfacet
  facet normal 0.190294463 0.981558606 0.0181857288
    outer loop
      vertex 3.07025123 1.79685807 1.98469496
      vertex 3.09843683 1.79107475 2.00191188
      vertex 3.1677587 1.77868855 1.94506598
    endloop
  endfacet
  facet normal 0.190291757 0.981559194 0.0181823019
    outer loop
      vertex 3.2616756 1.76092267 1.92123246
      vertex 3.1677587 1.77868855 1.94506598
      vertex 3.09843683 1.79107475 2.00191188
    endloop
  endfacet
  facet normal 0.190295325 0.9815584 0.0181878064
    outer loop
      vertex 3.01441026 1.80673218 2.03606176
      vertex 3.01728082 1.80628657 2.03007603
      vertex 2.93038344 1.82238972 2.07021189
    endloop
  endfacet
  facet normal 0.190289956 0.981559605 0.0181789458
    outer loop
      vertex 3.07729578 1.79491699 2.01575232
      vertex 3.04728842 1.80060172 2.02291417
      vertex 3.01922464 1.80556953 2.04844117
    endloop
  endfacet
  facet normal 0.190302814 0.981556544 0.0182096288
    outer loop
      vertex 3.37375402 1.73876429 1.94443953
      vertex 3.29739809 1.75293815 1.97839403
      vertex 3.40056014 1.73371506 1.93646705
    endloop
  endfacet
  facet normal 0.190291146 0.98155935 0.0181802725
    outer loop
      vertex 3.61704016 1.69364202 1.83414936
      vertex 3.4472456 1.72501576 1.91749322
      vertex 3.56146646 1.70373201 1.87107158
    endloop
  endfacet
  facet normal 0.190292993 0.981558925 0.018183907
    outer loop
      vertex 3.37375402 1.73876429 1.94443953
      vertex 3.36162186 1.74206161 1.89341331
      vertex 3.27611923 1.75743449 1.95837021
    endloop
  endfacet
  facet normal 0.1902916 0.981559244 0.0181812387
    outer loop
      vertex 3.61704016 1.69364202 1.83414936
      vertex 3.61222577 1.69480467 1.82177007
      vertex 3.4472456 1.72501576 1.91749322
    endloop
  endfacet
  facet normal 0.190292692 0.981558996 0.0181831979
    outer loop
      vertex 3.61222577 1.69480467 1.82177007
      vertex 3.43703747 1.72779012 1.87456
      vertex 3.4472456 1.72501576 1.91749322
    endloop
  endfacet
  facet normal 0.190293628 0.981558797 0.0181841599
    outer loop
      vertex 3.61704016 1.69364202 1.83414936
      vertex 3.56146646 1.70373201 1.87107158
      vertex 3.67568731 1.68244815 1.82465005
    endloop
  endfacet
  facet normal 0.190293515 0.981558751 0.0181877965
    outer loop
      vertex 3.29739809 1.75293815 1.97839403
      vertex 3.37375402 1.73876429 1.94443953
      vertex 3.27611923 1.75743449 1.95837021
    endloop
  endfacet
  facet normal 0.190293463 0.981558849 0.0181830831
    outer loop
      vertex 3.67568731 1.68244815 1.82465005
      vertex 3.70106697 1.67798448 1.79999936
      vertex 3.61704016 1.69364202 1.83414936
    endloop
  endfacet
  facet normal 0.190291337 0.981559303 0.0181808114
    outer loop
      vertex 3.67568731 1.68244815 1.82465005
      vertex 3.78990817 1.6611644 1.77822852
      vertex 3.70106697 1.67798448 1.79999936
    endloop
  endfacet
  facet normal 0.19029268 0.981558936 0.018186577
    outer loop
      vertex 3.78990817 1.6611644 1.77822852
      vertex 3.69625235 1.67914724 1.78762007
      vertex 3.70106697 1.67798448 1.79999936
    endloop
  endfacet
  facet normal 0.19029627 0.981558199 0.0181887767
    outer loop
      vertex 3.69625235 1.67914724 1.78762007
      vertex 3.77135611 1.66541803 1.74276042
      vertex 3.69143796 1.68031001 1.77524078
    endloop
  endfacet
  facet normal 0.190292228 0.981559113 0.0181817306
    outer loop
      vertex 3.77135611 1.66541803 1.74276042
      vertex 3.69625235 1.67914724 1.78762007
      vertex 3.78990817 1.6611644 1.77822852
    endloop
  endfacet
  facet normal 0.19029172 0.981559222 0.01818119
    outer loop
      vertex 3.43703747 1.72779012 1.87456
      vertex 3.60741115 1.69596744 1.80939078
      vertex 3.60259676 1.69713008 1.79701149
    endloop
  endfacet
  facet normal 0.19029356 0.981558772 0.0181862195
    outer loop
      vertex 3.43703747 1.72779012 1.87456
      vertex 3.61222577 1.69480467 1.82177007
      vertex 3.60741115 1.69596744 1.80939078
    endloop
  endfacet
  facet normal 0.190291872 0.981559261 0.0181774696
    outer loop
      vertex 3.77135611 1.66541803 1.74276042
      vertex 3.68662333 1.68147266 1.76286149
      vertex 3.69143796 1.68031001 1.77524078
    endloop
  endfacet
  facet normal 0.190290129 0.981559607 0.0181770416
    outer loop
      vertex 3.34570217 1.74526513 1.88708234
      vertex 3.26649022 1.7597599 1.93361163
      vertex 3.36162186 1.74206161 1.89341331
    endloop
  endfacet
  facet normal 0.190295073 0.981558422 0.0181892632
    outer loop
      vertex 3.36162186 1.74206161 1.89341331
      vertex 3.26649022 1.7597599 1.93361163
      vertex 3.27130461 1.75859714 1.94599092
    endloop
  endfacet
  facet normal 0.190291186 0.981559453 0.0181743069
    outer loop
      vertex 3.34570217 1.74526513 1.88708234
      vertex 3.36162186 1.74206161 1.89341331
      vertex 3.38676047 1.73730445 1.88712883
    endloop
  endfacet
  facet normal 0.190289109 0.981559776 0.0181785927
    outer loop
      vertex 3.27130461 1.75859714 1.94599092
      vertex 3.27611923 1.75743449 1.95837021
      vertex 3.36162186 1.74206161 1.89341331
    endloop
  endfacet
  facet normal 0.190291148 0.981559309 0.0181824753
    outer loop
      vertex 3.38676047 1.73730445 1.88712883
      vertex 3.46028161 1.72418022 1.82617927
      vertex 3.34570217 1.74526513 1.88708234
    endloop
  endfacet
  facet normal 0.190292177 0.98155908 0.0181840399
    outer loop
      vertex 3.1677587 1.77868855 1.94506598
      vertex 3.2616756 1.76092267 1.92123246
      vertex 3.26526642 1.76051915 1.90543711
    endloop
  endfacet
  facet normal 0.190294601 0.9815586 0.0181846031
    outer loop
      vertex 3.2616756 1.76092267 1.92123246
      vertex 3.34570217 1.74526513 1.88708234
      vertex 3.26526642 1.76051915 1.90543711
    endloop
  endfacet
  facet normal 0.190292919 0.981558901 0.0181859467
    outer loop
      vertex 3.34570217 1.74526513 1.88708234
      vertex 3.46028161 1.72418022 1.82617927
      vertex 3.3627739 1.74234962 1.86580813
    endloop
  endfacet
  facet normal 0.190293849 0.981558722 0.0181858594
    outer loop
      vertex 3.41189909 1.73254728 1.88084447
      vertex 3.46028161 1.72418022 1.82617927
      vertex 3.38676047 1.73730445 1.88712883
    endloop
  endfacet
  facet normal 0.190293675 0.981558747 0.0181863477
    outer loop
      vertex 3.09843683 1.79107475 2.00191188
      vertex 3.26649022 1.7597599 1.93361163
      vertex 3.2616756 1.76092267 1.92123246
    endloop
  endfacet
  facet normal 0.190294199 0.981558649 0.0181861803
    outer loop
      vertex 3.41189909 1.73254728 1.88084447
      vertex 3.59778214 1.69829285 1.78463233
      vertex 3.46028161 1.72418022 1.82617927
    endloop
  endfacet
  facet normal 0.190294577 0.981558515 0.0181894649
    outer loop
      vertex 3.68180895 1.68263543 1.7504822
      vertex 3.68662333 1.68147266 1.76286149
      vertex 3.77135611 1.66541803 1.74276042
    endloop
  endfacet
  facet normal 0.190297765 0.9815578 0.0181946577
    outer loop
      vertex 3.60259676 1.69713008 1.79701149
      vertex 3.41189909 1.73254728 1.88084447
      vertex 3.43703747 1.72779012 1.87456
    endloop
  endfacet
  facet normal 0.190292744 0.98155896 0.0181846248
    outer loop
      vertex 3.59778214 1.69829285 1.78463233
      vertex 3.68180895 1.68263543 1.7504822
      vertex 3.65529656 1.6878413 1.7469213
    endloop
  endfacet
  facet normal 0.190292943 0.981558973 0.0181818223
    outer loop
      vertex 3.59778214 1.69829285 1.78463233
      vertex 3.55778909 1.7060107 1.78655028
      vertex 3.46028161 1.72418022 1.82617927
    endloop
  endfacet
  facet normal 0.190292952 0.981558948 0.0181830558
    outer loop
      vertex 3.68180895 1.68263543 1.7504822
      vertex 3.75280428 1.66967177 1.70729244
      vertex 3.65529656 1.6878413 1.7469213
    endloop
  endfacet
  facet normal 0.190294242 0.981558657 0.0181852622
    outer loop
      vertex 3.68180895 1.68263543 1.7504822
      vertex 3.77135611 1.66541803 1.74276042
      vertex 3.75280428 1.66967177 1.70729244
    endloop
  endfacet
  facet normal 0.19029418 0.981558653 0.0181861422
    outer loop
      vertex 3.60259676 1.69713008 1.79701149
      vertex 3.59778214 1.69829285 1.78463233
      vertex 3.41189909 1.73254728 1.88084447
    endloop
  endfacet
  facet normal 0.1902939 0.981558705 0.0181862563
    outer loop
      vertex 2.94001245 1.82006431 2.09497046
      vertex 2.8608005 1.83455896 2.14149976
      vertex 2.94482708 1.81890154 2.10734963
    endloop
  endfacet
  facet normal 0.19029345 0.981558789 0.0181864392
    outer loop
      vertex 2.93038344 1.82238972 2.07021189
      vertex 2.85117126 1.83688438 2.11674118
      vertex 2.93519807 1.82122695 2.08259106
    endloop
  endfacet
  facet normal 0.190290688 0.981559479 0.0181781258
    outer loop
      vertex 2.85117126 1.83688438 2.11674118
      vertex 2.85598588 1.83572173 2.12912035
      vertex 2.94001245 1.82006431 2.09497046
    endloop
  endfacet
  facet normal 0.190290688 0.981559479 0.0181781258
    outer loop
      vertex 2.84154224 1.83920979 2.0919826
      vertex 2.84635687 1.83804715 2.10436177
      vertex 2.93038344 1.82238972 2.07021189
    endloop
  endfacet
  facet normal 0.190293857 0.981558713 0.0181862738
    outer loop
      vertex 2.93038344 1.82238972 2.07021189
      vertex 2.93519807 1.82122695 2.08259106
      vertex 3.01922464 1.80556953 2.04844117
    endloop
  endfacet
  facet normal 0.190292553 0.98155907 0.018180677
    outer loop
      vertex 2.93519807 1.82122695 2.08259106
      vertex 2.94001245 1.82006431 2.09497046
      vertex 3.02403927 1.80440676 2.06082034
    endloop
  endfacet
  facet normal 0.1902939 0.981558705 0.0181862563
    outer loop
      vertex 3.10325122 1.7899121 2.01429105
      vertex 3.02403927 1.80440676 2.06082034
      vertex 3.10806584 1.78874934 2.02667022
    endloop
  endfacet
  facet normal 0.190292304 0.98155911 0.0181811276
    outer loop
      vertex 3.27130461 1.75859714 1.94599092
      vertex 3.09843683 1.79107475 2.00191188
      vertex 3.10325122 1.7899121 2.01429105
    endloop
  endfacet
  facet normal 0.190290425 0.981559531 0.0181780577
    outer loop
      vertex 3.10806584 1.78874934 2.02667022
      vertex 3.27611923 1.75743449 1.95837021
      vertex 3.27130461 1.75859714 1.94599092
    endloop
  endfacet
  facet normal 0.19029259 0.98155906 0.0181808366
    outer loop
      vertex 3.61222577 1.69480467 1.82177007
      vertex 3.61704016 1.69364202 1.83414936
      vertex 3.70106697 1.67798448 1.79999936
    endloop
  endfacet
  facet normal 0.190291429 0.981559276 0.0181813083
    outer loop
      vertex 3.60259676 1.69713008 1.79701149
      vertex 3.60741115 1.69596744 1.80939078
      vertex 3.69143796 1.68031001 1.77524078
    endloop
  endfacet
  facet normal 0.190295048 0.981558427 0.0181892733
    outer loop
      vertex 3.69143796 1.68031001 1.77524078
      vertex 3.61222577 1.69480467 1.82177007
      vertex 3.69625235 1.67914724 1.78762007
    endloop
  endfacet
  facet normal 0.190295048 0.981558427 0.0181892733
    outer loop
      vertex 3.68180895 1.68263543 1.7504822
      vertex 3.60259676 1.69713008 1.79701149
      vertex 3.68662333 1.68147266 1.76286149
    endloop
  endfacet
  facet normal 0.190292212 0.981559103 0.0181824216
    outer loop
      vertex 2.94482708 1.81890154 2.10734963
      vertex 2.88475013 1.82983065 2.14610195
      vertex 2.98791218 1.81060755 2.10417509
    endloop
  endfacet
  facet normal 0.190294095 0.981558651 0.0181871578
    outer loop
      vertex 3.27611923 1.75743449 1.95837021
      vertex 3.19423604 1.77216125 2.02032113
      vertex 3.29739809 1.75293815 1.97839403
    endloop
  endfacet
  facet normal 0.190293825 0.981558698 0.0181874047
    outer loop
      vertex 2.83924317 1.83990383 2.07858109
      vertex 2.84154224 1.83920979 2.0919826
      vertex 2.92556906 1.82355237 2.05783248
    endloop
  endfacet
  facet normal 0.190295325 0.981558398 0.018187947
    outer loop
      vertex 3.34570217 1.74526513 1.88708234
      vertex 3.3627739 1.74234962 1.86580813
      vertex 3.26526642 1.76051915 1.90543711
    endloop
  endfacet
  facet normal 0.190293086 0.981558883 0.0181851683
    outer loop
      vertex 3.59778214 1.69829285 1.78463233
      vertex 3.65529656 1.6878413 1.7469213
      vertex 3.55778909 1.7060107 1.78655028
    endloop
  endfacet
  facet normal 0.361088602 -0.0872023091 0.928445356
    outer loop
      vertex 3.67568731 1.68244815 1.82465005
      vertex 3.56146646 1.70373201 1.87107158
      vertex 3.59646773 1.63618875 1.85111511
    endloop
  endfacet
  facet normal 0.361088666 -0.0872023855 0.928445324
    outer loop
      vertex 3.78990817 1.6611644 1.77822852
      vertex 3.67568731 1.68244815 1.82465005
      vertex 3.80651522 1.6275593 1.76861346
    endloop
  endfacet
  facet normal 0.361088205 -0.0872035551 0.928445393
    outer loop
      vertex 3.67568731 1.68244815 1.82465005
      vertex 3.709795 1.61507154 1.80505669
      vertex 3.80651522 1.6275593 1.76861346
    endloop
  endfacet
  facet normal 0.361088746 -0.0872062855 0.928444926
    outer loop
      vertex 3.46519303 1.69116092 1.90733325
      vertex 3.56146646 1.70373201 1.87107158
      vertex 3.4472456 1.72501576 1.91749322
    endloop
  endfacet
  facet normal 0.36108796 -0.0872036007 0.928445484
    outer loop
      vertex 3.59646773 1.63618875 1.85111511
      vertex 3.46519303 1.69116092 1.90733325
      vertex 3.48314047 1.65730608 1.8971734
    endloop
  endfacet
  facet normal 0.361088385 -0.0872057584 0.928445116
    outer loop
      vertex 3.709795 1.61507154 1.80505669
      vertex 3.82312226 1.59395421 1.75899827
      vertex 3.80651522 1.6275593 1.76861346
    endloop
  endfacet
  facet normal 0.361088425 -0.087202418 0.928445414
    outer loop
      vertex 3.59646773 1.63618875 1.85111511
      vertex 3.56146646 1.70373201 1.87107158
      vertex 3.46519303 1.69116092 1.90733325
    endloop
  endfacet
  facet normal 0.361088982 -0.0872030865 0.928445135
    outer loop
      vertex 3.67568731 1.68244815 1.82465005
      vertex 3.59646773 1.63618875 1.85111511
      vertex 3.709795 1.61507154 1.80505669
    endloop
  endfacet
  facet normal -0.361088033 0.087201544 -0.928445649
    outer loop
      vertex 3.19659519 1.74280465 1.93048072
      vertex 3.12220359 1.75666678 1.96071482
      vertex 3.19944954 1.75752807 1.93075347
    endloop
  endfacet
  facet normal -0.361088017 0.087202246 -0.928445589
    outer loop
      vertex 3.19374084 1.72808135 1.93020797
      vertex 3.11934924 1.74194336 1.96044207
      vertex 3.19659519 1.74280465 1.93048072
    endloop
  endfacet
  facet normal -0.361086385 0.0872019419 -0.928446252
    outer loop
      vertex 3.28530288 1.70339203 1.89227891
      vertex 3.26670504 1.70685756 1.89983737
      vertex 3.26813221 1.71421921 1.89997375
    endloop
  endfacet
  facet normal -0.361091811 0.0872029529 -0.928444047
    outer loop
      vertex 3.30532789 1.70728827 1.8848567
      vertex 3.30390072 1.69992661 1.88472033
      vertex 3.28530288 1.70339203 1.89227891
    endloop
  endfacet
  facet normal -0.361090634 0.0871945246 -0.928445297
    outer loop
      vertex 3.26813221 1.71421921 1.89997375
      vertex 3.30532789 1.70728827 1.8848567
      vertex 3.28530288 1.70339203 1.89227891
    endloop
  endfacet
  facet normal -0.361086936 0.0872020445 -0.928446029
    outer loop
      vertex 3.34109664 1.69299555 1.86960328
      vertex 3.30390072 1.69992661 1.88472033
      vertex 3.34252381 1.7003572 1.86973965
    endloop
  endfacet
  facet normal -0.361085249 0.0872119943 -0.92844575
    outer loop
      vertex 3.22950935 1.71378863 1.91495454
      vertex 3.19231343 1.72071958 1.93007159
      vertex 3.19374084 1.72808135 1.93020797
    endloop
  endfacet
  facet normal -0.361091345 0.0872028661 -0.928444237
    outer loop
      vertex 3.24810719 1.7103231 1.90739596
      vertex 3.22950935 1.71378863 1.91495454
      vertex 3.23093653 1.72115028 1.91509092
    endloop
  endfacet
  facet normal -0.361091345 0.0872028661 -0.928444237
    outer loop
      vertex 3.26813221 1.71421921 1.89997375
      vertex 3.26670504 1.70685756 1.89983737
      vertex 3.24810719 1.7103231 1.90739596
    endloop
  endfacet
  facet normal -0.361091345 0.0872028661 -0.928444237
    outer loop
      vertex 3.23093653 1.72115028 1.91509092
      vertex 3.26813221 1.71421921 1.89997375
      vertex 3.24810719 1.7103231 1.90739596
    endloop
  endfacet
  facet normal -0.361088865 0.087202404 -0.928445245
    outer loop
      vertex 3.23093653 1.72115028 1.91509092
      vertex 3.19374084 1.72808135 1.93020797
      vertex 3.19659519 1.74280465 1.93048072
    endloop
  endfacet
  facet normal -0.361090073 0.0872094283 -0.928444115
    outer loop
      vertex 3.27098656 1.72894263 1.90024662
      vertex 3.26813221 1.71421921 1.89997375
      vertex 3.23093653 1.72115028 1.91509092
    endloop
  endfacet
  facet normal -0.361089048 0.0872020855 -0.928445204
    outer loop
      vertex 3.19659519 1.74280465 1.93048072
      vertex 3.27098656 1.72894263 1.90024662
      vertex 3.23093653 1.72115028 1.91509092
    endloop
  endfacet
  facet normal -0.361087826 0.0872090097 -0.928445028
    outer loop
      vertex 3.30532789 1.70728827 1.8848567
      vertex 3.26813221 1.71421921 1.89997375
      vertex 3.27098656 1.72894263 1.90024662
    endloop
  endfacet
  facet normal -0.361087068 0.0872013643 -0.928446041
    outer loop
      vertex 3.34537816 1.71508062 1.8700124
      vertex 3.34252381 1.7003572 1.86973965
      vertex 3.30532789 1.70728827 1.8848567
    endloop
  endfacet
  facet normal -0.361088075 0.0872085749 -0.928444972
    outer loop
      vertex 3.27098656 1.72894263 1.90024662
      vertex 3.34537816 1.71508062 1.8700124
      vertex 3.30532789 1.70728827 1.8848567
    endloop
  endfacet
  facet normal -0.361089114 0.0872017454 -0.92844521
    outer loop
      vertex 3.41691518 1.68649518 1.83950555
      vertex 3.34252381 1.7003572 1.86973965
      vertex 3.34537816 1.71508062 1.8700124
    endloop
  endfacet
  facet normal -0.361087057 0.0872071992 -0.928445497
    outer loop
      vertex 3.49130678 1.67263317 1.80927145
      vertex 3.41691518 1.68649518 1.83950555
      vertex 3.41976976 1.70121861 1.8397783
    endloop
  endfacet
  facet normal -0.361088149 0.0872015657 -0.928445602
    outer loop
      vertex 3.7173357 1.64577043 1.71884179
      vertex 3.6429441 1.65963244 1.74907589
      vertex 3.72019005 1.66049385 1.71911454
    endloop
  endfacet
  facet normal -0.361088149 0.0872015657 -0.928445602
    outer loop
      vertex 3.71448135 1.63104701 1.71856904
      vertex 3.64008975 1.64490902 1.74880314
      vertex 3.7173357 1.64577043 1.71884179
    endloop
  endfacet
  facet normal -0.361089027 0.0872038633 -0.928445045
    outer loop
      vertex 3.12505794 1.77139008 1.96098757
      vertex 3.07025123 1.79685807 1.98469496
      vertex 3.1677587 1.77868855 1.94506598
    endloop
  endfacet
  facet normal -0.361089382 0.0872030426 -0.928444984
    outer loop
      vertex 3.05617738 1.76897001 1.98754919
      vertex 3.07025123 1.79685807 1.98469496
      vertex 3.12505794 1.77139008 1.96098757
    endloop
  endfacet
  facet normal -0.361089514 0.0872018201 -0.928445047
    outer loop
      vertex 3.11934924 1.74194336 1.96044207
      vertex 3.05617738 1.76897001 1.98754919
      vertex 3.12220359 1.75666678 1.96071482
    endloop
  endfacet
  facet normal -0.361089383 0.0872025004 -0.928445034
    outer loop
      vertex 3.12505794 1.77139008 1.96098757
      vertex 3.12220359 1.75666678 1.96071482
      vertex 3.05617738 1.76897001 1.98754919
    endloop
  endfacet
  facet normal -0.361088064 0.0872054351 -0.928445271
    outer loop
      vertex 3.04210329 1.74108195 1.99040341
      vertex 3.05617738 1.76897001 1.98754919
      vertex 3.11934924 1.74194336 1.96044207
    endloop
  endfacet
  facet normal -0.361088525 0.0871996294 -0.928445638
    outer loop
      vertex 3.1677587 1.77868855 1.94506598
      vertex 3.19944954 1.75752807 1.93075347
      vertex 3.12505794 1.77139008 1.96098757
    endloop
  endfacet
  facet normal -0.361089114 0.0872017454 -0.92844521
    outer loop
      vertex 3.27098656 1.72894263 1.90024662
      vertex 3.19659519 1.74280465 1.93048072
      vertex 3.19944954 1.75752807 1.93075347
    endloop
  endfacet
  facet normal -0.361088043 0.0872004271 -0.92844575
    outer loop
      vertex 3.1677587 1.77868855 1.94506598
      vertex 3.26526642 1.76051915 1.90543711
      vertex 3.19944954 1.75752807 1.93075347
    endloop
  endfacet
  facet normal -0.361088076 0.0872044977 -0.928445355
    outer loop
      vertex 3.26526642 1.76051915 1.90543711
      vertex 3.27098656 1.72894263 1.90024662
      vertex 3.19944954 1.75752807 1.93075347
    endloop
  endfacet
  facet normal -0.361086097 0.0872121523 -0.928445406
    outer loop
      vertex 3.11934924 1.74194336 1.96044207
      vertex 3.19374084 1.72808135 1.93020797
      vertex 3.19231343 1.72071958 1.93007159
    endloop
  endfacet
  facet normal -0.361087989 0.0872054893 -0.928445296
    outer loop
      vertex 3.14074993 1.72270024 1.95031154
      vertex 3.11934924 1.74194336 1.96044207
      vertex 3.19231343 1.72071958 1.93007159
    endloop
  endfacet
  facet normal -0.361091477 0.0872021882 -0.928444249
    outer loop
      vertex 3.2403481 1.70922637 1.91031063
      vertex 3.22950935 1.71378863 1.91495454
      vertex 3.24810719 1.7103231 1.90739596
    endloop
  endfacet
  facet normal -0.361086825 0.0872139552 -0.928444953
    outer loop
      vertex 3.23939657 1.70431852 1.91021967
      vertex 3.22950935 1.71378863 1.91495454
      vertex 3.2403481 1.70922637 1.91031063
    endloop
  endfacet
  facet normal -0.361088065 0.0872053939 -0.928445275
    outer loop
      vertex 3.14074993 1.72270024 1.95031154
      vertex 3.04210329 1.74108195 1.99040341
      vertex 3.11934924 1.74194336 1.96044207
    endloop
  endfacet
  facet normal -0.36108796 0.0872059367 -0.928445265
    outer loop
      vertex 3.23939657 1.70431852 1.91021967
      vertex 3.14074993 1.72270024 1.95031154
      vertex 3.19231343 1.72071958 1.93007159
    endloop
  endfacet
  facet normal -0.361091315 0.0872004438 -0.928444476
    outer loop
      vertex 3.26043367 1.70548368 1.90214741
      vertex 3.2403481 1.70922637 1.91031063
      vertex 3.24810719 1.7103231 1.90739596
    endloop
  endfacet
  facet normal -0.361084286 0.0872169584 -0.928445658
    outer loop
      vertex 3.23939657 1.70431852 1.91021967
      vertex 3.19231343 1.72071958 1.93007159
      vertex 3.22950935 1.71378863 1.91495454
    endloop
  endfacet
  facet normal -0.361091931 0.087194961 -0.928444751
    outer loop
      vertex 3.28051925 1.70174086 1.8939842
      vertex 3.26043367 1.70548368 1.90214741
      vertex 3.26670504 1.70685756 1.89983737
    endloop
  endfacet
  facet normal -0.361082534 0.0872211925 -0.928445942
    outer loop
      vertex 3.30060482 1.69799817 1.8858211
      vertex 3.28051925 1.70174086 1.8939842
      vertex 3.28530288 1.70339203 1.89227891
    endloop
  endfacet
  facet normal -0.3610892 0.087196887 -0.928445632
    outer loop
      vertex 3.34109664 1.69299555 1.86960328
      vertex 3.29965353 1.69309032 1.88573015
      vertex 3.30060482 1.69799817 1.8858211
    endloop
  endfacet
  facet normal -0.361088904 0.0872042978 -0.928445052
    outer loop
      vertex 3.34537816 1.71508062 1.8700124
      vertex 3.27098656 1.72894263 1.90024662
      vertex 3.26526642 1.76051915 1.90543711
    endloop
  endfacet
  facet normal -0.361087336 0.0872040737 -0.928445683
    outer loop
      vertex 3.3627739 1.74234962 1.86580813
      vertex 3.46028161 1.72418022 1.82617927
      vertex 3.41976976 1.70121861 1.8397783
    endloop
  endfacet
  facet normal -0.361088684 0.0872056338 -0.928445012
    outer loop
      vertex 3.49416113 1.68735659 1.80954421
      vertex 3.46028161 1.72418022 1.82617927
      vertex 3.55778909 1.7060107 1.78655028
    endloop
  endfacet
  facet normal -0.361088277 0.0872060615 -0.92844513
    outer loop
      vertex 3.46028161 1.72418022 1.82617927
      vertex 3.49416113 1.68735659 1.80954421
      vertex 3.41976976 1.70121861 1.8397783
    endloop
  endfacet
  facet normal -0.361088749 0.0872059229 -0.928444959
    outer loop
      vertex 3.49416113 1.68735659 1.80954421
      vertex 3.55778909 1.7060107 1.78655028
      vertex 3.64579844 1.67435586 1.74934864
    endloop
  endfacet
  facet normal -0.361087453 0.0872051549 -0.928445535
    outer loop
      vertex 3.72019005 1.66049385 1.71911454
      vertex 3.64579844 1.67435586 1.74934864
      vertex 3.65529656 1.6878413 1.7469213
    endloop
  endfacet
  facet normal -0.361088681 0.087206122 -0.928444967
    outer loop
      vertex 3.55778909 1.7060107 1.78655028
      vertex 3.65529656 1.6878413 1.7469213
      vertex 3.64579844 1.67435586 1.74934864
    endloop
  endfacet
  facet normal -0.361088906 0.0872017067 -0.928445294
    outer loop
      vertex 3.72019005 1.66049385 1.71911454
      vertex 3.76941133 1.63606668 1.69767725
      vertex 3.7173357 1.64577043 1.71884179
    endloop
  endfacet
  facet normal -0.361086547 0.0872068421 -0.928445729
    outer loop
      vertex 3.76941133 1.63606668 1.69767725
      vertex 3.72019005 1.66049385 1.71911454
      vertex 3.75280428 1.66967177 1.70729244
    endloop
  endfacet
  facet normal -0.361089193 0.0872017602 -0.928445178
    outer loop
      vertex 3.49416113 1.68735659 1.80954421
      vertex 3.64579844 1.67435586 1.74934864
      vertex 3.6429441 1.65963244 1.74907589
    endloop
  endfacet
  facet normal -0.361089193 0.0872017602 -0.928445178
    outer loop
      vertex 3.6429441 1.65963244 1.74907589
      vertex 3.64008975 1.64490902 1.74880314
      vertex 3.49130678 1.67263317 1.80927145
    endloop
  endfacet
  facet normal -0.361088982 0.0872024257 -0.928445197
    outer loop
      vertex 3.34109664 1.69299555 1.86960328
      vertex 3.34252381 1.7003572 1.86973965
      vertex 3.41691518 1.68649518 1.83950555
    endloop
  endfacet
  facet normal -0.36108819 0.0872035359 -0.928445401
    outer loop
      vertex 3.49419951 1.65683889 1.80666292
      vertex 3.3969264 1.67496467 1.84619653
      vertex 3.41691518 1.68649518 1.83950555
    endloop
  endfacet
  facet normal -0.361088961 0.0872039738 -0.92844506
    outer loop
      vertex 3.29965353 1.69309032 1.88573015
      vertex 3.34109664 1.69299555 1.86960328
      vertex 3.3969264 1.67496467 1.84619653
    endloop
  endfacet
  facet normal -0.361088742 0.0872046794 -0.928445079
    outer loop
      vertex 3.41691518 1.68649518 1.83950555
      vertex 3.3969264 1.67496467 1.84619653
      vertex 3.34109664 1.69299555 1.86960328
    endloop
  endfacet
  facet normal -0.361092439 0.0871736589 -0.928446554
    outer loop
      vertex 3.30390072 1.69992661 1.88472033
      vertex 3.34109664 1.69299555 1.86960328
      vertex 3.30060482 1.69799817 1.8858211
    endloop
  endfacet
  facet normal -0.361088269 0.0872065243 -0.928445089
    outer loop
      vertex 3.49130678 1.67263317 1.80927145
      vertex 3.64008975 1.64490902 1.74880314
      vertex 3.59147239 1.63871312 1.7671293
    endloop
  endfacet
  facet normal -0.361088931 0.0872022289 -0.928445235
    outer loop
      vertex 3.78601837 1.60246158 1.68806219
      vertex 3.71448135 1.63104701 1.71856904
      vertex 3.76941133 1.63606668 1.69767725
    endloop
  endfacet
  facet normal -0.361087349 0.0872056934 -0.928445525
    outer loop
      vertex 3.6887455 1.62058735 1.72759569
      vertex 3.64008975 1.64490902 1.74880314
      vertex 3.71448135 1.63104701 1.71856904
    endloop
  endfacet
  facet normal -0.361087477 0.0872060844 -0.928445439
    outer loop
      vertex 3.71448135 1.63104701 1.71856904
      vertex 3.78601837 1.60246158 1.68806219
      vertex 3.6887455 1.62058735 1.72759569
    endloop
  endfacet
  facet normal -0.361088076 0.08720412 -0.92844539
    outer loop
      vertex 3.6887455 1.62058735 1.72759569
      vertex 3.59147239 1.63871312 1.7671293
      vertex 3.64008975 1.64490902 1.74880314
    endloop
  endfacet
  facet normal -0.361088906 0.0872017067 -0.928445294
    outer loop
      vertex 3.71448135 1.63104701 1.71856904
      vertex 3.7173357 1.64577043 1.71884179
      vertex 3.76941133 1.63606668 1.69767725
    endloop
  endfacet
  facet normal -0.361088017 0.087202246 -0.928445589
    outer loop
      vertex 3.12220359 1.75666678 1.96071482
      vertex 3.12505794 1.77139008 1.96098757
      vertex 3.19944954 1.75752807 1.93075347
    endloop
  endfacet
  facet normal -0.361088033 0.087201544 -0.928445649
    outer loop
      vertex 3.11934924 1.74194336 1.96044207
      vertex 3.12220359 1.75666678 1.96071482
      vertex 3.19659519 1.74280465 1.93048072
    endloop
  endfacet
  facet normal -0.361086936 0.0872020445 -0.928446029
    outer loop
      vertex 3.30390072 1.69992661 1.88472033
      vertex 3.30532789 1.70728827 1.8848567
      vertex 3.34252381 1.7003572 1.86973965
    endloop
  endfacet
  facet normal -0.361088865 0.087202404 -0.928445245
    outer loop
      vertex 3.22950935 1.71378863 1.91495454
      vertex 3.19374084 1.72808135 1.93020797
      vertex 3.23093653 1.72115028 1.91509092
    endloop
  endfacet
  facet normal -0.361087057 0.0872071992 -0.928445497
    outer loop
      vertex 3.41691518 1.68649518 1.83950555
      vertex 3.34537816 1.71508062 1.8700124
      vertex 3.41976976 1.70121861 1.8397783
    endloop
  endfacet
  facet normal -0.361089114 0.0872017454 -0.92844521
    outer loop
      vertex 3.49130678 1.67263317 1.80927145
      vertex 3.41976976 1.70121861 1.8397783
      vertex 3.49416113 1.68735659 1.80954421
    endloop
  endfacet
  facet normal -0.361088149 0.0872015657 -0.928445602
    outer loop
      vertex 3.6429441 1.65963244 1.74907589
      vertex 3.64579844 1.67435586 1.74934864
      vertex 3.72019005 1.66049385 1.71911454
    endloop
  endfacet
  facet normal -0.361088149 0.0872015657 -0.928445602
    outer loop
      vertex 3.64008975 1.64490902 1.74880314
      vertex 3.6429441 1.65963244 1.74907589
      vertex 3.7173357 1.64577043 1.71884179
    endloop
  endfacet
  facet normal -0.361092361 0.0871976255 -0.928444334
    outer loop
      vertex 3.26043367 1.70548368 1.90214741
      vertex 3.24810719 1.7103231 1.90739596
      vertex 3.26670504 1.70685756 1.89983737
    endloop
  endfacet
  facet normal -0.361082604 0.0872214468 -0.928445891
    outer loop
      vertex 3.28051925 1.70174086 1.8939842
      vertex 3.26670504 1.70685756 1.89983737
      vertex 3.28530288 1.70339203 1.89227891
    endloop
  endfacet
  facet normal -0.361096058 0.0871810435 -0.928444453
    outer loop
      vertex 3.30060482 1.69799817 1.8858211
      vertex 3.28530288 1.70339203 1.89227891
      vertex 3.30390072 1.69992661 1.88472033
    endloop
  endfacet
  facet normal -0.361088966 0.0872041792 -0.928445039
    outer loop
      vertex 3.34537816 1.71508062 1.8700124
      vertex 3.26526642 1.76051915 1.90543711
      vertex 3.3627739 1.74234962 1.86580813
    endloop
  endfacet
  facet normal -0.361087802 0.0872033552 -0.928445569
    outer loop
      vertex 3.3627739 1.74234962 1.86580813
      vertex 3.41976976 1.70121861 1.8397783
      vertex 3.34537816 1.71508062 1.8700124
    endloop
  endfacet
  facet normal -0.361086631 0.0872072318 -0.92844566
    outer loop
      vertex 3.72019005 1.66049385 1.71911454
      vertex 3.65529656 1.6878413 1.7469213
      vertex 3.75280428 1.66967177 1.70729244
    endloop
  endfacet
  facet normal -0.361089193 0.0872017602 -0.928445178
    outer loop
      vertex 3.6429441 1.65963244 1.74907589
      vertex 3.49130678 1.67263317 1.80927145
      vertex 3.49416113 1.68735659 1.80954421
    endloop
  endfacet
  facet normal -0.361087284 0.0872060261 -0.928445519
    outer loop
      vertex 3.49419951 1.65683889 1.80666292
      vertex 3.41691518 1.68649518 1.83950555
      vertex 3.49130678 1.67263317 1.80927145
    endloop
  endfacet
  facet normal -0.36108853 0.0872057226 -0.928445063
    outer loop
      vertex 3.49130678 1.67263317 1.80927145
      vertex 3.59147239 1.63871312 1.7671293
      vertex 3.49419951 1.65683889 1.80666292
    endloop
  endfacet
  facet normal -0.190294319 -0.981558698 -0.0181822344
    outer loop
      vertex 3.321558 1.68880951 1.88757968
      vertex 3.35412765 1.68274045 1.8743428
      vertex 3.35773849 1.68186843 1.88362718
    endloop
  endfacet
  facet normal -0.190292736 -0.981559084 -0.0181779995
    outer loop
      vertex 3.32516885 1.6879375 1.89686418
      vertex 3.35773849 1.68186843 1.88362718
      vertex 3.32877994 1.68706548 1.90614855
    endloop
  endfacet
  facet normal -0.190294241 -0.981558717 -0.0181820332
    outer loop
      vertex 3.32877994 1.68706548 1.90614855
      vertex 3.36134958 1.68099642 1.89291167
      vertex 3.36496043 1.6801244 1.90219617
    endloop
  endfacet
  facet normal -0.190294923 -0.981558472 -0.0181881629
    outer loop
      vertex 3.48801708 1.65759254 1.83067954
      vertex 3.55315638 1.64545453 1.80420566
      vertex 3.56037807 1.64371037 1.82277453
    endloop
  endfacet
  facet normal -0.190291991 -0.98155918 -0.0181806248
    outer loop
      vertex 3.49523878 1.65584838 1.84924841
      vertex 3.56037807 1.64371037 1.82277453
      vertex 3.50246072 1.65410435 1.86781728
    endloop
  endfacet
  facet normal -0.190291325 -0.981559256 -0.0181834513
    outer loop
      vertex 3.33239079 1.68619335 1.91543305
      vertex 3.36496043 1.6801244 1.90219617
      vertex 3.36857128 1.67925239 1.91148055
    endloop
  endfacet
  facet normal -0.190291302 -0.981559265 -0.0181832275
    outer loop
      vertex 3.33600163 1.68532133 1.92471755
      vertex 3.36857128 1.67925239 1.91148055
      vertex 3.37218213 1.67838037 1.92076504
    endloop
  endfacet
  facet normal -0.190287443 -0.981560127 -0.0181770927
    outer loop
      vertex 3.37579298 1.67750823 1.93004942
      vertex 3.39207792 1.67447376 1.92343104
      vertex 3.39388323 1.67403781 1.92807329
    endloop
  endfacet
  facet normal -0.19029555 -0.981558236 -0.0181943152
    outer loop
      vertex 3.33961248 1.68444932 1.93400192
      vertex 3.37218213 1.67838037 1.92076504
      vertex 3.37579298 1.67750823 1.93004942
    endloop
  endfacet
  facet normal -0.190293914 -0.981558719 -0.0181853798
    outer loop
      vertex 3.709795 1.61507154 1.80505669
      vertex 3.80457044 1.59820795 1.72353017
      vertex 3.82312226 1.59395421 1.75899827
    endloop
  endfacet
  facet normal -0.190293446 -0.981558784 -0.0181867397
    outer loop
      vertex 3.56760001 1.64196634 1.84134352
      vertex 3.709795 1.61507154 1.80505669
      vertex 3.59646773 1.63618875 1.85111511
    endloop
  endfacet
  facet normal -0.190293855 -0.981558728 -0.0181854994
    outer loop
      vertex 3.50246072 1.65410435 1.86781728
      vertex 3.56760001 1.64196634 1.84134352
      vertex 3.59646773 1.63618875 1.85111511
    endloop
  endfacet
  facet normal -0.190291939 -0.981559192 -0.0181805297
    outer loop
      vertex 3.709795 1.61507154 1.80505669
      vertex 3.56760001 1.64196634 1.84134352
      vertex 3.56037807 1.64371037 1.82277453
    endloop
  endfacet
  facet normal -0.190292254 -0.981559078 -0.0181833763
    outer loop
      vertex 3.56037807 1.64371037 1.82277453
      vertex 3.80457044 1.59820795 1.72353017
      vertex 3.709795 1.61507154 1.80505669
    endloop
  endfacet
  facet normal -0.190331462 -0.98154964 -0.0182821869
    outer loop
      vertex 3.31426454 1.68877423 1.9658078
      vertex 3.41008925 1.67093492 1.92597187
      vertex 3.41826248 1.66939533 1.92354107
    endloop
  endfacet
  facet normal -0.190290473 -0.981559402 -0.0181845202
    outer loop
      vertex 3.39207792 1.67447376 1.92343104
      vertex 3.39917779 1.67390049 1.88007927
      vertex 3.41008925 1.67093492 1.92597187
    endloop
  endfacet
  facet normal -0.190291253 -0.981559272 -0.0181833794
    outer loop
      vertex 3.50246072 1.65410435 1.86781728
      vertex 3.48314047 1.65730608 1.8971734
      vertex 3.4745934 1.65962899 1.86122608
    endloop
  endfacet
  facet normal -0.190291752 -0.981559324 -0.0181753415
    outer loop
      vertex 3.39388323 1.67403781 1.92807329
      vertex 3.39207792 1.67447376 1.92343104
      vertex 3.41008925 1.67093492 1.92597187
    endloop
  endfacet
  facet normal -0.190292799 -0.981558961 -0.0181839511
    outer loop
      vertex 3.39388323 1.67403781 1.92807329
      vertex 3.41008925 1.67093492 1.92597187
      vertex 3.37759852 1.67707229 1.93469167
    endloop
  endfacet
  facet normal -0.19029188 -0.9815592 -0.0181806701
    outer loop
      vertex 3.4745934 1.65962899 1.86122608
      vertex 3.49523878 1.65584838 1.84924841
      vertex 3.50246072 1.65410435 1.86781728
    endloop
  endfacet
  facet normal -0.190292516 -0.981559059 -0.0181816346
    outer loop
      vertex 3.6887455 1.62058735 1.72759569
      vertex 3.78601837 1.60246158 1.68806219
      vertex 3.80457044 1.59820795 1.72353017
    endloop
  endfacet
  facet normal -0.19029528 -0.981558405 -0.0181880178
    outer loop
      vertex 3.6887455 1.62058735 1.72759569
      vertex 3.56037807 1.64371037 1.82277453
      vertex 3.55315638 1.64545453 1.80420566
    endloop
  endfacet
  facet normal -0.190292596 -0.981558995 -0.0181842543
    outer loop
      vertex 3.6887455 1.62058735 1.72759569
      vertex 3.80457044 1.59820795 1.72353017
      vertex 3.56037807 1.64371037 1.82277453
    endloop
  endfacet
  facet normal -0.190292771 -0.981558977 -0.0181833909
    outer loop
      vertex 3.55315638 1.64545453 1.80420566
      vertex 3.59147239 1.63871312 1.7671293
      vertex 3.6887455 1.62058735 1.72759569
    endloop
  endfacet
  facet normal -0.190293543 -0.981558812 -0.0181842189
    outer loop
      vertex 3.49419951 1.65683889 1.80666292
      vertex 3.59147239 1.63871312 1.7671293
      vertex 3.55315638 1.64545453 1.80420566
    endloop
  endfacet
  facet normal -0.190295114 -0.981558436 -0.0181880853
    outer loop
      vertex 3.44945478 1.66438615 1.86751044
      vertex 3.48801708 1.65759254 1.83067954
      vertex 3.49523878 1.65584838 1.84924841
    endloop
  endfacet
  facet normal -0.190293163 -0.981558909 -0.0181829744
    outer loop
      vertex 3.4745934 1.65962899 1.86122608
      vertex 3.44945478 1.66438615 1.86751044
      vertex 3.49523878 1.65584838 1.84924841
    endloop
  endfacet
  facet normal -0.190294234 -0.981558624 -0.0181871301
    outer loop
      vertex 3.42431617 1.66914332 1.87379491
      vertex 3.48801708 1.65759254 1.83067954
      vertex 3.44945478 1.66438615 1.86751044
    endloop
  endfacet
  facet normal -0.190293182 -0.981558881 -0.0181842778
    outer loop
      vertex 3.3969264 1.67496467 1.84619653
      vertex 3.48801708 1.65759254 1.83067954
      vertex 3.39917779 1.67390049 1.88007927
    endloop
  endfacet
  facet normal -0.190296847 -0.981558043 -0.0181911455
    outer loop
      vertex 3.42431617 1.66914332 1.87379491
      vertex 3.39917779 1.67390049 1.88007927
      vertex 3.48801708 1.65759254 1.83067954
    endloop
  endfacet
  facet normal -0.190291143 -0.981559273 -0.0181844256
    outer loop
      vertex 3.39917779 1.67390049 1.88007927
      vertex 3.35773849 1.68186843 1.88362718
      vertex 3.3969264 1.67496467 1.84619653
    endloop
  endfacet
  facet normal -0.190293229 -0.981558867 -0.0181845685
    outer loop
      vertex 3.49419951 1.65683889 1.80666292
      vertex 3.48801708 1.65759254 1.83067954
      vertex 3.3969264 1.67496467 1.84619653
    endloop
  endfacet
  facet normal -0.190296129 -0.981558365 -0.0181812656
    outer loop
      vertex 3.37218213 1.67838037 1.92076504
      vertex 3.36857128 1.67925239 1.91148055
      vertex 3.39207792 1.67447376 1.92343104
    endloop
  endfacet
  facet normal -0.190288433 -0.981560123 -0.0181669346
    outer loop
      vertex 3.37579298 1.67750823 1.93004942
      vertex 3.37759852 1.67707229 1.93469167
      vertex 3.34322333 1.6835773 1.94328642
    endloop
  endfacet
  facet normal -0.190292809 -0.981558934 -0.018185338
    outer loop
      vertex 3.31426454 1.68877423 1.9658078
      vertex 3.34322333 1.6835773 1.94328642
      vertex 3.37759852 1.67707229 1.93469167
    endloop
  endfacet
  facet normal -0.190294218 -0.981558664 -0.0181851434
    outer loop
      vertex 3.36857128 1.67925239 1.91148055
      vertex 3.39917779 1.67390049 1.88007927
      vertex 3.39207792 1.67447376 1.92343104
    endloop
  endfacet
  facet normal -0.190292195 -0.981559094 -0.0181830977
    outer loop
      vertex 3.36857128 1.67925239 1.91148055
      vertex 3.36496043 1.6801244 1.90219617
      vertex 3.39917779 1.67390049 1.88007927
    endloop
  endfacet
  facet normal -0.190294333 -0.981558463 -0.0181948096
    outer loop
      vertex 3.39207792 1.67447376 1.92343104
      vertex 3.37579298 1.67750823 1.93004942
      vertex 3.37218213 1.67838037 1.92076504
    endloop
  endfacet
  facet normal -0.190293186 -0.981558914 -0.0181824619
    outer loop
      vertex 3.34322333 1.6835773 1.94328642
      vertex 3.31061172 1.68985331 1.94578838
      vertex 3.33961248 1.68444932 1.93400192
    endloop
  endfacet
  facet normal -0.190293299 -0.981558862 -0.0181840662
    outer loop
      vertex 3.31243825 1.68931377 1.95579803
      vertex 3.31061172 1.68985331 1.94578838
      vertex 3.34322333 1.6835773 1.94328642
    endloop
  endfacet
  facet normal -0.190291436 -0.981559236 -0.0181834059
    outer loop
      vertex 3.33600163 1.68532133 1.92471755
      vertex 3.33961248 1.68444932 1.93400192
      vertex 3.30878544 1.69039273 1.93577862
    endloop
  endfacet
  facet normal -0.190291109 -0.981559415 -0.0181771218
    outer loop
      vertex 3.31061172 1.68985331 1.94578838
      vertex 3.30878544 1.69039273 1.93577862
      vertex 3.33961248 1.68444932 1.93400192
    endloop
  endfacet
  facet normal -0.190294859 -0.981558486 -0.0181880772
    outer loop
      vertex 3.31426454 1.68877423 1.9658078
      vertex 3.31243825 1.68931377 1.95579803
      vertex 3.34322333 1.6835773 1.94328642
    endloop
  endfacet
  facet normal -0.190293562 -0.981558758 -0.0181869377
    outer loop
      vertex 3.31426454 1.68877423 1.9658078
      vertex 3.37759852 1.67707229 1.93469167
      vertex 3.41008925 1.67093492 1.92597187
    endloop
  endfacet
  facet normal -0.190293443 -0.981558751 -0.0181885664
    outer loop
      vertex 3.33600163 1.68532133 1.92471755
      vertex 3.30878544 1.69039273 1.93577862
      vertex 3.30695915 1.69093227 1.92576897
    endloop
  endfacet
  facet normal -0.190293855 -0.981558556 -0.018194771
    outer loop
      vertex 3.30513263 1.69147182 1.91575921
      vertex 3.32877994 1.68706548 1.90614855
      vertex 3.33239079 1.68619335 1.91543305
    endloop
  endfacet
  facet normal -0.19029054 -0.981559403 -0.0181837701
    outer loop
      vertex 3.3969264 1.67496467 1.84619653
      vertex 3.35773849 1.68186843 1.88362718
      vertex 3.35412765 1.68274045 1.8743428
    endloop
  endfacet
  facet normal -0.190291777 -0.981559263 -0.0181783895
    outer loop
      vertex 3.30330634 1.69201136 1.90574956
      vertex 3.32516885 1.6879375 1.89686418
      vertex 3.32877994 1.68706548 1.90614855
    endloop
  endfacet
  facet normal -0.190290683 -0.981559471 -0.0181786011
    outer loop
      vertex 3.39917779 1.67390049 1.88007927
      vertex 3.36134958 1.68099642 1.89291167
      vertex 3.35773849 1.68186843 1.88362718
    endloop
  endfacet
  facet normal -0.190293937 -0.981558741 -0.0181839433
    outer loop
      vertex 3.32516885 1.6879375 1.89686418
      vertex 3.30330634 1.69201136 1.90574956
      vertex 3.30147982 1.6925509 1.89573991
    endloop
  endfacet
  facet normal -0.190292015 -0.981559243 -0.0181769473
    outer loop
      vertex 3.29965353 1.69309032 1.88573015
      vertex 3.321558 1.68880951 1.88757968
      vertex 3.30147982 1.6925509 1.89573991
    endloop
  endfacet
  facet normal -0.190294026 -0.981558757 -0.0181821202
    outer loop
      vertex 3.30147982 1.6925509 1.89573991
      vertex 3.321558 1.68880951 1.88757968
      vertex 3.32516885 1.6879375 1.89686418
    endloop
  endfacet
  facet normal -0.190292059 -0.981559244 -0.0181764237
    outer loop
      vertex 3.35412765 1.68274045 1.8743428
      vertex 3.321558 1.68880951 1.88757968
      vertex 3.29965353 1.69309032 1.88573015
    endloop
  endfacet
  facet normal -0.190294875 -0.981558435 -0.0181906282
    outer loop
      vertex 3.3969264 1.67496467 1.84619653
      vertex 3.35412765 1.68274045 1.8743428
      vertex 3.29965353 1.69309032 1.88573015
    endloop
  endfacet
  facet normal -0.190292079 -0.98155912 -0.0181829116
    outer loop
      vertex 3.39917779 1.67390049 1.88007927
      vertex 3.36496043 1.6801244 1.90219617
      vertex 3.36134958 1.68099642 1.89291167
    endloop
  endfacet
  facet normal -0.190294296 -0.981558707 -0.0181820106
    outer loop
      vertex 3.321558 1.68880951 1.88757968
      vertex 3.35773849 1.68186843 1.88362718
      vertex 3.32516885 1.6879375 1.89686418
    endloop
  endfacet
  facet normal -0.190292602 -0.981559113 -0.0181778209
    outer loop
      vertex 3.35773849 1.68186843 1.88362718
      vertex 3.36134958 1.68099642 1.89291167
      vertex 3.32877994 1.68706548 1.90614855
    endloop
  endfacet
  facet normal -0.190295472 -0.981558255 -0.0181941138
    outer loop
      vertex 3.32877994 1.68706548 1.90614855
      vertex 3.36496043 1.6801244 1.90219617
      vertex 3.33239079 1.68619335 1.91543305
    endloop
  endfacet
  facet normal -0.190294923 -0.981558472 -0.0181881629
    outer loop
      vertex 3.48801708 1.65759254 1.83067954
      vertex 3.56037807 1.64371037 1.82277453
      vertex 3.49523878 1.65584838 1.84924841
    endloop
  endfacet
  facet normal -0.190291924 -0.981559194 -0.0181805355
    outer loop
      vertex 3.56037807 1.64371037 1.82277453
      vertex 3.56760001 1.64196634 1.84134352
      vertex 3.50246072 1.65410435 1.86781728
    endloop
  endfacet
  facet normal -0.190291302 -0.981559265 -0.0181832275
    outer loop
      vertex 3.33239079 1.68619335 1.91543305
      vertex 3.36857128 1.67925239 1.91148055
      vertex 3.33600163 1.68532133 1.92471755
    endloop
  endfacet
  facet normal -0.190291325 -0.981559256 -0.0181834513
    outer loop
      vertex 3.33600163 1.68532133 1.92471755
      vertex 3.37218213 1.67838037 1.92076504
      vertex 3.33961248 1.68444932 1.93400192
    endloop
  endfacet
  facet normal -0.190286489 -0.981560485 -0.0181677248
    outer loop
      vertex 3.37579298 1.67750823 1.93004942
      vertex 3.39388323 1.67403781 1.92807329
      vertex 3.37759852 1.67707229 1.93469167
    endloop
  endfacet
  facet normal -0.190294296 -0.981558707 -0.0181820106
    outer loop
      vertex 3.33961248 1.68444932 1.93400192
      vertex 3.37579298 1.67750823 1.93004942
      vertex 3.34322333 1.6835773 1.94328642
    endloop
  endfacet
  facet normal -0.190293789 -0.981558748 -0.0181851054
    outer loop
      vertex 3.50246072 1.65410435 1.86781728
      vertex 3.59646773 1.63618875 1.85111511
      vertex 3.48314047 1.65730608 1.8971734
    endloop
  endfacet
  facet normal -0.190293559 -0.981558801 -0.0181846555
    outer loop
      vertex 3.49419951 1.65683889 1.80666292
      vertex 3.55315638 1.64545453 1.80420566
      vertex 3.48801708 1.65759254 1.83067954
    endloop
  endfacet
  facet normal -0.190293251 -0.981558902 -0.0181824355
    outer loop
      vertex 3.33600163 1.68532133 1.92471755
      vertex 3.30695915 1.69093227 1.92576897
      vertex 3.33239079 1.68619335 1.91543305
    endloop
  endfacet
  facet normal -0.190293766 -0.981558777 -0.0181837599
    outer loop
      vertex 3.30513263 1.69147182 1.91575921
      vertex 3.33239079 1.68619335 1.91543305
      vertex 3.30695915 1.69093227 1.92576897
    endloop
  endfacet
  facet normal -0.190291581 -0.981559105 -0.0181889253
    outer loop
      vertex 3.30330634 1.69201136 1.90574956
      vertex 3.32877994 1.68706548 1.90614855
      vertex 3.30513263 1.69147182 1.91575921
    endloop
  endfacet
  facet normal 0.793414529 0.493884862 -0.355768362
    outer loop
      vertex 3.80651522 1.6275593 1.76861346
      vertex 3.82312226 1.59395421 1.75899827
      vertex 3.80457044 1.59820795 1.72353017
    endloop
  endfacet
  facet normal 0.7934123 0.493884189 -0.35577427
    outer loop
      vertex 3.80651522 1.6275593 1.76861346
      vertex 3.77135611 1.66541803 1.74276042
      vertex 3.78990817 1.6611644 1.77822852
    endloop
  endfacet
  facet normal 0.793411919 0.493887772 -0.355770144
    outer loop
      vertex 3.76941133 1.63606668 1.69767725
      vertex 3.80651522 1.6275593 1.76861346
      vertex 3.80457044 1.59820795 1.72353017
    endloop
  endfacet
  facet normal 0.793412356 0.493886824 -0.355770486
    outer loop
      vertex 3.80651522 1.6275593 1.76861346
      vertex 3.76941133 1.63606668 1.69767725
      vertex 3.77135611 1.66541803 1.74276042
    endloop
  endfacet
  facet normal 0.793414074 0.493884909 -0.355769314
    outer loop
      vertex 3.76941133 1.63606668 1.69767725
      vertex 3.75280428 1.66967177 1.70729244
      vertex 3.77135611 1.66541803 1.74276042
    endloop
  endfacet
  facet normal 0.793411844 0.493884235 -0.355775221
    outer loop
      vertex 3.78601837 1.60246158 1.68806219
      vertex 3.76941133 1.63606668 1.69767725
      vertex 3.80457044 1.59820795 1.72353017
    endloop
  endfacet
endsolid c30
