solid beam
  facet normal 0.43351500616410055 0.9006651101031935 0.029446542638183366
    outer loop
      vertex 2.5333995819091797 1.5615342855453491 2.032879590988159
      vertex 2.538619041442871 1.5603179931640625 1.993240237236023
      vertex 2.4851200580596924 1.58632493019104 1.9853979349136353
    endloop
  endfacet
  facet normal 0.43351500616410055 0.9006651101031935 0.029446542638183366
    outer loop
      vertex 2.5333995819091797 1.5615342855453491 2.032879590988159
      vertex 2.4851200580596924 1.58632493019104 1.9853979349136353
      vertex 2.479900598526001 1.5875412225723267 2.0250372886657715
    endloop
  endfacet
  facet normal 0.4335150176151031 0.9006651074347919 0.02944645567214751
    outer loop
      vertex 2.5281801223754883 1.5627505779266357 2.072519063949585
      vertex 2.5333995819091797 1.5615342855453491 2.032879590988159
      vertex 2.479900598526001 1.5875412225723267 2.0250372886657715
    endloop
  endfacet
  facet normal 0.4335187093713344 0.9006634809599973 0.029441852693628468
    outer loop
      vertex 2.5281801223754883 1.5627505779266357 2.072519063949585
      vertex 2.479900598526001 1.5875412225723267 2.0250372886657715
      vertex 2.4746813774108887 1.5887576341629028 2.064676523208618
    endloop
  endfacet
  facet normal -0.8916480361125052 0.4334476870475007 -0.13071680186527135
    outer loop
      vertex 2.4016878604888916 1.4290677309036255 2.0330562591552734
      vertex 2.4399242401123047 1.508507251739502 2.0356533527374268
      vertex 2.441664218902588 1.5081018209457397 2.022440195083618
    endloop
  endfacet
  facet normal -0.8916490717170836 0.4334503427129871 -0.13070093078496922
    outer loop
      vertex 2.4016878604888916 1.4290677309036255 2.0330562591552734
      vertex 2.441664218902588 1.5081018209457397 2.022440195083618
      vertex 2.4034276008605957 1.4286623001098633 2.019843101501465
    endloop
  endfacet
  facet normal -0.8916501165956194 0.4334481718914317 -0.1307010017520681
    outer loop
      vertex 2.3999481201171875 1.4294731616973877 2.046269416809082
      vertex 2.4381844997406006 1.5089126825332642 2.0488665103912354
      vertex 2.4399242401123047 1.508507251739502 2.0356533527374268
    endloop
  endfacet
  facet normal -0.8916501165956194 0.4334481718914317 -0.1307010017520681
    outer loop
      vertex 2.3999481201171875 1.4294731616973877 2.046269416809082
      vertex 2.4399242401123047 1.508507251739502 2.0356533527374268
      vertex 2.4016878604888916 1.4290677309036255 2.0330562591552734
    endloop
  endfacet
  facet normal -0.8916474969425207 0.4334499757223698 -0.1307128904982776
    outer loop
      vertex 2.367800712585449 1.3486145734786987 1.9974262714385986
      vertex 2.368670701980591 1.3484119176864624 1.9908196926116943
      vertex 2.3304340839385986 1.268972396850586 1.988222599029541
    endloop
  endfacet
  facet normal -0.8916506463682697 0.4334507096419852 -0.13068897100331853
    outer loop
      vertex 2.3286943435668945 1.2693778276443481 2.0014357566833496
      vertex 2.3669309616088867 1.3488173484802246 2.004032850265503
      vertex 2.367800712585449 1.3486145734786987 1.9974262714385986
    endloop
  endfacet
  facet normal -0.8916494671723258 0.4334495211235845 -0.13070095764393933
    outer loop
      vertex 2.3304340839385986 1.268972396850586 1.988222599029541
      vertex 2.3286943435668945 1.2693778276443481 2.0014357566833496
      vertex 2.367800712585449 1.3486145734786987 1.9974262714385986
    endloop
  endfacet
  facet normal -0.8916490717170836 0.4334503427129871 -0.13070093078496922
    outer loop
      vertex 2.3252146244049072 1.2701886892318726 2.027862071990967
      vertex 2.3634512424468994 1.349628210067749 2.03045916557312
      vertex 2.3651909828186035 1.3492227792739868 2.0172460079193115
    endloop
  endfacet
  facet normal -0.8916480361125052 0.4334476870475007 -0.13071680186527135
    outer loop
      vertex 2.3252146244049072 1.2701886892318726 2.027862071990967
      vertex 2.3651909828186035 1.3492227792739868 2.0172460079193115
      vertex 2.3269546031951904 1.2697832584381104 2.014648914337158
    endloop
  endfacet
  facet normal -0.891648970909332 0.43345055214872386 -0.13070092393818658
    outer loop
      vertex 2.3843092918395996 1.3889424800872803 2.0185444355010986
      vertex 2.3651909828186035 1.3492227792739868 2.0172460079193115
      vertex 2.3634512424468994 1.349628210067749 2.03045916557312
    endloop
  endfacet
  facet normal -0.8916491725245254 0.43345013327777004 -0.130700937631727
    outer loop
      vertex 2.4016878604888916 1.4290677309036255 2.0330562591552734
      vertex 2.4034276008605957 1.4286623001098633 2.019843101501465
      vertex 2.3843092918395996 1.3889424800872803 2.0185444355010986
    endloop
  endfacet
  facet normal -0.8916489713630907 0.43345031932714473 -0.1307016929589613
    outer loop
      vertex 2.3634512424468994 1.349628210067749 2.03045916557312
      vertex 2.4016878604888916 1.4290677309036255 2.0330562591552734
      vertex 2.3843092918395996 1.3889424800872803 2.0185444355010986
    endloop
  endfacet
  facet normal -0.8916473961494787 0.4334501851286544 -0.13071288364882006
    outer loop
      vertex 2.3651909828186035 1.3492227792739868 2.0172460079193115
      vertex 2.3843092918395996 1.3889424800872803 2.0185444355010986
      vertex 2.385179281234741 1.388739824295044 2.0119378566741943
    endloop
  endfacet
  facet normal -0.8916468926755399 0.43344889410693455 -0.13072059891053744
    outer loop
      vertex 2.3651909828186035 1.3492227792739868 2.0172460079193115
      vertex 2.385179281234741 1.388739824295044 2.0119378566741943
      vertex 2.366060972213745 1.349020004272461 2.0106394290924072
    endloop
  endfacet
  facet normal -0.8916465863061365 0.4334495306136385 -0.13072057810241758
    outer loop
      vertex 2.3843092918395996 1.3889424800872803 2.0185444355010986
      vertex 2.4034276008605957 1.4286623001098633 2.019843101501465
      vertex 2.4042975902557373 1.4284595251083374 2.0132365226745605
    endloop
  endfacet
  facet normal -0.8916470897981583 0.43345082159932774 -0.13071286283049108
    outer loop
      vertex 2.3843092918395996 1.3889424800872803 2.0185444355010986
      vertex 2.4042975902557373 1.4284595251083374 2.0132365226745605
      vertex 2.385179281234741 1.388739824295044 2.0119378566741943
    endloop
  endfacet
  facet normal -0.8916474969425207 0.4334499757223698 -0.1307128904982776
    outer loop
      vertex 2.366060972213745 1.349020004272461 2.0106394290924072
      vertex 2.3669309616088867 1.3488173484802246 2.004032850265503
      vertex 2.3286943435668945 1.2693778276443481 2.0014357566833496
    endloop
  endfacet
  facet normal -0.8916475303976541 0.43344756918506594 -0.1307206422234911
    outer loop
      vertex 2.3269546031951904 1.2697832584381104 2.014648914337158
      vertex 2.3651909828186035 1.3492227792739868 2.0172460079193115
      vertex 2.366060972213745 1.349020004272461 2.0106394290924072
    endloop
  endfacet
  facet normal -0.8916494671723258 0.4334495211235845 -0.13070095764393933
    outer loop
      vertex 2.3286943435668945 1.2693778276443481 2.0014357566833496
      vertex 2.3269546031951904 1.2697832584381104 2.014648914337158
      vertex 2.366060972213745 1.349020004272461 2.0106394290924072
    endloop
  endfacet
  facet normal -0.8916495941566929 0.4334492573031601 -0.13070096626859276
    outer loop
      vertex 2.250481367111206 1.1109042167663574 2.0094547271728516
      vertex 2.248741626739502 1.1113096475601196 2.02266788482666
      vertex 2.3252146244049072 1.2701886892318726 2.027862071990967
    endloop
  endfacet
  facet normal -0.8916469912388453 0.4334498578645591 -0.13071673087982272
    outer loop
      vertex 2.250481367111206 1.1109042167663574 2.0094547271728516
      vertex 2.3252146244049072 1.2701886892318726 2.027862071990967
      vertex 2.3269546031951904 1.2697832584381104 2.014648914337158
    endloop
  endfacet
  facet normal -0.8916490717170836 0.4334503427129871 -0.13070093078496922
    outer loop
      vertex 2.3269546031951904 1.2697832584381104 2.014648914337158
      vertex 2.3286943435668945 1.2693778276443481 2.0014357566833496
      vertex 2.25222110748291 1.1104987859725952 1.996241569519043
    endloop
  endfacet
  facet normal -0.8916490717170836 0.4334503427129871 -0.13070093078496922
    outer loop
      vertex 2.3269546031951904 1.2697832584381104 2.014648914337158
      vertex 2.25222110748291 1.1104987859725952 1.996241569519043
      vertex 2.250481367111206 1.1109042167663574 2.0094547271728516
    endloop
  endfacet
  facet normal -0.891648927804203 0.4334458344689583 -0.1307168624436943
    outer loop
      vertex 2.1722686290740967 0.9524306058883667 2.0174734592437744
      vertex 2.1913866996765137 0.9921503663063049 2.0187721252441406
      vertex 2.1922566890716553 0.9919476509094238 2.0121655464172363
    endloop
  endfacet
  facet normal -0.8916506953397212 0.43345036718866803 -0.1306897726840185
    outer loop
      vertex 2.1722686290740967 0.9524306058883667 2.0174734592437744
      vertex 2.1922566890716553 0.9919476509094238 2.0121655464172363
      vertex 2.173138380050659 0.9522278904914856 2.010867118835449
    endloop
  endfacet
  facet normal -0.8916487667616224 0.43345027164773464 -0.1307032468647311
    outer loop
      vertex 2.2087652683258057 1.0322755575180054 2.0332837104797363
      vertex 2.247001886367798 1.1117150783538818 2.0358808040618896
      vertex 2.248741626739502 1.1113096475601196 2.02266788482666
    endloop
  endfacet
  facet normal -0.8916489185550169 0.43345066091872864 -0.13070092038232148
    outer loop
      vertex 2.2087652683258057 1.0322755575180054 2.0332837104797363
      vertex 2.248741626739502 1.1113096475601196 2.02266788482666
      vertex 2.2105050086975098 1.0318701267242432 2.0200705528259277
    endloop
  endfacet
  facet normal -0.8916486749469511 0.4334457755440889 -0.13071878261493067
    outer loop
      vertex 2.1913866996765137 0.9921503663063049 2.0187721252441406
      vertex 2.1722686290740967 0.9524306058883667 2.0174734592437744
      vertex 2.1705286502838135 0.9528360962867737 2.030686616897583
    endloop
  endfacet
  facet normal -0.8916492248790632 0.4334500245071407 -0.13070094118760225
    outer loop
      vertex 2.2087652683258057 1.0322755575180054 2.0332837104797363
      vertex 2.2105050086975098 1.0318701267242432 2.0200705528259277
      vertex 2.1913866996765137 0.9921503663063049 2.0187721252441406
    endloop
  endfacet
  facet normal -0.8916486658395889 0.4334505415420785 -0.13070304029883845
    outer loop
      vertex 2.1705286502838135 0.9528360962867737 2.030686616897583
      vertex 2.2087652683258057 1.0322755575180054 2.0332837104797363
      vertex 2.1913866996765137 0.9921503663063049 2.0187721252441406
    endloop
  endfacet
  facet normal -0.8916478836017816 0.433447651503548 -0.1307179600304511
    outer loop
      vertex 2.0992751121520996 0.7927407026290894 1.9858530759811401
      vertex 2.1375114917755127 0.8721802234649658 1.9884501695632935
      vertex 2.139251470565796 0.8717747926712036 1.9752371311187744
    endloop
  endfacet
  facet normal -0.8916489192413127 0.43345030718097166 -0.13070208881467898
    outer loop
      vertex 2.0992751121520996 0.7927407026290894 1.9858530759811401
      vertex 2.139251470565796 0.8717747926712036 1.9752371311187744
      vertex 2.1010148525238037 0.7923352718353271 1.972640037536621
    endloop
  endfacet
  facet normal -0.8916521968617768 0.43344865662743887 -0.13068520153191054
    outer loop
      vertex 2.1766180992126465 0.9514170289039612 1.984440803527832
      vertex 2.177487850189209 0.9512143135070801 1.9778342247009277
      vertex 2.139251470565796 0.8717747926712036 1.9752371311187744
    endloop
  endfacet
  facet normal -0.891646914648744 0.43345001698671815 -0.13071672567651477
    outer loop
      vertex 2.1375114917755127 0.8721802234649658 1.9884501695632935
      vertex 2.175748109817505 0.9516197443008423 1.9910473823547363
      vertex 2.1766180992126465 0.9514170289039612 1.984440803527832
    endloop
  endfacet
  facet normal -0.891646800432999 0.43344990188204285 -0.1307178864426861
    outer loop
      vertex 2.139251470565796 0.8717747926712036 1.9752371311187744
      vertex 2.1375114917755127 0.8721802234649658 1.9884501695632935
      vertex 2.1766180992126465 0.9514170289039612 1.984440803527832
    endloop
  endfacet
  facet normal -0.8916485139230632 0.43345021272660245 -0.13070516709777083
    outer loop
      vertex 2.0957953929901123 0.7935516238212585 2.0122792720794678
      vertex 2.1340320110321045 0.872991144657135 2.014876365661621
      vertex 2.1357717514038086 0.872585654258728 2.0016634464263916
    endloop
  endfacet
  facet normal -0.8916487156746252 0.43345073010608864 -0.13070207498846334
    outer loop
      vertex 2.0957953929901123 0.7935516238212585 2.0122792720794678
      vertex 2.1357717514038086 0.872585654258728 2.0016634464263916
      vertex 2.0975351333618164 0.7931461930274963 1.9990662336349487
    endloop
  endfacet
  facet normal -0.8916469912388453 0.4334498578645591 -0.13071673087982272
    outer loop
      vertex 2.173138380050659 0.9522278904914856 2.010867118835449
      vertex 2.174008369445801 0.9520251750946045 2.004260540008545
      vertex 2.1357717514038086 0.872585654258728 2.0016634464263916
    endloop
  endfacet
  facet normal -0.8916504152052388 0.4334509491881778 -0.13068975366184127
    outer loop
      vertex 2.1340320110321045 0.872991144657135 2.014876365661621
      vertex 2.1722686290740967 0.9524306058883667 2.0174734592437744
      vertex 2.173138380050659 0.9522278904914856 2.010867118835449
    endloop
  endfacet
  facet normal -0.8916488962871885 0.4334494183359868 -0.1307051930645184
    outer loop
      vertex 2.1357717514038086 0.872585654258728 2.0016634464263916
      vertex 2.1340320110321045 0.872991144657135 2.014876365661621
      vertex 2.173138380050659 0.9522278904914856 2.010867118835449
    endloop
  endfacet
  facet normal -0.8916490717170836 0.4334503427129871 -0.13070093078496922
    outer loop
      vertex 2.1357717514038086 0.872585654258728 2.0016634464263916
      vertex 2.174008369445801 0.9520251750946045 2.004260540008545
      vertex 2.175748109817505 0.9516197443008423 1.9910473823547363
    endloop
  endfacet
  facet normal -0.8916491476085848 0.4334505373452538 -0.13069976757437135
    outer loop
      vertex 2.1357717514038086 0.872585654258728 2.0016634464263916
      vertex 2.175748109817505 0.9516197443008423 1.9910473823547363
      vertex 2.1375114917755127 0.8721802234649658 1.9884501695632935
    endloop
  endfacet
  facet normal -0.8916490206235513 0.43345080116611445 -0.13069975894972136
    outer loop
      vertex 2.0975351333618164 0.7931461930274963 1.9990662336349487
      vertex 2.1357717514038086 0.872585654258728 2.0016634464263916
      vertex 2.1375114917755127 0.8721802234649658 1.9884501695632935
    endloop
  endfacet
  facet normal -0.8916477832567191 0.433447628117089 -0.1307187220448877
    outer loop
      vertex 2.0975351333618164 0.7931461930274963 1.9990662336349487
      vertex 2.1375114917755127 0.8721802234649658 1.9884501695632935
      vertex 2.0992751121520996 0.7927407026290894 1.9858530759811401
    endloop
  endfacet
  facet normal -0.8916487922564078 0.4334505710017298 -0.13070208018988713
    outer loop
      vertex 2.0610384941101074 0.7133012413978577 1.9832559823989868
      vertex 2.0992751121520996 0.7927407026290894 1.9858530759811401
      vertex 2.1010148525238037 0.7923352718353271 1.972640037536621
    endloop
  endfacet
  facet normal -0.891648666406992 0.4334502482613381 -0.13070400903115856
    outer loop
      vertex 2.0610384941101074 0.7133012413978577 1.9832559823989868
      vertex 2.1010148525238037 0.7923352718353271 1.972640037536621
      vertex 2.0627782344818115 0.7128957509994507 1.9700429439544678
    endloop
  endfacet
  facet normal -0.8916489192413127 0.43345030718097166 -0.13070208881467898
    outer loop
      vertex 2.05755877494812 0.7141121029853821 2.0096821784973145
      vertex 2.0957953929901123 0.7935516238212585 2.0122792720794678
      vertex 2.0975351333618164 0.7931461930274963 1.9990662336349487
    endloop
  endfacet
  facet normal -0.8916478836017816 0.433447651503548 -0.1307179600304511
    outer loop
      vertex 2.05755877494812 0.7141121029853821 2.0096821784973145
      vertex 2.0975351333618164 0.7931461930274963 1.9990662336349487
      vertex 2.0592987537384033 0.7137066721916199 1.9964691400527954
    endloop
  endfacet
  facet normal -0.8916477832567191 0.433447628117089 -0.1307187220448877
    outer loop
      vertex 2.0592987537384033 0.7137066721916199 1.9964691400527954
      vertex 2.0975351333618164 0.7931461930274963 1.9990662336349487
      vertex 2.0992751121520996 0.7927407026290894 1.9858530759811401
    endloop
  endfacet
  facet normal -0.8916489447321582 0.4334506065337645 -0.13070092216025306
    outer loop
      vertex 2.0592987537384033 0.7137066721916199 1.9964691400527954
      vertex 2.0992751121520996 0.7927407026290894 1.9858530759811401
      vertex 2.0610384941101074 0.7133012413978577 1.9832559823989868
    endloop
  endfacet
  facet normal -0.8916490717170836 0.4334503427129871 -0.13070093078496922
    outer loop
      vertex 2.055819034576416 0.7145175337791443 2.022895336151123
      vertex 2.094055652618408 0.7939570546150208 2.0254924297332764
      vertex 2.0957953929901123 0.7935516238212585 2.0122792720794678
    endloop
  endfacet
  facet normal -0.8916490717170836 0.4334503427129871 -0.13070093078496922
    outer loop
      vertex 2.055819034576416 0.7145175337791443 2.022895336151123
      vertex 2.0957953929901123 0.7935516238212585 2.0122792720794678
      vertex 2.05755877494812 0.7141121029853821 2.0096821784973145
    endloop
  endfacet
  facet normal -0.8916493711838864 0.43344800075540685 -0.13070665441560542
    outer loop
      vertex 2.4591410160064697 1.5323511362075806 1.9836333990097046
      vertex 2.479900598526001 1.5875412225723267 2.0250372886657715
      vertex 2.4851200580596924 1.58632493019104 1.9853979349136353
    endloop
  endfacet
  facet normal -0.8916479283531411 0.4334512179492924 -0.1307058281861478
    outer loop
      vertex 2.4046998023986816 1.4239662885665894 1.9955906867980957
      vertex 2.433161735534668 1.4783772230148315 1.9818687438964844
      vertex 2.407182455062866 1.424403429031372 1.9801042079925537
    endloop
  endfacet
  facet normal -0.8916478835785787 0.43345060426362264 -0.13070816873226318
    outer loop
      vertex 2.4046998023986816 1.4239662885665894 1.9955906867980957
      vertex 2.4591410160064697 1.5323511362075806 1.9836333990097046
      vertex 2.433161735534668 1.4783772230148315 1.9818687438964844
    endloop
  endfacet
  facet normal -0.8916480808715069 0.43345099467773057 -0.13070552815793554
    outer loop
      vertex 2.441664218902588 1.5081018209457397 2.022440195083618
      vertex 2.4591410160064697 1.5323511362075806 1.9836333990097046
      vertex 2.4046998023986816 1.4239662885665894 1.9955906867980957
    endloop
  endfacet
  facet normal -0.8916470223961677 0.43345231626913544 -0.13070836611697653
    outer loop
      vertex 2.368670701980591 1.3484119176864624 1.9908196926116943
      vertex 2.3750526905059814 1.361698865890503 1.9913458824157715
      vertex 2.3771815299987793 1.3620736598968506 1.9780665636062622
    endloop
  endfacet
  facet normal -0.8916462085090657 0.4334536876781597 -0.13070937032061655
    outer loop
      vertex 2.367800712585449 1.3486145734786987 1.9974262714385986
      vertex 2.3729238510131836 1.3613240718841553 2.004625082015991
      vertex 2.3750526905059814 1.361698865890503 1.9913458824157715
    endloop
  endfacet
  facet normal -0.8916472034435439 0.4334503677937062 -0.13071359244856015
    outer loop
      vertex 2.38757061958313 1.392426609992981 2.0078511238098145
      vertex 2.385179281234741 1.388739824295044 2.0119378566741943
      vertex 2.402217388153076 1.4235291481018066 2.0110769271850586
    endloop
  endfacet
  facet normal -0.8916507873042144 0.43344870977510414 -0.13069464217813878
    outer loop
      vertex 2.4046998023986816 1.4239662885665894 1.9955906867980957
      vertex 2.402217388153076 1.4235291481018066 2.0110769271850586
      vertex 2.441664218902588 1.5081018209457397 2.022440195083618
    endloop
  endfacet
  facet normal -0.8916477091735424 0.4334500251832978 -0.1307112787565494
    outer loop
      vertex 2.3304340839385986 1.268972396850586 1.988222599029541
      vertex 2.368670701980591 1.3484119176864624 1.9908196926116943
      vertex 2.3771815299987793 1.3620736598968506 1.9780665636062622
    endloop
  endfacet
  facet normal -0.8916473429715425 0.43344931016784627 -0.13071614776609197
    outer loop
      vertex 2.3304340839385986 1.268972396850586 1.988222599029541
      vertex 2.3771815299987793 1.3620736598968506 1.9780665636062622
      vertex 2.3269307613372803 1.2576736211776733 1.9746533632278442
    endloop
  endfacet
  facet normal -0.8916464050078926 0.43345079400517506 -0.13071762548633054
    outer loop
      vertex 2.3304340839385986 1.268972396850586 1.988222599029541
      vertex 2.3269307613372803 1.2576736211776733 1.9746533632278442
      vertex 2.276679754257202 1.153273582458496 1.9712402820587158
    endloop
  endfacet
  facet normal -0.8916486981923274 0.43344996624898263 -0.13070472742285832
    outer loop
      vertex 2.25222110748291 1.1104987859725952 1.996241569519043
      vertex 2.3304340839385986 1.268972396850586 1.988222599029541
      vertex 2.276679754257202 1.153273582458496 1.9712402820587158
    endloop
  endfacet
  facet normal -0.8916533407544481 0.4334451118344935 -0.13068915390427513
    outer loop
      vertex 2.3669309616088867 1.3488173484802246 2.004032850265503
      vertex 2.3729238510131836 1.3613240718841553 2.004625082015991
      vertex 2.367800712585449 1.3486145734786987 1.9974262714385986
    endloop
  endfacet
  facet normal -0.8916500516696769 0.4334446680139211 -0.13071306410517805
    outer loop
      vertex 2.366060972213745 1.349020004272461 2.0106394290924072
      vertex 2.3729238510131836 1.3613240718841553 2.004625082015991
      vertex 2.3669309616088867 1.3488173484802246 2.004032850265503
    endloop
  endfacet
  facet normal -0.8916490717170836 0.4334503427129871 -0.13070093078496922
    outer loop
      vertex 2.3286943435668945 1.2693778276443481 2.0014357566833496
      vertex 2.3304340839385986 1.268972396850586 1.988222599029541
      vertex 2.25222110748291 1.1104987859725952 1.996241569519043
    endloop
  endfacet
  facet normal -0.8916469456625028 0.4334511587378148 -0.13071272807028203
    outer loop
      vertex 2.3729238510131836 1.3613240718841553 2.004625082015991
      vertex 2.385179281234741 1.388739824295044 2.0119378566741943
      vertex 2.38757061958313 1.392426609992981 2.0078511238098145
    endloop
  endfacet
  facet normal -0.8916487650150247 0.4334496415664027 -0.13070534829584549
    outer loop
      vertex 2.25222110748291 1.1104987859725952 1.996241569519043
      vertex 2.276679754257202 1.153273582458496 1.9712402820587158
      vertex 2.226428985595703 1.0488735437393188 1.9678270816802979
    endloop
  endfacet
  facet normal -0.8916464238877774 0.43345220508029936 -0.13071281757794134
    outer loop
      vertex 2.368670701980591 1.3484119176864624 1.9908196926116943
      vertex 2.367800712585449 1.3486145734786987 1.9974262714385986
      vertex 2.3750526905059814 1.361698865890503 1.9913458824157715
    endloop
  endfacet
  facet normal -0.8916477821455333 0.4334482146874752 -0.13071678461158703
    outer loop
      vertex 2.4399242401123047 1.508507251739502 2.0356533527374268
      vertex 2.479900598526001 1.5875412225723267 2.0250372886657715
      vertex 2.441664218902588 1.5081018209457397 2.022440195083618
    endloop
  endfacet
  facet normal -0.8916490043061749 0.43344849951191317 -0.13070750319196622
    outer loop
      vertex 2.441664218902588 1.5081018209457397 2.022440195083618
      vertex 2.479900598526001 1.5875412225723267 2.0250372886657715
      vertex 2.4591410160064697 1.5323511362075806 1.9836333990097046
    endloop
  endfacet
  facet normal -0.8916464855220542 0.43344974000030284 -0.13072057125731626
    outer loop
      vertex 2.441664218902588 1.5081018209457397 2.022440195083618
      vertex 2.4042975902557373 1.4284595251083374 2.0132365226745605
      vertex 2.4034276008605957 1.4286623001098633 2.019843101501465
    endloop
  endfacet
  facet normal -0.8916503203501798 0.43344885520659265 -0.13069734557180548
    outer loop
      vertex 2.441664218902588 1.5081018209457397 2.022440195083618
      vertex 2.402217388153076 1.4235291481018066 2.0110769271850586
      vertex 2.4042975902557373 1.4284595251083374 2.0132365226745605
    endloop
  endfacet
  facet normal -0.8916492248790632 0.4334500245071407 -0.13070094118760225
    outer loop
      vertex 2.4381844997406006 1.5089126825332642 2.0488665103912354
      vertex 2.4746813774108887 1.5887576341629028 2.064676523208618
      vertex 2.4399242401123047 1.508507251739502 2.0356533527374268
    endloop
  endfacet
  facet normal -0.89164868325363 0.4334505254365706 -0.13070297491193017
    outer loop
      vertex 2.479900598526001 1.5875412225723267 2.0250372886657715
      vertex 2.4399242401123047 1.508507251739502 2.0356533527374268
      vertex 2.4746813774108887 1.5887576341629028 2.064676523208618
    endloop
  endfacet
  facet normal -0.891649176731213 0.433447952868854 -0.1307081397172709
    outer loop
      vertex 2.3999481201171875 1.4294731616973877 2.046269416809082
      vertex 2.4173264503479004 1.4695982933044434 2.0607810020446777
      vertex 2.4381844997406006 1.5089126825332642 2.0488665103912354
    endloop
  endfacet
  facet normal -0.8916491726809488 0.4334500526667128 -0.13070120389882925
    outer loop
      vertex 2.4746813774108887 1.5887576341629028 2.064676523208618
      vertex 2.4381844997406006 1.5089126825332642 2.0488665103912354
      vertex 2.4173264503479004 1.4695982933044434 2.0607810020446777
    endloop
  endfacet
  facet normal -0.891649288365913 0.4334494524740451 -0.13070240512902395
    outer loop
      vertex 2.3729238510131836 1.3613240718841553 2.004625082015991
      vertex 2.366060972213745 1.349020004272461 2.0106394290924072
      vertex 2.385179281234741 1.388739824295044 2.0119378566741943
    endloop
  endfacet
  facet normal -0.8916490717170836 0.4334503427129871 -0.13070093078496922
    outer loop
      vertex 2.4016878604888916 1.4290677309036255 2.0330562591552734
      vertex 2.3634512424468994 1.349628210067749 2.03045916557312
      vertex 2.3999481201171875 1.4294731616973877 2.046269416809082
    endloop
  endfacet
  facet normal -0.8916482108594611 0.43344884613661694 -0.13071176631794598
    outer loop
      vertex 2.4173264503479004 1.4695982933044434 2.0607810020446777
      vertex 2.3999481201171875 1.4294731616973877 2.046269416809082
      vertex 2.359971761703491 1.3504390716552734 2.056885242462158
    endloop
  endfacet
  facet normal -0.891648842659618 0.4334504662852666 -0.1307020836132648
    outer loop
      vertex 2.359971761703491 1.3504390716552734 2.056885242462158
      vertex 2.3999481201171875 1.4294731616973877 2.046269416809082
      vertex 2.3634512424468994 1.349628210067749 2.03045916557312
    endloop
  endfacet
  facet normal -0.8916491541891071 0.4334490501674912 -0.13070465463306985
    outer loop
      vertex 2.247001886367798 1.1117150783538818 2.0358808040618896
      vertex 2.302616834640503 1.2312798500061035 2.0529897212982178
      vertex 2.3252146244049072 1.2701886892318726 2.027862071990967
    endloop
  endfacet
  facet normal -0.8916492892009704 0.4334491862382597 -0.13070328234897133
    outer loop
      vertex 2.248741626739502 1.1113096475601196 2.02266788482666
      vertex 2.247001886367798 1.1117150783538818 2.0358808040618896
      vertex 2.3252146244049072 1.2701886892318726 2.027862071990967
    endloop
  endfacet
  facet normal -0.8916488856392254 0.4334503769918726 -0.13070208653243184
    outer loop
      vertex 2.302616834640503 1.2312798500061035 2.0529897212982178
      vertex 2.359971761703491 1.3504390716552734 2.056885242462158
      vertex 2.3634512424468994 1.349628210067749 2.03045916557312
    endloop
  endfacet
  facet normal -0.891648869063997 0.4334502954878913 -0.1307024699015077
    outer loop
      vertex 2.302616834640503 1.2312798500061035 2.0529897212982178
      vertex 2.3634512424468994 1.349628210067749 2.03045916557312
      vertex 2.3252146244049072 1.2701886892318726 2.027862071990967
    endloop
  endfacet
  facet normal -0.8916500057075697 0.43344840227115383 -0.13070099422068265
    outer loop
      vertex 2.248741626739502 1.1113096475601196 2.02266788482666
      vertex 2.250481367111206 1.1109042167663574 2.0094547271728516
      vertex 2.2178008556365967 1.0456104278564453 2.015866994857788
    endloop
  endfacet
  facet normal -0.8916481949223307 0.43345107912214415 -0.13070447008269429
    outer loop
      vertex 2.385179281234741 1.388739824295044 2.0119378566741943
      vertex 2.4042975902557373 1.4284595251083374 2.0132365226745605
      vertex 2.402217388153076 1.4235291481018066 2.0110769271850586
    endloop
  endfacet
  facet normal -0.8916500058224168 0.433448303679862 -0.13070132039858762
    outer loop
      vertex 2.226428985595703 1.0488735437393188 1.9678270816802979
      vertex 2.2178008556365967 1.0456104278564453 2.015866994857788
      vertex 2.25222110748291 1.1104987859725952 1.996241569519043
    endloop
  endfacet
  facet normal -0.8916476346531328 0.43344971272822086 -0.1307128232167608
    outer loop
      vertex 2.1906564235687256 0.9806879162788391 1.9857416152954102
      vertex 2.1942665576934814 0.9820531606674194 1.9656425714492798
      vertex 2.177487850189209 0.9512143135070801 1.9778342247009277
    endloop
  endfacet
  facet normal -0.8916495397354379 0.4334502594741443 -0.13069801395346015
    outer loop
      vertex 2.1942665576934814 0.9820531606674194 1.9656425714492798
      vertex 2.1388680934906006 0.866958498954773 1.9618797302246094
      vertex 2.139251470565796 0.8717747926712036 1.9752371311187744
    endloop
  endfacet
  facet normal -0.8916478335247857 0.43344763983260065 -0.1307183403126885
    outer loop
      vertex 2.1942665576934814 0.9820531606674194 1.9656425714492798
      vertex 2.139251470565796 0.8717747926712036 1.9752371311187744
      vertex 2.177487850189209 0.9512143135070801 1.9778342247009277
    endloop
  endfacet
  facet normal -0.8916538943682859 0.43344512989814427 -0.130685316793627
    outer loop
      vertex 2.1766180992126465 0.9514170289039612 1.984440803527832
      vertex 2.1906564235687256 0.9806879162788391 1.9857416152954102
      vertex 2.177487850189209 0.9512143135070801 1.9778342247009277
    endloop
  endfacet
  facet normal -0.8916509999780929 0.4334463365809402 -0.13070106175019908
    outer loop
      vertex 2.174008369445801 0.9520251750946045 2.004260540008545
      vertex 2.187046527862549 0.9793227314949036 2.00584077835083
      vertex 2.175748109817505 0.9516197443008423 1.9910473823547363
    endloop
  endfacet
  facet normal -0.8916502120392402 0.4334472565226251 -0.13070338627360661
    outer loop
      vertex 2.1906564235687256 0.9806879162788391 1.9857416152954102
      vertex 2.175748109817505 0.9516197443008423 1.9910473823547363
      vertex 2.187046527862549 0.9793227314949036 2.00584077835083
    endloop
  endfacet
  facet normal -0.8916514396393408 0.4334480509393691 -0.13069237669410297
    outer loop
      vertex 2.1922566890716553 0.9919476509094238 2.0121655464172363
      vertex 2.202423572540283 1.012466549873352 2.0108537673950195
      vertex 2.187046527862549 0.9793227314949036 2.00584077835083
    endloop
  endfacet
  facet normal -0.891649585805135 0.4334444674001156 -0.13071690714579162
    outer loop
      vertex 2.175748109817505 0.9516197443008423 1.9910473823547363
      vertex 2.1906564235687256 0.9806879162788391 1.9857416152954102
      vertex 2.1766180992126465 0.9514170289039612 1.984440803527832
    endloop
  endfacet
  facet normal -0.8916487609258511 0.43344618117613354 -0.13071685110658385
    outer loop
      vertex 2.187046527862549 0.9793227314949036 2.00584077835083
      vertex 2.174008369445801 0.9520251750946045 2.004260540008545
      vertex 2.173138380050659 0.9522278904914856 2.010867118835449
    endloop
  endfacet
  facet normal -0.8916500057075697 0.43344840227115383 -0.13070099422068265
    outer loop
      vertex 2.25222110748291 1.1104987859725952 1.996241569519043
      vertex 2.2178008556365967 1.0456104278564453 2.015866994857788
      vertex 2.250481367111206 1.1109042167663574 2.0094547271728516
    endloop
  endfacet
  facet normal -0.891649447309549 0.43345043023742974 -0.13069807817853749
    outer loop
      vertex 2.1388680934906006 0.866958498954773 1.9618797302246094
      vertex 2.1010148525238037 0.7923352718353271 1.972640037536621
      vertex 2.139251470565796 0.8717747926712036 1.9752371311187744
    endloop
  endfacet
  facet normal -0.8916494046660471 0.43345030838582493 -0.13069877321121723
    outer loop
      vertex 2.0834696292877197 0.7518638968467712 1.9581170082092285
      vertex 2.1010148525238037 0.7923352718353271 1.972640037536621
      vertex 2.1388680934906006 0.866958498954773 1.9618797302246094
    endloop
  endfacet
  facet normal -0.8916493188743725 0.43344841949172536 -0.13070562264490634
    outer loop
      vertex 2.028071403503418 0.6367692351341248 1.9543542861938477
      vertex 2.0627782344818115 0.7128957509994507 1.9700429439544678
      vertex 2.0834696292877197 0.7518638968467712 1.9581170082092285
    endloop
  endfacet
  facet normal -0.891649307593837 0.43345039767964727 -0.13069913931922703
    outer loop
      vertex 2.0834696292877197 0.7518638968467712 1.9581170082092285
      vertex 2.0627782344818115 0.7128957509994507 1.9700429439544678
      vertex 2.1010148525238037 0.7923352718353271 1.972640037536621
    endloop
  endfacet
  facet normal -0.8916486420576899 0.4334512353620512 -0.13070090160281722
    outer loop
      vertex 2.0592987537384033 0.7137066721916199 1.9964691400527954
      vertex 2.0610384941101074 0.7133012413978577 1.9832559823989868
      vertex 2.0219569206237793 0.6361263394355774 1.993932843208313
    endloop
  endfacet
  facet normal -0.8916484451941565 0.4334507078470125 -0.13070399400847296
    outer loop
      vertex 2.0627782344818115 0.7128957509994507 1.9700429439544678
      vertex 2.0219569206237793 0.6361263394355774 1.993932843208313
      vertex 2.0610384941101074 0.7133012413978577 1.9832559823989868
    endloop
  endfacet
  facet normal -0.8916484669626321 0.4334489002248477 -0.13070983993968452
    outer loop
      vertex 2.0219569206237793 0.6361263394355774 1.993932843208313
      vertex 2.0627782344818115 0.7128957509994507 1.9700429439544678
      vertex 2.028071403503418 0.6367692351341248 1.9543542861938477
    endloop
  endfacet
  facet normal -0.8916464090723927 0.4334507149646438 -0.1307178598545223
    outer loop
      vertex 2.0219569206237793 0.6361263394355774 1.993932843208313
      vertex 2.05755877494812 0.7141121029853821 2.0096821784973145
      vertex 2.0592987537384033 0.7137066721916199 1.9964691400527954
    endloop
  endfacet
  facet normal -0.8916438183416442 0.4334553116330988 -0.1307202892828278
    outer loop
      vertex 2.2105050086975098 1.0318701267242432 2.0200705528259277
      vertex 2.2178008556365967 1.0456104278564453 2.015866994857788
      vertex 2.202423572540283 1.012466549873352 2.0108537673950195
    endloop
  endfacet
  facet normal -0.8916471444189829 0.43344953962016236 -0.1307167412864277
    outer loop
      vertex 2.1913866996765137 0.9921503663063049 2.0187721252441406
      vertex 2.2105050086975098 1.0318701267242432 2.0200705528259277
      vertex 2.1922566890716553 0.9919476509094238 2.0121655464172363
    endloop
  endfacet
  facet normal -0.8916496118900477 0.43345011470037437 -0.13069800183078395
    outer loop
      vertex 2.187046527862549 0.9793227314949036 2.00584077835083
      vertex 2.173138380050659 0.9522278904914856 2.010867118835449
      vertex 2.1922566890716553 0.9919476509094238 2.0121655464172363
    endloop
  endfacet
  facet normal -0.8916509585239717 0.4334474821036125 -0.1306975455826196
    outer loop
      vertex 2.2105050086975098 1.0318701267242432 2.0200705528259277
      vertex 2.202423572540283 1.012466549873352 2.0108537673950195
      vertex 2.1922566890716553 0.9919476509094238 2.0121655464172363
    endloop
  endfacet
  facet normal -0.8916498019052067 0.43344882568818227 -0.13070098037865477
    outer loop
      vertex 2.302616834640503 1.2312798500061035 2.0529897212982178
      vertex 2.247001886367798 1.1117150783538818 2.0358808040618896
      vertex 2.2452621459960938 1.112120509147644 2.0490939617156982
    endloop
  endfacet
  facet normal -0.8916489713630907 0.43345031932714473 -0.1307016929589613
    outer loop
      vertex 2.247001886367798 1.1117150783538818 2.0358808040618896
      vertex 2.2087652683258057 1.0322755575180054 2.0332837104797363
      vertex 2.1879072189331055 0.9929612874984741 2.045198440551758
    endloop
  endfacet
  facet normal -0.8916490381145341 0.43345041252484157 -0.1307009285027111
    outer loop
      vertex 2.247001886367798 1.1117150783538818 2.0358808040618896
      vertex 2.1879072189331055 0.9929612874984741 2.045198440551758
      vertex 2.2452621459960938 1.112120509147644 2.0490939617156982
    endloop
  endfacet
  facet normal -0.8916489707914086 0.4334506126064252 -0.13070072424335236
    outer loop
      vertex 2.1705286502838135 0.9528360962867737 2.030686616897583
      vertex 2.1879072189331055 0.9929612874984741 2.045198440551758
      vertex 2.2087652683258057 1.0322755575180054 2.0332837104797363
    endloop
  endfacet
  facet normal -0.8916438503108199 0.4334494797854275 -0.13073940751219018
    outer loop
      vertex 2.2105050086975098 1.0318701267242432 2.0200705528259277
      vertex 2.248741626739502 1.1113096475601196 2.02266788482666
      vertex 2.2178008556365967 1.0456104278564453 2.015866994857788
    endloop
  endfacet
  facet normal -0.8916466113974655 0.4334500627537163 -0.13071864244328918
    outer loop
      vertex 2.1340320110321045 0.872991144657135 2.014876365661621
      vertex 2.1705286502838135 0.9528360962867737 2.030686616897583
      vertex 2.1722686290740967 0.9524306058883667 2.0174734592437744
    endloop
  endfacet
  facet normal -0.891648553943474 0.4334490148935607 -0.13070886633397694
    outer loop
      vertex 2.094055652618408 0.7939570546150208 2.0254924297332764
      vertex 2.1705286502838135 0.9528360962867737 2.030686616897583
      vertex 2.1340320110321045 0.872991144657135 2.014876365661621
    endloop
  endfacet
  facet normal -0.8916490717170836 0.4334503427129871 -0.13070093078496922
    outer loop
      vertex 2.0957953929901123 0.7935516238212585 2.0122792720794678
      vertex 2.094055652618408 0.7939570546150208 2.0254924297332764
      vertex 2.1340320110321045 0.872991144657135 2.014876365661621
    endloop
  endfacet
  facet normal -0.891648922119232 0.4334488162795671 -0.1307070133904597
    outer loop
      vertex 2.073197603225708 0.7546427249908447 2.0374069213867188
      vertex 2.130552291870117 0.8738020062446594 2.0413026809692383
      vertex 2.094055652618408 0.7939570546150208 2.0254924297332764
    endloop
  endfacet
  facet normal -0.891648553943474 0.4334490148935607 -0.13070886633397694
    outer loop
      vertex 2.1705286502838135 0.9528360962867737 2.030686616897583
      vertex 2.094055652618408 0.7939570546150208 2.0254924297332764
      vertex 2.130552291870117 0.8738020062446594 2.0413026809692383
    endloop
  endfacet
  facet normal -0.8916490211213068 0.43345021295588154 -0.1307017062701024
    outer loop
      vertex 2.0158426761627197 0.63548344373703 2.0335114002227783
      vertex 2.073197603225708 0.7546427249908447 2.0374069213867188
      vertex 2.055819034576416 0.7145175337791443 2.022895336151123
    endloop
  endfacet
  facet normal -0.8916489192413127 0.43345030718097166 -0.13070208881467898
    outer loop
      vertex 2.094055652618408 0.7939570546150208 2.0254924297332764
      vertex 2.055819034576416 0.7145175337791443 2.022895336151123
      vertex 2.073197603225708 0.7546427249908447 2.0374069213867188
    endloop
  endfacet
  facet normal -0.8916490717170836 0.4334503427129871 -0.13070093078496922
    outer loop
      vertex 2.05755877494812 0.7141121029853821 2.0096821784973145
      vertex 2.0158426761627197 0.63548344373703 2.0335114002227783
      vertex 2.055819034576416 0.7145175337791443 2.022895336151123
    endloop
  endfacet
  facet normal -0.8916490738464804 0.4334492449224125 -0.13070455686357724
    outer loop
      vertex 2.0158426761627197 0.63548344373703 2.0335114002227783
      vertex 2.05755877494812 0.7141121029853821 2.0096821784973145
      vertex 2.0219569206237793 0.6361263394355774 1.993932843208313
    endloop
  endfacet
  facet normal -0.8916491223117062 0.4334504724682838 -0.13070015530895707
    outer loop
      vertex 2.1879072189331055 0.9929612874984741 2.045198440551758
      vertex 2.1705286502838135 0.9528360962867737 2.030686616897583
      vertex 2.130552291870117 0.8738020062446594 2.0413026809692383
    endloop
  endfacet
  facet normal 0.8916488987244335 -0.4334507021182401 0.13070091903544315
    outer loop
      vertex 2.1375584602355957 0.7351220846176147 1.992661952972412
      vertex 2.0978002548217773 0.6525214314460754 1.9899615049362183
      vertex 2.0995399951934814 0.6521160006523132 1.9767483472824097
    endloop
  endfacet
  facet normal 0.8916488987244335 -0.4334507021182401 0.13070091903544315
    outer loop
      vertex 2.1375584602355957 0.7351220846176147 1.992661952972412
      vertex 2.0995399951934814 0.6521160006523132 1.9767483472824097
      vertex 2.1392982006073 0.7347166538238525 1.9794487953186035
    endloop
  endfacet
  facet normal 0.8916468667121501 -0.4334501165788507 0.13071672241984134
    outer loop
      vertex 2.1340787410736084 0.7359330058097839 2.0190882682800293
      vertex 2.09432053565979 0.6533322930335999 2.016387701034546
      vertex 2.0960605144500732 0.6529268622398376 2.0031745433807373
    endloop
  endfacet
  facet normal 0.8916495771352576 -0.43344870847484773 0.13070290247734703
    outer loop
      vertex 2.1340787410736084 0.7359330058097839 2.0190882682800293
      vertex 2.0960605144500732 0.6529268622398376 2.0031745433807373
      vertex 2.1358184814453125 0.735527515411377 2.0058751106262207
    endloop
  endfacet
  facet normal 0.8916496774891445 -0.4334487318595877 0.13070214031460978
    outer loop
      vertex 2.1358184814453125 0.735527515411377 2.0058751106262207
      vertex 2.0960605144500732 0.6529268622398376 2.0031745433807373
      vertex 2.0978002548217773 0.6525214314460754 1.9899615049362183
    endloop
  endfacet
  facet normal 0.8916468182463588 -0.4334502172704051 0.13071671912721491
    outer loop
      vertex 2.1358184814453125 0.735527515411377 2.0058751106262207
      vertex 2.0978002548217773 0.6525214314460754 1.9899615049362183
      vertex 2.1375584602355957 0.7351220846176147 1.992661952972412
    endloop
  endfacet
  facet normal 0.8916489471993779 -0.4334506014079308 0.13070092232782474
    outer loop
      vertex 2.1323390007019043 0.7363384366035461 2.032301425933838
      vertex 2.092580795288086 0.6537377238273621 2.0296008586883545
      vertex 2.09432053565979 0.6533322930335999 2.016387701034546
    endloop
  endfacet
  facet normal 0.8916489471993779 -0.4334506014079308 0.13070092232782474
    outer loop
      vertex 2.1323390007019043 0.7363384366035461 2.032301425933838
      vertex 2.09432053565979 0.6533322930335999 2.016387701034546
      vertex 2.1340787410736084 0.7359330058097839 2.0190882682800293
    endloop
  endfacet
  facet normal 0.891650978985552 -0.43345118685815076 0.1306851188367173
    outer loop
      vertex 2.217944383621216 0.900120735168457 1.9914562702178955
      vertex 2.2170746326446533 0.9003234505653381 1.9980628490447998
      vertex 2.177316427230835 0.8177227973937988 1.995362401008606
    endloop
  endfacet
  facet normal 0.8916468182463588 -0.4334502172704051 0.13071671912721491
    outer loop
      vertex 2.179056167602539 0.8173173666000366 1.9821492433547974
      vertex 2.2188143730163574 0.8999180197715759 1.9848496913909912
      vertex 2.217944383621216 0.900120735168457 1.9914562702178955
    endloop
  endfacet
  facet normal 0.8916494011704769 -0.43344965824775455 0.13070095316115618
    outer loop
      vertex 2.177316427230835 0.8177227973937988 1.995362401008606
      vertex 2.179056167602539 0.8173173666000366 1.9821492433547974
      vertex 2.217944383621216 0.900120735168457 1.9914562702178955
    endloop
  endfacet
  facet normal 0.8916500257400202 -0.4334483606519789 0.13070099558126339
    outer loop
      vertex 2.177316427230835 0.8177227973937988 1.995362401008606
      vertex 2.1375584602355957 0.7351220846176147 1.992661952972412
      vertex 2.1392982006073 0.7347166538238525 1.9794487953186035
    endloop
  endfacet
  facet normal 0.8916500257400202 -0.4334483606519789 0.13070099558126339
    outer loop
      vertex 2.177316427230835 0.8177227973937988 1.995362401008606
      vertex 2.1392982006073 0.7347166538238525 1.9794487953186035
      vertex 2.179056167602539 0.8173173666000366 1.9821492433547974
    endloop
  endfacet
  facet normal 0.8916498299658172 -0.4334487673898678 0.1307009822845009
    outer loop
      vertex 2.213594913482666 0.9011343121528625 2.024489164352417
      vertex 2.1738369464874268 0.8185336589813232 2.0217885971069336
      vertex 2.175576686859131 0.818128228187561 2.008575439453125
    endloop
  endfacet
  facet normal 0.8916498299658172 -0.4334487673898678 0.1307009822845009
    outer loop
      vertex 2.213594913482666 0.9011343121528625 2.024489164352417
      vertex 2.175576686859131 0.818128228187561 2.008575439453125
      vertex 2.21533465385437 0.9007288813591003 2.0112760066986084
    endloop
  endfacet
  facet normal 0.8916487195455646 -0.43345049018393117 0.13070284423861975
    outer loop
      vertex 2.1738369464874268 0.8185336589813232 2.0217885971069336
      vertex 2.1340787410736084 0.7359330058097839 2.0190882682800293
      vertex 2.1358184814453125 0.735527515411377 2.0058751106262207
    endloop
  endfacet
  facet normal 0.8916490944997979 -0.43345029538015606 0.13070093233235258
    outer loop
      vertex 2.1738369464874268 0.8185336589813232 2.0217885971069336
      vertex 2.1358184814453125 0.735527515411377 2.0058751106262207
      vertex 2.175576686859131 0.818128228187561 2.008575439453125
    endloop
  endfacet
  facet normal 0.891647014030033 -0.43344981051400094 0.1307167324281891
    outer loop
      vertex 2.175576686859131 0.818128228187561 2.008575439453125
      vertex 2.1358184814453125 0.735527515411377 2.0058751106262207
      vertex 2.1375584602355957 0.7351220846176147 1.992661952972412
    endloop
  endfacet
  facet normal 0.8916498732639744 -0.43344832512036024 0.13070215361153373
    outer loop
      vertex 2.175576686859131 0.818128228187561 2.008575439453125
      vertex 2.1375584602355957 0.7351220846176147 1.992661952972412
      vertex 2.177316427230835 0.8177227973937988 1.995362401008606
    endloop
  endfacet
  facet normal 0.8916477494743216 -0.43344828256489526 0.13071678239201015
    outer loop
      vertex 2.2162046432495117 0.9005261659622192 2.004669427871704
      vertex 2.21533465385437 0.9007288813591003 2.0112760066986084
      vertex 2.175576686859131 0.818128228187561 2.008575439453125
    endloop
  endfacet
  facet normal 0.8916468182463588 -0.4334502172704051 0.13071671912721491
    outer loop
      vertex 2.177316427230835 0.8177227973937988 1.995362401008606
      vertex 2.2170746326446533 0.9003234505653381 1.9980628490447998
      vertex 2.2162046432495117 0.9005261659622192 2.004669427871704
    endloop
  endfacet
  facet normal 0.8916492118691625 -0.43344969922370263 0.13070210868988685
    outer loop
      vertex 2.175576686859131 0.818128228187561 2.008575439453125
      vertex 2.177316427230835 0.8177227973937988 1.995362401008606
      vertex 2.2162046432495117 0.9005261659622192 2.004669427871704
    endloop
  endfacet
  facet normal 0.8916488987244335 -0.4334507021182401 0.13070091903544315
    outer loop
      vertex 2.3743672370910645 1.2311315536499023 2.022077798843384
      vertex 2.3726274967193604 1.2315369844436646 2.0352909564971924
      vertex 2.2931110858917236 1.066335678100586 2.0298900604248047
    endloop
  endfacet
  facet normal 0.8916473206900574 -0.433449173402082 0.1307167532617517
    outer loop
      vertex 2.3743672370910645 1.2311315536499023 2.022077798843384
      vertex 2.2931110858917236 1.066335678100586 2.0298900604248047
      vertex 2.294851064682007 1.0659302473068237 2.016676902770996
    endloop
  endfacet
  facet normal 0.8916494011704769 -0.43344965824775455 0.13070095316115618
    outer loop
      vertex 2.294851064682007 1.0659302473068237 2.016676902770996
      vertex 2.296590805053711 1.0655248165130615 2.0034637451171875
      vertex 2.3761069774627686 1.2307261228561401 2.008864641189575
    endloop
  endfacet
  facet normal 0.8916494011704769 -0.43344965824775455 0.13070095316115618
    outer loop
      vertex 2.294851064682007 1.0659302473068237 2.016676902770996
      vertex 2.3761069774627686 1.2307261228561401 2.008864641189575
      vertex 2.3743672370910645 1.2311315536499023 2.022077798843384
    endloop
  endfacet
  facet normal 0.8916524346879888 -0.433446994271468 0.13068909239876098
    outer loop
      vertex 2.435744047164917 1.3546271324157715 2.0129153728485107
      vertex 2.415865182876587 1.3133268356323242 2.0115652084350586
      vertex 2.4167349338531494 1.3131240606307983 2.0049586296081543
    endloop
  endfacet
  facet normal 0.891647763979737 -0.4334494209288004 0.13071290864494914
    outer loop
      vertex 2.435744047164917 1.3546271324157715 2.0129153728485107
      vertex 2.4167349338531494 1.3131240606307983 2.0049586296081543
      vertex 2.4366140365600586 1.3544244766235352 2.0063087940216064
    endloop
  endfacet
  facet normal 0.891647763979737 -0.4334494209288004 0.13071290864494914
    outer loop
      vertex 2.4366140365600586 1.3544244766235352 2.0063087940216064
      vertex 2.4167349338531494 1.3131240606307983 2.0049586296081543
      vertex 2.417604923248291 1.312921404838562 1.99835205078125
    endloop
  endfacet
  facet normal 0.891646264065307 -0.43345020009325463 0.13072055621629802
    outer loop
      vertex 2.4366140365600586 1.3544244766235352 2.0063087940216064
      vertex 2.417604923248291 1.312921404838562 1.99835205078125
      vertex 2.4374840259552 1.3542217016220093 1.9997022151947021
    endloop
  endfacet
  facet normal 0.8916505218569966 -0.4334509683221969 0.13068896255114948
    outer loop
      vertex 2.4167349338531494 1.3131240606307983 2.0049586296081543
      vertex 2.415865182876587 1.3133268356323242 2.0115652084350586
      vertex 2.3761069774627686 1.2307261228561401 2.008864641189575
    endloop
  endfacet
  facet normal 0.8916474460749918 -0.43345008140408714 0.13071288704154166
    outer loop
      vertex 2.3778467178344727 1.230320692062378 1.9956516027450562
      vertex 2.417604923248291 1.312921404838562 1.99835205078125
      vertex 2.4167349338531494 1.3131240606307983 2.0049586296081543
    endloop
  endfacet
  facet normal 0.8916492118691625 -0.43344969922370263 0.13070210868988685
    outer loop
      vertex 2.3761069774627686 1.2307261228561401 2.008864641189575
      vertex 2.3778467178344727 1.230320692062378 1.9956516027450562
      vertex 2.4167349338531494 1.3131240606307983 2.0049586296081543
    endloop
  endfacet
  facet normal 0.8916504248928895 -0.4334511697712608 0.1306889559689541
    outer loop
      vertex 2.4374840259552 1.3542217016220093 1.9997022151947021
      vertex 2.417604923248291 1.312921404838562 1.99835205078125
      vertex 2.4184746742248535 1.3127186298370361 1.9917454719543457
    endloop
  endfacet
  facet normal 0.8916519245973004 -0.4334503904995663 0.13068130829504088
    outer loop
      vertex 2.4374840259552 1.3542217016220093 1.9997022151947021
      vertex 2.4184746742248535 1.3127186298370361 1.9917454719543457
      vertex 2.4383537769317627 1.354019045829773 1.9930956363677979
    endloop
  endfacet
  facet normal 0.891649338749323 -0.433449787932693 0.130700948921569
    outer loop
      vertex 2.434004306793213 1.3550325632095337 2.0261285305023193
      vertex 2.453883409500122 1.3963329792022705 2.0274786949157715
      vertex 2.452143669128418 1.3967384099960327 2.04069185256958
    endloop
  endfacet
  facet normal 0.8916485556478486 -0.4334514148845951 0.13070089573391566
    outer loop
      vertex 2.4123854637145996 1.3141376972198486 2.0379912853240967
      vertex 2.4141252040863037 1.3137322664260864 2.024778127670288
      vertex 2.434004306793213 1.3550325632095337 2.0261285305023193
    endloop
  endfacet
  facet normal 0.8916485418873373 -0.4334505069600052 0.13070400057496243
    outer loop
      vertex 2.452143669128418 1.3967384099960327 2.04069185256958
      vertex 2.4123854637145996 1.3141376972198486 2.0379912853240967
      vertex 2.434004306793213 1.3550325632095337 2.0261285305023193
    endloop
  endfacet
  facet normal 0.8916500993899904 -0.4334482076376564 0.13070100058348239
    outer loop
      vertex 2.4123854637145996 1.3141376972198486 2.0379912853240967
      vertex 2.3726274967193604 1.2315369844436646 2.0352909564971924
      vertex 2.3743672370910645 1.2311315536499023 2.022077798843384
    endloop
  endfacet
  facet normal 0.8916500993899904 -0.4334482076376564 0.13070100058348239
    outer loop
      vertex 2.4123854637145996 1.3141376972198486 2.0379912853240967
      vertex 2.3743672370910645 1.2311315536499023 2.022077798843384
      vertex 2.4141252040863037 1.3137322664260864 2.024778127670288
    endloop
  endfacet
  facet normal 0.8916479145852441 -0.4334476984597772 0.13071759298467522
    outer loop
      vertex 2.4149951934814453 1.31352961063385 2.018171787261963
      vertex 2.4141252040863037 1.3137322664260864 2.024778127670288
      vertex 2.3743672370910645 1.2311315536499023 2.022077798843384
    endloop
  endfacet
  facet normal 0.8916463609928016 -0.4334499987192104 0.1307205627994739
    outer loop
      vertex 2.3761069774627686 1.2307261228561401 2.008864641189575
      vertex 2.415865182876587 1.3133268356323242 2.0115652084350586
      vertex 2.4149951934814453 1.31352961063385 2.018171787261963
    endloop
  endfacet
  facet normal 0.891649571769535 -0.4334493038143289 0.13070096474807943
    outer loop
      vertex 2.3743672370910645 1.2311315536499023 2.022077798843384
      vertex 2.3761069774627686 1.2307261228561401 2.008864641189575
      vertex 2.4149951934814453 1.31352961063385 2.018171787261963
    endloop
  endfacet
  facet normal 0.891647763979737 -0.4334494209288004 0.13071290864494914
    outer loop
      vertex 2.453883409500122 1.3963329792022705 2.0274786949157715
      vertex 2.434004306793213 1.3550325632095337 2.0261285305023193
      vertex 2.4348742961883545 1.3548299074172974 2.019521951675415
    endloop
  endfacet
  facet normal 0.891646264065307 -0.43345020009325463 0.13072055621629802
    outer loop
      vertex 2.453883409500122 1.3963329792022705 2.0274786949157715
      vertex 2.4348742961883545 1.3548299074172974 2.019521951675415
      vertex 2.4547533988952637 1.3961302042007446 2.020872116088867
    endloop
  endfacet
  facet normal 0.8916463708162862 -0.43345090578053 0.13071748807326425
    outer loop
      vertex 2.434004306793213 1.3550325632095337 2.0261285305023193
      vertex 2.4141252040863037 1.3137322664260864 2.024778127670288
      vertex 2.4149951934814453 1.31352961063385 2.018171787261963
    endloop
  endfacet
  facet normal 0.8916472754825692 -0.43345043582445925 0.1307128754488158
    outer loop
      vertex 2.434004306793213 1.3550325632095337 2.0261285305023193
      vertex 2.4149951934814453 1.31352961063385 2.018171787261963
      vertex 2.4348742961883545 1.3548299074172974 2.019521951675415
    endloop
  endfacet
  facet normal 0.891646264065307 -0.43345020009325463 0.13072055621629802
    outer loop
      vertex 2.4348742961883545 1.3548299074172974 2.019521951675415
      vertex 2.4149951934814453 1.31352961063385 2.018171787261963
      vertex 2.415865182876587 1.3133268356323242 2.0115652084350586
    endloop
  endfacet
  facet normal 0.8916524346879888 -0.433446994271468 0.13068909239876098
    outer loop
      vertex 2.4348742961883545 1.3548299074172974 2.019521951675415
      vertex 2.415865182876587 1.3133268356323242 2.0115652084350586
      vertex 2.435744047164917 1.3546271324157715 2.0129153728485107
    endloop
  endfacet
  facet normal 0.8916459694194414 -0.4334508122411478 0.1307205362043536
    outer loop
      vertex 2.4953813552856445 1.4785281419754028 2.0169661045074463
      vertex 2.4755022525787354 1.4372278451919556 2.015615701675415
      vertex 2.476372241973877 1.4370250701904297 2.0090091228485107
    endloop
  endfacet
  facet normal 0.8916536398225375 -0.4334468269643886 0.1306814247922175
    outer loop
      vertex 2.4953813552856445 1.4785281419754028 2.0169661045074463
      vertex 2.476372241973877 1.4370250701904297 2.0090091228485107
      vertex 2.496251106262207 1.4783254861831665 2.010359525680542
    endloop
  endfacet
  facet normal 0.8916465690900998 -0.4334502711868658 0.13071823988214587
    outer loop
      vertex 2.4971210956573486 1.4781227111816406 2.0037529468536377
      vertex 2.4772419929504395 1.4368224143981934 2.0024027824401855
      vertex 2.478111982345581 1.4366196393966675 1.9957960844039917
    endloop
  endfacet
  facet normal 0.8916476166668639 -0.4334497269845049 0.13071289863421925
    outer loop
      vertex 2.4971210956573486 1.4781227111816406 2.0037529468536377
      vertex 2.478111982345581 1.4366196393966675 1.9957960844039917
      vertex 2.4979910850524902 1.4779200553894043 1.9971463680267334
    endloop
  endfacet
  facet normal 0.891646769780496 -0.43345031796207967 0.13071671583458275
    outer loop
      vertex 2.4737625122070312 1.4376332759857178 2.0288288593292236
      vertex 2.4936416149139404 1.478933572769165 2.030179023742676
      vertex 2.4919016361236572 1.4793390035629272 2.0433921813964844
    endloop
  endfacet
  facet normal 0.8916488502494176 -0.4334508028286696 0.1307009157430558
    outer loop
      vertex 2.452143669128418 1.3967384099960327 2.04069185256958
      vertex 2.453883409500122 1.3963329792022705 2.0274786949157715
      vertex 2.4737625122070312 1.4376332759857178 2.0288288593292236
    endloop
  endfacet
  facet normal 0.8916488149319897 -0.4334484726672216 0.1307088840623747
    outer loop
      vertex 2.4919016361236572 1.4793390035629272 2.0433921813964844
      vertex 2.452143669128418 1.3967384099960327 2.04069185256958
      vertex 2.4737625122070312 1.4376332759857178 2.0288288593292236
    endloop
  endfacet
  facet normal 0.8916508263454693 -0.4334512633173697 0.1306859066847608
    outer loop
      vertex 2.494511365890503 1.4787309169769287 2.0235726833343506
      vertex 2.4936416149139404 1.478933572769165 2.030179023742676
      vertex 2.4737625122070312 1.4376332759857178 2.0288288593292236
    endloop
  endfacet
  facet normal 0.8916459694194414 -0.4334508122411478 0.1307205362043536
    outer loop
      vertex 2.4755022525787354 1.4372278451919556 2.015615701675415
      vertex 2.4953813552856445 1.4785281419754028 2.0169661045074463
      vertex 2.494511365890503 1.4787309169769287 2.0235726833343506
    endloop
  endfacet
  facet normal 0.8916500993899904 -0.4334482076376564 0.13070100058348239
    outer loop
      vertex 2.490161895751953 1.479744553565979 2.056605339050293
      vertex 2.450403928756714 1.397143840789795 2.0539050102233887
      vertex 2.452143669128418 1.3967384099960327 2.04069185256958
    endloop
  endfacet
  facet normal 0.8916493494816998 -0.4334485972441654 0.1307048243789298
    outer loop
      vertex 2.490161895751953 1.479744553565979 2.056605339050293
      vertex 2.452143669128418 1.3967384099960327 2.04069185256958
      vertex 2.4919016361236572 1.4793390035629272 2.0433921813964844
    endloop
  endfacet
  facet normal 0.8916495049237643 -0.43344845290234 0.13070424264641892
    outer loop
      vertex 2.0995399951934814 0.6521160006523132 1.9767483472824097
      vertex 2.057197332382202 0.5721853971481323 2.000535011291504
      vertex 2.0633115768432617 0.5728282928466797 1.960956335067749
    endloop
  endfacet
  facet normal 0.8916476103296014 -0.43344948180443604 0.13071375488821832
    outer loop
      vertex 2.118579149246216 0.6876510977745056 1.9647102355957031
      vertex 2.0995399951934814 0.6521160006523132 1.9767483472824097
      vertex 2.0633115768432617 0.5728282928466797 1.960956335067749
    endloop
  endfacet
  facet normal 0.8916472982576769 -0.43344920607722887 0.1307167979289777
    outer loop
      vertex 2.118579149246216 0.6876510977745056 1.9647102355957031
      vertex 2.17384672164917 0.8024739623069763 1.9684641361236572
      vertex 2.179056167602539 0.8173173666000366 1.9821492433547974
    endloop
  endfacet
  facet normal 0.8916500159135546 -0.43344835836211887 0.13070107021192306
    outer loop
      vertex 2.118579149246216 0.6876510977745056 1.9647102355957031
      vertex 2.179056167602539 0.8173173666000366 1.9821492433547974
      vertex 2.1392982006073 0.7347166538238525 1.9794487953186035
    endloop
  endfacet
  facet normal 0.8916475708539113 -0.4334503926694751 0.1307110036875123
    outer loop
      vertex 2.0995399951934814 0.6521160006523132 1.9767483472824097
      vertex 2.118579149246216 0.6876510977745056 1.9647102355957031
      vertex 2.1392982006073 0.7347166538238525 1.9794487953186035
    endloop
  endfacet
  facet normal 0.8916482274931232 -0.43344728943597133 0.13071681486702783
    outer loop
      vertex 2.225912570953369 0.9160860776901245 1.9900434017181396
      vertex 2.217944383621216 0.900120735168457 1.9914562702178955
      vertex 2.2188143730163574 0.8999180197715759 1.9848496913909912
    endloop
  endfacet
  facet normal 0.8916508697530084 -0.4334514137962069 0.1306851114196752
    outer loop
      vertex 2.225912570953369 0.9160860776901245 1.9900434017181396
      vertex 2.2170746326446533 0.9003234505653381 1.9980628490447998
      vertex 2.217944383621216 0.900120735168457 1.9914562702178955
    endloop
  endfacet
  facet normal 0.8916466363170638 -0.43345017486971854 0.1307181006971729
    outer loop
      vertex 2.2188143730163574 0.8999180197715759 1.9848496913909912
      vertex 2.179056167602539 0.8173173666000366 1.9821492433547974
      vertex 2.17384672164917 0.8024739623069763 1.9684641361236572
    endloop
  endfacet
  facet normal 0.8916483045703684 -0.4334494405996315 0.13070915576444658
    outer loop
      vertex 2.2188143730163574 0.8999180197715759 1.9848496913909912
      vertex 2.17384672164917 0.8024739623069763 1.9684641361236572
      vertex 2.229114294052124 0.917296826839447 1.9722180366516113
    endloop
  endfacet
  facet normal 0.8916495099347381 -0.4334494322811918 0.13070096054832103
    outer loop
      vertex 2.0978002548217773 0.6525214314460754 1.9899615049362183
      vertex 2.057197332382202 0.5721853971481323 2.000535011291504
      vertex 2.0995399951934814 0.6521160006523132 1.9767483472824097
    endloop
  endfacet
  facet normal 0.8916490224629552 -0.43344661494937475 0.1307136287071272
    outer loop
      vertex 2.2188143730163574 0.8999180197715759 1.9848496913909912
      vertex 2.229114294052124 0.917296826839447 1.9722180366516113
      vertex 2.225912570953369 0.9160860776901245 1.9900434017181396
    endloop
  endfacet
  facet normal 0.8916486214178306 -0.43345146887748354 0.13070026798608408
    outer loop
      vertex 2.3533756732940674 1.1754597425460815 1.9806581735610962
      vertex 2.296590805053711 1.0655248165130615 2.0034637451171875
      vertex 2.307326078414917 1.0797884464263916 1.9775303602218628
    endloop
  endfacet
  facet normal 0.8916474882533522 -0.433449053160837 0.1307160089868946
    outer loop
      vertex 2.3994250297546387 1.2711310386657715 1.98378586769104
      vertex 2.3778467178344727 1.230320692062378 1.9956516027450562
      vertex 2.3533756732940674 1.1754597425460815 1.9806581735610962
    endloop
  endfacet
  facet normal 0.8916492396021926 -0.43344985187428486 0.13070141325552834
    outer loop
      vertex 2.296590805053711 1.0655248165130615 2.0034637451171875
      vertex 2.2612767219543457 0.9841172099113464 1.9744025468826294
      vertex 2.307326078414917 1.0797884464263916 1.9775303602218628
    endloop
  endfacet
  facet normal 0.8916481514443776 -0.43344855976370894 0.13071312124110115
    outer loop
      vertex 2.296590805053711 1.0655248165130615 2.0034637451171875
      vertex 2.3533756732940674 1.1754597425460815 1.9806581735610962
      vertex 2.3778467178344727 1.230320692062378 1.9956516027450562
    endloop
  endfacet
  facet normal 0.8916458738247242 -0.43345217937612074 0.1307166549657512
    outer loop
      vertex 2.2227110862731934 0.9148752689361572 2.007868766784668
      vertex 2.2162046432495117 0.9005261659622192 2.004669427871704
      vertex 2.2170746326446533 0.9003234505653381 1.9980628490447998
    endloop
  endfacet
  facet normal 0.8916485565985928 -0.4334504778539738 0.13070399673999197
    outer loop
      vertex 2.2612767219543457 0.9841172099113464 1.9744025468826294
      vertex 2.296590805053711 1.0655248165130615 2.0034637451171875
      vertex 2.253465175628662 0.981162965297699 2.017894983291626
    endloop
  endfacet
  facet normal 0.8916492486945764 -0.4334496227159481 0.1307021111910572
    outer loop
      vertex 2.3761069774627686 1.2307261228561401 2.008864641189575
      vertex 2.296590805053711 1.0655248165130615 2.0034637451171875
      vertex 2.3778467178344727 1.230320692062378 1.9956516027450562
    endloop
  endfacet
  facet normal 0.8916521264610954 -0.4334440422364259 0.13070098556305623
    outer loop
      vertex 2.2170746326446533 0.9003234505653381 1.9980628490447998
      vertex 2.225912570953369 0.9160860776901245 1.9900434017181396
      vertex 2.2227110862731934 0.9148752689361572 2.007868766784668
    endloop
  endfacet
  facet normal 0.8916458738247242 -0.43345217937612074 0.1307166549657512
    outer loop
      vertex 2.2227110862731934 0.9148752689361572 2.007868766784668
      vertex 2.21533465385437 0.9007288813591003 2.0112760066986084
      vertex 2.2162046432495117 0.9005261659622192 2.004669427871704
    endloop
  endfacet
  facet normal 0.8916475048099248 -0.4334487908770666 0.1307167657702866
    outer loop
      vertex 2.09432053565979 0.6533322930335999 2.016387701034546
      vertex 2.057197332382202 0.5721853971481323 2.000535011291504
      vertex 2.0960605144500732 0.6529268622398376 2.0031745433807373
    endloop
  endfacet
  facet normal 0.8916494328055965 -0.4334492402102728 0.13070212369581116
    outer loop
      vertex 2.0978002548217773 0.6525214314460754 1.9899615049362183
      vertex 2.0960605144500732 0.6529268622398376 2.0031745433807373
      vertex 2.057197332382202 0.5721853971481323 2.000535011291504
    endloop
  endfacet
  facet normal 0.8916489723747146 -0.43345054910428155 0.13070092403771424
    outer loop
      vertex 2.1323390007019043 0.7363384366035461 2.032301425933838
      vertex 2.1340787410736084 0.7359330058097839 2.0190882682800293
      vertex 2.1738369464874268 0.8185336589813232 2.0217885971069336
    endloop
  endfacet
  facet normal 0.8916487834763922 -0.4334481117933931 0.130710295339779
    outer loop
      vertex 2.0510828495025635 0.571542501449585 2.0401134490966797
      vertex 2.057197332382202 0.5721853971481323 2.000535011291504
      vertex 2.09432053565979 0.6533322930335999 2.016387701034546
    endloop
  endfacet
  facet normal 0.8916487289550604 -0.433450625221308 0.13070233222128147
    outer loop
      vertex 2.110720157623291 0.6954435110092163 2.0441641807556152
      vertex 2.0510828495025635 0.571542501449585 2.0401134490966797
      vertex 2.092580795288086 0.6537377238273621 2.0296008586883545
    endloop
  endfacet
  facet normal 0.8916488250741326 -0.43345085513217446 0.13070091403316866
    outer loop
      vertex 2.09432053565979 0.6533322930335999 2.016387701034546
      vertex 2.092580795288086 0.6537377238273621 2.0296008586883545
      vertex 2.0510828495025635 0.571542501449585 2.0401134490966797
    endloop
  endfacet
  facet normal 0.8916487723028099 -0.4334490873796589 0.13070713637989512
    outer loop
      vertex 2.1703572273254395 0.8193445205688477 2.048214912414551
      vertex 2.110720157623291 0.6954435110092163 2.0441641807556152
      vertex 2.1323390007019043 0.7363384366035461 2.032301425933838
    endloop
  endfacet
  facet normal 0.8916487947229369 -0.4334505658773307 0.1307020803574134
    outer loop
      vertex 2.092580795288086 0.6537377238273621 2.0296008586883545
      vertex 2.1323390007019043 0.7363384366035461 2.032301425933838
      vertex 2.110720157623291 0.6954435110092163 2.0441641807556152
    endloop
  endfacet
  facet normal 0.8916484346119183 -0.43344926281496976 0.13070885822802833
    outer loop
      vertex 2.1738369464874268 0.8185336589813232 2.0217885971069336
      vertex 2.1703572273254395 0.8193445205688477 2.048214912414551
      vertex 2.1323390007019043 0.7363384366035461 2.032301425933838
    endloop
  endfacet
  facet normal 0.8916502106150862 -0.4334488560878294 0.13069809128760937
    outer loop
      vertex 2.1738369464874268 0.8185336589813232 2.0217885971069336
      vertex 2.213594913482666 0.9011343121528625 2.024489164352417
      vertex 2.229994535446167 0.943245530128479 2.0522656440734863
    endloop
  endfacet
  facet normal 0.8916478746693127 -0.4334504261408224 0.13070882019220098
    outer loop
      vertex 2.1738369464874268 0.8185336589813232 2.0217885971069336
      vertex 2.229994535446167 0.943245530128479 2.0522656440734863
      vertex 2.1703572273254395 0.8193445205688477 2.048214912414551
    endloop
  endfacet
  facet normal 0.8916490071206836 -0.4334504769169132 0.13070092639763334
    outer loop
      vertex 2.2380881309509277 0.9480191469192505 2.0128817558288574
      vertex 2.213594913482666 0.9011343121528625 2.024489164352417
      vertex 2.21533465385437 0.9007288813591003 2.0112760066986084
    endloop
  endfacet
  facet normal 0.8916456452846369 -0.4334497229520022 0.13072635892495585
    outer loop
      vertex 2.2227110862731934 0.9148752689361572 2.007868766784668
      vertex 2.2380881309509277 0.9480191469192505 2.0128817558288574
      vertex 2.21533465385437 0.9007288813591003 2.0112760066986084
    endloop
  endfacet
  facet normal 0.8916487634954618 -0.433449368554956 0.1307062640286373
    outer loop
      vertex 2.2931110858917236 1.066335678100586 2.0298900604248047
      vertex 2.213594913482666 0.9011343121528625 2.024489164352417
      vertex 2.253465175628662 0.981162965297699 2.017894983291626
    endloop
  endfacet
  facet normal 0.8916489380252847 -0.4334496231881033 0.13070422899230602
    outer loop
      vertex 2.213594913482666 0.9011343121528625 2.024489164352417
      vertex 2.2380881309509277 0.9480191469192505 2.0128817558288574
      vertex 2.253465175628662 0.981162965297699 2.017894983291626
    endloop
  endfacet
  facet normal 0.8916487135926334 -0.43345108674308813 0.1307009064614231
    outer loop
      vertex 2.296590805053711 1.0655248165130615 2.0034637451171875
      vertex 2.294851064682007 1.0659302473068237 2.016676902770996
      vertex 2.253465175628662 0.981162965297699 2.017894983291626
    endloop
  endfacet
  facet normal 0.8916469286295814 -0.4334499879403976 0.1307167266263322
    outer loop
      vertex 2.294851064682007 1.0659302473068237 2.016676902770996
      vertex 2.2931110858917236 1.066335678100586 2.0298900604248047
      vertex 2.253465175628662 0.981162965297699 2.017894983291626
    endloop
  endfacet
  facet normal 0.8916499875978642 -0.4334491436823 0.13069865897479405
    outer loop
      vertex 2.2896316051483154 1.0671465396881104 2.0563161373138428
      vertex 2.229994535446167 0.943245530128479 2.0522656440734863
      vertex 2.213594913482666 0.9011343121528625 2.024489164352417
    endloop
  endfacet
  facet normal 0.8916493097569174 -0.43344949585399556 0.13070211533839074
    outer loop
      vertex 2.2896316051483154 1.0671465396881104 2.0563161373138428
      vertex 2.213594913482666 0.9011343121528625 2.024489164352417
      vertex 2.2931110858917236 1.066335678100586 2.0298900604248047
    endloop
  endfacet
  facet normal 0.8916476809316412 -0.4334504183230283 0.13071016771780947
    outer loop
      vertex 2.2931110858917236 1.066335678100586 2.0298900604248047
      vertex 2.3726274967193604 1.2315369844436646 2.0352909564971924
      vertex 2.349268674850464 1.1910475492477417 2.0603668689727783
    endloop
  endfacet
  facet normal 0.8916494323343308 -0.43344924118936645 0.130702123663803
    outer loop
      vertex 2.2931110858917236 1.066335678100586 2.0298900604248047
      vertex 2.349268674850464 1.1910475492477417 2.0603668689727783
      vertex 2.2896316051483154 1.0671465396881104 2.0563161373138428
    endloop
  endfacet
  facet normal 0.8916476887256077 -0.43345038280771264 0.1307102323237516
    outer loop
      vertex 2.4089059829711914 1.314948558807373 2.064417600631714
      vertex 2.349268674850464 1.1910475492477417 2.0603668689727783
      vertex 2.3726274967193604 1.2315369844436646 2.0352909564971924
    endloop
  endfacet
  facet normal 0.8916500993899904 -0.4334482076376564 0.13070100058348239
    outer loop
      vertex 2.4089059829711914 1.314948558807373 2.064417600631714
      vertex 2.3726274967193604 1.2315369844436646 2.0352909564971924
      vertex 2.4123854637145996 1.3141376972198486 2.0379912853240967
    endloop
  endfacet
  facet normal 0.8916505955008274 -0.4334508153224047 0.13068896755029677
    outer loop
      vertex 2.3778467178344727 1.230320692062378 1.9956516027450562
      vertex 2.4184746742248535 1.3127186298370361 1.9917454719543457
      vertex 2.417604923248291 1.312921404838562 1.99835205078125
    endloop
  endfacet
  facet normal 0.8916457364270832 -0.4334487918176533 0.13072882460735674
    outer loop
      vertex 2.3994250297546387 1.2711310386657715 1.98378586769104
      vertex 2.44547438621521 1.3668023347854614 1.9869136810302734
      vertex 2.4383537769317627 1.354019045829773 1.9930956363677979
    endloop
  endfacet
  facet normal 0.8916453878475011 -0.43344886710319025 0.13073095248348782
    outer loop
      vertex 2.3994250297546387 1.2711310386657715 1.98378586769104
      vertex 2.4383537769317627 1.354019045829773 1.9930956363677979
      vertex 2.4184746742248535 1.3127186298370361 1.9917454719543457
    endloop
  endfacet
  facet normal 0.891644449507586 -0.4334570129531078 0.13071034229961753
    outer loop
      vertex 2.44547438621521 1.3668023347854614 1.9869136810302734
      vertex 2.4431710243225098 1.3663967847824097 2.001281261444092
      vertex 2.4383537769317627 1.354019045829773 1.9930956363677979
    endloop
  endfacet
  facet normal 0.8916490811333408 -0.43344434737929766 0.13072074754607194
    outer loop
      vertex 2.4431710243225098 1.3663967847824097 2.001281261444092
      vertex 2.4366140365600586 1.3544244766235352 2.0063087940216064
      vertex 2.4374840259552 1.3542217016220093 1.9997022151947021
    endloop
  endfacet
  facet normal 0.8916485499636102 -0.4334489653381081 0.130709057815879
    outer loop
      vertex 2.4366140365600586 1.3544244766235352 2.0063087940216064
      vertex 2.4431710243225098 1.3663967847824097 2.001281261444092
      vertex 2.4408676624298096 1.365991234779358 2.0156490802764893
    endloop
  endfacet
  facet normal 0.8916423859075141 -0.43345825715937153 0.13072029281452777
    outer loop
      vertex 2.4755022525787354 1.4372278451919556 2.015615701675415
      vertex 2.472818374633789 1.428664207458496 2.005526065826416
      vertex 2.476372241973877 1.4370250701904297 2.0090091228485107
    endloop
  endfacet
  facet normal 0.8916557741969732 -0.4334423925589638 0.13068156975624964
    outer loop
      vertex 2.4383537769317627 1.354019045829773 1.9930956363677979
      vertex 2.4431710243225098 1.3663967847824097 2.001281261444092
      vertex 2.4374840259552 1.3542217016220093 1.9997022151947021
    endloop
  endfacet
  facet normal 0.8916484804125293 -0.4334486645119207 0.13071052983925852
    outer loop
      vertex 2.470161199569702 1.4281964302062988 2.0221009254455566
      vertex 2.472818374633789 1.428664207458496 2.005526065826416
      vertex 2.4755022525787354 1.4372278451919556 2.015615701675415
    endloop
  endfacet
  facet normal 0.8916533278258509 -0.43343622914171437 0.130718698909134
    outer loop
      vertex 2.478111982345581 1.4366196393966675 1.9957960844039917
      vertex 2.4772419929504395 1.4368224143981934 2.0024027824401855
      vertex 2.472818374633789 1.428664207458496 2.005526065826416
    endloop
  endfacet
  facet normal 0.8916459896972618 -0.433452995509251 0.1307131582544304
    outer loop
      vertex 2.475475311279297 1.429132103919983 1.9889514446258545
      vertex 2.496523380279541 1.4728606939315796 1.9903810024261475
      vertex 2.4979910850524902 1.4779200553894043 1.9971463680267334
    endloop
  endfacet
  facet normal 0.891651413075755 -0.43345061161587434 0.13068406501878396
    outer loop
      vertex 2.475475311279297 1.429132103919983 1.9889514446258545
      vertex 2.4979910850524902 1.4779200553894043 1.9971463680267334
      vertex 2.478111982345581 1.4366196393966675 1.9957960844039917
    endloop
  endfacet
  facet normal 0.8916481770062649 -0.4334494407723492 0.130710025382685
    outer loop
      vertex 2.517571210861206 1.5165892839431763 1.99181067943573
      vertex 2.4979910850524902 1.4779200553894043 1.9971463680267334
      vertex 2.496523380279541 1.4728606939315796 1.9903810024261475
    endloop
  endfacet
  facet normal 0.8916476072966804 -0.4334479204500783 0.13071895294718144
    outer loop
      vertex 2.538619041442871 1.5603179931640625 1.993240237236023
      vertex 2.4979910850524902 1.4779200553894043 1.9971463680267334
      vertex 2.517571210861206 1.5165892839431763 1.99181067943573
    endloop
  endfacet
  facet normal 0.8916520187906801 -0.4334515411672496 0.13067684892987258
    outer loop
      vertex 2.4971210956573486 1.4781227111816406 2.0037529468536377
      vertex 2.472818374633789 1.428664207458496 2.005526065826416
      vertex 2.4772419929504395 1.4368224143981934 2.0024027824401855
    endloop
  endfacet
  facet normal 0.8916474538444444 -0.43344772823112365 0.13072063702414105
    outer loop
      vertex 2.472818374633789 1.428664207458496 2.005526065826416
      vertex 2.4971210956573486 1.4781227111816406 2.0037529468536377
      vertex 2.496251106262207 1.4783254861831665 2.010359525680542
    endloop
  endfacet
  facet normal 0.8916482067117508 -0.43344850111175043 0.13071293873100565
    outer loop
      vertex 2.538619041442871 1.5603179931640625 1.993240237236023
      vertex 2.4971210956573486 1.4781227111816406 2.0037529468536377
      vertex 2.4979910850524902 1.4779200553894043 1.9971463680267334
    endloop
  endfacet
  facet normal 0.8916476837889985 -0.433447250500779 0.1307206526415362
    outer loop
      vertex 2.538619041442871 1.5603179931640625 1.993240237236023
      vertex 2.496251106262207 1.4783254861831665 2.010359525680542
      vertex 2.4971210956573486 1.4781227111816406 2.0037529468536377
    endloop
  endfacet
  facet normal 0.8916536471332162 -0.4334468286675055 0.13068136926171278
    outer loop
      vertex 2.472818374633789 1.428664207458496 2.005526065826416
      vertex 2.496251106262207 1.4783254861831665 2.010359525680542
      vertex 2.476372241973877 1.4370250701904297 2.0090091228485107
    endloop
  endfacet
  facet normal 0.8916489955804364 -0.43344878110485324 0.1307066289027293
    outer loop
      vertex 2.538619041442871 1.5603179931640625 1.993240237236023
      vertex 2.5333995819091797 1.5615342855453491 2.032879590988159
      vertex 2.4953813552856445 1.4785281419754028 2.0169661045074463
    endloop
  endfacet
  facet normal 0.8916491084034261 -0.43345624131880783 0.13068111701828528
    outer loop
      vertex 2.538619041442871 1.5603179931640625 1.993240237236023
      vertex 2.4953813552856445 1.4785281419754028 2.0169661045074463
      vertex 2.496251106262207 1.4783254861831665 2.010359525680542
    endloop
  endfacet
  facet normal 0.891645542847615 -0.4334591794117208 0.13069569887222657
    outer loop
      vertex 2.472818374633789 1.428664207458496 2.005526065826416
      vertex 2.475475311279297 1.429132103919983 1.9889514446258545
      vertex 2.478111982345581 1.4366196393966675 1.9957960844039917
    endloop
  endfacet
  facet normal 0.8916517770695707 -0.4334514848456981 0.1306786850780814
    outer loop
      vertex 2.4547533988952637 1.3961302042007446 2.020872116088867
      vertex 2.4348742961883545 1.3548299074172974 2.019521951675415
      vertex 2.4408676624298096 1.365991234779358 2.0156490802764893
    endloop
  endfacet
  facet normal 0.8916519590189943 -0.43344798251385575 0.13068906010932246
    outer loop
      vertex 2.435744047164917 1.3546271324157715 2.0129153728485107
      vertex 2.4408676624298096 1.365991234779358 2.0156490802764893
      vertex 2.4348742961883545 1.3548299074172974 2.019521951675415
    endloop
  endfacet
  facet normal 0.8916587974429355 -0.43344783446791013 0.13064288628814508
    outer loop
      vertex 2.470161199569702 1.4281964302062988 2.0221009254455566
      vertex 2.4547533988952637 1.3961302042007446 2.020872116088867
      vertex 2.455514430999756 1.3970937728881836 2.0188748836517334
    endloop
  endfacet
  facet normal 0.8916585898851392 -0.43344836198651293 0.13064255269725109
    outer loop
      vertex 2.4408676624298096 1.365991234779358 2.0156490802764893
      vertex 2.455514430999756 1.3970937728881836 2.0188748836517334
      vertex 2.4547533988952637 1.3961302042007446 2.020872116088867
    endloop
  endfacet
  facet normal 0.8916483773709152 -0.4334458095185154 0.13072069974817635
    outer loop
      vertex 2.470161199569702 1.4281964302062988 2.0221009254455566
      vertex 2.453883409500122 1.3963329792022705 2.0274786949157715
      vertex 2.4547533988952637 1.3961302042007446 2.020872116088867
    endloop
  endfacet
  facet normal 0.8916489471993779 -0.4334506014079308 0.13070092232782474
    outer loop
      vertex 2.450403928756714 1.397143840789795 2.0539050102233887
      vertex 2.4089059829711914 1.314948558807373 2.064417600631714
      vertex 2.4123854637145996 1.3141376972198486 2.0379912853240967
    endloop
  endfacet
  facet normal 0.8916489471993779 -0.4334506014079308 0.13070092232782474
    outer loop
      vertex 2.4123854637145996 1.3141376972198486 2.0379912853240967
      vertex 2.452143669128418 1.3967384099960327 2.04069185256958
      vertex 2.450403928756714 1.397143840789795 2.0539050102233887
    endloop
  endfacet
  facet normal 0.8916482647446222 -0.433448969097477 0.1307109909924891
    outer loop
      vertex 2.46854305267334 1.4388495683670044 2.0684683322906494
      vertex 2.4089059829711914 1.314948558807373 2.064417600631714
      vertex 2.450403928756714 1.397143840789795 2.0539050102233887
    endloop
  endfacet
  facet normal 0.8916497559937823 -0.4334510139002634 0.1306940365321325
    outer loop
      vertex 2.470161199569702 1.4281964302062988 2.0221009254455566
      vertex 2.4737625122070312 1.4376332759857178 2.0288288593292236
      vertex 2.453883409500122 1.3963329792022705 2.0274786949157715
    endloop
  endfacet
  facet normal 0.8916482363473153 -0.4334496345734138 0.1307089779123693
    outer loop
      vertex 2.4755022525787354 1.4372278451919556 2.015615701675415
      vertex 2.494511365890503 1.4787309169769287 2.0235726833343506
      vertex 2.470161199569702 1.4281964302062988 2.0221009254455566
    endloop
  endfacet
  facet normal 0.8916503765036099 -0.43345018721935097 0.1306925448542508
    outer loop
      vertex 2.4737625122070312 1.4376332759857178 2.0288288593292236
      vertex 2.470161199569702 1.4281964302062988 2.0221009254455566
      vertex 2.494511365890503 1.4787309169769287 2.0235726833343506
    endloop
  endfacet
  facet normal 0.891646264065307 -0.43345020009325463 0.13072055621629802
    outer loop
      vertex 2.5333995819091797 1.5615342855453491 2.032879590988159
      vertex 2.494511365890503 1.4787309169769287 2.0235726833343506
      vertex 2.4953813552856445 1.4785281419754028 2.0169661045074463
    endloop
  endfacet
  facet normal 0.8916519282050345 -0.43344897411456396 0.13068598152547348
    outer loop
      vertex 2.5333995819091797 1.5615342855453491 2.032879590988159
      vertex 2.4936416149139404 1.478933572769165 2.030179023742676
      vertex 2.494511365890503 1.4787309169769287 2.0235726833343506
    endloop
  endfacet
  facet normal 0.8916493120180262 -0.4334480241446195 0.1307069804674023
    outer loop
      vertex 2.450403928756714 1.397143840789795 2.0539050102233887
      vertex 2.490161895751953 1.479744553565979 2.056605339050293
      vertex 2.46854305267334 1.4388495683670044 2.0684683322906494
    endloop
  endfacet
  facet normal 0.8916486794050348 -0.4334495554319369 0.13070621795122728
    outer loop
      vertex 2.5333995819091797 1.5615342855453491 2.032879590988159
      vertex 2.5281801223754883 1.5627505779266357 2.072519063949585
      vertex 2.490161895751953 1.479744553565979 2.056605339050293
    endloop
  endfacet
  facet normal 0.8916486857837517 -0.43344997612724195 0.13070477931354157
    outer loop
      vertex 2.5333995819091797 1.5615342855453491 2.032879590988159
      vertex 2.490161895751953 1.479744553565979 2.056605339050293
      vertex 2.4919016361236572 1.4793390035629272 2.0433921813964844
    endloop
  endfacet
  facet normal 0.8916493301058731 -0.43344921736705 0.1307029000659109
    outer loop
      vertex 2.46854305267334 1.4388495683670044 2.0684683322906494
      vertex 2.490161895751953 1.479744553565979 2.056605339050293
      vertex 2.5281801223754883 1.5627505779266357 2.072519063949585
    endloop
  endfacet
  facet normal 0.8916478715981125 -0.433448028841522 0.13071679068870504
    outer loop
      vertex 2.5333995819091797 1.5615342855453491 2.032879590988159
      vertex 2.4919016361236572 1.4793390035629272 2.0433921813964844
      vertex 2.4936416149139404 1.478933572769165 2.030179023742676
    endloop
  endfacet
  facet normal 0.8916468180756935 -0.43345138612468176 0.13071284436536212
    outer loop
      vertex 2.435744047164917 1.3546271324157715 2.0129153728485107
      vertex 2.4366140365600586 1.3544244766235352 2.0063087940216064
      vertex 2.4408676624298096 1.365991234779358 2.0156490802764893
    endloop
  endfacet
  facet normal 0.8916474701712593 -0.4334477876170153 0.1307203287446451
    outer loop
      vertex 2.3778467178344727 1.230320692062378 1.9956516027450562
      vertex 2.3994250297546387 1.2711310386657715 1.98378586769104
      vertex 2.4184746742248535 1.3127186298370361 1.9917454719543457
    endloop
  endfacet
  facet normal 0.13048148338402796 -0.030408108352236323 -0.9909843235088748
    outer loop
      vertex 2.3726754188537598 1.2841345071792603 1.9798647165298462
      vertex 2.3593008518218994 1.2906363010406494 1.977904200553894
      vertex 2.3823254108428955 1.3384718894958496 1.9794679880142212
    endloop
  endfacet
  facet normal 0.13048761182145238 -0.030409190591714964 -0.990983483358169
    outer loop
      vertex 2.3726754188537598 1.2841345071792603 1.9798647165298462
      vertex 2.3823254108428955 1.3384718894958496 1.9794679880142212
      vertex 2.395700216293335 1.33197021484375 1.981428623199463
    endloop
  endfacet
  facet normal 0.13048761182145238 -0.030409190591714964 -0.990983483358169
    outer loop
      vertex 2.386050224304199 1.2776328325271606 1.981825351715088
      vertex 2.3726754188537598 1.2841345071792603 1.9798647165298462
      vertex 2.395700216293335 1.33197021484375 1.981428623199463
    endloop
  endfacet
  facet normal 0.13048148338402796 -0.030408108352236323 -0.9909843235088748
    outer loop
      vertex 2.386050224304199 1.2776328325271606 1.981825351715088
      vertex 2.395700216293335 1.33197021484375 1.981428623199463
      vertex 2.4090747833251953 1.3254684209823608 1.983389139175415
    endloop
  endfacet
  facet normal 0.1304794597020218 -0.03040531734670482 -0.9909846755994336
    outer loop
      vertex 2.3823254108428955 1.3384718894958496 1.9794679880142212
      vertex 2.3771815299987793 1.3620736598968506 1.9780665636062622
      vertex 2.394254684448242 1.3632558584213257 1.9802782535552979
    endloop
  endfacet
  facet normal 0.13048757683946507 -0.030409263270803982 -0.990983485734193
    outer loop
      vertex 2.394254684448242 1.3632558584213257 1.9802782535552979
      vertex 2.395700216293335 1.33197021484375 1.981428623199463
      vertex 2.3823254108428955 1.3384718894958496 1.9794679880142212
    endloop
  endfacet
  facet normal 0.13048651965396244 -0.030409317175039485 -0.9909836232842317
    outer loop
      vertex 2.395700216293335 1.33197021484375 1.981428623199463
      vertex 2.394254684448242 1.3632558584213257 1.9802782535552979
      vertex 2.411327838897705 1.3644380569458008 1.982490062713623
    endloop
  endfacet
  facet normal 0.1304769195345975 -0.030405889778901306 -0.9909849924875329
    outer loop
      vertex 2.3593008518218994 1.2906363010406494 1.977904200553894
      vertex 2.3771815299987793 1.3620736598968506 1.9780665636062622
      vertex 2.3823254108428955 1.3384718894958496 1.9794679880142212
    endloop
  endfacet
  facet normal 0.13048567494827265 -0.030409266952355855 -0.9909837360505541
    outer loop
      vertex 2.3269307613372803 1.2576736211776733 1.9746533632278442
      vertex 2.3726754188537598 1.2841345071792603 1.9798647165298462
      vertex 2.276679754257202 1.153273582458496 1.9712402820587158
    endloop
  endfacet
  facet normal 0.13048664546183875 -0.03040830775817262 -0.9909836376930755
    outer loop
      vertex 2.226428985595703 1.0488735437393188 1.9678270816802979
      vertex 2.276679754257202 1.153273582458496 1.9712402820587158
      vertex 2.2438528537750244 1.0164953470230103 1.9711148738861084
    endloop
  endfacet
  facet normal 0.13048399880219638 -0.03040767222005638 -0.9909840056866438
    outer loop
      vertex 2.276679754257202 1.153273582458496 1.9712402820587158
      vertex 2.307326078414917 1.0797884464263916 1.9775303602218628
      vertex 2.2438528537750244 1.0164953470230103 1.9711148738861084
    endloop
  endfacet
  facet normal 0.13048310742691743 -0.030404734339026976 -0.9909842131971571
    outer loop
      vertex 2.3726754188537598 1.2841345071792603 1.9798647165298462
      vertex 2.3269307613372803 1.2576736211776733 1.9746533632278442
      vertex 2.3593008518218994 1.2906363010406494 1.977904200553894
    endloop
  endfacet
  facet normal 0.1304867282122562 -0.030408347984936145 -0.9909836255626467
    outer loop
      vertex 2.3593008518218994 1.2906363010406494 1.977904200553894
      vertex 2.3269307613372803 1.2576736211776733 1.9746533632278442
      vertex 2.3771815299987793 1.3620736598968506 1.9780665636062622
    endloop
  endfacet
  facet normal 0.1304819668343819 -0.030407103965484954 -0.9909842906723919
    outer loop
      vertex 2.411327838897705 1.3644380569458008 1.982490062713623
      vertex 2.4090747833251953 1.3254684209823608 1.983389139175415
      vertex 2.395700216293335 1.33197021484375 1.981428623199463
    endloop
  endfacet
  facet normal 0.13048454987513147 -0.030406540559995036 -0.9909839678496609
    outer loop
      vertex 2.44547438621521 1.3668023347854614 1.9869136810302734
      vertex 2.4090747833251953 1.3254684209823608 1.983389139175415
      vertex 2.428400993347168 1.3656201362609863 1.9847018718719482
    endloop
  endfacet
  facet normal 0.13048618368688358 -0.030407334792215312 -0.9909837283516147
    outer loop
      vertex 2.411327838897705 1.3644380569458008 1.982490062713623
      vertex 2.428400993347168 1.3656201362609863 1.9847018718719482
      vertex 2.4090747833251953 1.3254684209823608 1.983389139175415
    endloop
  endfacet
  facet normal 0.130486691603994 -0.030408455673634198 -0.9909836270785651
    outer loop
      vertex 2.3994250297546387 1.2711310386657715 1.98378586769104
      vertex 2.4090747833251953 1.3254684209823608 1.983389139175415
      vertex 2.44547438621521 1.3668023347854614 1.9869136810302734
    endloop
  endfacet
  facet normal 0.13048000412154512 -0.030406440782448335 -0.9909845694476705
    outer loop
      vertex 2.3533756732940674 1.1754597425460815 1.9806581735610962
      vertex 2.386050224304199 1.2776328325271606 1.981825351715088
      vertex 2.3994250297546387 1.2711310386657715 1.98378586769104
    endloop
  endfacet
  facet normal 0.13047963415836072 -0.030407209408637496 -0.9909845945754553
    outer loop
      vertex 2.4090747833251953 1.3254684209823608 1.983389139175415
      vertex 2.3994250297546387 1.2711310386657715 1.98378586769104
      vertex 2.386050224304199 1.2776328325271606 1.981825351715088
    endloop
  endfacet
  facet normal 0.13048421786652192 -0.030407578638023767 -0.9909839797136654
    outer loop
      vertex 2.307326078414917 1.0797884464263916 1.9775303602218628
      vertex 2.276679754257202 1.153273582458496 1.9712402820587158
      vertex 2.3533756732940674 1.1754597425460815 1.9806581735610962
    endloop
  endfacet
  facet normal 0.13048304874082495 -0.030406703763014298 -0.9909841604978193
    outer loop
      vertex 2.2612767219543457 0.9841172099113464 1.9744025468826294
      vertex 2.2438528537750244 1.0164953470230103 1.9711148738861084
      vertex 2.307326078414917 1.0797884464263916 1.9775303602218628
    endloop
  endfacet
  facet normal 0.130487738788159 -0.03040892680380998 -0.9909834747343639
    outer loop
      vertex 2.3533756732940674 1.1754597425460815 1.9806581735610962
      vertex 2.3726754188537598 1.2841345071792603 1.9798647165298462
      vertex 2.386050224304199 1.2776328325271606 1.981825351715088
    endloop
  endfacet
  facet normal 0.13048443261423265 -0.030408342963750324 -0.9909839279844759
    outer loop
      vertex 2.3533756732940674 1.1754597425460815 1.9806581735610962
      vertex 2.276679754257202 1.153273582458496 1.9712402820587158
      vertex 2.3726754188537598 1.2841345071792603 1.9798647165298462
    endloop
  endfacet
  facet normal -0.1304845917867371 0.030409160821856497 0.9909838819296503
    outer loop
      vertex 2.4746813774108887 1.5887576341629028 2.064676523208618
      vertex 2.4173264503479004 1.4695982933044434 2.0607810020446777
      vertex 2.46854305267334 1.4388495683670044 2.0684683322906494
    endloop
  endfacet
  facet normal -0.13048849708452329 0.030409307612238066 0.9909833631999917
    outer loop
      vertex 2.4746813774108887 1.5887576341629028 2.064676523208618
      vertex 2.46854305267334 1.4388495683670044 2.0684683322906494
      vertex 2.5281801223754883 1.5627505779266357 2.072519063949585
    endloop
  endfacet
  facet normal -0.1304824574488764 0.030408153724991525 0.9909841938624143
    outer loop
      vertex 2.359971761703491 1.3504390716552734 2.056885242462158
      vertex 2.302616834640503 1.2312798500061035 2.0529897212982178
      vertex 2.349268674850464 1.1910475492477417 2.0603668689727783
    endloop
  endfacet
  facet normal -0.13048608579326754 0.030408386775297096 0.990983708961997
    outer loop
      vertex 2.359971761703491 1.3504390716552734 2.056885242462158
      vertex 2.349268674850464 1.1910475492477417 2.0603668689727783
      vertex 2.4089059829711914 1.314948558807373 2.064417600631714
    endloop
  endfacet
  facet normal -0.13048646554731527 0.03040785601544697 0.9909836752447102
    outer loop
      vertex 2.4173264503479004 1.4695982933044434 2.0607810020446777
      vertex 2.359971761703491 1.3504390716552734 2.056885242462158
      vertex 2.4089059829711914 1.314948558807373 2.064417600631714
    endloop
  endfacet
  facet normal -0.13048539834829864 0.030407801251799562 0.9909838174465397
    outer loop
      vertex 2.4173264503479004 1.4695982933044434 2.0607810020446777
      vertex 2.4089059829711914 1.314948558807373 2.064417600631714
      vertex 2.46854305267334 1.4388495683670044 2.0684683322906494
    endloop
  endfacet
  facet normal -0.13048352893868695 0.03040689249291189 0.990984091479087
    outer loop
      vertex 2.2896316051483154 1.0671465396881104 2.0563161373138428
      vertex 2.349268674850464 1.1910475492477417 2.0603668689727783
      vertex 2.302616834640503 1.2312798500061035 2.0529897212982178
    endloop
  endfacet
  facet normal -0.13048473578877526 0.030406984693710705 0.9909839297425412
    outer loop
      vertex 2.2896316051483154 1.0671465396881104 2.0563161373138428
      vertex 2.302616834640503 1.2312798500061035 2.0529897212982178
      vertex 2.2452621459960938 1.112120509147644 2.0490939617156982
    endloop
  endfacet
  facet normal -0.13048578706778585 0.0304077723103452 0.9909837671508159
    outer loop
      vertex 2.1879072189331055 0.9929612874984741 2.045198440551758
      vertex 2.130552291870117 0.8738020062446594 2.0413026809692383
      vertex 2.1703572273254395 0.8193445205688477 2.048214912414551
    endloop
  endfacet
  facet normal -0.13048457572605887 0.03040765269725504 0.990983930321291
    outer loop
      vertex 2.1879072189331055 0.9929612874984741 2.045198440551758
      vertex 2.1703572273254395 0.8193445205688477 2.048214912414551
      vertex 2.229994535446167 0.943245530128479 2.0522656440734863
    endloop
  endfacet
  facet normal -0.13048564834158216 0.03040968966283693 0.9909837265825746
    outer loop
      vertex 2.0334627628326416 0.6035130023956299 2.0368125438690186
      vertex 2.073197603225708 0.7546427249908447 2.0374069213867188
      vertex 2.0158426761627197 0.63548344373703 2.0335114002227783
    endloop
  endfacet
  facet normal -0.13048688093450106 0.030408042718090014 0.9909836148201645
    outer loop
      vertex 2.130552291870117 0.8738020062446594 2.0413026809692383
      vertex 2.073197603225708 0.7546427249908447 2.0374069213867188
      vertex 2.110720157623291 0.6954435110092163 2.0441641807556152
    endloop
  endfacet
  facet normal -0.1304856100334766 0.03040790415637583 0.9909837864158061
    outer loop
      vertex 2.130552291870117 0.8738020062446594 2.0413026809692383
      vertex 2.110720157623291 0.6954435110092163 2.0441641807556152
      vertex 2.1703572273254395 0.8193445205688477 2.048214912414551
    endloop
  endfacet
  facet normal -0.13048471440139792 0.030409443599093963 0.9909838571074602
    outer loop
      vertex 2.073197603225708 0.7546427249908447 2.0374069213867188
      vertex 2.0334627628326416 0.6035130023956299 2.0368125438690186
      vertex 2.110720157623291 0.6954435110092163 2.0441641807556152
    endloop
  endfacet
  facet normal -0.13048312162104503 0.030408603319867722 0.9909840926150947
    outer loop
      vertex 2.229994535446167 0.943245530128479 2.0522656440734863
      vertex 2.2896316051483154 1.0671465396881104 2.0563161373138428
      vertex 2.2452621459960938 1.112120509147644 2.0490939617156982
    endloop
  endfacet
  facet normal -0.13048343983755353 0.030408631286067536 0.9909840498572456
    outer loop
      vertex 2.229994535446167 0.943245530128479 2.0522656440734863
      vertex 2.2452621459960938 1.112120509147644 2.0490939617156982
      vertex 2.1879072189331055 0.9929612874984741 2.045198440551758
    endloop
  endfacet
  facet normal -0.1304800168274815 0.03040543651346223 0.9909845985882555
    outer loop
      vertex 2.0334627628326416 0.6035130023956299 2.0368125438690186
      vertex 2.0510828495025635 0.571542501449585 2.0401134490966797
      vertex 2.110720157623291 0.6954435110092163 2.0441641807556152
    endloop
  endfacet
  facet normal -0.860830025744612 -0.4889893963566108 -0.140929191537197
    outer loop
      vertex 2.04569149017334 0.6047987341880798 1.9576553106307983
      vertex 2.057197332382202 0.5721853971481323 2.000535011291504
      vertex 2.0334627628326416 0.6035130023956299 2.0368125438690186
    endloop
  endfacet
  facet normal -0.8608313186507767 -0.48898604152123143 -0.1409329345020591
    outer loop
      vertex 2.0334627628326416 0.6035130023956299 2.0368125438690186
      vertex 2.057197332382202 0.5721853971481323 2.000535011291504
      vertex 2.0510828495025635 0.571542501449585 2.0401134490966797
    endloop
  endfacet
  facet normal -0.8608314132274234 -0.4889874809467636 -0.14092736241842976
    outer loop
      vertex 2.0219569206237793 0.6361263394355774 1.993932843208313
      vertex 2.0334627628326416 0.6035130023956299 2.0368125438690186
      vertex 2.0158426761627197 0.63548344373703 2.0335114002227783
    endloop
  endfacet
  facet normal -0.8608311661054048 -0.4889864373500692 -0.14093249287973322
    outer loop
      vertex 2.04569149017334 0.6047987341880798 1.9576553106307983
      vertex 2.0219569206237793 0.6361263394355774 1.993932843208313
      vertex 2.028071403503418 0.6367692351341248 1.9543542861938477
    endloop
  endfacet
  facet normal -0.8608317058899134 -0.4889870769264274 -0.14092697659997555
    outer loop
      vertex 2.04569149017334 0.6047987341880798 1.9576553106307983
      vertex 2.0633115768432617 0.5728282928466797 1.960956335067749
      vertex 2.057197332382202 0.5721853971481323 2.000535011291504
    endloop
  endfacet
  facet normal -0.860830025744612 -0.4889893963566108 -0.140929191537197
    outer loop
      vertex 2.0219569206237793 0.6361263394355774 1.993932843208313
      vertex 2.04569149017334 0.6047987341880798 1.9576553106307983
      vertex 2.0334627628326416 0.6035130023956299 2.0368125438690186
    endloop
  endfacet
  facet normal 0.1763867729747111 0.06670132432558916 -0.9820583687606254
    outer loop
      vertex 2.2380881309509277 0.9480191469192505 2.0128817558288574
      vertex 2.2227110862731934 0.9148752689361572 2.007868766784668
      vertex 2.210822820663452 0.9363577365875244 2.007192611694336
    endloop
  endfacet
  facet normal 0.17637662515436955 0.06670637611845084 -0.9820598482191901
    outer loop
      vertex 2.202423572540283 1.012466549873352 2.0108537673950195
      vertex 2.19893479347229 0.9578402042388916 2.006516695022583
      vertex 2.187046527862549 0.9793227314949036 2.00584077835083
    endloop
  endfacet
  facet normal 0.17638369170975485 0.0667085588292821 -0.9820584307859478
    outer loop
      vertex 2.19893479347229 0.9578402042388916 2.006516695022583
      vertex 2.2380881309509277 0.9480191469192505 2.0128817558288574
      vertex 2.210822820663452 0.9363577365875244 2.007192611694336
    endloop
  endfacet
  facet normal 0.17638735326707472 0.06670815351859592 -0.9820578006724326
    outer loop
      vertex 2.23563289642334 1.0133867263793945 2.016880989074707
      vertex 2.253465175628662 0.981162965297699 2.017894983291626
      vertex 2.2380881309509277 0.9480191469192505 2.0128817558288574
    endloop
  endfacet
  facet normal 0.17638717123726205 0.06670686733458726 -0.9820579207324396
    outer loop
      vertex 2.2178008556365967 1.0456104278564453 2.015866994857788
      vertex 2.23563289642334 1.0133867263793945 2.016880989074707
      vertex 2.202423572540283 1.012466549873352 2.0108537673950195
    endloop
  endfacet
  facet normal 0.1763871216063193 0.06670814738843316 -0.9820578426973843
    outer loop
      vertex 2.2380881309509277 0.9480191469192505 2.0128817558288574
      vertex 2.202423572540283 1.012466549873352 2.0108537673950195
      vertex 2.23563289642334 1.0133867263793945 2.016880989074707
    endloop
  endfacet
  facet normal 0.17638306653847344 0.06670587557962339 -0.9820587253324722
    outer loop
      vertex 2.19893479347229 0.9578402042388916 2.006516695022583
      vertex 2.202423572540283 1.012466549873352 2.0108537673950195
      vertex 2.2380881309509277 0.9480191469192505 2.0128817558288574
    endloop
  endfacet
  facet normal -0.8571011687359953 -0.48018094278408785 -0.1865578964782126
    outer loop
      vertex 2.23563289642334 1.0133867263793945 2.016880989074707
      vertex 2.2612767219543457 0.9841172099113464 1.9744025468826294
      vertex 2.253465175628662 0.981162965297699 2.017894983291626
    endloop
  endfacet
  facet normal -0.8571012145390627 -0.48018081647001326 -0.18655801116503976
    outer loop
      vertex 2.2438528537750244 1.0164953470230103 1.9711148738861084
      vertex 2.2612767219543457 0.9841172099113464 1.9744025468826294
      vertex 2.23563289642334 1.0133867263793945 2.016880989074707
    endloop
  endfacet
  facet normal -0.8571034573780847 -0.48017676352947264 -0.18655813870451848
    outer loop
      vertex 2.23563289642334 1.0133867263793945 2.016880989074707
      vertex 2.2178008556365967 1.0456104278564453 2.015866994857788
      vertex 2.2438528537750244 1.0164953470230103 1.9711148738861084
    endloop
  endfacet
  facet normal -0.8571019931395837 -0.4801807044189111 -0.18655472242725749
    outer loop
      vertex 2.226428985595703 1.0488735437393188 1.9678270816802979
      vertex 2.2438528537750244 1.0164953470230103 1.9711148738861084
      vertex 2.2178008556365967 1.0456104278564453 2.015866994857788
    endloop
  endfacet
  facet normal 0.8571021957962578 0.4801757123323706 0.18656664023167052
    outer loop
      vertex 2.1906564235687256 0.9806879162788391 1.9857416152954102
      vertex 2.2029783725738525 0.9658640623092651 1.967286467552185
      vertex 2.1942665576934814 0.9820531606674194 1.9656425714492798
    endloop
  endfacet
  facet normal 0.857100961895313 0.48018274850609755 0.18655419897514708
    outer loop
      vertex 2.187046527862549 0.9793227314949036 2.00584077835083
      vertex 2.19893479347229 0.9578402042388916 2.006516695022583
      vertex 2.1906564235687256 0.9806879162788391 1.9857416152954102
    endloop
  endfacet
  facet normal 0.8570991204164606 0.48018485171911024 0.18655724580092176
    outer loop
      vertex 2.2029783725738525 0.9658640623092651 1.967286467552185
      vertex 2.1906564235687256 0.9806879162788391 1.9857416152954102
      vertex 2.19893479347229 0.9578402042388916 2.006516695022583
    endloop
  endfacet
  facet normal 0.8570985448959271 0.4801858247143725 0.18655738548945885
    outer loop
      vertex 2.19893479347229 0.9578402042388916 2.006516695022583
      vertex 2.2116904258728027 0.9496750235557556 1.9689302444458008
      vertex 2.2029783725738525 0.9658640623092651 1.967286467552185
    endloop
  endfacet
  facet normal 0.8571033827902835 0.4801757797327391 0.18656101352508983
    outer loop
      vertex 2.220402240753174 0.9334859251976013 1.970574140548706
      vertex 2.2116904258728027 0.9496750235557556 1.9689302444458008
      vertex 2.210822820663452 0.9363577365875244 2.007192611694336
    endloop
  endfacet
  facet normal 0.857097307922943 0.4801854419383295 0.1865640536162713
    outer loop
      vertex 2.229114294052124 0.917296826839447 1.9722180366516113
      vertex 2.220402240753174 0.9334859251976013 1.970574140548706
      vertex 2.225912570953369 0.9160860776901245 1.9900434017181396
    endloop
  endfacet
  facet normal 0.8570994400466588 0.48018532073830494 0.1865545700838095
    outer loop
      vertex 2.2227110862731934 0.9148752689361572 2.007868766784668
      vertex 2.225912570953369 0.9160860776901245 1.9900434017181396
      vertex 2.210822820663452 0.9363577365875244 2.007192611694336
    endloop
  endfacet
  facet normal 0.8571003805052017 0.4801816218601056 0.18655976995493206
    outer loop
      vertex 2.220402240753174 0.9334859251976013 1.970574140548706
      vertex 2.210822820663452 0.9363577365875244 2.007192611694336
      vertex 2.225912570953369 0.9160860776901245 1.9900434017181396
    endloop
  endfacet
  facet normal 0.8571032208487619 0.4801760356186614 0.186561098914604
    outer loop
      vertex 2.19893479347229 0.9578402042388916 2.006516695022583
      vertex 2.210822820663452 0.9363577365875244 2.007192611694336
      vertex 2.2116904258728027 0.9496750235557556 1.9689302444458008
    endloop
  endfacet
  facet normal 0.1304873588684899 -0.03040943990547547 -0.9909835090152416
    outer loop
      vertex 2.1749024391174316 0.8732451796531677 1.9664316177368164
      vertex 2.161527633666992 0.8797469139099121 1.9644709825515747
      vertex 2.184584379196167 0.927649199962616 1.9660370349884033
    endloop
  endfacet
  facet normal 0.1304873588684899 -0.03040943990547547 -0.9909835090152416
    outer loop
      vertex 2.1749024391174316 0.8732451796531677 1.9664316177368164
      vertex 2.184584379196167 0.927649199962616 1.9660370349884033
      vertex 2.1979591846466064 0.9211474657058716 1.967997670173645
    endloop
  endfacet
  facet normal 0.13048033659601155 -0.030406026231099254 -0.9909845383913037
    outer loop
      vertex 2.188277244567871 0.8667434453964233 1.9683921337127686
      vertex 2.1749024391174316 0.8732451796531677 1.9664316177368164
      vertex 2.1979591846466064 0.9211474657058716 1.967997670173645
    endloop
  endfacet
  facet normal 0.13048021409262847 -0.030406004551718886 -0.9909845551861757
    outer loop
      vertex 2.188277244567871 0.8667434453964233 1.9683921337127686
      vertex 2.1979591846466064 0.9211474657058716 1.967997670173645
      vertex 2.211333990097046 0.9146456718444824 1.9699581861495972
    endloop
  endfacet
  facet normal 0.1304845025887728 -0.030407368496232472 -0.9909839486718717
    outer loop
      vertex 2.1388680934906006 0.866958498954773 1.9618797302246094
      vertex 2.1942665576934814 0.9820531606674194 1.9656425714492798
      vertex 2.184584379196167 0.927649199962616 1.9660370349884033
    endloop
  endfacet
  facet normal 0.13048696113111616 -0.030409246556916344 -0.9909835673201687
    outer loop
      vertex 2.1388680934906006 0.866958498954773 1.9618797302246094
      vertex 2.184584379196167 0.927649199962616 1.9660370349884033
      vertex 2.161527633666992 0.8797469139099121 1.9644709825515747
    endloop
  endfacet
  facet normal 0.13048873403152952 -0.030408117352310502 -0.9909833685233758
    outer loop
      vertex 2.2029783725738525 0.9658640623092651 1.967286467552185
      vertex 2.184584379196167 0.927649199962616 1.9660370349884033
      vertex 2.1942665576934814 0.9820531606674194 1.9656425714492798
    endloop
  endfacet
  facet normal 0.13047997020064542 -0.030403857047853637 -0.9909846531874509
    outer loop
      vertex 2.184584379196167 0.927649199962616 1.9660370349884033
      vertex 2.2029783725738525 0.9658640623092651 1.967286467552185
      vertex 2.2116904258728027 0.9496750235557556 1.9689302444458008
    endloop
  endfacet
  facet normal 0.13048625542958786 -0.030411732404266496 -0.9909835839589551
    outer loop
      vertex 2.1979591846466064 0.9211474657058716 1.967997670173645
      vertex 2.184584379196167 0.927649199962616 1.9660370349884033
      vertex 2.2116904258728027 0.9496750235557556 1.9689302444458008
    endloop
  endfacet
  facet normal 0.1304872333222843 -0.030409739172252898 -0.9909835163630983
    outer loop
      vertex 2.161527633666992 0.8797469139099121 1.9644709825515747
      vertex 2.0834696292877197 0.7518638968467712 1.9581170082092285
      vertex 2.1388680934906006 0.866958498954773 1.9618797302246094
    endloop
  endfacet
  facet normal 0.1304830435207487 -0.0304074160865833 -0.9909841393284252
    outer loop
      vertex 2.04569149017334 0.6047987341880798 1.9576553106307983
      vertex 2.028071403503418 0.6367692351341248 1.9543542861938477
      vertex 2.0834696292877197 0.7518638968467712 1.9581170082092285
    endloop
  endfacet
  facet normal 0.13048721906406194 -0.030409730362519077 -0.9909835185108814
    outer loop
      vertex 2.0834696292877197 0.7518638968467712 1.9581170082092285
      vertex 2.161527633666992 0.8797469139099121 1.9644709825515747
      vertex 2.1749024391174316 0.8732451796531677 1.9664316177368164
    endloop
  endfacet
  facet normal 0.130484081157477 -0.030410675437098186 -0.9909839026865918
    outer loop
      vertex 2.1979591846466064 0.9211474657058716 1.967997670173645
      vertex 2.2116904258728027 0.9496750235557556 1.9689302444458008
      vertex 2.220402240753174 0.9334859251976013 1.970574140548706
    endloop
  endfacet
  facet normal 0.13048650783917423 -0.030407425562352455 -0.9909836828841366
    outer loop
      vertex 2.211333990097046 0.9146456718444824 1.9699581861495972
      vertex 2.220402240753174 0.9334859251976013 1.970574140548706
      vertex 2.229114294052124 0.917296826839447 1.9722180366516113
    endloop
  endfacet
  facet normal 0.13048085320139272 -0.030404676754722713 -0.9909845117756773
    outer loop
      vertex 2.211333990097046 0.9146456718444824 1.9699581861495972
      vertex 2.1979591846466064 0.9211474657058716 1.967997670173645
      vertex 2.220402240753174 0.9334859251976013 1.970574140548706
    endloop
  endfacet
  facet normal 0.13048675930388434 -0.030409186320468025 -0.9909835957439949
    outer loop
      vertex 2.229114294052124 0.917296826839447 1.9722180366516113
      vertex 2.188277244567871 0.8667434453964233 1.9683921337127686
      vertex 2.211333990097046 0.9146456718444824 1.9699581861495972
    endloop
  endfacet
  facet normal 0.13048383218914927 -0.030407619025496397 -0.9909840292569978
    outer loop
      vertex 2.0834696292877197 0.7518638968467712 1.9581170082092285
      vertex 2.118579149246216 0.6876510977745056 1.9647102355957031
      vertex 2.04569149017334 0.6047987341880798 1.9576553106307983
    endloop
  endfacet
  facet normal 0.13047984200880547 -0.030407053782478013 -0.9909845719836543
    outer loop
      vertex 2.17384672164917 0.8024739623069763 1.9684641361236572
      vertex 2.1749024391174316 0.8732451796531677 1.9664316177368164
      vertex 2.188277244567871 0.8667434453964233 1.9683921337127686
    endloop
  endfacet
  facet normal 0.13048400533384108 -0.03040752231929424 -0.9909840094262066
    outer loop
      vertex 2.118579149246216 0.6876510977745056 1.9647102355957031
      vertex 2.0834696292877197 0.7518638968467712 1.9581170082092285
      vertex 2.17384672164917 0.8024739623069763 1.9684641361236572
    endloop
  endfacet
  facet normal 0.130483426752063 -0.030407256858623864 -0.9909840937539677
    outer loop
      vertex 2.04569149017334 0.6047987341880798 1.9576553106307983
      vertex 2.118579149246216 0.6876510977745056 1.9647102355957031
      vertex 2.0633115768432617 0.5728282928466797 1.960956335067749
    endloop
  endfacet
  facet normal 0.13048578421894103 -0.030408387073400735 -0.9909837486620868
    outer loop
      vertex 2.17384672164917 0.8024739623069763 1.9684641361236572
      vertex 2.188277244567871 0.8667434453964233 1.9683921337127686
      vertex 2.229114294052124 0.917296826839447 1.9722180366516113
    endloop
  endfacet
  facet normal 0.13048377245038675 -0.030407097512769873 -0.9909840531249554
    outer loop
      vertex 2.17384672164917 0.8024739623069763 1.9684641361236572
      vertex 2.0834696292877197 0.7518638968467712 1.9581170082092285
      vertex 2.1749024391174316 0.8732451796531677 1.9664316177368164
    endloop
  endfacet
  facet normal 0.15823399085037623 0.02785980987827774 -0.9870085283993798
    outer loop
      vertex 2.455514430999756 1.3970937728881836 2.0188748836517334
      vertex 2.4475133419036865 1.4266406297683716 2.0184261798858643
      vertex 2.470161199569702 1.4281964302062988 2.0221009254455566
    endloop
  endfacet
  facet normal 0.1582346891356805 0.02785203299674382 -0.9870086359359187
    outer loop
      vertex 2.418219804763794 1.3644355535507202 2.011974334716797
      vertex 2.455514430999756 1.3970937728881836 2.0188748836517334
      vertex 2.4408676624298096 1.365991234779358 2.0156490802764893
    endloop
  endfacet
  facet normal 0.15822668049631514 0.027861394059397925 -0.9870096556266225
    outer loop
      vertex 2.455514430999756 1.3970937728881836 2.0188748836517334
      vertex 2.418219804763794 1.3644355535507202 2.011974334716797
      vertex 2.38757061958313 1.392426609992981 2.0078511238098145
    endloop
  endfacet
  facet normal 0.15822693143248465 0.02785788022206082 -0.9870097145818744
    outer loop
      vertex 2.38757061958313 1.392426609992981 2.0078511238098145
      vertex 2.4475133419036865 1.4266406297683716 2.0184261798858643
      vertex 2.455514430999756 1.3970937728881836 2.0188748836517334
    endloop
  endfacet
  facet normal 0.15823454111151022 0.027852104954749542 -0.987008657636203
    outer loop
      vertex 2.38757061958313 1.392426609992981 2.0078511238098145
      vertex 2.402217388153076 1.4235291481018066 2.0110769271850586
      vertex 2.424865245819092 1.4250849485397339 2.014751672744751
    endloop
  endfacet
  facet normal 0.15823413103897907 0.027859848198132673 -0.987008504843153
    outer loop
      vertex 2.3729238510131836 1.3613240718841553 2.004625082015991
      vertex 2.38757061958313 1.392426609992981 2.0078511238098145
      vertex 2.395571708679199 1.362879753112793 2.0082998275756836
    endloop
  endfacet
  facet normal 0.15822246539146292 0.027856659452746638 -0.9870104649747039
    outer loop
      vertex 2.38757061958313 1.392426609992981 2.0078511238098145
      vertex 2.418219804763794 1.3644355535507202 2.011974334716797
      vertex 2.395571708679199 1.362879753112793 2.0082998275756836
    endloop
  endfacet
  facet normal 0.1582218764117298 0.027866908279978966 -0.987010270082164
    outer loop
      vertex 2.424865245819092 1.4250849485397339 2.014751672744751
      vertex 2.4475133419036865 1.4266406297683716 2.0184261798858643
      vertex 2.38757061958313 1.392426609992981 2.0078511238098145
    endloop
  endfacet
  facet normal -0.07122093325699053 0.9973202032965244 0.01673292450776766
    outer loop
      vertex 2.4431710243225098 1.3663967847824097 2.001281261444092
      vertex 2.418219804763794 1.3644355535507202 2.011974334716797
      vertex 2.4408676624298096 1.365991234779358 2.0156490802764893
    endloop
  endfacet
  facet normal -0.07122425314971312 0.9973199705910079 0.01673266337486187
    outer loop
      vertex 2.428400993347168 1.3656201362609863 1.9847018718719482
      vertex 2.4431710243225098 1.3663967847824097 2.001281261444092
      vertex 2.44547438621521 1.3668023347854614 1.9869136810302734
    endloop
  endfacet
  facet normal -0.07122193262041943 0.9973201711499625 0.016730586696874855
    outer loop
      vertex 2.418219804763794 1.3644355535507202 2.011974334716797
      vertex 2.4431710243225098 1.3663967847824097 2.001281261444092
      vertex 2.428400993347168 1.3656201362609863 1.9847018718719482
    endloop
  endfacet
  facet normal -0.07121822637128936 0.9973204124312314 0.016731980771152857
    outer loop
      vertex 2.428400993347168 1.3656201362609863 1.9847018718719482
      vertex 2.411327838897705 1.3644380569458008 1.982490062713623
      vertex 2.418219804763794 1.3644355535507202 2.011974334716797
    endloop
  endfacet
  facet normal -0.07122060223649214 0.9973202615760393 0.016730859720054857
    outer loop
      vertex 2.3750526905059814 1.361698865890503 1.9913458824157715
      vertex 2.3729238510131836 1.3613240718841553 2.004625082015991
      vertex 2.395571708679199 1.362879753112793 2.0082998275756836
    endloop
  endfacet
  facet normal -0.07122371732699855 0.997319975527925 0.016734649775329246
    outer loop
      vertex 2.411327838897705 1.3644380569458008 1.982490062713623
      vertex 2.3750526905059814 1.361698865890503 1.9913458824157715
      vertex 2.395571708679199 1.362879753112793 2.0082998275756836
    endloop
  endfacet
  facet normal -0.07122488530338268 0.9973199723988484 0.016729864550559907
    outer loop
      vertex 2.3750526905059814 1.361698865890503 1.9913458824157715
      vertex 2.411327838897705 1.3644380569458008 1.982490062713623
      vertex 2.394254684448242 1.3632558584213257 1.9802782535552979
    endloop
  endfacet
  facet normal -0.07122479021366429 0.9973199764128401 0.016730030092969632
    outer loop
      vertex 2.3750526905059814 1.361698865890503 1.9913458824157715
      vertex 2.394254684448242 1.3632558584213257 1.9802782535552979
      vertex 2.3771815299987793 1.3620736598968506 1.9780665636062622
    endloop
  endfacet
  facet normal -0.07122535138309524 0.9973198756693689 0.0167336462012652
    outer loop
      vertex 2.418219804763794 1.3644355535507202 2.011974334716797
      vertex 2.411327838897705 1.3644380569458008 1.982490062713623
      vertex 2.395571708679199 1.362879753112793 2.0082998275756836
    endloop
  endfacet
  facet normal 0.07122641868666188 -0.9973197841792096 -0.016734556038535846
    outer loop
      vertex 2.4046998023986816 1.4239662885665894 1.9955906867980957
      vertex 2.424865245819092 1.4250849485397339 2.014751672744751
      vertex 2.402217388153076 1.4235291481018066 2.0110769271850586
    endloop
  endfacet
  facet normal 0.0712243646015933 -0.9973199479944619 -0.01673353577171049
    outer loop
      vertex 2.424255847930908 1.4255856275558472 1.982316017150879
      vertex 2.4046998023986816 1.4239662885665894 1.9955906867980957
      vertex 2.407182455062866 1.424403429031372 1.9801042079925537
    endloop
  endfacet
  facet normal 0.0712193688887386 -0.9973201807675357 -0.016740923776773713
    outer loop
      vertex 2.4046998023986816 1.4239662885665894 1.9955906867980957
      vertex 2.424255847930908 1.4255856275558472 1.982316017150879
      vertex 2.441329002380371 1.4267677068710327 1.984527826309204
    endloop
  endfacet
  facet normal 0.07122253032601664 -0.997320130866135 -0.016730443601858738
    outer loop
      vertex 2.441329002380371 1.4267677068710327 1.984527826309204
      vertex 2.424865245819092 1.4250849485397339 2.014751672744751
      vertex 2.4046998023986816 1.4239662885665894 1.9955906867980957
    endloop
  endfacet
  facet normal 0.07122537774670534 -0.9973199674489824 -0.016728063019963643
    outer loop
      vertex 2.472818374633789 1.428664207458496 2.005526065826416
      vertex 2.470161199569702 1.4281964302062988 2.0221009254455566
      vertex 2.4475133419036865 1.4266406297683716 2.0184261798858643
    endloop
  endfacet
  facet normal 0.0712231184495595 -0.9973200542241475 -0.01673250849883665
    outer loop
      vertex 2.441329002380371 1.4267677068710327 1.984527826309204
      vertex 2.472818374633789 1.428664207458496 2.005526065826416
      vertex 2.4475133419036865 1.4266406297683716 2.0184261798858643
    endloop
  endfacet
  facet normal 0.07122572545321393 -0.9973198020612222 -0.01673644078733199
    outer loop
      vertex 2.472818374633789 1.428664207458496 2.005526065826416
      vertex 2.441329002380371 1.4267677068710327 1.984527826309204
      vertex 2.458402156829834 1.4279499053955078 1.9867396354675293
    endloop
  endfacet
  facet normal 0.07122572545321393 -0.9973198020612222 -0.01673644078733199
    outer loop
      vertex 2.472818374633789 1.428664207458496 2.005526065826416
      vertex 2.458402156829834 1.4279499053955078 1.9867396354675293
      vertex 2.475475311279297 1.429132103919983 1.9889514446258545
    endloop
  endfacet
  facet normal 0.071219849740822 -0.9973202976414998 -0.01673191307546843
    outer loop
      vertex 2.424865245819092 1.4250849485397339 2.014751672744751
      vertex 2.441329002380371 1.4267677068710327 1.984527826309204
      vertex 2.4475133419036865 1.4266406297683716 2.0184261798858643
    endloop
  endfacet
  facet normal 0.13048537841760888 -0.03040675438203702 -0.9909838521929426
    outer loop
      vertex 2.433161735534668 1.4783772230148315 1.9818687438964844
      vertex 2.4591410160064697 1.5323511362075806 1.9836333990097046
      vertex 2.517571210861206 1.5165892839431763 1.99181067943573
    endloop
  endfacet
  facet normal 0.13048541467943284 -0.030406836380362054 -0.9909838449022639
    outer loop
      vertex 2.433161735534668 1.4783772230148315 1.9818687438964844
      vertex 2.517571210861206 1.5165892839431763 1.99181067943573
      vertex 2.496523380279541 1.4728606939315796 1.9903810024261475
    endloop
  endfacet
  facet normal 0.1304846869371107 -0.030408676397913448 -0.9909838842658599
    outer loop
      vertex 2.407182455062866 1.424403429031372 1.9801042079925537
      vertex 2.433161735534668 1.4783772230148315 1.9818687438964844
      vertex 2.424255847930908 1.4255856275558472 1.982316017150879
    endloop
  endfacet
  facet normal 0.13048628697396464 -0.03040894446780257 -0.9909836653588706
    outer loop
      vertex 2.433161735534668 1.4783772230148315 1.9818687438964844
      vertex 2.441329002380371 1.4267677068710327 1.984527826309204
      vertex 2.424255847930908 1.4255856275558472 1.982316017150879
    endloop
  endfacet
  facet normal 0.1304843262755647 -0.03040792410424027 -0.9909839548388676
    outer loop
      vertex 2.4591410160064697 1.5323511362075806 1.9836333990097046
      vertex 2.4851200580596924 1.58632493019104 1.9853979349136353
      vertex 2.538619041442871 1.5603179931640625 1.993240237236023
    endloop
  endfacet
  facet normal 0.1304847393351896 -0.03040912935066437 -0.9909838634673938
    outer loop
      vertex 2.4591410160064697 1.5323511362075806 1.9836333990097046
      vertex 2.538619041442871 1.5603179931640625 1.993240237236023
      vertex 2.517571210861206 1.5165892839431763 1.99181067943573
    endloop
  endfacet
  facet normal 0.13048516806535226 -0.030409588723490723 -0.990983792919251
    outer loop
      vertex 2.496523380279541 1.4728606939315796 1.9903810024261475
      vertex 2.458402156829834 1.4279499053955078 1.9867396354675293
      vertex 2.433161735534668 1.4783772230148315 1.9818687438964844
    endloop
  endfacet
  facet normal 0.13048649355179215 -0.03040891042896148 -0.9909836392025256
    outer loop
      vertex 2.433161735534668 1.4783772230148315 1.9818687438964844
      vertex 2.458402156829834 1.4279499053955078 1.9867396354675293
      vertex 2.441329002380371 1.4267677068710327 1.984527826309204
    endloop
  endfacet
  facet normal 0.1304866172091351 -0.030410837365139796 -0.9909835637890609
    outer loop
      vertex 2.475475311279297 1.429132103919983 1.9889514446258545
      vertex 2.458402156829834 1.4279499053955078 1.9867396354675293
      vertex 2.496523380279541 1.4728606939315796 1.9903810024261475
    endloop
  endfacet
endsolid beam