solid f8
  facet normal -0.20050863722740098 -0.9737015301104351 0.1081740110091502
    outer loop
      vertex 4.996609210968018 1.2942951917648315 0.8556670546531677
      vertex 5.035298824310303 1.2818257808685303 0.8151408433914185
      vertex 5.042408466339111 1.2811392545700073 0.8221395015716553
    endloop
  endfacet
  facet normal -0.20050863722740098 -0.9737015301104351 0.1081740110091502
    outer loop
      vertex 4.996609210968018 1.2942951917648315 0.8556670546531677
      vertex 5.042408466339111 1.2811392545700073 0.8221395015716553
      vertex 5.003718852996826 1.2936086654663086 0.8626657128334045
    endloop
  endfacet
  facet normal -0.20050863722740098 -0.9737015301104351 0.1081740110091502
    outer loop
      vertex 5.003718852996826 1.2936086654663086 0.8626657128334045
      vertex 5.042408466339111 1.2811392545700073 0.8221395015716553
      vertex 5.04951810836792 1.2804527282714844 0.8291381597518921
    endloop
  endfacet
  facet normal -0.20051552666549008 -0.9737011724609201 0.10816445957101856
    outer loop
      vertex 5.003718852996826 1.2936086654663086 0.8626657128334045
      vertex 5.04951810836792 1.2804527282714844 0.8291381597518921
      vertex 5.010828495025635 1.292922019958496 0.8696643710136414
    endloop
  endfacet
  facet normal -0.20050727418903 -0.9737019694071601 0.1081725832635186
    outer loop
      vertex 5.010828495025635 1.292922019958496 0.8696643710136414
      vertex 5.04951810836792 1.2804527282714844 0.8291381597518921
      vertex 5.0566277503967285 1.2797662019729614 0.8361368179321289
    endloop
  endfacet
  facet normal -0.20050727418903 -0.9737019694071601 0.1081725832635186
    outer loop
      vertex 5.010828495025635 1.292922019958496 0.8696643710136414
      vertex 5.0566277503967285 1.2797662019729614 0.8361368179321289
      vertex 5.017938137054443 1.2922354936599731 0.8766630291938782
    endloop
  endfacet
  facet normal -0.20051673171452847 -0.9737007840824099 0.10816572183378692
    outer loop
      vertex 5.02504825592041 1.2915489673614502 0.883661687374115
      vertex 5.032157897949219 1.2908623218536377 0.8906603455543518
      vertex 4.954779148101807 1.3158010244369507 0.9717128276824951
    endloop
  endfacet
  facet normal -0.20050224320111712 -0.9737020564466802 0.10818112470679109
    outer loop
      vertex 4.9405598640441895 1.3171741962432861 0.9577155113220215
      vertex 5.017938137054443 1.2922354936599731 0.8766630291938782
      vertex 5.02504825592041 1.2915489673614502 0.883661687374115
    endloop
  endfacet
  facet normal -0.20051226471057162 -0.9737012924003077 0.10816942672774053
    outer loop
      vertex 4.954779148101807 1.3158010244369507 0.9717128276824951
      vertex 4.9405598640441895 1.3171741962432861 0.9577155113220215
      vertex 5.02504825592041 1.2915489673614502 0.883661687374115
    endloop
  endfacet
  facet normal -0.20051552666549008 -0.9737011724609201 0.10816445957101856
    outer loop
      vertex 5.017938137054443 1.2922354936599731 0.8766630291938782
      vertex 5.0566277503967285 1.2797662019729614 0.8361368179321289
      vertex 5.063737392425537 1.279079556465149 0.8431354761123657
    endloop
  endfacet
  facet normal -0.2005029625589287 -0.9737018245953408 0.1081818782643236
    outer loop
      vertex 5.017938137054443 1.2922354936599731 0.8766630291938782
      vertex 5.063737392425537 1.279079556465149 0.8431354761123657
      vertex 5.02504825592041 1.2915489673614502 0.883661687374115
    endloop
  endfacet
  facet normal -0.20050975996250994 -0.973701168258404 0.10817518704396165
    outer loop
      vertex 5.02504825592041 1.2915489673614502 0.883661687374115
      vertex 5.063737392425537 1.279079556465149 0.8431354761123657
      vertex 5.070847034454346 1.278393030166626 0.8501341342926025
    endloop
  endfacet
  facet normal -0.20051664943729106 -0.9737008105998687 0.10816563565015236
    outer loop
      vertex 5.02504825592041 1.2915489673614502 0.883661687374115
      vertex 5.070847034454346 1.278393030166626 0.8501341342926025
      vertex 5.032157897949219 1.2908623218536377 0.8906603455543518
    endloop
  endfacet
  facet normal -0.20050839691768862 -0.9737016075607053 0.10817375929123044
    outer loop
      vertex 5.032157897949219 1.2908623218536377 0.8906603455543518
      vertex 5.070847034454346 1.278393030166626 0.8501341342926025
      vertex 5.077956676483154 1.277706503868103 0.8571327924728394
    endloop
  endfacet
  facet normal -0.2005087796112792 -0.9737015876969949 0.10817322873588939
    outer loop
      vertex 5.032157897949219 1.2908623218536377 0.8906603455543518
      vertex 5.077956676483154 1.277706503868103 0.8571327924728394
      vertex 5.039267539978027 1.2901757955551147 0.8976590633392334
    endloop
  endfacet
  facet normal -0.20051264332578297 -0.9737011703751148 0.10816982331796185
    outer loop
      vertex 4.863181114196777 1.3421128988265991 1.03876793384552
      vertex 4.9405598640441895 1.3171741962432861 0.9577155113220215
      vertex 4.954779148101807 1.3158010244369507 0.9717128276824951
    endloop
  endfacet
  facet normal -0.20051264332578297 -0.9737011703751148 0.10816982331796185
    outer loop
      vertex 4.863181114196777 1.3421128988265991 1.03876793384552
      vertex 4.954779148101807 1.3158010244369507 0.9717128276824951
      vertex 4.8774003982543945 1.3407397270202637 1.0527652502059937
    endloop
  endfacet
  facet normal -0.20050904525304036 -0.9737015074914624 0.10817345829993469
    outer loop
      vertex 5.105039596557617 1.267372965812683 0.8143181204795837
      vertex 5.117760181427002 1.266482949256897 0.8298855423927307
      vertex 5.077956676483154 1.277706503868103 0.8571327924728394
    endloop
  endfacet
  facet normal -0.20051004003105793 -0.9737014659832889 0.10817198800400116
    outer loop
      vertex 5.039267539978027 1.2901757955551147 0.8976590633392334
      vertex 5.077956676483154 1.277706503868103 0.8571327924728394
      vertex 5.117760181427002 1.266482949256897 0.8298855423927307
    endloop
  endfacet
  facet normal -0.2005086657611414 -0.973701574500695 0.10817355855085009
    outer loop
      vertex 5.105039596557617 1.267372965812683 0.8143181204795837
      vertex 5.063737392425537 1.279079556465149 0.8431354761123657
      vertex 5.092319011688232 1.2682629823684692 0.7987507581710815
    endloop
  endfacet
  facet normal -0.20050847273482617 -0.973701583125345 0.10817383870762866
    outer loop
      vertex 5.070847034454346 1.278393030166626 0.8501341342926025
      vertex 5.105039596557617 1.267372965812683 0.8143181204795837
      vertex 5.077956676483154 1.277706503868103 0.8571327924728394
    endloop
  endfacet
  facet normal -0.20051811591933613 -0.9737003379592071 0.10816717175874524
    outer loop
      vertex 5.0566277503967285 1.2797662019729614 0.8361368179321289
      vertex 5.092319011688232 1.2682629823684692 0.7987507581710815
      vertex 5.063737392425537 1.279079556465149 0.8431354761123657
    endloop
  endfacet
  facet normal -0.2005089376227902 -0.9737015367711046 0.10817339424724136
    outer loop
      vertex 5.032157897949219 1.2908623218536377 0.8906603455543518
      vertex 5.039267539978027 1.2901757955551147 0.8976590633392334
      vertex 4.954779148101807 1.3158010244369507 0.9717128276824951
    endloop
  endfacet
  facet normal -0.20050847273482617 -0.973701583125345 0.10817383870762866
    outer loop
      vertex 5.105039596557617 1.267372965812683 0.8143181204795837
      vertex 5.070847034454346 1.278393030166626 0.8501341342926025
      vertex 5.063737392425537 1.279079556465149 0.8431354761123657
    endloop
  endfacet
  facet normal -0.20051012676106633 -0.9737014595329169 0.10817188530172116
    outer loop
      vertex 5.039267539978027 1.2901757955551147 0.8976590633392334
      vertex 5.117760181427002 1.266482949256897 0.8298855423927307
      vertex 4.970973014831543 1.3137915134429932 0.9836418032646179
    endloop
  endfacet
  facet normal -0.20051292253259853 -0.9737009901038528 0.10817092847994293
    outer loop
      vertex 5.092319011688232 1.2682629823684692 0.7987507581710815
      vertex 5.04951810836792 1.2804527282714844 0.8291381597518921
      vertex 5.079598903656006 1.2691529989242554 0.7831833958625793
    endloop
  endfacet
  facet normal -0.20050894693459434 -0.9737015368493493 0.10817337628268424
    outer loop
      vertex 5.079598903656006 1.2691529989242554 0.7831833958625793
      vertex 5.035298824310303 1.2818257808685303 0.8151408433914185
      vertex 5.066878318786621 1.2700430154800415 0.7676159739494324
    endloop
  endfacet
  facet normal -0.2005085559952173 -0.9737015562910587 0.10817392592063486
    outer loop
      vertex 5.042408466339111 1.2811392545700073 0.8221395015716553
      vertex 5.079598903656006 1.2691529989242554 0.7831833958625793
      vertex 5.04951810836792 1.2804527282714844 0.8291381597518921
    endloop
  endfacet
  facet normal -0.20050986339760585 -0.9737011349216336 0.10817529538945518
    outer loop
      vertex 5.0566277503967285 1.2797662019729614 0.8361368179321289
      vertex 5.04951810836792 1.2804527282714844 0.8291381597518921
      vertex 5.092319011688232 1.2682629823684692 0.7987507581710815
    endloop
  endfacet
  facet normal -0.20050880804146598 -0.9737014750580837 0.10817418993226809
    outer loop
      vertex 4.9319963455200195 1.3187872171401978 0.9563619494438171
      vertex 5.010828495025635 1.292922019958496 0.8696643710136414
      vertex 5.017938137054443 1.2922354936599731 0.8766630291938782
    endloop
  endfacet
  facet normal -0.2005085559952173 -0.9737015562910587 0.10817392592063486
    outer loop
      vertex 5.079598903656006 1.2691529989242554 0.7831833958625793
      vertex 5.042408466339111 1.2811392545700073 0.8221395015716553
      vertex 5.035298824310303 1.2818257808685303 0.8151408433914185
    endloop
  endfacet
  facet normal -0.20051724666052817 -0.9737006181180602 0.10816626122866807
    outer loop
      vertex 5.003718852996826 1.2936086654663086 0.8626657128334045
      vertex 5.010828495025635 1.292922019958496 0.8696643710136414
      vertex 4.9319963455200195 1.3187872171401978 0.9563619494438171
    endloop
  endfacet
  facet normal -0.20051094825219523 -0.9737012795518248 0.10817198264867184
    outer loop
      vertex 4.988346099853516 1.2953535318374634 0.8498767614364624
      vertex 5.066878318786621 1.2700430154800415 0.7676159739494324
      vertex 5.035298824310303 1.2818257808685303 0.8151408433914185
    endloop
  endfacet
  facet normal -0.200511583601275 -0.9737012455929194 0.10817111061880776
    outer loop
      vertex 4.988346099853516 1.2953535318374634 0.8498767614364624
      vertex 5.035298824310303 1.2818257808685303 0.8151408433914185
      vertex 4.996609210968018 1.2942951917648315 0.8556670546531677
    endloop
  endfacet
  facet normal -0.20050904819923335 -0.9737015805075212 0.10817279559756525
    outer loop
      vertex 4.9319963455200195 1.3187872171401978 0.9563619494438171
      vertex 4.90981388092041 1.3206639289855957 0.9321374893188477
      vertex 5.003718852996826 1.2936086654663086 0.8626657128334045
    endloop
  endfacet
  facet normal -0.20050490213303349 -0.9737018196092676 0.10817832828355227
    outer loop
      vertex 4.9319963455200195 1.3187872171401978 0.9563619494438171
      vertex 4.9405598640441895 1.3171741962432861 0.9577155113220215
      vertex 4.9070820808410645 1.3265187740325928 0.9797751307487488
    endloop
  endfacet
  facet normal -0.20051063001191574 -0.9737013647992141 0.10817180520067285
    outer loop
      vertex 4.8774003982543945 1.3407397270202637 1.0527652502059937
      vertex 4.954779148101807 1.3158010244369507 0.9717128276824951
      vertex 4.970973014831543 1.3137915134429932 0.9836418032646179
    endloop
  endfacet
  facet normal -0.200504923049698 -0.9737017976991149 0.10817848672608923
    outer loop
      vertex 5.017938137054443 1.2922354936599731 0.8766630291938782
      vertex 4.9405598640441895 1.3171741962432861 0.9577155113220215
      vertex 4.9319963455200195 1.3187872171401978 0.9563619494438171
    endloop
  endfacet
  facet normal -0.20050834165236414 -0.973701595859303 0.10817396705707406
    outer loop
      vertex 4.797178268432617 1.3633850812911987 1.107904314994812
      vertex 4.8774003982543945 1.3407397270202637 1.0527652502059937
      vertex 4.824185848236084 1.361100196838379 1.1373980045318604
    endloop
  endfacet
  facet normal -0.20050971933399436 -0.9737014132763092 0.1081730568871975
    outer loop
      vertex 4.970973014831543 1.3137915134429932 0.9836418032646179
      vertex 4.824185848236084 1.361100196838379 1.1373980045318604
      vertex 4.8774003982543945 1.3407397270202637 1.0527652502059937
    endloop
  endfacet
  facet normal -0.2005065155040807 -0.9737017621091564 0.10817585546662145
    outer loop
      vertex 4.863181114196777 1.3421128988265991 1.03876793384552
      vertex 4.9070820808410645 1.3265187740325928 0.9797751307487488
      vertex 4.9405598640441895 1.3171741962432861 0.9577155113220215
    endloop
  endfacet
  facet normal -0.20051177434856027 -0.9737014504402727 0.10816891308551302
    outer loop
      vertex 4.8774003982543945 1.3407397270202637 1.0527652502059937
      vertex 4.797178268432617 1.3633850812911987 1.107904314994812
      vertex 4.863181114196777 1.3421128988265991 1.03876793384552
    endloop
  endfacet
  facet normal -0.20050385424120326 -0.973702215232275 0.1081767095366778
    outer loop
      vertex 4.797178268432617 1.3633850812911987 1.107904314994812
      vertex 4.882167816162109 1.3342503309249878 1.0031882524490356
      vertex 4.863181114196777 1.3421128988265991 1.03876793384552
    endloop
  endfacet
  facet normal -0.20050836807411315 -0.9737016168567946 0.10817372907836667
    outer loop
      vertex 5.003718852996826 1.2936086654663086 0.8626657128334045
      vertex 4.90981388092041 1.3206639289855957 0.9321374893188477
      vertex 4.996609210968018 1.2942951917648315 0.8556670546531677
    endloop
  endfacet
  facet normal -0.20051116333579888 -0.9737014019386805 0.10817048229703291
    outer loop
      vertex 4.996609210968018 1.2942951917648315 0.8556670546531677
      vertex 4.90981388092041 1.3206639289855957 0.9321374893188477
      vertex 4.988346099853516 1.2953535318374634 0.8498767614364624
    endloop
  endfacet
  facet normal -0.2005116110142602 -0.973701300032197 0.10817056976865487
    outer loop
      vertex 4.831719875335693 1.3458333015441895 1.013939380645752
      vertex 4.862494468688965 1.3359148502349854 0.9817037582397461
      vertex 4.882167816162109 1.3342503309249878 1.0031882524490356
    endloop
  endfacet
  facet normal -0.2005116110142602 -0.973701300032197 0.10817056976865487
    outer loop
      vertex 4.882167816162109 1.3342503309249878 1.0031882524490356
      vertex 4.800945281982422 1.3557517528533936 1.0461750030517578
      vertex 4.831719875335693 1.3458333015441895 1.013939380645752
    endloop
  endfacet
  facet normal -0.20051199207315148 -0.9737013014682835 0.10816985048444547
    outer loop
      vertex 4.797178268432617 1.3633850812911987 1.107904314994812
      vertex 4.800945281982422 1.3557517528533936 1.0461750030517578
      vertex 4.882167816162109 1.3342503309249878 1.0031882524490356
    endloop
  endfacet
  facet normal -0.2005085022280505 -0.9737019870405123 0.10817014822778967
    outer loop
      vertex 4.800945281982422 1.3557517528533936 1.0461750030517578
      vertex 4.797178268432617 1.3633850812911987 1.107904314994812
      vertex 4.77017068862915 1.365670084953308 1.0784106254577637
    endloop
  endfacet
  facet normal -0.20050960374344615 -0.9737013923473556 0.1081734595335988
    outer loop
      vertex 4.882167816162109 1.3342503309249878 1.0031882524490356
      vertex 4.9070820808410645 1.3265187740325928 0.9797751307487488
      vertex 4.863181114196777 1.3421128988265991 1.03876793384552
    endloop
  endfacet
  facet normal -0.20051048057100998 -0.9737014191271635 0.10817159317922087
    outer loop
      vertex 4.970973014831543 1.3137915134429932 0.9836418032646179
      vertex 4.954779148101807 1.3158010244369507 0.9717128276824951
      vertex 5.039267539978027 1.2901757955551147 0.8976590633392334
    endloop
  endfacet
  facet normal -0.5055088413231354 0.6911901771500316 0.5164464641716981
    outer loop
      vertex 4.788377285003662 1.3909519910812378 1.0623953342437744
      vertex 4.797178268432617 1.3633850812911987 1.107904314994812
      vertex 4.842392444610596 1.386381983757019 1.1213828325271606
    endloop
  endfacet
  facet normal -0.5055089355386522 0.6911912870962641 0.5164448864426762
    outer loop
      vertex 4.842392444610596 1.386381983757019 1.1213828325271606
      vertex 4.797178268432617 1.3633850812911987 1.107904314994812
      vertex 4.824185848236084 1.361100196838379 1.1373980045318604
    endloop
  endfacet
  facet normal -0.5055088975135277 0.6911908391226418 0.5164455232138198
    outer loop
      vertex 4.833591461181641 1.413948893547058 1.0758737325668335
      vertex 4.842392444610596 1.386381983757019 1.1213828325271606
      vertex 4.860599040985107 1.4116638898849487 1.1053675413131714
    endloop
  endfacet
  facet normal -0.5055078385759636 0.6911907817627815 0.5164466364924963
    outer loop
      vertex 4.788377285003662 1.3909519910812378 1.0623953342437744
      vertex 4.833591461181641 1.413948893547058 1.0758737325668335
      vertex 4.806583881378174 1.4162338972091675 1.0463800430297852
    endloop
  endfacet
  facet normal -0.5055078385759636 0.6911907817627815 0.5164466364924963
    outer loop
      vertex 4.788377285003662 1.3909519910812378 1.0623953342437744
      vertex 4.77017068862915 1.365670084953308 1.0784106254577637
      vertex 4.797178268432617 1.3633850812911987 1.107904314994812
    endloop
  endfacet
  facet normal -0.5055078947681096 0.6911914437343852 0.5164456955338962
    outer loop
      vertex 4.833591461181641 1.413948893547058 1.0758737325668335
      vertex 4.788377285003662 1.3909519910812378 1.0623953342437744
      vertex 4.842392444610596 1.386381983757019 1.1213828325271606
    endloop
  endfacet
  facet normal -0.2005123027488949 -0.9737011751702914 0.10817041147341983
    outer loop
      vertex 5.080601215362549 1.2740215063095093 0.7826424837112427
      vertex 5.067881107330322 1.2749115228652954 0.7670751214027405
      vertex 5.093147277832031 1.2667683362960815 0.7406089901924133
    endloop
  endfacet
  facet normal -0.20051110532556357 -0.973701249278198 0.10817196399805931
    outer loop
      vertex 5.144029140472412 1.2632081508636475 0.8028785586357117
      vertex 5.093147277832031 1.2667683362960815 0.7406089901924133
      vertex 5.14385461807251 1.2568449974060059 0.7452776432037354
    endloop
  endfacet
  facet normal -0.20050954422533657 -0.9737013584980654 0.1081738745426541
    outer loop
      vertex 5.093147277832031 1.2667683362960815 0.7406089901924133
      vertex 5.118413925170898 1.2586250305175781 0.7141428589820862
      vertex 5.131134510040283 1.257735013961792 0.7297102808952332
    endloop
  endfacet
  facet normal -0.20051092252925706 -0.973701587299157 0.10816926013229602
    outer loop
      vertex 5.093147277832031 1.2667683362960815 0.7406089901924133
      vertex 5.131134510040283 1.257735013961792 0.7297102808952332
      vertex 5.14385461807251 1.2568449974060059 0.7452776432037354
    endloop
  endfacet
  facet normal -0.20050734183538851 -0.9737020161294325 0.1081720373090252
    outer loop
      vertex 5.093321800231934 1.2731314897537231 0.7982099056243896
      vertex 5.080601215362549 1.2740215063095093 0.7826424837112427
      vertex 5.093147277832031 1.2667683362960815 0.7406089901924133
    endloop
  endfacet
  facet normal -0.20051136537307684 -0.97370076838955 0.10817581057622919
    outer loop
      vertex 5.144029140472412 1.2632081508636475 0.8028785586357117
      vertex 5.106042385101318 1.272241473197937 0.8137772679328918
      vertex 5.093321800231934 1.2731314897537231 0.7982099056243896
    endloop
  endfacet
  facet normal -0.20051294304340472 -0.973701030284076 0.1081705287765627
    outer loop
      vertex 5.144029140472412 1.2632081508636475 0.8028785586357117
      vertex 5.118762493133545 1.2713514566421509 0.8293446898460388
      vertex 5.106042385101318 1.272241473197937 0.8137772679328918
    endloop
  endfacet
  facet normal -0.20050698310620801 -0.9737020769390321 0.10817215487481999
    outer loop
      vertex 5.169295787811279 1.2550649642944336 0.7764124274253845
      vertex 5.144029140472412 1.2632081508636475 0.8028785586357117
      vertex 5.1565752029418945 1.2559549808502197 0.7608450651168823
    endloop
  endfacet
  facet normal -0.20050734183538851 -0.9737020161294325 0.1081720373090252
    outer loop
      vertex 5.144029140472412 1.2632081508636475 0.8028785586357117
      vertex 5.14385461807251 1.2568449974060059 0.7452776432037354
      vertex 5.1565752029418945 1.2559549808502197 0.7608450651168823
    endloop
  endfacet
  facet normal -0.20051110532556357 -0.973701249278198 0.10817196399805931
    outer loop
      vertex 5.093321800231934 1.2731314897537231 0.7982099056243896
      vertex 5.093147277832031 1.2667683362960815 0.7406089901924133
      vertex 5.144029140472412 1.2632081508636475 0.8028785586357117
    endloop
  endfacet
  facet normal -0.7484889365545483 0.2234582658123805 0.6243642488928758
    outer loop
      vertex 5.118413925170898 1.2586250305175781 0.7141428589820862
      vertex 5.1174116134643555 1.2537565231323242 0.7146837115287781
      vertex 5.130131721496582 1.252866506576538 0.730251133441925
    endloop
  endfacet
  facet normal -0.7484634129206471 0.2235269844567596 0.6243702481211325
    outer loop
      vertex 5.118413925170898 1.2586250305175781 0.7141428589820862
      vertex 5.130131721496582 1.252866506576538 0.730251133441925
      vertex 5.131134510040283 1.257735013961792 0.7297102808952332
    endloop
  endfacet
  facet normal -0.7484877675226026 0.22345818407422505 0.6243656795815095
    outer loop
      vertex 5.142852306365967 1.251976490020752 0.7458184957504272
      vertex 5.14385461807251 1.2568449974060059 0.7452776432037354
      vertex 5.131134510040283 1.257735013961792 0.7297102808952332
    endloop
  endfacet
  facet normal -0.7484622438927837 0.22352690260315738 0.6243716787936635
    outer loop
      vertex 5.142852306365967 1.251976490020752 0.7458184957504272
      vertex 5.131134510040283 1.257735013961792 0.7297102808952332
      vertex 5.130131721496582 1.252866506576538 0.730251133441925
    endloop
  endfacet
  facet normal -0.7484777251426498 0.22345748189170558 0.6243779694639314
    outer loop
      vertex 5.155572891235352 1.2510864734649658 0.7613859176635742
      vertex 5.1565752029418945 1.2559549808502197 0.7608450651168823
      vertex 5.14385461807251 1.2568449974060059 0.7452776432037354
    endloop
  endfacet
  facet normal -0.7484777251426498 0.22345748189170558 0.6243779694639314
    outer loop
      vertex 5.155572891235352 1.2510864734649658 0.7613859176635742
      vertex 5.14385461807251 1.2568449974060059 0.7452776432037354
      vertex 5.142852306365967 1.251976490020752 0.7458184957504272
    endloop
  endfacet
  facet normal -0.7484622438927837 0.22352690260315738 0.6243716787936635
    outer loop
      vertex 5.168292999267578 1.2501964569091797 0.7769532799720764
      vertex 5.169295787811279 1.2550649642944336 0.7764124274253845
      vertex 5.1565752029418945 1.2559549808502197 0.7608450651168823
    endloop
  endfacet
  facet normal -0.7484877675226026 0.22345818407422505 0.6243656795815095
    outer loop
      vertex 5.168292999267578 1.2501964569091797 0.7769532799720764
      vertex 5.1565752029418945 1.2559549808502197 0.7608450651168823
      vertex 5.155572891235352 1.2510864734649658 0.7613859176635742
    endloop
  endfacet
  facet normal 0.7484777251426498 -0.22345748189170558 -0.6243779694639314
    outer loop
      vertex 5.118762493133545 1.2713514566421509 0.8293446898460388
      vertex 5.117760181427002 1.266482949256897 0.8298855423927307
      vertex 5.105039596557617 1.267372965812683 0.8143181204795837
    endloop
  endfacet
  facet normal 0.7484746239037818 -0.22352776940349983 -0.6243565276967866
    outer loop
      vertex 5.118762493133545 1.2713514566421509 0.8293446898460388
      vertex 5.105039596557617 1.267372965812683 0.8143181204795837
      vertex 5.106042385101318 1.272241473197937 0.8137772679328918
    endloop
  endfacet
  facet normal 0.7484622438927837 -0.22352690260315738 -0.6243716787936635
    outer loop
      vertex 5.106042385101318 1.272241473197937 0.8137772679328918
      vertex 5.105039596557617 1.267372965812683 0.8143181204795837
      vertex 5.092319011688232 1.2682629823684692 0.7987507581710815
    endloop
  endfacet
  facet normal 0.7484622438927837 -0.22352690260315738 -0.6243716787936635
    outer loop
      vertex 5.106042385101318 1.272241473197937 0.8137772679328918
      vertex 5.092319011688232 1.2682629823684692 0.7987507581710815
      vertex 5.093321800231934 1.2731314897537231 0.7982099056243896
    endloop
  endfacet
  facet normal 0.748476232892321 -0.22346472942914605 -0.624377164457893
    outer loop
      vertex 5.080601215362549 1.2740215063095093 0.7826424837112427
      vertex 5.079598903656006 1.2691529989242554 0.7831833958625793
      vertex 5.066878318786621 1.2700430154800415 0.7676159739494324
    endloop
  endfacet
  facet normal 0.7484734549086468 -0.22352768755780192 -0.6243579583797869
    outer loop
      vertex 5.080601215362549 1.2740215063095093 0.7826424837112427
      vertex 5.066878318786621 1.2700430154800415 0.7676159739494324
      vertex 5.067881107330322 1.2749115228652954 0.7670751214027405
    endloop
  endfacet
  facet normal 0.748476232892321 -0.22346472942914605 -0.624377164457893
    outer loop
      vertex 5.079598903656006 1.2691529989242554 0.7831833958625793
      vertex 5.080601215362549 1.2740215063095093 0.7826424837112427
      vertex 5.093321800231934 1.2731314897537231 0.7982099056243896
    endloop
  endfacet
  facet normal 0.7484734549086468 -0.22352768755780192 -0.6243579583797869
    outer loop
      vertex 5.079598903656006 1.2691529989242554 0.7831833958625793
      vertex 5.093321800231934 1.2731314897537231 0.7982099056243896
      vertex 5.092319011688232 1.2682629823684692 0.7987507581710815
    endloop
  endfacet
  facet normal 0.6634051427520629 -0.053697780861381106 0.7463311362261915
    outer loop
      vertex 5.261995315551758 1.2447059154510498 0.6238837838172913
      vertex 5.247457981109619 1.2181122303009033 0.634892463684082
      vertex 5.2792792320251465 1.208338975906372 0.6059037446975708
    endloop
  endfacet
  facet normal 0.6634060869496067 -0.053696946836676834 0.7463303569456559
    outer loop
      vertex 5.261995315551758 1.2447059154510498 0.6238837838172913
      vertex 5.244711399078369 1.2810728549957275 0.6418638229370117
      vertex 5.212890148162842 1.2908461093902588 0.6708526015281677
    endloop
  endfacet
  facet normal 0.6634054661917316 -0.0536980857634571 0.7463308267868023
    outer loop
      vertex 5.212890148162842 1.2908461093902588 0.6708526015281677
      vertex 5.247457981109619 1.2181122303009033 0.634892463684082
      vertex 5.261995315551758 1.2447059154510498 0.6238837838172913
    endloop
  endfacet
  facet normal 0.6634103896702612 -0.0537027270788778 0.7463261163739641
    outer loop
      vertex 5.212890148162842 1.2908461093902588 0.6708526015281677
      vertex 5.181069374084473 1.30061936378479 0.6998413801193237
      vertex 5.198352813720703 1.2642524242401123 0.6818612813949585
    endloop
  endfacet
  facet normal 0.6634054661917316 -0.0536980857634571 0.7463308267868023
    outer loop
      vertex 5.212890148162842 1.2908461093902588 0.6708526015281677
      vertex 5.198352813720703 1.2642524242401123 0.6818612813949585
      vertex 5.247457981109619 1.2181122303009033 0.634892463684082
    endloop
  endfacet
  facet normal 0.6634059082997064 -0.05369727461231649 0.7463304921629901
    outer loop
      vertex 5.215636730194092 1.2278856039047241 0.663881242275238
      vertex 5.247457981109619 1.2181122303009033 0.634892463684082
      vertex 5.198352813720703 1.2642524242401123 0.6818612813949585
    endloop
  endfacet
  facet normal 0.6373910968494969 0.5630196389654182 -0.5260622356682195
    outer loop
      vertex 5.244857311248779 1.2255202531814575 0.6967541575431824
      vertex 5.215636730194092 1.2278856039047241 0.663881242275238
      vertex 5.198352813720703 1.2642524242401123 0.6818612813949585
    endloop
  endfacet
  facet normal 0.6373905380120289 0.5630180563612707 -0.5260646065493414
    outer loop
      vertex 5.229037284851074 1.2617686986923218 0.7163810133934021
      vertex 5.244857311248779 1.2255202531814575 0.6967541575431824
      vertex 5.198352813720703 1.2642524242401123 0.6818612813949585
    endloop
  endfacet
  facet normal 0.637392752680225 0.5630133964341407 -0.5260669104462081
    outer loop
      vertex 5.198352813720703 1.2642524242401123 0.6818612813949585
      vertex 5.181069374084473 1.30061936378479 0.6998413801193237
      vertex 5.229037284851074 1.2617686986923218 0.7163810133934021
    endloop
  endfacet
  facet normal 0.6373940499870887 0.5630175680675628 -0.526060873937935
    outer loop
      vertex 5.213217258453369 1.298017144203186 0.7360078692436218
      vertex 5.229037284851074 1.2617686986923218 0.7163810133934021
      vertex 5.181069374084473 1.30061936378479 0.6998413801193237
    endloop
  endfacet
  facet normal -0.6373927860993488 -0.5630182953095517 0.5260616269746693
    outer loop
      vertex 5.261995315551758 1.2447059154510498 0.6238837838172913
      vertex 5.2886810302734375 1.2425458431243896 0.6539052128791809
      vertex 5.244711399078369 1.2810728549957275 0.6418638229370117
    endloop
  endfacet
  facet normal -0.6373930422940943 -0.5630188804418754 0.5260606903210465
    outer loop
      vertex 5.272861003875732 1.2787941694259644 0.6735320687294006
      vertex 5.244711399078369 1.2810728549957275 0.6418638229370117
      vertex 5.2886810302734375 1.2425458431243896 0.6539052128791809
    endloop
  endfacet
  facet normal -0.6373933370880712 -0.5630182507105131 0.526061007110968
    outer loop
      vertex 5.261995315551758 1.2447059154510498 0.6238837838172913
      vertex 5.2792792320251465 1.208338975906372 0.6059037446975708
      vertex 5.304501056671143 1.2062973976135254 0.6342783570289612
    endloop
  endfacet
  facet normal -0.6373930667590164 -0.5630177047741699 0.5260619189395501
    outer loop
      vertex 5.2886810302734375 1.2425458431243896 0.6539052128791809
      vertex 5.261995315551758 1.2447059154510498 0.6238837838172913
      vertex 5.304501056671143 1.2062973976135254 0.6342783570289612
    endloop
  endfacet
  facet normal 0.7109641749561699 -0.0686617865560408 0.6998682025894769
    outer loop
      vertex 4.927910327911377 1.3588200807571411 1.0318046808242798
      vertex 4.930918216705322 1.3734256029129028 1.0301820039749146
      vertex 4.877090930938721 1.3907737731933594 1.0865646600723267
    endloop
  endfacet
  facet normal 0.7109697486709723 -0.06864589093735694 0.6998640997594826
    outer loop
      vertex 4.927910327911377 1.3588200807571411 1.0318046808242798
      vertex 4.877090930938721 1.3907737731933594 1.0865646600723267
      vertex 4.874083518981934 1.3761682510375977 1.0881872177124023
    endloop
  endfacet
  facet normal 0.7109697486709723 -0.06864589093735694 0.6998640997594826
    outer loop
      vertex 4.92490291595459 1.3442145586013794 1.0334272384643555
      vertex 4.927910327911377 1.3588200807571411 1.0318046808242798
      vertex 4.874083518981934 1.3761682510375977 1.0881872177124023
    endloop
  endfacet
  facet normal 0.7109623554854081 -0.06866697534918419 0.6998695418283573
    outer loop
      vertex 4.92490291595459 1.3442145586013794 1.0334272384643555
      vertex 4.874083518981934 1.3761682510375977 1.0881872177124023
      vertex 4.871075630187988 1.361562728881836 1.089809775352478
    endloop
  endfacet
  facet normal 0.7109777767711942 -0.06862501071972531 0.69985799191065
    outer loop
      vertex 5.219447612762451 1.2414970397949219 0.7241341471672058
      vertex 5.220951080322266 1.2487998008728027 0.723322868347168
      vertex 5.194037914276123 1.2574739456176758 0.751514196395874
    endloop
  endfacet
  facet normal 0.7109629905833009 -0.0686671800462581 0.6998688765799946
    outer loop
      vertex 5.219447612762451 1.2414970397949219 0.7241341471672058
      vertex 5.194037914276123 1.2574739456176758 0.751514196395874
      vertex 5.19253396987915 1.250171184539795 0.7523254752159119
    endloop
  endfacet
  facet normal 0.7109675138925833 -0.06864228312732243 0.6998667238528118
    outer loop
      vertex 5.167124271392822 1.2661479711532593 0.7797054648399353
      vertex 5.194037914276123 1.2574739456176758 0.751514196395874
      vertex 5.19704532623291 1.2720794677734375 0.7498915791511536
    endloop
  endfacet
  facet normal 0.7109631287651955 -0.0686672245833945 0.6998687318379194
    outer loop
      vertex 5.143218517303467 1.2894275188446045 0.8062742352485657
      vertex 5.1402106285095215 1.2748219966888428 0.8078967928886414
      vertex 5.167124271392822 1.2661479711532593 0.7797054648399353
    endloop
  endfacet
  facet normal 0.7109682560889184 -0.06865714352910923 0.6998645122281207
    outer loop
      vertex 5.19704532623291 1.2720794677734375 0.7498915791511536
      vertex 5.143218517303467 1.2894275188446045 0.8062742352485657
      vertex 5.167124271392822 1.2661479711532593 0.7797054648399353
    endloop
  endfacet
  facet normal 0.7109643822124864 -0.06866185335821814 0.69986798549343
    outer loop
      vertex 5.191781997680664 1.2465198040008545 0.7527311444282532
      vertex 5.19253396987915 1.250171184539795 0.7523254752159119
      vertex 5.1790771484375 1.254508137702942 0.7664211392402649
    endloop
  endfacet
  facet normal 0.7109607432741396 -0.06867223096908474 0.6998706639207074
    outer loop
      vertex 5.191781997680664 1.2465198040008545 0.7527311444282532
      vertex 5.1790771484375 1.254508137702942 0.7664211392402649
      vertex 5.178325176239014 1.2508567571640015 0.7668267488479614
    endloop
  endfacet
  facet normal 0.7109632669472395 -0.06866726912058578 0.6998685870956269
    outer loop
      vertex 5.1790771484375 1.254508137702942 0.7664211392402649
      vertex 5.19253396987915 1.250171184539795 0.7523254752159119
      vertex 5.194037914276123 1.2574739456176758 0.751514196395874
    endloop
  endfacet
  facet normal 0.7109641058708058 -0.0686617642886758 0.6998682749547175
    outer loop
      vertex 5.167124271392822 1.2661479711532593 0.7797054648399353
      vertex 5.16562032699585 1.2588452100753784 0.7805168032646179
      vertex 5.1790771484375 1.254508137702942 0.7664211392402649
    endloop
  endfacet
  facet normal 0.7109630916375494 -0.06866375839645175 0.6998691096284013
    outer loop
      vertex 5.194037914276123 1.2574739456176758 0.751514196395874
      vertex 5.167124271392822 1.2661479711532593 0.7797054648399353
      vertex 5.1790771484375 1.254508137702942 0.7664211392402649
    endloop
  endfacet
  facet normal 0.7109642440415714 -0.06866180882341953 0.6998681302241823
    outer loop
      vertex 5.16562032699585 1.2588452100753784 0.7805168032646179
      vertex 5.167124271392822 1.2661479711532593 0.7797054648399353
      vertex 5.1402106285095215 1.2748219966888428 0.8078967928886414
    endloop
  endfacet
  facet normal 0.7109772106835777 -0.06862482830142806 0.6998585848792591
    outer loop
      vertex 5.16562032699585 1.2588452100753784 0.7805168032646179
      vertex 5.1402106285095215 1.2748219966888428 0.8078967928886414
      vertex 5.138707160949707 1.267519235610962 0.8087080717086792
    endloop
  endfacet
  facet normal 0.7109720538033686 -0.06862316653330484 0.699863986589939
    outer loop
      vertex 5.125250339508057 1.2718563079833984 0.8228037357330322
      vertex 5.138707160949707 1.267519235610962 0.8087080717086792
      vertex 5.1402106285095215 1.2748219966888428 0.8078967928886414
    endloop
  endfacet
  facet normal 0.7109641058708058 -0.0686617642886758 0.6998682749547175
    outer loop
      vertex 5.113297462463379 1.2834961414337158 0.8360880613327026
      vertex 5.111793518066406 1.276193380355835 0.8368993997573853
      vertex 5.125250339508057 1.2718563079833984 0.8228037357330322
    endloop
  endfacet
  facet normal 0.7109730986610755 -0.06864408298719375 0.6998608739250365
    outer loop
      vertex 5.1402106285095215 1.2748219966888428 0.8078967928886414
      vertex 5.113297462463379 1.2834961414337158 0.8360880613327026
      vertex 5.125250339508057 1.2718563079833984 0.8228037357330322
    endloop
  endfacet
  facet normal 0.7109642440415714 -0.06866180882341953 0.6998681302241823
    outer loop
      vertex 5.111793518066406 1.276193380355835 0.8368993997573853
      vertex 5.113297462463379 1.2834961414337158 0.8360880613327026
      vertex 5.086383819580078 1.2921701669692993 0.8642793893814087
    endloop
  endfacet
  facet normal 0.7109624245762947 -0.06866699761771645 0.6998694694575304
    outer loop
      vertex 5.111793518066406 1.276193380355835 0.8368993997573853
      vertex 5.086383819580078 1.2921701669692993 0.8642793893814087
      vertex 5.0848798751831055 1.2848674058914185 0.8650906682014465
    endloop
  endfacet
  facet normal 0.7109680092231498 -0.0686687975985856 0.6998636196414524
    outer loop
      vertex 5.113297462463379 1.2834961414337158 0.8360880613327026
      vertex 5.1402106285095215 1.2748219966888428 0.8078967928886414
      vertex 5.143218517303467 1.2894275188446045 0.8062742352485657
    endloop
  endfacet
  facet normal 0.7109676604845261 -0.06864521796616911 0.6998662870831375
    outer loop
      vertex 5.089391231536865 1.306775689125061 0.862656831741333
      vertex 5.086383819580078 1.2921701669692993 0.8642793893814087
      vertex 5.113297462463379 1.2834961414337158 0.8360880613327026
    endloop
  endfacet
  facet normal 0.7109669058240711 -0.06864670178791736 0.6998669081736807
    outer loop
      vertex 5.143218517303467 1.2894275188446045 0.8062742352485657
      vertex 5.089391231536865 1.306775689125061 0.862656831741333
      vertex 5.113297462463379 1.2834961414337158 0.8360880613327026
    endloop
  endfacet
  facet normal 0.7109701007650125 -0.06864600440876739 0.6998637309483179
    outer loop
      vertex 5.086383819580078 1.2921701669692993 0.8642793893814087
      vertex 5.089391231536865 1.306775689125061 0.862656831741333
      vertex 5.035564422607422 1.3241238594055176 0.9190394282341003
    endloop
  endfacet
  facet normal 0.7109701007650125 -0.06864600440876739 0.6998637309483179
    outer loop
      vertex 5.086383819580078 1.2921701669692993 0.8642793893814087
      vertex 5.035564422607422 1.3241238594055176 0.9190394282341003
      vertex 5.032557010650635 1.3095183372497559 0.920661985874176
    endloop
  endfacet
  facet normal 0.710965122331288 -0.06866219605811479 0.6998672000179273
    outer loop
      vertex 4.931122779846191 1.3889344930648804 1.0314955711364746
      vertex 4.860599040985107 1.4116638898849487 1.1053675413131714
      vertex 4.877090930938721 1.3907737731933594 1.0865646600723267
    endloop
  endfacet
  facet normal 0.7109656073179832 -0.06865483091191672 0.6998674298775643
    outer loop
      vertex 4.931122779846191 1.3889344930648804 1.0314955711364746
      vertex 4.877090930938721 1.3907737731933594 1.0865646600723267
      vertex 4.930918216705322 1.3734256029129028 1.0301820039749146
    endloop
  endfacet
  facet normal 0.7109683793997663 -0.06865709686595141 0.6998643915385389
    outer loop
      vertex 4.842392444610596 1.386381983757019 1.1213828325271606
      vertex 4.877090930938721 1.3907737731933594 1.0865646600723267
      vertex 4.860599040985107 1.4116638898849487 1.1053675413131714
    endloop
  endfacet
  facet normal 0.7109664207786062 -0.0686547721389555 0.6998666092819444
    outer loop
      vertex 5.001646518707275 1.3662052154541016 0.9576236605644226
      vertex 4.931122779846191 1.3889344930648804 1.0314955711364746
      vertex 4.930918216705322 1.3734256029129028 1.0301820039749146
    endloop
  endfacet
  facet normal 0.7109658057254648 -0.06866096782977413 0.6998666262837652
    outer loop
      vertex 4.930918216705322 1.3734256029129028 1.0301820039749146
      vertex 5.035564422607422 1.3241238594055176 0.9190394282341003
      vertex 5.001646518707275 1.3662052154541016 0.9576236605644226
    endloop
  endfacet
  facet normal 0.7109636846496487 -0.06866740374949432 0.6998681495622578
    outer loop
      vertex 4.871075630187988 1.361562728881836 1.089809775352478
      vertex 4.874083518981934 1.3761682510375977 1.0881872177124023
      vertex 4.842392444610596 1.386381983757019 1.1213828325271606
    endloop
  endfacet
  facet normal 0.7109682163655552 -0.06864539711281714 0.6998657048128624
    outer loop
      vertex 4.877090930938721 1.3907737731933594 1.0865646600723267
      vertex 4.842392444610596 1.386381983757019 1.1213828325271606
      vertex 4.874083518981934 1.3761682510375977 1.0881872177124023
    endloop
  endfacet
  facet normal 0.7109682772332426 -0.06863821837913904 0.6998663470590172
    outer loop
      vertex 4.824185848236084 1.361100196838379 1.1373980045318604
      vertex 4.92490291595459 1.3442145586013794 1.0334272384643555
      vertex 4.871075630187988 1.361562728881836 1.089809775352478
    endloop
  endfacet
  facet normal 0.7109654641549015 -0.06866220208660131 0.6998668521823451
    outer loop
      vertex 4.927910327911377 1.3588200807571411 1.0318046808242798
      vertex 5.035564422607422 1.3241238594055176 0.9190394282341003
      vertex 4.930918216705322 1.3734256029129028 1.0301820039749146
    endloop
  endfacet
  facet normal 0.7109673397228353 -0.06865944902126019 0.6998652169579022
    outer loop
      vertex 4.871075630187988 1.361562728881836 1.089809775352478
      vertex 4.842392444610596 1.386381983757019 1.1213828325271606
      vertex 4.824185848236084 1.361100196838379 1.1373980045318604
    endloop
  endfacet
  facet normal 0.7109688806233552 -0.06864561118674957 0.6998650090195758
    outer loop
      vertex 4.92490291595459 1.3442145586013794 1.0334272384643555
      vertex 5.032557010650635 1.3095183372497559 0.920661985874176
      vertex 5.035564422607422 1.3241238594055176 0.9190394282341003
    endloop
  endfacet
  facet normal 0.7109688806233552 -0.06864561118674957 0.6998650090195758
    outer loop
      vertex 4.92490291595459 1.3442145586013794 1.0334272384643555
      vertex 5.035564422607422 1.3241238594055176 0.9190394282341003
      vertex 4.927910327911377 1.3588200807571411 1.0318046808242798
    endloop
  endfacet
  facet normal 0.7109679999504299 -0.0686562063607842 0.6998648643664225
    outer loop
      vertex 5.089391231536865 1.306775689125061 0.862656831741333
      vertex 5.072169780731201 1.3434758186340332 0.8837517499923706
      vertex 5.035564422607422 1.3241238594055176 0.9190394282341003
    endloop
  endfacet
  facet normal 0.7109682053148292 -0.06865714273688192 0.6998645638854837
    outer loop
      vertex 5.001646518707275 1.3662052154541016 0.9576236605644226
      vertex 5.035564422607422 1.3241238594055176 0.9190394282341003
      vertex 5.072169780731201 1.3434758186340332 0.8837517499923706
    endloop
  endfacet
  facet normal 0.7109667360890004 -0.06865296791816114 0.6998664659568864
    outer loop
      vertex 5.213217258453369 1.298017144203186 0.7360078692436218
      vertex 5.142693519592285 1.3207465410232544 0.8098797798156738
      vertex 5.143218517303467 1.2894275188446045 0.8062742352485657
    endloop
  endfacet
  facet normal 0.7109668671182297 -0.06866388843761322 0.6998652615216135
    outer loop
      vertex 5.213217258453369 1.298017144203186 0.7360078692436218
      vertex 5.143218517303467 1.2894275188446045 0.8062742352485657
      vertex 5.19704532623291 1.2720794677734375 0.7498915791511536
    endloop
  endfacet
  facet normal 0.7109660017916544 -0.06865819840817301 0.699866698798945
    outer loop
      vertex 5.142693519592285 1.3207465410232544 0.8098797798156738
      vertex 5.072169780731201 1.3434758186340332 0.8837517499923706
      vertex 5.089391231536865 1.306775689125061 0.862656831741333
    endloop
  endfacet
  facet normal 0.7109655841276998 -0.06865312022892195 0.6998676212461837
    outer loop
      vertex 5.142693519592285 1.3207465410232544 0.8098797798156738
      vertex 5.089391231536865 1.306775689125061 0.862656831741333
      vertex 5.143218517303467 1.2894275188446045 0.8062742352485657
    endloop
  endfacet
  facet normal 0.7109655689885164 -0.06866801108811522 0.699866175755078
    outer loop
      vertex 5.0848798751831055 1.2848674058914185 0.8650906682014465
      vertex 5.086383819580078 1.2921701669692993 0.8642793893814087
      vertex 5.032557010650635 1.3095183372497559 0.920661985874176
    endloop
  endfacet
  facet normal 0.7109607999341585 -0.06866987561665336 0.6998708374691539
    outer loop
      vertex 5.220951080322266 1.2487998008728027 0.723322868347168
      vertex 5.229037284851074 1.2617686986923218 0.7163810133934021
      vertex 5.19704532623291 1.2720794677734375 0.7498915791511536
    endloop
  endfacet
  facet normal 0.7109630111457612 -0.06865913809025088 0.6998696446762468
    outer loop
      vertex 5.213217258453369 1.298017144203186 0.7360078692436218
      vertex 5.19704532623291 1.2720794677734375 0.7498915791511536
      vertex 5.229037284851074 1.2617686986923218 0.7163810133934021
    endloop
  endfacet
  facet normal 0.7109652862144937 -0.0686630661647673 0.6998669481714335
    outer loop
      vertex 5.032557010650635 1.3095183372497559 0.920661985874176
      vertex 4.92490291595459 1.3442145586013794 1.0334272384643555
      vertex 4.970973014831543 1.3137915134429932 0.9836418032646179
    endloop
  endfacet
  facet normal 0.7109644288115323 -0.06865726501874457 0.6998683882879962
    outer loop
      vertex 5.117760181427002 1.266482949256897 0.8298855423927307
      vertex 5.111793518066406 1.276193380355835 0.8368993997573853
      vertex 5.0848798751831055 1.2848674058914185 0.8650906682014465
    endloop
  endfacet
  facet normal 0.7109516211473654 -0.06872238301261814 0.6998750077413823
    outer loop
      vertex 5.138707160949707 1.267519235610962 0.8087080717086792
      vertex 5.125250339508057 1.2718563079833984 0.8228037357330322
      vertex 5.118762493133545 1.2713514566421509 0.8293446898460388
    endloop
  endfacet
  facet normal 0.7109519483966152 -0.06872009796107312 0.6998748996837058
    outer loop
      vertex 5.138707160949707 1.267519235610962 0.8087080717086792
      vertex 5.118762493133545 1.2713514566421509 0.8293446898460388
      vertex 5.144029140472412 1.2632081508636475 0.8028785586357117
    endloop
  endfacet
  facet normal 0.7109626804634539 -0.0686953876949941 0.6998664234678323
    outer loop
      vertex 5.16562032699585 1.2588452100753784 0.7805168032646179
      vertex 5.138707160949707 1.267519235610962 0.8087080717086792
      vertex 5.144029140472412 1.2632081508636475 0.8028785586357117
    endloop
  endfacet
  facet normal 0.7109766886542243 -0.06860072045770498 0.6998614786820019
    outer loop
      vertex 5.16562032699585 1.2588452100753784 0.7805168032646179
      vertex 5.144029140472412 1.2632081508636475 0.8028785586357117
      vertex 5.169295787811279 1.2550649642944336 0.7764124274253845
    endloop
  endfacet
  facet normal 0.7109516211473654 -0.06872238301261814 0.6998750077413823
    outer loop
      vertex 5.125250339508057 1.2718563079833984 0.8228037357330322
      vertex 5.111793518066406 1.276193380355835 0.8368993997573853
      vertex 5.118762493133545 1.2713514566421509 0.8293446898460388
    endloop
  endfacet
  facet normal 0.7109701911370502 -0.06863915188482617 0.6998643112368841
    outer loop
      vertex 4.970973014831543 1.3137915134429932 0.9836418032646179
      vertex 5.117760181427002 1.266482949256897 0.8298855423927307
      vertex 5.0848798751831055 1.2848674058914185 0.8650906682014465
    endloop
  endfacet
  facet normal 0.7109875464749945 -0.06862815896528954 0.6998477581263673
    outer loop
      vertex 5.117760181427002 1.266482949256897 0.8298855423927307
      vertex 5.118762493133545 1.2713514566421509 0.8293446898460388
      vertex 5.111793518066406 1.276193380355835 0.8368993997573853
    endloop
  endfacet
  facet normal 0.7109645758408981 -0.06867159970939914 0.6998668325422515
    outer loop
      vertex 4.970973014831543 1.3137915134429932 0.9836418032646179
      vertex 5.0848798751831055 1.2848674058914185 0.8650906682014465
      vertex 5.032557010650635 1.3095183372497559 0.920661985874176
    endloop
  endfacet
  facet normal 0.7109641058708058 -0.0686617642886758 0.6998682749547175
    outer loop
      vertex 5.191781997680664 1.2465198040008545 0.7527311444282532
      vertex 5.219447612762451 1.2414970397949219 0.7241341471672058
      vertex 5.19253396987915 1.250171184539795 0.7523254752159119
    endloop
  endfacet
  facet normal 0.7109772106835777 -0.06862482830142806 0.6998585848792591
    outer loop
      vertex 5.244857311248779 1.2255202531814575 0.6967541575431824
      vertex 5.220951080322266 1.2487998008728027 0.723322868347168
      vertex 5.219447612762451 1.2414970397949219 0.7241341471672058
    endloop
  endfacet
  facet normal 0.7109738028442859 -0.06864430993222695 0.6998601363008632
    outer loop
      vertex 5.19704532623291 1.2720794677734375 0.7498915791511536
      vertex 5.194037914276123 1.2574739456176758 0.751514196395874
      vertex 5.220951080322266 1.2487998008728027 0.723322868347168
    endloop
  endfacet
  facet normal 0.7109664444515537 -0.06869176053551689 0.6998629557980955
    outer loop
      vertex 5.178325176239014 1.2508567571640015 0.7668267488479614
      vertex 5.169295787811279 1.2550649642944336 0.7764124274253845
      vertex 5.168292999267578 1.2501964569091797 0.7769532799720764
    endloop
  endfacet
  facet normal 0.7109672858184117 -0.0686404592935809 0.6998671344219325
    outer loop
      vertex 5.178325176239014 1.2508567571640015 0.7668267488479614
      vertex 5.168292999267578 1.2501964569091797 0.7769532799720764
      vertex 5.191781997680664 1.2465198040008545 0.7527311444282532
    endloop
  endfacet
  facet normal 0.7109650685936145 -0.06865807790421728 0.6998676586170957
    outer loop
      vertex 5.244857311248779 1.2255202531814575 0.6967541575431824
      vertex 5.191781997680664 1.2465198040008545 0.7527311444282532
      vertex 5.168292999267578 1.2501964569091797 0.7769532799720764
    endloop
  endfacet
  facet normal 0.710964006038462 -0.06866248757015748 0.6998683054106821
    outer loop
      vertex 5.219447612762451 1.2414970397949219 0.7241341471672058
      vertex 5.191781997680664 1.2465198040008545 0.7527311444282532
      vertex 5.244857311248779 1.2255202531814575 0.6967541575431824
    endloop
  endfacet
  facet normal 0.7109709040715624 -0.0686755058019408 0.6998600206230621
    outer loop
      vertex 5.169295787811279 1.2550649642944336 0.7764124274253845
      vertex 5.178325176239014 1.2508567571640015 0.7668267488479614
      vertex 5.1790771484375 1.254508137702942 0.7664211392402649
    endloop
  endfacet
  facet normal 0.7109766669103084 -0.06860076124171362 0.6998614967735872
    outer loop
      vertex 5.1790771484375 1.254508137702942 0.7664211392402649
      vertex 5.16562032699585 1.2588452100753784 0.7805168032646179
      vertex 5.169295787811279 1.2550649642944336 0.7764124274253845
    endloop
  endfacet
  facet normal 0.7109568037960505 -0.06866495255631175 0.6998753799259861
    outer loop
      vertex 5.229037284851074 1.2617686986923218 0.7163810133934021
      vertex 5.220951080322266 1.2487998008728027 0.723322868347168
      vertex 5.244857311248779 1.2255202531814575 0.6967541575431824
    endloop
  endfacet
  facet normal 0.710964863915083 -0.06866422209925545 0.6998672637591443
    outer loop
      vertex 4.970973014831543 1.3137915134429932 0.9836418032646179
      vertex 4.92490291595459 1.3442145586013794 1.0334272384643555
      vertex 4.824185848236084 1.361100196838379 1.1373980045318604
    endloop
  endfacet
  facet normal -0.6742375992492042 0.05703978731345355 -0.7363084424491582
    outer loop
      vertex 4.9070820808410645 1.3265187740325928 0.9797751307487488
      vertex 4.901020526885986 1.3594775199890137 0.9878789186477661
      vertex 4.944787979125977 1.3769731521606445 0.9491564035415649
    endloop
  endfacet
  facet normal -0.6742394535542593 0.057049922002123395 -0.7363059592794327
    outer loop
      vertex 4.901020526885986 1.3594775199890137 0.9878789186477661
      vertex 4.9198737144470215 1.3847047090530396 0.9725695848464966
      vertex 4.944787979125977 1.3769731521606445 0.9491564035415649
    endloop
  endfacet
  facet normal -0.6742408636001034 0.05703847694505427 -0.7363055547797905
    outer loop
      vertex 4.9070820808410645 1.3265187740325928 0.9797751307487488
      vertex 4.882167816162109 1.3342503309249878 1.0031882524490356
      vertex 4.901020526885986 1.3594775199890137 0.9878789186477661
    endloop
  endfacet
  facet normal -0.6742394535542593 0.057049922002123395 -0.7363059592794327
    outer loop
      vertex 4.950849533081055 1.3440144062042236 0.9410526156425476
      vertex 4.9319963455200195 1.3187872171401978 0.9563619494438171
      vertex 4.9070820808410645 1.3265187740325928 0.9797751307487488
    endloop
  endfacet
  facet normal -0.6742408636001034 0.05703847694505427 -0.7363055547797905
    outer loop
      vertex 4.950849533081055 1.3440144062042236 0.9410526156425476
      vertex 4.944787979125977 1.3769731521606445 0.9491564035415649
      vertex 4.969702243804932 1.3692415952682495 0.9257432818412781
    endloop
  endfacet
  facet normal -0.6742375992492042 0.05703978731345355 -0.7363084424491582
    outer loop
      vertex 4.9070820808410645 1.3265187740325928 0.9797751307487488
      vertex 4.944787979125977 1.3769731521606445 0.9491564035415649
      vertex 4.950849533081055 1.3440144062042236 0.9410526156425476
    endloop
  endfacet
  facet normal -0.5055078311354773 0.6911926953596443 0.5164440826867666
    outer loop
      vertex 4.9319963455200195 1.3187872171401978 0.9563619494438171
      vertex 4.950849533081055 1.3440144062042236 0.9410526156425476
      vertex 4.90981388092041 1.3206639289855957 0.9321374893188477
    endloop
  endfacet
  facet normal -0.505507233296524 0.6911900900435338 0.5164481547169137
    outer loop
      vertex 4.928020477294922 1.3459458351135254 0.9161222577095032
      vertex 4.90981388092041 1.3206639289855957 0.9321374893188477
      vertex 4.950849533081055 1.3440144062042236 0.9410526156425476
    endloop
  endfacet
  facet normal -0.5055098278850594 0.6911908895171237 0.5164445450967075
    outer loop
      vertex 4.969702243804932 1.3692415952682495 0.9257432818412781
      vertex 4.946227073669434 1.371227741241455 0.9001069664955139
      vertex 4.928020477294922 1.3459458351135254 0.9161222577095032
    endloop
  endfacet
  facet normal -0.5055091436325845 0.6911875337993292 0.5164497059968689
    outer loop
      vertex 4.950849533081055 1.3440144062042236 0.9410526156425476
      vertex 4.969702243804932 1.3692415952682495 0.9257432818412781
      vertex 4.928020477294922 1.3459458351135254 0.9161222577095032
    endloop
  endfacet
  facet normal 0.5055118410098546 -0.6911909985558463 -0.5164424286541529
    outer loop
      vertex 4.880701065063477 1.3611966371536255 0.9656885266304016
      vertex 4.898907661437988 1.3864785432815552 0.9496732354164124
      vertex 4.9198737144470215 1.3847047090530396 0.9725695848464966
    endloop
  endfacet
  facet normal 0.5055124923288877 -0.6911930897229348 -0.5164389923492411
    outer loop
      vertex 4.901020526885986 1.3594775199890137 0.9878789186477661
      vertex 4.880701065063477 1.3611966371536255 0.9656885266304016
      vertex 4.9198737144470215 1.3847047090530396 0.9725695848464966
    endloop
  endfacet
  facet normal 0.5055116551166358 -0.691187746271295 -0.5164469633424593
    outer loop
      vertex 4.882167816162109 1.3342503309249878 1.0031882524490356
      vertex 4.862494468688965 1.3359148502349854 0.9817037582397461
      vertex 4.901020526885986 1.3594775199890137 0.9878789186477661
    endloop
  endfacet
  facet normal 0.5055131754313229 -0.6911921756742216 -0.5164395470450307
    outer loop
      vertex 4.880701065063477 1.3611966371536255 0.9656885266304016
      vertex 4.901020526885986 1.3594775199890137 0.9878789186477661
      vertex 4.862494468688965 1.3359148502349854 0.9817037582397461
    endloop
  endfacet
  facet normal -0.7109663128623891 0.06865409208742071 -0.6998667856203146
    outer loop
      vertex 4.788377285003662 1.3909519910812378 1.0623953342437744
      vertex 4.806583881378174 1.4162338972091675 1.0463800430297852
      vertex 4.837358474731445 1.4063154458999634 1.0141444206237793
    endloop
  endfacet
  facet normal -0.7109664120159754 0.06865423625790798 -0.6998666707516322
    outer loop
      vertex 4.800945281982422 1.3557517528533936 1.0461750030517578
      vertex 4.77017068862915 1.365670084953308 1.0784106254577637
      vertex 4.788377285003662 1.3909519910812378 1.0623953342437744
    endloop
  endfacet
  facet normal -0.7109663350890372 0.06865429698916285 -0.6998667429411022
    outer loop
      vertex 4.837358474731445 1.4063154458999634 1.0141444206237793
      vertex 4.800945281982422 1.3557517528533936 1.0461750030517578
      vertex 4.788377285003662 1.3909519910812378 1.0623953342437744
    endloop
  endfacet
  facet normal -0.7109662855122302 0.06865422490371612 -0.69986680037548
    outer loop
      vertex 4.800945281982422 1.3557517528533936 1.0461750030517578
      vertex 4.837358474731445 1.4063154458999634 1.0141444206237793
      vertex 4.831719875335693 1.3458333015441895 1.013939380645752
    endloop
  endfacet
  facet normal -0.7109663128623891 0.06865409208742071 -0.6998667856203146
    outer loop
      vertex 4.880701065063477 1.3611966371536255 0.9656885266304016
      vertex 4.868133068084717 1.3963969945907593 0.9819088578224182
      vertex 4.898907661437988 1.3864785432815552 0.9496732354164124
    endloop
  endfacet
  facet normal -0.7109659793501545 0.06865571166620668 -0.6998669655457975
    outer loop
      vertex 4.862494468688965 1.3359148502349854 0.9817037582397461
      vertex 4.831719875335693 1.3458333015441895 1.013939380645752
      vertex 4.880701065063477 1.3611966371536255 0.9656885266304016
    endloop
  endfacet
  facet normal -0.7109658438349497 0.06865446236758557 -0.6998672257629127
    outer loop
      vertex 4.868133068084717 1.3963969945907593 0.9819088578224182
      vertex 4.880701065063477 1.3611966371536255 0.9656885266304016
      vertex 4.831719875335693 1.3458333015441895 1.013939380645752
    endloop
  endfacet
  facet normal -0.7109656407165861 0.06865416703085435 -0.6998674610737049
    outer loop
      vertex 4.837358474731445 1.4063154458999634 1.0141444206237793
      vertex 4.868133068084717 1.3963969945907593 0.9819088578224182
      vertex 4.831719875335693 1.3458333015441895 1.013939380645752
    endloop
  endfacet
  facet normal 0.2005116298717511 0.9737010830429328 -0.10817248803274146
    outer loop
      vertex 4.939302444458008 1.3798787593841553 0.9651437997817993
      vertex 4.8857316970825195 1.3971444368362427 1.0212583541870117
      vertex 4.895211219787598 1.3962290287017822 1.0305899381637573
    endloop
  endfacet
  facet normal 0.2005116298717511 0.9737010830429328 -0.10817248803274146
    outer loop
      vertex 4.939302444458008 1.3798787593841553 0.9651437997817993
      vertex 4.895211219787598 1.3962290287017822 1.0305899381637573
      vertex 4.948781967163086 1.3789633512496948 0.9744753837585449
    endloop
  endfacet
  facet normal 0.2005108736957276 0.9737013267540892 -0.10817169596110845
    outer loop
      vertex 5.036965370178223 1.3462629318237305 0.8435832262039185
      vertex 4.983394145965576 1.3635286092758179 0.8996977210044861
      vertex 4.992873668670654 1.3626132011413574 0.9090293049812317
    endloop
  endfacet
  facet normal 0.20051047521648788 0.9737013775767801 -0.10817197711763796
    outer loop
      vertex 5.036965370178223 1.3462629318237305 0.8435832262039185
      vertex 4.992873668670654 1.3626132011413574 0.9090293049812317
      vertex 5.046444892883301 1.34534752368927 0.8529147505760193
    endloop
  endfacet
  facet normal 0.20050988929836822 0.9737016440177034 -0.10817066483468488
    outer loop
      vertex 4.992873668670654 1.3626132011413574 0.9090293049812317
      vertex 4.939302444458008 1.3798787593841553 0.9651437997817993
      vertex 4.948781967163086 1.3789633512496948 0.9744753837585449
    endloop
  endfacet
  facet normal 0.20050949082285183 0.9737016948398111 -0.10817094598846767
    outer loop
      vertex 4.992873668670654 1.3626132011413574 0.9090293049812317
      vertex 4.948781967163086 1.3789633512496948 0.9744753837585449
      vertex 5.002353191375732 1.361697793006897 0.9183608293533325
    endloop
  endfacet
  facet normal 0.20051047521648788 0.9737013775767801 -0.10817197711763796
    outer loop
      vertex 5.046444892883301 1.34534752368927 0.8529147505760193
      vertex 4.992873668670654 1.3626132011413574 0.9090293049812317
      vertex 5.002353191375732 1.361697793006897 0.9183608293533325
    endloop
  endfacet
  facet normal 0.2005108736957276 0.9737013267540892 -0.10817169596110845
    outer loop
      vertex 5.046444892883301 1.34534752368927 0.8529147505760193
      vertex 5.002353191375732 1.361697793006897 0.9183608293533325
      vertex 5.055924415588379 1.3444321155548096 0.8622463345527649
    endloop
  endfacet
  facet normal 0.20051047521648788 0.9737013775767801 -0.10817197711763796
    outer loop
      vertex 5.0274858474731445 1.347178339958191 0.8342516422271729
      vertex 4.973914623260498 1.3644440174102783 0.8903661966323853
      vertex 4.983394145965576 1.3635286092758179 0.8996977210044861
    endloop
  endfacet
  facet normal 0.2005108736957276 0.9737013267540892 -0.10817169596110845
    outer loop
      vertex 5.0274858474731445 1.347178339958191 0.8342516422271729
      vertex 4.983394145965576 1.3635286092758179 0.8996977210044861
      vertex 5.036965370178223 1.3462629318237305 0.8435832262039185
    endloop
  endfacet
  facet normal 0.20051073224384916 0.9737013723430659 -0.108171547794536
    outer loop
      vertex 5.046444892883301 1.34534752368927 0.8529147505760193
      vertex 5.055924415588379 1.3444321155548096 0.8622463345527649
      vertex 5.163066387176514 1.3099008798599243 0.7500172257423401
    endloop
  endfacet
  facet normal 0.20051041578408985 0.9737013967314799 -0.10817191486359333
    outer loop
      vertex 5.144107341766357 1.3117316961288452 0.7313541769981384
      vertex 5.036965370178223 1.3462629318237305 0.8435832262039185
      vertex 5.046444892883301 1.34534752368927 0.8529147505760193
    endloop
  endfacet
  facet normal 0.20051041578408985 0.9737013967314799 -0.10817191486359333
    outer loop
      vertex 5.163066387176514 1.3099008798599243 0.7500172257423401
      vertex 5.144107341766357 1.3117316961288452 0.7313541769981384
      vertex 5.046444892883301 1.34534752368927 0.8529147505760193
    endloop
  endfacet
  facet normal 0.2005108736957276 0.9737013267540892 -0.10817169596110845
    outer loop
      vertex 5.430922031402588 1.2235726118087769 0.4694446325302124
      vertex 5.377350807189941 1.2408382892608643 0.52555912733078
      vertex 5.3868303298950195 1.2399228811264038 0.5348907113075256
    endloop
  endfacet
  facet normal 0.20051047521648788 0.9737013775767801 -0.10817197711763796
    outer loop
      vertex 5.430922031402588 1.2235726118087769 0.4694446325302124
      vertex 5.3868303298950195 1.2399228811264038 0.5348907113075256
      vertex 5.440401554107666 1.2226572036743164 0.47877615690231323
    endloop
  endfacet
  facet normal 0.20051128606834043 0.9737011162433618 -0.10817282646603672
    outer loop
      vertex 5.411962509155273 1.2254034280776978 0.45078152418136597
      vertex 5.358391761779785 1.2426691055297852 0.5068960785865784
      vertex 5.367871284484863 1.2417536973953247 0.5162276029586792
    endloop
  endfacet
  facet normal 0.20050557636400412 0.9737018444478597 -0.10817685503736262
    outer loop
      vertex 5.411962509155273 1.2254034280776978 0.45078152418136597
      vertex 5.367871284484863 1.2417536973953247 0.5162276029586792
      vertex 5.42144250869751 1.2244880199432373 0.4601130783557892
    endloop
  endfacet
  facet normal 0.20051050255643474 0.9737013687652791 -0.10817200575559204
    outer loop
      vertex 5.42144250869751 1.2244880199432373 0.4601130783557892
      vertex 5.367871284484863 1.2417536973953247 0.5162276029586792
      vertex 5.377350807189941 1.2408382892608643 0.52555912733078
    endloop
  endfacet
  facet normal 0.20051070179633645 0.9737013433539332 -0.10817186517707325
    outer loop
      vertex 5.42144250869751 1.2244880199432373 0.4601130783557892
      vertex 5.377350807189941 1.2408382892608643 0.52555912733078
      vertex 5.430922031402588 1.2235726118087769 0.4694446325302124
    endloop
  endfacet
  facet normal 0.20051165721201888 0.9737010742312981 -0.10817251667085173
    outer loop
      vertex 5.402482986450195 1.2263188362121582 0.44144997000694275
      vertex 5.348912239074707 1.2435845136642456 0.49756449460983276
      vertex 5.358391761779785 1.2426691055297852 0.5068960785865784
    endloop
  endfacet
  facet normal 0.20051145797032055 0.9737010996431498 -0.10817265724912754
    outer loop
      vertex 5.402482986450195 1.2263188362121582 0.44144997000694275
      vertex 5.358391761779785 1.2426691055297852 0.5068960785865784
      vertex 5.411962509155273 1.2254034280776978 0.45078152418136597
    endloop
  endfacet
  facet normal 0.20051099668275488 0.9737012988138953 -0.10817171948999206
    outer loop
      vertex 4.895211219787598 1.3962290287017822 1.0305899381637573
      vertex 4.860599040985107 1.4116638898849487 1.1053675413131714
      vertex 4.931122779846191 1.3889344930648804 1.0314955711364746
    endloop
  endfacet
  facet normal 0.20051100021745677 0.9737011438472509 -0.10817310785195325
    outer loop
      vertex 4.948781967163086 1.3789633512496948 0.9744753837585449
      vertex 4.895211219787598 1.3962290287017822 1.0305899381637573
      vertex 4.931122779846191 1.3889344930648804 1.0314955711364746
    endloop
  endfacet
  facet normal 0.20051076520679473 0.9737013337763422 -0.10817183384947236
    outer loop
      vertex 4.833591461181641 1.413948893547058 1.0758737325668335
      vertex 4.860599040985107 1.4116638898849487 1.1053675413131714
      vertex 4.895211219787598 1.3962290287017822 1.0305899381637573
    endloop
  endfacet
  facet normal 0.20051086876921656 0.973701328341871 -0.10817169080073678
    outer loop
      vertex 4.833591461181641 1.413948893547058 1.0758737325668335
      vertex 4.895211219787598 1.3962290287017822 1.0305899381637573
      vertex 4.8857316970825195 1.3971444368362427 1.0212583541870117
    endloop
  endfacet
  facet normal 0.20051186984557054 0.9737012316699404 -0.10817070534795556
    outer loop
      vertex 4.8857316970825195 1.3971444368362427 1.0212583541870117
      vertex 4.9198737144470215 1.3847047090530396 0.9725695848464966
      vertex 4.833591461181641 1.413948893547058 1.0758737325668335
    endloop
  endfacet
  facet normal 0.2005066193773924 0.9737018809206662 -0.10817459349314017
    outer loop
      vertex 4.948781967163086 1.3789633512496948 0.9744753837585449
      vertex 4.931122779846191 1.3889344930648804 1.0314955711364746
      vertex 5.001646518707275 1.3662052154541016 0.9576236605644226
    endloop
  endfacet
  facet normal 0.20051311763480376 0.9737009455851908 -0.10817096756004621
    outer loop
      vertex 5.001646518707275 1.3662052154541016 0.9576236605644226
      vertex 5.072169780731201 1.3434758186340332 0.8837517499923706
      vertex 5.055924415588379 1.3444321155548096 0.8622463345527649
    endloop
  endfacet
  facet normal 0.20050925743711556 0.9737014828293739 -0.10817328698849508
    outer loop
      vertex 5.001646518707275 1.3662052154541016 0.9576236605644226
      vertex 5.055924415588379 1.3444321155548096 0.8622463345527649
      vertex 5.002353191375732 1.361697793006897 0.9183608293533325
    endloop
  endfacet
  facet normal 0.20051148861347606 0.9737014200973817 -0.10816971588365258
    outer loop
      vertex 5.055924415588379 1.3444321155548096 0.8622463345527649
      vertex 5.072169780731201 1.3434758186340332 0.8837517499923706
      vertex 5.142693519592285 1.3207465410232544 0.8098797798156738
    endloop
  endfacet
  facet normal 0.20051802260322252 0.9737004656669412 -0.10816619514097439
    outer loop
      vertex 4.939302444458008 1.3798787593841553 0.9651437997817993
      vertex 4.9198737144470215 1.3847047090530396 0.9725695848464966
      vertex 4.8857316970825195 1.3971444368362427 1.0212583541870117
    endloop
  endfacet
  facet normal 0.2005070192112509 0.9737019335095161 -0.1081733790118852
    outer loop
      vertex 5.001646518707275 1.3662052154541016 0.9576236605644226
      vertex 5.002353191375732 1.361697793006897 0.9183608293533325
      vertex 4.948781967163086 1.3789633512496948 0.9744753837585449
    endloop
  endfacet
  facet normal 0.2005121227647723 0.9737014283327674 -0.10816846623250968
    outer loop
      vertex 4.992873668670654 1.3626132011413574 0.9090293049812317
      vertex 4.969702243804932 1.3692415952682495 0.9257432818412781
      vertex 4.939302444458008 1.3798787593841553 0.9651437997817993
    endloop
  endfacet
  facet normal 0.20051951283931024 0.9737005834030866 -0.10816237262178727
    outer loop
      vertex 4.939302444458008 1.3798787593841553 0.9651437997817993
      vertex 4.944787979125977 1.3769731521606445 0.9491564035415649
      vertex 4.9198737144470215 1.3847047090530396 0.9725695848464966
    endloop
  endfacet
  facet normal 0.20051988223644773 0.9737005226372544 -0.10816223483184248
    outer loop
      vertex 4.939302444458008 1.3798787593841553 0.9651437997817993
      vertex 4.969702243804932 1.3692415952682495 0.9257432818412781
      vertex 4.944787979125977 1.3769731521606445 0.9491564035415649
    endloop
  endfacet
  facet normal 0.20051031176338202 0.9737014254982542 -0.1081718487371792
    outer loop
      vertex 4.837358474731445 1.4063154458999634 1.0141444206237793
      vertex 4.806583881378174 1.4162338972091675 1.0463800430297852
      vertex 4.833591461181641 1.413948893547058 1.0758737325668335
    endloop
  endfacet
  facet normal 0.20051066753558638 0.9737013911423741 -0.10817149851896726
    outer loop
      vertex 4.9198737144470215 1.3847047090530396 0.9725695848464966
      vertex 4.898907661437988 1.3864785432815552 0.9496732354164124
      vertex 4.868133068084717 1.3963969945907593 0.9819088578224182
    endloop
  endfacet
  facet normal 0.2005106204287528 0.9737013742057034 -0.10817173829240925
    outer loop
      vertex 4.868133068084717 1.3963969945907593 0.9819088578224182
      vertex 4.837358474731445 1.4063154458999634 1.0141444206237793
      vertex 4.9198737144470215 1.3847047090530396 0.9725695848464966
    endloop
  endfacet
  facet normal 0.20050983785525822 0.9737015829940004 -0.10817130949672264
    outer loop
      vertex 4.969702243804932 1.3692415952682495 0.9257432818412781
      vertex 4.983394145965576 1.3635286092758179 0.8996977210044861
      vertex 4.973914623260498 1.3644440174102783 0.8903661966323853
    endloop
  endfacet
  facet normal 0.200510575979251 0.9737013735936277 -0.1081718261949547
    outer loop
      vertex 4.9198737144470215 1.3847047090530396 0.9725695848464966
      vertex 4.837358474731445 1.4063154458999634 1.0141444206237793
      vertex 4.833591461181641 1.413948893547058 1.0758737325668335
    endloop
  endfacet
  facet normal 0.20051027315509437 0.9737015203039289 -0.10817106691295537
    outer loop
      vertex 4.992873668670654 1.3626132011413574 0.9090293049812317
      vertex 4.983394145965576 1.3635286092758179 0.8996977210044861
      vertex 4.969702243804932 1.3692415952682495 0.9257432818412781
    endloop
  endfacet
  facet normal 0.2005104182229664 0.9737013804599718 -0.10817205680949411
    outer loop
      vertex 5.017253875732422 1.3483362197875977 0.8257079720497131
      vertex 4.946227073669434 1.371227741241455 0.9001069664955139
      vertex 4.973914623260498 1.3644440174102783 0.8903661966323853
    endloop
  endfacet
  facet normal 0.2005103346478043 0.9737013911510302 -0.10817211549181148
    outer loop
      vertex 5.017253875732422 1.3483362197875977 0.8257079720497131
      vertex 4.973914623260498 1.3644440174102783 0.8903661966323853
      vertex 5.0274858474731445 1.347178339958191 0.8342516422271729
    endloop
  endfacet
  facet normal 0.2005103828322242 0.9737013745681536 -0.10817217544527297
    outer loop
      vertex 5.017253875732422 1.3483362197875977 0.8257079720497131
      vertex 5.0274858474731445 1.347178339958191 0.8342516422271729
      vertex 5.08828067779541 1.3254446983337402 0.7513090372085571
    endloop
  endfacet
  facet normal 0.20050997294005551 0.9737014241548898 -0.1081724888791854
    outer loop
      vertex 5.0274858474731445 1.347178339958191 0.8342516422271729
      vertex 5.144107341766357 1.3117316961288452 0.7313541769981384
      vertex 5.08828067779541 1.3254446983337402 0.7513090372085571
    endloop
  endfacet
  facet normal 0.20051075958383932 0.973701363531577 -0.10817157643234997
    outer loop
      vertex 5.036965370178223 1.3462629318237305 0.8435832262039185
      vertex 5.144107341766357 1.3117316961288452 0.7313541769981384
      vertex 5.0274858474731445 1.347178339958191 0.8342516422271729
    endloop
  endfacet
  facet normal 0.20051073473625605 0.9737014127320021 -0.10817117961467453
    outer loop
      vertex 4.946227073669434 1.371227741241455 0.9001069664955139
      vertex 4.969702243804932 1.3692415952682495 0.9257432818412781
      vertex 4.973914623260498 1.3644440174102783 0.8903661966323853
    endloop
  endfacet
  facet normal 0.200509894214222 0.9737014532691826 -0.10817237273760377
    outer loop
      vertex 5.163066387176514 1.3099008798599243 0.7500172257423401
      vertex 5.055924415588379 1.3444321155548096 0.8622463345527649
      vertex 5.142693519592285 1.3207465410232544 0.8098797798156738
    endloop
  endfacet
  facet normal 0.20051028892700765 0.9737014977119517 -0.10817124103896666
    outer loop
      vertex 5.377350807189941 1.2408382892608643 0.52555912733078
      vertex 5.272861003875732 1.2787941694259644 0.6735320687294006
      vertex 5.349724769592285 1.2540215253829956 0.5930191278457642
    endloop
  endfacet
  facet normal 0.20051039486791608 0.9737014810768461 -0.10817119440344902
    outer loop
      vertex 5.3868303298950195 1.2399228811264038 0.5348907113075256
      vertex 5.377350807189941 1.2408382892608643 0.52555912733078
      vertex 5.349724769592285 1.2540215253829956 0.5930191278457642
    endloop
  endfacet
  facet normal 0.2005115941084911 0.9737013359377755 -0.10817027790046047
    outer loop
      vertex 5.377350807189941 1.2408382892608643 0.52555912733078
      vertex 5.244711399078369 1.2810728549957275 0.6418638229370117
      vertex 5.272861003875732 1.2787941694259644 0.6735320687294006
    endloop
  endfacet
  facet normal 0.20051029744336102 0.9737014348719517 -0.10817179090445461
    outer loop
      vertex 5.367871284484863 1.2417536973953247 0.5162276029586792
      vertex 5.244711399078369 1.2810728549957275 0.6418638229370117
      vertex 5.377350807189941 1.2408382892608643 0.52555912733078
    endloop
  endfacet
  facet normal 0.20050996488435782 0.9737015376061497 -0.10817148258895948
    outer loop
      vertex 5.3868303298950195 1.2399228811264038 0.5348907113075256
      vertex 5.349724769592285 1.2540215253829956 0.5930191278457642
      vertex 5.426588535308838 1.2292488813400269 0.5125061273574829
    endloop
  endfacet
  facet normal 0.20051073498629354 0.973701314709462 -0.10817206149612484
    outer loop
      vertex 5.142693519592285 1.3207465410232544 0.8098797798156738
      vertex 5.213217258453369 1.298017144203186 0.7360078692436218
      vertex 5.163066387176514 1.3099008798599243 0.7500172257423401
    endloop
  endfacet
  facet normal 0.20051169412974912 0.9737010795808629 -0.1081724000856043
    outer loop
      vertex 5.440401554107666 1.2226572036743164 0.47877615690231323
      vertex 5.426588535308838 1.2292488813400269 0.5125061273574829
      vertex 5.503451824188232 1.2044761180877686 0.43199318647384644
    endloop
  endfacet
  facet normal 0.20051273385945617 0.9737010235610452 -0.1081709770519805
    outer loop
      vertex 5.488442420959473 1.2061039209365845 0.4188234508037567
      vertex 5.440401554107666 1.2226572036743164 0.47877615690231323
      vertex 5.503451824188232 1.2044761180877686 0.43199318647384644
    endloop
  endfacet
  facet normal 0.20051174870415764 0.9737010059408597 -0.10817296178509178
    outer loop
      vertex 5.473433017730713 1.2077316045761108 0.405653715133667
      vertex 5.42144250869751 1.2244880199432373 0.4601130783557892
      vertex 5.430922031402588 1.2235726118087769 0.4694446325302124
    endloop
  endfacet
  facet normal 0.200508669477003 0.9737014011579908 -0.10817511195985804
    outer loop
      vertex 5.430922031402588 1.2235726118087769 0.4694446325302124
      vertex 5.488442420959473 1.2061039209365845 0.4188234508037567
      vertex 5.473433017730713 1.2077316045761108 0.405653715133667
    endloop
  endfacet
  facet normal 0.2005109435673899 0.9737012266298556 -0.10817246770426345
    outer loop
      vertex 5.488442420959473 1.2061039209365845 0.4188234508037567
      vertex 5.430922031402588 1.2235726118087769 0.4694446325302124
      vertex 5.440401554107666 1.2226572036743164 0.47877615690231323
    endloop
  endfacet
  facet normal 0.20050871195722592 0.9737015478460507 -0.1081737128486369
    outer loop
      vertex 5.440401554107666 1.2226572036743164 0.47877615690231323
      vertex 5.3868303298950195 1.2399228811264038 0.5348907113075256
      vertex 5.426588535308838 1.2292488813400269 0.5125061273574829
    endloop
  endfacet
  facet normal 0.20050665055906092 0.9737014982341168 -0.10817798028352495
    outer loop
      vertex 5.473433017730713 1.2077316045761108 0.405653715133667
      vertex 5.411962509155273 1.2254034280776978 0.45078152418136597
      vertex 5.42144250869751 1.2244880199432373 0.4601130783557892
    endloop
  endfacet
  facet normal 0.20050702758729244 0.9737017909877033 -0.10817464636155523
    outer loop
      vertex 5.212890148162842 1.2908461093902588 0.6708526015281677
      vertex 5.244711399078369 1.2810728549957275 0.6418638229370117
      vertex 5.358391761779785 1.2426691055297852 0.5068960785865784
    endloop
  endfacet
  facet normal 0.20051068613908032 0.9737013061488355 -0.10817222909826144
    outer loop
      vertex 5.213217258453369 1.298017144203186 0.7360078692436218
      vertex 5.181069374084473 1.30061936378479 0.6998413801193237
      vertex 5.163066387176514 1.3099008798599243 0.7500172257423401
    endloop
  endfacet
  facet normal 0.20051306579802397 0.9737011310275023 -0.10816939437770737
    outer loop
      vertex 5.144107341766357 1.3117316961288452 0.7313541769981384
      vertex 5.181069374084473 1.30061936378479 0.6998413801193237
      vertex 5.358391761779785 1.2426691055297852 0.5068960785865784
    endloop
  endfacet
  facet normal 0.20050996935491927 0.9737014238055619 -0.10817249866907415
    outer loop
      vertex 5.08828067779541 1.3254446983337402 0.7513090372085571
      vertex 5.144107341766357 1.3117316961288452 0.7313541769981384
      vertex 5.159307479858398 1.3025531768798828 0.6769100427627563
    endloop
  endfacet
  facet normal 0.20052238539593206 0.9737001945088722 -0.1081605481148736
    outer loop
      vertex 5.212890148162842 1.2908461093902588 0.6708526015281677
      vertex 5.358391761779785 1.2426691055297852 0.5068960785865784
      vertex 5.181069374084473 1.30061936378479 0.6998413801193237
    endloop
  endfacet
  facet normal 0.20051009326977065 0.9737014025301466 -0.108172460486822
    outer loop
      vertex 5.159307479858398 1.3025531768798828 0.6769100427627563
      vertex 5.144107341766357 1.3117316961288452 0.7313541769981384
      vertex 5.230334281921387 1.2796616554260254 0.6025111079216003
    endloop
  endfacet
  facet normal 0.2005080687513928 0.9737016073356952 -0.10817436959589914
    outer loop
      vertex 5.301361083984375 1.256770133972168 0.5281121134757996
      vertex 5.230334281921387 1.2796616554260254 0.6025111079216003
      vertex 5.348912239074707 1.2435845136642456 0.49756449460983276
    endloop
  endfacet
  facet normal 0.20050959909102042 0.973701465802907 -0.10817280696010802
    outer loop
      vertex 5.144107341766357 1.3117316961288452 0.7313541769981384
      vertex 5.358391761779785 1.2426691055297852 0.5068960785865784
      vertex 5.230334281921387 1.2796616554260254 0.6025111079216003
    endloop
  endfacet
  facet normal 0.20051070775192312 0.9737013026319484 -0.10817222069306635
    outer loop
      vertex 5.163066387176514 1.3099008798599243 0.7500172257423401
      vertex 5.181069374084473 1.30061936378479 0.6998413801193237
      vertex 5.144107341766357 1.3117316961288452 0.7313541769981384
    endloop
  endfacet
  facet normal 0.20051029744336102 0.9737014348719517 -0.10817179090445461
    outer loop
      vertex 5.367871284484863 1.2417536973953247 0.5162276029586792
      vertex 5.358391761779785 1.2426691055297852 0.5068960785865784
      vertex 5.244711399078369 1.2810728549957275 0.6418638229370117
    endloop
  endfacet
  facet normal 0.2005122816207397 0.9737012036137156 -0.10817019460297989
    outer loop
      vertex 5.473433017730713 1.2077316045761108 0.405653715133667
      vertex 5.458423614501953 1.2093594074249268 0.3924839496612549
      vertex 5.411962509155273 1.2254034280776978 0.45078152418136597
    endloop
  endfacet
  facet normal 0.20051050881862945 0.9737014055493943 -0.1081716630380993
    outer loop
      vertex 5.458423614501953 1.2093594074249268 0.3924839496612549
      vertex 5.402482986450195 1.2263188362121582 0.44144997000694275
      vertex 5.411962509155273 1.2254034280776978 0.45078152418136597
    endloop
  endfacet
  facet normal 0.20050792570663 0.973701611838604 -0.10817459420644489
    outer loop
      vertex 5.301361083984375 1.256770133972168 0.5281121134757996
      vertex 5.348912239074707 1.2435845136642456 0.49756449460983276
      vertex 5.372387886047363 1.2338786125183105 0.45371317863464355
    endloop
  endfacet
  facet normal 0.20051174865093757 0.9737010654011852 -0.10817242666012579
    outer loop
      vertex 5.402482986450195 1.2263188362121582 0.44144997000694275
      vertex 5.372387886047363 1.2338786125183105 0.45371317863464355
      vertex 5.348912239074707 1.2435845136642456 0.49756449460983276
    endloop
  endfacet
  facet normal 0.20051307866651055 0.9737011484315854 -0.10816921385814628
    outer loop
      vertex 5.372387886047363 1.2338786125183105 0.45371317863464355
      vertex 5.402482986450195 1.2263188362121582 0.44144997000694275
      vertex 5.443414211273193 1.2109872102737427 0.37931421399116516
    endloop
  endfacet
  facet normal 0.20051191918155398 0.9737012982444821 -0.10817001462115167
    outer loop
      vertex 5.458423614501953 1.2093594074249268 0.3924839496612549
      vertex 5.443414211273193 1.2109872102737427 0.37931421399116516
      vertex 5.402482986450195 1.2263188362121582 0.44144997000694275
    endloop
  endfacet
  facet normal 0.20051061493065203 0.9737014101522755 -0.10817142491250688
    outer loop
      vertex 5.348912239074707 1.2435845136642456 0.49756449460983276
      vertex 5.230334281921387 1.2796616554260254 0.6025111079216003
      vertex 5.358391761779785 1.2426691055297852 0.5068960785865784
    endloop
  endfacet
  facet normal 0.710966392086088 -0.06865625896808765 0.6998664925745466
    outer loop
      vertex 5.349724769592285 1.2540215253829956 0.5930191278457642
      vertex 5.38368558883667 1.1807767152786255 0.5513344407081604
      vertex 5.426588535308838 1.2292488813400269 0.5125061273574829
    endloop
  endfacet
  facet normal 0.710968660251461 -0.06865409383749387 0.6998644008231845
    outer loop
      vertex 5.503451824188232 1.2044761180877686 0.43199318647384644
      vertex 5.426588535308838 1.2292488813400269 0.5125061273574829
      vertex 5.516319274902344 1.1795625686645508 0.41647765040397644
    endloop
  endfacet
  facet normal 0.7109689133813365 -0.06865329177592534 0.6998642223558019
    outer loop
      vertex 5.426588535308838 1.2292488813400269 0.5125061273574829
      vertex 5.462870121002197 1.1552560329437256 0.4683905243873596
      vertex 5.516319274902344 1.1795625686645508 0.41647765040397644
    endloop
  endfacet
  facet normal 0.7109660850554754 -0.06865647311036996 0.6998667834673507
    outer loop
      vertex 5.2886810302734375 1.2425458431243896 0.6539052128791809
      vertex 5.349724769592285 1.2540215253829956 0.5930191278457642
      vertex 5.272861003875732 1.2787941694259644 0.6735320687294006
    endloop
  endfacet
  facet normal 0.7109662538642099 -0.06865610058341387 0.6998666485259688
    outer loop
      vertex 5.38368558883667 1.1807767152786255 0.5513344407081604
      vertex 5.2886810302734375 1.2425458431243896 0.6539052128791809
      vertex 5.304501056671143 1.2062973976135254 0.6342783570289612
    endloop
  endfacet
  facet normal 0.7109662682615591 -0.06865603066831578 0.6998666407588693
    outer loop
      vertex 5.38368558883667 1.1807767152786255 0.5513344407081604
      vertex 5.462870121002197 1.1552560329437256 0.4683905243873596
      vertex 5.426588535308838 1.2292488813400269 0.5125061273574829
    endloop
  endfacet
  facet normal 0.7109689288110315 -0.0686538029930448 0.6998641565331708
    outer loop
      vertex 5.542054176330566 1.1297353506088257 0.38544657826423645
      vertex 5.529186725616455 1.1546489000320435 0.40096211433410645
      vertex 5.462870121002197 1.1552560329437256 0.4683905243873596
    endloop
  endfacet
  facet normal 0.7109689464158732 -0.06865347433932266 0.6998641708884971
    outer loop
      vertex 5.462870121002197 1.1552560329437256 0.4683905243873596
      vertex 5.529186725616455 1.1546489000320435 0.40096211433410645
      vertex 5.516319274902344 1.1795625686645508 0.41647765040397644
    endloop
  endfacet
  facet normal 0.7109660888637613 -0.06865655816188702 0.699866771255165
    outer loop
      vertex 5.2886810302734375 1.2425458431243896 0.6539052128791809
      vertex 5.38368558883667 1.1807767152786255 0.5513344407081604
      vertex 5.349724769592285 1.2540215253829956 0.5930191278457642
    endloop
  endfacet
  facet normal -0.7109633216853407 0.0686672867631207 -0.6998685297587957
    outer loop
      vertex 5.06628942489624 1.2780202627182007 0.7689968347549438
      vertex 5.054368495941162 1.2818623781204224 0.7814837098121643
      vertex 5.055872440338135 1.2891651391983032 0.7806724309921265
    endloop
  endfacet
  facet normal -0.7109631590995108 0.06866145912866795 -0.6998692666731163
    outer loop
      vertex 5.079714298248291 1.2814810276031494 0.7556986808776855
      vertex 5.078210353851318 1.2741782665252686 0.7565100193023682
      vertex 5.06628942489624 1.2780202627182007 0.7689968347549438
    endloop
  endfacet
  facet normal -0.7109635870965787 0.06866680567737703 -0.6998683073413389
    outer loop
      vertex 5.055872440338135 1.2891651391983032 0.7806724309921265
      vertex 5.079714298248291 1.2814810276031494 0.7556986808776855
      vertex 5.06628942489624 1.2780202627182007 0.7689968347549438
    endloop
  endfacet
  facet normal -0.7109645929557176 0.06866192128430197 -0.6998677647447831
    outer loop
      vertex 5.102052211761475 1.2664941549301147 0.7315362691879272
      vertex 5.078210353851318 1.2741782665252686 0.7565100193023682
      vertex 5.079714298248291 1.2814810276031494 0.7556986808776855
    endloop
  endfacet
  facet normal -0.7109801163099708 0.0686199895371957 -0.6998561075305235
    outer loop
      vertex 5.102052211761475 1.2664941549301147 0.7315362691879272
      vertex 5.079714298248291 1.2814810276031494 0.7556986808776855
      vertex 5.103555679321289 1.2737969160079956 0.7307249307632446
    endloop
  endfacet
  facet normal -0.7109634776705488 0.06866733703842702 -0.6998683663680266
    outer loop
      vertex 5.030526638031006 1.2895463705062866 0.8064574599266052
      vertex 5.00668478012085 1.2972304821014404 0.8314312100410461
      vertex 5.008188724517822 1.3045332431793213 0.8306199312210083
    endloop
  endfacet
  facet normal -0.7109634776705488 0.06866733703842702 -0.6998683663680266
    outer loop
      vertex 5.030526638031006 1.2895463705062866 0.8064574599266052
      vertex 5.008188724517822 1.3045332431793213 0.8306199312210083
      vertex 5.0320305824279785 1.2968491315841675 0.8056461811065674
    endloop
  endfacet
  facet normal -0.7109636336559472 0.06866738731380326 -0.6998682029769807
    outer loop
      vertex 5.054368495941162 1.2818623781204224 0.7814837098121643
      vertex 5.030526638031006 1.2895463705062866 0.8064574599266052
      vertex 5.0320305824279785 1.2968491315841675 0.8056461811065674
    endloop
  endfacet
  facet normal -0.7109636336559472 0.06866738731380326 -0.6998682029769807
    outer loop
      vertex 5.054368495941162 1.2818623781204224 0.7814837098121643
      vertex 5.0320305824279785 1.2968491315841675 0.8056461811065674
      vertex 5.055872440338135 1.2891651391983032 0.7806724309921265
    endloop
  endfacet
  facet normal -0.7109634776705488 0.06866733703842702 -0.6998683663680266
    outer loop
      vertex 5.0320305824279785 1.2968491315841675 0.8056461811065674
      vertex 5.008188724517822 1.3045332431793213 0.8306199312210083
      vertex 5.011196613311768 1.319138765335083 0.8289973735809326
    endloop
  endfacet
  facet normal -0.7109681653666017 0.06864538067711665 -0.6998657582329216
    outer loop
      vertex 5.058879852294922 1.303770661354065 0.7790498733520508
      vertex 5.055872440338135 1.2891651391983032 0.7806724309921265
      vertex 5.0320305824279785 1.2968491315841675 0.8056461811065674
    endloop
  endfacet
  facet normal -0.7109691063617741 0.06865713429121667 -0.6998636493704026
    outer loop
      vertex 5.011196613311768 1.319138765335083 0.8289973735809326
      vertex 5.058879852294922 1.303770661354065 0.7790498733520508
      vertex 5.0320305824279785 1.2968491315841675 0.8056461811065674
    endloop
  endfacet
  facet normal -0.7109680094301998 0.06864533042267942 -0.6998659215721399
    outer loop
      vertex 5.079714298248291 1.2814810276031494 0.7556986808776855
      vertex 5.055872440338135 1.2891651391983032 0.7806724309921265
      vertex 5.058879852294922 1.303770661354065 0.7790498733520508
    endloop
  endfacet
  facet normal -0.7109699378191771 0.06866941920463085 -0.6998615994491297
    outer loop
      vertex 5.106563568115234 1.2884024381637573 0.729102373123169
      vertex 5.103555679321289 1.2737969160079956 0.7307249307632446
      vertex 5.079714298248291 1.2814810276031494 0.7556986808776855
    endloop
  endfacet
  facet normal -0.7109680094301998 0.06864533042267942 -0.6998659215721399
    outer loop
      vertex 5.058879852294922 1.303770661354065 0.7790498733520508
      vertex 5.106563568115234 1.2884024381637573 0.729102373123169
      vertex 5.079714298248291 1.2814810276031494 0.7556986808776855
    endloop
  endfacet
  facet normal -0.7109635556632242 0.0686673621761064 -0.6998682846725383
    outer loop
      vertex 5.008188724517822 1.3045332431793213 0.8306199312210083
      vertex 4.96050500869751 1.3199013471603394 0.8805674314498901
      vertex 4.963512897491455 1.334506869316101 0.8789448738098145
    endloop
  endfacet
  facet normal -0.7109635556632242 0.0686673621761064 -0.6998682846725383
    outer loop
      vertex 5.008188724517822 1.3045332431793213 0.8306199312210083
      vertex 4.963512897491455 1.334506869316101 0.8789448738098145
      vertex 5.011196613311768 1.319138765335083 0.8289973735809326
    endloop
  endfacet
  facet normal -0.7109738118721316 0.06861795791955087 -0.6998627113105551
    outer loop
      vertex 5.113973140716553 1.2626521587371826 0.7190493941307068
      vertex 5.102052211761475 1.2664941549301147 0.7315362691879272
      vertex 5.103555679321289 1.2737969160079956 0.7307249307632446
    endloop
  endfacet
  facet normal -0.7109765540144332 0.06867155168140004 -0.6998546689359373
    outer loop
      vertex 5.127397537231445 1.2661129236221313 0.7057512402534485
      vertex 5.125893592834473 1.2588101625442505 0.7065625190734863
      vertex 5.113973140716553 1.2626521587371826 0.7190493941307068
    endloop
  endfacet
  facet normal -0.7109724594063158 0.06862040966160252 -0.6998638448609904
    outer loop
      vertex 5.103555679321289 1.2737969160079956 0.7307249307632446
      vertex 5.127397537231445 1.2661129236221313 0.7057512402534485
      vertex 5.113973140716553 1.2626521587371826 0.7190493941307068
    endloop
  endfacet
  facet normal -0.7109634776705488 0.06866733703842702 -0.6998683663680266
    outer loop
      vertex 5.149735450744629 1.2511260509490967 0.6815887689590454
      vertex 5.125893592834473 1.2588101625442505 0.7065625190734863
      vertex 5.127397537231445 1.2661129236221313 0.7057512402534485
    endloop
  endfacet
  facet normal -0.7109634776705488 0.06866733703842702 -0.6998683663680266
    outer loop
      vertex 5.149735450744629 1.2511260509490967 0.6815887689590454
      vertex 5.127397537231445 1.2661129236221313 0.7057512402534485
      vertex 5.151239395141602 1.2584288120269775 0.6807774901390076
    endloop
  endfacet
  facet normal -0.7109628387408561 0.06866713110622422 -0.6998690356310845
    outer loop
      vertex 5.127397537231445 1.2661129236221313 0.7057512402534485
      vertex 5.103555679321289 1.2737969160079956 0.7307249307632446
      vertex 5.106563568115234 1.2884024381637573 0.729102373123169
    endloop
  endfacet
  facet normal -0.7109640353161223 0.06866462916046615 -0.699868065558982
    outer loop
      vertex 5.154247283935547 1.2730343341827393 0.6791548728942871
      vertex 5.151239395141602 1.2584288120269775 0.6807774901390076
      vertex 5.127397537231445 1.2661129236221313 0.7057512402534485
    endloop
  endfacet
  facet normal -0.7109640585949297 0.06866491997072677 -0.6998680133794078
    outer loop
      vertex 5.106563568115234 1.2884024381637573 0.729102373123169
      vertex 5.154247283935547 1.2730343341827393 0.6791548728942871
      vertex 5.127397537231445 1.2661129236221313 0.7057512402534485
    endloop
  endfacet
  facet normal -0.710964113305657 0.06866465429747032 -0.6998679838667504
    outer loop
      vertex 5.198923110961914 1.2430607080459595 0.6308299899101257
      vertex 5.151239395141602 1.2584288120269775 0.6807774901390076
      vertex 5.154247283935547 1.2730343341827393 0.6791548728942871
    endloop
  endfacet
  facet normal -0.7109718751076896 0.06864368865931669 -0.6998621555800103
    outer loop
      vertex 5.198923110961914 1.2430607080459595 0.6308299899101257
      vertex 5.154247283935547 1.2730343341827393 0.6791548728942871
      vertex 5.201930522918701 1.2576662302017212 0.6292073726654053
    endloop
  endfacet
  facet normal -0.710971596308842 0.06864504259751435 -0.6998623060065761
    outer loop
      vertex 5.43734073638916 1.1662200689315796 0.38109251856803894
      vertex 5.389657497406006 1.1815881729125977 0.4310400187969208
      vertex 5.392664909362793 1.1961936950683594 0.4294174313545227
    endloop
  endfacet
  facet normal -0.7109638344851877 0.06866600823656377 -0.6998681342702886
    outer loop
      vertex 5.43734073638916 1.1662200689315796 0.38109251856803894
      vertex 5.392664909362793 1.1961936950683594 0.4294174313545227
      vertex 5.4403486251831055 1.1808255910873413 0.37946993112564087
    endloop
  endfacet
  facet normal -0.7109638344851877 0.06866600823656377 -0.6998681342702886
    outer loop
      vertex 5.4403486251831055 1.1808255910873413 0.37946993112564087
      vertex 5.392664909362793 1.1961936950683594 0.4294174313545227
      vertex 5.395672798156738 1.210799217224121 0.42779484391212463
    endloop
  endfacet
  facet normal -0.7109711187805124 0.06864633249083692 -0.6998626645960935
    outer loop
      vertex 5.4403486251831055 1.1808255910873413 0.37946993112564087
      vertex 5.395672798156738 1.210799217224121 0.42779484391212463
      vertex 5.443356037139893 1.195431113243103 0.3778473734855652
    endloop
  endfacet
  facet normal -0.710965989678843 0.0686536221750157 -0.6998671600255534
    outer loop
      vertex 4.928020477294922 1.3459458351135254 0.9161222577095032
      vertex 4.946227073669434 1.371227741241455 0.9001069664955139
      vertex 4.963512897491455 1.334506869316101 0.8789448738098145
    endloop
  endfacet
  facet normal -0.7109664876353092 0.06865312438842712 -0.6998667030022352
    outer loop
      vertex 5.011196613311768 1.319138765335083 0.8289973735809326
      vertex 4.963512897491455 1.334506869316101 0.8789448738098145
      vertex 4.946227073669434 1.371227741241455 0.9001069664955139
    endloop
  endfacet
  facet normal -0.710968167770244 0.06864922141156198 -0.699865379067295
    outer loop
      vertex 5.011196613311768 1.319138765335083 0.8289973735809326
      vertex 4.946227073669434 1.371227741241455 0.9001069664955139
      vertex 5.017253875732422 1.3483362197875977 0.8257079720497131
    endloop
  endfacet
  facet normal -0.7109631848205283 0.06866724265048116 -0.6998686731213445
    outer loop
      vertex 4.928020477294922 1.3459458351135254 0.9161222577095032
      vertex 4.963512897491455 1.334506869316101 0.8789448738098145
      vertex 4.96050500869751 1.3199013471603394 0.8805674314498901
    endloop
  endfacet
  facet normal -0.7109674049867214 0.06865743938496532 -0.6998653478088104
    outer loop
      vertex 4.90981388092041 1.3206639289855957 0.9321374893188477
      vertex 4.928020477294922 1.3459458351135254 0.9161222577095032
      vertex 4.96050500869751 1.3199013471603394 0.8805674314498901
    endloop
  endfacet
  facet normal -0.7109660246055727 0.06865824717150659 -0.6998666708394424
    outer loop
      vertex 5.017253875732422 1.3483362197875977 0.8257079720497131
      vertex 5.08828067779541 1.3254446983337402 0.7513090372085571
      vertex 5.058879852294922 1.303770661354065 0.7790498733520508
    endloop
  endfacet
  facet normal -0.7109705744932548 0.06865000480929954 -0.699862857311641
    outer loop
      vertex 5.017253875732422 1.3483362197875977 0.8257079720497131
      vertex 5.058879852294922 1.303770661354065 0.7790498733520508
      vertex 5.011196613311768 1.319138765335083 0.8289973735809326
    endloop
  endfacet
  facet normal -0.7109656093619736 0.06865698558504041 -0.6998672164310406
    outer loop
      vertex 5.106563568115234 1.2884024381637573 0.729102373123169
      vertex 5.058879852294922 1.303770661354065 0.7790498733520508
      vertex 5.08828067779541 1.3254446983337402 0.7513090372085571
    endloop
  endfacet
  facet normal -0.7109635556632242 0.0686673621761064 -0.6998682846725383
    outer loop
      vertex 4.96050500869751 1.3199013471603394 0.8805674314498901
      vertex 5.008188724517822 1.3045332431793213 0.8306199312210083
      vertex 5.00668478012085 1.2972304821014404 0.8314312100410461
    endloop
  endfacet
  facet normal -0.7109674074158937 0.06865291384426203 -0.699865789286071
    outer loop
      vertex 5.08828067779541 1.3254446983337402 0.7513090372085571
      vertex 5.159307479858398 1.3025531768798828 0.6769100427627563
      vertex 5.154247283935547 1.2730343341827393 0.6791548728942871
    endloop
  endfacet
  facet normal -0.7109657152181221 0.06865687535390559 -0.6998671197098936
    outer loop
      vertex 5.08828067779541 1.3254446983337402 0.7513090372085571
      vertex 5.154247283935547 1.2730343341827393 0.6791548728942871
      vertex 5.106563568115234 1.2884024381637573 0.729102373123169
    endloop
  endfacet
  facet normal -0.7109691385033248 0.068647847382108 -0.6998645277092155
    outer loop
      vertex 4.988346099853516 1.2953535318374634 0.8498767614364624
      vertex 4.96050500869751 1.3199013471603394 0.8805674314498901
      vertex 5.00668478012085 1.2972304821014404 0.8314312100410461
    endloop
  endfacet
  facet normal -0.7109648763259659 0.06866135290900202 -0.6998675326427917
    outer loop
      vertex 5.054368495941162 1.2818623781204224 0.7814837098121643
      vertex 5.066878318786621 1.2700430154800415 0.7676159739494324
      vertex 5.030526638031006 1.2895463705062866 0.8064574599266052
    endloop
  endfacet
  facet normal -0.7109753409730031 0.06860891681067705 -0.6998620443075818
    outer loop
      vertex 5.067881107330322 1.2749115228652954 0.7670751214027405
      vertex 5.054368495941162 1.2818623781204224 0.7814837098121643
      vertex 5.06628942489624 1.2780202627182007 0.7689968347549438
    endloop
  endfacet
  facet normal -0.7109677827174856 0.06865075092997387 -0.6998656201975725
    outer loop
      vertex 4.96050500869751 1.3199013471603394 0.8805674314498901
      vertex 4.988346099853516 1.2953535318374634 0.8498767614364624
      vertex 4.90981388092041 1.3206639289855957 0.9321374893188477
    endloop
  endfacet
  facet normal -0.7109691336594502 0.06864519497661839 -0.6998647927922598
    outer loop
      vertex 5.066878318786621 1.2700430154800415 0.7676159739494324
      vertex 4.988346099853516 1.2953535318374634 0.8498767614364624
      vertex 5.00668478012085 1.2972304821014404 0.8314312100410461
    endloop
  endfacet
  facet normal -0.710964372895994 0.06866298988900495 -0.6998678834552337
    outer loop
      vertex 5.066878318786621 1.2700430154800415 0.7676159739494324
      vertex 5.00668478012085 1.2972304821014404 0.8314312100410461
      vertex 5.030526638031006 1.2895463705062866 0.8064574599266052
    endloop
  endfacet
  facet normal -0.7109520993826557 0.06868713652712659 -0.6998779819790721
    outer loop
      vertex 5.054368495941162 1.2818623781204224 0.7814837098121643
      vertex 5.067881107330322 1.2749115228652954 0.7670751214027405
      vertex 5.066878318786621 1.2700430154800415 0.7676159739494324
    endloop
  endfacet
  facet normal -0.7109735907129925 0.06861079806942866 -0.6998636379302401
    outer loop
      vertex 5.067881107330322 1.2749115228652954 0.7670751214027405
      vertex 5.06628942489624 1.2780202627182007 0.7689968347549438
      vertex 5.078210353851318 1.2741782665252686 0.7565100193023682
    endloop
  endfacet
  facet normal -0.7109474601171486 0.06874510525040434 -0.6998770030920334
    outer loop
      vertex 5.093147277832031 1.2667683362960815 0.7406089901924133
      vertex 5.078210353851318 1.2741782665252686 0.7565100193023682
      vertex 5.102052211761475 1.2664941549301147 0.7315362691879272
    endloop
  endfacet
  facet normal -0.7109508546073556 0.0687294345211735 -0.6998750939728248
    outer loop
      vertex 5.118413925170898 1.2586250305175781 0.7141428589820862
      vertex 5.102052211761475 1.2664941549301147 0.7315362691879272
      vertex 5.113973140716553 1.2626521587371826 0.7190493941307068
    endloop
  endfacet
  facet normal -0.71094776096816 0.06874042688321833 -0.6998771569970497
    outer loop
      vertex 5.102052211761475 1.2664941549301147 0.7315362691879272
      vertex 5.118413925170898 1.2586250305175781 0.7141428589820862
      vertex 5.093147277832031 1.2667683362960815 0.7406089901924133
    endloop
  endfacet
  facet normal -0.7109750493061444 0.06867885822125763 -0.6998554805797764
    outer loop
      vertex 5.125893592834473 1.2588101625442505 0.7065625190734863
      vertex 5.118413925170898 1.2586250305175781 0.7141428589820862
      vertex 5.113973140716553 1.2626521587371826 0.7190493941307068
    endloop
  endfacet
  facet normal -0.7109684056065704 0.06867251656364623 -0.6998628520632215
    outer loop
      vertex 5.078210353851318 1.2741782665252686 0.7565100193023682
      vertex 5.093147277832031 1.2667683362960815 0.7406089901924133
      vertex 5.067881107330322 1.2749115228652954 0.7670751214027405
    endloop
  endfacet
  facet normal -0.7109652603135209 0.06866195859992691 -0.6998670831440419
    outer loop
      vertex 5.159307479858398 1.3025531768798828 0.6769100427627563
      vertex 5.230334281921387 1.2796616554260254 0.6025111079216003
      vertex 5.201930522918701 1.2576662302017212 0.6292073726654053
    endloop
  endfacet
  facet normal -0.7109698494645279 0.06865352568866642 -0.6998632484728016
    outer loop
      vertex 5.159307479858398 1.3025531768798828 0.6769100427627563
      vertex 5.201930522918701 1.2576662302017212 0.6292073726654053
      vertex 5.154247283935547 1.2730343341827393 0.6791548728942871
    endloop
  endfacet
  facet normal -0.7109654392589142 0.06866247137276986 -0.6998668510540863
    outer loop
      vertex 5.201930522918701 1.2576662302017212 0.6292073726654053
      vertex 5.230334281921387 1.2796616554260254 0.6025111079216003
      vertex 5.301361083984375 1.256770133972168 0.5281121134757996
    endloop
  endfacet
  facet normal -0.7109654891198365 0.06866153942489948 -0.6998668918332934
    outer loop
      vertex 5.301361083984375 1.256770133972168 0.5281121134757996
      vertex 5.392664909362793 1.1961936950683594 0.4294174313545227
      vertex 5.201930522918701 1.2576662302017212 0.6292073726654053
    endloop
  endfacet
  facet normal -0.7109659388716477 0.06865866350093451 -0.6998667170902055
    outer loop
      vertex 5.372387886047363 1.2338786125183105 0.45371317863464355
      vertex 5.395672798156738 1.210799217224121 0.42779484391212463
      vertex 5.301361083984375 1.256770133972168 0.5281121134757996
    endloop
  endfacet
  facet normal -0.7109700758264748 0.06865139732937009 -0.6998632272980354
    outer loop
      vertex 5.443356037139893 1.195431113243103 0.3778473734855652
      vertex 5.395672798156738 1.210799217224121 0.42779484391212463
      vertex 5.443414211273193 1.2109872102737427 0.37931421399116516
    endloop
  endfacet
  facet normal -0.7109701144128734 0.06865057795477227 -0.6998632684733652
    outer loop
      vertex 5.372387886047363 1.2338786125183105 0.45371317863464355
      vertex 5.443414211273193 1.2109872102737427 0.37931421399116516
      vertex 5.395672798156738 1.210799217224121 0.42779484391212463
    endloop
  endfacet
  facet normal -0.7109709367953535 0.0686513188030569 -0.6998623603673357
    outer loop
      vertex 5.456281661987305 1.1860735416412354 0.36379867792129517
      vertex 5.443356037139893 1.195431113243103 0.3778473734855652
      vertex 5.443414211273193 1.2109872102737427 0.37931421399116516
    endloop
  endfacet
  facet normal -0.7109727034519716 0.06864684319330999 -0.6998610046757768
    outer loop
      vertex 5.456281661987305 1.1860735416412354 0.36379867792129517
      vertex 5.4403486251831055 1.1808255910873413 0.37946993112564087
      vertex 5.443356037139893 1.195431113243103 0.3778473734855652
    endloop
  endfacet
  facet normal -0.7109730005396748 0.06864939337307521 -0.6998604527283424
    outer loop
      vertex 5.469149112701416 1.1611599922180176 0.34828314185142517
      vertex 5.4403486251831055 1.1808255910873413 0.37946993112564087
      vertex 5.456281661987305 1.1860735416412354 0.36379867792129517
    endloop
  endfacet
  facet normal -0.7109638484514813 0.06866601273804519 -0.6998681196409204
    outer loop
      vertex 5.301361083984375 1.256770133972168 0.5281121134757996
      vertex 5.395672798156738 1.210799217224121 0.42779484391212463
      vertex 5.392664909362793 1.1961936950683594 0.4294174313545227
    endloop
  endfacet
  facet normal -0.7109672270865962 0.0686530997052455 -0.6998659542438525
    outer loop
      vertex 5.299714088439941 1.195001482963562 0.523725688457489
      vertex 5.201930522918701 1.2576662302017212 0.6292073726654053
      vertex 5.392664909362793 1.1961936950683594 0.4294174313545227
    endloop
  endfacet
  facet normal -0.7109635556632242 0.0686673621761064 -0.6998682846725383
    outer loop
      vertex 5.198923110961914 1.2430607080459595 0.6308299899101257
      vertex 5.149735450744629 1.2511260509490967 0.6815887689590454
      vertex 5.151239395141602 1.2584288120269775 0.6807774901390076
    endloop
  endfacet
  facet normal -0.7109733383283939 0.06862613258944854 -0.6998623908397954
    outer loop
      vertex 5.208562850952148 1.2243789434432983 0.6192046999931335
      vertex 5.1174116134643555 1.2537565231323242 0.7146837115287781
      vertex 5.149735450744629 1.2511260509490967 0.6815887689590454
    endloop
  endfacet
  facet normal -0.7109743878046119 0.0686143534385865 -0.6998624796258632
    outer loop
      vertex 5.125893592834473 1.2588101625442505 0.7065625190734863
      vertex 5.149735450744629 1.2511260509490967 0.6815887689590454
      vertex 5.1174116134643555 1.2537565231323242 0.7146837115287781
    endloop
  endfacet
  facet normal -0.7109647680479753 0.06865799862968794 -0.6998679717051312
    outer loop
      vertex 5.198923110961914 1.2430607080459595 0.6308299899101257
      vertex 5.208562850952148 1.2243789434432983 0.6192046999931335
      vertex 5.149735450744629 1.2511260509490967 0.6815887689590454
    endloop
  endfacet
  facet normal -0.7109674084833767 0.06865514144179374 -0.6998655696832347
    outer loop
      vertex 5.208562850952148 1.2243789434432983 0.6192046999931335
      vertex 5.198923110961914 1.2430607080459595 0.6308299899101257
      vertex 5.299714088439941 1.195001482963562 0.523725688457489
    endloop
  endfacet
  facet normal -0.7109770389806436 0.06862477297122249 -0.6998587647354033
    outer loop
      vertex 5.125893592834473 1.2588101625442505 0.7065625190734863
      vertex 5.1174116134643555 1.2537565231323242 0.7146837115287781
      vertex 5.118413925170898 1.2586250305175781 0.7141428589820862
    endloop
  endfacet
  facet normal -0.71096762568927 0.06864376295491835 -0.6998664651411375
    outer loop
      vertex 5.389657497406006 1.1815881729125977 0.4310400187969208
      vertex 5.299714088439941 1.195001482963562 0.523725688457489
      vertex 5.392664909362793 1.1961936950683594 0.4294174313545227
    endloop
  endfacet
  facet normal -0.7109680134456778 0.0686544847216549 -0.6998650195464199
    outer loop
      vertex 5.482016563415527 1.1362463235855103 0.3327676057815552
      vertex 5.43734073638916 1.1662200689315796 0.38109251856803894
      vertex 5.469149112701416 1.1611599922180176 0.34828314185142517
    endloop
  endfacet
  facet normal -0.7109665728333111 0.0686694370677844 -0.6998650160755643
    outer loop
      vertex 5.390865325927734 1.1656239032745361 0.4282466471195221
      vertex 5.389657497406006 1.1815881729125977 0.4310400187969208
      vertex 5.43734073638916 1.1662200689315796 0.38109251856803894
    endloop
  endfacet
  facet normal -0.7109644215564541 0.06866997302081067 -0.6998671488834276
    outer loop
      vertex 5.389657497406006 1.1815881729125977 0.4310400187969208
      vertex 5.390865325927734 1.1656239032745361 0.4282466471195221
      vertex 5.299714088439941 1.195001482963562 0.523725688457489
    endloop
  endfacet
  facet normal -0.7109671067436695 0.06865693382537133 -0.6998657003784615
    outer loop
      vertex 5.43734073638916 1.1662200689315796 0.38109251856803894
      vertex 5.482016563415527 1.1362463235855103 0.3327676057815552
      vertex 5.390865325927734 1.1656239032745361 0.4282466471195221
    endloop
  endfacet
  facet normal -0.7109707132507677 0.06864331421552061 -0.6998633726043992
    outer loop
      vertex 5.201930522918701 1.2576662302017212 0.6292073726654053
      vertex 5.299714088439941 1.195001482963562 0.523725688457489
      vertex 5.198923110961914 1.2430607080459595 0.6308299899101257
    endloop
  endfacet
  facet normal -0.7109664420265732 0.06866684867542408 -0.6998654029204913
    outer loop
      vertex 5.469149112701416 1.1611599922180176 0.34828314185142517
      vertex 5.43734073638916 1.1662200689315796 0.38109251856803894
      vertex 5.4403486251831055 1.1808255910873413 0.37946993112564087
    endloop
  endfacet
  facet normal -0.2005169735495571 -0.9737007061403452 0.10816597515078094
    outer loop
      vertex 5.458431720733643 1.151871919631958 0.42970171570777893
      vertex 5.465541362762451 1.1511852741241455 0.43670037388801575
      vertex 5.403247833251953 1.1712621450424194 0.5019515156745911
    endloop
  endfacet
  facet normal -0.20050874455915374 -0.9737014955180611 0.10817412343626047
    outer loop
      vertex 5.389028549194336 1.1726353168487549 0.48795416951179504
      vertex 5.451322078704834 1.152558445930481 0.4227030575275421
      vertex 5.458431720733643 1.151871919631958 0.42970171570777893
    endloop
  endfacet
  facet normal -0.2005125503773789 -0.9737012261989638 0.10816949311055044
    outer loop
      vertex 5.403247833251953 1.1712621450424194 0.5019515156745911
      vertex 5.389028549194336 1.1726353168487549 0.48795416951179504
      vertex 5.458431720733643 1.151871919631958 0.42970171570777893
    endloop
  endfacet
  facet normal -0.20051545317287298 -0.9737011961469471 0.10816438258910441
    outer loop
      vertex 5.451322078704834 1.152558445930481 0.4227030575275421
      vertex 5.482469081878662 1.1425200700759888 0.39007750153541565
      vertex 5.489578723907471 1.1418334245681763 0.39707615971565247
    endloop
  endfacet
  facet normal -0.20050889380956405 -0.9737014474155137 0.1081742797720359
    outer loop
      vertex 5.451322078704834 1.152558445930481 0.4227030575275421
      vertex 5.489578723907471 1.1418334245681763 0.39707615971565247
      vertex 5.458431720733643 1.151871919631958 0.42970171570777893
    endloop
  endfacet
  facet normal -0.20050889380956405 -0.9737014474155137 0.1081742797720359
    outer loop
      vertex 5.458431720733643 1.151871919631958 0.42970171570777893
      vertex 5.489578723907471 1.1418334245681763 0.39707615971565247
      vertex 5.496688365936279 1.1411468982696533 0.4040748178958893
    endloop
  endfacet
  facet normal -0.20051545317287298 -0.9737011961469471 0.10816438258910441
    outer loop
      vertex 5.458431720733643 1.151871919631958 0.42970171570777893
      vertex 5.496688365936279 1.1411468982696533 0.4040748178958893
      vertex 5.465541362762451 1.1511852741241455 0.43670037388801575
    endloop
  endfacet
  facet normal -0.20050720069580172 -0.9737019930933386 0.10817250628137216
    outer loop
      vertex 5.465541362762451 1.1511852741241455 0.43670037388801575
      vertex 5.496688365936279 1.1411468982696533 0.4040748178958893
      vertex 5.503798007965088 1.1404603719711304 0.4110734760761261
    endloop
  endfacet
  facet normal -0.20050720069580172 -0.9737019930933386 0.10817250628137216
    outer loop
      vertex 5.465541362762451 1.1511852741241455 0.43670037388801575
      vertex 5.503798007965088 1.1404603719711304 0.4110734760761261
      vertex 5.47265100479126 1.1504987478256226 0.44369903206825256
    endloop
  endfacet
  facet normal -0.20050349100049783 -0.9737016542761678 0.10818243182914447
    outer loop
      vertex 5.429993152618408 1.1546181440353394 0.40170708298683167
      vertex 5.461139678955078 1.1445796489715576 0.3690815269947052
      vertex 5.468249797821045 1.1438931226730347 0.376080185174942
    endloop
  endfacet
  facet normal -0.20050889380956405 -0.9737014474155137 0.1081742797720359
    outer loop
      vertex 5.429993152618408 1.1546181440353394 0.40170708298683167
      vertex 5.468249797821045 1.1438931226730347 0.376080185174942
      vertex 5.437102794647217 1.1539316177368164 0.4087057411670685
    endloop
  endfacet
  facet normal -0.2005120242563877 -0.97370136989694 0.10816917485785035
    outer loop
      vertex 5.374809265136719 1.1740083694458008 0.4739568531513214
      vertex 5.437102794647217 1.1539316177368164 0.4087057411670685
      vertex 5.451322078704834 1.152558445930481 0.4227030575275421
    endloop
  endfacet
  facet normal -0.20050874455915374 -0.9737014955180611 0.10817412343626047
    outer loop
      vertex 5.374809265136719 1.1740083694458008 0.4739568531513214
      vertex 5.451322078704834 1.152558445930481 0.4227030575275421
      vertex 5.389028549194336 1.1726353168487549 0.48795416951179504
    endloop
  endfacet
  facet normal -0.2005121153421315 -0.9737013664076201 0.1081690374227181
    outer loop
      vertex 5.326735019683838 1.1927120685577393 0.5532053112983704
      vertex 5.389028549194336 1.1726353168487549 0.48795416951179504
      vertex 5.403247833251953 1.1712621450424194 0.5019515156745911
    endloop
  endfacet
  facet normal -0.20050874455915374 -0.9737014955180611 0.10817412343626047
    outer loop
      vertex 5.326735019683838 1.1927120685577393 0.5532053112983704
      vertex 5.403247833251953 1.1712621450424194 0.5019515156745911
      vertex 5.340954303741455 1.1913390159606934 0.567202627658844
    endloop
  endfacet
  facet normal -0.2005085953076119 -0.9737015436209222 0.10817396709930474
    outer loop
      vertex 5.171001434326172 1.2429041862487793 0.7163330912590027
      vertex 5.202147960662842 1.232865810394287 0.6837075352668762
      vertex 5.20925760269165 1.2321792840957642 0.690706193447113
    endloop
  endfacet
  facet normal -0.2005085953076119 -0.9737015436209222 0.10817396709930474
    outer loop
      vertex 5.171001434326172 1.2429041862487793 0.7163330912590027
      vertex 5.20925760269165 1.2321792840957642 0.690706193447113
      vertex 5.1781110763549805 1.2422176599502563 0.7233317494392395
    endloop
  endfacet
  facet normal -0.20051684783827295 -0.9737007466563992 0.10816584347091145
    outer loop
      vertex 5.1781110763549805 1.2422176599502563 0.7233317494392395
      vertex 5.20925760269165 1.2321792840957642 0.690706193447113
      vertex 5.216367244720459 1.2314926385879517 0.6977048516273499
    endloop
  endfacet
  facet normal -0.20051028843132682 -0.9737009979344932 0.10817574060092293
    outer loop
      vertex 5.1781110763549805 1.2422176599502563 0.7233317494392395
      vertex 5.216367244720459 1.2314926385879517 0.6977048516273499
      vertex 5.185220718383789 1.2415311336517334 0.7303304076194763
    endloop
  endfacet
  facet normal -0.20051028843132682 -0.9737009979344932 0.10817574060092293
    outer loop
      vertex 5.185220718383789 1.2415311336517334 0.7303304076194763
      vertex 5.216367244720459 1.2314926385879517 0.6977048516273499
      vertex 5.223476886749268 1.2308061122894287 0.7047035098075867
    endloop
  endfacet
  facet normal -0.20051684783827295 -0.9737007466563992 0.10816584347091145
    outer loop
      vertex 5.185220718383789 1.2415311336517334 0.7303304076194763
      vertex 5.223476886749268 1.2308061122894287 0.7047035098075867
      vertex 5.192330360412598 1.240844488143921 0.7373290657997131
    endloop
  endfacet
  facet normal -0.20050720069580172 -0.9737019930933386 0.10817250628137216
    outer loop
      vertex 5.149672031402588 1.2449638843536377 0.6953371167182922
      vertex 5.180819034576416 1.2349255084991455 0.6627115607261658
      vertex 5.187928676605225 1.2342389822006226 0.6697102189064026
    endloop
  endfacet
  facet normal -0.20050720069580172 -0.9737019930933386 0.10817250628137216
    outer loop
      vertex 5.149672031402588 1.2449638843536377 0.6953371167182922
      vertex 5.187928676605225 1.2342389822006226 0.6697102189064026
      vertex 5.1567816734313965 1.2442773580551147 0.702335774898529
    endloop
  endfacet
  facet normal -0.20051545317287298 -0.9737011961469471 0.10816438258910441
    outer loop
      vertex 5.1567816734313965 1.2442773580551147 0.702335774898529
      vertex 5.187928676605225 1.2342389822006226 0.6697102189064026
      vertex 5.195038318634033 1.23355233669281 0.6767088770866394
    endloop
  endfacet
  facet normal -0.20050889380956405 -0.9737014474155137 0.1081742797720359
    outer loop
      vertex 5.1567816734313965 1.2442773580551147 0.702335774898529
      vertex 5.195038318634033 1.23355233669281 0.6767088770866394
      vertex 5.163891315460205 1.2435908317565918 0.7093344330787659
    endloop
  endfacet
  facet normal -0.20050889380956405 -0.9737014474155137 0.1081742797720359
    outer loop
      vertex 5.163891315460205 1.2435908317565918 0.7093344330787659
      vertex 5.195038318634033 1.23355233669281 0.6767088770866394
      vertex 5.202147960662842 1.232865810394287 0.6837075352668762
    endloop
  endfacet
  facet normal -0.20051005021174947 -0.9737014031274351 0.10817253492336028
    outer loop
      vertex 5.163891315460205 1.2435908317565918 0.7093344330787659
      vertex 5.202147960662842 1.232865810394287 0.6837075352668762
      vertex 5.171001434326172 1.2429041862487793 0.7163330912590027
    endloop
  endfacet
  facet normal -0.20051313300443585 -0.9737008889814398 0.10817144858741352
    outer loop
      vertex 5.527044773101807 1.1313631534576416 0.37227684259414673
      vertex 5.542054176330566 1.1297353506088257 0.38544657826423645
      vertex 5.503798007965088 1.1404603719711304 0.4110734760761261
    endloop
  endfacet
  facet normal -0.200506618046149 -0.9737016459854749 0.1081767106399178
    outer loop
      vertex 5.542054176330566 1.1297353506088257 0.38544657826423645
      vertex 5.462870121002197 1.1552560329437256 0.4683905243873596
      vertex 5.47265100479126 1.1504987478256226 0.44369903206825256
    endloop
  endfacet
  facet normal -0.2005222511474142 -0.9737005395621855 0.1081576906700677
    outer loop
      vertex 5.542054176330566 1.1297353506088257 0.38544657826423645
      vertex 5.47265100479126 1.1504987478256226 0.44369903206825256
      vertex 5.503798007965088 1.1404603719711304 0.4110734760761261
    endloop
  endfacet
  facet normal -0.20050880082945932 -0.9737014773824717 0.10817418237788584
    outer loop
      vertex 5.496688365936279 1.1411468982696533 0.4040748178958893
      vertex 5.527044773101807 1.1313631534576416 0.37227684259414673
      vertex 5.503798007965088 1.1404603719711304 0.4110734760761261
    endloop
  endfacet
  facet normal -0.20050840017897031 -0.9737014919570024 0.10817479382174718
    outer loop
      vertex 5.512035369873047 1.132990837097168 0.359107106924057
      vertex 5.527044773101807 1.1313631534576416 0.37227684259414673
      vertex 5.489578723907471 1.1418334245681763 0.39707615971565247
    endloop
  endfacet
  facet normal -0.20050880082945932 -0.9737014773824717 0.10817418237788584
    outer loop
      vertex 5.496688365936279 1.1411468982696533 0.4040748178958893
      vertex 5.489578723907471 1.1418334245681763 0.39707615971565247
      vertex 5.527044773101807 1.1313631534576416 0.37227684259414673
    endloop
  endfacet
  facet normal -0.2005190534848672 -0.9737000357834172 0.10816815383884919
    outer loop
      vertex 5.489578723907471 1.1418334245681763 0.39707615971565247
      vertex 5.482469081878662 1.1425200700759888 0.39007750153541565
      vertex 5.512035369873047 1.132990837097168 0.359107106924057
    endloop
  endfacet
  facet normal -0.20050655065694112 -0.9737016566680202 0.10817673939257136
    outer loop
      vertex 5.462870121002197 1.1552560329437256 0.4683905243873596
      vertex 5.403247833251953 1.1712621450424194 0.5019515156745911
      vertex 5.47265100479126 1.1504987478256226 0.44369903206825256
    endloop
  endfacet
  facet normal -0.20050785642911445 -0.9737016460599497 0.10817441458286739
    outer loop
      vertex 5.38368558883667 1.1807767152786255 0.5513344407081604
      vertex 5.403247833251953 1.1712621450424194 0.5019515156745911
      vertex 5.462870121002197 1.1552560329437256 0.4683905243873596
    endloop
  endfacet
  facet normal -0.20050872104686643 -0.9737015030959312 0.10817409880777472
    outer loop
      vertex 5.47265100479126 1.1504987478256226 0.44369903206825256
      vertex 5.403247833251953 1.1712621450424194 0.5019515156745911
      vertex 5.465541362762451 1.1511852741241455 0.43670037388801575
    endloop
  endfacet
  facet normal -0.20050890198395446 -0.97370148031659 0.10817396846963792
    outer loop
      vertex 5.38368558883667 1.1807767152786255 0.5513344407081604
      vertex 5.340954303741455 1.1913390159606934 0.567202627658844
      vertex 5.403247833251953 1.1712621450424194 0.5019515156745911
    endloop
  endfacet
  facet normal -0.20050925523576227 -0.9737015109866556 0.10817303761614462
    outer loop
      vertex 5.340954303741455 1.1913390159606934 0.567202627658844
      vertex 5.38368558883667 1.1807767152786255 0.5513344407081604
      vertex 5.304501056671143 1.2062973976135254 0.6342783570289612
    endloop
  endfacet
  facet normal -0.20050720069580172 -0.9737019930933386 0.10817250628137216
    outer loop
      vertex 5.468249797821045 1.1438931226730347 0.376080185174942
      vertex 5.482469081878662 1.1425200700759888 0.39007750153541565
      vertex 5.451322078704834 1.152558445930481 0.4227030575275421
    endloop
  endfacet
  facet normal -0.20051302005015995 -0.9737010489590001 0.10817021792761207
    outer loop
      vertex 5.468249797821045 1.1438931226730347 0.376080185174942
      vertex 5.451322078704834 1.152558445930481 0.4227030575275421
      vertex 5.437102794647217 1.1539316177368164 0.4087057411670685
    endloop
  endfacet
  facet normal -0.2005091948319107 -0.9737013503975905 0.1081745950848325
    outer loop
      vertex 5.497025966644287 1.1346186399459839 0.3459373414516449
      vertex 5.482469081878662 1.1425200700759888 0.39007750153541565
      vertex 5.468249797821045 1.1438931226730347 0.376080185174942
    endloop
  endfacet
  facet normal -0.20050734466950715 -0.9737018478404942 0.10817354688458053
    outer loop
      vertex 5.482016563415527 1.1362463235855103 0.3327676057815552
      vertex 5.497025966644287 1.1346186399459839 0.3459373414516449
      vertex 5.461139678955078 1.1445796489715576 0.3690815269947052
    endloop
  endfacet
  facet normal -0.20050239741605355 -0.9737020067428092 0.1081812862534068
    outer loop
      vertex 5.468249797821045 1.1438931226730347 0.376080185174942
      vertex 5.461139678955078 1.1445796489715576 0.3690815269947052
      vertex 5.497025966644287 1.1346186399459839 0.3459373414516449
    endloop
  endfacet
  facet normal -0.20052082527937137 -0.9736999803453138 0.10816536832468765
    outer loop
      vertex 5.429993152618408 1.1546181440353394 0.40170708298683167
      vertex 5.482016563415527 1.1362463235855103 0.3327676057815552
      vertex 5.461139678955078 1.1445796489715576 0.3690815269947052
    endloop
  endfacet
  facet normal -0.20051441729395944 -0.9737004835283453 0.1081727176044416
    outer loop
      vertex 5.512035369873047 1.132990837097168 0.359107106924057
      vertex 5.482469081878662 1.1425200700759888 0.39007750153541565
      vertex 5.497025966644287 1.1346186399459839 0.3459373414516449
    endloop
  endfacet
  facet normal -0.20050787448727914 -0.9737017759362006 0.1081732120595607
    outer loop
      vertex 5.326735019683838 1.1927120685577393 0.5532053112983704
      vertex 5.374809265136719 1.1740083694458008 0.4739568531513214
      vertex 5.389028549194336 1.1726353168487549 0.48795416951179504
    endloop
  endfacet
  facet normal -0.20050558142216962 -0.9737017880337165 0.10817735344563141
    outer loop
      vertex 5.482016563415527 1.1362463235855103 0.3327676057815552
      vertex 5.429993152618408 1.1546181440353394 0.40170708298683167
      vertex 5.390865325927734 1.1656239032745361 0.4282466471195221
    endloop
  endfacet
  facet normal -0.20050885058075887 -0.9737016563678415 0.10817247905685172
    outer loop
      vertex 5.374809265136719 1.1740083694458008 0.4739568531513214
      vertex 5.390865325927734 1.1656239032745361 0.4282466471195221
      vertex 5.429993152618408 1.1546181440353394 0.40170708298683167
    endloop
  endfacet
  facet normal -0.2005115967567943 -0.9737012071753895 0.10817143204760717
    outer loop
      vertex 5.390865325927734 1.1656239032745361 0.4282466471195221
      vertex 5.374809265136719 1.1740083694458008 0.4739568531513214
      vertex 5.299714088439941 1.195001482963562 0.523725688457489
    endloop
  endfacet
  facet normal -0.20051227026383298 -0.9737011825332208 0.10817040541225181
    outer loop
      vertex 5.326735019683838 1.1927120685577393 0.5532053112983704
      vertex 5.299714088439941 1.195001482963562 0.523725688457489
      vertex 5.374809265136719 1.1740083694458008 0.4739568531513214
    endloop
  endfacet
  facet normal -0.2005078979993891 -0.9737017683584331 0.1081732366878562
    outer loop
      vertex 5.374809265136719 1.1740083694458008 0.4739568531513214
      vertex 5.429993152618408 1.1546181440353394 0.40170708298683167
      vertex 5.437102794647217 1.1539316177368164 0.4087057411670685
    endloop
  endfacet
  facet normal -0.20051285466079818 -0.9737010011169017 0.108170955157662
    outer loop
      vertex 5.299714088439941 1.195001482963562 0.523725688457489
      vertex 5.326735019683838 1.1927120685577393 0.5532053112983704
      vertex 5.2792792320251465 1.208338975906372 0.6059037446975708
    endloop
  endfacet
  facet normal -0.20050907708716706 -0.9737013883461283 0.10817447175038394
    outer loop
      vertex 5.326735019683838 1.1927120685577393 0.5532053112983704
      vertex 5.340954303741455 1.1913390159606934 0.567202627658844
      vertex 5.2792792320251465 1.208338975906372 0.6059037446975708
    endloop
  endfacet
  facet normal -0.20050787323018354 -0.9737017763413525 0.10817321074278728
    outer loop
      vertex 5.244857311248779 1.2255202531814575 0.6967541575431824
      vertex 5.223476886749268 1.2308061122894287 0.7047035098075867
      vertex 5.216367244720459 1.2314926385879517 0.6977048516273499
    endloop
  endfacet
  facet normal -0.20050698280137294 -0.9737016993284702 0.10817555441383023
    outer loop
      vertex 5.192330360412598 1.240844488143921 0.7373290657997131
      vertex 5.223476886749268 1.2308061122894287 0.7047035098075867
      vertex 5.244857311248779 1.2255202531814575 0.6967541575431824
    endloop
  endfacet
  facet normal -0.20050812465942652 -0.9737022388414532 0.10816858148603672
    outer loop
      vertex 5.244857311248779 1.2255202531814575 0.6967541575431824
      vertex 5.216367244720459 1.2314926385879517 0.6977048516273499
      vertex 5.215636730194092 1.2278856039047241 0.663881242275238
    endloop
  endfacet
  facet normal -0.20051945786584713 -0.9736999054514892 0.10816857741945093
    outer loop
      vertex 5.215636730194092 1.2278856039047241 0.663881242275238
      vertex 5.216367244720459 1.2314926385879517 0.6977048516273499
      vertex 5.20925760269165 1.2321792840957642 0.690706193447113
    endloop
  endfacet
  facet normal -0.2005103692429174 -0.9737013527633468 0.10817239690834902
    outer loop
      vertex 5.340954303741455 1.1913390159606934 0.567202627658844
      vertex 5.304501056671143 1.2062973976135254 0.6342783570289612
      vertex 5.2792792320251465 1.208338975906372 0.6059037446975708
    endloop
  endfacet
  facet normal -0.2005134514895511 -0.9737008321575785 0.10817136972131987
    outer loop
      vertex 5.155572891235352 1.2510864734649658 0.7613859176635742
      vertex 5.192330360412598 1.240844488143921 0.7373290657997131
      vertex 5.168292999267578 1.2501964569091797 0.7769532799720764
    endloop
  endfacet
  facet normal -0.20050706308157826 -0.9737016945438532 0.10817544867865608
    outer loop
      vertex 5.244857311248779 1.2255202531814575 0.6967541575431824
      vertex 5.168292999267578 1.2501964569091797 0.7769532799720764
      vertex 5.192330360412598 1.240844488143921 0.7373290657997131
    endloop
  endfacet
  facet normal -0.20051695858889645 -0.9737007109620855 0.1081659594798101
    outer loop
      vertex 5.185220718383789 1.2415311336517334 0.7303304076194763
      vertex 5.192330360412598 1.240844488143921 0.7373290657997131
      vertex 5.155572891235352 1.2510864734649658 0.7613859176635742
    endloop
  endfacet
  facet normal -0.2005087060807002 -0.9737015079194367 0.10817408313112001
    outer loop
      vertex 5.155572891235352 1.2510864734649658 0.7613859176635742
      vertex 5.1781110763549805 1.2422176599502563 0.7233317494392395
      vertex 5.185220718383789 1.2415311336517334 0.7303304076194763
    endloop
  endfacet
  facet normal -0.20050932856526726 -0.9737014228943348 0.10817369463900815
    outer loop
      vertex 5.1781110763549805 1.2422176599502563 0.7233317494392395
      vertex 5.155572891235352 1.2510864734649658 0.7613859176635742
      vertex 5.142852306365967 1.251976490020752 0.7458184957504272
    endloop
  endfacet
  facet normal -0.2005066921310628 -0.9737021569986475 0.10817197357375148
    outer loop
      vertex 5.215636730194092 1.2278856039047241 0.663881242275238
      vertex 5.20925760269165 1.2321792840957642 0.690706193447113
      vertex 5.202147960662842 1.232865810394287 0.6837075352668762
    endloop
  endfacet
  facet normal -0.20050996568441068 -0.9737011243935746 0.1081752005587461
    outer loop
      vertex 5.215636730194092 1.2278856039047241 0.663881242275238
      vertex 5.187928676605225 1.2342389822006226 0.6697102189064026
      vertex 5.247457981109619 1.2181122303009033 0.634892463684082
    endloop
  endfacet
  facet normal -0.2005066921310628 -0.9737021569986475 0.10817197357375148
    outer loop
      vertex 5.195038318634033 1.23355233669281 0.6767088770866394
      vertex 5.215636730194092 1.2278856039047241 0.663881242275238
      vertex 5.202147960662842 1.232865810394287 0.6837075352668762
    endloop
  endfacet
  facet normal -0.20051298438855922 -0.9737019918073345 0.10816179659206297
    outer loop
      vertex 5.195038318634033 1.23355233669281 0.6767088770866394
      vertex 5.187928676605225 1.2342389822006226 0.6697102189064026
      vertex 5.215636730194092 1.2278856039047241 0.663881242275238
    endloop
  endfacet
  facet normal -0.20050889907121458 -0.9737014457197131 0.10817428528347288
    outer loop
      vertex 5.180819034576416 1.2349255084991455 0.6627115607261658
      vertex 5.208562850952148 1.2243789434432983 0.6192046999931335
      vertex 5.187928676605225 1.2342389822006226 0.6697102189064026
    endloop
  endfacet
  facet normal -0.200511048821244 -0.9737011079311547 0.10817334105151145
    outer loop
      vertex 5.247457981109619 1.2181122303009033 0.634892463684082
      vertex 5.187928676605225 1.2342389822006226 0.6697102189064026
      vertex 5.208562850952148 1.2243789434432983 0.6192046999931335
    endloop
  endfacet
  facet normal -0.2005083748616383 -0.9737015146726766 0.10817463628078419
    outer loop
      vertex 5.1174116134643555 1.2537565231323242 0.7146837115287781
      vertex 5.208562850952148 1.2243789434432983 0.6192046999931335
      vertex 5.180819034576416 1.2349255084991455 0.6627115607261658
    endloop
  endfacet
  facet normal -0.20052100535307912 -0.9737006598944642 0.10815891703080033
    outer loop
      vertex 5.1174116134643555 1.2537565231323242 0.7146837115287781
      vertex 5.180819034576416 1.2349255084991455 0.6627115607261658
      vertex 5.149672031402588 1.2449638843536377 0.6953371167182922
    endloop
  endfacet
  facet normal -0.20051036327017174 -0.9737014532563768 0.10817150339938587
    outer loop
      vertex 5.247457981109619 1.2181122303009033 0.634892463684082
      vertex 5.208562850952148 1.2243789434432983 0.6192046999931335
      vertex 5.299714088439941 1.195001482963562 0.523725688457489
    endloop
  endfacet
  facet normal -0.20051038759715048 -0.9737012943873168 0.10817288835056803
    outer loop
      vertex 5.163891315460205 1.2435908317565918 0.7093344330787659
      vertex 5.171001434326172 1.2429041862487793 0.7163330912590027
      vertex 5.142852306365967 1.251976490020752 0.7458184957504272
    endloop
  endfacet
  facet normal -0.20050893271498055 -0.9737014348765136 0.1081743205244102
    outer loop
      vertex 5.1781110763549805 1.2422176599502563 0.7233317494392395
      vertex 5.142852306365967 1.251976490020752 0.7458184957504272
      vertex 5.171001434326172 1.2429041862487793 0.7163330912590027
    endloop
  endfacet
  facet normal -0.20050892740486834 -0.9737014963737863 0.10817377681489566
    outer loop
      vertex 5.130131721496582 1.252866506576538 0.730251133441925
      vertex 5.163891315460205 1.2435908317565918 0.7093344330787659
      vertex 5.142852306365967 1.251976490020752 0.7458184957504272
    endloop
  endfacet
  facet normal -0.20050872605696518 -0.9737015014812063 0.10817410405571778
    outer loop
      vertex 5.130131721496582 1.252866506576538 0.730251133441925
      vertex 5.149672031402588 1.2449638843536377 0.6953371167182922
      vertex 5.1567816734313965 1.2442773580551147 0.702335774898529
    endloop
  endfacet
  facet normal -0.20051370155447648 -0.9737008037934247 0.10817116150324414
    outer loop
      vertex 5.149672031402588 1.2449638843536377 0.6953371167182922
      vertex 5.130131721496582 1.252866506576538 0.730251133441925
      vertex 5.1174116134643555 1.2537565231323242 0.7146837115287781
    endloop
  endfacet
  facet normal -0.20050872605696518 -0.9737015014812063 0.10817410405571778
    outer loop
      vertex 5.130131721496582 1.252866506576538 0.730251133441925
      vertex 5.1567816734313965 1.2442773580551147 0.702335774898529
      vertex 5.163891315460205 1.2435908317565918 0.7093344330787659
    endloop
  endfacet
  facet normal -0.20050972948498685 -0.9737015484726538 0.1081718211172102
    outer loop
      vertex 5.2792792320251465 1.208338975906372 0.6059037446975708
      vertex 5.247457981109619 1.2181122303009033 0.634892463684082
      vertex 5.299714088439941 1.195001482963562 0.523725688457489
    endloop
  endfacet
  facet normal 0.5509527047390707 0.6273197986099018 -0.5503825827665104
    outer loop
      vertex 5.469149112701416 1.1611599922180176 0.34828314185142517
      vertex 5.497025966644287 1.1346186399459839 0.3459373414516449
      vertex 5.482016563415527 1.1362463235855103 0.3327676057815552
    endloop
  endfacet
  facet normal 0.5509549908114187 0.6273217962165741 -0.5503780174494622
    outer loop
      vertex 5.512035369873047 1.132990837097168 0.359107106924057
      vertex 5.497025966644287 1.1346186399459839 0.3459373414516449
      vertex 5.469149112701416 1.1611599922180176 0.34828314185142517
    endloop
  endfacet
  facet normal 0.5509545795888072 0.6273214368839862 -0.5503788386701761
    outer loop
      vertex 5.529186725616455 1.1546489000320435 0.40096211433410645
      vertex 5.542054176330566 1.1297353506088257 0.38544657826423645
      vertex 5.527044773101807 1.1313631534576416 0.37227684259414673
    endloop
  endfacet
  facet normal 0.5509509870355136 0.6273234171159611 -0.5503801778975578
    outer loop
      vertex 5.527044773101807 1.1313631534576416 0.37227684259414673
      vertex 5.512035369873047 1.132990837097168 0.359107106924057
      vertex 5.529186725616455 1.1546489000320435 0.40096211433410645
    endloop
  endfacet
  facet normal 0.550955438428707 0.6273196276356995 -0.550380041106905
    outer loop
      vertex 5.512035369873047 1.132990837097168 0.359107106924057
      vertex 5.516319274902344 1.1795625686645508 0.41647765040397644
      vertex 5.529186725616455 1.1546489000320435 0.40096211433410645
    endloop
  endfacet
  facet normal 0.5509547100546871 0.627320843545917 -0.550379384353552
    outer loop
      vertex 5.473433017730713 1.2077316045761108 0.405653715133667
      vertex 5.512035369873047 1.132990837097168 0.359107106924057
      vertex 5.469149112701416 1.1611599922180176 0.34828314185142517
    endloop
  endfacet
  facet normal 0.550955438428707 0.6273196276356995 -0.550380041106905
    outer loop
      vertex 5.458423614501953 1.2093594074249268 0.3924839496612549
      vertex 5.456281661987305 1.1860735416412354 0.36379867792129517
      vertex 5.443414211273193 1.2109872102737427 0.37931421399116516
    endloop
  endfacet
  facet normal 0.5509562264042759 0.627319193297499 -0.5503797473626146
    outer loop
      vertex 5.473433017730713 1.2077316045761108 0.405653715133667
      vertex 5.456281661987305 1.1860735416412354 0.36379867792129517
      vertex 5.458423614501953 1.2093594074249268 0.3924839496612549
    endloop
  endfacet
  facet normal 0.5509545795888072 0.6273214368839862 -0.5503788386701761
    outer loop
      vertex 5.488442420959473 1.2061039209365845 0.4188234508037567
      vertex 5.503451824188232 1.2044761180877686 0.43199318647384644
      vertex 5.516319274902344 1.1795625686645508 0.41647765040397644
    endloop
  endfacet
  facet normal 0.5509527047390707 0.6273197986099018 -0.5503825827665104
    outer loop
      vertex 5.516319274902344 1.1795625686645508 0.41647765040397644
      vertex 5.473433017730713 1.2077316045761108 0.405653715133667
      vertex 5.488442420959473 1.2061039209365845 0.4188234508037567
    endloop
  endfacet
  facet normal 0.5509530434074106 0.6273209477847587 -0.5503809339271701
    outer loop
      vertex 5.516319274902344 1.1795625686645508 0.41647765040397644
      vertex 5.512035369873047 1.132990837097168 0.359107106924057
      vertex 5.473433017730713 1.2077316045761108 0.405653715133667
    endloop
  endfacet
  facet normal 0.5509535125419478 0.6273215036220975 -0.550379830763265
    outer loop
      vertex 5.456281661987305 1.1860735416412354 0.36379867792129517
      vertex 5.473433017730713 1.2077316045761108 0.405653715133667
      vertex 5.469149112701416 1.1611599922180176 0.34828314185142517
    endloop
  endfacet
endsolid f8