solid c28
  facet normal 0.868427483 -0.440425513 0.227725874
    outer loop
      vertex 1.92432189 0.336768329 1.97484386
      vertex 1.95812297 0.404604793 1.97714102
      vertex 1.91998041 0.338272423 1.99430895
    endloop
  endfacet
  facet normal 0.868427626 -0.440425563 0.227725235
    outer loop
      vertex 1.90307987 0.304354191 1.99316037
      vertex 1.88617933 0.270435959 1.99201179
      vertex 1.89052081 0.268931895 1.9725467
    endloop
  endfacet
  facet normal 0.868427483 -0.440425513 0.227725874
    outer loop
      vertex 1.92432189 0.336768329 1.97484386
      vertex 1.91998041 0.338272423 1.99430895
      vertex 1.90307987 0.304354191 1.99316037
    endloop
  endfacet
  facet normal 0.868427477 -0.440425693 0.227725549
    outer loop
      vertex 1.89052081 0.268931895 1.9725467
      vertex 1.92432189 0.336768329 1.97484386
      vertex 1.90307987 0.304354191 1.99316037
    endloop
  endfacet
  facet normal 0.868426207 -0.440425071 0.227731594
    outer loop
      vertex 1.99409485 0.471689194 1.9697057
      vertex 2.01099539 0.505607426 1.97085428
      vertex 2.00882459 0.506359458 1.98058677
    endloop
  endfacet
  facet normal 0.868428014 -0.440422833 0.227729035
    outer loop
      vertex 1.99192417 0.472441226 1.97943819
      vertex 2.00882459 0.506359458 1.98058677
      vertex 1.98975337 0.473193258 1.98917079
    endloop
  endfacet
  facet normal 0.868425579 -0.440427718 0.227728869
    outer loop
      vertex 1.98975337 0.473193258 1.98917079
      vertex 2.00665402 0.50711149 1.99031937
      vertex 2.00448322 0.507863522 2.00005198
    endloop
  endfacet
  facet normal 0.868428377 -0.440426005 0.227721513
    outer loop
      vertex 1.98975337 0.473193258 1.98917079
      vertex 1.98758268 0.47394529 1.99890327
      vertex 1.9537816 0.406108856 1.99660611
    endloop
  endfacet
  facet normal 0.868426111 -0.440426652 0.227728905
    outer loop
      vertex 1.95812297 0.404604793 1.97714102
      vertex 1.99192417 0.472441226 1.97943819
      vertex 1.98975337 0.473193258 1.98917079
    endloop
  endfacet
  facet normal 0.868428592 -0.440426267 0.227720187
    outer loop
      vertex 1.9537816 0.406108856 1.99660611
      vertex 1.95812297 0.404604793 1.97714102
      vertex 1.98975337 0.473193258 1.98917079
    endloop
  endfacet
  facet normal 0.868427309 -0.440425635 0.227726305
    outer loop
      vertex 1.985412 0.474697322 2.00863576
      vertex 1.9832412 0.475449353 2.01836848
      vertex 1.94944012 0.40761292 2.01607132
    endloop
  endfacet
  facet normal 0.868428377 -0.440426005 0.227721513
    outer loop
      vertex 1.9537816 0.406108856 1.99660611
      vertex 1.98758268 0.47394529 1.99890327
      vertex 1.985412 0.474697322 2.00863576
    endloop
  endfacet
  facet normal 0.868427698 -0.44042611 0.227723899
    outer loop
      vertex 1.94944012 0.40761292 2.01607132
      vertex 1.9537816 0.406108856 1.99660611
      vertex 1.985412 0.474697322 2.00863576
    endloop
  endfacet
  facet normal 0.868428135 -0.440426491 0.227721497
    outer loop
      vertex 1.98758268 0.47394529 1.99890327
      vertex 2.00448322 0.507863522 2.00005198
      vertex 1.985412 0.474697322 2.00863576
    endloop
  endfacet
  facet normal 0.868428284 -0.440423677 0.227726371
    outer loop
      vertex 1.985412 0.474697322 2.00863576
      vertex 2.00231242 0.508615553 2.00978446
      vertex 1.9832412 0.475449353 2.01836848
    endloop
  endfacet
  facet normal 0.868425309 -0.440426874 0.227731533
    outer loop
      vertex 1.9832412 0.475449353 2.01836848
      vertex 2.00014186 0.509367585 2.01951694
      vertex 1.99797106 0.510119617 2.02924943
    endloop
  endfacet
  facet normal 0.868427183 -0.440425591 0.22772687
    outer loop
      vertex 1.81857717 0.134763092 1.98741746
      vertex 1.85237825 0.202599525 1.98971462
      vertex 1.84803677 0.204103604 2.00917959
    endloop
  endfacet
  facet normal 0.868426481 -0.440425663 0.227729408
    outer loop
      vertex 1.99797106 0.510119617 2.02924943
      vertex 2.01420355 0.542697072 2.03035259
      vertex 2.0127008 0.544789851 2.04013062
    endloop
  endfacet
  facet normal 0.868431107 -0.440428226 0.227706808
    outer loop
      vertex 2.00014186 0.509367585 2.01951694
      vertex 2.01720881 0.538511574 2.01079679
      vertex 2.0157063 0.540604293 2.02057481
    endloop
  endfacet
  facet normal 0.868425302 -0.440425255 0.227734692
    outer loop
      vertex 2.01420355 0.542697072 2.03035259
      vertex 1.99797106 0.510119617 2.02924943
      vertex 2.0157063 0.540604293 2.02057481
    endloop
  endfacet
  facet normal 0.86842799 -0.440424938 0.227725054
    outer loop
      vertex 1.99797106 0.510119617 2.02924943
      vertex 2.0127008 0.544789851 2.04013062
      vertex 1.98107052 0.476201385 2.02810097
    endloop
  endfacet
  facet normal 0.868427112 -0.440425074 0.227728141
    outer loop
      vertex 2.0127008 0.544789851 2.04013062
      vertex 1.9596318 0.43828395 2.03652406
      vertex 1.98107052 0.476201385 2.02810097
    endloop
  endfacet
  facet normal 0.86842754 -0.440426135 0.227724456
    outer loop
      vertex 1.9596318 0.43828395 2.03652406
      vertex 1.94944012 0.40761292 2.01607132
      vertex 1.98107052 0.476201385 2.02810097
    endloop
  endfacet
  facet normal 0.868428377 -0.440426005 0.227721513
    outer loop
      vertex 1.98107052 0.476201385 2.02810097
      vertex 1.94944012 0.40761292 2.01607132
      vertex 1.9832412 0.475449353 2.01836848
    endloop
  endfacet
  facet normal 0.868427175 -0.440426487 0.227725166
    outer loop
      vertex 1.94944012 0.40761292 2.01607132
      vertex 1.9596318 0.43828395 2.03652406
      vertex 1.90656269 0.331778049 2.03291726
    endloop
  endfacet
  facet normal 0.868430712 -0.440426608 0.227711443
    outer loop
      vertex 2.01720881 0.538511574 2.01079679
      vertex 2.00014186 0.509367585 2.01951694
      vertex 2.00231242 0.508615553 2.00978446
    endloop
  endfacet
  facet normal 0.868426718 -0.440425224 0.22772935
    outer loop
      vertex 2.01871157 0.536418796 2.00101876
      vertex 2.01720881 0.538511574 2.01079679
      vertex 2.00231242 0.508615553 2.00978446
    endloop
  endfacet
  facet normal 0.868426474 -0.440424382 0.227731909
    outer loop
      vertex 2.01871157 0.536418796 2.00101876
      vertex 2.00448322 0.507863522 2.00005198
      vertex 2.02021432 0.534326017 1.99124086
    endloop
  endfacet
  facet normal 0.86842654 -0.440424405 0.227731617
    outer loop
      vertex 2.00231242 0.508615553 2.00978446
      vertex 2.00448322 0.507863522 2.00005198
      vertex 2.01871157 0.536418796 2.00101876
    endloop
  endfacet
  facet normal 0.868430495 -0.440426815 0.227711872
    outer loop
      vertex 2.02021432 0.534326017 1.99124086
      vertex 2.00665402 0.50711149 1.99031937
      vertex 2.02171683 0.532233238 1.98146296
    endloop
  endfacet
  facet normal 0.868425477 -0.440426224 0.22773215
    outer loop
      vertex 2.02171683 0.532233238 1.98146296
      vertex 2.00882459 0.506359458 1.98058677
      vertex 2.02321959 0.53014046 1.97168505
    endloop
  endfacet
  facet normal 0.868430454 -0.440428183 0.227709383
    outer loop
      vertex 2.01099539 0.505607426 1.97085428
      vertex 2.0247221 0.528047681 1.96190703
      vertex 2.02321959 0.53014046 1.97168505
    endloop
  endfacet
  facet normal 0.868427769 -0.440427226 0.227721472
    outer loop
      vertex 1.99192417 0.472441226 1.97943819
      vertex 1.95812297 0.404604793 1.97714102
      vertex 1.99409485 0.471689194 1.9697057
    endloop
  endfacet
  facet normal 0.868430271 -0.440426479 0.227713375
    outer loop
      vertex 2.0247221 0.528047681 1.96190703
      vertex 2.01099539 0.505607426 1.97085428
      vertex 1.99409485 0.471689194 1.9697057
    endloop
  endfacet
  facet normal 0.868430265 -0.44042647 0.227713417
    outer loop
      vertex 1.93636739 0.3507258 1.95590234
      vertex 2.0247221 0.528047681 1.96190703
      vertex 1.99409485 0.471689194 1.9697057
    endloop
  endfacet
  facet normal 0.868427645 -0.440426217 0.227723895
    outer loop
      vertex 1.9537816 0.406108856 1.99660611
      vertex 1.94944012 0.40761292 2.01607132
      vertex 1.91381371 0.331071705 2.00389957
    endloop
  endfacet
  facet normal 0.868427459 -0.440426237 0.227724568
    outer loop
      vertex 1.9101882 0.331424892 2.01840854
      vertex 1.91381371 0.331071705 2.00389957
      vertex 1.94944012 0.40761292 2.01607132
    endloop
  endfacet
  facet normal 0.868429954 -0.440427441 0.227712724
    outer loop
      vertex 1.90307987 0.304354191 1.99316037
      vertex 1.90283847 0.308299422 2.00171161
      vertex 1.89186323 0.28552714 1.99952328
    endloop
  endfacet
  facet normal 0.86842976 -0.440424406 0.227719332
    outer loop
      vertex 1.91998041 0.338272423 1.99430895
      vertex 1.91381371 0.331071705 2.00389957
      vertex 1.90283847 0.308299422 2.00171161
    endloop
  endfacet
  facet normal 0.868428907 -0.44042762 0.22771637
    outer loop
      vertex 1.91381371 0.331071705 2.00389957
      vertex 1.91998041 0.338272423 1.99430895
      vertex 1.9537816 0.406108856 1.99660611
    endloop
  endfacet
  facet normal 0.868427917 -0.440426735 0.227721857
    outer loop
      vertex 1.87257385 0.263564765 2.03060746
      vertex 1.80743289 0.132831559 2.02618027
      vertex 1.84803677 0.204103604 2.00917959
    endloop
  endfacet
  facet normal 0.868427567 -0.440425474 0.22772563
    outer loop
      vertex 1.81423569 0.136267155 2.00688243
      vertex 1.80743289 0.132831559 2.02618027
      vertex 1.74229205 0.00209834962 2.02175331
    endloop
  endfacet
  facet normal 0.868427264 -0.440425427 0.227726876
    outer loop
      vertex 1.84803677 0.204103604 2.00917959
      vertex 1.85237825 0.202599525 1.98971462
      vertex 1.88088787 0.262754858 1.9973352
    endloop
  endfacet
  facet normal 0.868427874 -0.440426759 0.227721974
    outer loop
      vertex 1.87257385 0.263564765 2.03060746
      vertex 1.84803677 0.204103604 2.00917959
      vertex 1.88088787 0.262754858 1.9973352
    endloop
  endfacet
  facet normal 0.868428021 -0.440426028 0.227722829
    outer loop
      vertex 1.81423569 0.136267155 2.00688243
      vertex 1.74229205 0.00209834962 2.02175331
      vertex 1.75097489 -0.000909789 1.98282313
    endloop
  endfacet
  facet normal 0.868426367 -0.440428914 0.227723553
    outer loop
      vertex 1.88617933 0.270435959 1.99201179
      vertex 1.89186323 0.28552714 1.99952328
      vertex 1.88088787 0.262754858 1.9973352
    endloop
  endfacet
  facet normal 0.868430503 -0.44042656 0.227712333
    outer loop
      vertex 1.90283847 0.308299422 2.00171161
      vertex 1.90307987 0.304354191 1.99316037
      vertex 1.91998041 0.338272423 1.99430895
    endloop
  endfacet
  facet normal 0.868429744 -0.440426297 0.227715739
    outer loop
      vertex 1.89186323 0.28552714 1.99952328
      vertex 1.88617933 0.270435959 1.99201179
      vertex 1.90307987 0.304354191 1.99316037
    endloop
  endfacet
  facet normal 0.868428082 -0.440425721 0.227723188
    outer loop
      vertex 1.93636739 0.3507258 1.95590234
      vertex 1.95812297 0.404604793 1.97714102
      vertex 1.92432189 0.336768329 1.97484386
    endloop
  endfacet
  facet normal 0.868428037 -0.440425887 0.227723037
    outer loop
      vertex 1.92432189 0.336768329 1.97484386
      vertex 1.89052081 0.268931895 1.9725467
      vertex 1.93636739 0.3507258 1.95590234
    endloop
  endfacet
  facet normal 0.868427059 -0.440426359 0.227725857
    outer loop
      vertex 1.99409485 0.471689194 1.9697057
      vertex 1.95812297 0.404604793 1.97714102
      vertex 1.93636739 0.3507258 1.95590234
    endloop
  endfacet
  facet normal 0.868428197 -0.440425942 0.227722323
    outer loop
      vertex 1.84801257 0.173403934 1.94989765
      vertex 1.85237825 0.202599525 1.98971462
      vertex 1.81857717 0.134763092 1.98741746
    endloop
  endfacet
  facet normal 0.868426967 -0.440426191 0.227726531
    outer loop
      vertex 1.81423569 0.136267155 2.00688243
      vertex 1.75097489 -0.000909789 1.98282313
      vertex 1.81857717 0.134763092 1.98741746
    endloop
  endfacet
  facet normal 0.868427797 -0.440426479 0.227722811
    outer loop
      vertex 1.81857717 0.134763092 1.98741746
      vertex 1.75097489 -0.000909789 1.98282313
      vertex 1.75965774 -0.00391792739 1.94389296
    endloop
  endfacet
  facet normal 0.868427798 -0.440426497 0.227722773
    outer loop
      vertex 1.89052081 0.268931895 1.9725467
      vertex 1.85237825 0.202599525 1.98971462
      vertex 1.84801257 0.173403934 1.94989765
    endloop
  endfacet
  facet normal 0.86842825 -0.440426354 0.227721325
    outer loop
      vertex 1.93636739 0.3507258 1.95590234
      vertex 1.89052081 0.268931895 1.9725467
      vertex 1.84801257 0.173403934 1.94989765
    endloop
  endfacet
  facet normal 0.868427548 -0.440425718 0.22772523
    outer loop
      vertex 1.88617933 0.270435959 1.99201179
      vertex 1.85237825 0.202599525 1.98971462
      vertex 1.89052081 0.268931895 1.9725467
    endloop
  endfacet
  facet normal 0.868426723 -0.440425431 0.227728933
    outer loop
      vertex 1.85237825 0.202599525 1.98971462
      vertex 1.88617933 0.270435959 1.99201179
      vertex 1.88088787 0.262754858 1.9973352
    endloop
  endfacet
  facet normal 0.868426931 -0.440425883 0.227727265
    outer loop
      vertex 1.90656269 0.331778049 2.03291726
      vertex 1.9101882 0.331424892 2.01840854
      vertex 1.94944012 0.40761292 2.01607132
    endloop
  endfacet
  facet normal 0.868428063 -0.440427328 0.227720151
    outer loop
      vertex 1.95812297 0.404604793 1.97714102
      vertex 1.9537816 0.406108856 1.99660611
      vertex 1.91998041 0.338272423 1.99430895
    endloop
  endfacet
  facet normal 0.868429672 -0.440423407 0.227721601
    outer loop
      vertex 1.99409485 0.471689194 1.9697057
      vertex 2.00882459 0.506359458 1.98058677
      vertex 1.99192417 0.472441226 1.97943819
    endloop
  endfacet
  facet normal 0.868430074 -0.440429275 0.227708718
    outer loop
      vertex 2.00882459 0.506359458 1.98058677
      vertex 2.00665402 0.50711149 1.99031937
      vertex 1.98975337 0.473193258 1.98917079
    endloop
  endfacet
  facet normal 0.868428135 -0.440426491 0.227721497
    outer loop
      vertex 1.98975337 0.473193258 1.98917079
      vertex 2.00448322 0.507863522 2.00005198
      vertex 1.98758268 0.47394529 1.99890327
    endloop
  endfacet
  facet normal 0.868427105 -0.440423269 0.227731655
    outer loop
      vertex 2.00448322 0.507863522 2.00005198
      vertex 2.00231242 0.508615553 2.00978446
      vertex 1.985412 0.474697322 2.00863576
    endloop
  endfacet
  facet normal 0.868429804 -0.440428431 0.227711382
    outer loop
      vertex 2.00231242 0.508615553 2.00978446
      vertex 2.00014186 0.509367585 2.01951694
      vertex 1.9832412 0.475449353 2.01836848
    endloop
  endfacet
  facet normal 0.868428774 -0.440425209 0.22772154
    outer loop
      vertex 1.9832412 0.475449353 2.01836848
      vertex 1.99797106 0.510119617 2.02924943
      vertex 1.98107052 0.476201385 2.02810097
    endloop
  endfacet
  facet normal 0.868427292 -0.440425538 0.227726554
    outer loop
      vertex 1.81857717 0.134763092 1.98741746
      vertex 1.84803677 0.204103604 2.00917959
      vertex 1.81423569 0.136267155 2.00688243
    endloop
  endfacet
  facet normal 0.868425588 -0.440426314 0.227731552
    outer loop
      vertex 1.99797106 0.510119617 2.02924943
      vertex 2.00014186 0.509367585 2.01951694
      vertex 2.0157063 0.540604293 2.02057481
    endloop
  endfacet
  facet normal 0.868426687 -0.440425496 0.227728944
    outer loop
      vertex 2.00448322 0.507863522 2.00005198
      vertex 2.00665402 0.50711149 1.99031937
      vertex 2.02021432 0.534326017 1.99124086
    endloop
  endfacet
  facet normal 0.868430694 -0.440428031 0.22770876
    outer loop
      vertex 2.00665402 0.50711149 1.99031937
      vertex 2.00882459 0.506359458 1.98058677
      vertex 2.02171683 0.532233238 1.98146296
    endloop
  endfacet
  facet normal 0.86842551 -0.44042647 0.227731547
    outer loop
      vertex 2.00882459 0.506359458 1.98058677
      vertex 2.01099539 0.505607426 1.97085428
      vertex 2.02321959 0.53014046 1.97168505
    endloop
  endfacet
  facet normal 0.868427509 -0.440425613 0.227725585
    outer loop
      vertex 1.80743289 0.132831559 2.02618027
      vertex 1.81423569 0.136267155 2.00688243
      vertex 1.84803677 0.204103604 2.00917959
    endloop
  endfacet
  facet normal 0.868428122 -0.440426322 0.227721873
    outer loop
      vertex 1.81857717 0.134763092 1.98741746
      vertex 1.75965774 -0.00391792739 1.94389296
      vertex 1.84801257 0.173403934 1.94989765
    endloop
  endfacet
  facet normal -0.44577238 -0.894633554 -0.0302950489
    outer loop
      vertex 1.75097489 -0.000909789 1.98282313
      vertex 1.74229205 0.00209834962 2.02175331
      vertex 1.69018638 0.028523922 2.00808978
    endloop
  endfacet
  facet normal -0.44577241 -0.894633538 -0.0302950621
    outer loop
      vertex 1.75965774 -0.00391792739 1.94389296
      vertex 1.75097489 -0.000909789 1.98282313
      vertex 1.69886923 0.0255157817 1.96915972
    endloop
  endfacet
  facet normal -0.445772399 -0.894633542 -0.0302951094
    outer loop
      vertex 1.75097489 -0.000909789 1.98282313
      vertex 1.69018638 0.028523922 2.00808978
      vertex 1.69886923 0.0255157817 1.96915972
    endloop
  endfacet
  facet normal -0.44577241 -0.894633538 -0.0302950621
    outer loop
      vertex 1.75965774 -0.00391792739 1.94389296
      vertex 1.69886923 0.0255157817 1.96915972
      vertex 1.70755208 0.0225076433 1.93022954
    endloop
  endfacet
  facet normal -0.217069744 0.0752019696 0.973255049
    outer loop
      vertex 1.842623 0.236204952 2.02604127
      vertex 1.82959652 0.242811337 2.02262545
      vertex 1.80483723 0.160371542 2.02347326
    endloop
  endfacet
  facet normal -0.217071177 0.0752026965 0.973254673
    outer loop
      vertex 1.82959652 0.242811337 2.02262545
      vertex 1.81657016 0.249417737 2.01920962
      vertex 1.77878439 0.173584327 2.01664162
    endloop
  endfacet
  facet normal -0.217076803 0.0752064096 0.973253131
    outer loop
      vertex 1.74056745 0.129635125 2.01151371
      vertex 1.69018638 0.028523922 2.00808978
      vertex 1.77878439 0.173584327 2.01664162
    endloop
  endfacet
  facet normal -0.217071168 0.0752028778 0.973254661
    outer loop
      vertex 1.79181075 0.166977942 2.02005744
      vertex 1.77878439 0.173584327 2.01664162
      vertex 1.69018638 0.028523922 2.00808978
    endloop
  endfacet
  facet normal -0.217071001 0.0752011662 0.97325483
    outer loop
      vertex 1.79094851 0.230746329 2.01493788
      vertex 1.74056745 0.129635125 2.01151371
      vertex 1.77878439 0.173584327 2.01664162
    endloop
  endfacet
  facet normal -0.217066862 0.0752011114 0.973255758
    outer loop
      vertex 1.81657016 0.249417737 2.01920962
      vertex 1.84132946 0.331857532 2.01836181
      vertex 1.79094851 0.230746329 2.01493788
    endloop
  endfacet
  facet normal -0.217066222 0.0752001831 0.973255972
    outer loop
      vertex 1.77878439 0.173584327 2.01664162
      vertex 1.81657016 0.249417737 2.01920962
      vertex 1.79094851 0.230746329 2.01493788
    endloop
  endfacet
  facet normal -0.217072558 0.0752028076 0.973254356
    outer loop
      vertex 1.85695171 0.297711134 2.02448463
      vertex 1.84132946 0.331857532 2.01836181
      vertex 1.81657016 0.249417737 2.01920962
    endloop
  endfacet
  facet normal -0.217073509 0.0752046529 0.973254002
    outer loop
      vertex 1.79181075 0.166977942 2.02005744
      vertex 1.69018638 0.028523922 2.00808978
      vertex 1.74229205 0.00209834962 2.02175331
    endloop
  endfacet
  facet normal -0.217073922 0.0752052692 0.973253862
    outer loop
      vertex 1.80743289 0.132831559 2.02618027
      vertex 1.80483723 0.160371542 2.02347326
      vertex 1.74229205 0.00209834962 2.02175331
    endloop
  endfacet
  facet normal -0.217075819 0.0752050505 0.973253456
    outer loop
      vertex 1.842623 0.236204952 2.02604127
      vertex 1.80483723 0.160371542 2.02347326
      vertex 1.80743289 0.132831559 2.02618027
    endloop
  endfacet
  facet normal -0.217071556 0.0752019376 0.973254647
    outer loop
      vertex 1.81657016 0.249417737 2.01920962
      vertex 1.82959652 0.242811337 2.02262545
      vertex 1.85695171 0.297711134 2.02448463
    endloop
  endfacet
  facet normal -0.217070122 0.0752012107 0.973255023
    outer loop
      vertex 1.842623 0.236204952 2.02604127
      vertex 1.85695171 0.297711134 2.02448463
      vertex 1.82959652 0.242811337 2.02262545
    endloop
  endfacet
  facet normal -0.217075145 0.0752023502 0.973253815
    outer loop
      vertex 1.85695171 0.297711134 2.02448463
      vertex 1.842623 0.236204952 2.02604127
      vertex 1.87257385 0.263564765 2.03060746
    endloop
  endfacet
  facet normal -0.217068996 0.0752033088 0.973255112
    outer loop
      vertex 1.74229205 0.00209834962 2.02175331
      vertex 1.80483723 0.160371542 2.02347326
      vertex 1.79181075 0.166977942 2.02005744
    endloop
  endfacet
  facet normal -0.217069673 0.0752019485 0.973255066
    outer loop
      vertex 1.82959652 0.242811337 2.02262545
      vertex 1.79181075 0.166977942 2.02005744
      vertex 1.80483723 0.160371542 2.02347326
    endloop
  endfacet
  facet normal -0.217071236 0.0752027412 0.973254656
    outer loop
      vertex 1.82959652 0.242811337 2.02262545
      vertex 1.77878439 0.173584327 2.01664162
      vertex 1.79181075 0.166977942 2.02005744
    endloop
  endfacet
  facet normal -0.217078209 0.0752058632 0.97325286
    outer loop
      vertex 1.842623 0.236204952 2.02604127
      vertex 1.80743289 0.132831559 2.02618027
      vertex 1.87257385 0.263564765 2.03060746
    endloop
  endfacet
  facet normal -0.242356244 0.0236130168 0.969899931
    outer loop
      vertex 1.89186323 0.28552714 1.99952328
      vertex 1.87025559 0.285540313 1.9941237
      vertex 1.88088787 0.262754858 1.9973352
    endloop
  endfacet
  facet normal -0.242363857 0.0236054274 0.969898214
    outer loop
      vertex 1.85996628 0.353883475 1.98988903
      vertex 1.89186323 0.28552714 1.99952328
      vertex 1.90283847 0.308299422 2.00171161
    endloop
  endfacet
  facet normal -0.242341159 0.0236091838 0.969903794
    outer loop
      vertex 1.91381371 0.331071705 2.00389957
      vertex 1.90318131 0.35385716 2.00068831
      vertex 1.90283847 0.308299422 2.00171161
    endloop
  endfacet
  facet normal -0.242359646 0.0236092192 0.969899174
    outer loop
      vertex 1.90283847 0.308299422 2.00171161
      vertex 1.90318131 0.35385716 2.00068831
      vertex 1.87094152 0.376655757 1.99207723
    endloop
  endfacet
  facet normal -0.242356268 0.0236092226 0.969900017
    outer loop
      vertex 1.87025559 0.285540313 1.9941237
      vertex 1.89186323 0.28552714 1.99952328
      vertex 1.85996628 0.353883475 1.98988903
    endloop
  endfacet
  facet normal -0.242362559 0.0236098586 0.96989843
    outer loop
      vertex 1.85996628 0.353883475 1.98988903
      vertex 1.84899104 0.331111193 1.98770082
      vertex 1.85962331 0.308325738 1.99091232
    endloop
  endfacet
  facet normal -0.242360478 0.0236088029 0.969898976
    outer loop
      vertex 1.85996628 0.353883475 1.98988903
      vertex 1.90283847 0.308299422 2.00171161
      vertex 1.87094152 0.376655757 1.99207723
    endloop
  endfacet
  facet normal -0.242357539 0.0236073124 0.969899746
    outer loop
      vertex 1.88191676 0.39942804 1.99426544
      vertex 1.87094152 0.376655757 1.99207723
      vertex 1.89254904 0.376642585 1.99747682
    endloop
  endfacet
  facet normal -0.242352548 0.0236098394 0.969900932
    outer loop
      vertex 1.85962331 0.308325738 1.99091232
      vertex 1.87025559 0.285540313 1.9941237
      vertex 1.85996628 0.353883475 1.98988903
    endloop
  endfacet
  facet normal -0.242357507 0.0236124163 0.96989963
    outer loop
      vertex 1.90318131 0.35385716 2.00068831
      vertex 1.89254904 0.376642585 1.99747682
      vertex 1.87094152 0.376655757 1.99207723
    endloop
  endfacet
  facet normal 0.874829337 0.437527372 0.207950548
    outer loop
      vertex 1.88088787 0.262754858 1.9973352
      vertex 1.87025559 0.285540313 1.9941237
      vertex 1.87257385 0.263564765 2.03060746
    endloop
  endfacet
  facet normal 0.874829661 0.437526876 0.207950228
    outer loop
      vertex 1.85695171 0.297711134 2.02448463
      vertex 1.87257385 0.263564765 2.03060746
      vertex 1.87025559 0.285540313 1.9941237
    endloop
  endfacet
  facet normal 0.87482843 0.437529081 0.207950768
    outer loop
      vertex 1.85962331 0.308325738 1.99091232
      vertex 1.84132946 0.331857532 2.01836181
      vertex 1.85695171 0.297711134 2.02448463
    endloop
  endfacet
  facet normal 0.874828855 0.437527419 0.207952476
    outer loop
      vertex 1.84132946 0.331857532 2.01836181
      vertex 1.85962331 0.308325738 1.99091232
      vertex 1.84899104 0.331111193 1.98770082
    endloop
  endfacet
  facet normal 0.874829635 0.437526946 0.207950189
    outer loop
      vertex 1.87025559 0.285540313 1.9941237
      vertex 1.85962331 0.308325738 1.99091232
      vertex 1.85695171 0.297711134 2.02448463
    endloop
  endfacet
  facet normal -0.874829077 -0.437527501 -0.20795137
    outer loop
      vertex 1.88191676 0.39942804 1.99426544
      vertex 1.88312948 0.382997602 2.02373314
      vertex 1.87531841 0.400070816 2.02067161
    endloop
  endfacet
  facet normal -0.874829719 -0.437526496 -0.207950783
    outer loop
      vertex 1.88191676 0.39942804 1.99426544
      vertex 1.89254904 0.376642585 1.99747682
      vertex 1.88312948 0.382997602 2.02373314
    endloop
  endfacet
  facet normal -0.874830026 -0.437525743 -0.207951076
    outer loop
      vertex 1.89094055 0.365924418 2.02679443
      vertex 1.88312948 0.382997602 2.02373314
      vertex 1.89254904 0.376642585 1.99747682
    endloop
  endfacet
  facet normal -0.874828795 -0.437527866 -0.207951785
    outer loop
      vertex 1.90318131 0.35385716 2.00068831
      vertex 1.89094055 0.365924418 2.02679443
      vertex 1.89254904 0.376642585 1.99747682
    endloop
  endfacet
  facet normal -0.874828538 -0.437526063 -0.207956662
    outer loop
      vertex 1.9101882 0.331424892 2.01840854
      vertex 1.90656269 0.331778049 2.03291726
      vertex 1.89875162 0.348851234 2.02985597
    endloop
  endfacet
  facet normal -0.874827969 -0.437529357 -0.207952123
    outer loop
      vertex 1.91381371 0.331071705 2.00389957
      vertex 1.9101882 0.331424892 2.01840854
      vertex 1.90318131 0.35385716 2.00068831
    endloop
  endfacet
  facet normal -0.874828471 -0.43752879 -0.207951206
    outer loop
      vertex 1.9101882 0.331424892 2.01840854
      vertex 1.89094055 0.365924418 2.02679443
      vertex 1.90318131 0.35385716 2.00068831
    endloop
  endfacet
  facet normal -0.874828297 -0.437528224 -0.207953131
    outer loop
      vertex 1.89875162 0.348851234 2.02985597
      vertex 1.89094055 0.365924418 2.02679443
      vertex 1.9101882 0.331424892 2.01840854
    endloop
  endfacet
  facet normal -0.217085816 0.0752070928 0.973251068
    outer loop
      vertex 1.98785388 0.527673185 2.03591156
      vertex 1.97482753 0.534279585 2.0324955
      vertex 1.96427453 0.480351001 2.03430891
    endloop
  endfacet
  facet normal -0.217069058 0.0752035102 0.973255083
    outer loop
      vertex 1.96427453 0.480351001 2.03430891
      vertex 1.95124805 0.486957371 2.03089309
      vertex 1.94069517 0.433028817 2.0327065
    endloop
  endfacet
  facet normal -0.217072382 0.0752002797 0.973254591
    outer loop
      vertex 1.92766869 0.439635187 2.02929068
      vertex 1.91464233 0.446241587 2.02587485
      vertex 1.90408933 0.392313004 2.02768803
    endloop
  endfacet
  facet normal -0.21706884 0.0752039479 0.973255098
    outer loop
      vertex 1.94069517 0.433028817 2.0327065
      vertex 1.92766869 0.439635187 2.02929068
      vertex 1.91711569 0.385706633 2.03110409
    endloop
  endfacet
  facet normal -0.217083862 0.0752072463 0.973251492
    outer loop
      vertex 2.04680228 0.64597863 2.03991771
      vertex 2.05859208 0.669639707 2.04071903
      vertex 2.04556561 0.676246107 2.03730297
    endloop
  endfacet
  facet normal -0.217071301 0.0751986824 0.973254956
    outer loop
      vertex 2.02198625 0.628923953 2.03570056
      vertex 2.03501272 0.622317553 2.03911638
      vertex 2.04680228 0.64597863 2.03991771
    endloop
  endfacet
  facet normal -0.217077124 0.0752076487 0.973252964
    outer loop
      vertex 2.04556561 0.676246107 2.03730297
      vertex 2.02198625 0.628923953 2.03570056
      vertex 2.04680228 0.64597863 2.03991771
    endloop
  endfacet
  facet normal -0.217061198 0.0751933688 0.973257619
    outer loop
      vertex 2.0651052 0.666336536 2.04242682
      vertex 2.05859208 0.669639707 2.04071903
      vertex 2.05331564 0.6426754 2.0416255
    endloop
  endfacet
  facet normal -0.217049752 0.0751999696 0.973259662
    outer loop
      vertex 2.04742074 0.630844891 2.04122496
      vertex 2.05331564 0.6426754 2.0416255
      vertex 2.04680228 0.64597863 2.03991771
    endloop
  endfacet
  facet normal -0.217082764 0.0752163317 0.973251035
    outer loop
      vertex 2.03501272 0.622317553 2.03911638
      vertex 2.04152584 0.619014323 2.04082441
      vertex 2.04742074 0.630844891 2.04122496
    endloop
  endfacet
  facet normal -0.217071301 0.0751986824 0.973254956
    outer loop
      vertex 2.04680228 0.64597863 2.03991771
      vertex 2.03501272 0.622317553 2.03911638
      vertex 2.04742074 0.630844891 2.04122496
    endloop
  endfacet
  facet normal -0.217083132 0.0752168983 0.973250909
    outer loop
      vertex 2.0565722 0.641023815 2.04247952
      vertex 2.05331564 0.6426754 2.0416255
      vertex 2.0506773 0.629193306 2.04207897
    endloop
  endfacet
  facet normal -0.217087472 0.0752068836 0.973250715
    outer loop
      vertex 2.04152584 0.619014323 2.04082441
      vertex 2.03501272 0.622317553 2.03911638
      vertex 2.02973628 0.595353246 2.04002309
    endloop
  endfacet
  facet normal -0.217054258 0.075192232 0.973259255
    outer loop
      vertex 2.02973628 0.595353246 2.04002309
      vertex 2.02322292 0.598656416 2.0383153
      vertex 2.01794648 0.571692169 2.03922176
    endloop
  endfacet
  facet normal -0.217066593 0.0752081306 0.973255276
    outer loop
      vertex 2.02322292 0.598656416 2.0383153
      vertex 2.03501272 0.622317553 2.03911638
      vertex 2.02198625 0.628923953 2.03570056
    endloop
  endfacet
  facet normal -0.217071301 0.0751986824 0.973254956
    outer loop
      vertex 1.99840689 0.581601739 2.03409815
      vertex 2.01143336 0.574995339 2.03751397
      vertex 2.02322292 0.598656416 2.0383153
    endloop
  endfacet
  facet normal -0.217077032 0.0752075071 0.973252995
    outer loop
      vertex 2.02198625 0.628923953 2.03570056
      vertex 1.99840689 0.581601739 2.03409815
      vertex 2.02322292 0.598656416 2.0383153
    endloop
  endfacet
  facet normal -0.217070428 0.0752004331 0.973255015
    outer loop
      vertex 1.99964356 0.551334262 2.03671265
      vertex 2.01143336 0.574995339 2.03751397
      vertex 1.99840689 0.581601739 2.03409815
    endloop
  endfacet
  facet normal -0.217081886 0.0752149798 0.973251335
    outer loop
      vertex 1.97482753 0.534279585 2.0324955
      vertex 1.98785388 0.527673185 2.03591156
      vertex 1.99964356 0.551334262 2.03671265
    endloop
  endfacet
  facet normal -0.217072363 0.0752003176 0.973254592
    outer loop
      vertex 1.99840689 0.581601739 2.03409815
      vertex 1.97482753 0.534279585 2.0324955
      vertex 1.99964356 0.551334262 2.03671265
    endloop
  endfacet
  facet normal -0.217056414 0.0752029685 0.973257944
    outer loop
      vertex 2.01205158 0.5598616 2.03882122
      vertex 2.01794648 0.571692169 2.03922176
      vertex 2.01143336 0.574995339 2.03751397
    endloop
  endfacet
  facet normal -0.217078884 0.0752103576 0.973252362
    outer loop
      vertex 1.99964356 0.551334262 2.03671265
      vertex 2.00615692 0.548031092 2.03842068
      vertex 2.01205158 0.5598616 2.03882122
    endloop
  endfacet
  facet normal -0.217073425 0.0752019527 0.973254229
    outer loop
      vertex 2.01143336 0.574995339 2.03751397
      vertex 1.99964356 0.551334262 2.03671265
      vertex 2.01205158 0.5598616 2.03882122
    endloop
  endfacet
  facet normal -0.217081201 0.0752057066 0.973252205
    outer loop
      vertex 2.00615692 0.548031092 2.03842068
      vertex 1.99964356 0.551334262 2.03671265
      vertex 1.99436712 0.524369955 2.03761935
    endloop
  endfacet
  facet normal -0.217067214 0.0752068834 0.973255233
    outer loop
      vertex 1.90408933 0.392313004 2.02768803
      vertex 1.89106286 0.398919404 2.0242722
      vertex 1.88312948 0.382997602 2.02373314
    endloop
  endfacet
  facet normal -0.217073877 0.0752015863 0.973254157
    outer loop
      vertex 1.91464233 0.446241587 2.02587485
      vertex 1.87531841 0.400070816 2.02067161
      vertex 1.89106286 0.398919404 2.0242722
    endloop
  endfacet
  facet normal -0.217073159 0.0752098981 0.973253675
    outer loop
      vertex 1.88312948 0.382997602 2.02373314
      vertex 1.89106286 0.398919404 2.0242722
      vertex 1.87531841 0.400070816 2.02067161
    endloop
  endfacet
  facet normal -0.217078931 0.0752060569 0.973252684
    outer loop
      vertex 1.92733908 0.504472613 2.02420712
      vertex 1.87531841 0.400070816 2.02067161
      vertex 1.91464233 0.446241587 2.02587485
    endloop
  endfacet
  facet normal -0.217064695 0.0752007755 0.973256267
    outer loop
      vertex 1.89094055 0.365924418 2.02679443
      vertex 1.90408933 0.392313004 2.02768803
      vertex 1.88312948 0.382997602 2.02373314
    endloop
  endfacet
  facet normal -0.217084198 0.0752106664 0.973251153
    outer loop
      vertex 1.90408933 0.392313004 2.02768803
      vertex 1.89094055 0.365924418 2.02679443
      vertex 1.91711569 0.385706633 2.03110409
    endloop
  endfacet
  facet normal -0.217080987 0.0752061864 0.973252215
    outer loop
      vertex 1.89875162 0.348851234 2.02985597
      vertex 1.91711569 0.385706633 2.03110409
      vertex 1.89094055 0.365924418 2.02679443
    endloop
  endfacet
  facet normal -0.217075302 0.0752072254 0.973253403
    outer loop
      vertex 1.9596318 0.43828395 2.03652406
      vertex 1.94069517 0.433028817 2.0327065
      vertex 1.91711569 0.385706633 2.03110409
    endloop
  endfacet
  facet normal -0.217067553 0.0751993733 0.973255738
    outer loop
      vertex 1.91711569 0.385706633 2.03110409
      vertex 1.89875162 0.348851234 2.02985597
      vertex 1.90656269 0.331778049 2.03291726
    endloop
  endfacet
  facet normal -0.217070426 0.0752042042 0.973254724
    outer loop
      vertex 1.95124805 0.486957371 2.03089309
      vertex 1.91464233 0.446241587 2.02587485
      vertex 1.92766869 0.439635187 2.02929068
    endloop
  endfacet
  facet normal -0.21707026 0.0752046208 0.973254729
    outer loop
      vertex 1.97482753 0.534279585 2.0324955
      vertex 1.92733908 0.504472613 2.02420712
      vertex 1.95124805 0.486957371 2.03089309
    endloop
  endfacet
  facet normal -0.217070504 0.0752042772 0.973254701
    outer loop
      vertex 1.91464233 0.446241587 2.02587485
      vertex 1.95124805 0.486957371 2.03089309
      vertex 1.92733908 0.504472613 2.02420712
    endloop
  endfacet
  facet normal -0.217074523 0.0752037996 0.973253842
    outer loop
      vertex 2.03138041 0.713276207 2.03127789
      vertex 1.97935975 0.608874381 2.02774239
      vertex 2.02198625 0.628923953 2.03570056
    endloop
  endfacet
  facet normal -0.217069659 0.0752036047 0.973254941
    outer loop
      vertex 1.97935975 0.608874381 2.02774239
      vertex 1.92733908 0.504472613 2.02420712
      vertex 1.97482753 0.534279585 2.0324955
    endloop
  endfacet
  facet normal -0.217082457 0.0752100668 0.973251588
    outer loop
      vertex 2.05859208 0.669639707 2.04071903
      vertex 2.06328917 0.711815834 2.03850746
      vertex 2.04556561 0.676246107 2.03730297
    endloop
  endfacet
  facet normal -0.217068632 0.0752030552 0.973255213
    outer loop
      vertex 2.03138041 0.713276207 2.03127789
      vertex 2.04556561 0.676246107 2.03730297
      vertex 2.06328917 0.711815834 2.03850746
    endloop
  endfacet
  facet normal -0.217075892 0.075206929 0.973253294
    outer loop
      vertex 1.97935975 0.608874381 2.02774239
      vertex 1.99840689 0.581601739 2.03409815
      vertex 2.02198625 0.628923953 2.03570056
    endloop
  endfacet
  facet normal -0.217075145 0.0752065973 0.973253487
    outer loop
      vertex 1.96427453 0.480351001 2.03430891
      vertex 1.94069517 0.433028817 2.0327065
      vertex 1.9596318 0.43828395 2.03652406
    endloop
  endfacet
  facet normal -0.21705719 0.0751925751 0.973258575
    outer loop
      vertex 1.99436712 0.524369955 2.03761935
      vertex 1.98785388 0.527673185 2.03591156
      vertex 1.96427453 0.480351001 2.03430891
    endloop
  endfacet
  facet normal -0.217029488 0.0751853074 0.973265314
    outer loop
      vertex 2.00835872 0.546992004 2.03899193
      vertex 2.01205158 0.5598616 2.03882122
      vertex 2.00615692 0.548031092 2.03842068
    endloop
  endfacet
  facet normal -0.217011564 0.0751802222 0.973269703
    outer loop
      vertex 2.01794648 0.571692169 2.03922176
      vertex 2.01205158 0.5598616 2.03882122
      vertex 2.00835872 0.546992004 2.03899193
    endloop
  endfacet
  facet normal -0.217031681 0.0751805923 0.973265189
    outer loop
      vertex 2.00615692 0.548031092 2.03842068
      vertex 1.99436712 0.524369955 2.03761935
      vertex 2.00835872 0.546992004 2.03899193
    endloop
  endfacet
  facet normal -0.217075827 0.0752061762 0.973253367
    outer loop
      vertex 1.9596318 0.43828395 2.03652406
      vertex 2.0127008 0.544789851 2.04013062
      vertex 1.99436712 0.524369955 2.03761935
    endloop
  endfacet
  facet normal -0.217103695 0.0752162015 0.973246376
    outer loop
      vertex 2.00835872 0.546992004 2.03899193
      vertex 2.02639198 0.583183289 2.04021764
      vertex 2.01794648 0.571692169 2.03922176
    endloop
  endfacet
  facet normal -0.217084014 0.0752138235 0.97325095
    outer loop
      vertex 2.0127008 0.544789851 2.04013062
      vertex 2.00835872 0.546992004 2.03899193
      vertex 1.99436712 0.524369955 2.03761935
    endloop
  endfacet
  facet normal -0.217077409 0.0752068197 0.973252964
    outer loop
      vertex 1.99436712 0.524369955 2.03761935
      vertex 1.96427453 0.480351001 2.03430891
      vertex 1.9596318 0.43828395 2.03652406
    endloop
  endfacet
  facet normal -0.217065469 0.0751989822 0.973256233
    outer loop
      vertex 1.9596318 0.43828395 2.03652406
      vertex 1.91711569 0.385706633 2.03110409
      vertex 1.90656269 0.331778049 2.03291726
    endloop
  endfacet
  facet normal -0.217108068 0.0752195223 0.973245144
    outer loop
      vertex 2.02973628 0.595353246 2.04002309
      vertex 2.01794648 0.571692169 2.03922176
      vertex 2.02639198 0.583183289 2.04021764
    endloop
  endfacet
  facet normal -0.217042611 0.0751841326 0.973262478
    outer loop
      vertex 2.04442501 0.619374633 2.04144311
      vertex 2.04152584 0.619014323 2.04082441
      vertex 2.02973628 0.595353246 2.04002309
    endloop
  endfacet
  facet normal -0.217043896 0.0751966197 0.973261227
    outer loop
      vertex 2.04742074 0.630844891 2.04122496
      vertex 2.04152584 0.619014323 2.04082441
      vertex 2.04442501 0.619374633 2.04144311
    endloop
  endfacet
  facet normal -0.217078662 0.0752019648 0.97325306
    outer loop
      vertex 2.0506773 0.629193306 2.04207897
      vertex 2.04442501 0.619374633 2.04144311
      vertex 2.04876733 0.61717248 2.0425818
    endloop
  endfacet
  facet normal -0.217092122 0.0752152027 0.973249035
    outer loop
      vertex 2.02639198 0.583183289 2.04021764
      vertex 2.04442501 0.619374633 2.04144311
      vertex 2.02973628 0.595353246 2.04002309
    endloop
  endfacet
  facet normal -0.217043288 0.0751966914 0.973261357
    outer loop
      vertex 2.0565722 0.641023815 2.04247952
      vertex 2.0506773 0.629193306 2.04207897
      vertex 2.04876733 0.61717248 2.0425818
    endloop
  endfacet
  facet normal -0.217066669 0.0751997931 0.973255903
    outer loop
      vertex 2.09519792 0.71035552 2.04573727
      vertex 2.0651052 0.666336536 2.04242682
      vertex 2.0565722 0.641023815 2.04247952
    endloop
  endfacet
  facet normal -0.217088066 0.0752069952 0.973250574
    outer loop
      vertex 2.0565722 0.641023815 2.04247952
      vertex 2.0651052 0.666336536 2.04242682
      vertex 2.05331564 0.6426754 2.0416255
    endloop
  endfacet
  facet normal -0.217085249 0.0752103775 0.973250941
    outer loop
      vertex 2.04876733 0.61717248 2.0425818
      vertex 2.09519792 0.71035552 2.04573727
      vertex 2.0565722 0.641023815 2.04247952
    endloop
  endfacet
  facet normal -0.21706025 0.075195271 0.973257684
    outer loop
      vertex 2.05859208 0.669639707 2.04071903
      vertex 2.0651052 0.666336536 2.04242682
      vertex 2.09519792 0.71035552 2.04573727
    endloop
  endfacet
  facet normal -0.217087644 0.0752078434 0.973250602
    outer loop
      vertex 2.0506773 0.629193306 2.04207897
      vertex 2.04742074 0.630844891 2.04122496
      vertex 2.04442501 0.619374633 2.04144311
    endloop
  endfacet
  facet normal -0.217075308 0.0752093571 0.973253237
    outer loop
      vertex 2.06328917 0.711815834 2.03850746
      vertex 2.05859208 0.669639707 2.04071903
      vertex 2.09519792 0.71035552 2.04573727
    endloop
  endfacet
  facet normal -0.217068859 0.07520391 0.973255096
    outer loop
      vertex 1.97482753 0.534279585 2.0324955
      vertex 1.95124805 0.486957371 2.03089309
      vertex 1.96427453 0.480351001 2.03430891
    endloop
  endfacet
  facet normal -0.217069058 0.0752035102 0.973255083
    outer loop
      vertex 1.95124805 0.486957371 2.03089309
      vertex 1.92766869 0.439635187 2.02929068
      vertex 1.94069517 0.433028817 2.0327065
    endloop
  endfacet
  facet normal -0.217070665 0.0751999575 0.973254999
    outer loop
      vertex 1.91464233 0.446241587 2.02587485
      vertex 1.89106286 0.398919404 2.0242722
      vertex 1.90408933 0.392313004 2.02768803
    endloop
  endfacet
  facet normal -0.217085945 0.0752071586 0.973251034
    outer loop
      vertex 1.92766869 0.439635187 2.02929068
      vertex 1.90408933 0.392313004 2.02768803
      vertex 1.91711569 0.385706633 2.03110409
    endloop
  endfacet
  facet normal -0.217053739 0.0751919688 0.973259391
    outer loop
      vertex 2.05859208 0.669639707 2.04071903
      vertex 2.04680228 0.64597863 2.03991771
      vertex 2.05331564 0.6426754 2.0416255
    endloop
  endfacet
  facet normal -0.217083132 0.0752168983 0.973250909
    outer loop
      vertex 2.05331564 0.6426754 2.0416255
      vertex 2.04742074 0.630844891 2.04122496
      vertex 2.0506773 0.629193306 2.04207897
    endloop
  endfacet
  facet normal -0.217050422 0.0751999296 0.973259516
    outer loop
      vertex 2.03501272 0.622317553 2.03911638
      vertex 2.02322292 0.598656416 2.0383153
      vertex 2.02973628 0.595353246 2.04002309
    endloop
  endfacet
  facet normal -0.217061122 0.0751935204 0.973257625
    outer loop
      vertex 2.02322292 0.598656416 2.0383153
      vertex 2.01143336 0.574995339 2.03751397
      vertex 2.01794648 0.571692169 2.03922176
    endloop
  endfacet
  facet normal -0.21705326 0.0752004622 0.973258842
    outer loop
      vertex 1.99964356 0.551334262 2.03671265
      vertex 1.98785388 0.527673185 2.03591156
      vertex 1.99436712 0.524369955 2.03761935
    endloop
  endfacet
  facet normal -0.217068321 0.0752031839 0.973255272
    outer loop
      vertex 2.03138041 0.713276207 2.03127789
      vertex 2.02198625 0.628923953 2.03570056
      vertex 2.04556561 0.676246107 2.03730297
    endloop
  endfacet
  facet normal -0.217079767 0.0752040728 0.973252651
    outer loop
      vertex 1.97935975 0.608874381 2.02774239
      vertex 1.97482753 0.534279585 2.0324955
      vertex 1.99840689 0.581601739 2.03409815
    endloop
  endfacet
  facet normal 0.868430106 -0.440424076 0.227718651
    outer loop
      vertex 2.023386 0.556716561 2.00049305
      vertex 2.01887774 0.547668755 2.00018668
      vertex 2.02646637 0.552426398 1.98044825
    endloop
  endfacet
  facet normal 0.868430106 -0.440424076 0.227718651
    outer loop
      vertex 2.02030563 0.561006725 2.02053785
      vertex 2.01579738 0.551958919 2.02023149
      vertex 2.023386 0.556716561 2.00049305
    endloop
  endfacet
  facet normal 0.868443409 -0.440404212 0.227706335
    outer loop
      vertex 2.02195811 0.543378532 1.98014188
      vertex 2.01887751 0.532342553 1.97054636
      vertex 2.02038002 0.530249834 1.96076846
    endloop
  endfacet
  facet normal 0.868429147 -0.440419446 0.227731263
    outer loop
      vertex 2.02195811 0.543378532 1.98014188
      vertex 2.015872 0.536528111 1.99010229
      vertex 2.01737475 0.534435332 1.98032439
    endloop
  endfacet
  facet normal 0.86843164 -0.4404247 0.227711596
    outer loop
      vertex 2.01887774 0.547668755 2.00018668
      vertex 2.01436949 0.538620889 1.99988019
      vertex 2.015872 0.536528111 1.99010229
    endloop
  endfacet
  facet normal 0.868429672 -0.440419769 0.227728637
    outer loop
      vertex 2.02195811 0.543378532 1.98014188
      vertex 2.01737475 0.534435332 1.98032439
      vertex 2.01887751 0.532342553 1.97054636
    endloop
  endfacet
  facet normal 0.86843004 -0.440423372 0.227720265
    outer loop
      vertex 2.05344105 0.606817961 1.98277545
      vertex 2.03841329 0.566441119 1.96199405
      vertex 2.05644631 0.602632403 1.96321952
    endloop
  endfacet
  facet normal 0.86843116 -0.440421717 0.227719195
    outer loop
      vertex 2.02195811 0.543378532 1.98014188
      vertex 2.02038002 0.530249834 1.96076846
      vertex 2.02646637 0.552426398 1.98044825
    endloop
  endfacet
  facet normal 0.868425718 -0.440427948 0.227727899
    outer loop
      vertex 2.02646637 0.552426398 1.98044825
      vertex 2.02038002 0.530249834 1.96076846
      vertex 2.03841329 0.566441119 1.96199405
    endloop
  endfacet
  facet normal 0.868423548 -0.440436188 0.227720236
    outer loop
      vertex 2.02646637 0.552426398 1.98044825
      vertex 2.03841329 0.566441119 1.96199405
      vertex 2.023386 0.556716561 2.00049305
    endloop
  endfacet
  facet normal 0.868429424 -0.440423862 0.227721664
    outer loop
      vertex 2.05344105 0.606817961 1.98277545
      vertex 2.05043578 0.611003518 2.00233126
      vertex 2.03841329 0.566441119 1.96199405
    endloop
  endfacet
  facet normal 0.868425747 -0.440431517 0.227720884
    outer loop
      vertex 2.01887774 0.547668755 2.00018668
      vertex 2.015872 0.536528111 1.99010229
      vertex 2.02195811 0.543378532 1.98014188
    endloop
  endfacet
  facet normal 0.868427145 -0.440423143 0.227731747
    outer loop
      vertex 2.01887774 0.547668755 2.00018668
      vertex 2.01286674 0.540713668 2.0096581
      vertex 2.01436949 0.538620889 1.99988019
    endloop
  endfacet
  facet normal 0.868416048 -0.440444931 0.227731928
    outer loop
      vertex 2.01579738 0.551958919 2.02023149
      vertex 2.01136398 0.542806447 2.01943612
      vertex 2.01286674 0.540713668 2.0096581
    endloop
  endfacet
  facet normal 0.868427101 -0.440421933 0.227734258
    outer loop
      vertex 2.00835872 0.546992004 2.03899193
      vertex 2.00986147 0.544899225 2.02921414
      vertex 2.01579738 0.551958919 2.02023149
    endloop
  endfacet
  facet normal 0.868421032 -0.440445584 0.227711659
    outer loop
      vertex 2.01136398 0.542806447 2.01943612
      vertex 2.01579738 0.551958919 2.02023149
      vertex 2.00986147 0.544899225 2.02921414
    endloop
  endfacet
  facet normal 0.868426717 -0.440422901 0.227733849
    outer loop
      vertex 2.02030563 0.561006725 2.02053785
      vertex 2.00835872 0.546992004 2.03899193
      vertex 2.01579738 0.551958919 2.02023149
    endloop
  endfacet
  facet normal 0.868427555 -0.440428607 0.227719616
    outer loop
      vertex 2.04743052 0.615189075 2.0218873
      vertex 2.02639198 0.583183289 2.04021764
      vertex 2.05043578 0.611003518 2.00233126
    endloop
  endfacet
  facet normal 0.868428567 -0.440424854 0.227723014
    outer loop
      vertex 2.02639198 0.583183289 2.04021764
      vertex 2.03841329 0.566441119 1.96199405
      vertex 2.05043578 0.611003518 2.00233126
    endloop
  endfacet
  facet normal 0.868431747 -0.440421044 0.227718255
    outer loop
      vertex 2.02639198 0.583183289 2.04021764
      vertex 2.02030563 0.561006725 2.02053785
      vertex 2.023386 0.556716561 2.00049305
    endloop
  endfacet
  facet normal 0.868427809 -0.440421918 0.227731587
    outer loop
      vertex 2.04743052 0.615189075 2.0218873
      vertex 2.04442501 0.619374633 2.04144311
      vertex 2.02639198 0.583183289 2.04021764
    endloop
  endfacet
  facet normal 0.868425246 -0.440428488 0.227728654
    outer loop
      vertex 2.00835872 0.546992004 2.03899193
      vertex 2.02030563 0.561006725 2.02053785
      vertex 2.02639198 0.583183289 2.04021764
    endloop
  endfacet
  facet normal 0.868423705 -0.440435897 0.227720198
    outer loop
      vertex 2.01286674 0.540713668 2.0096581
      vertex 2.01887774 0.547668755 2.00018668
      vertex 2.01579738 0.551958919 2.02023149
    endloop
  endfacet
  facet normal 0.86843107 -0.440421686 0.227719598
    outer loop
      vertex 2.01887774 0.547668755 2.00018668
      vertex 2.02195811 0.543378532 1.98014188
      vertex 2.02646637 0.552426398 1.98044825
    endloop
  endfacet
  facet normal 0.868430106 -0.440424076 0.227718651
    outer loop
      vertex 2.01579738 0.551958919 2.02023149
      vertex 2.01887774 0.547668755 2.00018668
      vertex 2.023386 0.556716561 2.00049305
    endloop
  endfacet
  facet normal 0.868426707 -0.44042829 0.227723464
    outer loop
      vertex 2.02639198 0.583183289 2.04021764
      vertex 2.023386 0.556716561 2.00049305
      vertex 2.03841329 0.566441119 1.96199405
    endloop
  endfacet
  facet normal -0.473002637 -0.873616614 0.11429137
    outer loop
      vertex 2.05644631 0.602632403 1.96321952
      vertex 2.06078863 0.60043031 1.96435821
      vertex 2.05344105 0.606817961 1.98277545
    endloop
  endfacet
  facet normal -0.473031369 -0.873601954 0.114284514
    outer loop
      vertex 2.05344105 0.606817961 1.98277545
      vertex 2.05778313 0.604615808 1.98391414
      vertex 2.05043578 0.611003518 2.00233126
    endloop
  endfacet
  facet normal -0.47303054 -0.873603108 0.114279121
    outer loop
      vertex 2.04743052 0.615189075 2.0218873
      vertex 2.05177259 0.612986922 2.02302599
      vertex 2.04442501 0.619374633 2.04144311
    endloop
  endfacet
  facet normal -0.473031169 -0.873602233 0.114283211
    outer loop
      vertex 2.05177259 0.612986922 2.02302599
      vertex 2.04743052 0.615189075 2.0218873
      vertex 2.05477786 0.608801365 2.00346994
    endloop
  endfacet
  facet normal -0.473030057 -0.873603781 0.11427598
    outer loop
      vertex 2.06078863 0.60043031 1.96435821
      vertex 2.05778313 0.604615808 1.98391414
      vertex 2.05344105 0.606817961 1.98277545
    endloop
  endfacet
  facet normal -0.473031369 -0.873601954 0.114284514
    outer loop
      vertex 2.05778313 0.604615808 1.98391414
      vertex 2.05477786 0.608801365 2.00346994
      vertex 2.05043578 0.611003518 2.00233126
    endloop
  endfacet
  facet normal -0.473011781 -0.873611888 0.11428965
    outer loop
      vertex 2.05177259 0.612986922 2.02302599
      vertex 2.04876733 0.61717248 2.0425818
      vertex 2.04442501 0.619374633 2.04144311
    endloop
  endfacet
  facet normal -0.473031169 -0.873602233 0.114283211
    outer loop
      vertex 2.04743052 0.615189075 2.0218873
      vertex 2.05043578 0.611003518 2.00233126
      vertex 2.05477786 0.608801365 2.00346994
    endloop
  endfacet
  facet normal 0.47301717 0.873609712 -0.114283983
    outer loop
      vertex 2.01243329 0.54324007 2.0271759
      vertex 2.00986147 0.544899225 2.02921414
      vertex 2.00835872 0.546992004 2.03899193
    endloop
  endfacet
  facet normal 0.472980121 0.873628854 -0.114290987
    outer loop
      vertex 2.01243329 0.54324007 2.0271759
      vertex 2.01286674 0.540713668 2.0096581
      vertex 2.01136398 0.542806447 2.01943612
    endloop
  endfacet
  facet normal 0.473018892 0.873608375 -0.114287074
    outer loop
      vertex 2.01243329 0.54324007 2.0271759
      vertex 2.01654053 0.537519813 2.00044966
      vertex 2.01286674 0.540713668 2.0096581
    endloop
  endfacet
  facet normal 0.473010504 0.873611979 -0.11429424
    outer loop
      vertex 2.01243329 0.54324007 2.0271759
      vertex 2.01136398 0.542806447 2.01943612
      vertex 2.00986147 0.544899225 2.02921414
    endloop
  endfacet
  facet normal 0.473031921 0.873602585 -0.114277404
    outer loop
      vertex 2.01420355 0.542697072 2.03035259
      vertex 2.01243329 0.54324007 2.0271759
      vertex 2.0127008 0.544789851 2.04013062
    endloop
  endfacet
  facet normal 0.473030287 0.873603461 -0.114277475
    outer loop
      vertex 2.00835872 0.546992004 2.03899193
      vertex 2.0127008 0.544789851 2.04013062
      vertex 2.01243329 0.54324007 2.0271759
    endloop
  endfacet
  facet normal 0.473034846 0.873600747 -0.114279348
    outer loop
      vertex 2.0157063 0.540604293 2.02057481
      vertex 2.01243329 0.54324007 2.0271759
      vertex 2.01420355 0.542697072 2.03035259
    endloop
  endfacet
  facet normal 0.473026814 0.873604385 -0.114284783
    outer loop
      vertex 2.01243329 0.54324007 2.0271759
      vertex 2.0157063 0.540604293 2.02057481
      vertex 2.01720881 0.538511574 2.01079679
    endloop
  endfacet
  facet normal 0.473025547 0.873604999 -0.114285329
    outer loop
      vertex 2.01243329 0.54324007 2.0271759
      vertex 2.01720881 0.538511574 2.01079679
      vertex 2.01654053 0.537519813 2.00044966
    endloop
  endfacet
  facet normal 0.473002786 0.873617361 -0.114285044
    outer loop
      vertex 2.01871157 0.536418796 2.00101876
      vertex 2.01654053 0.537519813 2.00044966
      vertex 2.01720881 0.538511574 2.01079679
    endloop
  endfacet
  facet normal 0.473035272 0.873600708 -0.11427788
    outer loop
      vertex 2.01654053 0.537519813 2.00044966
      vertex 2.01436949 0.538620889 1.99988019
      vertex 2.01286674 0.540713668 2.0096581
    endloop
  endfacet
  facet normal 0.473021645 0.873606701 -0.114288474
    outer loop
      vertex 2.01859403 0.534659684 1.9870863
      vertex 2.015872 0.536528111 1.99010229
      vertex 2.01654053 0.537519813 2.00044966
    endloop
  endfacet
  facet normal 0.473029596 0.873603587 -0.114279369
    outer loop
      vertex 2.01737475 0.534435332 1.98032439
      vertex 2.015872 0.536528111 1.99010229
      vertex 2.01859403 0.534659684 1.9870863
    endloop
  endfacet
  facet normal 0.473018565 0.873609359 -0.114280906
    outer loop
      vertex 2.01887751 0.532342553 1.97054636
      vertex 2.01737475 0.534435332 1.98032439
      vertex 2.02064776 0.531799614 1.97372317
    endloop
  endfacet
  facet normal 0.473026544 0.873604345 -0.114286209
    outer loop
      vertex 2.02038002 0.530249834 1.96076846
      vertex 2.01887751 0.532342553 1.97054636
      vertex 2.02064776 0.531799614 1.97372317
    endloop
  endfacet
  facet normal 0.472985512 0.873624476 -0.114302148
    outer loop
      vertex 2.02171683 0.532233238 1.98146296
      vertex 2.01859403 0.534659684 1.9870863
      vertex 2.02021432 0.534326017 1.99124086
    endloop
  endfacet
  facet normal 0.473002986 0.873617082 -0.114286347
    outer loop
      vertex 2.01654053 0.537519813 2.00044966
      vertex 2.01871157 0.536418796 2.00101876
      vertex 2.02021432 0.534326017 1.99124086
    endloop
  endfacet
  facet normal 0.473014848 0.873611458 -0.11428024
    outer loop
      vertex 2.01859403 0.534659684 1.9870863
      vertex 2.02171683 0.532233238 1.98146296
      vertex 2.02064776 0.531799614 1.97372317
    endloop
  endfacet
  facet normal 0.473015237 0.873609579 -0.114292999
    outer loop
      vertex 2.02321959 0.53014046 1.97168505
      vertex 2.0247221 0.528047681 1.96190703
      vertex 2.02064776 0.531799614 1.97372317
    endloop
  endfacet
  facet normal 0.47302915 0.873602948 -0.114286096
    outer loop
      vertex 2.02038002 0.530249834 1.96076846
      vertex 2.02064776 0.531799614 1.97372317
      vertex 2.0247221 0.528047681 1.96190703
    endloop
  endfacet
  facet normal 0.473022526 0.873607565 -0.114278226
    outer loop
      vertex 2.02064776 0.531799614 1.97372317
      vertex 2.01737475 0.534435332 1.98032439
      vertex 2.01859403 0.534659684 1.9870863
    endloop
  endfacet
  facet normal 0.47303693 0.873598399 -0.114288666
    outer loop
      vertex 2.015872 0.536528111 1.99010229
      vertex 2.01436949 0.538620889 1.99988019
      vertex 2.01654053 0.537519813 2.00044966
    endloop
  endfacet
  facet normal 0.472979514 0.873628067 -0.114299521
    outer loop
      vertex 2.01654053 0.537519813 2.00044966
      vertex 2.02021432 0.534326017 1.99124086
      vertex 2.01859403 0.534659684 1.9870863
    endloop
  endfacet
  facet normal 0.473022964 0.87360695 -0.114281108
    outer loop
      vertex 2.02171683 0.532233238 1.98146296
      vertex 2.02321959 0.53014046 1.97168505
      vertex 2.02064776 0.531799614 1.97372317
    endloop
  endfacet
  facet normal -0.222873024 0.0635109027 0.972776429
    outer loop
      vertex 2.11387897 0.738527536 2.02898288
      vertex 2.12839818 0.767885506 2.03039265
      vertex 2.10715127 0.768851817 2.02546167
    endloop
  endfacet
  facet normal -0.222872922 0.0635126669 0.972776337
    outer loop
      vertex 2.05013776 0.741426408 2.01418972
      vertex 2.08590412 0.769818068 2.02053046
      vertex 2.06465721 0.770784378 2.01559949
    endloop
  endfacet
  facet normal -0.222881035 0.0635134707 0.972774426
    outer loop
      vertex 2.08590412 0.769818068 2.02053046
      vertex 2.06748915 0.710619032 2.02017641
      vertex 2.10715127 0.768851817 2.02546167
    endloop
  endfacet
  facet normal -0.222879636 0.0635160718 0.972774576
    outer loop
      vertex 2.06748915 0.710619032 2.02017641
      vertex 2.09935951 0.709169567 2.02757311
      vertex 2.11387897 0.738527536 2.02898288
    endloop
  endfacet
  facet normal -0.222871479 0.0635102483 0.972776826
    outer loop
      vertex 2.03561854 0.712068498 2.01277995
      vertex 2.06748915 0.710619032 2.02017641
      vertex 2.05013776 0.741426408 2.01418972
    endloop
  endfacet
  facet normal -0.222871221 0.0635104031 0.972776875
    outer loop
      vertex 2.06748915 0.710619032 2.02017641
      vertex 2.08590412 0.769818068 2.02053046
      vertex 2.05013776 0.741426408 2.01418972
    endloop
  endfacet
  facet normal -0.222876266 0.0635101033 0.972775738
    outer loop
      vertex 2.11387897 0.738527536 2.02898288
      vertex 2.10715127 0.768851817 2.02546167
      vertex 2.06748915 0.710619032 2.02017641
    endloop
  endfacet
  facet normal -0.0573983163 -0.996999213 0.051942295
    outer loop
      vertex 2.12442732 0.769017041 2.04772377
      vertex 2.10715127 0.768851817 2.02546167
      vertex 2.12839818 0.767885506 2.03039265
    endloop
  endfacet
  facet normal -0.057397163 -0.996999326 0.0519414008
    outer loop
      vertex 2.10715127 0.768851817 2.02546167
      vertex 2.12442732 0.769017041 2.04772377
      vertex 2.10847306 0.769747198 2.04410887
    endloop
  endfacet
  facet normal -0.0573962943 -0.996999379 0.0519413418
    outer loop
      vertex 2.10847306 0.769747198 2.04410887
      vertex 2.09251857 0.770477355 2.04049397
      vertex 2.10715127 0.768851817 2.02546167
    endloop
  endfacet
  facet normal -0.0573981795 -0.996999252 0.0519416979
    outer loop
      vertex 2.07656431 0.771207511 2.0368793
      vertex 2.06465721 0.770784378 2.01559949
      vertex 2.08590412 0.769818068 2.02053046
    endloop
  endfacet
  facet normal -0.0573966513 -0.996999295 0.0519425746
    outer loop
      vertex 2.08590412 0.769818068 2.02053046
      vertex 2.09251857 0.770477355 2.04049397
      vertex 2.07656431 0.771207511 2.0368793
    endloop
  endfacet
  facet normal -0.0573961166 -0.996999431 0.0519405472
    outer loop
      vertex 2.06465721 0.770784378 2.01559949
      vertex 2.07656431 0.771207511 2.0368793
      vertex 2.06060982 0.771937668 2.0332644
    endloop
  endfacet
  facet normal -0.0573954383 -0.996999385 0.0519421757
    outer loop
      vertex 2.10715127 0.768851817 2.02546167
      vertex 2.09251857 0.770477355 2.04049397
      vertex 2.08590412 0.769818068 2.02053046
    endloop
  endfacet
  facet normal 0.0573983797 0.996999216 -0.0519421794
    outer loop
      vertex 2.06328917 0.711815834 2.03850746
      vertex 2.03561854 0.712068498 2.01277995
      vertex 2.03138041 0.713276207 2.03127789
    endloop
  endfacet
  facet normal 0.0573976919 0.996999294 -0.0519414388
    outer loop
      vertex 2.06748915 0.710619032 2.02017641
      vertex 2.03561854 0.712068498 2.01277995
      vertex 2.06328917 0.711815834 2.03850746
    endloop
  endfacet
  facet normal 0.0573967905 0.996999335 -0.051941648
    outer loop
      vertex 2.06328917 0.711815834 2.03850746
      vertex 2.09519792 0.71035552 2.04573727
      vertex 2.06748915 0.710619032 2.02017641
    endloop
  endfacet
  facet normal 0.0573991397 0.996999067 -0.0519441974
    outer loop
      vertex 2.09935951 0.709169567 2.02757311
      vertex 2.06748915 0.710619032 2.02017641
      vertex 2.09519792 0.71035552 2.04573727
    endloop
  endfacet
  facet normal -0.868428371 0.440425652 -0.22772222
    outer loop
      vertex 1.78736901 0.209940016 1.98834765
      vertex 1.74167204 0.118229255 1.98524201
      vertex 1.73877776 0.119231969 1.99821877
    endloop
  endfacet
  facet normal -0.868428371 0.440425652 -0.22772222
    outer loop
      vertex 1.79315758 0.207934588 1.96239424
      vertex 1.7474606 0.116223827 1.9592886
      vertex 1.74456632 0.117226541 1.97226536
    endloop
  endfacet
  facet normal -0.868427929 0.440425499 -0.227724202
    outer loop
      vertex 1.7902633 0.208937302 1.975371
      vertex 1.74456632 0.117226541 1.97226536
      vertex 1.74167204 0.118229255 1.98524201
    endloop
  endfacet
  facet normal -0.868426235 0.440425972 -0.227729746
    outer loop
      vertex 1.79605198 0.206931874 1.94941747
      vertex 1.75035489 0.115221113 1.94631183
      vertex 1.79315758 0.207934588 1.96239424
    endloop
  endfacet
  facet normal -0.868427892 0.440426613 -0.227722188
    outer loop
      vertex 1.83306611 0.301650763 1.99145329
      vertex 1.78736901 0.209940016 1.98834765
      vertex 1.78447473 0.21094273 2.00132442
    endloop
  endfacet
  facet normal -0.868427842 0.440426462 -0.227722671
    outer loop
      vertex 1.88455176 0.391356111 1.96860552
      vertex 1.83885467 0.299645334 1.96549988
      vertex 1.83596039 0.300648063 1.97847664
    endloop
  endfacet
  facet normal -0.868427892 0.440426613 -0.227722188
    outer loop
      vertex 1.83885467 0.299645334 1.96549988
      vertex 1.79315758 0.207934588 1.96239424
      vertex 1.7902633 0.208937302 1.975371
    endloop
  endfacet
  facet normal -0.868427585 0.44042644 -0.227723692
    outer loop
      vertex 1.83596039 0.300648063 1.97847664
      vertex 1.7902633 0.208937302 1.975371
      vertex 1.83306611 0.301650763 1.99145329
    endloop
  endfacet
  facet normal -0.868427724 0.440426699 -0.227722663
    outer loop
      vertex 1.97015727 0.576783061 2.00077033
      vertex 1.92446017 0.485072285 1.99766457
      vertex 1.92156589 0.486075014 2.01064134
    endloop
  endfacet
  facet normal -0.868428235 0.440425673 -0.227722697
    outer loop
      vertex 1.97594583 0.574777603 1.9748168
      vertex 1.93024886 0.483066857 1.97171116
      vertex 1.97305155 0.575780332 1.98779356
    endloop
  endfacet
  facet normal -0.8684261 0.440425992 -0.227730223
    outer loop
      vertex 1.93024886 0.483066857 1.97171116
      vertex 1.88455176 0.391356111 1.96860552
      vertex 1.92735445 0.484069586 1.98468792
    endloop
  endfacet
  facet normal -0.868427557 0.440426497 -0.22772369
    outer loop
      vertex 1.97305155 0.575780332 1.98779356
      vertex 1.92735445 0.484069586 1.98468792
      vertex 1.92446017 0.485072285 1.99766457
    endloop
  endfacet
  facet normal -0.868425749 0.440426662 -0.227730266
    outer loop
      vertex 2.03870296 0.71434921 2.00542879
      vertex 2.01585436 0.668493807 2.00387597
      vertex 2.01440716 0.668995142 2.01036429
    endloop
  endfacet
  facet normal -0.868426085 0.440425987 -0.227730289
    outer loop
      vertex 2.01440716 0.668995142 2.01036429
      vertex 2.01585436 0.668493807 2.00387597
      vertex 1.97015727 0.576783061 2.00077033
    endloop
  endfacet
  facet normal -0.86842568 0.440424788 -0.227734152
    outer loop
      vertex 1.96726298 0.57778579 2.01374698
      vertex 2.01295996 0.669496536 2.01685262
      vertex 2.01440716 0.668995142 2.01036429
    endloop
  endfacet
  facet normal -0.868427511 0.440426086 -0.22772466
    outer loop
      vertex 1.97015727 0.576783061 2.00077033
      vertex 1.96726298 0.57778579 2.01374698
      vertex 2.01440716 0.668995142 2.01036429
    endloop
  endfacet
  facet normal -0.868430348 0.440426405 -0.227713225
    outer loop
      vertex 2.0673399 0.758199155 1.98102808
      vertex 2.02164292 0.666488409 1.97792244
      vertex 2.06444573 0.759201825 1.99400485
    endloop
  endfacet
  facet normal -0.868426641 0.440425911 -0.227728315
    outer loop
      vertex 2.02164292 0.666488409 1.97792244
      vertex 1.97594583 0.574777603 1.9748168
      vertex 2.01874852 0.667491078 1.99089921
    endloop
  endfacet
  facet normal -0.868428235 0.440425673 -0.227722697
    outer loop
      vertex 2.01874852 0.667491078 1.99089921
      vertex 1.97305155 0.575780332 1.98779356
      vertex 1.97015727 0.576783061 2.00077033
    endloop
  endfacet
  facet normal -0.868427336 0.440423511 -0.227730307
    outer loop
      vertex 2.03870296 0.71434921 2.00542879
      vertex 2.06155133 0.760204554 2.00698161
      vertex 2.06444573 0.759201825 1.99400485
    endloop
  endfacet
  facet normal -0.868429135 0.440427834 -0.227715087
    outer loop
      vertex 2.01874852 0.667491078 1.99089921
      vertex 2.01585436 0.668493807 2.00387597
      vertex 2.03870296 0.71434921 2.00542879
    endloop
  endfacet
  facet normal -0.868428807 0.44042799 -0.227716038
    outer loop
      vertex 2.06444573 0.759201825 1.99400485
      vertex 2.01874852 0.667491078 1.99089921
      vertex 2.03870296 0.71434921 2.00542879
    endloop
  endfacet
  facet normal -0.868426535 0.440425084 -0.227730319
    outer loop
      vertex 2.10580134 0.852416694 2.01657557
      vertex 2.10435414 0.852918029 2.0230639
      vertex 2.15005112 0.944628775 2.02616954
    endloop
  endfacet
  facet normal -0.868425795 0.440424558 -0.22773416
    outer loop
      vertex 2.15294552 0.943626106 2.01319289
      vertex 2.10724854 0.8519153 2.01008725
      vertex 2.10580134 0.852416694 2.01657557
    endloop
  endfacet
  facet normal -0.868426535 0.440425084 -0.227730319
    outer loop
      vertex 2.15005112 0.944628775 2.02616954
      vertex 2.15294552 0.943626106 2.01319289
      vertex 2.10580134 0.852416694 2.01657557
    endloop
  endfacet
  facet normal -0.868424666 0.440426824 -0.227734083
    outer loop
      vertex 2.10724854 0.8519153 2.01008725
      vertex 2.08439994 0.806059957 2.00853443
      vertex 2.10580134 0.852416694 2.01657557
    endloop
  endfacet
  facet normal -0.868425749 0.440426662 -0.227730266
    outer loop
      vertex 2.08439994 0.806059957 2.00853443
      vertex 2.06155133 0.760204554 2.00698161
      vertex 2.08295274 0.806561291 2.01502275
    endloop
  endfacet
  facet normal -0.868425749 0.440426662 -0.227730266
    outer loop
      vertex 2.10580134 0.852416694 2.01657557
      vertex 2.08295274 0.806561291 2.01502275
      vertex 2.10435414 0.852918029 2.0230639
    endloop
  endfacet
  facet normal -0.868432262 0.440429455 -0.227700023
    outer loop
      vertex 2.10435414 0.852918029 2.0230639
      vertex 2.08150554 0.807062685 2.02151108
      vertex 2.08005857 0.80756402 2.0279994
    endloop
  endfacet
  facet normal -0.868426108 0.440424936 -0.227732236
    outer loop
      vertex 2.15873408 0.941620648 1.98723936
      vertex 2.11303711 0.849909902 1.98413372
      vertex 2.15583968 0.942623377 2.00021601
    endloop
  endfacet
  facet normal -0.868425208 0.440426743 -0.227732174
    outer loop
      vertex 2.11303711 0.849909902 1.98413372
      vertex 2.0673399 0.758199155 1.98102808
      vertex 2.11014271 0.850912631 1.99711037
    endloop
  endfacet
  facet normal -0.868429775 0.440428594 -0.227711174
    outer loop
      vertex 2.08439994 0.806059957 2.00853443
      vertex 2.10724854 0.8519153 2.01008725
      vertex 2.11014271 0.850912631 1.99711037
    endloop
  endfacet
  facet normal -0.868425764 0.440426667 -0.227730201
    outer loop
      vertex 2.06444573 0.759201825 1.99400485
      vertex 2.06155133 0.760204554 2.00698161
      vertex 2.08439994 0.806059957 2.00853443
    endloop
  endfacet
  facet normal -0.868428688 0.440425283 -0.227721722
    outer loop
      vertex 2.11014271 0.850912631 1.99711037
      vertex 2.06444573 0.759201825 1.99400485
      vertex 2.08439994 0.806059957 2.00853443
    endloop
  endfacet
  facet normal -0.86843079 0.440426558 -0.227711243
    outer loop
      vertex 2.15583968 0.942623377 2.00021601
      vertex 2.11014271 0.850912631 1.99711037
      vertex 2.10724854 0.8519153 2.01008725
    endloop
  endfacet
  facet normal -0.868429906 0.440426252 -0.227715206
    outer loop
      vertex 2.19864249 1.03533685 2.01629853
      vertex 2.15294552 0.943626106 2.01319289
      vertex 2.19574833 1.03633952 2.02927518
    endloop
  endfacet
  facet normal -0.868426108 0.440424936 -0.227732236
    outer loop
      vertex 2.20443106 1.03333139 1.990345
      vertex 2.15873408 0.941620648 1.98723936
      vertex 2.15583968 0.942623377 2.00021601
    endloop
  endfacet
  facet normal -0.868426633 0.440426968 -0.227726303
    outer loop
      vertex 2.20153689 1.03433418 2.00332165
      vertex 2.15583968 0.942623377 2.00021601
      vertex 2.19864249 1.03533685 2.01629853
    endloop
  endfacet
  facet normal -0.868427091 0.440425008 -0.227728346
    outer loop
      vertex 2.20732546 1.03232872 1.97736824
      vertex 2.16162848 0.940617919 1.9742626
      vertex 2.20443106 1.03333139 1.990345
    endloop
  endfacet
  facet normal -0.868427802 0.440426793 -0.227722182
    outer loop
      vertex 1.74167204 0.118229255 1.98524201
      vertex 1.69018638 0.028523922 2.00808978
      vertex 1.73877776 0.119231969 1.99821877
    endloop
  endfacet
  facet normal -0.868427138 0.440425993 -0.227726261
    outer loop
      vertex 1.74056745 0.129635125 2.01151371
      vertex 1.73877776 0.119231969 1.99821877
      vertex 1.69018638 0.028523922 2.00808978
    endloop
  endfacet
  facet normal -0.86842759 0.440425382 -0.227725722
    outer loop
      vertex 1.78447473 0.21094273 2.00132442
      vertex 1.73877776 0.119231969 1.99821877
      vertex 1.74056745 0.129635125 2.01151371
    endloop
  endfacet
  facet normal -0.868428174 0.44042517 -0.227723902
    outer loop
      vertex 1.83017182 0.302653491 2.00443006
      vertex 1.84132946 0.331857532 2.01836181
      vertex 1.84899104 0.331111193 1.98770082
    endloop
  endfacet
  facet normal -0.868429024 0.440426938 -0.22771724
    outer loop
      vertex 1.83017182 0.302653491 2.00443006
      vertex 1.78447473 0.21094273 2.00132442
      vertex 1.79094851 0.230746329 2.01493788
    endloop
  endfacet
  facet normal -0.868427667 0.440426381 -0.227723493
    outer loop
      vertex 1.69886923 0.0255157817 1.96915972
      vertex 1.69018638 0.028523922 2.00808978
      vertex 1.74167204 0.118229255 1.98524201
    endloop
  endfacet
  facet normal -0.868428522 0.440426697 -0.227719621
    outer loop
      vertex 1.96726298 0.57778579 2.01374698
      vertex 1.92156589 0.486075014 2.01064134
      vertex 1.92733908 0.504472613 2.02420712
    endloop
  endfacet
  facet normal -0.86842853 0.440426689 -0.227719607
    outer loop
      vertex 1.87531841 0.400070816 2.02067161
      vertex 1.92733908 0.504472613 2.02420712
      vertex 1.92156589 0.486075014 2.01064134
    endloop
  endfacet
  facet normal -0.86842665 0.440426114 -0.227727889
    outer loop
      vertex 1.87094152 0.376655757 1.99207723
      vertex 1.88165748 0.39235881 1.98158228
      vertex 1.85996628 0.353883475 1.98988903
    endloop
  endfacet
  facet normal -0.868428071 0.440426002 -0.227722686
    outer loop
      vertex 1.88191676 0.39942804 1.99426544
      vertex 1.92156589 0.486075014 2.01064134
      vertex 1.92446017 0.485072285 1.99766457
    endloop
  endfacet
  facet normal -0.86842665 0.440426114 -0.227727889
    outer loop
      vertex 1.88165748 0.39235881 1.98158228
      vertex 1.87094152 0.376655757 1.99207723
      vertex 1.88191676 0.39942804 1.99426544
    endloop
  endfacet
  facet normal -0.868427841 0.440425927 -0.22772371
    outer loop
      vertex 1.88191676 0.39942804 1.99426544
      vertex 1.92446017 0.485072285 1.99766457
      vertex 1.92735445 0.484069586 1.98468792
    endloop
  endfacet
  facet normal -0.868427999 0.440426015 -0.227722936
    outer loop
      vertex 1.87531841 0.400070816 2.02067161
      vertex 1.92156589 0.486075014 2.01064134
      vertex 1.88191676 0.39942804 1.99426544
    endloop
  endfacet
  facet normal -0.868428142 0.44042586 -0.227722691
    outer loop
      vertex 1.83306611 0.301650763 1.99145329
      vertex 1.83017182 0.302653491 2.00443006
      vertex 1.84899104 0.331111193 1.98770082
    endloop
  endfacet
  facet normal -0.868427917 0.440426563 -0.227722189
    outer loop
      vertex 1.7474606 0.116223827 1.9592886
      vertex 1.69886923 0.0255157817 1.96915972
      vertex 1.74456632 0.117226541 1.97226536
    endloop
  endfacet
  facet normal -0.868427475 0.44042641 -0.227724171
    outer loop
      vertex 1.74456632 0.117226541 1.97226536
      vertex 1.69886923 0.0255157817 1.96915972
      vertex 1.74167204 0.118229255 1.98524201
    endloop
  endfacet
  facet normal -0.868427917 0.440426563 -0.227722189
    outer loop
      vertex 1.75035489 0.115221113 1.94631183
      vertex 1.69886923 0.0255157817 1.96915972
      vertex 1.7474606 0.116223827 1.9592886
    endloop
  endfacet
  facet normal -0.868428242 0.440426308 -0.227721443
    outer loop
      vertex 1.77609766 0.160073787 1.93488801
      vertex 1.70755208 0.0225076433 1.93022954
      vertex 1.75035489 0.115221113 1.94631183
    endloop
  endfacet
  facet normal -0.868427852 0.440426367 -0.227722815
    outer loop
      vertex 1.69886923 0.0255157817 1.96915972
      vertex 1.75035489 0.115221113 1.94631183
      vertex 1.70755208 0.0225076433 1.93022954
    endloop
  endfacet
  facet normal -0.868428375 0.440426713 -0.227720153
    outer loop
      vertex 1.77609766 0.160073787 1.93488801
      vertex 1.75035489 0.115221113 1.94631183
      vertex 1.79605198 0.206931874 1.94941747
    endloop
  endfacet
  facet normal -0.868426207 0.440426029 -0.227729744
    outer loop
      vertex 1.79315758 0.207934588 1.96239424
      vertex 1.83885467 0.299645334 1.96549988
      vertex 1.79605198 0.206931874 1.94941747
    endloop
  endfacet
  facet normal -0.868428724 0.440426548 -0.227719142
    outer loop
      vertex 1.79605198 0.206931874 1.94941747
      vertex 1.84464324 0.297639906 1.93954647
      vertex 1.77609766 0.160073787 1.93488801
    endloop
  endfacet
  facet normal -0.868426738 0.440426214 -0.22772736
    outer loop
      vertex 1.84899104 0.331111193 1.98770082
      vertex 1.88165748 0.39235881 1.98158228
      vertex 1.83596039 0.300648063 1.97847664
    endloop
  endfacet
  facet normal -0.86842665 0.440426114 -0.227727889
    outer loop
      vertex 1.85996628 0.353883475 1.98988903
      vertex 1.88165748 0.39235881 1.98158228
      vertex 1.84899104 0.331111193 1.98770082
    endloop
  endfacet
  facet normal -0.868427252 0.440425198 -0.227727366
    outer loop
      vertex 1.88165748 0.39235881 1.98158228
      vertex 1.88191676 0.39942804 1.99426544
      vertex 1.92735445 0.484069586 1.98468792
    endloop
  endfacet
  facet normal -0.868428104 0.440426244 -0.227722092
    outer loop
      vertex 1.91318882 0.435206056 1.94420493
      vertex 1.84464324 0.297639906 1.93954647
      vertex 1.88455176 0.391356111 1.96860552
    endloop
  endfacet
  facet normal -0.868428457 0.440426366 -0.227720513
    outer loop
      vertex 1.9817344 0.572772205 1.94886339
      vertex 1.91318882 0.435206056 1.94420493
      vertex 1.93024886 0.483066857 1.97171116
    endloop
  endfacet
  facet normal -0.868428092 0.440426683 -0.227721289
    outer loop
      vertex 1.88455176 0.391356111 1.96860552
      vertex 1.93024886 0.483066857 1.97171116
      vertex 1.91318882 0.435206056 1.94420493
    endloop
  endfacet
  facet normal -0.868428062 0.440425752 -0.227723205
    outer loop
      vertex 1.79605198 0.206931874 1.94941747
      vertex 1.83885467 0.299645334 1.96549988
      vertex 1.84464324 0.297639906 1.93954647
    endloop
  endfacet
  facet normal -0.868427982 0.440425643 -0.227723719
    outer loop
      vertex 1.83306611 0.301650763 1.99145329
      vertex 1.84899104 0.331111193 1.98770082
      vertex 1.83596039 0.300648063 1.97847664
    endloop
  endfacet
  facet normal -0.868429222 0.440426811 -0.227716732
    outer loop
      vertex 1.97935975 0.608874381 2.02774239
      vertex 2.03138041 0.713276207 2.03127789
      vertex 2.01295996 0.669496536 2.01685262
    endloop
  endfacet
  facet normal -0.86842525 0.440426061 -0.22773333
    outer loop
      vertex 2.03561854 0.712068498 2.01277995
      vertex 2.03870296 0.71434921 2.00542879
      vertex 2.01440716 0.668995142 2.01036429
    endloop
  endfacet
  facet normal -0.868425069 0.440426015 -0.22773411
    outer loop
      vertex 2.01295996 0.669496536 2.01685262
      vertex 2.03561854 0.712068498 2.01277995
      vertex 2.01440716 0.668995142 2.01036429
    endloop
  endfacet
  facet normal -0.868442858 0.440434072 -0.227650678
    outer loop
      vertex 2.06010413 0.760705948 2.01346993
      vertex 2.05013776 0.741426408 2.01418972
      vertex 2.06465721 0.770784378 2.01559949
    endloop
  endfacet
  facet normal -0.868444441 0.440433674 -0.227645408
    outer loop
      vertex 2.06465721 0.770784378 2.01559949
      vertex 2.08295274 0.806561291 2.01502275
      vertex 2.06010413 0.760705948 2.01346993
    endloop
  endfacet
  facet normal -0.868426163 0.44042368 -0.227734452
    outer loop
      vertex 2.03870296 0.71434921 2.00542879
      vertex 2.03561854 0.712068498 2.01277995
      vertex 2.05013776 0.741426408 2.01418972
    endloop
  endfacet
  facet normal -0.868426879 0.440428007 -0.227723356
    outer loop
      vertex 2.03561854 0.712068498 2.01277995
      vertex 2.01295996 0.669496536 2.01685262
      vertex 2.03138041 0.713276207 2.03127789
    endloop
  endfacet
  facet normal -0.86842738 0.440423073 -0.227730987
    outer loop
      vertex 2.05013776 0.741426408 2.01418972
      vertex 2.06010413 0.760705948 2.01346993
      vertex 2.03870296 0.71434921 2.00542879
    endloop
  endfacet
  facet normal -0.868425939 0.440427233 -0.227728437
    outer loop
      vertex 2.08005857 0.80756402 2.0279994
      vertex 2.06465721 0.770784378 2.01559949
      vertex 2.06060982 0.771937668 2.0332644
    endloop
  endfacet
  facet normal -0.868432394 0.440424726 -0.227708669
    outer loop
      vertex 2.11919641 0.88951695 2.03724599
      vertex 2.10290694 0.853419423 2.02955222
      vertex 2.08005857 0.80756402 2.0279994
    endloop
  endfacet
  facet normal -0.868424118 0.440424405 -0.22774085
    outer loop
      vertex 2.06060982 0.771937668 2.0332644
      vertex 2.11919641 0.88951695 2.03724599
      vertex 2.08005857 0.80756402 2.0279994
    endloop
  endfacet
  facet normal -0.868428164 0.440427669 -0.227719109
    outer loop
      vertex 2.11919641 0.88951695 2.03724599
      vertex 2.17778325 1.00709617 2.04122758
      vertex 2.15005112 0.944628775 2.02616954
    endloop
  endfacet
  facet normal -0.868427801 0.440425471 -0.227724744
    outer loop
      vertex 2.23636985 1.12467551 2.04520917
      vertex 2.19574833 1.03633952 2.02927518
      vertex 2.17778325 1.00709617 2.04122758
    endloop
  endfacet
  facet normal -0.86842568 0.440424788 -0.227734152
    outer loop
      vertex 2.10290694 0.853419423 2.02955222
      vertex 2.15005112 0.944628775 2.02616954
      vertex 2.10435414 0.852918029 2.0230639
    endloop
  endfacet
  facet normal -0.868427397 0.440426005 -0.22772525
    outer loop
      vertex 2.11919641 0.88951695 2.03724599
      vertex 2.15005112 0.944628775 2.02616954
      vertex 2.10290694 0.853419423 2.02955222
    endloop
  endfacet
  facet normal -0.86842653 0.440423083 -0.22773421
    outer loop
      vertex 2.08295274 0.806561291 2.01502275
      vertex 2.06465721 0.770784378 2.01559949
      vertex 2.08150554 0.807062685 2.02151108
    endloop
  endfacet
  facet normal -0.868427816 0.440425468 -0.227724691
    outer loop
      vertex 2.19574833 1.03633952 2.02927518
      vertex 2.23636985 1.12467551 2.04520917
      vertex 2.24614334 1.12385607 2.00635314
    endloop
  endfacet
  facet normal -0.868436001 0.440421953 -0.227700277
    outer loop
      vertex 2.06465721 0.770784378 2.01559949
      vertex 2.08005857 0.80756402 2.0279994
      vertex 2.08150554 0.807062685 2.02151108
    endloop
  endfacet
  facet normal -0.868427892 0.440426345 -0.227722707
    outer loop
      vertex 2.02164292 0.666488409 1.97792244
      vertex 1.9817344 0.572772205 1.94886339
      vertex 1.97594583 0.574777603 1.9748168
    endloop
  endfacet
  facet normal -0.868426467 0.44042321 -0.227734205
    outer loop
      vertex 2.06010413 0.760705948 2.01346993
      vertex 2.06155133 0.760204554 2.00698161
      vertex 2.03870296 0.71434921 2.00542879
    endloop
  endfacet
  facet normal -0.868427242 0.440426652 -0.22772459
    outer loop
      vertex 2.05028009 0.710338354 1.95352185
      vertex 1.9817344 0.572772205 1.94886339
      vertex 2.02164292 0.666488409 1.97792244
    endloop
  endfacet
  facet normal -0.868427335 0.44042748 -0.227722636
    outer loop
      vertex 2.0673399 0.758199155 1.98102808
      vertex 2.11303711 0.849909902 1.98413372
      vertex 2.11882567 0.847904444 1.95818019
    endloop
  endfacet
  facet normal -0.868427785 0.440426576 -0.227722667
    outer loop
      vertex 2.16162848 0.940617919 1.9742626
      vertex 2.11882567 0.847904444 1.95818019
      vertex 2.11303711 0.849909902 1.98413372
    endloop
  endfacet
  facet normal -0.868427278 0.440425341 -0.227726987
    outer loop
      vertex 2.05028009 0.710338354 1.95352185
      vertex 2.02164292 0.666488409 1.97792244
      vertex 2.0673399 0.758199155 1.98102808
    endloop
  endfacet
  facet normal -0.868426967 0.440426297 -0.227726326
    outer loop
      vertex 2.19864249 1.03533685 2.01629853
      vertex 2.24614334 1.12385607 2.00635314
      vertex 2.20153689 1.03433418 2.00332165
    endloop
  endfacet
  facet normal -0.868428774 0.440428524 -0.227715129
    outer loop
      vertex 2.24614334 1.12385607 2.00635314
      vertex 2.19864249 1.03533685 2.01629853
      vertex 2.19574833 1.03633952 2.02927518
    endloop
  endfacet
  facet normal -0.868428599 0.440426862 -0.227719008
    outer loop
      vertex 2.24614334 1.12385607 2.00635314
      vertex 2.20443106 1.03333139 1.990345
      vertex 2.20153689 1.03433418 2.00332165
    endloop
  endfacet
  facet normal -0.868428678 0.440426443 -0.227719522
    outer loop
      vertex 2.11882567 0.847904444 1.95818019
      vertex 2.16162848 0.940617919 1.9742626
      vertex 2.18737125 0.985470593 1.96283865
    endloop
  endfacet
  facet normal -0.868428349 0.440425444 -0.227722705
    outer loop
      vertex 2.20732546 1.03232872 1.97736824
      vertex 2.18737125 0.985470593 1.96283865
      vertex 2.16162848 0.940617919 1.9742626
    endloop
  endfacet
  facet normal -0.868426863 0.440425466 -0.22772833
    outer loop
      vertex 2.20732546 1.03232872 1.97736824
      vertex 2.20443106 1.03333139 1.990345
      vertex 2.25591683 1.12303674 1.96749711
    endloop
  endfacet
  facet normal -0.868427385 0.440427056 -0.227723265
    outer loop
      vertex 2.24614334 1.12385607 2.00635314
      vertex 2.25591683 1.12303674 1.96749711
      vertex 2.20443106 1.03333139 1.990345
    endloop
  endfacet
  facet normal -0.868427269 0.440425955 -0.227725837
    outer loop
      vertex 2.18737125 0.985470593 1.96283865
      vertex 2.20732546 1.03232872 1.97736824
      vertex 2.25591683 1.12303674 1.96749711
    endloop
  endfacet
  facet normal -0.86842655 0.440425089 -0.227730254
    outer loop
      vertex 2.11303711 0.849909902 1.98413372
      vertex 2.15873408 0.941620648 1.98723936
      vertex 2.16162848 0.940617919 1.9742626
    endloop
  endfacet
  facet normal -0.868428371 0.440425652 -0.22772222
    outer loop
      vertex 1.78736901 0.209940016 1.98834765
      vertex 1.73877776 0.119231969 1.99821877
      vertex 1.78447473 0.21094273 2.00132442
    endloop
  endfacet
  facet normal -0.868428371 0.440425652 -0.22772222
    outer loop
      vertex 1.79315758 0.207934588 1.96239424
      vertex 1.74456632 0.117226541 1.97226536
      vertex 1.7902633 0.208937302 1.975371
    endloop
  endfacet
  facet normal -0.868427929 0.440425499 -0.227724202
    outer loop
      vertex 1.7902633 0.208937302 1.975371
      vertex 1.74167204 0.118229255 1.98524201
      vertex 1.78736901 0.209940016 1.98834765
    endloop
  endfacet
  facet normal -0.868428371 0.440425652 -0.22772222
    outer loop
      vertex 1.75035489 0.115221113 1.94631183
      vertex 1.7474606 0.116223827 1.9592886
      vertex 1.79315758 0.207934588 1.96239424
    endloop
  endfacet
  facet normal -0.868427814 0.440426519 -0.227722669
    outer loop
      vertex 1.83306611 0.301650763 1.99145329
      vertex 1.78447473 0.21094273 2.00132442
      vertex 1.83017182 0.302653491 2.00443006
    endloop
  endfacet
  facet normal -0.868427999 0.44042665 -0.227721709
    outer loop
      vertex 1.88455176 0.391356111 1.96860552
      vertex 1.83596039 0.300648063 1.97847664
      vertex 1.88165748 0.39235881 1.98158228
    endloop
  endfacet
  facet normal -0.868427814 0.440426519 -0.227722669
    outer loop
      vertex 1.83885467 0.299645334 1.96549988
      vertex 1.7902633 0.208937302 1.975371
      vertex 1.83596039 0.300648063 1.97847664
    endloop
  endfacet
  facet normal -0.86842745 0.44042646 -0.227724169
    outer loop
      vertex 1.7902633 0.208937302 1.975371
      vertex 1.78736901 0.209940016 1.98834765
      vertex 1.83306611 0.301650763 1.99145329
    endloop
  endfacet
  facet normal -0.8684274 0.440426309 -0.227724652
    outer loop
      vertex 1.97015727 0.576783061 2.00077033
      vertex 1.92156589 0.486075014 2.01064134
      vertex 1.96726298 0.57778579 2.01374698
    endloop
  endfacet
  facet normal -0.8684261 0.440425992 -0.227730223
    outer loop
      vertex 1.93024886 0.483066857 1.97171116
      vertex 1.92735445 0.484069586 1.98468792
      vertex 1.97305155 0.575780332 1.98779356
    endloop
  endfacet
  facet normal -0.868428506 0.440425632 -0.227721743
    outer loop
      vertex 1.88455176 0.391356111 1.96860552
      vertex 1.88165748 0.39235881 1.98158228
      vertex 1.92735445 0.484069586 1.98468792
    endloop
  endfacet
  facet normal -0.868427724 0.440426699 -0.227722663
    outer loop
      vertex 1.97305155 0.575780332 1.98779356
      vertex 1.92446017 0.485072285 1.99766457
      vertex 1.97015727 0.576783061 2.00077033
    endloop
  endfacet
  facet normal -0.868426077 0.440427044 -0.227728277
    outer loop
      vertex 2.02164292 0.666488409 1.97792244
      vertex 2.01874852 0.667491078 1.99089921
      vertex 2.06444573 0.759201825 1.99400485
    endloop
  endfacet
  facet normal -0.868428235 0.440425673 -0.227722697
    outer loop
      vertex 1.97594583 0.574777603 1.9748168
      vertex 1.97305155 0.575780332 1.98779356
      vertex 2.01874852 0.667491078 1.99089921
    endloop
  endfacet
  facet normal -0.868429471 0.44042716 -0.22771511
    outer loop
      vertex 2.01874852 0.667491078 1.99089921
      vertex 1.97015727 0.576783061 2.00077033
      vertex 2.01585436 0.668493807 2.00387597
    endloop
  endfacet
  facet normal -0.868425749 0.440426662 -0.227730266
    outer loop
      vertex 2.08439994 0.806059957 2.00853443
      vertex 2.08295274 0.806561291 2.01502275
      vertex 2.10580134 0.852416694 2.01657557
    endloop
  endfacet
  facet normal -0.868424666 0.440426824 -0.227734083
    outer loop
      vertex 2.06155133 0.760204554 2.00698161
      vertex 2.06010413 0.760705948 2.01346993
      vertex 2.08295274 0.806561291 2.01502275
    endloop
  endfacet
  facet normal -0.868424666 0.440426824 -0.227734083
    outer loop
      vertex 2.08295274 0.806561291 2.01502275
      vertex 2.08150554 0.807062685 2.02151108
      vertex 2.10435414 0.852918029 2.0230639
    endloop
  endfacet
  facet normal -0.868426695 0.440422752 -0.227734221
    outer loop
      vertex 2.10435414 0.852918029 2.0230639
      vertex 2.08005857 0.80756402 2.0279994
      vertex 2.10290694 0.853419423 2.02955222
    endloop
  endfacet
  facet normal -0.868426108 0.440424936 -0.227732236
    outer loop
      vertex 2.11303711 0.849909902 1.98413372
      vertex 2.11014271 0.850912631 1.99711037
      vertex 2.15583968 0.942623377 2.00021601
    endloop
  endfacet
  facet normal -0.86843058 0.440425939 -0.22771324
    outer loop
      vertex 2.0673399 0.758199155 1.98102808
      vertex 2.06444573 0.759201825 1.99400485
      vertex 2.11014271 0.850912631 1.99711037
    endloop
  endfacet
  facet normal -0.868430477 0.440426181 -0.227713167
    outer loop
      vertex 2.15583968 0.942623377 2.00021601
      vertex 2.10724854 0.8519153 2.01008725
      vertex 2.15294552 0.943626106 2.01319289
    endloop
  endfacet
  facet normal -0.868425635 0.440426891 -0.227730258
    outer loop
      vertex 2.15294552 0.943626106 2.01319289
      vertex 2.15005112 0.944628775 2.02616954
      vertex 2.19574833 1.03633952 2.02927518
    endloop
  endfacet
  facet normal -0.868428265 0.440427533 -0.227718985
    outer loop
      vertex 2.20443106 1.03333139 1.990345
      vertex 2.15583968 0.942623377 2.00021601
      vertex 2.20153689 1.03433418 2.00332165
    endloop
  endfacet
  facet normal -0.868430363 0.44042641 -0.227713159
    outer loop
      vertex 2.15583968 0.942623377 2.00021601
      vertex 2.15294552 0.943626106 2.01319289
      vertex 2.19864249 1.03533685 2.01629853
    endloop
  endfacet
  facet normal -0.86842655 0.440425089 -0.227730254
    outer loop
      vertex 2.16162848 0.940617919 1.9742626
      vertex 2.15873408 0.941620648 1.98723936
      vertex 2.20443106 1.03333139 1.990345
    endloop
  endfacet
  facet normal -0.868428865 0.440427095 -0.227717544
    outer loop
      vertex 1.78447473 0.21094273 2.00132442
      vertex 1.74056745 0.129635125 2.01151371
      vertex 1.79094851 0.230746329 2.01493788
    endloop
  endfacet
  facet normal -0.868427972 0.440425321 -0.22772438
    outer loop
      vertex 1.83017182 0.302653491 2.00443006
      vertex 1.79094851 0.230746329 2.01493788
      vertex 1.84132946 0.331857532 2.01836181
    endloop
  endfacet
  facet normal -0.868428194 0.440426203 -0.227721832
    outer loop
      vertex 1.96726298 0.57778579 2.01374698
      vertex 1.92733908 0.504472613 2.02420712
      vertex 1.97935975 0.608874381 2.02774239
    endloop
  endfacet
  facet normal -0.868427728 0.440426422 -0.227723182
    outer loop
      vertex 1.84464324 0.297639906 1.93954647
      vertex 1.83885467 0.299645334 1.96549988
      vertex 1.88455176 0.391356111 1.96860552
    endloop
  endfacet
  facet normal -0.868428228 0.44042567 -0.22772273
    outer loop
      vertex 1.9817344 0.572772205 1.94886339
      vertex 1.93024886 0.483066857 1.97171116
      vertex 1.97594583 0.574777603 1.9748168
    endloop
  endfacet
  facet normal -0.868428709 0.440425837 -0.227720573
    outer loop
      vertex 1.97935975 0.608874381 2.02774239
      vertex 2.01295996 0.669496536 2.01685262
      vertex 1.96726298 0.57778579 2.01374698
    endloop
  endfacet
  facet normal -0.868428017 0.440427716 -0.227719577
    outer loop
      vertex 2.17778325 1.00709617 2.04122758
      vertex 2.19574833 1.03633952 2.02927518
      vertex 2.15005112 0.944628775 2.02616954
    endloop
  endfacet
  facet normal -0.868426776 0.440425778 -0.227728059
    outer loop
      vertex 2.0673399 0.758199155 1.98102808
      vertex 2.11882567 0.847904444 1.95818019
      vertex 2.05028009 0.710338354 1.95352185
    endloop
  endfacet
  facet normal 0.217065912 -0.0752013117 -0.973255954
    outer loop
      vertex 2.01552057 0.5259552 1.96001637
      vertex 1.99802876 0.490850568 1.95882761
      vertex 2.00900722 0.52925843 1.95830846
    endloop
  endfacet
  facet normal 0.21706865 -0.0751958168 -0.973255768
    outer loop
      vertex 2.02426648 0.543507576 1.96061087
      vertex 2.01552057 0.5259552 1.96001637
      vertex 2.00900722 0.52925843 1.95830846
    endloop
  endfacet
  facet normal 0.217087034 -0.0752090672 -0.973250644
    outer loop
      vertex 2.02649903 0.564363062 1.95949721
      vertex 2.03301215 0.561059892 1.96120524
      vertex 2.02426648 0.543507576 1.96061087
    endloop
  endfacet
  facet normal 0.217079865 -0.0752083879 -0.973252295
    outer loop
      vertex 2.00900722 0.52925843 1.95830846
      vertex 2.02649903 0.564363062 1.95949721
      vertex 2.02426648 0.543507576 1.96061087
    endloop
  endfacet
  facet normal 0.217069487 -0.0752023217 -0.973255079
    outer loop
      vertex 1.99151552 0.494153738 1.9571197
      vertex 1.95653212 0.423944414 1.95474219
      vertex 1.94350564 0.430550814 1.95132637
    endloop
  endfacet
  facet normal 0.217071011 -0.0752030304 -0.973254684
    outer loop
      vertex 2.00900722 0.52925843 1.95830846
      vertex 1.99151552 0.494153738 1.9571197
      vertex 1.97848916 0.500760138 1.95370388
    endloop
  endfacet
  facet normal 0.217069168 -0.0752029628 -0.973255101
    outer loop
      vertex 2.01347256 0.570969462 1.95608139
      vertex 2.02649903 0.564363062 1.95949721
      vertex 2.00900722 0.52925843 1.95830846
    endloop
  endfacet
  facet normal 0.217071115 -0.0752031473 -0.973254652
    outer loop
      vertex 1.97848916 0.500760138 1.95370388
      vertex 2.01347256 0.570969462 1.95608139
      vertex 2.00900722 0.52925843 1.95830846
    endloop
  endfacet
  facet normal 0.217078907 -0.0752078379 -0.973252552
    outer loop
      vertex 2.13144946 0.774991035 1.96662986
      vertex 2.09646583 0.704781711 1.96425235
      vertex 2.08343959 0.711388111 1.96083641
    endloop
  endfacet
  facet normal 0.217069487 -0.0752023217 -0.973255079
    outer loop
      vertex 2.16643286 0.84520036 1.96900737
      vertex 2.13144946 0.774991035 1.96662986
      vertex 2.15340638 0.85180676 1.96559155
    endloop
  endfacet
  facet normal 0.217072493 -0.0752031708 -0.973254343
    outer loop
      vertex 2.08548737 0.666373849 1.96477151
      vertex 2.06799579 0.631269217 1.96358275
      vertex 2.07897425 0.669677079 1.9630636
    endloop
  endfacet
  facet normal 0.217066482 -0.0752014727 -0.973255815
    outer loop
      vertex 2.10297918 0.701478541 1.96596026
      vertex 2.08548737 0.666373849 1.96477151
      vertex 2.09646583 0.704781711 1.96425235
    endloop
  endfacet
  facet normal 0.217058053 -0.0751970699 -0.973258035
    outer loop
      vertex 2.07125235 0.629617631 1.96443665
      vertex 2.06250644 0.612065256 1.96384227
      vertex 2.05924988 0.6137169 1.96298838
    endloop
  endfacet
  facet normal 0.217085858 -0.0752114273 -0.973250724
    outer loop
      vertex 2.05050397 0.596164525 1.962394
      vertex 2.03301215 0.561059892 1.96120524
      vertex 2.02649903 0.564363062 1.95949721
    endloop
  endfacet
  facet normal 0.217072007 -0.0752041464 -0.973254376
    outer loop
      vertex 2.05924988 0.6137169 1.96298838
      vertex 2.05050397 0.596164525 1.962394
      vertex 2.04399085 0.599467754 1.96068609
    endloop
  endfacet
  facet normal 0.217066431 -0.0752015749 -0.973255818
    outer loop
      vertex 2.06148243 0.634572387 1.96187484
      vertex 2.06799579 0.631269217 1.96358275
      vertex 2.05924988 0.6137169 1.96298838
    endloop
  endfacet
  facet normal 0.217070015 -0.0752019145 -0.973254993
    outer loop
      vertex 2.04399085 0.599467754 1.96068609
      vertex 2.06148243 0.634572387 1.96187484
      vertex 2.05924988 0.6137169 1.96298838
    endloop
  endfacet
  facet normal 0.217070537 -0.0752002154 -0.973255007
    outer loop
      vertex 2.04399085 0.599467754 1.96068609
      vertex 2.02649903 0.564363062 1.95949721
      vertex 2.01347256 0.570969462 1.95608139
    endloop
  endfacet
  facet normal 0.217076473 -0.0752051894 -0.973253299
    outer loop
      vertex 2.04845595 0.641178787 1.9584589
      vertex 2.06148243 0.634572387 1.96187484
      vertex 2.04399085 0.599467754 1.96068609
    endloop
  endfacet
  facet normal 0.217074836 -0.0752050343 -0.973253676
    outer loop
      vertex 2.01347256 0.570969462 1.95608139
      vertex 2.04845595 0.641178787 1.9584589
      vertex 2.04399085 0.599467754 1.96068609
    endloop
  endfacet
  facet normal 0.217075936 -0.0752062672 -0.973253336
    outer loop
      vertex 2.07897425 0.669677079 1.9630636
      vertex 2.06148243 0.634572387 1.96187484
      vertex 2.04845595 0.641178787 1.9584589
    endloop
  endfacet
  facet normal 0.217079469 -0.075206709 -0.973252513
    outer loop
      vertex 2.08343959 0.711388111 1.96083641
      vertex 2.09646583 0.704781711 1.96425235
      vertex 2.07897425 0.669677079 1.9630636
    endloop
  endfacet
  facet normal 0.21707604 -0.0752063841 -0.973253303
    outer loop
      vertex 2.04845595 0.641178787 1.9584589
      vertex 2.08343959 0.711388111 1.96083641
      vertex 2.07897425 0.669677079 1.9630636
    endloop
  endfacet
  facet normal 0.217069202 -0.0752022412 -0.973255149
    outer loop
      vertex 2.27138329 1.05582833 1.9761399
      vertex 2.23639989 0.985619068 1.97376239
      vertex 2.25835681 1.06243479 1.97272408
    endloop
  endfacet
  facet normal 0.217069772 -0.0752024022 -0.973255009
    outer loop
      vertex 2.25835681 1.06243479 1.97272408
      vertex 2.22337341 0.992225409 1.97034657
      vertex 2.24533033 1.06904113 1.96930826
    endloop
  endfacet
  facet normal 0.217071976 -0.0752035115 -0.973254432
    outer loop
      vertex 1.70755208 0.0225076433 1.93022954
      vertex 1.77609766 0.160073787 1.93488801
      vertex 1.75965774 -0.00391792739 1.94389296
    endloop
  endfacet
  facet normal 0.217071431 -0.0752032482 -0.973254574
    outer loop
      vertex 1.84464324 0.297639906 1.93954647
      vertex 1.84801257 0.173403934 1.94989765
      vertex 1.77609766 0.160073787 1.93488801
    endloop
  endfacet
  facet normal 0.21707099 -0.0752031133 -0.973254683
    outer loop
      vertex 1.93636739 0.3507258 1.95590234
      vertex 1.84464324 0.297639906 1.93954647
      vertex 1.94350564 0.430550814 1.95132637
    endloop
  endfacet
  facet normal 0.217070521 -0.0752032153 -0.973254779
    outer loop
      vertex 1.97848916 0.500760138 1.95370388
      vertex 1.94350564 0.430550814 1.95132637
      vertex 1.91318882 0.435206056 1.94420493
    endloop
  endfacet
  facet normal 0.217070588 -0.0752028041 -0.973254796
    outer loop
      vertex 1.91318882 0.435206056 1.94420493
      vertex 1.94350564 0.430550814 1.95132637
      vertex 1.84464324 0.297639906 1.93954647
    endloop
  endfacet
  facet normal 0.217069162 -0.0752029738 -0.973255101
    outer loop
      vertex 1.95653212 0.423944414 1.95474219
      vertex 1.93636739 0.3507258 1.95590234
      vertex 1.94350564 0.430550814 1.95132637
    endloop
  endfacet
  facet normal 0.217069527 -0.0752023417 -0.973255069
    outer loop
      vertex 2.01347256 0.570969462 1.95608139
      vertex 1.97848916 0.500760138 1.95370388
      vertex 1.9817344 0.572772205 1.94886339
    endloop
  endfacet
  facet normal 0.217069685 -0.0752023465 -0.973255033
    outer loop
      vertex 1.91318882 0.435206056 1.94420493
      vertex 1.9817344 0.572772205 1.94886339
      vertex 1.97848916 0.500760138 1.95370388
    endloop
  endfacet
  facet normal 0.2171073 -0.0752223019 -0.9732451
    outer loop
      vertex 2.02038002 0.530249834 1.96076846
      vertex 1.99802876 0.490850568 1.95882761
      vertex 2.01552057 0.5259552 1.96001637
    endloop
  endfacet
  facet normal 0.217069747 -0.0752024533 -0.973255011
    outer loop
      vertex 1.95653212 0.423944414 1.95474219
      vertex 1.99151552 0.494153738 1.9571197
      vertex 1.99802876 0.490850568 1.95882761
    endloop
  endfacet
  facet normal 0.217071606 -0.0752036374 -0.973254505
    outer loop
      vertex 1.99802876 0.490850568 1.95882761
      vertex 1.93636739 0.3507258 1.95590234
      vertex 1.95653212 0.423944414 1.95474219
    endloop
  endfacet
  facet normal 0.21709717 -0.0752102808 -0.973248289
    outer loop
      vertex 2.01552057 0.5259552 1.96001637
      vertex 2.02426648 0.543507576 1.96061087
      vertex 2.02038002 0.530249834 1.96076846
    endloop
  endfacet
  facet normal 0.217066381 -0.0751985485 -0.973256063
    outer loop
      vertex 1.99802876 0.490850568 1.95882761
      vertex 2.02038002 0.530249834 1.96076846
      vertex 2.0247221 0.528047681 1.96190703
    endloop
  endfacet
  facet normal 0.217071072 -0.0752032646 -0.973254653
    outer loop
      vertex 1.93636739 0.3507258 1.95590234
      vertex 1.84801257 0.173403934 1.94989765
      vertex 1.84464324 0.297639906 1.93954647
    endloop
  endfacet
  facet normal 0.21707573 -0.0752054744 -0.973253443
    outer loop
      vertex 2.0247221 0.528047681 1.96190703
      vertex 1.93636739 0.3507258 1.95590234
      vertex 1.99802876 0.490850568 1.95882761
    endloop
  endfacet
  facet normal 0.217070315 -0.0752024866 -0.973254882
    outer loop
      vertex 2.03841329 0.566441119 1.96199405
      vertex 2.02038002 0.530249834 1.96076846
      vertex 2.02426648 0.543507576 1.96061087
    endloop
  endfacet
  facet normal 0.217060724 -0.0751986804 -0.973257315
    outer loop
      vertex 2.03841329 0.566441119 1.96199405
      vertex 2.03301215 0.561059892 1.96120524
      vertex 2.05050397 0.596164525 1.962394
    endloop
  endfacet
  facet normal 0.217051091 -0.0751935389 -0.97325986
    outer loop
      vertex 2.05644631 0.602632403 1.96321952
      vertex 2.05050397 0.596164525 1.962394
      vertex 2.05924988 0.6137169 1.96298838
    endloop
  endfacet
  facet normal 0.217053269 -0.0751956222 -0.973259214
    outer loop
      vertex 2.05050397 0.596164525 1.962394
      vertex 2.05644631 0.602632403 1.96321952
      vertex 2.03841329 0.566441119 1.96199405
    endloop
  endfacet
  facet normal 0.217078982 -0.0752076838 -0.973252547
    outer loop
      vertex 2.07125235 0.629617631 1.96443665
      vertex 2.06078863 0.60043031 1.96435821
      vertex 2.06250644 0.612065256 1.96384227
    endloop
  endfacet
  facet normal 0.217076928 -0.0752074019 -0.973253027
    outer loop
      vertex 2.05644631 0.602632403 1.96321952
      vertex 2.06250644 0.612065256 1.96384227
      vertex 2.06078863 0.60043031 1.96435821
    endloop
  endfacet
  facet normal 0.217058854 -0.0751954632 -0.97325798
    outer loop
      vertex 2.06250644 0.612065256 1.96384227
      vertex 2.05644631 0.602632403 1.96321952
      vertex 2.05924988 0.6137169 1.96298838
    endloop
  endfacet
  facet normal 0.217069527 -0.0752023417 -0.973255069
    outer loop
      vertex 2.04845595 0.641178787 1.9584589
      vertex 2.01347256 0.570969462 1.95608139
      vertex 1.9817344 0.572772205 1.94886339
    endloop
  endfacet
  facet normal 0.217068488 -0.0752025538 -0.973255284
    outer loop
      vertex 2.05028009 0.710338354 1.95352185
      vertex 2.08343959 0.711388111 1.96083641
      vertex 2.04845595 0.641178787 1.9584589
    endloop
  endfacet
  facet normal 0.217069748 -0.0752025669 -0.973255002
    outer loop
      vertex 1.9817344 0.572772205 1.94886339
      vertex 2.05028009 0.710338354 1.95352185
      vertex 2.04845595 0.641178787 1.9584589
    endloop
  endfacet
  facet normal 0.217073474 -0.0752051462 -0.973253971
    outer loop
      vertex 2.05028009 0.710338354 1.95352185
      vertex 2.11882567 0.847904444 1.95818019
      vertex 2.11842299 0.781597435 1.96321404
    endloop
  endfacet
  facet normal 0.217075024 -0.0752051295 -0.973253627
    outer loop
      vertex 2.11882567 0.847904444 1.95818019
      vertex 2.15340638 0.85180676 1.96559155
      vertex 2.11842299 0.781597435 1.96321404
    endloop
  endfacet
  facet normal 0.217074995 -0.0752048198 -0.973253657
    outer loop
      vertex 2.15340638 0.85180676 1.96559155
      vertex 2.11882567 0.847904444 1.95818019
      vertex 2.21034694 0.998831809 1.96693075
    endloop
  endfacet
  facet normal 0.217076963 -0.0752061129 -0.973253119
    outer loop
      vertex 2.24533033 1.06904113 1.96930826
      vertex 2.21034694 0.998831809 1.96693075
      vertex 2.18737125 0.985470593 1.96283865
    endloop
  endfacet
  facet normal 0.217076599 -0.0752058528 -0.97325322
    outer loop
      vertex 2.25591683 1.12303674 1.96749711
      vertex 2.24533033 1.06904113 1.96930826
      vertex 2.18737125 0.985470593 1.96283865
    endloop
  endfacet
  facet normal 0.21706934 -0.0752026167 -0.973255089
    outer loop
      vertex 2.15340638 0.85180676 1.96559155
      vertex 2.21034694 0.998831809 1.96693075
      vertex 2.22337341 0.992225409 1.97034657
    endloop
  endfacet
  facet normal 0.217069913 -0.0752021196 -0.973254999
    outer loop
      vertex 2.24533033 1.06904113 1.96930826
      vertex 2.28765488 1.12123406 1.97471523
      vertex 2.25835681 1.06243479 1.97272408
    endloop
  endfacet
  facet normal 0.217073706 -0.0752053087 -0.973253907
    outer loop
      vertex 2.28765488 1.12123406 1.97471523
      vertex 2.24533033 1.06904113 1.96930826
      vertex 2.25591683 1.12303674 1.96749711
    endloop
  endfacet
  facet normal 0.217076906 -0.0752060083 -0.973253139
    outer loop
      vertex 2.18737125 0.985470593 1.96283865
      vertex 2.21034694 0.998831809 1.96693075
      vertex 2.11882567 0.847904444 1.95818019
    endloop
  endfacet
  facet normal 0.217069613 -0.0752027228 -0.97325502
    outer loop
      vertex 2.22337341 0.992225409 1.97034657
      vertex 2.23639989 0.985619068 1.97376239
      vertex 2.16643286 0.84520036 1.96900737
    endloop
  endfacet
  facet normal 0.217066457 -0.0752015238 -0.973255816
    outer loop
      vertex 2.13144946 0.774991035 1.96662986
      vertex 2.10297918 0.701478541 1.96596026
      vertex 2.09646583 0.704781711 1.96425235
    endloop
  endfacet
  facet normal 0.217048094 -0.0751921471 -0.973260636
    outer loop
      vertex 2.10297918 0.701478541 1.96596026
      vertex 2.07125235 0.629617631 1.96443665
      vertex 2.08548737 0.666373849 1.96477151
    endloop
  endfacet
  facet normal 0.217059577 -0.0751966208 -0.97325773
    outer loop
      vertex 2.06799579 0.631269217 1.96358275
      vertex 2.08548737 0.666373849 1.96477151
      vertex 2.07125235 0.629617631 1.96443665
    endloop
  endfacet
  facet normal 0.217063173 -0.0751988867 -0.973256753
    outer loop
      vertex 2.14699006 0.773430645 1.97021651
      vertex 2.07125235 0.629617631 1.96443665
      vertex 2.10297918 0.701478541 1.96596026
    endloop
  endfacet
  facet normal 0.217068874 -0.0752024655 -0.973255205
    outer loop
      vertex 2.10297918 0.701478541 1.96596026
      vertex 2.13144946 0.774991035 1.96662986
      vertex 2.14699006 0.773430645 1.97021651
    endloop
  endfacet
  facet normal 0.217074661 -0.0752052829 -0.973253696
    outer loop
      vertex 2.16643286 0.84520036 1.96900737
      vertex 2.23639989 0.985619068 1.97376239
      vertex 2.23319149 0.946430981 1.97607493
    endloop
  endfacet
  facet normal 0.217076016 -0.0752055812 -0.973253371
    outer loop
      vertex 2.31939316 1.11943126 1.98193336
      vertex 2.23319149 0.946430981 1.97607493
      vertex 2.27138329 1.05582833 1.9761399
    endloop
  endfacet
  facet normal 0.217072083 -0.0752025113 -0.973254485
    outer loop
      vertex 2.28765488 1.12123406 1.97471523
      vertex 2.31939316 1.11943126 1.98193336
      vertex 2.27138329 1.05582833 1.9761399
    endloop
  endfacet
  facet normal 0.217068922 -0.0752020351 -0.973255227
    outer loop
      vertex 2.13144946 0.774991035 1.96662986
      vertex 2.16643286 0.84520036 1.96900737
      vertex 2.14699006 0.773430645 1.97021651
    endloop
  endfacet
  facet normal 0.217069394 -0.0752018564 -0.973255136
    outer loop
      vertex 2.27138329 1.05582833 1.9761399
      vertex 2.25835681 1.06243479 1.97272408
      vertex 2.28765488 1.12123406 1.97471523
    endloop
  endfacet
  facet normal 0.217080685 -0.0752082958 -0.97325212
    outer loop
      vertex 2.06078863 0.60043031 1.96435821
      vertex 2.07125235 0.629617631 1.96443665
      vertex 2.14699006 0.773430645 1.97021651
    endloop
  endfacet
  facet normal 0.217069772 -0.0752024022 -0.973255009
    outer loop
      vertex 1.99802876 0.490850568 1.95882761
      vertex 1.99151552 0.494153738 1.9571197
      vertex 2.00900722 0.52925843 1.95830846
    endloop
  endfacet
  facet normal 0.217070839 -0.0752033765 -0.973254696
    outer loop
      vertex 1.99151552 0.494153738 1.9571197
      vertex 1.94350564 0.430550814 1.95132637
      vertex 1.97848916 0.500760138 1.95370388
    endloop
  endfacet
  facet normal 0.217070146 -0.0752009991 -0.973255034
    outer loop
      vertex 2.13144946 0.774991035 1.96662986
      vertex 2.08343959 0.711388111 1.96083641
      vertex 2.11842299 0.781597435 1.96321404
    endloop
  endfacet
  facet normal 0.217069487 -0.0752023217 -0.973255079
    outer loop
      vertex 2.13144946 0.774991035 1.96662986
      vertex 2.11842299 0.781597435 1.96321404
      vertex 2.15340638 0.85180676 1.96559155
    endloop
  endfacet
  facet normal 0.217066482 -0.0752014727 -0.973255815
    outer loop
      vertex 2.06799579 0.631269217 1.96358275
      vertex 2.06148243 0.634572387 1.96187484
      vertex 2.07897425 0.669677079 1.9630636
    endloop
  endfacet
  facet normal 0.217072493 -0.0752031708 -0.973254343
    outer loop
      vertex 2.08548737 0.666373849 1.96477151
      vertex 2.07897425 0.669677079 1.9630636
      vertex 2.09646583 0.704781711 1.96425235
    endloop
  endfacet
  facet normal 0.217058989 -0.0751978007 -0.973257769
    outer loop
      vertex 2.07125235 0.629617631 1.96443665
      vertex 2.05924988 0.6137169 1.96298838
      vertex 2.06799579 0.631269217 1.96358275
    endloop
  endfacet
  facet normal 0.217073274 -0.0752016034 -0.97325429
    outer loop
      vertex 2.05050397 0.596164525 1.962394
      vertex 2.02649903 0.564363062 1.95949721
      vertex 2.04399085 0.599467754 1.96068609
    endloop
  endfacet
  facet normal 0.217069772 -0.0752024022 -0.973255009
    outer loop
      vertex 2.23639989 0.985619068 1.97376239
      vertex 2.22337341 0.992225409 1.97034657
      vertex 2.25835681 1.06243479 1.97272408
    endloop
  endfacet
  facet normal 0.217069487 -0.0752023217 -0.973255079
    outer loop
      vertex 2.22337341 0.992225409 1.97034657
      vertex 2.21034694 0.998831809 1.96693075
      vertex 2.24533033 1.06904113 1.96930826
    endloop
  endfacet
  facet normal 0.217071467 -0.0752034668 -0.973254549
    outer loop
      vertex 1.77609766 0.160073787 1.93488801
      vertex 1.84801257 0.173403934 1.94989765
      vertex 1.75965774 -0.00391792739 1.94389296
    endloop
  endfacet
  facet normal 0.217055261 -0.0751929538 -0.973258975
    outer loop
      vertex 2.03841329 0.566441119 1.96199405
      vertex 2.02426648 0.543507576 1.96061087
      vertex 2.03301215 0.561059892 1.96120524
    endloop
  endfacet
  facet normal 0.217068454 -0.0752001408 -0.973255478
    outer loop
      vertex 2.05028009 0.710338354 1.95352185
      vertex 2.11842299 0.781597435 1.96321404
      vertex 2.08343959 0.711388111 1.96083641
    endloop
  endfacet
  facet normal 0.21706934 -0.0752026167 -0.973255089
    outer loop
      vertex 2.22337341 0.992225409 1.97034657
      vertex 2.16643286 0.84520036 1.96900737
      vertex 2.15340638 0.85180676 1.96559155
    endloop
  endfacet
  facet normal 0.217070493 -0.0752024541 -0.973254844
    outer loop
      vertex 2.16643286 0.84520036 1.96900737
      vertex 2.23319149 0.946430981 1.97607493
      vertex 2.14699006 0.773430645 1.97021651
    endloop
  endfacet
  facet normal 0.217075284 -0.0752053255 -0.973253554
    outer loop
      vertex 2.23319149 0.946430981 1.97607493
      vertex 2.23639989 0.985619068 1.97376239
      vertex 2.27138329 1.05582833 1.9761399
    endloop
  endfacet
  facet normal 0.868428515 -0.440425729 0.227721522
    outer loop
      vertex 2.08877277 0.666809499 1.98602021
      vertex 2.12109828 0.731684625 1.98821712
      vertex 2.11675692 0.733188689 2.00768209
    endloop
  endfacet
  facet normal 0.868428682 -0.440425394 0.227721534
    outer loop
      vertex 2.14908242 0.798063815 2.00987911
      vertex 2.18140793 0.862938941 2.0120759
      vertex 2.14474106 0.799567878 2.02934408
    endloop
  endfacet
  facet normal 0.868427783 -0.440426228 0.227723348
    outer loop
      vertex 2.2413733 1.00371909 2.05567145
      vertex 2.30961967 1.1202507 2.02078938
      vertex 2.29984617 1.12107003 2.05964541
    endloop
  endfacet
  facet normal 0.868429042 -0.44042581 0.227719354
    outer loop
      vertex 2.17706656 0.864443004 2.03154111
      vertex 2.2413733 1.00371909 2.05567145
      vertex 2.18290043 0.886368036 2.05169773
    endloop
  endfacet
  facet normal 0.868428716 -0.440426191 0.227719863
    outer loop
      vertex 2.14474106 0.799567878 2.02934408
      vertex 2.17706656 0.864443004 2.03154111
      vertex 2.18290043 0.886368036 2.05169773
    endloop
  endfacet
  facet normal 0.86842613 -0.440427767 0.227726674
    outer loop
      vertex 2.12442732 0.769017041 2.04772377
      vertex 2.12839818 0.767885506 2.03039265
      vertex 2.14474106 0.799567878 2.02934408
    endloop
  endfacet
  facet normal 0.868427151 -0.440428467 0.22772143
    outer loop
      vertex 2.14908242 0.798063815 2.00987911
      vertex 2.14474106 0.799567878 2.02934408
      vertex 2.12839818 0.767885506 2.03039265
    endloop
  endfacet
  facet normal 0.868429175 -0.44042579 0.227718885
    outer loop
      vertex 2.17706656 0.864443004 2.03154111
      vertex 2.18140793 0.862938941 2.0120759
      vertex 2.2413733 1.00371909 2.05567145
    endloop
  endfacet
  facet normal 0.868427133 -0.44042689 0.227724549
    outer loop
      vertex 2.23319149 0.946430981 1.97607493
      vertex 2.31939316 1.11943126 1.98193336
      vertex 2.30961967 1.1202507 2.02078938
    endloop
  endfacet
  facet normal 0.868428131 -0.440426529 0.22772144
    outer loop
      vertex 2.18140793 0.862938941 2.0120759
      vertex 2.23319149 0.946430981 1.97607493
      vertex 2.30961967 1.1202507 2.02078938
    endloop
  endfacet
  facet normal 0.868428798 -0.440425434 0.227721011
    outer loop
      vertex 2.14699006 0.773430645 1.97021651
      vertex 2.18140793 0.862938941 2.0120759
      vertex 2.14908242 0.798063815 2.00987911
    endloop
  endfacet
  facet normal 0.868427831 -0.440426425 0.227722784
    outer loop
      vertex 2.2413733 1.00371909 2.05567145
      vertex 2.18140793 0.862938941 2.0120759
      vertex 2.30961967 1.1202507 2.02078938
    endloop
  endfacet
  facet normal 0.868428383 -0.440426046 0.227721413
    outer loop
      vertex 2.14908242 0.798063815 2.00987911
      vertex 2.12109828 0.731684625 1.98821712
      vertex 2.14699006 0.773430645 1.97021651
    endloop
  endfacet
  facet normal 0.868428089 -0.440425955 0.22772271
    outer loop
      vertex 2.23319149 0.946430981 1.97607493
      vertex 2.18140793 0.862938941 2.0120759
      vertex 2.14699006 0.773430645 1.97021651
    endloop
  endfacet
  facet normal 0.868427412 -0.440425739 0.227725706
    outer loop
      vertex 2.11675692 0.733188689 2.00768209
      vertex 2.14908242 0.798063815 2.00987911
      vertex 2.12839818 0.767885506 2.03039265
    endloop
  endfacet
  facet normal 0.868426364 -0.440429373 0.227722678
    outer loop
      vertex 2.11675692 0.733188689 2.00768209
      vertex 2.11387897 0.738527536 2.02898288
      vertex 2.09935951 0.709169567 2.02757311
    endloop
  endfacet
  facet normal 0.868429448 -0.440423798 0.227721697
    outer loop
      vertex 2.12839818 0.767885506 2.03039265
      vertex 2.11387897 0.738527536 2.02898288
      vertex 2.11675692 0.733188689 2.00768209
    endloop
  endfacet
  facet normal 0.868428418 -0.440425721 0.227721907
    outer loop
      vertex 2.09935951 0.709169567 2.02757311
      vertex 2.04876733 0.61717248 2.0425818
      vertex 2.05177259 0.612986922 2.02302599
    endloop
  endfacet
  facet normal 0.868428446 -0.440425767 0.227721713
    outer loop
      vertex 2.09519792 0.71035552 2.04573727
      vertex 2.04876733 0.61717248 2.0425818
      vertex 2.09935951 0.709169567 2.02757311
    endloop
  endfacet
  facet normal 0.86842884 -0.440425842 0.227720065
    outer loop
      vertex 2.08443117 0.668313563 2.0054853
      vertex 2.09935951 0.709169567 2.02757311
      vertex 2.05177259 0.612986922 2.02302599
    endloop
  endfacet
  facet normal 0.868426627 -0.440427677 0.227724955
    outer loop
      vertex 2.09935951 0.709169567 2.02757311
      vertex 2.08443117 0.668313563 2.0054853
      vertex 2.11675692 0.733188689 2.00768209
    endloop
  endfacet
  facet normal 0.868428348 -0.440426064 0.227721511
    outer loop
      vertex 2.11675692 0.733188689 2.00768209
      vertex 2.12109828 0.731684625 1.98821712
      vertex 2.14908242 0.798063815 2.00987911
    endloop
  endfacet
  facet normal 0.868427132 -0.440428096 0.227722217
    outer loop
      vertex 2.08877277 0.666809499 1.98602021
      vertex 2.05477786 0.608801365 2.00346994
      vertex 2.05778313 0.604615808 1.98391414
    endloop
  endfacet
  facet normal 0.868428543 -0.440425965 0.227720959
    outer loop
      vertex 2.06078863 0.60043031 1.96435821
      vertex 2.14699006 0.773430645 1.97021651
      vertex 2.08877277 0.666809499 1.98602021
    endloop
  endfacet
  facet normal 0.868425464 -0.440427518 0.227729695
    outer loop
      vertex 2.05778313 0.604615808 1.98391414
      vertex 2.06078863 0.60043031 1.96435821
      vertex 2.08877277 0.666809499 1.98602021
    endloop
  endfacet
  facet normal 0.868426451 -0.440425275 0.227730269
    outer loop
      vertex 2.08443117 0.668313563 2.0054853
      vertex 2.05477786 0.608801365 2.00346994
      vertex 2.08877277 0.666809499 1.98602021
    endloop
  endfacet
  facet normal 0.8684289 -0.440426123 0.227719291
    outer loop
      vertex 2.05477786 0.608801365 2.00346994
      vertex 2.08443117 0.668313563 2.0054853
      vertex 2.05177259 0.612986922 2.02302599
    endloop
  endfacet
  facet normal 0.868425457 -0.440427272 0.227730202
    outer loop
      vertex 2.08877277 0.666809499 1.98602021
      vertex 2.11675692 0.733188689 2.00768209
      vertex 2.08443117 0.668313563 2.0054853
    endloop
  endfacet
  facet normal 0.868428937 -0.440426268 0.227718869
    outer loop
      vertex 2.18140793 0.862938941 2.0120759
      vertex 2.17706656 0.864443004 2.03154111
      vertex 2.14474106 0.799567878 2.02934408
    endloop
  endfacet
  facet normal 0.868426166 -0.440427114 0.227727799
    outer loop
      vertex 2.14474106 0.799567878 2.02934408
      vertex 2.18290043 0.886368036 2.05169773
      vertex 2.12442732 0.769017041 2.04772377
    endloop
  endfacet
  facet normal 0.868428355 -0.440425673 0.227722239
    outer loop
      vertex 2.14699006 0.773430645 1.97021651
      vertex 2.12109828 0.731684625 1.98821712
      vertex 2.08877277 0.666809499 1.98602021
    endloop
  endfacet
  facet normal -0.21708422 0.0752140613 0.973250886
    outer loop
      vertex 2.13344526 0.852614403 2.04327559
      vertex 2.12041903 0.859220803 2.03985953
      vertex 2.09702754 0.812276065 2.03827
    endloop
  endfacet
  facet normal -0.217070201 0.07520089 0.97325503
    outer loop
      vertex 2.14647174 0.846008003 2.04669142
      vertex 2.13344526 0.852614403 2.04327559
      vertex 2.12308049 0.799063265 2.04510164
    endloop
  endfacet
  facet normal -0.217074062 0.0752044058 0.973253897
    outer loop
      vertex 2.09702754 0.812276065 2.03827
      vertex 2.06060982 0.771937668 2.0332644
      vertex 2.07656431 0.771207511 2.0368793
    endloop
  endfacet
  facet normal -0.217070747 0.0751997932 0.973254993
    outer loop
      vertex 2.09702754 0.812276065 2.03827
      vertex 2.09251857 0.770477355 2.04049397
      vertex 2.11005402 0.805669665 2.04168582
    endloop
  endfacet
  facet normal -0.217063624 0.0751991122 0.973256634
    outer loop
      vertex 2.09251857 0.770477355 2.04049397
      vertex 2.09702754 0.812276065 2.03827
      vertex 2.07656431 0.771207511 2.0368793
    endloop
  endfacet
  facet normal -0.217075097 0.0752053781 0.973253591
    outer loop
      vertex 2.11919641 0.88951695 2.03724599
      vertex 2.06060982 0.771937668 2.0332644
      vertex 2.09702754 0.812276065 2.03827
    endloop
  endfacet
  facet normal -0.217063255 0.0751998515 0.97325666
    outer loop
      vertex 2.12041903 0.859220803 2.03985953
      vertex 2.17778325 1.00709617 2.04122758
      vertex 2.11919641 0.88951695 2.03724599
    endloop
  endfacet
  facet normal -0.217073493 0.0752045261 0.973254015
    outer loop
      vertex 2.26810789 1.12287271 2.05242729
      vertex 2.23636985 1.12467551 2.04520917
      vertex 2.17778325 1.00709617 2.04122758
    endloop
  endfacet
  facet normal -0.217086735 0.075209015 0.973250715
    outer loop
      vertex 2.12041903 0.859220803 2.03985953
      vertex 2.13344526 0.852614403 2.04327559
      vertex 2.17778325 1.00709617 2.04122758
    endloop
  endfacet
  facet normal -0.217071576 0.0752047137 0.973254428
    outer loop
      vertex 2.13344526 0.852614403 2.04327559
      vertex 2.2413733 1.00371909 2.05567145
      vertex 2.17778325 1.00709617 2.04122758
    endloop
  endfacet
  facet normal -0.217069928 0.0752014373 0.973255049
    outer loop
      vertex 2.11005402 0.805669665 2.04168582
      vertex 2.10847306 0.769747198 2.04410887
      vertex 2.12308049 0.799063265 2.04510164
    endloop
  endfacet
  facet normal -0.21707831 0.0752050028 0.973252904
    outer loop
      vertex 2.14647174 0.846008003 2.04669142
      vertex 2.12308049 0.799063265 2.04510164
      vertex 2.12442732 0.769017041 2.04772377
    endloop
  endfacet
  facet normal -0.21707711 0.0752050794 0.973253166
    outer loop
      vertex 2.10847306 0.769747198 2.04410887
      vertex 2.12442732 0.769017041 2.04772377
      vertex 2.12308049 0.799063265 2.04510164
    endloop
  endfacet
  facet normal -0.217071687 0.0752030676 0.973254531
    outer loop
      vertex 2.26810789 1.12287271 2.05242729
      vertex 2.17778325 1.00709617 2.04122758
      vertex 2.2413733 1.00371909 2.05567145
    endloop
  endfacet
  facet normal -0.217069751 0.0752017928 0.973255061
    outer loop
      vertex 2.13344526 0.852614403 2.04327559
      vertex 2.14647174 0.846008003 2.04669142
      vertex 2.18290043 0.886368036 2.05169773
    endloop
  endfacet
  facet normal -0.217071687 0.0752047952 0.973254397
    outer loop
      vertex 2.18290043 0.886368036 2.05169773
      vertex 2.2413733 1.00371909 2.05567145
      vertex 2.13344526 0.852614403 2.04327559
    endloop
  endfacet
  facet normal -0.217072303 0.0752032019 0.973254383
    outer loop
      vertex 2.26810789 1.12287271 2.05242729
      vertex 2.2413733 1.00371909 2.05567145
      vertex 2.29984617 1.12107003 2.05964541
    endloop
  endfacet
  facet normal -0.217070951 0.0752029198 0.973254706
    outer loop
      vertex 2.18290043 0.886368036 2.05169773
      vertex 2.14647174 0.846008003 2.04669142
      vertex 2.12442732 0.769017041 2.04772377
    endloop
  endfacet
  facet normal -0.217074234 0.0752015613 0.973254079
    outer loop
      vertex 2.11005402 0.805669665 2.04168582
      vertex 2.09251857 0.770477355 2.04049397
      vertex 2.10847306 0.769747198 2.04410887
    endloop
  endfacet
  facet normal -0.217070201 0.07520089 0.97325503
    outer loop
      vertex 2.13344526 0.852614403 2.04327559
      vertex 2.09702754 0.812276065 2.03827
      vertex 2.11005402 0.805669665 2.04168582
    endloop
  endfacet
  facet normal -0.217070201 0.07520089 0.97325503
    outer loop
      vertex 2.13344526 0.852614403 2.04327559
      vertex 2.11005402 0.805669665 2.04168582
      vertex 2.12308049 0.799063265 2.04510164
    endloop
  endfacet
  facet normal -0.217056939 0.0752002254 0.973258039
    outer loop
      vertex 2.11919641 0.88951695 2.03724599
      vertex 2.09702754 0.812276065 2.03827
      vertex 2.12041903 0.859220803 2.03985953
    endloop
  endfacet
  facet normal 0.0581617031 0.998286528 -0.00642058832
    outer loop
      vertex 2.28765488 1.12123406 1.97471523
      vertex 2.24614334 1.12385607 2.00635314
      vertex 2.26810789 1.12287271 2.05242729
    endloop
  endfacet
  facet normal 0.0581658937 0.998286271 -0.00642259155
    outer loop
      vertex 2.26810789 1.12287271 2.05242729
      vertex 2.24614334 1.12385607 2.00635314
      vertex 2.23636985 1.12467551 2.04520917
    endloop
  endfacet
  facet normal 0.0581612912 0.998286552 -0.00642069242
    outer loop
      vertex 2.30961967 1.1202507 2.02078938
      vertex 2.26810789 1.12287271 2.05242729
      vertex 2.29984617 1.12107003 2.05964541
    endloop
  endfacet
  facet normal 0.0581654817 0.998286294 -0.00642269566
    outer loop
      vertex 2.28765488 1.12123406 1.97471523
      vertex 2.30961967 1.1202507 2.02078938
      vertex 2.31939316 1.11943126 1.98193336
    endloop
  endfacet
  facet normal 0.0581617031 0.998286528 -0.00642058832
    outer loop
      vertex 2.28765488 1.12123406 1.97471523
      vertex 2.25591683 1.12303674 1.96749711
      vertex 2.24614334 1.12385607 2.00635314
    endloop
  endfacet
  facet normal 0.0581612912 0.998286552 -0.00642069242
    outer loop
      vertex 2.30961967 1.1202507 2.02078938
      vertex 2.28765488 1.12123406 1.97471523
      vertex 2.26810789 1.12287271 2.05242729
    endloop
  endfacet
endsolid c28
