solid beam
  facet normal 0.8067973032922753 -0.009685030056310993 -0.5907489412543375
    outer loop
      vertex 5.144516468048096 1.1937874555587769 0.7980753183364868
      vertex 5.1674957275390625 1.1628847122192383 0.8299651741981506
      vertex 5.143239498138428 1.1338058710098267 0.7973147034645081
    endloop
  endfacet
  facet normal 0.8067975506828459 -0.009685626767750331 -0.5907485936049927
    outer loop
      vertex 5.143239498138428 1.1338058710098267 0.7973147034645081
      vertex 5.1674957275390625 1.1628847122192383 0.8299651741981506
      vertex 5.1668572425842285 1.1328939199447632 0.8295848965644836
    endloop
  endfacet
  facet normal 0.8067975586201996 -0.009684452757760467 -0.5907486020121151
    outer loop
      vertex 5.120260238647461 1.1647087335586548 0.7654248476028442
      vertex 5.143239498138428 1.1338058710098267 0.7973147034645081
      vertex 5.119621753692627 1.1347179412841797 0.7650445103645325
    endloop
  endfacet
  facet normal 0.8067975336393914 -0.009685626109626281 -0.5907486168923798
    outer loop
      vertex 5.144516468048096 1.1937874555587769 0.7980753183364868
      vertex 5.120260238647461 1.1647087335586548 0.7654248476028442
      vertex 5.120898723602295 1.1946995258331299 0.7658051252365112
    endloop
  endfacet
  facet normal 0.8067970309221938 -0.009685606697473476 -0.5907493037812525
    outer loop
      vertex 5.144516468048096 1.1937874555587769 0.7980753183364868
      vertex 5.1681342124938965 1.1928755044937134 0.8303454518318176
      vertex 5.1674957275390625 1.1628847122192383 0.8299651741981506
    endloop
  endfacet
  facet normal 0.8067972862498508 -0.009685029398203844 -0.5907489645402961
    outer loop
      vertex 5.120260238647461 1.1647087335586548 0.7654248476028442
      vertex 5.144516468048096 1.1937874555587769 0.7980753183364868
      vertex 5.143239498138428 1.1338058710098267 0.7973147034645081
    endloop
  endfacet
  facet normal 0.021282247174671722 0.9996931549989898 0.012675243720017992
    outer loop
      vertex 4.994386672973633 1.195799469947815 0.891481876373291
      vertex 5.065515518188477 1.1949455738067627 0.8394002318382263
      vertex 5.057642936706543 1.1952495574951172 0.8286435008049011
    endloop
  endfacet
  facet normal 0.021288615139169798 0.9996929380906439 0.012681655931006708
    outer loop
      vertex 4.994386672973633 1.195799469947815 0.891481876373291
      vertex 5.057642936706543 1.1952495574951172 0.8286435008049011
      vertex 4.986514091491699 1.196103572845459 0.8807251453399658
    endloop
  endfacet
  facet normal 0.021283430634788384 0.9996931407905488 0.012674377173731351
    outer loop
      vertex 5.010132312774658 1.195191502571106 0.9129953384399414
      vertex 5.081260681152344 1.1943374872207642 0.8609136939048767
      vertex 5.07338809967041 1.1946414709091187 0.8501569628715515
    endloop
  endfacet
  facet normal 0.021282888351141765 0.9996931592583876 0.012673831126250437
    outer loop
      vertex 5.010132312774658 1.195191502571106 0.9129953384399414
      vertex 5.07338809967041 1.1946414709091187 0.8501569628715515
      vertex 5.002259254455566 1.1954954862594604 0.9022386074066162
    endloop
  endfacet
  facet normal 0.021283471002484934 0.9996931394157758 0.012674417821608639
    outer loop
      vertex 5.018004894256592 1.1948875188827515 0.9237520694732666
      vertex 5.089133262634277 1.1940335035324097 0.8716703653335571
      vertex 5.081260681152344 1.1943374872207642 0.8609136939048767
    endloop
  endfacet
  facet normal 0.021283430634788384 0.9996931407905488 0.012674377173731351
    outer loop
      vertex 5.018004894256592 1.1948875188827515 0.9237520694732666
      vertex 5.081260681152344 1.1943374872207642 0.8609136939048767
      vertex 5.010132312774658 1.195191502571106 0.9129953384399414
    endloop
  endfacet
  facet normal 0.021283430634788384 0.9996931407905488 0.012674377173731351
    outer loop
      vertex 4.867875099182129 1.1968995332717896 1.0171586275100708
      vertex 4.9390034675598145 1.1960455179214478 0.9650769829750061
      vertex 4.931130886077881 1.1963495016098022 0.9543202519416809
    endloop
  endfacet
  facet normal 0.021283430634788384 0.9996931407905488 0.012674377173731351
    outer loop
      vertex 4.867875099182129 1.1968995332717896 1.0171586275100708
      vertex 4.931130886077881 1.1963495016098022 0.9543202519416809
      vertex 4.860002517700195 1.197203516960144 1.0064018964767456
    endloop
  endfacet
  facet normal 0.021282888351141765 0.9996931592583876 0.012673831126250437
    outer loop
      vertex 4.9390034675598145 1.1960455179214478 0.9650769829750061
      vertex 5.010132312774658 1.195191502571106 0.9129953384399414
      vertex 5.002259254455566 1.1954954862594604 0.9022386074066162
    endloop
  endfacet
  facet normal 0.021283430634788384 0.9996931407905488 0.012674377173731351
    outer loop
      vertex 4.9390034675598145 1.1960455179214478 0.9650769829750061
      vertex 5.002259254455566 1.1954954862594604 0.9022386074066162
      vertex 4.931130886077881 1.1963495016098022 0.9543202519416809
    endloop
  endfacet
  facet normal 0.021283384197617047 0.9996931413481069 0.01267441117568813
    outer loop
      vertex 4.717745304107666 1.1989115476608276 1.110565185546875
      vertex 4.7256178855896 1.1986075639724731 1.1213219165802002
      vertex 4.867875099182129 1.1968995332717896 1.0171586275100708
    endloop
  endfacet
  facet normal 0.021283384197617047 0.9996931413481069 0.01267441117568813
    outer loop
      vertex 4.717745304107666 1.1989115476608276 1.110565185546875
      vertex 4.867875099182129 1.1968995332717896 1.0171586275100708
      vertex 4.860002517700195 1.197203516960144 1.0064018964767456
    endloop
  endfacet
  facet normal 0.021283384197617047 0.9996931413481069 0.01267441117568813
    outer loop
      vertex 4.860002517700195 1.197203516960144 1.0064018964767456
      vertex 4.852129936218262 1.1975075006484985 0.9956451654434204
      vertex 4.709872722625732 1.1992155313491821 1.0998084545135498
    endloop
  endfacet
  facet normal 0.021283384197617047 0.9996931413481069 0.01267441117568813
    outer loop
      vertex 4.860002517700195 1.197203516960144 1.0064018964767456
      vertex 4.709872722625732 1.1992155313491821 1.0998084545135498
      vertex 4.717745304107666 1.1989115476608276 1.110565185546875
    endloop
  endfacet
  facet normal 0.02128868900344388 0.9996929354215535 0.012681742338977413
    outer loop
      vertex 4.58336067199707 1.2003154754638672 1.2254852056503296
      vertex 4.654489517211914 1.1994614601135254 1.1734035015106201
      vertex 4.6466169357299805 1.1997655630111694 1.1626468896865845
    endloop
  endfacet
  facet normal 0.021282333130218323 0.9996931539670931 0.012675180782149405
    outer loop
      vertex 4.654489517211914 1.1994614601135254 1.1734035015106201
      vertex 4.7256178855896 1.1986075639724731 1.1213219165802002
      vertex 4.717745304107666 1.1989115476608276 1.110565185546875
    endloop
  endfacet
  facet normal 0.021288781900533117 0.9996929343061761 0.012681674317642642
    outer loop
      vertex 4.654489517211914 1.1994614601135254 1.1734035015106201
      vertex 4.717745304107666 1.1989115476608276 1.110565185546875
      vertex 4.6466169357299805 1.1997655630111694 1.1626468896865845
    endloop
  endfacet
  facet normal 0.021282895264065394 0.9996931591753907 0.0126738260642032
    outer loop
      vertex 4.354229927062988 1.2034856081008911 1.360216736793518
      vertex 4.425358772277832 1.2026315927505493 1.3081350326538086
      vertex 4.41748571395874 1.2029355764389038 1.2973783016204834
    endloop
  endfacet
  facet normal 0.021283437548185985 0.9996931407075414 0.012674372111643375
    outer loop
      vertex 4.354229927062988 1.2034856081008911 1.360216736793518
      vertex 4.41748571395874 1.2029355764389038 1.2973783016204834
      vertex 4.346357345581055 1.2037895917892456 1.3494600057601929
    endloop
  endfacet
  facet normal 0.021283344674052827 0.9996931418226528 0.012674440115403461
    outer loop
      vertex 4.3699750900268555 1.2028775215148926 1.3817301988601685
      vertex 4.441103935241699 1.2020235061645508 1.329648494720459
      vertex 4.433231353759766 1.2023274898529053 1.3188917636871338
    endloop
  endfacet
  facet normal 0.021283344674052827 0.9996931418226528 0.012674440115403461
    outer loop
      vertex 4.3699750900268555 1.2028775215148926 1.3817301988601685
      vertex 4.433231353759766 1.2023274898529053 1.3188917636871338
      vertex 4.362102508544922 1.203181505203247 1.3709734678268433
    endloop
  endfacet
  facet normal 0.02128862205650708 0.9996929380075901 0.012681650866033142
    outer loop
      vertex 4.362102508544922 1.203181505203247 1.3709734678268433
      vertex 4.433231353759766 1.2023274898529053 1.3188917636871338
      vertex 4.425358772277832 1.2026315927505493 1.3081350326538086
    endloop
  endfacet
  facet normal 0.02128862205650708 0.9996929380075901 0.012681650866033142
    outer loop
      vertex 4.362102508544922 1.203181505203247 1.3709734678268433
      vertex 4.425358772277832 1.2026315927505493 1.3081350326538086
      vertex 4.354229927062988 1.2034856081008911 1.360216736793518
    endloop
  endfacet
  facet normal 0.021283344674052827 0.9996931418226528 0.012674440115403461
    outer loop
      vertex 4.377847671508789 1.202573537826538 1.3924869298934937
      vertex 4.448976516723633 1.2017195224761963 1.3404052257537842
      vertex 4.441103935241699 1.2020235061645508 1.329648494720459
    endloop
  endfacet
  facet normal 0.021283344674052827 0.9996931418226528 0.012674440115403461
    outer loop
      vertex 4.377847671508789 1.202573537826538 1.3924869298934937
      vertex 4.441103935241699 1.2020235061645508 1.329648494720459
      vertex 4.3699750900268555 1.2028775215148926 1.3817301988601685
    endloop
  endfacet
  facet normal 0.021284461634490933 0.9996931056775169 0.012675415329319607
    outer loop
      vertex 5.057642936706543 1.1952495574951172 0.8286435008049011
      vertex 5.120898723602295 1.1946995258331299 0.7658051252365112
      vertex 5.043149948120117 1.195633053779602 0.8227341771125793
    endloop
  endfacet
  facet normal 0.02128431354297 0.9996931042264778 0.012675778438935229
    outer loop
      vertex 4.986514091491699 1.196103572845459 0.8807251453399658
      vertex 5.057642936706543 1.1952495574951172 0.8286435008049011
      vertex 5.043149948120117 1.195633053779602 0.8227341771125793
    endloop
  endfacet
  facet normal 0.02128576550563481 0.9996930553256699 0.012677196869435543
    outer loop
      vertex 4.986514091491699 1.196103572845459 0.8807251453399658
      vertex 5.043149948120117 1.195633053779602 0.8227341771125793
      vertex 4.9654011726379395 1.1965665817260742 0.8796632289886475
    endloop
  endfacet
  facet normal 0.021283430634788384 0.9996931407905488 0.012674377173731351
    outer loop
      vertex 5.065515518188477 1.1949455738067627 0.8394002318382263
      vertex 5.120898723602295 1.1946995258331299 0.7658051252365112
      vertex 5.057642936706543 1.1952495574951172 0.8286435008049011
    endloop
  endfacet
  facet normal 0.021288387225061538 0.9996930812591086 0.0126707478873558
    outer loop
      vertex 4.984994411468506 1.1958590745925903 0.9025593400001526
      vertex 5.002259254455566 1.1954954862594604 0.9022386074066162
      vertex 4.994386672973633 1.195799469947815 0.891481876373291
    endloop
  endfacet
  facet normal 0.021295395527027083 0.9996928566458483 0.01267669123278022
    outer loop
      vertex 4.984994411468506 1.1958590745925903 0.9025593400001526
      vertex 4.994386672973633 1.195799469947815 0.891481876373291
      vertex 4.986514091491699 1.196103572845459 0.8807251453399658
    endloop
  endfacet
  facet normal 0.021285824620719457 0.9996930688956015 0.01267602746566395
    outer loop
      vertex 4.986514091491699 1.196103572845459 0.8807251453399658
      vertex 4.9654011726379395 1.1965665817260742 0.8796632289886475
      vertex 4.984994411468506 1.1958590745925903 0.9025593400001526
    endloop
  endfacet
  facet normal 0.0212875245534847 0.999692951183969 0.01268245447345984
    outer loop
      vertex 5.07338809967041 1.1946414709091187 0.8501569628715515
      vertex 5.065515518188477 1.1949455738067627 0.8394002318382263
      vertex 4.994386672973633 1.195799469947815 0.891481876373291
    endloop
  endfacet
  facet normal 0.021283337760648283 0.9996931419056594 0.012674445177496496
    outer loop
      vertex 5.07338809967041 1.1946414709091187 0.8501569628715515
      vertex 4.994386672973633 1.195799469947815 0.891481876373291
      vertex 5.002259254455566 1.1954954862594604 0.9022386074066162
    endloop
  endfacet
  facet normal 0.021285916829449702 0.9996930641309404 0.012676248389059742
    outer loop
      vertex 5.144516468048096 1.1937874555587769 0.7980753183364868
      vertex 5.120898723602295 1.1946995258331299 0.7658051252365112
      vertex 5.065515518188477 1.1949455738067627 0.8394002318382263
    endloop
  endfacet
  facet normal 0.021285755226676834 0.9996930569493427 0.012677086089018666
    outer loop
      vertex 4.852129936218262 1.1975075006484985 0.9956451654434204
      vertex 4.83595609664917 1.1981207132339478 0.9744453430175781
      vertex 4.763509273529053 1.1989905834197998 1.0274924039840698
    endloop
  endfacet
  facet normal 0.02128574853661004 0.9996930570270373 0.012677091195274185
    outer loop
      vertex 4.852129936218262 1.1975075006484985 0.9956451654434204
      vertex 4.908402919769287 1.1972508430480957 0.9213983416557312
      vertex 4.83595609664917 1.1981207132339478 0.9744453430175781
    endloop
  endfacet
  facet normal 0.021288613948162536 0.9996929193418538 0.01268313580815074
    outer loop
      vertex 4.958238124847412 1.1961382627487183 0.9254639148712158
      vertex 5.002259254455566 1.1954954862594604 0.9022386074066162
      vertex 4.984994411468506 1.1958590745925903 0.9025593400001526
    endloop
  endfacet
  facet normal 0.02128366593790743 0.9996931379652793 0.012674204881442198
    outer loop
      vertex 4.860002517700195 1.197203516960144 1.0064018964767456
      vertex 4.931482315063477 1.1964174509048462 0.948368489742279
      vertex 4.852129936218262 1.1975075006484985 0.9956451654434204
    endloop
  endfacet
  facet normal 0.021286153215918594 0.9996930344173536 0.012678194614868021
    outer loop
      vertex 4.763509273529053 1.1989905834197998 1.0274924039840698
      vertex 4.709872722625732 1.1992155313491821 1.0998084545135498
      vertex 4.852129936218262 1.1975075006484985 0.9956451654434204
    endloop
  endfacet
  facet normal 0.02128341401168241 0.9996931185055363 0.012676162695510763
    outer loop
      vertex 4.709872722625732 1.1992155313491821 1.0998084545135498
      vertex 4.763509273529053 1.1989905834197998 1.0274924039840698
      vertex 4.6910624504089355 1.1998603343963623 1.080539345741272
    endloop
  endfacet
  facet normal 0.021285085101349976 0.9996930775300117 0.012676588295058171
    outer loop
      vertex 4.931482315063477 1.1964174509048462 0.948368489742279
      vertex 4.908402919769287 1.1972508430480957 0.9213983416557312
      vertex 4.852129936218262 1.1975075006484985 0.9956451654434204
    endloop
  endfacet
  facet normal 0.021277335889956298 0.9996933321837728 0.012669513200239181
    outer loop
      vertex 4.931482315063477 1.1964174509048462 0.948368489742279
      vertex 4.931130886077881 1.1963495016098022 0.9543202519416809
      vertex 4.958238124847412 1.1961382627487183 0.9254639148712158
    endloop
  endfacet
  facet normal 0.021283430634788384 0.9996931407905488 0.012674377173731351
    outer loop
      vertex 5.081260681152344 1.1943374872207642 0.8609136939048767
      vertex 5.144516468048096 1.1937874555587769 0.7980753183364868
      vertex 5.07338809967041 1.1946414709091187 0.8501569628715515
    endloop
  endfacet
  facet normal 0.021288708036332916 0.999692936975257 0.012681587910371422
    outer loop
      vertex 5.065515518188477 1.1949455738067627 0.8394002318382263
      vertex 5.07338809967041 1.1946414709091187 0.8501569628715515
      vertex 5.144516468048096 1.1937874555587769 0.7980753183364868
    endloop
  endfacet
  facet normal 0.021283471002484934 0.9996931394157758 0.012674417821608639
    outer loop
      vertex 5.089133262634277 1.1940335035324097 0.8716703653335571
      vertex 5.144516468048096 1.1937874555587769 0.7980753183364868
      vertex 5.081260681152344 1.1943374872207642 0.8609136939048767
    endloop
  endfacet
  facet normal 0.021286102978231383 0.9996930190667607 0.012679489310901796
    outer loop
      vertex 5.082780361175537 1.193900227546692 0.8928434252738953
      vertex 5.1681342124938965 1.1928755044937134 0.8303454518318176
      vertex 5.089133262634277 1.1940335035324097 0.8716703653335571
    endloop
  endfacet
  facet normal 0.021283439481722326 0.9996931403876307 0.012674394097729594
    outer loop
      vertex 5.144516468048096 1.1937874555587769 0.7980753183364868
      vertex 5.089133262634277 1.1940335035324097 0.8716703653335571
      vertex 5.1681342124938965 1.1928755044937134 0.8303454518318176
    endloop
  endfacet
  facet normal 0.021286740743047396 0.9996930131462992 0.012678885400984947
    outer loop
      vertex 5.089133262634277 1.1940335035324097 0.8716703653335571
      vertex 5.018004894256592 1.1948875188827515 0.9237520694732666
      vertex 4.9974260330200195 1.19492506980896 0.9553413987159729
    endloop
  endfacet
  facet normal 0.021287739031235202 0.9996929780065222 0.012679979944338818
    outer loop
      vertex 5.089133262634277 1.1940335035324097 0.8716703653335571
      vertex 4.9974260330200195 1.19492506980896 0.9553413987159729
      vertex 5.082780361175537 1.193900227546692 0.8928434252738953
    endloop
  endfacet
  facet normal 0.021283337760648283 0.9996931419056594 0.012674445177496496
    outer loop
      vertex 5.010132312774658 1.195191502571106 0.9129953384399414
      vertex 4.9390034675598145 1.1960455179214478 0.9650769829750061
      vertex 5.018004894256592 1.1948875188827515 0.9237520694732666
    endloop
  endfacet
  facet normal 0.02127998476732508 0.9996932738281521 0.012669668940175077
    outer loop
      vertex 4.860002517700195 1.197203516960144 1.0064018964767456
      vertex 4.931130886077881 1.1963495016098022 0.9543202519416809
      vertex 4.931482315063477 1.1964174509048462 0.948368489742279
    endloop
  endfacet
  facet normal 0.021284441170985043 0.9996931017694367 0.012675757911918974
    outer loop
      vertex 4.912071704864502 1.195949912071228 1.0178394317626953
      vertex 4.9390034675598145 1.1960455179214478 0.9650769829750061
      vertex 4.867875099182129 1.1968995332717896 1.0171586275100708
    endloop
  endfacet
  facet normal 0.021287134608285137 0.9996930015051406 0.012679141998241172
    outer loop
      vertex 4.912071704864502 1.195949912071228 1.0178394317626953
      vertex 4.9974260330200195 1.19492506980896 0.9553413987159729
      vertex 5.018004894256592 1.1948875188827515 0.9237520694732666
    endloop
  endfacet
  facet normal 0.021283872173862923 0.9996931175659952 0.012675467504904593
    outer loop
      vertex 4.9390034675598145 1.1960455179214478 0.9650769829750061
      vertex 4.912071704864502 1.195949912071228 1.0178394317626953
      vertex 5.018004894256592 1.1948875188827515 0.9237520694732666
    endloop
  endfacet
  facet normal 0.02128441626922582 0.9996930821477465 0.012677347120647019
    outer loop
      vertex 4.912071704864502 1.195949912071228 1.0178394317626953
      vertex 4.867875099182129 1.1968995332717896 1.0171586275100708
      vertex 4.826717376708984 1.1969746351242065 1.080337405204773
    endloop
  endfacet
  facet normal 0.021286022893115094 0.9996930394505026 0.012678016548719839
    outer loop
      vertex 4.867875099182129 1.1968995332717896 1.0171586275100708
      vertex 4.7256178855896 1.1986075639724731 1.1213219165802002
      vertex 4.741363048553467 1.1979994773864746 1.1428353786468506
    endloop
  endfacet
  facet normal 0.021287084222753785 0.9996930032977859 0.01267908524880746
    outer loop
      vertex 4.867875099182129 1.1968995332717896 1.0171586275100708
      vertex 4.741363048553467 1.1979994773864746 1.1428353786468506
      vertex 4.826717376708984 1.1969746351242065 1.080337405204773
    endloop
  endfacet
  facet normal 0.021285452662176522 0.9996930627085133 0.012677139955004382
    outer loop
      vertex 4.931130886077881 1.1963495016098022 0.9543202519416809
      vertex 5.002259254455566 1.1954954862594604 0.9022386074066162
      vertex 4.958238124847412 1.1961382627487183 0.9254639148712158
    endloop
  endfacet
  facet normal 0.021283188626689677 0.9996931436962361 0.01267455437549943
    outer loop
      vertex 4.709872722625732 1.1992155313491821 1.0998084545135498
      vertex 4.6404619216918945 1.199947476387024 1.1586320400238037
      vertex 4.717745304107666 1.1989115476608276 1.110565185546875
    endloop
  endfacet
  facet normal 0.021284681935334462 0.9996930895524888 0.01267631712726683
    outer loop
      vertex 4.6404619216918945 1.199947476387024 1.1586320400238037
      vertex 4.709872722625732 1.1992155313491821 1.0998084545135498
      vertex 4.61861515045166 1.2007302045822144 1.1335864067077637
    endloop
  endfacet
  facet normal 0.02128103351414341 0.9996932335257216 0.012671087382582578
    outer loop
      vertex 4.6466169357299805 1.1997655630111694 1.1626468896865845
      vertex 4.717745304107666 1.1989115476608276 1.110565185546875
      vertex 4.6404619216918945 1.199947476387024 1.1586320400238037
    endloop
  endfacet
  facet normal 0.02129066599454808 0.9996928347079113 0.012686361778266944
    outer loop
      vertex 4.6466169357299805 1.1997655630111694 1.1626468896865845
      vertex 4.612711429595947 1.2002313137054443 1.1828467845916748
      vertex 4.5849609375 1.2005150318145752 1.2070614099502563
    endloop
  endfacet
  facet normal 0.02128131464664627 0.999693233004096 0.01267065636534963
    outer loop
      vertex 4.6466169357299805 1.1997655630111694 1.1626468896865845
      vertex 4.6404619216918945 1.199947476387024 1.1586320400238037
      vertex 4.612711429595947 1.2002313137054443 1.1828467845916748
    endloop
  endfacet
  facet normal 0.021283782789660467 0.9996931025471962 0.012676802030620568
    outer loop
      vertex 4.6466169357299805 1.1997655630111694 1.1626468896865845
      vertex 4.5849609375 1.2005150318145752 1.2070614099502563
      vertex 4.58336067199707 1.2003154754638672 1.2254852056503296
    endloop
  endfacet
  facet normal 0.02128560798403323 0.9996930442462701 0.01267833500011453
    outer loop
      vertex 4.5849609375 1.2005150318145752 1.2070614099502563
      vertex 4.558967590332031 1.2014464139938354 1.1772615909576416
      vertex 4.487268924713135 1.2023072242736816 1.2297608852386475
    endloop
  endfacet
  facet normal 0.0212843035960659 0.9996931105802997 0.012675294028732879
    outer loop
      vertex 4.61861515045166 1.2007302045822144 1.1335864067077637
      vertex 4.709872722625732 1.1992155313491821 1.0998084545135498
      vertex 4.6910624504089355 1.1998603343963623 1.080539345741272
    endloop
  endfacet
  facet normal 0.02128239750637052 0.999693165405241 0.012674170522372737
    outer loop
      vertex 4.41748571395874 1.2029355764389038 1.2973783016204834
      vertex 4.487268924713135 1.2023072242736816 1.2297608852386475
      vertex 4.41556978225708 1.2031680345535278 1.2822600603103638
    endloop
  endfacet
  facet normal 0.021285456998155008 0.9996930500773701 0.012678128701999192
    outer loop
      vertex 4.346357345581055 1.2037895917892456 1.3494600057601929
      vertex 4.343871116638184 1.2040289640426636 1.33475923538208
      vertex 4.272172451019287 1.2048897743225098 1.387258529663086
    endloop
  endfacet
  facet normal 0.021286916629896263 0.9996930221342132 0.012677881390640402
    outer loop
      vertex 4.41556978225708 1.2031680345535278 1.2822600603103638
      vertex 4.343871116638184 1.2040289640426636 1.33475923538208
      vertex 4.346357345581055 1.2037895917892456 1.3494600057601929
    endloop
  endfacet
  facet normal 0.021283214088758225 0.9996931493358627 0.012674066789967041
    outer loop
      vertex 4.41556978225708 1.2031680345535278 1.2822600603103638
      vertex 4.346357345581055 1.2037895917892456 1.3494600057601929
      vertex 4.41748571395874 1.2029355764389038 1.2973783016204834
    endloop
  endfacet
  facet normal 0.02128240885684496 0.9996931650150443 0.012674182240030306
    outer loop
      vertex 4.487268924713135 1.2023072242736816 1.2297608852386475
      vertex 4.41748571395874 1.2029355764389038 1.2973783016204834
      vertex 4.425358772277832 1.2026315927505493 1.3081350326538086
    endloop
  endfacet
  facet normal 0.021282896337174687 0.9996931472055106 0.012674768394031472
    outer loop
      vertex 4.346357345581055 1.2037895917892456 1.3494600057601929
      vertex 4.293382167816162 1.2040066719055176 1.4212918281555176
      vertex 4.354229927062988 1.2034856081008911 1.360216736793518
    endloop
  endfacet
  facet normal 0.0212885417630728 0.9996929389716381 0.012681709658037115
    outer loop
      vertex 4.433231353759766 1.2023274898529053 1.3188917636871338
      vertex 4.5849609375 1.2005150318145752 1.2070614099502563
      vertex 4.425358772277832 1.2026315927505493 1.3081350326538086
    endloop
  endfacet
  facet normal 0.021284257056897554 0.9996931055103018 0.012675772035843746
    outer loop
      vertex 4.293382167816162 1.2040066719055176 1.4212918281555176
      vertex 4.346357345581055 1.2037895917892456 1.3494600057601929
      vertex 4.272172451019287 1.2048897743225098 1.387258529663086
    endloop
  endfacet
  facet normal 0.021285146217270356 0.9996930793148355 0.012676344920011436
    outer loop
      vertex 4.5849609375 1.2005150318145752 1.2070614099502563
      vertex 4.487268924713135 1.2023072242736816 1.2297608852386475
      vertex 4.425358772277832 1.2026315927505493 1.3081350326538086
    endloop
  endfacet
  facet normal 0.021281392392331126 0.9996931902903785 0.012673895410988177
    outer loop
      vertex 4.7256178855896 1.1986075639724731 1.1213219165802002
      vertex 4.654489517211914 1.1994614601135254 1.1734035015106201
      vertex 4.656008720397949 1.1990243196487427 1.2053333520889282
    endloop
  endfacet
  facet normal 0.02128620465780988 0.999693037268086 0.012677883458014594
    outer loop
      vertex 4.7256178855896 1.1986075639724731 1.1213219165802002
      vertex 4.656008720397949 1.1990243196487427 1.2053333520889282
      vertex 4.741363048553467 1.1979994773864746 1.1428353786468506
    endloop
  endfacet
  facet normal 0.021285151134079906 0.9996930786406113 0.01267638983527775
    outer loop
      vertex 4.58336067199707 1.2003154754638672 1.2254852056503296
      vertex 4.448976516723633 1.2017195224761963 1.3404052257537842
      vertex 4.57065486907959 1.2000490427017212 1.2678313255310059
    endloop
  endfacet
  facet normal 0.02128500426427094 0.9996930751992531 0.01267690783000403
    outer loop
      vertex 4.5849609375 1.2005150318145752 1.2070614099502563
      vertex 4.433231353759766 1.2023274898529053 1.3188917636871338
      vertex 4.58336067199707 1.2003154754638672 1.2254852056503296
    endloop
  endfacet
  facet normal 0.021284664912618115 0.9996930908418974 0.012676244023022393
    outer loop
      vertex 4.654489517211914 1.1994614601135254 1.1734035015106201
      vertex 4.58336067199707 1.2003154754638672 1.2254852056503296
      vertex 4.57065486907959 1.2000490427017212 1.2678313255310059
    endloop
  endfacet
  facet normal 0.021281988034150594 0.9996931779716531 0.012673866902055415
    outer loop
      vertex 4.654489517211914 1.1994614601135254 1.1734035015106201
      vertex 4.57065486907959 1.2000490427017212 1.2678313255310059
      vertex 4.656008720397949 1.1990243196487427 1.2053333520889282
    endloop
  endfacet
  facet normal 0.021285325092758964 0.9996930712361702 0.012676681667111923
    outer loop
      vertex 4.57065486907959 1.2000490427017212 1.2678313255310059
      vertex 4.448976516723633 1.2017195224761963 1.3404052257537842
      vertex 4.485300540924072 1.2010738849639893 1.3303292989730835
    endloop
  endfacet
  facet normal 0.021283430634788384 0.9996931407905488 0.012674377173731351
    outer loop
      vertex 4.441103935241699 1.2020235061645508 1.329648494720459
      vertex 4.58336067199707 1.2003154754638672 1.2254852056503296
      vertex 4.433231353759766 1.2023274898529053 1.3188917636871338
    endloop
  endfacet
  facet normal 0.021286145836363297 0.9996930364035675 0.012678050388304702
    outer loop
      vertex 4.314591884613037 1.2031234502792358 1.4553252458572388
      vertex 4.3699750900268555 1.2028775215148926 1.3817301988601685
      vertex 4.293382167816162 1.2040066719055176 1.4212918281555176
    endloop
  endfacet
  facet normal 0.021284025143833925 0.9996931336521523 0.012673941865751224
    outer loop
      vertex 4.362102508544922 1.203181505203247 1.3709734678268433
      vertex 4.293382167816162 1.2040066719055176 1.4212918281555176
      vertex 4.3699750900268555 1.2028775215148926 1.3817301988601685
    endloop
  endfacet
  facet normal 0.021289302539947364 0.9996929298369268 0.012681152606288942
    outer loop
      vertex 4.293382167816162 1.2040066719055176 1.4212918281555176
      vertex 4.362102508544922 1.203181505203247 1.3709734678268433
      vertex 4.354229927062988 1.2034856081008911 1.360216736793518
    endloop
  endfacet
  facet normal 0.021285325092758964 0.9996930712361702 0.012676681667111923
    outer loop
      vertex 4.399946212768555 1.2020987272262573 1.3928272724151611
      vertex 4.485300540924072 1.2010738849639893 1.3303292989730835
      vertex 4.448976516723633 1.2017195224761963 1.3404052257537842
    endloop
  endfacet
  facet normal 0.02128424714142949 0.9996931069745916 0.012675673201459034
    outer loop
      vertex 4.399946212768555 1.2020987272262573 1.3928272724151611
      vertex 4.448976516723633 1.2017195224761963 1.3404052257537842
      vertex 4.377847671508789 1.202573537826538 1.3924869298934937
    endloop
  endfacet
  facet normal 0.02128422501114312 0.9996930895336833 0.0126770857957945
    outer loop
      vertex 4.399946212768555 1.2020987272262573 1.3928272724151611
      vertex 4.377847671508789 1.202573537826538 1.3924869298934937
      vertex 4.314591884613037 1.2031234502792358 1.4553252458572388
    endloop
  endfacet
  facet normal 0.021282333130218323 0.9996931539670931 0.012675180782149405
    outer loop
      vertex 4.3699750900268555 1.2028775215148926 1.3817301988601685
      vertex 4.314591884613037 1.2031234502792358 1.4553252458572388
      vertex 4.377847671508789 1.202573537826538 1.3924869298934937
    endloop
  endfacet
  facet normal 0.021283430634788384 0.9996931407905488 0.012674377173731351
    outer loop
      vertex 4.58336067199707 1.2003154754638672 1.2254852056503296
      vertex 4.441103935241699 1.2020235061645508 1.329648494720459
      vertex 4.448976516723633 1.2017195224761963 1.3404052257537842
    endloop
  endfacet
  facet normal -0.021283210718304607 -0.9996931434309952 -0.01267453819970523
    outer loop
      vertex 4.401430606842041 1.1429219245910645 1.3239599466323853
      vertex 4.328036785125732 1.1438031196594238 1.3777000904083252
      vertex 4.320164203643799 1.1441071033477783 1.366943359375
    endloop
  endfacet
  facet normal -0.021283210718304607 -0.9996931434309952 -0.01267453819970523
    outer loop
      vertex 4.401430606842041 1.1429219245910645 1.3239599466323853
      vertex 4.320164203643799 1.1441071033477783 1.366943359375
      vertex 4.393558025360107 1.143225908279419 1.31320321559906
    endloop
  endfacet
  facet normal -0.021284267647768425 -0.9996931307402002 -0.012673764300916324
    outer loop
      vertex 4.417175769805908 1.142313838005066 1.3454734086990356
      vertex 4.3437819480896 1.1431951522827148 1.3992135524749756
      vertex 4.335909366607666 1.1434991359710693 1.3884568214416504
    endloop
  endfacet
  facet normal -0.02128848809994935 -0.9996929396159421 -0.012681748950945466
    outer loop
      vertex 4.417175769805908 1.142313838005066 1.3454734086990356
      vertex 4.335909366607666 1.1434991359710693 1.3884568214416504
      vertex 4.409303188323975 1.14261794090271 1.3347166776657104
    endloop
  endfacet
  facet normal -0.021283210718304607 -0.9996931434309952 -0.01267453819970523
    outer loop
      vertex 4.409303188323975 1.14261794090271 1.3347166776657104
      vertex 4.335909366607666 1.1434991359710693 1.3884568214416504
      vertex 4.328036785125732 1.1438031196594238 1.3777000904083252
    endloop
  endfacet
  facet normal -0.021283210718304607 -0.9996931434309952 -0.01267453819970523
    outer loop
      vertex 4.409303188323975 1.14261794090271 1.3347166776657104
      vertex 4.328036785125732 1.1438031196594238 1.3777000904083252
      vertex 4.401430606842041 1.1429219245910645 1.3239599466323853
    endloop
  endfacet
  facet normal -0.021288142014456685 -0.9996929557378644 -0.012681059011952423
    outer loop
      vertex 4.425048351287842 1.1420098543167114 1.3562300205230713
      vertex 4.351655006408691 1.1428910493850708 1.4099702835083008
      vertex 4.3437819480896 1.1431951522827148 1.3992135524749756
    endloop
  endfacet
  facet normal -0.02128433455309384 -0.9996931281567842 -0.012673855717015752
    outer loop
      vertex 4.425048351287842 1.1420098543167114 1.3562300205230713
      vertex 4.3437819480896 1.1431951522827148 1.3992135524749756
      vertex 4.417175769805908 1.142313838005066 1.3454734086990356
    endloop
  endfacet
  facet normal -0.021283314125898813 -0.9996931421894321 -0.012674462483195849
    outer loop
      vertex 4.474823951721191 1.142040729522705 1.2702196836471558
      vertex 4.401430606842041 1.1429219245910645 1.3239599466323853
      vertex 4.393558025360107 1.143225908279419 1.31320321559906
    endloop
  endfacet
  facet normal -0.021283314125898813 -0.9996931421894321 -0.012674462483195849
    outer loop
      vertex 4.474823951721191 1.142040729522705 1.2702196836471558
      vertex 4.393558025360107 1.143225908279419 1.31320321559906
      vertex 4.466951370239258 1.1423447132110596 1.2594629526138306
    endloop
  endfacet
  facet normal -0.021288501507766917 -0.9996929394549622 -0.01268173913354923
    outer loop
      vertex 4.490569591522217 1.1414326429367065 1.2917331457138062
      vertex 4.417175769805908 1.142313838005066 1.3454734086990356
      vertex 4.409303188323975 1.14261794090271 1.3347166776657104
    endloop
  endfacet
  facet normal -0.021288501507766917 -0.9996929394549622 -0.01268173913354923
    outer loop
      vertex 4.490569591522217 1.1414326429367065 1.2917331457138062
      vertex 4.409303188323975 1.14261794090271 1.3347166776657104
      vertex 4.482697010040283 1.1417367458343506 1.280976414680481
    endloop
  endfacet
  facet normal -0.021283224118499436 -0.9996931432701068 -0.012674528387892254
    outer loop
      vertex 4.482697010040283 1.1417367458343506 1.280976414680481
      vertex 4.409303188323975 1.14261794090271 1.3347166776657104
      vertex 4.401430606842041 1.1429219245910645 1.3239599466323853
    endloop
  endfacet
  facet normal -0.021282864714076366 -0.9996931595421752 -0.01267384843469299
    outer loop
      vertex 4.482697010040283 1.1417367458343506 1.280976414680481
      vertex 4.401430606842041 1.1429219245910645 1.3239599466323853
      vertex 4.474823951721191 1.142040729522705 1.2702196836471558
    endloop
  endfacet
  facet normal -0.021283300725717033 -0.9996931423503224 -0.012674472294999326
    outer loop
      vertex 4.695004940032959 1.139397144317627 1.1089991331100464
      vertex 4.621611595153809 1.1402783393859863 1.1627392768859863
      vertex 4.613739013671875 1.1405823230743408 1.1519825458526611
    endloop
  endfacet
  facet normal -0.021283300725717033 -0.9996931423503224 -0.012674472294999326
    outer loop
      vertex 4.695004940032959 1.139397144317627 1.1089991331100464
      vertex 4.613739013671875 1.1405823230743408 1.1519825458526611
      vertex 4.687132358551025 1.1397011280059814 1.0982424020767212
    endloop
  endfacet
  facet normal -0.021288578129674295 -0.9996929385350015 -0.012681683029890046
    outer loop
      vertex 4.710750102996826 1.1387890577316284 1.1305125951766968
      vertex 4.637356758117676 1.1396702527999878 1.1842527389526367
      vertex 4.629484176635742 1.1399743556976318 1.1734960079193115
    endloop
  endfacet
  facet normal -0.021288578129674295 -0.9996929385350015 -0.012681683029890046
    outer loop
      vertex 4.710750102996826 1.1387890577316284 1.1305125951766968
      vertex 4.629484176635742 1.1399743556976318 1.1734960079193115
      vertex 4.702877521514893 1.1390931606292725 1.1197558641433716
    endloop
  endfacet
  facet normal -0.021283300725717033 -0.9996931423503224 -0.012674472294999326
    outer loop
      vertex 4.702877521514893 1.1390931606292725 1.1197558641433716
      vertex 4.629484176635742 1.1399743556976318 1.1734960079193115
      vertex 4.621611595153809 1.1402783393859863 1.1627392768859863
    endloop
  endfacet
  facet normal -0.021283300725717033 -0.9996931423503224 -0.012674472294999326
    outer loop
      vertex 4.702877521514893 1.1390931606292725 1.1197558641433716
      vertex 4.621611595153809 1.1402783393859863 1.1627392768859863
      vertex 4.695004940032959 1.139397144317627 1.1089991331100464
    endloop
  endfacet
  facet normal -0.021288045285106843 -0.999692956899191 -0.012681129842855687
    outer loop
      vertex 4.849664688110352 1.1373307704925537 1.0122754573822021
      vertex 4.857537746429443 1.1370266675949097 1.0230321884155273
      vertex 4.710750102996826 1.1387890577316284 1.1305125951766968
    endloop
  endfacet
  facet normal -0.021288539818624788 -0.9996929389949839 -0.012681711081789823
    outer loop
      vertex 4.849664688110352 1.1373307704925537 1.0122754573822021
      vertex 4.710750102996826 1.1387890577316284 1.1305125951766968
      vertex 4.702877521514893 1.1390931606292725 1.1197558641433716
    endloop
  endfacet
  facet normal -0.021283262422012436 -0.9996931428102168 -0.012674500341515963
    outer loop
      vertex 4.702877521514893 1.1390931606292725 1.1197558641433716
      vertex 4.695004940032959 1.139397144317627 1.1089991331100464
      vertex 4.841792106628418 1.1376347541809082 1.001518726348877
    endloop
  endfacet
  facet normal -0.021283262422012436 -0.9996931428102168 -0.012674500341515963
    outer loop
      vertex 4.702877521514893 1.1390931606292725 1.1197558641433716
      vertex 4.841792106628418 1.1376347541809082 1.001518726348877
      vertex 4.849664688110352 1.1373307704925537 1.0122754573822021
    endloop
  endfacet
  facet normal -0.021283210718304607 -0.9996931434309952 -0.01267453819970523
    outer loop
      vertex 4.915185928344727 1.1367535591125488 0.947778582572937
      vertex 4.841792106628418 1.1376347541809082 1.001518726348877
      vertex 4.833919525146484 1.1379387378692627 0.9907619953155518
    endloop
  endfacet
  facet normal -0.021283210718304607 -0.9996931434309952 -0.01267453819970523
    outer loop
      vertex 4.915185928344727 1.1367535591125488 0.947778582572937
      vertex 4.833919525146484 1.1379387378692627 0.9907619953155518
      vertex 4.907313346862793 1.1370575428009033 0.9370218515396118
    endloop
  endfacet
  facet normal -0.02128848809994935 -0.9996929396159421 -0.012681748950945466
    outer loop
      vertex 5.004324913024902 1.135264277458191 0.9155518412590027
      vertex 4.930931091308594 1.1361454725265503 0.9692919850349426
      vertex 4.92305850982666 1.1364495754241943 0.9585352540016174
    endloop
  endfacet
  facet normal -0.021284267647768425 -0.9996931307402002 -0.012673764300916324
    outer loop
      vertex 5.004324913024902 1.135264277458191 0.9155518412590027
      vertex 4.92305850982666 1.1364495754241943 0.9585352540016174
      vertex 4.996452331542969 1.1355682611465454 0.9047951102256775
    endloop
  endfacet
  facet normal -0.021288135311023245 -0.9996929558183459 -0.012681063920599565
    outer loop
      vertex 4.930931091308594 1.1361454725265503 0.9692919850349426
      vertex 4.857537746429443 1.1370266675949097 1.0230321884155273
      vertex 4.849664688110352 1.1373307704925537 1.0122754573822021
    endloop
  endfacet
  facet normal -0.021288494803860726 -0.999692939535452 -0.012681744042245447
    outer loop
      vertex 4.930931091308594 1.1361454725265503 0.9692919850349426
      vertex 4.849664688110352 1.1373307704925537 1.0122754573822021
      vertex 4.92305850982666 1.1364495754241943 0.9585352540016174
    endloop
  endfacet
  facet normal -0.021283217418404613 -0.999693143350551 -0.012674533293796843
    outer loop
      vertex 4.92305850982666 1.1364495754241943 0.9585352540016174
      vertex 4.849664688110352 1.1373307704925537 1.0122754573822021
      vertex 4.841792106628418 1.1376347541809082 1.001518726348877
    endloop
  endfacet
  facet normal -0.021283244172890778 -0.9996931421392146 -0.01267458391038018
    outer loop
      vertex 4.92305850982666 1.1364495754241943 0.9585352540016174
      vertex 4.841792106628418 1.1376347541809082 1.001518726348877
      vertex 4.915185928344727 1.1367535591125488 0.947778582572937
    endloop
  endfacet
  facet normal -0.021283307425810517 -0.9996931422698773 -0.01267446738909569
    outer loop
      vertex 5.077718257904053 1.1343830823898315 0.861811637878418
      vertex 5.004324913024902 1.135264277458191 0.9155518412590027
      vertex 4.996452331542969 1.1355682611465454 0.9047951102256775
    endloop
  endfacet
  facet normal -0.021283307425810517 -0.9996931422698773 -0.01267446738909569
    outer loop
      vertex 5.077718257904053 1.1343830823898315 0.861811637878418
      vertex 4.996452331542969 1.1355682611465454 0.9047951102256775
      vertex 5.069845676422119 1.134687066078186 0.8510549068450928
    endloop
  endfacet
  facet normal -0.021283334180270726 -0.9996931410585466 -0.012674518005332997
    outer loop
      vertex 5.085590839385986 1.134079098701477 0.8725683689117432
      vertex 5.012197494506836 1.1349602937698364 0.9263085126876831
      vertex 5.004324913024902 1.135264277458191 0.9155518412590027
    endloop
  endfacet
  facet normal -0.021283307425810517 -0.9996931422698773 -0.01267446738909569
    outer loop
      vertex 5.085590839385986 1.134079098701477 0.8725683689117432
      vertex 5.004324913024902 1.135264277458191 0.9155518412590027
      vertex 5.077718257904053 1.1343830823898315 0.861811637878418
    endloop
  endfacet
  facet normal -0.021289045645062024 -0.9996929165223751 -0.012682633421726918
    outer loop
      vertex 4.320164203643799 1.1441071033477783 1.366943359375
      vertex 4.243713855743408 1.1452345848083496 1.406400442123413
      vertex 4.3135833740234375 1.1443957090377808 1.3552409410476685
    endloop
  endfacet
  facet normal -0.021289371275574075 -0.9996929064611386 -0.01268287987690294
    outer loop
      vertex 4.383452415466309 1.143556833267212 1.3040815591812134
      vertex 4.45332145690918 1.142717957496643 1.2529220581054688
      vertex 4.466951370239258 1.1423447132110596 1.2594629526138306
    endloop
  endfacet
  facet normal -0.02128909222311891 -0.9996929190332204 -0.012682357318513079
    outer loop
      vertex 4.383452415466309 1.143556833267212 1.3040815591812134
      vertex 4.466951370239258 1.1423447132110596 1.2594629526138306
      vertex 4.393558025360107 1.143225908279419 1.31320321559906
    endloop
  endfacet
  facet normal -0.021289023184251014 -0.9996929195328896 -0.012682433822734186
    outer loop
      vertex 4.3135833740234375 1.1443957090377808 1.3552409410476685
      vertex 4.383452415466309 1.143556833267212 1.3040815591812134
      vertex 4.393558025360107 1.143225908279419 1.31320321559906
    endloop
  endfacet
  facet normal -0.021289109235443398 -0.9996929156221289 -0.01268259763961165
    outer loop
      vertex 4.3135833740234375 1.1443957090377808 1.3552409410476685
      vertex 4.393558025360107 1.143225908279419 1.31320321559906
      vertex 4.320164203643799 1.1441071033477783 1.366943359375
    endloop
  endfacet
  facet normal -0.0212864350828967 -0.9996930363129202 -0.012677571885661343
    outer loop
      vertex 4.264924049377441 1.1443513631820679 1.4404338598251343
      vertex 4.243713855743408 1.1452345848083496 1.406400442123413
      vertex 4.320164203643799 1.1441071033477783 1.366943359375
    endloop
  endfacet
  facet normal -0.0212900466436887 -0.9996929099293334 -0.012681472743005181
    outer loop
      vertex 4.466951370239258 1.1423447132110596 1.2594629526138306
      vertex 4.45332145690918 1.142717957496643 1.2529220581054688
      vertex 4.523190498352051 1.1418789625167847 1.2017625570297241
    endloop
  endfacet
  facet normal -0.021282799852232737 -0.9996931483638954 -0.012674839041674794
    outer loop
      vertex 4.328036785125732 1.1438031196594238 1.3777000904083252
      vertex 4.264924049377441 1.1443513631820679 1.4404338598251343
      vertex 4.320164203643799 1.1441071033477783 1.366943359375
    endloop
  endfacet
  facet normal -0.021285898598496892 -0.9996930702429794 -0.012675796977693476
    outer loop
      vertex 4.607083320617676 1.1402941942214966 1.185882806777954
      vertex 4.58283805847168 1.1411628723144531 1.1580873727798462
      vertex 4.613739013671875 1.1405823230743408 1.1519825458526611
    endloop
  endfacet
  facet normal -0.021284755840603506 -0.999693094506014 -0.012675802372868226
    outer loop
      vertex 4.58283805847168 1.1411628723144531 1.1580873727798462
      vertex 4.671349048614502 1.140100121498108 1.0932780504226685
      vertex 4.687132358551025 1.1397011280059814 1.0982424020767212
    endloop
  endfacet
  facet normal -0.021286499350330522 -0.9996930188277809 -0.012678842707699194
    outer loop
      vertex 4.58283805847168 1.1411628723144531 1.1580873727798462
      vertex 4.687132358551025 1.1397011280059814 1.0982424020767212
      vertex 4.613739013671875 1.1405823230743408 1.1519825458526611
    endloop
  endfacet
  facet normal -0.02128305263059253 -0.9996931453290432 -0.01267465395377274
    outer loop
      vertex 4.523190498352051 1.1418789625167847 1.2017625570297241
      vertex 4.474823951721191 1.142040729522705 1.2702196836471558
      vertex 4.466951370239258 1.1423447132110596 1.2594629526138306
    endloop
  endfacet
  facet normal -0.021282422642385706 -0.9996931528924872 -0.01267511524007237
    outer loop
      vertex 4.621611595153809 1.1402783393859863 1.1627392768859863
      vertex 4.629484176635742 1.1399743556976318 1.1734960079193115
      vertex 4.607083320617676 1.1402941942214966 1.185882806777954
    endloop
  endfacet
  facet normal -0.021277708394478127 -0.9996933613690024 -0.01266658439456192
    outer loop
      vertex 4.629484176635742 1.1399743556976318 1.1734960079193115
      vertex 4.5793328285217285 1.140578031539917 1.2100974321365356
      vertex 4.607083320617676 1.1402941942214966 1.185882806777954
    endloop
  endfacet
  facet normal -0.021282422642385706 -0.9996931528924872 -0.01267511524007237
    outer loop
      vertex 4.607083320617676 1.1402941942214966 1.185882806777954
      vertex 4.613739013671875 1.1405823230743408 1.1519825458526611
      vertex 4.621611595153809 1.1402783393859863 1.1627392768859863
    endloop
  endfacet
  facet normal -0.0212846196936799 -0.9996930979263987 -0.012675761232179214
    outer loop
      vertex 4.551582336425781 1.1408617496490479 1.2343121767044067
      vertex 4.474823951721191 1.142040729522705 1.2702196836471558
      vertex 4.523190498352051 1.1418789625167847 1.2017625570297241
    endloop
  endfacet
  facet normal -0.021282799852232737 -0.9996931483638954 -0.012674839041674794
    outer loop
      vertex 4.3437819480896 1.1431951522827148 1.3992135524749756
      vertex 4.264924049377441 1.1443513631820679 1.4404338598251343
      vertex 4.335909366607666 1.1434991359710693 1.3884568214416504
    endloop
  endfacet
  facet normal -0.021282799852232737 -0.9996931483638954 -0.012674839041674794
    outer loop
      vertex 4.335909366607666 1.1434991359710693 1.3884568214416504
      vertex 4.264924049377441 1.1443513631820679 1.4404338598251343
      vertex 4.328036785125732 1.1438031196594238 1.3777000904083252
    endloop
  endfacet
  facet normal -0.02128352550225556 -0.9996931153013205 -0.012676228198306338
    outer loop
      vertex 4.286133766174316 1.1434682607650757 1.474467158317566
      vertex 4.264924049377441 1.1443513631820679 1.4404338598251343
      vertex 4.3437819480896 1.1431951522827148 1.3992135524749756
    endloop
  endfacet
  facet normal -0.021281368968872227 -0.9996932063664097 -0.012672666635627054
    outer loop
      vertex 4.374206066131592 1.1424108743667603 1.409978985786438
      vertex 4.286133766174316 1.1434682607650757 1.474467158317566
      vertex 4.351655006408691 1.1428910493850708 1.4099702835083008
    endloop
  endfacet
  facet normal -0.021289005458916675 -0.9996929453707661 -0.01268042674725859
    outer loop
      vertex 4.3437819480896 1.1431951522827148 1.3992135524749756
      vertex 4.351655006408691 1.1428910493850708 1.4099702835083008
      vertex 4.286133766174316 1.1434682607650757 1.474467158317566
    endloop
  endfacet
  facet normal -0.0212813701947219 -0.9996932300451759 -0.012670796521064245
    outer loop
      vertex 4.462278366088867 1.1413533687591553 1.3454906940460205
      vertex 4.374206066131592 1.1424108743667603 1.409978985786438
      vertex 4.351655006408691 1.1428910493850708 1.4099702835083008
    endloop
  endfacet
  facet normal -0.021284252954035656 -0.9996931059374182 -0.012675745239894386
    outer loop
      vertex 4.462278366088867 1.1413533687591553 1.3454906940460205
      vertex 4.351655006408691 1.1428910493850708 1.4099702835083008
      vertex 4.425048351287842 1.1420098543167114 1.3562300205230713
    endloop
  endfacet
  facet normal -0.021283291027957882 -0.9996931406865337 -0.012674619809430281
    outer loop
      vertex 4.425048351287842 1.1420098543167114 1.3562300205230713
      vertex 4.417175769805908 1.142313838005066 1.3454734086990356
      vertex 4.490569591522217 1.1414326429367065 1.2917331457138062
    endloop
  endfacet
  facet normal -0.02128288943743401 -0.9996931544101544 -0.01267421171786463
    outer loop
      vertex 4.490569591522217 1.1414326429367065 1.2917331457138062
      vertex 4.550350666046143 1.1402959823608398 1.2810025215148926
      vertex 4.425048351287842 1.1420098543167114 1.3562300205230713
    endloop
  endfacet
  facet normal -0.021288946151189203 -0.9996929341162271 -0.0126814135592566
    outer loop
      vertex 4.551582336425781 1.1408617496490479 1.2343121767044067
      vertex 4.490569591522217 1.1414326429367065 1.2917331457138062
      vertex 4.482697010040283 1.1417367458343506 1.280976414680481
    endloop
  endfacet
  facet normal -0.021286136062317107 -0.9996930318389555 -0.0126784267231283
    outer loop
      vertex 4.637356758117676 1.1396702527999878 1.1842527389526367
      vertex 4.490569591522217 1.1414326429367065 1.2917331457138062
      vertex 4.551582336425781 1.1408617496490479 1.2343121767044067
    endloop
  endfacet
  facet normal -0.021283506033020302 -0.9996931518421742 -0.012673378823423006
    outer loop
      vertex 4.474823951721191 1.142040729522705 1.2702196836471558
      vertex 4.551582336425781 1.1408617496490479 1.2343121767044067
      vertex 4.482697010040283 1.1417367458343506 1.280976414680481
    endloop
  endfacet
  facet normal -0.021290852830455006 -0.9996928288032915 -0.012686513509433096
    outer loop
      vertex 4.637356758117676 1.1396702527999878 1.1842527389526367
      vertex 4.551582336425781 1.1408617496490479 1.2343121767044067
      vertex 4.5793328285217285 1.140578031539917 1.2100974321365356
    endloop
  endfacet
  facet normal -0.021284662542729156 -0.9996930791910468 -0.012677166795683809
    outer loop
      vertex 4.462278366088867 1.1413533687591553 1.3454906940460205
      vertex 4.425048351287842 1.1420098543167114 1.3562300205230713
      vertex 4.550350666046143 1.1402959823608398 1.2810025215148926
    endloop
  endfacet
  facet normal -0.02128378287397923 -0.9996931111649683 -0.012676122272981259
    outer loop
      vertex 4.726495742797852 1.1381810903549194 1.1520260572433472
      vertex 4.638422966003418 1.1392384767532349 1.216514229774475
      vertex 4.637356758117676 1.1396702527999878 1.1842527389526367
    endloop
  endfacet
  facet normal -0.021283076017900998 -0.9996931510268485 -0.012674165267462886
    outer loop
      vertex 4.726495742797852 1.1381810903549194 1.1520260572433472
      vertex 4.637356758117676 1.1396702527999878 1.1842527389526367
      vertex 4.710750102996826 1.1387890577316284 1.1305125951766968
    endloop
  endfacet
  facet normal -0.021282571630536797 -0.9996931836606329 -0.012672438094511554
    outer loop
      vertex 4.638422966003418 1.1392384767532349 1.216514229774475
      vertex 4.550350666046143 1.1402959823608398 1.2810025215148926
      vertex 4.490569591522217 1.1414326429367065 1.2917331457138062
    endloop
  endfacet
  facet normal -0.021284433608416517 -0.9996930975854158 -0.012676100585157906
    outer loop
      vertex 4.638422966003418 1.1392384767532349 1.216514229774475
      vertex 4.490569591522217 1.1414326429367065 1.2917331457138062
      vertex 4.637356758117676 1.1396702527999878 1.1842527389526367
    endloop
  endfacet
  facet normal -0.02128867226366894 -0.9996929374047697 -0.012681614103629129
    outer loop
      vertex 4.629484176635742 1.1399743556976318 1.1734960079193115
      vertex 4.637356758117676 1.1396702527999878 1.1842527389526367
      vertex 4.5793328285217285 1.140578031539917 1.2100974321365356
    endloop
  endfacet
  facet normal -0.02128459332551519 -0.9996930914177118 -0.012676318813679536
    outer loop
      vertex 4.833919525146484 1.1379387378692627 0.9907619953155518
      vertex 4.687132358551025 1.1397011280059814 1.0982424020767212
      vertex 4.671349048614502 1.140100121498108 1.0932780504226685
    endloop
  endfacet
  facet normal -0.021289589033673666 -0.999692884498798 -0.012684245395386588
    outer loop
      vertex 4.833919525146484 1.1379387378692627 0.9907619953155518
      vertex 4.671349048614502 1.140100121498108 1.0932780504226685
      vertex 4.759860038757324 1.1390374898910522 1.0284687280654907
    endloop
  endfacet
  facet normal -0.021285468976746144 -0.999693056225736 -0.012677623771321549
    outer loop
      vertex 4.907313346862793 1.1370575428009033 0.9370218515396118
      vertex 4.833919525146484 1.1379387378692627 0.9907619953155518
      vertex 4.8483710289001465 1.137974739074707 0.9636593461036682
    endloop
  endfacet
  facet normal -0.021286499581114643 -0.9996930273130041 -0.01267817326528025
    outer loop
      vertex 4.759860038757324 1.1390374898910522 1.0284687280654907
      vertex 4.8483710289001465 1.137974739074707 0.9636593461036682
      vertex 4.833919525146484 1.1379387378692627 0.9907619953155518
    endloop
  endfacet
  facet normal -0.021283262422012436 -0.9996931428102168 -0.012674500341515963
    outer loop
      vertex 4.833919525146484 1.1379387378692627 0.9907619953155518
      vertex 4.841792106628418 1.1376347541809082 1.001518726348877
      vertex 4.695004940032959 1.139397144317627 1.1089991331100464
    endloop
  endfacet
  facet normal -0.021283262422012436 -0.9996931428102168 -0.012674500341515963
    outer loop
      vertex 4.833919525146484 1.1379387378692627 0.9907619953155518
      vertex 4.695004940032959 1.139397144317627 1.1089991331100464
      vertex 4.687132358551025 1.1397011280059814 1.0982424020767212
    endloop
  endfacet
  facet normal -0.02128367557840521 -0.9996931336301713 -0.0126745306248987
    outer loop
      vertex 4.907313346862793 1.1370575428009033 0.9370218515396118
      vertex 4.9368815422058105 1.1369119882583618 0.8988500237464905
      vertex 4.958140850067139 1.1361443996429443 0.9236932992935181
    endloop
  endfacet
  facet normal -0.02128428559375223 -0.9996931146507606 -0.012675003219912495
    outer loop
      vertex 4.907313346862793 1.1370575428009033 0.9370218515396118
      vertex 4.8483710289001465 1.137974739074707 0.9636593461036682
      vertex 4.9368815422058105 1.1369119882583618 0.8988500237464905
    endloop
  endfacet
  facet normal -0.02128296058653631 -0.9996931477393096 -0.012674618406210562
    outer loop
      vertex 5.011652946472168 1.135585904121399 0.8778841495513916
      vertex 5.056750774383545 1.1354727745056152 0.811079740524292
      vertex 5.119621753692627 1.1347179412841797 0.7650445103645325
    endloop
  endfacet
  facet normal -0.021286682748226655 -0.9996930366262307 -0.012677131323845703
    outer loop
      vertex 5.011652946472168 1.135585904121399 0.8778841495513916
      vertex 4.993879795074463 1.1362277269363403 0.8571149110794067
      vertex 5.056750774383545 1.1354727745056152 0.811079740524292
    endloop
  endfacet
  facet normal -0.02128754968418334 -0.9996930039957465 -0.012678248712015113
    outer loop
      vertex 4.958140850067139 1.1361443996429443 0.9236932992935181
      vertex 4.996452331542969 1.1355682611465454 0.9047951102256775
      vertex 4.92305850982666 1.1364495754241943 0.9585352540016174
    endloop
  endfacet
  facet normal -0.021283630336599163 -0.9996931375026769 -0.012674301154258867
    outer loop
      vertex 4.958140850067139 1.1361443996429443 0.9236932992935181
      vertex 4.92305850982666 1.1364495754241943 0.9585352540016174
      vertex 4.915185928344727 1.1367535591125488 0.947778582572937
    endloop
  endfacet
  facet normal -0.02128573542506076 -0.9996930892978195 -0.0126745681423941
    outer loop
      vertex 4.984897136688232 1.1358650922775269 0.9007887244224548
      vertex 4.996452331542969 1.1355682611465454 0.9047951102256775
      vertex 4.958140850067139 1.1361443996429443 0.9236932992935181
    endloop
  endfacet
  facet normal -0.021283602441770272 -0.9996931387276817 -0.01267425137421681
    outer loop
      vertex 4.915185928344727 1.1367535591125488 0.947778582572937
      vertex 4.907313346862793 1.1370575428009033 0.9370218515396118
      vertex 4.958140850067139 1.1361443996429443 0.9236932992935181
    endloop
  endfacet
  facet normal -0.021284560443552362 -0.9996930713605499 -0.012677955688328716
    outer loop
      vertex 5.011652946472168 1.135585904121399 0.8778841495513916
      vertex 4.996452331542969 1.1355682611465454 0.9047951102256775
      vertex 4.984897136688232 1.1358650922775269 0.9007887244224548
    endloop
  endfacet
  facet normal -0.021285206826947532 -0.9996930726561727 -0.012676768263025513
    outer loop
      vertex 5.011652946472168 1.135585904121399 0.8778841495513916
      vertex 5.119621753692627 1.1347179412841797 0.7650445103645325
      vertex 5.143239498138428 1.1338058710098267 0.7973147034645081
    endloop
  endfacet
  facet normal -0.021284724128651195 -0.9996930851688477 -0.012676591985161708
    outer loop
      vertex 4.710750102996826 1.1387890577316284 1.1305125951766968
      vertex 4.857537746429443 1.1370266675949097 1.0230321884155273
      vertex 4.814568042755127 1.1371235847473145 1.0875377655029297
    endloop
  endfacet
  facet normal -0.021283570641426684 -0.9996931450880743 -0.012673803086125942
    outer loop
      vertex 4.710750102996826 1.1387890577316284 1.1305125951766968
      vertex 4.814568042755127 1.1371235847473145 1.0875377655029297
      vertex 4.726495742797852 1.1381810903549194 1.1520260572433472
    endloop
  endfacet
  facet normal -0.02128342736406287 -0.9996931338449606 -0.012674930488192852
    outer loop
      vertex 4.930931091308594 1.1361454725265503 0.9692919850349426
      vertex 5.012197494506836 1.1349602937698364 0.9263085126876831
      vertex 4.902640342712402 1.136066198348999 1.0230495929718018
    endloop
  endfacet
  facet normal -0.02128378353244174 -0.9996931238857499 -0.012675117912465304
    outer loop
      vertex 4.902640342712402 1.136066198348999 1.0230495929718018
      vertex 4.857537746429443 1.1370266675949097 1.0230321884155273
      vertex 4.930931091308594 1.1361454725265503 0.9692919850349426
    endloop
  endfacet
  facet normal -0.021289044851937264 -0.9996929335251457 -0.012681294459987988
    outer loop
      vertex 4.902640342712402 1.136066198348999 1.0230495929718018
      vertex 5.012197494506836 1.1349602937698364 0.9263085126876831
      vertex 4.990712642669678 1.135008692741394 0.958561360836029
    endloop
  endfacet
  facet normal -0.02128378297708612 -0.9996931131569209 -0.012675965005011862
    outer loop
      vertex 4.902640342712402 1.136066198348999 1.0230495929718018
      vertex 4.814568042755127 1.1371235847473145 1.0875377655029297
      vertex 4.857537746429443 1.1370266675949097 1.0230321884155273
    endloop
  endfacet
  facet normal -0.021283217418404613 -0.999693143350551 -0.012674533293796843
    outer loop
      vertex 5.085590839385986 1.134079098701477 0.8725683689117432
      vertex 5.077718257904053 1.1343830823898315 0.861811637878418
      vertex 5.143239498138428 1.1338058710098267 0.7973147034645081
    endloop
  endfacet
  facet normal -0.021283217418404613 -0.999693143350551 -0.012674533293796843
    outer loop
      vertex 5.069845676422119 1.134687066078186 0.8510549068450928
      vertex 5.143239498138428 1.1338058710098267 0.7973147034645081
      vertex 5.077718257904053 1.1343830823898315 0.861811637878418
    endloop
  endfacet
  facet normal -0.02128701146140516 -0.9996929968309083 -0.01267971727916399
    outer loop
      vertex 5.143239498138428 1.1338058710098267 0.7973147034645081
      vertex 5.069845676422119 1.134687066078186 0.8510549068450928
      vertex 5.011652946472168 1.135585904121399 0.8778841495513916
    endloop
  endfacet
  facet normal -0.021286404947515436 -0.999693012047337 -0.012679535801171263
    outer loop
      vertex 5.078784942626953 1.1339513063430786 0.8940731287002563
      vertex 4.990712642669678 1.135008692741394 0.958561360836029
      vertex 5.012197494506836 1.1349602937698364 0.9263085126876831
    endloop
  endfacet
  facet normal -0.021285231903337903 -0.9996930677767908 -0.012677110942554323
    outer loop
      vertex 5.078784942626953 1.1339513063430786 0.8940731287002563
      vertex 5.012197494506836 1.1349602937698364 0.9263085126876831
      vertex 5.085590839385986 1.134079098701477 0.8725683689117432
    endloop
  endfacet
  facet normal -0.021284448982161735 -0.9996930875868532 -0.012676863278819724
    outer loop
      vertex 5.078784942626953 1.1339513063430786 0.8940731287002563
      vertex 5.085590839385986 1.134079098701477 0.8725683689117432
      vertex 5.1668572425842285 1.1328939199447632 0.8295848965644836
    endloop
  endfacet
  facet normal -0.021283217418404613 -0.9996931433505509 -0.012674533293796843
    outer loop
      vertex 5.143239498138428 1.1338058710098267 0.7973147034645081
      vertex 5.1668572425842285 1.1328939199447632 0.8295848965644836
      vertex 5.085590839385986 1.134079098701477 0.8725683689117432
    endloop
  endfacet
  facet normal -0.021283244172890778 -0.9996931421392146 -0.01267458391038018
    outer loop
      vertex 4.930931091308594 1.1361454725265503 0.9692919850349426
      vertex 5.004324913024902 1.135264277458191 0.9155518412590027
      vertex 5.012197494506836 1.1349602937698364 0.9263085126876831
    endloop
  endfacet
  facet normal -0.02128677657499739 -0.9996930082991021 -0.012679207425438533
    outer loop
      vertex 5.069845676422119 1.134687066078186 0.8510549068450928
      vertex 4.996452331542969 1.1355682611465454 0.9047951102256775
      vertex 5.011652946472168 1.135585904121399 0.8778841495513916
    endloop
  endfacet
  facet normal -0.5904446463774455 0.02281039258450667 -0.8067557285537884
    outer loop
      vertex 4.487268924713135 1.2023072242736816 1.2297608852386475
      vertex 4.541079044342041 1.17166268825531 1.1895121335983276
      vertex 4.41556978225708 1.2031680345535278 1.2822600603103638
    endloop
  endfacet
  facet normal -0.5904474356186684 0.022798311484678285 -0.8067540286634992
    outer loop
      vertex 4.41556978225708 1.2031680345535278 1.2822600603103638
      vertex 4.383452415466309 1.143556833267212 1.3040815591812134
      vertex 4.343871116638184 1.2040289640426636 1.33475923538208
    endloop
  endfacet
  facet normal -0.5904481597442641 0.022806478197839312 -0.8067532678625003
    outer loop
      vertex 4.272172451019287 1.2048897743225098 1.387258529663086
      vertex 4.343871116638184 1.2040289640426636 1.33475923538208
      vertex 4.257943153381348 1.1750621795654297 1.3968294858932495
    endloop
  endfacet
  facet normal -0.5904466355162677 0.022799120647246155 -0.8067545913753648
    outer loop
      vertex 4.343871116638184 1.2040289640426636 1.33475923538208
      vertex 4.383452415466309 1.143556833267212 1.3040815591812134
      vertex 4.257943153381348 1.1750621795654297 1.3968294858932495
    endloop
  endfacet
  facet normal -0.5904482790438959 0.02280087526230154 -0.8067533389217393
    outer loop
      vertex 4.541079044342041 1.17166268825531 1.1895121335983276
      vertex 4.487268924713135 1.2023072242736816 1.2297608852386475
      vertex 4.558967590332031 1.2014464139938354 1.1772615909576416
    endloop
  endfacet
  facet normal -0.590447417470396 0.022803356298507244 -0.8067538993671263
    outer loop
      vertex 4.45332145690918 1.142717957496643 1.2529220581054688
      vertex 4.541079044342041 1.17166268825531 1.1895121335983276
      vertex 4.523190498352051 1.1418789625167847 1.2017625570297241
    endloop
  endfacet
  facet normal -0.5904475482561756 0.02279840329865432 -0.8067539436317017
    outer loop
      vertex 4.41556978225708 1.2031680345535278 1.2822600603103638
      vertex 4.45332145690918 1.142717957496643 1.2529220581054688
      vertex 4.383452415466309 1.143556833267212 1.3040815591812134
    endloop
  endfacet
  facet normal -0.5904466369585131 0.02279911247425229 -0.8067545905507872
    outer loop
      vertex 4.383452415466309 1.143556833267212 1.3040815591812134
      vertex 4.3135833740234375 1.1443957090377808 1.3552409410476685
      vertex 4.257943153381348 1.1750621795654297 1.3968294858932495
    endloop
  endfacet
  facet normal -0.5904448040283992 0.022804067417873445 -0.8067557919873066
    outer loop
      vertex 4.3135833740234375 1.1443957090377808 1.3552409410476685
      vertex 4.243713855743408 1.1452345848083496 1.406400442123413
      vertex 4.257943153381348 1.1750621795654297 1.3968294858932495
    endloop
  endfacet
  facet normal -0.5904466004610369 0.022799319300066834 -0.8067546114175351
    outer loop
      vertex 4.41556978225708 1.2031680345535278 1.2822600603103638
      vertex 4.541079044342041 1.17166268825531 1.1895121335983276
      vertex 4.45332145690918 1.142717957496643 1.2529220581054688
    endloop
  endfacet
  facet normal 0.5904485668214806 -0.022790460877783813 0.806753422571877
    outer loop
      vertex 5.041678428649902 1.1643953323364258 0.9220912456512451
      vertex 5.104587078094482 1.163640022277832 0.8760281801223755
      vertex 5.10490608215332 1.1786353588104248 0.876218318939209
    endloop
  endfacet
  facet normal 0.5904485668214806 -0.022790460877783813 0.806753422571877
    outer loop
      vertex 5.041678428649902 1.1643953323364258 0.9220912456512451
      vertex 5.10490608215332 1.1786353588104248 0.876218318939209
      vertex 5.04199743270874 1.1793906688690186 0.9222813844680786
    endloop
  endfacet
  facet normal 0.5904476736338986 -0.022809037845478233 0.8067535512737957
    outer loop
      vertex 5.041358947753906 1.1493998765945435 0.9219010472297668
      vertex 5.104267597198486 1.1486445665359497 0.875838041305542
      vertex 5.104587078094482 1.163640022277832 0.8760281801223755
    endloop
  endfacet
  facet normal 0.5904481029329172 -0.022812248577201627 0.8067531462955512
    outer loop
      vertex 5.041358947753906 1.1493998765945435 0.9219010472297668
      vertex 5.104587078094482 1.163640022277832 0.8760281801223755
      vertex 5.041678428649902 1.1643953323364258 0.9220912456512451
    endloop
  endfacet
  facet normal 0.5904485668214806 -0.022790460877783813 0.806753422571877
    outer loop
      vertex 4.349681377410889 1.172703742980957 1.4287844896316528
      vertex 4.412590026855469 1.1719484329223633 1.3827214241027832
      vertex 4.412909030914307 1.186943769454956 1.3829115629196167
    endloop
  endfacet
  facet normal 0.5904485668214806 -0.022790460877783813 0.806753422571877
    outer loop
      vertex 4.349681377410889 1.172703742980957 1.4287844896316528
      vertex 4.412909030914307 1.186943769454956 1.3829115629196167
      vertex 4.350000381469727 1.1876990795135498 1.4289746284484863
    endloop
  endfacet
  facet normal 0.5904481711838518 -0.02280904382642025 0.8067531869570574
    outer loop
      vertex 4.349361896514893 1.1577082872390747 1.4285943508148193
      vertex 4.412270545959473 1.156952977180481 1.3825312852859497
      vertex 4.412590026855469 1.1719484329223633 1.3827214241027832
    endloop
  endfacet
  facet normal 0.5904481711838518 -0.02280904382642025 0.8067531869570574
    outer loop
      vertex 4.349361896514893 1.1577082872390747 1.4285943508148193
      vertex 4.412590026855469 1.1719484329223633 1.3827214241027832
      vertex 4.349681377410889 1.172703742980957 1.4287844896316528
    endloop
  endfacet
  facet normal 0.5904483719576297 -0.022814260639622632 0.8067528925042985
    outer loop
      vertex 5.10490608215332 1.1786353588104248 0.876218318939209
      vertex 5.1681342124938965 1.1928755044937134 0.8303454518318176
      vertex 5.082780361175537 1.193900227546692 0.8928434252738953
    endloop
  endfacet
  facet normal 0.5904480692710463 -0.022790454912604435 0.8067537868885216
    outer loop
      vertex 5.10490608215332 1.1786353588104248 0.876218318939209
      vertex 5.104587078094482 1.163640022277832 0.8760281801223755
      vertex 5.1674957275390625 1.1628847122192383 0.8299651741981506
    endloop
  endfacet
  facet normal 0.5904464289494644 -0.022799729102585778 0.8067547253618498
    outer loop
      vertex 5.1681342124938965 1.1928755044937134 0.8303454518318176
      vertex 5.10490608215332 1.1786353588104248 0.876218318939209
      vertex 5.1674957275390625 1.1628847122192383 0.8299651741981506
    endloop
  endfacet
  facet normal 0.5904480448971924 -0.02281497344428774 0.8067531117162298
    outer loop
      vertex 5.10490608215332 1.1786353588104248 0.876218318939209
      vertex 5.082780361175537 1.193900227546692 0.8928434252738953
      vertex 5.04199743270874 1.1793906688690186 0.9222813844680786
    endloop
  endfacet
  facet normal 0.5904467552183917 -0.022805580500792046 0.8067543211846432
    outer loop
      vertex 5.04199743270874 1.1793906688690186 0.9222813844680786
      vertex 4.9974260330200195 1.19492506980896 0.9553413987159729
      vertex 4.912071704864502 1.195949912071228 1.0178394317626953
    endloop
  endfacet
  facet normal 0.5904464886831375 -0.022801845255194058 0.8067546218365976
    outer loop
      vertex 4.912071704864502 1.195949912071228 1.0178394317626953
      vertex 4.826717376708984 1.1969746351242065 1.080337405204773
      vertex 4.790042877197266 1.1674165725708008 1.1063432693481445
    endloop
  endfacet
  facet normal 0.5904482126175825 -0.022790456631200277 0.8067536819272929
    outer loop
      vertex 5.04199743270874 1.1793906688690186 0.9222813844680786
      vertex 4.912071704864502 1.195949912071228 1.0178394317626953
      vertex 5.041678428649902 1.1643953323364258 0.9220912456512451
    endloop
  endfacet
  facet normal 0.5904463526159727 -0.02280726159348907 0.8067545683174658
    outer loop
      vertex 5.082780361175537 1.193900227546692 0.8928434252738953
      vertex 4.9974260330200195 1.19492506980896 0.9553413987159729
      vertex 5.04199743270874 1.1793906688690186 0.9222813844680786
    endloop
  endfacet
  facet normal 0.590446468768195 -0.022801806764656936 0.8067546374998015
    outer loop
      vertex 4.826717376708984 1.1969746351242065 1.080337405204773
      vertex 4.741363048553467 1.1979994773864746 1.1428353786468506
      vertex 4.790042877197266 1.1674165725708008 1.1063432693481445
    endloop
  endfacet
  facet normal 0.5904472935972574 -0.02279484052071701 0.8067542306857208
    outer loop
      vertex 5.078784942626953 1.1339513063430786 0.8940731287002563
      vertex 5.1668572425842285 1.1328939199447632 0.8295848965644836
      vertex 5.104267597198486 1.1486445665359497 0.875838041305542
    endloop
  endfacet
  facet normal 0.5904478714771224 -0.022799746420079023 0.8067536691154962
    outer loop
      vertex 5.1668572425842285 1.1328939199447632 0.8295848965644836
      vertex 5.1674957275390625 1.1628847122192383 0.8299651741981506
      vertex 5.104587078094482 1.163640022277832 0.8760281801223755
    endloop
  endfacet
  facet normal 0.5904447885972008 -0.022809003164948764 0.8067556637502016
    outer loop
      vertex 5.1668572425842285 1.1328939199447632 0.8295848965644836
      vertex 5.104587078094482 1.163640022277832 0.8760281801223755
      vertex 5.104267597198486 1.1486445665359497 0.875838041305542
    endloop
  endfacet
  facet normal 0.5904479383302319 -0.02279660621692051 0.8067537089264413
    outer loop
      vertex 5.104267597198486 1.1486445665359497 0.875838041305542
      vertex 5.041358947753906 1.1493998765945435 0.9219010472297668
      vertex 5.078784942626953 1.1339513063430786 0.8940731287002563
    endloop
  endfacet
  facet normal 0.5904478278663678 -0.02281224527148625 0.8067533477052089
    outer loop
      vertex 5.041358947753906 1.1493998765945435 0.9219010472297668
      vertex 5.041678428649902 1.1643953323364258 0.9220912456512451
      vertex 4.902640342712402 1.136066198348999 1.0230495929718018
    endloop
  endfacet
  facet normal 0.5904464021221916 -0.0228003285434297 0.8067547280551077
    outer loop
      vertex 4.790042877197266 1.1674165725708008 1.1063432693481445
      vertex 4.902640342712402 1.136066198348999 1.0230495929718018
      vertex 5.041678428649902 1.1643953323364258 0.9220912456512451
    endloop
  endfacet
  facet normal 0.5904471821777206 -0.022799130537993165 0.8067541910056006
    outer loop
      vertex 5.041358947753906 1.1493998765945435 0.9219010472297668
      vertex 4.902640342712402 1.136066198348999 1.0230495929718018
      vertex 4.990712642669678 1.135008692741394 0.958561360836029
    endloop
  endfacet
  facet normal 0.5904468728904232 -0.022797904347974473 0.8067544520182465
    outer loop
      vertex 4.790042877197266 1.1674165725708008 1.1063432693481445
      vertex 4.814568042755127 1.1371235847473145 1.0875377655029297
      vertex 4.902640342712402 1.136066198348999 1.0230495929718018
    endloop
  endfacet
  facet normal 0.5904475825336278 -0.022797022864432866 0.8067539575537968
    outer loop
      vertex 4.726495742797852 1.1381810903549194 1.1520260572433472
      vertex 4.814568042755127 1.1371235847473145 1.0875377655029297
      vertex 4.790042877197266 1.1674165725708008 1.1063432693481445
    endloop
  endfacet
  facet normal 0.5904472000611601 -0.022799234285224283 0.8067541749851337
    outer loop
      vertex 5.078784942626953 1.1339513063430786 0.8940731287002563
      vertex 5.041358947753906 1.1493998765945435 0.9219010472297668
      vertex 4.990712642669678 1.135008692741394 0.958561360836029
    endloop
  endfacet
  facet normal 0.5904463855820055 -0.022801105410550856 0.8067547182044879
    outer loop
      vertex 4.790042877197266 1.1674165725708008 1.1063432693481445
      vertex 5.041678428649902 1.1643953323364258 0.9220912456512451
      vertex 4.912071704864502 1.195949912071228 1.0178394317626953
    endloop
  endfacet
  facet normal 0.5904468896978051 -0.022800803012954833 0.8067543577992946
    outer loop
      vertex 4.664225101470947 1.1689271926879883 1.1984694004058838
      vertex 4.790042877197266 1.1674165725708008 1.1063432693481445
      vertex 4.741363048553467 1.1979994773864746 1.1428353786468506
    endloop
  endfacet
  facet normal 0.5904465235488577 -0.022799233826809265 0.8067546701234388
    outer loop
      vertex 4.664225101470947 1.1689271926879883 1.1984694004058838
      vertex 4.741363048553467 1.1979994773864746 1.1428353786468506
      vertex 4.656008720397949 1.1990243196487427 1.2053333520889282
    endloop
  endfacet
  facet normal 0.5904486013164432 -0.022803490186758032 0.8067530291475566
    outer loop
      vertex 4.656008720397949 1.1990243196487427 1.2053333520889282
      vertex 4.57065486907959 1.2000490427017212 1.2678313255310059
      vertex 4.538407802581787 1.1704378128051758 1.2905954122543335
    endloop
  endfacet
  facet normal 0.5904478951539591 -0.022798634310504245 0.8067536832155372
    outer loop
      vertex 4.656008720397949 1.1990243196487427 1.2053333520889282
      vertex 4.538407802581787 1.1704378128051758 1.2905954122543335
      vertex 4.664225101470947 1.1689271926879883 1.1984694004058838
    endloop
  endfacet
  facet normal 0.5904465081684215 -0.022799956233611637 0.8067546609642013
    outer loop
      vertex 4.485300540924072 1.2010738849639893 1.3303292989730835
      vertex 4.538407802581787 1.1704378128051758 1.2905954122543335
      vertex 4.57065486907959 1.2000490427017212 1.2678313255310059
    endloop
  endfacet
  facet normal 0.5904453816171635 -0.022802871575011804 0.8067554030652015
    outer loop
      vertex 4.412909030914307 1.186943769454956 1.3829115629196167
      vertex 4.538407802581787 1.1704378128051758 1.2905954122543335
      vertex 4.485300540924072 1.2010738849639893 1.3303292989730835
    endloop
  endfacet
  facet normal 0.590447704452665 -0.022807590643598417 0.8067535696330153
    outer loop
      vertex 4.664225101470947 1.1689271926879883 1.1984694004058838
      vertex 4.538407802581787 1.1704378128051758 1.2905954122543335
      vertex 4.550350666046143 1.1402959823608398 1.2810025215148926
    endloop
  endfacet
  facet normal 0.5904474004256574 -0.022805575836158828 0.8067538491022926
    outer loop
      vertex 4.664225101470947 1.1689271926879883 1.1984694004058838
      vertex 4.550350666046143 1.1402959823608398 1.2810025215148926
      vertex 4.638422966003418 1.1392384767532349 1.216514229774475
    endloop
  endfacet
  facet normal 0.5904470123050153 -0.022795043895085753 0.8067544308114474
    outer loop
      vertex 4.790042877197266 1.1674165725708008 1.1063432693481445
      vertex 4.664225101470947 1.1689271926879883 1.1984694004058838
      vertex 4.726495742797852 1.1381810903549194 1.1520260572433472
    endloop
  endfacet
  facet normal 0.5904465516414003 -0.022798888092945464 0.8067546593336197
    outer loop
      vertex 4.399946212768555 1.2020987272262573 1.3928272724151611
      vertex 4.314591884613037 1.2031234502792358 1.4553252458572388
      vertex 4.350000381469727 1.1876990795135498 1.4289746284484863
    endloop
  endfacet
  facet normal 0.5904481883953524 -0.022808235608296076 0.8067531972103258
    outer loop
      vertex 4.399946212768555 1.2020987272262573 1.3928272724151611
      vertex 4.350000381469727 1.1876990795135498 1.4289746284484863
      vertex 4.412909030914307 1.186943769454956 1.3829115629196167
    endloop
  endfacet
  facet normal 0.5904466126811106 -0.0227904374493751 0.8067548534308725
    outer loop
      vertex 4.538407802581787 1.1704378128051758 1.2905954122543335
      vertex 4.412909030914307 1.186943769454956 1.3829115629196167
      vertex 4.412590026855469 1.1719484329223633 1.3827214241027832
    endloop
  endfacet
  facet normal 0.5904473052796008 -0.022796338802883554 0.8067541798002921
    outer loop
      vertex 4.350000381469727 1.1876990795135498 1.4289746284484863
      vertex 4.314591884613037 1.2031234502792358 1.4553252458572388
      vertex 4.300363063812256 1.1732958555221558 1.4648962020874023
    endloop
  endfacet
  facet normal 0.5904462785946617 -0.0228107374074915 0.8067545242219851
    outer loop
      vertex 4.485300540924072 1.2010738849639893 1.3303292989730835
      vertex 4.399946212768555 1.2020987272262573 1.3928272724151611
      vertex 4.412909030914307 1.186943769454956 1.3829115629196167
    endloop
  endfacet
  facet normal 0.5904462170459214 -0.022809020336110025 0.806754617816017
    outer loop
      vertex 4.412270545959473 1.156952977180481 1.3825312852859497
      vertex 4.538407802581787 1.1704378128051758 1.2905954122543335
      vertex 4.412590026855469 1.1719484329223633 1.3827214241027832
    endloop
  endfacet
  facet normal 0.5904460240354227 -0.0228055908409946 0.8067548560294845
    outer loop
      vertex 4.412270545959473 1.156952977180481 1.3825312852859497
      vertex 4.462278366088867 1.1413533687591553 1.3454906940460205
      vertex 4.538407802581787 1.1704378128051758 1.2905954122543335
    endloop
  endfacet
  facet normal 0.590444704917631 -0.022801972230281367 0.8067559237446857
    outer loop
      vertex 4.664225101470947 1.1689271926879883 1.1984694004058838
      vertex 4.638422966003418 1.1392384767532349 1.216514229774475
      vertex 4.726495742797852 1.1381810903549194 1.1520260572433472
    endloop
  endfacet
  facet normal 0.5904466526867819 -0.02280824646055033 0.806754320858816
    outer loop
      vertex 4.462278366088867 1.1413533687591553 1.3454906940460205
      vertex 4.550350666046143 1.1402959823608398 1.2810025215148926
      vertex 4.538407802581787 1.1704378128051758 1.2905954122543335
    endloop
  endfacet
  facet normal 0.5904475506939836 -0.02279851840724929 0.8067539385946065
    outer loop
      vertex 4.462278366088867 1.1413533687591553 1.3454906940460205
      vertex 4.412270545959473 1.156952977180481 1.3825312852859497
      vertex 4.374206066131592 1.1424108743667603 1.409978985786438
    endloop
  endfacet
  facet normal 0.5904458683262215 -0.022809016144208962 0.8067548731548063
    outer loop
      vertex 4.349361896514893 1.1577082872390747 1.4285943508148193
      vertex 4.349681377410889 1.172703742980957 1.4287844896316528
      vertex 4.300363063812256 1.1732958555221558 1.4648962020874023
    endloop
  endfacet
  facet normal 0.5904462639553136 -0.0227904332684526 0.8067551087738138
    outer loop
      vertex 4.350000381469727 1.1876990795135498 1.4289746284484863
      vertex 4.300363063812256 1.1732958555221558 1.4648962020874023
      vertex 4.349681377410889 1.172703742980957 1.4287844896316528
    endloop
  endfacet
  facet normal 0.5904467063051206 -0.022805728488304602 0.8067543527998794
    outer loop
      vertex 4.286133766174316 1.1434682607650757 1.474467158317566
      vertex 4.374206066131592 1.1424108743667603 1.409978985786438
      vertex 4.349361896514893 1.1577082872390747 1.4285943508148193
    endloop
  endfacet
  facet normal 0.59044832560547 -0.022801791842958555 0.8067532789387641
    outer loop
      vertex 4.349361896514893 1.1577082872390747 1.4285943508148193
      vertex 4.374206066131592 1.1424108743667603 1.409978985786438
      vertex 4.412270545959473 1.156952977180481 1.3825312852859497
    endloop
  endfacet
  facet normal 0.5904466627495538 -0.02280540274064831 0.8067543938856184
    outer loop
      vertex 4.300363063812256 1.1732958555221558 1.4648962020874023
      vertex 4.286133766174316 1.1434682607650757 1.474467158317566
      vertex 4.349361896514893 1.1577082872390747 1.4285943508148193
    endloop
  endfacet
  facet normal -0.7299331751315545 0.49832635965060473 0.4678337302073713
    outer loop
      vertex 4.264924049377441 1.1443513631820679 1.4404338598251343
      vertex 4.293382167816162 1.2040066719055176 1.4212918281555176
      vertex 4.257943153381348 1.1750621795654297 1.3968294858932495
    endloop
  endfacet
  facet normal -0.7299333473723234 0.49833075033210117 0.4678287845646953
    outer loop
      vertex 4.257943153381348 1.1750621795654297 1.3968294858932495
      vertex 4.293382167816162 1.2040066719055176 1.4212918281555176
      vertex 4.272172451019287 1.2048897743225098 1.387258529663086
    endloop
  endfacet
  facet normal -0.7299285726360447 0.4983308342834759 0.4678361448753626
    outer loop
      vertex 4.264924049377441 1.1443513631820679 1.4404338598251343
      vertex 4.257943153381348 1.1750621795654297 1.3968294858932495
      vertex 4.243713855743408 1.1452345848083496 1.406400442123413
    endloop
  endfacet
  facet normal -0.7299333473723234 0.49833075033210117 0.4678287845646953
    outer loop
      vertex 4.300363063812256 1.1732958555221558 1.4648962020874023
      vertex 4.264924049377441 1.1443513631820679 1.4404338598251343
      vertex 4.286133766174316 1.1434682607650757 1.474467158317566
    endloop
  endfacet
  facet normal -0.7299376825100615 0.4983219774372064 0.4678313654030831
    outer loop
      vertex 4.300363063812256 1.1732958555221558 1.4648962020874023
      vertex 4.314591884613037 1.2031234502792358 1.4553252458572388
      vertex 4.293382167816162 1.2040066719055176 1.4212918281555176
    endloop
  endfacet
  facet normal -0.7299331751315545 0.49832635965060473 0.4678337302073713
    outer loop
      vertex 4.264924049377441 1.1443513631820679 1.4404338598251343
      vertex 4.300363063812256 1.1732958555221558 1.4648962020874023
      vertex 4.293382167816162 1.2040066719055176 1.4212918281555176
    endloop
  endfacet
  facet normal -0.6571538401436468 0.023543654319163575 -0.7533886956450554
    outer loop
      vertex 4.5793328285217285 1.140578031539917 1.2100974321365356
      vertex 4.623772621154785 1.1701208353042603 1.172257423400879
      vertex 4.607083320617676 1.1402941942214966 1.185882806777954
    endloop
  endfacet
  facet normal -0.6571556968240808 0.02354545880154284 -0.753387019732542
    outer loop
      vertex 4.5793328285217285 1.140578031539917 1.2100974321365356
      vertex 4.551582336425781 1.1408617496490479 1.2343121767044067
      vertex 4.568271636962891 1.1706883907318115 1.2206867933273315
    endloop
  endfacet
  facet normal -0.6571547084899665 0.023546025605206883 -0.7533878641096272
    outer loop
      vertex 4.612711429595947 1.2002313137054443 1.1828467845916748
      vertex 4.623772621154785 1.1701208353042603 1.172257423400879
      vertex 4.5793328285217285 1.140578031539917 1.2100974321365356
    endloop
  endfacet
  facet normal -0.6571547647592832 0.023546080292534907 -0.7533878133186311
    outer loop
      vertex 4.5793328285217285 1.140578031539917 1.2100974321365356
      vertex 4.568271636962891 1.1706883907318115 1.2206867933273315
      vertex 4.612711429595947 1.2002313137054443 1.1828467845916748
    endloop
  endfacet
  facet normal -0.6571538964075004 0.023543709001149164 -0.7533886448592848
    outer loop
      vertex 4.612711429595947 1.2002313137054443 1.1828467845916748
      vertex 4.568271636962891 1.1706883907318115 1.2206867933273315
      vertex 4.5849609375 1.2005150318145752 1.2070614099502563
    endloop
  endfacet
  facet normal -0.6571556405563507 0.02354540411561776 -0.7533870705221882
    outer loop
      vertex 4.6404619216918945 1.199947476387024 1.1586320400238037
      vertex 4.623772621154785 1.1701208353042603 1.172257423400879
      vertex 4.612711429595947 1.2002313137054443 1.1828467845916748
    endloop
  endfacet
  facet normal 0.602004362194582 -0.5850788927611259 -0.5433906855514818
    outer loop
      vertex 4.523190498352051 1.1418789625167847 1.2017625570297241
      vertex 4.568271636962891 1.1706883907318115 1.2206867933273315
      vertex 4.551582336425781 1.1408617496490479 1.2343121767044067
    endloop
  endfacet
  facet normal 0.6020041196811309 -0.5850769935101194 -0.5433929991747285
    outer loop
      vertex 4.541079044342041 1.17166268825531 1.1895121335983276
      vertex 4.568271636962891 1.1706883907318115 1.2206867933273315
      vertex 4.523190498352051 1.1418789625167847 1.2017625570297241
    endloop
  endfacet
  facet normal 0.60200301069496 -0.5850783894783557 -0.5433927247209127
    outer loop
      vertex 4.558967590332031 1.2014464139938354 1.1772615909576416
      vertex 4.5849609375 1.2005150318145752 1.2070614099502563
      vertex 4.541079044342041 1.17166268825531 1.1895121335983276
    endloop
  endfacet
  facet normal 0.6020030826205155 -0.5850788469171111 -0.5433921525064016
    outer loop
      vertex 4.568271636962891 1.1706883907318115 1.2206867933273315
      vertex 4.541079044342041 1.17166268825531 1.1895121335983276
      vertex 4.5849609375 1.2005150318145752 1.2070614099502563
    endloop
  endfacet
  facet normal -0.6020006691364154 0.585076646891271 0.5433971950808866
    outer loop
      vertex 4.61861515045166 1.2007302045822144 1.1335864067077637
      vertex 4.60072660446167 1.170946478843689 1.1458368301391602
      vertex 4.6404619216918945 1.199947476387024 1.1586320400238037
    endloop
  endfacet
  facet normal -0.6020012721039664 0.5850787820470732 0.543394228147042
    outer loop
      vertex 4.623772621154785 1.1701208353042603 1.172257423400879
      vertex 4.6404619216918945 1.199947476387024 1.1586320400238037
      vertex 4.60072660446167 1.170946478843689 1.1458368301391602
    endloop
  endfacet
  facet normal -0.6020004639457112 0.5850787530897259 0.54339515464542
    outer loop
      vertex 4.58283805847168 1.1411628723144531 1.1580873727798462
      vertex 4.607083320617676 1.1402941942214966 1.185882806777954
      vertex 4.623772621154785 1.1701208353042603 1.172257423400879
    endloop
  endfacet
  facet normal -0.6020007127815854 0.5850797816565281 0.5433937715020409
    outer loop
      vertex 4.60072660446167 1.170946478843689 1.1458368301391602
      vertex 4.58283805847168 1.1411628723144531 1.1580873727798462
      vertex 4.623772621154785 1.1701208353042603 1.172257423400879
    endloop
  endfacet
  facet normal -0.5904465175969741 0.022799730166797427 -0.8067546604525613
    outer loop
      vertex 5.043149948120117 1.195633053779602 0.8227341771125793
      vertex 5.120898723602295 1.1946995258331299 0.7658051252365112
      vertex 5.120260238647461 1.1647087335586548 0.7654248476028442
    endloop
  endfacet
  facet normal -0.5904464662334279 0.022802142576990116 -0.8067546298636011
    outer loop
      vertex 5.043149948120117 1.195633053779602 0.8227341771125793
      vertex 4.979640483856201 1.1663970947265625 0.8683890700340271
      vertex 4.9654011726379395 1.1965665817260742 0.8796632289886475
    endloop
  endfacet
  facet normal -0.5904461540883311 0.02280105996893739 -0.8067548889139697
    outer loop
      vertex 4.979640483856201 1.1663970947265625 0.8683890700340271
      vertex 5.043149948120117 1.195633053779602 0.8227341771125793
      vertex 5.120260238647461 1.1647087335586548 0.7654248476028442
    endloop
  endfacet
  facet normal -0.5904461540883311 0.02280105996893739 -0.8067548889139697
    outer loop
      vertex 4.979640483856201 1.1663970947265625 0.8683890700340271
      vertex 5.120260238647461 1.1647087335586548 0.7654248476028442
      vertex 5.056750774383545 1.1354727745056152 0.811079740524292
    endloop
  endfacet
  facet normal -0.5904456740296705 0.02280281613257311 -0.8067551906223301
    outer loop
      vertex 4.979640483856201 1.1663970947265625 0.8683890700340271
      vertex 5.056750774383545 1.1354727745056152 0.811079740524292
      vertex 4.993879795074463 1.1362277269363403 0.8571149110794067
    endloop
  endfacet
  facet normal -0.5904462318105604 0.02280132953150031 -0.8067548244121667
    outer loop
      vertex 5.119621753692627 1.1347179412841797 0.7650445103645325
      vertex 5.056750774383545 1.1354727745056152 0.811079740524292
      vertex 5.120260238647461 1.1647087335586548 0.7654248476028442
    endloop
  endfacet
  facet normal -0.6499970171783344 0.02346589939166135 -0.7595743737284774
    outer loop
      vertex 4.958238124847412 1.1961382627487183 0.9254639148712158
      vertex 4.984897136688232 1.1358650922775269 0.9007887244224548
      vertex 4.944811820983887 1.16628098487854 0.936030924320221
    endloop
  endfacet
  facet normal -0.6499894851593166 0.023482692664056014 -0.7595803001181455
    outer loop
      vertex 4.984897136688232 1.1358650922775269 0.9007887244224548
      vertex 4.958140850067139 1.1361443996429443 0.9236932992935181
      vertex 4.944811820983887 1.16628098487854 0.936030924320221
    endloop
  endfacet
  facet normal -0.6499965979989561 0.023465485728996763 -0.7595747452155619
    outer loop
      vertex 4.998323440551758 1.1657224893569946 0.8902217149734497
      vertex 5.011652946472168 1.135585904121399 0.8778841495513916
      vertex 4.984897136688232 1.1358650922775269 0.9007887244224548
    endloop
  endfacet
  facet normal -0.6499895465709358 0.023482644596856374 -0.7595802490528878
    outer loop
      vertex 4.958238124847412 1.1961382627487183 0.9254639148712158
      vertex 4.984994411468506 1.1958590745925903 0.9025593400001526
      vertex 4.998323440551758 1.1657224893569946 0.8902217149734497
    endloop
  endfacet
  facet normal -0.6499965960146935 0.023465578944107036 -0.7595747440338766
    outer loop
      vertex 4.958238124847412 1.1961382627487183 0.9254639148712158
      vertex 4.944811820983887 1.16628098487854 0.936030924320221
      vertex 4.931482315063477 1.1964174509048462 0.948368489742279
    endloop
  endfacet
  facet normal -0.6499970785456428 0.023465851357398527 -0.7595743226980501
    outer loop
      vertex 4.998323440551758 1.1657224893569946 0.8902217149734497
      vertex 4.984897136688232 1.1358650922775269 0.9007887244224548
      vertex 4.958238124847412 1.1961382627487183 0.9254639148712158
    endloop
  endfacet
  facet normal -0.6587857657473275 -0.5156528652459768 0.5478169743740348
    outer loop
      vertex 5.011652946472168 1.135585904121399 0.8778841495513916
      vertex 4.998323440551758 1.1657224893569946 0.8902217149734497
      vertex 4.993879795074463 1.1362277269363403 0.8571149110794067
    endloop
  endfacet
  facet normal -0.6587887145956719 -0.5156507137174386 0.5478154533819564
    outer loop
      vertex 4.979640483856201 1.1663970947265625 0.8683890700340271
      vertex 4.993879795074463 1.1362277269363403 0.8571149110794067
      vertex 4.998323440551758 1.1657224893569946 0.8902217149734497
    endloop
  endfacet
  facet normal -0.6587865405817932 -0.5156491700895569 0.5478195207677654
    outer loop
      vertex 4.984994411468506 1.1958590745925903 0.9025593400001526
      vertex 4.9654011726379395 1.1965665817260742 0.8796632289886475
      vertex 4.979640483856201 1.1663970947265625 0.8683890700340271
    endloop
  endfacet
  facet normal -0.6587908258142561 -0.5156459403945948 0.5478174075159938
    outer loop
      vertex 4.998323440551758 1.1657224893569946 0.8902217149734497
      vertex 4.984994411468506 1.1958590745925903 0.9025593400001526
      vertex 4.979640483856201 1.1663970947265625 0.8683890700340271
    endloop
  endfacet
  facet normal 0.6587879634895657 0.5156507011690702 -0.5478163684530765
    outer loop
      vertex 4.931482315063477 1.1964174509048462 0.948368489742279
      vertex 4.922642230987549 1.1670814752578735 0.9101241827011108
      vertex 4.908402919769287 1.1972508430480957 0.9213983416557312
    endloop
  endfacet
  facet normal 0.6587835344767817 0.515654418157953 -0.5478181958793097
    outer loop
      vertex 4.944811820983887 1.16628098487854 0.936030924320221
      vertex 4.922642230987549 1.1670814752578735 0.9101241827011108
      vertex 4.931482315063477 1.1964174509048462 0.948368489742279
    endloop
  endfacet
  facet normal 0.6587897481862999 0.5156459793145977 -0.5478186668061991
    outer loop
      vertex 4.958140850067139 1.1361443996429443 0.9236932992935181
      vertex 4.9368815422058105 1.1369119882583618 0.8988500237464905
      vertex 4.944811820983887 1.16628098487854 0.936030924320221
    endloop
  endfacet
  facet normal 0.6587858607066331 0.5156491587288184 -0.5478203490518423
    outer loop
      vertex 4.922642230987549 1.1670814752578735 0.9101241827011108
      vertex 4.944811820983887 1.16628098487854 0.936030924320221
      vertex 4.9368815422058105 1.1369119882583618 0.8988500237464905
    endloop
  endfacet
  facet normal -0.5904474535382092 0.02280150341154227 -0.8067539253405698
    outer loop
      vertex 4.83595609664917 1.1981207132339478 0.9744453430175781
      vertex 4.908402919769287 1.1972508430480957 0.9213983416557312
      vertex 4.922642230987549 1.1670814752578735 0.9101241827011108
    endloop
  endfacet
  facet normal -0.5904478371151992 0.022803784872854744 -0.8067535801231104
    outer loop
      vertex 4.81950569152832 1.168319821357727 0.9856427311897278
      vertex 4.763509273529053 1.1989905834197998 1.0274924039840698
      vertex 4.83595609664917 1.1981207132339478 0.9744453430175781
    endloop
  endfacet
  facet normal -0.5904469456133034 0.02280620928699304 -0.8067541640635508
    outer loop
      vertex 4.763509273529053 1.1989905834197998 1.0274924039840698
      vertex 4.81950569152832 1.168319821357727 0.9856427311897278
      vertex 4.6910624504089355 1.1998603343963623 1.080539345741272
    endloop
  endfacet
  facet normal -0.5904453560036126 0.02280147572329885 -0.806755461263577
    outer loop
      vertex 4.6910624504089355 1.1998603343963623 1.080539345741272
      vertex 4.60072660446167 1.170946478843689 1.1458368301391602
      vertex 4.61861515045166 1.2007302045822144 1.1335864067077637
    endloop
  endfacet
  facet normal -0.5904470539286013 0.022803130219028814 -0.8067541718263683
    outer loop
      vertex 4.83595609664917 1.1981207132339478 0.9744453430175781
      vertex 4.922642230987549 1.1670814752578735 0.9101241827011108
      vertex 4.81950569152832 1.168319821357727 0.9856427311897278
    endloop
  endfacet
  facet normal -0.5904472161434731 0.02279551104707944 -0.8067542684265917
    outer loop
      vertex 4.81950569152832 1.168319821357727 0.9856427311897278
      vertex 4.922642230987549 1.1670814752578735 0.9101241827011108
      vertex 4.8483710289001465 1.137974739074707 0.9636593461036682
    endloop
  endfacet
  facet normal -0.5904484696153336 0.02280066471141469 -0.8067532053965625
    outer loop
      vertex 4.9368815422058105 1.1369119882583618 0.8988500237464905
      vertex 4.8483710289001465 1.137974739074707 0.9636593461036682
      vertex 4.922642230987549 1.1670814752578735 0.9101241827011108
    endloop
  endfacet
  facet normal -0.5904468507019668 0.022796041568245166 -0.8067545208952647
    outer loop
      vertex 4.759860038757324 1.1390374898910522 1.0284687280654907
      vertex 4.81950569152832 1.168319821357727 0.9856427311897278
      vertex 4.8483710289001465 1.137974739074707 0.9636593461036682
    endloop
  endfacet
  facet normal -0.5904468874412376 0.02279616064945768 -0.8067544906417308
    outer loop
      vertex 4.60072660446167 1.170946478843689 1.1458368301391602
      vertex 4.81950569152832 1.168319821357727 0.9856427311897278
      vertex 4.759860038757324 1.1390374898910522 1.0284687280654907
    endloop
  endfacet
  facet normal -0.5904464495957935 0.02279920634142083 -0.8067547250248512
    outer loop
      vertex 4.60072660446167 1.170946478843689 1.1458368301391602
      vertex 4.759860038757324 1.1390374898910522 1.0284687280654907
      vertex 4.671349048614502 1.140100121498108 1.0932780504226685
    endloop
  endfacet
  facet normal -0.5904464280557739 0.022799279018751322 -0.8067547387356351
    outer loop
      vertex 4.60072660446167 1.170946478843689 1.1458368301391602
      vertex 4.671349048614502 1.140100121498108 1.0932780504226685
      vertex 4.58283805847168 1.1411628723144531 1.1580873727798462
    endloop
  endfacet
  facet normal -0.5904466352846229 0.022808003763644318 -0.8067543404564893
    outer loop
      vertex 4.6910624504089355 1.1998603343963623 1.080539345741272
      vertex 4.81950569152832 1.168319821357727 0.9856427311897278
      vertex 4.60072660446167 1.170946478843689 1.1458368301391602
    endloop
  endfacet
endsolid beam