solid d29
  facet normal 0.015744934251415547 0.19826316621442233 -0.9800223538103867
    outer loop
      vertex 1.8383139371871948 2.5952682495117188 2.0969433784484863
      vertex 1.851654052734375 2.6232686042785645 2.1028223037719727
      vertex 1.8911110162734985 2.618487596511841 2.1024889945983887
    endloop
  endfacet
  facet normal 0.015738187215248445 0.1982662072607677 -0.9800218469613868
    outer loop
      vertex 1.8644306659698486 2.5624871253967285 2.090730905532837
      vertex 1.824973702430725 2.567267894744873 2.091064453125
      vertex 1.8383139371871948 2.5952682495117188 2.0969433784484863
    endloop
  endfacet
  facet normal 0.01573956211363364 0.19826725816609753 -0.9800216122738156
    outer loop
      vertex 1.8383139371871948 2.5952682495117188 2.0969433784484863
      vertex 1.9038875102996826 2.557706117630005 2.090397357940674
      vertex 1.8644306659698486 2.5624871253967285 2.090730905532837
    endloop
  endfacet
  facet normal 0.015741200010440236 0.19827127958062096 -0.9800207723898992
    outer loop
      vertex 1.9566847085952759 2.580925703048706 2.095942974090576
      vertex 1.8383139371871948 2.5952682495117188 2.0969433784484863
      vertex 1.8911110162734985 2.618487596511841 2.1024889945983887
    endloop
  endfacet
  facet normal 0.01573956211363364 0.19826725816609753 -0.9800216122738156
    outer loop
      vertex 1.9566847085952759 2.580925703048706 2.095942974090576
      vertex 1.930567979812622 2.6137068271636963 2.1021554470062256
      vertex 1.970024824142456 2.6089258193969727 2.1018218994140625
    endloop
  endfacet
  facet normal 0.015739118260586174 0.19827378344486582 -0.9800202992565193
    outer loop
      vertex 1.9433444738388062 2.5529253482818604 2.0900638103485107
      vertex 1.9038875102996826 2.557706117630005 2.090397357940674
      vertex 1.9566847085952759 2.580925703048706 2.095942974090576
    endloop
  endfacet
  facet normal 0.015741004168332403 0.19826968597946024 -0.9800210979409467
    outer loop
      vertex 1.9566847085952759 2.580925703048706 2.095942974090576
      vertex 1.9038875102996826 2.557706117630005 2.090397357940674
      vertex 1.8383139371871948 2.5952682495117188 2.0969433784484863
    endloop
  endfacet
  facet normal 0.015738187215248445 0.1982662072607677 -0.9800218469613868
    outer loop
      vertex 1.930567979812622 2.6137068271636963 2.1021554470062256
      vertex 1.9566847085952759 2.580925703048706 2.095942974090576
      vertex 1.8911110162734985 2.618487596511841 2.1024889945983887
    endloop
  endfacet
  facet normal -0.88964528889001 0.44519495038272855 -0.10164996856630275
    outer loop
      vertex 1.84364652633667 2.616231918334961 2.142085552215576
      vertex 1.81696617603302 2.5602312088012695 2.1303277015686035
      vertex 1.8222987651824951 2.5811946392059326 2.1754698753356934
    endloop
  endfacet
  facet normal -0.8896421095001248 0.4452006171718998 -0.10165297572588514
    outer loop
      vertex 1.8222987651824951 2.5811946392059326 2.1754698753356934
      vertex 1.81696617603302 2.5602312088012695 2.1303277015686035
      vertex 1.8089585304260254 2.553194522857666 2.169590711593628
    endloop
  endfacet
  facet normal -0.889645756233921 0.44519363240782683 -0.10165165064326141
    outer loop
      vertex 1.84364652633667 2.616231918334961 2.142085552215576
      vertex 1.8222987651824951 2.5811946392059326 2.1754698753356934
      vertex 1.8356388807296753 2.6091949939727783 2.1813488006591797
    endloop
  endfacet
  facet normal -0.8896457558572812 0.4451936326748964 -0.10165165276991872
    outer loop
      vertex 1.8383139371871948 2.5952682495117188 2.0969433784484863
      vertex 1.84364652633667 2.616231918334961 2.142085552215576
      vertex 1.851654052734375 2.6232686042785645 2.1028223037719727
    endloop
  endfacet
  facet normal -0.8896443692831542 0.4451965890475377 -0.10165084015007704
    outer loop
      vertex 1.8383139371871948 2.5952682495117188 2.0969433784484863
      vertex 1.824973702430725 2.567267894744873 2.091064453125
      vertex 1.81696617603302 2.5602312088012695 2.1303277015686035
    endloop
  endfacet
  facet normal -0.8896448366286748 0.4451952710742415 -0.10165252221696763
    outer loop
      vertex 1.84364652633667 2.616231918334961 2.142085552215576
      vertex 1.8383139371871948 2.5952682495117188 2.0969433784484863
      vertex 1.81696617603302 2.5602312088012695 2.1303277015686035
    endloop
  endfacet
  facet normal 0.1968197664668916 0.1729610751307587 -0.9650629233462087
    outer loop
      vertex 1.9530242681503296 2.5777089595794678 2.1138908863067627
      vertex 1.9707379341125488 2.5451455116271973 2.1116673946380615
      vertex 1.9400373697280884 2.5500190258026123 2.1062796115875244
    endloop
  endfacet
  facet normal 0.1968197664668916 0.1729610751307587 -0.9650629233462087
    outer loop
      vertex 1.9530242681503296 2.5777089595794678 2.1138908863067627
      vertex 1.9660111665725708 2.6053988933563232 2.121502161026001
      vertex 1.9967117309570312 2.600525379180908 2.126889944076538
    endloop
  endfacet
  facet normal 0.1968197664668916 0.1729610751307587 -0.9650629233462087
    outer loop
      vertex 1.9967117309570312 2.600525379180908 2.126889944076538
      vertex 1.9707379341125488 2.5451455116271973 2.1116673946380615
      vertex 1.9530242681503296 2.5777089595794678 2.1138908863067627
    endloop
  endfacet
  facet normal 0.1968190713790469 0.1729614229654381 -0.9650630027657575
    outer loop
      vertex 1.9707379341125488 2.5451455116271973 2.1116673946380615
      vertex 1.9967117309570312 2.600525379180908 2.126889944076538
      vertex 2.01442551612854 2.5679619312286377 2.124666452407837
    endloop
  endfacet
  facet normal 0.1968204573630685 0.17296214872714907 -0.9650625900277556
    outer loop
      vertex 2.01442551612854 2.5679619312286377 2.124666452407837
      vertex 1.9967117309570312 2.600525379180908 2.126889944076538
      vertex 2.0274124145507812 2.595651626586914 2.132277727127075
    endloop
  endfacet
  facet normal 0.19682497095403553 0.17295055134184165 -0.9650637479459562
    outer loop
      vertex 2.001438617706299 2.5402719974517822 2.1170554161071777
      vertex 1.9707379341125488 2.5451455116271973 2.1116673946380615
      vertex 2.01442551612854 2.5679619312286377 2.124666452407837
    endloop
  endfacet
  facet normal 0.8896460623145226 -0.44519427301094266 0.10164616611817201
    outer loop
      vertex 1.9530242681503296 2.5777089595794678 2.1138908863067627
      vertex 1.9400373697280884 2.5500190258026123 2.1062796115875244
      vertex 1.9433444738388062 2.5529253482818604 2.0900638103485107
    endloop
  endfacet
  facet normal 0.8896441768178115 -0.4451971764252757 0.10164995207632993
    outer loop
      vertex 1.9566847085952759 2.580925703048706 2.095942974090576
      vertex 1.9530242681503296 2.5777089595794678 2.1138908863067627
      vertex 1.9433444738388062 2.5529253482818604 2.0900638103485107
    endloop
  endfacet
  facet normal 0.8896440511484954 -0.44519681629244706 0.10165262917978286
    outer loop
      vertex 1.970024824142456 2.6089258193969727 2.1018218994140625
      vertex 1.9660111665725708 2.6053988933563232 2.121502161026001
      vertex 1.9566847085952759 2.580925703048706 2.095942974090576
    endloop
  endfacet
  facet normal 0.8896451713212526 -0.4451950560051071 0.10165053493901734
    outer loop
      vertex 1.9530242681503296 2.5777089595794678 2.1138908863067627
      vertex 1.9566847085952759 2.580925703048706 2.095942974090576
      vertex 1.9660111665725708 2.6053988933563232 2.121502161026001
    endloop
  endfacet
  facet normal -0.889644502327848 0.4451964947073559 -0.1016500889233196
    outer loop
      vertex 2.0203933715820312 2.5732061862945557 2.0954043865203857
      vertex 2.0274124145507812 2.595651626586914 2.132277727127075
      vertex 2.033733606338501 2.6012065410614014 2.101283311843872
    endloop
  endfacet
  facet normal -0.8896434414310905 0.4451983155310242 -0.10165139923771098
    outer loop
      vertex 2.01442551612854 2.5679619312286377 2.124666452407837
      vertex 2.0274124145507812 2.595651626586914 2.132277727127075
      vertex 2.0203933715820312 2.5732061862945557 2.0954043865203857
    endloop
  endfacet
  facet normal -0.8896456493338534 0.4451942388016038 -0.10164993044369072
    outer loop
      vertex 2.0070531368255615 2.54520583152771 2.0895254611968994
      vertex 2.001438617706299 2.5402719974517822 2.1170554161071777
      vertex 2.01442551612854 2.5679619312286377 2.124666452407837
    endloop
  endfacet
  facet normal -0.8896441923283607 0.4451967145227884 -0.10165183930718419
    outer loop
      vertex 2.0203933715820312 2.5732061862945557 2.0954043865203857
      vertex 2.0070531368255615 2.54520583152771 2.0895254611968994
      vertex 2.01442551612854 2.5679619312286377 2.124666452407837
    endloop
  endfacet
  facet normal 0.11954339896335657 0.9727394379086088 0.19871427150944967
    outer loop
      vertex 2.1403753757476807 2.582947015762329 2.1265125274658203
      vertex 2.064401149749756 2.5921525955200195 2.127154588699341
      vertex 2.0641913414001465 2.5895090103149414 2.14022159576416
    endloop
  endfacet
  facet normal 0.1195439575685658 0.972738658930367 0.19871774865672093
    outer loop
      vertex 2.1403753757476807 2.582947015762329 2.1265125274658203
      vertex 2.0641913414001465 2.5895090103149414 2.14022159576416
      vertex 2.1401655673980713 2.580303430557251 2.1395792961120605
    endloop
  endfacet
  facet normal 0.11954321411802402 0.9727394603055572 0.1987142730726345
    outer loop
      vertex 2.0641913414001465 2.5895090103149414 2.14022159576416
      vertex 1.9882169961929321 2.598714590072632 2.1408636569976807
      vertex 1.9880071878433228 2.5960710048675537 2.1539306640625
    endloop
  endfacet
  facet normal 0.11954355016040437 0.9727389916936799 0.19871636483644134
    outer loop
      vertex 2.0641913414001465 2.5895090103149414 2.14022159576416
      vertex 1.9880071878433228 2.5960710048675537 2.1539306640625
      vertex 2.063981294631958 2.5868654251098633 2.1532886028289795
    endloop
  endfacet
  facet normal 0.11954397985019746 0.9727389396281861 0.19871636121016206
    outer loop
      vertex 2.1401655673980713 2.580303430557251 2.1395792961120605
      vertex 2.0641913414001465 2.5895090103149414 2.14022159576416
      vertex 2.063981294631958 2.5868654251098633 2.1532886028289795
    endloop
  endfacet
  facet normal 0.11954364380067928 0.9727394082426255 0.1987142694389189
    outer loop
      vertex 2.1401655673980713 2.580303430557251 2.1395792961120605
      vertex 2.063981294631958 2.5868654251098633 2.1532886028289795
      vertex 2.139955759048462 2.577659845352173 2.15264630317688
    endloop
  endfacet
  facet normal 0.11954339896335657 0.9727394379086088 0.19871427150944967
    outer loop
      vertex 2.14058518409729 2.5855906009674072 2.113445520401001
      vertex 2.0646109580993652 2.5947961807250977 2.1140875816345215
      vertex 2.064401149749756 2.5921525955200195 2.127154588699341
    endloop
  endfacet
  facet normal 0.11954339896335657 0.9727394379086088 0.19871427150944967
    outer loop
      vertex 2.14058518409729 2.5855906009674072 2.113445520401001
      vertex 2.064401149749756 2.5921525955200195 2.127154588699341
      vertex 2.1403753757476807 2.582947015762329 2.1265125274658203
    endloop
  endfacet
  facet normal 0.1195437062280081 0.9727394006785398 0.19871426891098393
    outer loop
      vertex 2.292114019393921 2.56189227104187 2.1382951736450195
      vertex 2.2923238277435303 2.5645358562469482 2.1252281665802
      vertex 2.1403753757476807 2.582947015762329 2.1265125274658203
    endloop
  endfacet
  facet normal 0.11954334302851155 0.972738733391884 0.1987177538538536
    outer loop
      vertex 2.292114019393921 2.56189227104187 2.1382951736450195
      vertex 2.1403753757476807 2.582947015762329 2.1265125274658203
      vertex 2.1401655673980713 2.580303430557251 2.1395792961120605
    endloop
  endfacet
  facet normal 0.11954339896335657 0.9727394379086088 0.19871427150944967
    outer loop
      vertex 2.1401655673980713 2.580303430557251 2.1395792961120605
      vertex 2.139955759048462 2.577659845352173 2.15264630317688
      vertex 2.2919042110443115 2.559248685836792 2.151362180709839
    endloop
  endfacet
  facet normal 0.11954339896335657 0.9727394379086088 0.19871427150944967
    outer loop
      vertex 2.1401655673980713 2.580303430557251 2.1395792961120605
      vertex 2.2919042110443115 2.559248685836792 2.151362180709839
      vertex 2.292114019393921 2.56189227104187 2.1382951736450195
    endloop
  endfacet
  facet normal 0.11954392392464126 0.972738235095557 0.1987198435886061
    outer loop
      vertex 2.3678784370422363 2.5500431060791016 2.1507198810577393
      vertex 2.2919042110443115 2.559248685836792 2.151362180709839
      vertex 2.291694164276123 2.556605100631714 2.164428949356079
    endloop
  endfacet
  facet normal 0.11954302927325892 0.9727394827024024 0.19871427463580757
    outer loop
      vertex 2.3678784370422363 2.5500431060791016 2.1507198810577393
      vertex 2.291694164276123 2.556605100631714 2.164428949356079
      vertex 2.367668628692627 2.5473995208740234 2.1637868881225586
    endloop
  endfacet
  facet normal 0.11954339896335657 0.9727394379086088 0.19871427150944967
    outer loop
      vertex 2.368298053741455 2.555330276489258 2.1245861053466797
      vertex 2.2923238277435303 2.5645358562469482 2.1252281665802
      vertex 2.292114019393921 2.56189227104187 2.1382951736450195
    endloop
  endfacet
  facet normal 0.1195439575685658 0.972738658930367 0.19871774865672093
    outer loop
      vertex 2.368298053741455 2.555330276489258 2.1245861053466797
      vertex 2.292114019393921 2.56189227104187 2.1382951736450195
      vertex 2.3680882453918457 2.5526866912841797 2.13765287399292
    endloop
  endfacet
  facet normal 0.11954401349264014 0.9727393634483784 0.1987142663124992
    outer loop
      vertex 2.3680882453918457 2.5526866912841797 2.13765287399292
      vertex 2.292114019393921 2.56189227104187 2.1382951736450195
      vertex 2.2919042110443115 2.559248685836792 2.151362180709839
    endloop
  endfacet
  facet normal 0.11954401349264014 0.9727393634483784 0.1987142663124992
    outer loop
      vertex 2.3680882453918457 2.5526866912841797 2.13765287399292
      vertex 2.2919042110443115 2.559248685836792 2.151362180709839
      vertex 2.3678784370422363 2.5500431060791016 2.1507198810577393
    endloop
  endfacet
  facet normal 0.11954334302851155 0.972738733391884 0.1987177538538536
    outer loop
      vertex 2.5197219848632812 2.5303101539611816 2.1559691429138184
      vertex 2.5196170806884766 2.5289883613586426 2.1625025272369385
      vertex 2.5955913066864014 2.519782781600952 2.161860466003418
    endloop
  endfacet
  facet normal 0.1195439575685658 0.972738658930367 0.19871774865672093
    outer loop
      vertex 2.5958011150360107 2.5224263668060303 2.1487934589385986
      vertex 2.519826889038086 2.5316319465637207 2.1494357585906982
      vertex 2.5197219848632812 2.5303101539611816 2.1559691429138184
    endloop
  endfacet
  facet normal 0.1195437062280081 0.9727394006785398 0.19871426891098393
    outer loop
      vertex 2.5955913066864014 2.519782781600952 2.161860466003418
      vertex 2.5958011150360107 2.5224263668060303 2.1487934589385986
      vertex 2.5197219848632812 2.5303101539611816 2.1559691429138184
    endloop
  endfacet
  facet normal 0.11954659608669768 0.9727383392267073 0.19871772634204327
    outer loop
      vertex 2.5196170806884766 2.5289883613586426 2.1625025272369385
      vertex 2.4816298484802246 2.5335912704467773 2.1628236770629883
      vertex 2.48152494430542 2.5322694778442383 2.1693570613861084
    endloop
  endfacet
  facet normal 0.11954547890306431 0.9727398971452998 0.19871077216796418
    outer loop
      vertex 2.5196170806884766 2.5289883613586426 2.1625025272369385
      vertex 2.48152494430542 2.5322694778442383 2.1693570613861084
      vertex 2.519512176513672 2.5276665687561035 2.1690361499786377
    endloop
  endfacet
  facet normal 0.11954336531460834 0.9727390140913802 0.19871636639639814
    outer loop
      vertex 2.5962209701538086 2.5277135372161865 2.122659683227539
      vertex 2.520246744155884 2.536919116973877 2.1233017444610596
      vertex 2.5200366973876953 2.534275531768799 2.136368751525879
    endloop
  endfacet
  facet normal 0.11954336531460834 0.9727390140913802 0.19871636639639814
    outer loop
      vertex 2.5962209701538086 2.5277135372161865 2.122659683227539
      vertex 2.5200366973876953 2.534275531768799 2.136368751525879
      vertex 2.59601092338562 2.5250699520111084 2.1357266902923584
    endloop
  endfacet
  facet normal 0.11954406941324515 0.9727400679294167 0.19871078408781617
    outer loop
      vertex 2.5199317932128906 2.5329537391662598 2.142902135848999
      vertex 2.519826889038086 2.5316319465637207 2.1494357585906982
      vertex 2.5958011150360107 2.5224263668060303 2.1487934589385986
    endloop
  endfacet
  facet normal 0.11954334302851155 0.972738733391884 0.1987177538538536
    outer loop
      vertex 2.59601092338562 2.5250699520111084 2.1357266902923584
      vertex 2.5200366973876953 2.534275531768799 2.136368751525879
      vertex 2.5199317932128906 2.5329537391662598 2.142902135848999
    endloop
  endfacet
  facet normal 0.11954334302851155 0.972738733391884 0.1987177538538536
    outer loop
      vertex 2.5958011150360107 2.5224263668060303 2.1487934589385986
      vertex 2.59601092338562 2.5250699520111084 2.1357266902923584
      vertex 2.5199317932128906 2.5329537391662598 2.142902135848999
    endloop
  endfacet
  facet normal 0.11954339896335657 0.9727394379086088 0.19871427150944967
    outer loop
      vertex 2.6717753410339355 2.51322078704834 2.148151397705078
      vertex 2.5958011150360107 2.5224263668060303 2.1487934589385986
      vertex 2.5955913066864014 2.519782781600952 2.161860466003418
    endloop
  endfacet
  facet normal 0.11954339896335657 0.9727394379086088 0.19871427150944967
    outer loop
      vertex 2.6717753410339355 2.51322078704834 2.148151397705078
      vertex 2.5955913066864014 2.519782781600952 2.161860466003418
      vertex 2.671565532684326 2.5105772018432617 2.1612184047698975
    endloop
  endfacet
  facet normal 0.11954397985019746 0.9727389396281861 0.19871636121016206
    outer loop
      vertex 2.6721951961517334 2.518507957458496 2.1220173835754395
      vertex 2.5962209701538086 2.5277135372161865 2.122659683227539
      vertex 2.59601092338562 2.5250699520111084 2.1357266902923584
    endloop
  endfacet
  facet normal 0.11954397985019746 0.9727389396281861 0.19871636121016206
    outer loop
      vertex 2.6721951961517334 2.518507957458496 2.1220173835754395
      vertex 2.59601092338562 2.5250699520111084 2.1357266902923584
      vertex 2.671985149383545 2.515864372253418 2.135084390640259
    endloop
  endfacet
  facet normal 0.1195439575685658 0.972738658930367 0.19871774865672093
    outer loop
      vertex 2.671985149383545 2.515864372253418 2.135084390640259
      vertex 2.59601092338562 2.5250699520111084 2.1357266902923584
      vertex 2.5958011150360107 2.5224263668060303 2.1487934589385986
    endloop
  endfacet
  facet normal 0.11954339896335657 0.9727394379086088 0.19871427150944967
    outer loop
      vertex 2.671985149383545 2.515864372253418 2.135084390640259
      vertex 2.5958011150360107 2.5224263668060303 2.1487934589385986
      vertex 2.6717753410339355 2.51322078704834 2.148151397705078
    endloop
  endfacet
  facet normal 0.11954339896335657 0.9727394379086088 0.19871427150944967
    outer loop
      vertex 2.6724050045013428 2.521151542663574 2.108950614929199
      vertex 2.596430778503418 2.5303571224212646 2.1095926761627197
      vertex 2.5962209701538086 2.5277135372161865 2.122659683227539
    endloop
  endfacet
  facet normal 0.1195439575685658 0.972738658930367 0.19871774865672093
    outer loop
      vertex 2.6724050045013428 2.521151542663574 2.108950614929199
      vertex 2.5962209701538086 2.5277135372161865 2.122659683227539
      vertex 2.6721951961517334 2.518507957458496 2.1220173835754395
    endloop
  endfacet
  facet normal 0.11954300402511918 0.972739753277874 0.19871296530813298
    outer loop
      vertex 1.9880071878433228 2.5960710048675537 2.1539306640625
      vertex 1.8356388807296753 2.6091949939727783 2.1813488006591797
      vertex 1.9489916563034058 2.5954604148864746 2.1803908348083496
    endloop
  endfacet
  facet normal 0.11954359537216494 0.9727395611505864 0.1987135500615422
    outer loop
      vertex 2.063981294631958 2.5868654251098633 2.1532886028289795
      vertex 1.9880071878433228 2.5960710048675537 2.1539306640625
      vertex 2.0623443126678467 2.581725835800171 2.1794326305389404
    endloop
  endfacet
  facet normal 0.11954352741546526 0.9727395323455761 0.19871373194919897
    outer loop
      vertex 1.9489916563034058 2.5954604148864746 2.1803908348083496
      vertex 2.0623443126678467 2.581725835800171 2.1794326305389404
      vertex 1.9880071878433228 2.5960710048675537 2.1539306640625
    endloop
  endfacet
  facet normal 0.11954396887407709 0.9727384077889876 0.1987189712080322
    outer loop
      vertex 1.84364652633667 2.616231918334961 2.142085552215576
      vertex 1.8356388807296753 2.6091949939727783 2.1813488006591797
      vertex 1.9880071878433228 2.5960710048675537 2.1539306640625
    endloop
  endfacet
  facet normal 0.11954440602036552 0.9727383648924779 0.19871891821250007
    outer loop
      vertex 1.9660111665725708 2.6053988933563232 2.121502161026001
      vertex 1.84364652633667 2.616231918334961 2.142085552215576
      vertex 1.9882169961929321 2.598714590072632 2.1408636569976807
    endloop
  endfacet
  facet normal 0.11954448080185785 0.9727393068260033 0.19871426236050796
    outer loop
      vertex 1.9882169961929321 2.598714590072632 2.1408636569976807
      vertex 1.84364652633667 2.616231918334961 2.142085552215576
      vertex 1.9880071878433228 2.5960710048675537 2.1539306640625
    endloop
  endfacet
  facet normal 0.11954333738912397 0.9727410129694829 0.19870659821197267
    outer loop
      vertex 2.0274124145507812 2.595651626586914 2.132277727127075
      vertex 1.9882169961929321 2.598714590072632 2.1408636569976807
      vertex 2.0641913414001465 2.5895090103149414 2.14022159576416
    endloop
  endfacet
  facet normal 0.11954365531757119 0.9727395533309434 0.19871355227771934
    outer loop
      vertex 2.139955759048462 2.577659845352173 2.15264630317688
      vertex 2.063981294631958 2.5868654251098633 2.1532886028289795
      vertex 2.0623443126678467 2.581725835800171 2.1794326305389404
    endloop
  endfacet
  facet normal 0.11954302506148681 0.9727400182441465 0.19871165558549073
    outer loop
      vertex 2.139955759048462 2.577659845352173 2.15264630317688
      vertex 2.0623443126678467 2.581725835800171 2.1794326305389404
      vertex 2.175697088241577 2.567991256713867 2.1784746646881104
    endloop
  endfacet
  facet normal 0.11954358715631057 0.9727418606586279 0.1987022981552862
    outer loop
      vertex 2.291694164276123 2.556605100631714 2.164428949356079
      vertex 2.175697088241577 2.567991256713867 2.1784746646881104
      vertex 2.2890498638153076 2.5542566776275635 2.177516460418701
    endloop
  endfacet
  facet normal 0.11954322264845535 0.9727419183824433 0.19870223486530314
    outer loop
      vertex 2.367668628692627 2.5473995208740234 2.1637868881225586
      vertex 2.291694164276123 2.556605100631714 2.164428949356079
      vertex 2.2890498638153076 2.5542566776275635 2.177516460418701
    endloop
  endfacet
  facet normal 0.11954340521976976 0.9727416555797954 0.19870341156693996
    outer loop
      vertex 2.367668628692627 2.5473995208740234 2.1637868881225586
      vertex 2.2890498638153076 2.5542566776275635 2.177516460418701
      vertex 2.402402400970459 2.5405220985412598 2.176558494567871
    endloop
  endfacet
  facet normal 0.11954434614469552 0.9727402143423393 0.1987099008757669
    outer loop
      vertex 2.139955759048462 2.577659845352173 2.15264630317688
      vertex 2.175697088241577 2.567991256713867 2.1784746646881104
      vertex 2.291694164276123 2.556605100631714 2.164428949356079
    endloop
  endfacet
  facet normal 0.11954330937828138 0.972738309560038 0.19871984877502402
    outer loop
      vertex 2.291694164276123 2.556605100631714 2.164428949356079
      vertex 2.2919042110443115 2.559248685836792 2.151362180709839
      vertex 2.139955759048462 2.577659845352173 2.15264630317688
    endloop
  endfacet
  facet normal 0.11953945260036641 0.972740017525683 0.19871380821709037
    outer loop
      vertex 2.3678784370422363 2.5500431060791016 2.1507198810577393
      vertex 2.402402400970459 2.5405220985412598 2.176558494567871
      vertex 2.410437822341919 2.5488619804382324 2.130899429321289
    endloop
  endfacet
  facet normal 0.11953906344413141 0.9727399632166182 0.1987143081718886
    outer loop
      vertex 2.367668628692627 2.5473995208740234 2.1637868881225586
      vertex 2.402402400970459 2.5405220985412598 2.176558494567871
      vertex 2.3678784370422363 2.5500431060791016 2.1507198810577393
    endloop
  endfacet
  facet normal 0.11954582851625081 0.9727419104677053 0.19870070584676325
    outer loop
      vertex 1.8911110162734985 2.618487596511841 2.1024889945983887
      vertex 1.851654052734375 2.6232686042785645 2.1028223037719727
      vertex 1.9660111665725708 2.6053988933563232 2.121502161026001
    endloop
  endfacet
  facet normal 0.11954350351763642 0.9727397172352571 0.1987128412554178
    outer loop
      vertex 1.9660111665725708 2.6053988933563232 2.121502161026001
      vertex 1.851654052734375 2.6232686042785645 2.1028223037719727
      vertex 1.84364652633667 2.616231918334961 2.142085552215576
    endloop
  endfacet
  facet normal 0.11954106233169323 0.9727380169186745 0.1987226329780651
    outer loop
      vertex 1.9967117309570312 2.600525379180908 2.126889944076538
      vertex 1.9660111665725708 2.6053988933563232 2.121502161026001
      vertex 1.9882169961929321 2.598714590072632 2.1408636569976807
    endloop
  endfacet
  facet normal 0.11954728479269042 0.9727365190846354 0.19872622156575617
    outer loop
      vertex 1.9967117309570312 2.600525379180908 2.126889944076538
      vertex 1.9882169961929321 2.598714590072632 2.1408636569976807
      vertex 2.0274124145507812 2.595651626586914 2.132277727127075
    endloop
  endfacet
  facet normal 0.11954094323245608 0.9727389901755645 0.1987179405169992
    outer loop
      vertex 1.9660111665725708 2.6053988933563232 2.121502161026001
      vertex 1.930567979812622 2.6137068271636963 2.1021554470062256
      vertex 1.8911110162734985 2.618487596511841 2.1024889945983887
    endloop
  endfacet
  facet normal 0.11954726661589421 0.9727404513712151 0.1987069835481211
    outer loop
      vertex 1.970024824142456 2.6089258193969727 2.1018218994140625
      vertex 1.930567979812622 2.6137068271636963 2.1021554470062256
      vertex 1.9660111665725708 2.6053988933563232 2.121502161026001
    endloop
  endfacet
  facet normal 0.11954145280631084 0.9727396737147325 0.19871428796720322
    outer loop
      vertex 2.0274124145507812 2.595651626586914 2.132277727127075
      vertex 2.064401149749756 2.5921525955200195 2.127154588699341
      vertex 2.0646109580993652 2.5947961807250977 2.1140875816345215
    endloop
  endfacet
  facet normal 0.11954145280631084 0.9727396737147325 0.19871428796720322
    outer loop
      vertex 2.0641913414001465 2.5895090103149414 2.14022159576416
      vertex 2.064401149749756 2.5921525955200195 2.127154588699341
      vertex 2.0274124145507812 2.595651626586914 2.132277727127075
    endloop
  endfacet
  facet normal 0.11954340861669177 0.972739559496041 0.1987136705104883
    outer loop
      vertex 2.334818124771118 2.564724922180176 2.098738670349121
      vertex 2.2923238277435303 2.5645358562469482 2.1252281665802
      vertex 2.368298053741455 2.555330276489258 2.1245861053466797
    endloop
  endfacet
  facet normal 0.1195437062280081 0.9727394006785398 0.19871426891098393
    outer loop
      vertex 2.14058518409729 2.5855906009674072 2.113445520401001
      vertex 2.1403753757476807 2.582947015762329 2.1265125274658203
      vertex 2.2923238277435303 2.5645358562469482 2.1252281665802
    endloop
  endfacet
  facet normal 0.11954356595780818 0.9727389788463845 0.1987164182220084
    outer loop
      vertex 2.1340949535369873 2.589046001434326 2.100435256958008
      vertex 2.033733606338501 2.6012065410614014 2.101283311843872
      vertex 2.0646109580993652 2.5947961807250977 2.1140875816345215
    endloop
  endfacet
  facet normal 0.1195433811781096 0.9727392138971762 0.1987153787788172
    outer loop
      vertex 2.1340949535369873 2.589046001434326 2.100435256958008
      vertex 2.0646109580993652 2.5947961807250977 2.1140875816345215
      vertex 2.14058518409729 2.5855906009674072 2.113445520401001
    endloop
  endfacet
  facet normal 0.119543683129294 0.9727393582408156 0.1987144905464349
    outer loop
      vertex 2.14058518409729 2.5855906009674072 2.113445520401001
      vertex 2.2923238277435303 2.5645358562469482 2.1252281665802
      vertex 2.2344565391540527 2.576885461807251 2.0995869636535645
    endloop
  endfacet
  facet normal 0.11954378571551955 0.9727393898215404 0.1987142742392187
    outer loop
      vertex 2.334818124771118 2.564724922180176 2.098738670349121
      vertex 2.2344565391540527 2.576885461807251 2.0995869636535645
      vertex 2.2923238277435303 2.5645358562469482 2.1252281665802
    endloop
  endfacet
  facet normal 0.11954377113301415 0.9727392061348824 0.1987151821864051
    outer loop
      vertex 2.1340949535369873 2.589046001434326 2.100435256958008
      vertex 2.14058518409729 2.5855906009674072 2.113445520401001
      vertex 2.2344565391540527 2.576885461807251 2.0995869636535645
    endloop
  endfacet
  facet normal 0.1195438033191272 0.9727396115637349 0.19871317818109593
    outer loop
      vertex 2.334818124771118 2.564724922180176 2.098738670349121
      vertex 2.368298053741455 2.555330276489258 2.1245861053466797
      vertex 2.4351797103881836 2.5525643825531006 2.0978903770446777
    endloop
  endfacet
  facet normal 0.11954304550254388 0.97273880426811 0.19871758589270494
    outer loop
      vertex 2.0646109580993652 2.5947961807250977 2.1140875816345215
      vertex 2.033733606338501 2.6012065410614014 2.101283311843872
      vertex 2.0274124145507812 2.595651626586914 2.132277727127075
    endloop
  endfacet
  facet normal 0.11954016448135198 0.9727391185185005 0.19871778073343654
    outer loop
      vertex 2.368298053741455 2.555330276489258 2.1245861053466797
      vertex 2.3680882453918457 2.5526866912841797 2.13765287399292
      vertex 2.410437822341919 2.5488619804382324 2.130899429321289
    endloop
  endfacet
  facet normal 0.11953216704102693 0.9727398813831559 0.19871885720575183
    outer loop
      vertex 2.476991891860962 2.5350284576416016 2.158578395843506
      vertex 2.4739339351654053 2.5318546295166016 2.1759538650512695
      vertex 2.48152494430542 2.5322694778442383 2.1693570613861084
    endloop
  endfacet
  facet normal 0.11954511425342823 0.9727353054059149 0.19873346792877203
    outer loop
      vertex 2.4739339351654053 2.5318546295166016 2.1759538650512695
      vertex 2.519512176513672 2.5276665687561035 2.1690361499786377
      vertex 2.48152494430542 2.5322694778442383 2.1693570613861084
    endloop
  endfacet
  facet normal 0.11954218700896274 0.9727402120851268 0.1987112108505621
    outer loop
      vertex 2.519512176513672 2.5276665687561035 2.1690361499786377
      vertex 2.4739339351654053 2.5318546295166016 2.1759538650512695
      vertex 2.56506609916687 2.520812511444092 2.1751837730407715
    endloop
  endfacet
  facet normal 0.1195468029607063 0.972740945314857 0.1987048444548657
    outer loop
      vertex 2.5196170806884766 2.5289883613586426 2.1625025272369385
      vertex 2.476991891860962 2.5350284576416016 2.158578395843506
      vertex 2.4816298484802246 2.5335912704467773 2.1628236770629883
    endloop
  endfacet
  facet normal 0.11954526949244643 0.9727384999681981 0.19871773756159422
    outer loop
      vertex 2.476991891860962 2.5350284576416016 2.158578395843506
      vertex 2.5196170806884766 2.5289883613586426 2.1625025272369385
      vertex 2.5197219848632812 2.5303101539611816 2.1559691429138184
    endloop
  endfacet
  facet normal 0.11954526949244643 0.9727384999681981 0.19871773756159422
    outer loop
      vertex 2.519826889038086 2.5316319465637207 2.1494357585906982
      vertex 2.476991891860962 2.5350284576416016 2.158578395843506
      vertex 2.5197219848632812 2.5303101539611816 2.1559691429138184
    endloop
  endfacet
  facet normal 0.11954345489473195 0.9727401423883608 0.19871078928458455
    outer loop
      vertex 2.5196170806884766 2.5289883613586426 2.1625025272369385
      vertex 2.519512176513672 2.5276665687561035 2.1690361499786377
      vertex 2.5955913066864014 2.519782781600952 2.161860466003418
    endloop
  endfacet
  facet normal 0.11954313591322517 0.9727417301125667 0.1987032087150146
    outer loop
      vertex 2.56506609916687 2.520812511444092 2.1751837730407715
      vertex 2.656198024749756 2.509770393371582 2.1744134426116943
      vertex 2.671565532684326 2.5105772018432617 2.1612184047698975
    endloop
  endfacet
  facet normal 0.11954352058347156 0.9727409697749086 0.19870669945394223
    outer loop
      vertex 2.56506609916687 2.520812511444092 2.1751837730407715
      vertex 2.671565532684326 2.5105772018432617 2.1612184047698975
      vertex 2.5955913066864014 2.519782781600952 2.161860466003418
    endloop
  endfacet
  facet normal 0.11954559825932322 0.9727408526596043 0.19870602281734312
    outer loop
      vertex 2.7473299503326416 2.498728036880493 2.173643112182617
      vertex 2.671565532684326 2.5105772018432617 2.1612184047698975
      vertex 2.656198024749756 2.509770393371582 2.1744134426116943
    endloop
  endfacet
  facet normal 0.11954348573104329 0.9727389306253088 0.19871670253202853
    outer loop
      vertex 2.7417969703674316 2.5074055194854736 2.1344943046569824
      vertex 2.6717753410339355 2.51322078704834 2.148151397705078
      vertex 2.744563341140747 2.5030667781829834 2.1540687084198
    endloop
  endfacet
  facet normal 0.11954374846075114 0.9727393955613544 0.19871426855382995
    outer loop
      vertex 2.671565532684326 2.5105772018432617 2.1612184047698975
      vertex 2.744563341140747 2.5030667781829834 2.1540687084198
      vertex 2.6717753410339355 2.51322078704834 2.148151397705078
    endloop
  endfacet
  facet normal 0.11954382340393843 0.9727391848171085 0.19871525509460833
    outer loop
      vertex 2.744563341140747 2.5030667781829834 2.1540687084198
      vertex 2.671565532684326 2.5105772018432617 2.1612184047698975
      vertex 2.7473299503326416 2.498728036880493 2.173643112182617
    endloop
  endfacet
  facet normal 0.11954308613174168 0.9727412306145801 0.1987056839160155
    outer loop
      vertex 2.56506609916687 2.520812511444092 2.1751837730407715
      vertex 2.5955913066864014 2.519782781600952 2.161860466003418
      vertex 2.519512176513672 2.5276665687561035 2.1690361499786377
    endloop
  endfacet
  facet normal 0.11954556674647074 0.9727381525612304 0.19871925931582352
    outer loop
      vertex 2.4800496101379395 2.5382022857666016 2.141202926635742
      vertex 2.476991891860962 2.5350284576416016 2.158578395843506
      vertex 2.519826889038086 2.5316319465637207 2.1494357585906982
    endloop
  endfacet
  facet normal 0.11954551619205492 0.9727417136159203 0.19870185743957683
    outer loop
      vertex 2.5200366973876953 2.534275531768799 2.136368751525879
      vertex 2.4452435970306396 2.543532133102417 2.1360511779785156
      vertex 2.4800496101379395 2.5382022857666016 2.141202926635742
    endloop
  endfacet
  facet normal 0.11954709680090259 0.972738278555439 0.19871772210720545
    outer loop
      vertex 2.4800496101379395 2.5382022857666016 2.141202926635742
      vertex 2.5199317932128906 2.5329537391662598 2.142902135848999
      vertex 2.5200366973876953 2.534275531768799 2.136368751525879
    endloop
  endfacet
  facet normal 0.11954757327438621 0.9727396433722444 0.1987107544554245
    outer loop
      vertex 2.5199317932128906 2.5329537391662598 2.142902135848999
      vertex 2.4800496101379395 2.5382022857666016 2.141202926635742
      vertex 2.519826889038086 2.5316319465637207 2.1494357585906982
    endloop
  endfacet
  facet normal 0.11954509461470467 0.9727388045513562 0.19871635180216016
    outer loop
      vertex 2.520246744155884 2.536919116973877 2.1233017444610596
      vertex 2.4452435970306396 2.543532133102417 2.1360511779785156
      vertex 2.5200366973876953 2.534275531768799 2.136368751525879
    endloop
  endfacet
  facet normal 0.11954379268470462 0.9727428406477018 0.1986973769308407
    outer loop
      vertex 2.410437822341919 2.5488619804382324 2.130899429321289
      vertex 2.520246744155884 2.536919116973877 2.1233017444610596
      vertex 2.368298053741455 2.555330276489258 2.1245861053466797
    endloop
  endfacet
  facet normal 0.11954344524403077 0.972738463998562 0.19871901106060694
    outer loop
      vertex 2.368298053741455 2.555330276489258 2.1245861053466797
      vertex 2.520246744155884 2.536919116973877 2.1233017444610596
      vertex 2.53554105758667 2.5404040813446045 2.0970420837402344
    endloop
  endfacet
  facet normal 0.11954188543986166 0.9727408551239505 0.19870824441428886
    outer loop
      vertex 2.368298053741455 2.555330276489258 2.1245861053466797
      vertex 2.53554105758667 2.5404040813446045 2.0970420837402344
      vertex 2.4351797103881836 2.5525643825531006 2.0978903770446777
    endloop
  endfacet
  facet normal 0.11954422984759955 0.9727382792302836 0.19871944351333942
    outer loop
      vertex 2.520246744155884 2.536919116973877 2.1233017444610596
      vertex 2.596430778503418 2.5303571224212646 2.1095926761627197
      vertex 2.53554105758667 2.5404040813446045 2.0970420837402344
    endloop
  endfacet
  facet normal 0.11954448396703002 0.972739709324545 0.19871229014898925
    outer loop
      vertex 2.520246744155884 2.536919116973877 2.1233017444610596
      vertex 2.410437822341919 2.5488619804382324 2.130899429321289
      vertex 2.4452435970306396 2.543532133102417 2.1360511779785156
    endloop
  endfacet
  facet normal 0.11953967943146566 0.9727398885823961 0.19871430296314882
    outer loop
      vertex 2.3680882453918457 2.5526866912841797 2.13765287399292
      vertex 2.3678784370422363 2.5500431060791016 2.1507198810577393
      vertex 2.410437822341919 2.5488619804382324 2.130899429321289
    endloop
  endfacet
  facet normal 0.11954293641517921 0.9727389800360257 0.19871679111667667
    outer loop
      vertex 2.739030599594116 2.511744260787964 2.114919900894165
      vertex 2.6721951961517334 2.518507957458496 2.1220173835754395
      vertex 2.7417969703674316 2.5074055194854736 2.1344943046569824
    endloop
  endfacet
  facet normal 0.11954302406300568 0.9727390554406274 0.19871636927628195
    outer loop
      vertex 2.671985149383545 2.515864372253418 2.135084390640259
      vertex 2.7417969703674316 2.5074055194854736 2.1344943046569824
      vertex 2.6721951961517334 2.518507957458496 2.1220173835754395
    endloop
  endfacet
  facet normal 0.1195436640283052 0.9727378570181807 0.1987218506213269
    outer loop
      vertex 2.53554105758667 2.5404040813446045 2.0970420837402344
      vertex 2.596430778503418 2.5303571224212646 2.1095926761627197
      vertex 2.6359026432037354 2.5282435417175293 2.096193790435791
    endloop
  endfacet
  facet normal 0.11954329536725382 0.9727381330888674 0.19872072103211144
    outer loop
      vertex 2.6724050045013428 2.521151542663574 2.108950614929199
      vertex 2.6359026432037354 2.5282435417175293 2.096193790435791
      vertex 2.596430778503418 2.5303571224212646 2.1095926761627197
    endloop
  endfacet
  facet normal 0.11954285934665364 0.9727385139269894 0.19871911911625006
    outer loop
      vertex 2.736264228820801 2.516083002090454 2.0953457355499268
      vertex 2.6724050045013428 2.521151542663574 2.108950614929199
      vertex 2.739030599594116 2.511744260787964 2.114919900894165
    endloop
  endfacet
  facet normal 0.11954321356043418 0.9727380991736077 0.19872093625927073
    outer loop
      vertex 2.6359026432037354 2.5282435417175293 2.096193790435791
      vertex 2.6724050045013428 2.521151542663574 2.108950614929199
      vertex 2.736264228820801 2.516083002090454 2.0953457355499268
    endloop
  endfacet
  facet normal 0.11954301796912072 0.9727387727779601 0.19871775660283267
    outer loop
      vertex 2.6724050045013428 2.521151542663574 2.108950614929199
      vertex 2.6721951961517334 2.518507957458496 2.1220173835754395
      vertex 2.739030599594116 2.511744260787964 2.114919900894165
    endloop
  endfacet
  facet normal 0.11954339896335657 0.9727394379086088 0.19871427150944967
    outer loop
      vertex 2.520246744155884 2.536919116973877 2.1233017444610596
      vertex 2.5962209701538086 2.5277135372161865 2.122659683227539
      vertex 2.596430778503418 2.5303571224212646 2.1095926761627197
    endloop
  endfacet
  facet normal 0.1195430577083226 0.9727394792570503 0.19871427439534178
    outer loop
      vertex 2.671985149383545 2.515864372253418 2.135084390640259
      vertex 2.6717753410339355 2.51322078704834 2.148151397705078
      vertex 2.7417969703674316 2.5074055194854736 2.1344943046569824
    endloop
  endfacet
  facet normal 0.1195345628171341 0.9727397972158963 0.1987178280992763
    outer loop
      vertex 2.4816298484802246 2.5335912704467773 2.1628236770629883
      vertex 2.476991891860962 2.5350284576416016 2.158578395843506
      vertex 2.48152494430542 2.5322694778442383 2.1693570613861084
    endloop
  endfacet
  facet normal -0.11954325915926241 -0.9727392177542135 -0.19871543330225405
    outer loop
      vertex 2.1049745082855225 2.523332357406616 2.1376922130584717
      vertex 2.1048171520233154 2.5213496685028076 2.1474924087524414
      vertex 2.00630259513855 2.5332863330841064 2.148325204849243
    endloop
  endfacet
  facet normal -0.11954278523267069 -0.9727392751778173 -0.19871543731011534
    outer loop
      vertex 2.006617307662964 2.5372517108917236 2.1287245750427246
      vertex 2.1051318645477295 2.525315046310425 2.127892017364502
      vertex 2.1049745082855225 2.523332357406616 2.1376922130584717
    endloop
  endfacet
  facet normal -0.11954305948148314 -0.9727397161319334 -0.1987131137830932
    outer loop
      vertex 2.00630259513855 2.5332863330841064 2.148325204849243
      vertex 2.006617307662964 2.5372517108917236 2.1287245750427246
      vertex 2.1049745082855225 2.523332357406616 2.1376922130584717
    endloop
  endfacet
  facet normal -0.11954358978340615 -0.9727494095830813 -0.19866533743324055
    outer loop
      vertex 2.154310464859009 2.518355131149292 2.132375717163086
      vertex 2.1542317867279053 2.517364025115967 2.1372759342193604
      vertex 2.1049745082855225 2.523332357406616 2.1376922130584717
    endloop
  endfacet
  facet normal -0.11954735051437855 -0.9727377735960928 -0.19872004127492696
    outer loop
      vertex 2.1051318645477295 2.525315046310425 2.127892017364502
      vertex 2.1543891429901123 2.5193464756011963 2.1274757385253906
      vertex 2.154310464859009 2.518355131149292 2.132375717163086
    endloop
  endfacet
  facet normal -0.11954789902598749 -0.9727386555500533 -0.19871539406182692
    outer loop
      vertex 2.1049745082855225 2.523332357406616 2.1376922130584717
      vertex 2.1051318645477295 2.525315046310425 2.127892017364502
      vertex 2.154310464859009 2.518355131149292 2.132375717163086
    endloop
  endfacet
  facet normal -0.11953807078061716 -0.9727388979781032 -0.19872011975236265
    outer loop
      vertex 2.1543891429901123 2.5193464756011963 2.1274757385253906
      vertex 2.1790177822113037 2.516362428665161 2.127267599105835
      vertex 2.1789391040802 2.515371084213257 2.1321675777435303
    endloop
  endfacet
  facet normal -0.11953807078061716 -0.9727388979781032 -0.19872011975236265
    outer loop
      vertex 2.1543891429901123 2.5193464756011963 2.1274757385253906
      vertex 2.1789391040802 2.515371084213257 2.1321675777435303
      vertex 2.154310464859009 2.518355131149292 2.132375717163086
    endloop
  endfacet
  facet normal -0.11953821992788792 -0.9727407766746667 -0.19871083355176702
    outer loop
      vertex 2.154310464859009 2.518355131149292 2.132375717163086
      vertex 2.1789391040802 2.515371084213257 2.1321675777435303
      vertex 2.1788604259490967 2.5143797397613525 2.1370677947998047
    endloop
  endfacet
  facet normal -0.11954822969866885 -0.9727488473696894 -0.19866529822003404
    outer loop
      vertex 2.154310464859009 2.518355131149292 2.132375717163086
      vertex 2.1788604259490967 2.5143797397613525 2.1370677947998047
      vertex 2.1542317867279053 2.517364025115967 2.1372759342193604
    endloop
  endfacet
  facet normal -0.11954735051437855 -0.9727377735960928 -0.19872004127492696
    outer loop
      vertex 2.1542317867279053 2.517364025115967 2.1372759342193604
      vertex 2.1788604259490967 2.5143797397613525 2.1370677947998047
      vertex 2.178781747817993 2.5133883953094482 2.1419677734375
    endloop
  endfacet
  facet normal -0.11954735051437855 -0.9727377735960928 -0.19872004127492696
    outer loop
      vertex 2.1542317867279053 2.517364025115967 2.1372759342193604
      vertex 2.178781747817993 2.5133883953094482 2.1419677734375
      vertex 2.1541531085968018 2.5163726806640625 2.1421759128570557
    endloop
  endfacet
  facet normal -0.11954749967951273 -0.9727396522897422 -0.1987107550778469
    outer loop
      vertex 2.1541531085968018 2.5163726806640625 2.1421759128570557
      vertex 2.178781747817993 2.5133883953094482 2.1419677734375
      vertex 2.1787030696868896 2.512397050857544 2.1468679904937744
    endloop
  endfacet
  facet normal -0.11954749967951273 -0.9727396522897422 -0.1987107550778469
    outer loop
      vertex 2.1541531085968018 2.5163726806640625 2.1421759128570557
      vertex 2.1787030696868896 2.512397050857544 2.1468679904937744
      vertex 2.1540744304656982 2.515381336212158 2.14707612991333
    endloop
  endfacet
  facet normal -0.11954285980768768 -0.9727402144925047 -0.1987107943169548
    outer loop
      vertex 2.1541531085968018 2.5163726806640625 2.1421759128570557
      vertex 2.1540744304656982 2.515381336212158 2.14707612991333
      vertex 2.1048171520233154 2.5213496685028076 2.1474924087524414
    endloop
  endfacet
  facet normal -0.11954271065148521 -0.9727383357973983 -0.19872008051579274
    outer loop
      vertex 2.1049745082855225 2.523332357406616 2.1376922130584717
      vertex 2.1542317867279053 2.517364025115967 2.1372759342193604
      vertex 2.1541531085968018 2.5163726806640625 2.1421759128570557
    endloop
  endfacet
  facet normal -0.11954325915926241 -0.9727392177542135 -0.19871543330225405
    outer loop
      vertex 2.1048171520233154 2.5213496685028076 2.1474924087524414
      vertex 2.1049745082855225 2.523332357406616 2.1376922130584717
      vertex 2.1541531085968018 2.5163726806640625 2.1421759128570557
    endloop
  endfacet
  facet normal -0.11954285980768768 -0.9727402144925047 -0.1987107943169548
    outer loop
      vertex 2.1539957523345947 2.514389991760254 2.1519761085510254
      vertex 2.153917074203491 2.5133986473083496 2.1568763256073
      vertex 2.1046597957611084 2.519366979598999 2.157292604446411
    endloop
  endfacet
  facet normal -0.11954271065148521 -0.9727383357973983 -0.19872008051579274
    outer loop
      vertex 2.1048171520233154 2.5213496685028076 2.1474924087524414
      vertex 2.1540744304656982 2.515381336212158 2.14707612991333
      vertex 2.1539957523345947 2.514389991760254 2.1519761085510254
    endloop
  endfacet
  facet normal -0.11954325915926241 -0.9727392177542135 -0.19871543330225405
    outer loop
      vertex 2.1046597957611084 2.519366979598999 2.157292604446411
      vertex 2.1048171520233154 2.5213496685028076 2.1474924087524414
      vertex 2.1539957523345947 2.514389991760254 2.1519761085510254
    endloop
  endfacet
  facet normal -0.11954735051437855 -0.9727377735960928 -0.19872004127492696
    outer loop
      vertex 2.1540744304656982 2.515381336212158 2.14707612991333
      vertex 2.1787030696868896 2.512397050857544 2.1468679904937744
      vertex 2.178624391555786 2.5114057064056396 2.1517679691314697
    endloop
  endfacet
  facet normal -0.11954735051437855 -0.9727377735960928 -0.19872004127492696
    outer loop
      vertex 2.1540744304656982 2.515381336212158 2.14707612991333
      vertex 2.178624391555786 2.5114057064056396 2.1517679691314697
      vertex 2.1539957523345947 2.514389991760254 2.1519761085510254
    endloop
  endfacet
  facet normal -0.11954749967951273 -0.9727396522897422 -0.1987107550778469
    outer loop
      vertex 2.1539957523345947 2.514389991760254 2.1519761085510254
      vertex 2.178624391555786 2.5114057064056396 2.1517679691314697
      vertex 2.1785457134246826 2.5104143619537354 2.156668186187744
    endloop
  endfacet
  facet normal -0.11954749967951273 -0.9727396522897422 -0.1987107550778469
    outer loop
      vertex 2.1539957523345947 2.514389991760254 2.1519761085510254
      vertex 2.1785457134246826 2.5104143619537354 2.156668186187744
      vertex 2.153917074203491 2.5133986473083496 2.1568763256073
    endloop
  endfacet
  facet normal -0.11954735051437855 -0.9727377735960928 -0.19872004127492696
    outer loop
      vertex 2.153917074203491 2.5133986473083496 2.1568763256073
      vertex 2.1785457134246826 2.5104143619537354 2.156668186187744
      vertex 2.178467035293579 2.509423017501831 2.1615681648254395
    endloop
  endfacet
  facet normal -0.11954939533876521 -0.9727394225907976 -0.1987107390451189
    outer loop
      vertex 2.153917074203491 2.5133986473083496 2.1568763256073
      vertex 2.178467035293579 2.509423017501831 2.1615681648254395
      vertex 2.1538383960723877 2.5124073028564453 2.161776542663574
    endloop
  endfacet
  facet normal -0.11953807078061716 -0.9727388979781032 -0.19872011975236265
    outer loop
      vertex 2.154940128326416 2.5262858867645264 2.093174934387207
      vertex 2.1795687675476074 2.523301839828491 2.0929667949676514
      vertex 2.179490089416504 2.522310495376587 2.0978667736053467
    endloop
  endfacet
  facet normal -0.1195401155922142 -0.9727405469927299 -0.19871081752256128
    outer loop
      vertex 2.154940128326416 2.5262858867645264 2.093174934387207
      vertex 2.179490089416504 2.522310495376587 2.0978667736053467
      vertex 2.1548614501953125 2.525294542312622 2.0980751514434814
    endloop
  endfacet
  facet normal -0.1195401155922142 -0.9727405469927299 -0.19871081752256128
    outer loop
      vertex 2.1548614501953125 2.525294542312622 2.0980751514434814
      vertex 2.179490089416504 2.522310495376587 2.0978667736053467
      vertex 2.1794114112854004 2.5213191509246826 2.102766990661621
    endloop
  endfacet
  facet normal -0.11953807078061716 -0.9727388979781032 -0.19872011975236265
    outer loop
      vertex 2.1548614501953125 2.525294542312622 2.0980751514434814
      vertex 2.1794114112854004 2.5213191509246826 2.102766990661621
      vertex 2.154782772064209 2.5243031978607178 2.1029751300811768
    endloop
  endfacet
  facet normal -0.11953821992788792 -0.9727407766746667 -0.19871083355176702
    outer loop
      vertex 2.154782772064209 2.5243031978607178 2.1029751300811768
      vertex 2.1794114112854004 2.5213191509246826 2.102766990661621
      vertex 2.179332733154297 2.5203278064727783 2.1076672077178955
    endloop
  endfacet
  facet normal -0.11953821992788792 -0.9727407766746667 -0.19871083355176702
    outer loop
      vertex 2.154782772064209 2.5243031978607178 2.1029751300811768
      vertex 2.179332733154297 2.5203278064727783 2.1076672077178955
      vertex 2.1547040939331055 2.5233118534088135 2.107875347137451
    endloop
  endfacet
  facet normal -0.11954749967951273 -0.9727396522897422 -0.1987107550778469
    outer loop
      vertex 2.154782772064209 2.5243031978607178 2.1029751300811768
      vertex 2.1547040939331055 2.5233118534088135 2.107875347137451
      vertex 2.1054468154907227 2.529280424118042 2.1082916259765625
    endloop
  endfacet
  facet normal -0.11954271065148521 -0.9727383357973983 -0.19872008051579274
    outer loop
      vertex 2.1056041717529297 2.5312628746032715 2.0984914302825928
      vertex 2.1548614501953125 2.525294542312622 2.0980751514434814
      vertex 2.154782772064209 2.5243031978607178 2.1029751300811768
    endloop
  endfacet
  facet normal -0.11954594408984687 -0.9727435346533685 -0.1986926849225656
    outer loop
      vertex 2.1054468154907227 2.529280424118042 2.1082916259765625
      vertex 2.1056041717529297 2.5312628746032715 2.0984914302825928
      vertex 2.154782772064209 2.5243031978607178 2.1029751300811768
    endloop
  endfacet
  facet normal -0.11954692945296658 -0.9727397213839641 -0.1987107599004526
    outer loop
      vertex 2.154625415802002 2.522320508956909 2.1127753257751465
      vertex 2.1545467376708984 2.521329164505005 2.117675542831421
      vertex 2.1052892208099365 2.5272977352142334 2.1180918216705322
    endloop
  endfacet
  facet normal -0.11954735051437855 -0.9727377735960928 -0.19872004127492696
    outer loop
      vertex 2.1054468154907227 2.529280424118042 2.1082916259765625
      vertex 2.1547040939331055 2.5233118534088135 2.107875347137451
      vertex 2.154625415802002 2.522320508956909 2.1127753257751465
    endloop
  endfacet
  facet normal -0.11954756904837445 -0.9727381249798803 -0.19871818976946015
    outer loop
      vertex 2.1052892208099365 2.5272977352142334 2.1180918216705322
      vertex 2.1054468154907227 2.529280424118042 2.1082916259765625
      vertex 2.154625415802002 2.522320508956909 2.1127753257751465
    endloop
  endfacet
  facet normal -0.11953807078061716 -0.9727388979781032 -0.19872011975236265
    outer loop
      vertex 2.1547040939331055 2.5233118534088135 2.107875347137451
      vertex 2.179332733154297 2.5203278064727783 2.1076672077178955
      vertex 2.1792540550231934 2.519336462020874 2.112567186355591
    endloop
  endfacet
  facet normal -0.11953807078061716 -0.9727388979781032 -0.19872011975236265
    outer loop
      vertex 2.1547040939331055 2.5233118534088135 2.107875347137451
      vertex 2.1792540550231934 2.519336462020874 2.112567186355591
      vertex 2.154625415802002 2.522320508956909 2.1127753257751465
    endloop
  endfacet
  facet normal -0.11953821992788792 -0.9727407766746667 -0.19871083355176702
    outer loop
      vertex 2.154625415802002 2.522320508956909 2.1127753257751465
      vertex 2.1792540550231934 2.519336462020874 2.112567186355591
      vertex 2.17917537689209 2.5183451175689697 2.1174674034118652
    endloop
  endfacet
  facet normal -0.11953821992788792 -0.9727407766746667 -0.19871083355176702
    outer loop
      vertex 2.154625415802002 2.522320508956909 2.1127753257751465
      vertex 2.17917537689209 2.5183451175689697 2.1174674034118652
      vertex 2.1545467376708984 2.521329164505005 2.117675542831421
    endloop
  endfacet
  facet normal -0.11953798105329487 -0.9727377677732197 -0.19872570602032347
    outer loop
      vertex 2.1545467376708984 2.521329164505005 2.117675542831421
      vertex 2.17917537689209 2.5183451175689697 2.1174674034118652
      vertex 2.1790964603424072 2.5173537731170654 2.1223673820495605
    endloop
  endfacet
  facet normal -0.11953798105329487 -0.9727377677732197 -0.19872570602032347
    outer loop
      vertex 2.1545467376708984 2.521329164505005 2.117675542831421
      vertex 2.1790964603424072 2.5173537731170654 2.1223673820495605
      vertex 2.154467821121216 2.5203378200531006 2.122575521469116
    endloop
  endfacet
  facet normal -0.11953821992788792 -0.9727407766746667 -0.19871083355176702
    outer loop
      vertex 2.154467821121216 2.5203378200531006 2.122575521469116
      vertex 2.1790964603424072 2.5173537731170654 2.1223673820495605
      vertex 2.1790177822113037 2.516362428665161 2.127267599105835
    endloop
  endfacet
  facet normal -0.11953821992788792 -0.9727407766746667 -0.19871083355176702
    outer loop
      vertex 2.154467821121216 2.5203378200531006 2.122575521469116
      vertex 2.1790177822113037 2.516362428665161 2.127267599105835
      vertex 2.1543891429901123 2.5193464756011963 2.1274757385253906
    endloop
  endfacet
  facet normal -0.11954749967951273 -0.9727396522897422 -0.1987107550778469
    outer loop
      vertex 2.154467821121216 2.5203378200531006 2.122575521469116
      vertex 2.1543891429901123 2.5193464756011963 2.1274757385253906
      vertex 2.1051318645477295 2.525315046310425 2.127892017364502
    endloop
  endfacet
  facet normal -0.11954669054432572 -0.9727367124042064 -0.19872563277281347
    outer loop
      vertex 2.1052892208099365 2.5272977352142334 2.1180918216705322
      vertex 2.1545467376708984 2.521329164505005 2.117675542831421
      vertex 2.154467821121216 2.5203378200531006 2.122575521469116
    endloop
  endfacet
  facet normal -0.11954789902598749 -0.9727386555500533 -0.19871539406182692
    outer loop
      vertex 2.1051318645477295 2.525315046310425 2.127892017364502
      vertex 2.1052892208099365 2.5272977352142334 2.1180918216705322
      vertex 2.154467821121216 2.5203378200531006 2.122575521469116
    endloop
  endfacet
  facet normal -0.11954329644200444 -0.9727396874204346 -0.19871311177920367
    outer loop
      vertex 1.9081027507781982 2.5491883754730225 2.1295573711395264
      vertex 2.006617307662964 2.5372517108917236 2.1287245750427246
      vertex 2.00630259513855 2.5332863330841064 2.148325204849243
    endloop
  endfacet
  facet normal -0.11954263146485253 -0.9727391511774216 -0.19871613681099884
    outer loop
      vertex 1.9081027507781982 2.5491883754730225 2.1295573711395264
      vertex 2.00630259513855 2.5332863330841064 2.148325204849243
      vertex 1.9077879190444946 2.5452229976654053 2.149157762527466
    endloop
  endfacet
  facet normal -0.11952823805920375 -0.9727411290383181 -0.19871511312358822
    outer loop
      vertex 2.178467035293579 2.509423017501831 2.1615681648254395
      vertex 2.1875410079956055 2.509324550628662 2.1565921306610107
      vertex 2.185150146484375 2.507612466812134 2.1664111614227295
    endloop
  endfacet
  facet normal -0.11954978326210439 -0.9727443115340656 -0.19868657151428376
    outer loop
      vertex 2.1538383960723877 2.5124073028564453 2.161776542663574
      vertex 2.178467035293579 2.509423017501831 2.1615681648254395
      vertex 2.185150146484375 2.507612466812134 2.1664111614227295
    endloop
  endfacet
  facet normal -0.11953100148344187 -0.9727397544739423 -0.19872017952472693
    outer loop
      vertex 2.1785457134246826 2.5104143619537354 2.156668186187744
      vertex 2.1875410079956055 2.509324550628662 2.1565921306610107
      vertex 2.178467035293579 2.509423017501831 2.1615681648254395
    endloop
  endfacet
  facet normal -0.11954967755117439 -0.9727375552128609 -0.19871971033573066
    outer loop
      vertex 2.189931631088257 2.5110363960266113 2.146773099899292
      vertex 2.178781747817993 2.5133883953094482 2.1419677734375
      vertex 2.1923224925994873 2.5127484798431396 2.1369540691375732
    endloop
  endfacet
  facet normal -0.11954173563148661 -0.9727441105622805 -0.19869239746052084
    outer loop
      vertex 2.189931631088257 2.5110363960266113 2.146773099899292
      vertex 2.1875410079956055 2.509324550628662 2.1565921306610107
      vertex 2.178624391555786 2.5114057064056396 2.1517679691314697
    endloop
  endfacet
  facet normal -0.11953115057973618 -0.9727416331772527 -0.19871089332176955
    outer loop
      vertex 2.1875410079956055 2.509324550628662 2.1565921306610107
      vertex 2.1785457134246826 2.5104143619537354 2.156668186187744
      vertex 2.178624391555786 2.5114057064056396 2.1517679691314697
    endloop
  endfacet
  facet normal -0.11954285980768768 -0.9727402144925047 -0.1987107943169548
    outer loop
      vertex 2.1046597957611084 2.519366979598999 2.157292604446411
      vertex 2.153917074203491 2.5133986473083496 2.1568763256073
      vertex 2.1538383960723877 2.5124073028564453 2.161776542663574
    endloop
  endfacet
  facet normal -0.11955384045191458 -0.9727388839578333 -0.19871070144727304
    outer loop
      vertex 2.189931631088257 2.5110363960266113 2.146773099899292
      vertex 2.1787030696868896 2.512397050857544 2.1468679904937744
      vertex 2.178781747817993 2.5133883953094482 2.1419677734375
    endloop
  endfacet
  facet normal -0.11954993800995702 -0.9727393568341187 -0.19871073445528883
    outer loop
      vertex 2.1923224925994873 2.5127484798431396 2.1369540691375732
      vertex 2.1788604259490967 2.5143797397613525 2.1370677947998047
      vertex 2.1789391040802 2.515371084213257 2.1321675777435303
    endloop
  endfacet
  facet normal -0.11954978880913311 -0.9727374781449909 -0.19872002065170719
    outer loop
      vertex 2.1923224925994873 2.5127484798431396 2.1369540691375732
      vertex 2.178781747817993 2.5133883953094482 2.1419677734375
      vertex 2.1788604259490967 2.5143797397613525 2.1370677947998047
    endloop
  endfacet
  facet normal -0.11955369127181659 -0.9727370052665093 -0.1987199876419738
    outer loop
      vertex 2.189931631088257 2.5110363960266113 2.146773099899292
      vertex 2.178624391555786 2.5114057064056396 2.1517679691314697
      vertex 2.1787030696868896 2.512397050857544 2.1468679904937744
    endloop
  endfacet
  facet normal -0.11954291937984482 -0.9727371878072871 -0.19872557430515717
    outer loop
      vertex 2.1538383960723877 2.5124073028564453 2.161776542663574
      vertex 2.185150146484375 2.507612466812134 2.1664111614227295
      vertex 2.091102361679077 2.519007921218872 2.167206048965454
    endloop
  endfacet
  facet normal -0.11954937530292242 -0.9727391299742767 -0.198712183525742
    outer loop
      vertex 2.1947131156921387 2.514460563659668 2.1271347999572754
      vertex 2.1923224925994873 2.5127484798431396 2.1369540691375732
      vertex 2.1789391040802 2.515371084213257 2.1321675777435303
    endloop
  endfacet
  facet normal -0.11954894612843253 -0.9727376771444011 -0.19871955350014242
    outer loop
      vertex 2.1947131156921387 2.514460563659668 2.1271347999572754
      vertex 2.1790964603424072 2.5173537731170654 2.1223673820495605
      vertex 2.197103977203369 2.5161726474761963 2.1173157691955566
    endloop
  endfacet
  facet normal -0.11955176130930946 -0.9727372391304192 -0.19872000396731973
    outer loop
      vertex 2.1789391040802 2.515371084213257 2.1321675777435303
      vertex 2.1790177822113037 2.516362428665161 2.127267599105835
      vertex 2.1947131156921387 2.514460563659668 2.1271347999572754
    endloop
  endfacet
  facet normal -0.11954900212017637 -0.9727382404198563 -0.19871676254647427
    outer loop
      vertex 2.1792540550231934 2.519336462020874 2.112567186355591
      vertex 2.1994946002960205 2.5178847312927246 2.107496738433838
      vertex 2.197103977203369 2.5161726474761963 2.1173157691955566
    endloop
  endfacet
  facet normal -0.11954765071617666 -0.9727378930941919 -0.19871927573065296
    outer loop
      vertex 2.1994946002960205 2.5178847312927246 2.107496738433838
      vertex 2.1794114112854004 2.5213191509246826 2.102766990661621
      vertex 2.201885461807251 2.519596815109253 2.097677707672119
    endloop
  endfacet
  facet normal -0.11954770118754136 -0.9727394090428232 -0.1987118245998298
    outer loop
      vertex 2.201885461807251 2.519596815109253 2.097677707672119
      vertex 2.1795687675476074 2.523301839828491 2.0929667949676514
      vertex 2.2042760848999023 2.5213088989257812 2.0878584384918213
    endloop
  endfacet
  facet normal -0.11955191038815395 -0.9727391178341684 -0.19871071777271265
    outer loop
      vertex 2.1790964603424072 2.5173537731170654 2.1223673820495605
      vertex 2.1947131156921387 2.514460563659668 2.1271347999572754
      vertex 2.1790177822113037 2.516362428665161 2.127267599105835
    endloop
  endfacet
  facet normal -0.11955054848916868 -0.9727362448950326 -0.19872560032227815
    outer loop
      vertex 2.197103977203369 2.5161726474761963 2.1173157691955566
      vertex 2.1790964603424072 2.5173537731170654 2.1223673820495605
      vertex 2.17917537689209 2.5183451175689697 2.1174674034118652
    endloop
  endfacet
  facet normal -0.11955078731189148 -0.972739253921717 -0.19871072727190303
    outer loop
      vertex 2.197103977203369 2.5161726474761963 2.1173157691955566
      vertex 2.17917537689209 2.5183451175689697 2.1174674034118652
      vertex 2.1792540550231934 2.519336462020874 2.112567186355591
    endloop
  endfacet
  facet normal -0.11954991303466524 -0.972739359860437 -0.19871073466652736
    outer loop
      vertex 2.1994946002960205 2.5178847312927246 2.107496738433838
      vertex 2.179332733154297 2.5203278064727783 2.1076672077178955
      vertex 2.1794114112854004 2.5213191509246826 2.102766990661621
    endloop
  endfacet
  facet normal -0.11954572498009734 -0.9727379705607238 -0.1987200550231083
    outer loop
      vertex 2.201885461807251 2.519596815109253 2.097677707672119
      vertex 2.179490089416504 2.522310495376587 2.0978667736053467
      vertex 2.1795687675476074 2.523301839828491 2.0929667949676514
    endloop
  endfacet
  facet normal -0.1195458742271594 -0.9727398492445776 -0.19871076882469305
    outer loop
      vertex 2.201885461807251 2.519596815109253 2.097677707672119
      vertex 2.1794114112854004 2.5213191509246826 2.102766990661621
      vertex 2.179490089416504 2.522310495376587 2.0978667736053467
    endloop
  endfacet
  facet normal -0.11954976390225318 -0.9727374811630175 -0.19872002086237692
    outer loop
      vertex 2.1994946002960205 2.5178847312927246 2.107496738433838
      vertex 2.1792540550231934 2.519336462020874 2.112567186355591
      vertex 2.179332733154297 2.5203278064727783 2.1076672077178955
    endloop
  endfacet
  facet normal -0.11953894986016858 -0.9727499717758722 -0.1986653766421523
    outer loop
      vertex 2.154940128326416 2.5262858867645264 2.093174934387207
      vertex 2.2042760848999023 2.5213088989257812 2.0878584384918213
      vertex 2.1795687675476074 2.523301839828491 2.0929667949676514
    endloop
  endfacet
  facet normal -0.11954325915926241 -0.9727392177542135 -0.19871543330225405
    outer loop
      vertex 2.00630259513855 2.5332863330841064 2.148325204849243
      vertex 2.1048171520233154 2.5213496685028076 2.1474924087524414
      vertex 2.1046597957611084 2.519366979598999 2.157292604446411
    endloop
  endfacet
  facet normal -0.11954228366709868 -0.9727392881623343 -0.1987156754790374
    outer loop
      vertex 2.1538383960723877 2.5124073028564453 2.161776542663574
      vertex 2.091102361679077 2.519007921218872 2.167206048965454
      vertex 2.1046597957611084 2.519366979598999 2.157292604446411
    endloop
  endfacet
  facet normal -0.11954292144574442 -0.9727386747398705 -0.19871829457183118
    outer loop
      vertex 2.1046597957611084 2.519366979598999 2.157292604446411
      vertex 1.9970543384552002 2.5304033756256104 2.1680009365081787
      vertex 2.00630259513855 2.5332863330841064 2.148325204849243
    endloop
  endfacet
  facet normal -0.11954278523267069 -0.9727392751778173 -0.19871543731011534
    outer loop
      vertex 2.006617307662964 2.5372517108917236 2.1287245750427246
      vertex 2.1052892208099365 2.5272977352142334 2.1180918216705322
      vertex 2.1051318645477295 2.525315046310425 2.127892017364502
    endloop
  endfacet
  facet normal -0.11954276921830946 -0.9727390942747958 -0.19871633248695988
    outer loop
      vertex 1.9970543384552002 2.5304033756256104 2.1680009365081787
      vertex 2.1046597957611084 2.519366979598999 2.157292604446411
      vertex 2.091102361679077 2.519007921218872 2.167206048965454
    endloop
  endfacet
  facet normal -0.11954291008272784 -0.9727389696483325 -0.19871685780641096
    outer loop
      vertex 1.9970543384552002 2.5304033756256104 2.1680009365081787
      vertex 1.9030064344406128 2.5417988300323486 2.1687958240509033
      vertex 1.9077879190444946 2.5452229976654053 2.149157762527466
    endloop
  endfacet
  facet normal -0.11954259907872893 -0.9727387432598197 -0.19871815308825866
    outer loop
      vertex 1.9970543384552002 2.5304033756256104 2.1680009365081787
      vertex 1.9077879190444946 2.5452229976654053 2.149157762527466
      vertex 2.00630259513855 2.5332863330841064 2.148325204849243
    endloop
  endfacet
  facet normal -0.11954533152867279 -0.9727385660021736 -0.19871737699993625
    outer loop
      vertex 1.9077879190444946 2.5452229976654053 2.149157762527466
      vertex 1.9030064344406128 2.5417988300323486 2.1687958240509033
      vertex 1.8089585304260254 2.553194522857666 2.169590711593628
    endloop
  endfacet
  facet normal -0.11954321737213329 -0.9727386913479095 -0.19871803525366152
    outer loop
      vertex 2.001438617706299 2.5402719974517822 2.1170554161071777
      vertex 2.006617307662964 2.5372517108917236 2.1287245750427246
      vertex 1.9081027507781982 2.5491883754730225 2.1295573711395264
    endloop
  endfacet
  facet normal -0.11954444196978006 -0.9727389318033767 -0.19871612151045925
    outer loop
      vertex 1.9077879190444946 2.5452229976654053 2.149157762527466
      vertex 1.81696617603302 2.5602312088012695 2.1303277015686035
      vertex 1.9081027507781982 2.5491883754730225 2.1295573711395264
    endloop
  endfacet
  facet normal -0.11954480529334087 -0.9727392012651305 -0.19871458388717494
    outer loop
      vertex 1.81696617603302 2.5602312088012695 2.1303277015686035
      vertex 1.9077879190444946 2.5452229976654053 2.149157762527466
      vertex 1.8089585304260254 2.553194522857666 2.169590711593628
    endloop
  endfacet
  facet normal -0.11954301667606686 -0.972738697491908 -0.19871812591138124
    outer loop
      vertex 2.1052892208099365 2.5272977352142334 2.1180918216705322
      vertex 2.006617307662964 2.5372517108917236 2.1287245750427246
      vertex 2.001438617706299 2.5402719974517822 2.1170554161071777
    endloop
  endfacet
  facet normal -0.11954447815557458 -0.9727393876119992 -0.19871386849121628
    outer loop
      vertex 1.81696617603302 2.5602312088012695 2.1303277015686035
      vertex 1.9400373697280884 2.5500190258026123 2.1062796115875244
      vertex 1.9081027507781982 2.5491883754730225 2.1295573711395264
    endloop
  endfacet
  facet normal -0.11954443490387881 -0.9727398550681287 -0.19871160621752415
    outer loop
      vertex 2.0070531368255615 2.54520583152771 2.0895254611968994
      vertex 2.1056041717529297 2.5312628746032715 2.0984914302825928
      vertex 2.001438617706299 2.5402719974517822 2.1170554161071777
    endloop
  endfacet
  facet normal -0.11954285980768768 -0.9727402144925047 -0.1987107943169548
    outer loop
      vertex 2.154940128326416 2.5262858867645264 2.093174934387207
      vertex 2.1548614501953125 2.525294542312622 2.0980751514434814
      vertex 2.1056041717529297 2.5312628746032715 2.0984914302825928
    endloop
  endfacet
  facet normal -0.11954466161250284 -0.9727357171544435 -0.19873172482515816
    outer loop
      vertex 2.154940128326416 2.5262858867645264 2.093174934387207
      vertex 2.1056041717529297 2.5312628746032715 2.0984914302825928
      vertex 2.1056647300720215 2.533257484436035 2.0886919498443604
    endloop
  endfacet
  facet normal -0.11954205873811946 -0.9727360274162377 -0.19873177189148283
    outer loop
      vertex 2.0070531368255615 2.54520583152771 2.0895254611968994
      vertex 2.1056647300720215 2.533257484436035 2.0886919498443604
      vertex 2.1056041717529297 2.5312628746032715 2.0984914302825928
    endloop
  endfacet
  facet normal -0.11954466161250284 -0.9727357171544435 -0.19873172482515816
    outer loop
      vertex 2.2042760848999023 2.5213088989257812 2.0878584384918213
      vertex 2.154940128326416 2.5262858867645264 2.093174934387207
      vertex 2.1056647300720215 2.533257484436035 2.0886919498443604
    endloop
  endfacet
  facet normal -0.11954143511027777 -0.9727440809905953 -0.1986927230412257
    outer loop
      vertex 2.001438617706299 2.5402719974517822 2.1170554161071777
      vertex 2.1056041717529297 2.5312628746032715 2.0984914302825928
      vertex 2.1054468154907227 2.529280424118042 2.1082916259765625
    endloop
  endfacet
  facet normal -0.11954320289724683 -0.9727398980078953 -0.19871213718506758
    outer loop
      vertex 1.9707379341125488 2.5451455116271973 2.1116673946380615
      vertex 1.9081027507781982 2.5491883754730225 2.1295573711395264
      vertex 1.9400373697280884 2.5500190258026123 2.1062796115875244
    endloop
  endfacet
  facet normal -0.11954208070489546 -0.972740884035262 -0.19870798541337292
    outer loop
      vertex 1.9081027507781982 2.5491883754730225 2.1295573711395264
      vertex 1.9707379341125488 2.5451455116271973 2.1116673946380615
      vertex 2.001438617706299 2.5402719974517822 2.1170554161071777
    endloop
  endfacet
  facet normal -0.1195408890110225 -0.9727383071188083 -0.19872131671788407
    outer loop
      vertex 1.9400373697280884 2.5500190258026123 2.1062796115875244
      vertex 1.9038875102996826 2.557706117630005 2.090397357940674
      vertex 1.9433444738388062 2.5529253482818604 2.0900638103485107
    endloop
  endfacet
  facet normal -0.11954065446522924 -0.9727353524913395 -0.19873592011404045
    outer loop
      vertex 1.9400373697280884 2.5500190258026123 2.1062796115875244
      vertex 1.824973702430725 2.567267894744873 2.091064453125
      vertex 1.8644306659698486 2.5624871253967285 2.090730905532837
    endloop
  endfacet
  facet normal -0.11954725368140252 -0.9727402884357994 -0.19870778895421312
    outer loop
      vertex 1.8644306659698486 2.5624871253967285 2.090730905532837
      vertex 1.9038875102996826 2.557706117630005 2.090397357940674
      vertex 1.9400373697280884 2.5500190258026123 2.1062796115875244
    endloop
  endfacet
  facet normal -0.11954432207266809 -0.9727395872942274 -0.19871298490748507
    outer loop
      vertex 1.81696617603302 2.5602312088012695 2.1303277015686035
      vertex 1.824973702430725 2.567267894744873 2.091064453125
      vertex 1.9400373697280884 2.5500190258026123 2.1062796115875244
    endloop
  endfacet
  facet normal -0.1195430130997756 -0.9727386770364684 -0.19871822819350987
    outer loop
      vertex 2.001438617706299 2.5402719974517822 2.1170554161071777
      vertex 2.1054468154907227 2.529280424118042 2.1082916259765625
      vertex 2.1052892208099365 2.5272977352142334 2.1180918216705322
    endloop
  endfacet
  facet normal -0.015738172450118555 -0.19826555946005836 0.9800219782535086
    outer loop
      vertex 2.5495052337646484 2.500485420227051 2.17082142829895
      vertex 2.5486085414886475 2.493189811706543 2.1693310737609863
      vertex 2.6268694400787354 2.4837071895599365 2.1686694622039795
    endloop
  endfacet
  facet normal -0.01573823225780768 -0.19826604612174323 0.980021878837738
    outer loop
      vertex 2.628662586212158 2.498298406600952 2.1716501712799072
      vertex 2.5504016876220703 2.5077810287475586 2.172311782836914
      vertex 2.5495052337646484 2.500485420227051 2.17082142829895
    endloop
  endfacet
  facet normal -0.015738225978309844 -0.19826579992798804 0.9800219287454596
    outer loop
      vertex 2.6268694400787354 2.4837071895599365 2.1686694622039795
      vertex 2.628662586212158 2.498298406600952 2.1716501712799072
      vertex 2.5495052337646484 2.500485420227051 2.17082142829895
    endloop
  endfacet
  facet normal -0.015740519411015858 -0.19826527505258026 0.9800219980985101
    outer loop
      vertex 2.5504016876220703 2.5077810287475586 2.172311782836914
      vertex 2.5512983798980713 2.5150766372680664 2.173802137374878
      vertex 2.5121679306030273 2.51981782913208 2.174132823944092
    endloop
  endfacet
  facet normal -0.015740519411015858 -0.19826527505258026 0.9800219980985101
    outer loop
      vertex 2.5504016876220703 2.5077810287475586 2.172311782836914
      vertex 2.5121679306030273 2.51981782913208 2.174132823944092
      vertex 2.5112712383270264 2.5125222206115723 2.172642469406128
    endloop
  endfacet
  facet normal -0.015741709859817904 -0.19826513079216854 0.9800220081623952
    outer loop
      vertex 2.5486085414886475 2.493189811706543 2.1693310737609863
      vertex 2.5495052337646484 2.500485420227051 2.17082142829895
      vertex 2.5103747844696045 2.5052268505096436 2.171152114868164
    endloop
  endfacet
  facet normal -0.015741709859817904 -0.19826513079216854 0.9800220081623952
    outer loop
      vertex 2.5486085414886475 2.493189811706543 2.1693310737609863
      vertex 2.5103747844696045 2.5052268505096436 2.171152114868164
      vertex 2.5094780921936035 2.4979312419891357 2.1696617603302
    endloop
  endfacet
  facet normal -0.015740579225864058 -0.19826576178705194 0.9800218986678992
    outer loop
      vertex 2.5495052337646484 2.500485420227051 2.17082142829895
      vertex 2.5504016876220703 2.5077810287475586 2.172311782836914
      vertex 2.5112712383270264 2.5125222206115723 2.172642469406128
    endloop
  endfacet
  facet normal -0.015742523162247304 -0.19827174859061777 0.9800206562492981
    outer loop
      vertex 2.5495052337646484 2.500485420227051 2.17082142829895
      vertex 2.5112712383270264 2.5125222206115723 2.172642469406128
      vertex 2.5103747844696045 2.5052268505096436 2.171152114868164
    endloop
  endfacet
  facet normal -0.015741191802574606 -0.19826544057225742 0.9800219538129353
    outer loop
      vertex 2.705130100250244 2.47422456741333 2.1680080890655518
      vertex 2.706923246383667 2.4888157844543457 2.1709887981414795
      vertex 2.628662586212158 2.498298406600952 2.1716501712799072
    endloop
  endfacet
  facet normal -0.015741191802574606 -0.19826544057225742 0.9800219538129353
    outer loop
      vertex 2.705130100250244 2.47422456741333 2.1680080890655518
      vertex 2.628662586212158 2.498298406600952 2.1716501712799072
      vertex 2.6268694400787354 2.4837071895599365 2.1686694622039795
    endloop
  endfacet
  facet normal -0.01573823225780768 -0.19826604612174323 0.980021878837738
    outer loop
      vertex 2.5477118492126465 2.4858944416046143 2.1678407192230225
      vertex 2.5468153953552246 2.4785988330841064 2.1663503646850586
      vertex 2.6250762939453125 2.4691162109375 2.1656887531280518
    endloop
  endfacet
  facet normal -0.01573892591257244 -0.19827169046488197 0.9800207257866114
    outer loop
      vertex 2.6268694400787354 2.4837071895599365 2.1686694622039795
      vertex 2.5486085414886475 2.493189811706543 2.1693310737609863
      vertex 2.5477118492126465 2.4858944416046143 2.1678407192230225
    endloop
  endfacet
  facet normal -0.01573885307336938 -0.19826883505693954 0.9800213046404138
    outer loop
      vertex 2.6250762939453125 2.4691162109375 2.1656887531280518
      vertex 2.6268694400787354 2.4837071895599365 2.1686694622039795
      vertex 2.5477118492126465 2.4858944416046143 2.1678407192230225
    endloop
  endfacet
  facet normal -0.015740673738386213 -0.19826575033685614 0.9800218994663462
    outer loop
      vertex 2.5468153953552246 2.4785988330841064 2.1663503646850586
      vertex 2.5477118492126465 2.4858944416046143 2.1678407192230225
      vertex 2.5085816383361816 2.490635633468628 2.1681714057922363
    endloop
  endfacet
  facet normal -0.015740519411015858 -0.19826527505258026 0.9800219980985101
    outer loop
      vertex 2.5468153953552246 2.4785988330841064 2.1663503646850586
      vertex 2.5085816383361816 2.490635633468628 2.1681714057922363
      vertex 2.5076849460601807 2.48334002494812 2.1666810512542725
    endloop
  endfacet
  facet normal -0.015742463335288864 -0.1982712617819615 0.9800207556983301
    outer loop
      vertex 2.5477118492126465 2.4858944416046143 2.1678407192230225
      vertex 2.5486085414886475 2.493189811706543 2.1693310737609863
      vertex 2.5094780921936035 2.4979312419891357 2.1696617603302
    endloop
  endfacet
  facet normal -0.015740673738386213 -0.19826575033685614 0.9800218994663462
    outer loop
      vertex 2.5477118492126465 2.4858944416046143 2.1678407192230225
      vertex 2.5094780921936035 2.4979312419891357 2.1696617603302
      vertex 2.5085816383361816 2.490635633468628 2.1681714057922363
    endloop
  endfacet
  facet normal -0.015740519411015858 -0.19826527505258026 0.9800219980985101
    outer loop
      vertex 2.5459187030792236 2.4713032245635986 2.1648600101470947
      vertex 2.5468153953552246 2.4785988330841064 2.1663503646850586
      vertex 2.5076849460601807 2.48334002494812 2.1666810512542725
    endloop
  endfacet
  facet normal -0.015742617686327526 -0.19827173713863944 0.9800206570478035
    outer loop
      vertex 2.5459187030792236 2.4713032245635986 2.1648600101470947
      vertex 2.5076849460601807 2.48334002494812 2.1666810512542725
      vertex 2.506788492202759 2.4760446548461914 2.1651906967163086
    endloop
  endfacet
  facet normal -0.01574156852778341 -0.1982685060321779 0.9800213275924424
    outer loop
      vertex 2.7033369541168213 2.4596335887908936 2.165027379989624
      vertex 2.705130100250244 2.47422456741333 2.1680080890655518
      vertex 2.6268694400787354 2.4837071895599365 2.1686694622039795
    endloop
  endfacet
  facet normal -0.01574156852778341 -0.1982685060321779 0.9800213275924424
    outer loop
      vertex 2.7033369541168213 2.4596335887908936 2.165027379989624
      vertex 2.6268694400787354 2.4837071895599365 2.1686694622039795
      vertex 2.6250762939453125 2.4691162109375 2.1656887531280518
    endloop
  endfacet
  facet normal -0.01574223672720254 -0.19827086644776104 0.9800208393196947
    outer loop
      vertex 2.56506609916687 2.520812511444092 2.1751837730407715
      vertex 2.4739339351654053 2.5318546295166016 2.1759538650512695
      vertex 2.5121679306030273 2.51981782913208 2.174132823944092
    endloop
  endfacet
  facet normal -0.01574207541117552 -0.1982779367677978 0.980019411467372
    outer loop
      vertex 2.56506609916687 2.520812511444092 2.1751837730407715
      vertex 2.5121679306030273 2.51981782913208 2.174132823944092
      vertex 2.5512983798980713 2.5150766372680664 2.173802137374878
    endloop
  endfacet
  facet normal -0.015742282586054243 -0.19827100768069242 0.9800208100097996
    outer loop
      vertex 2.48172664642334 2.5161020755767822 2.1728920936584473
      vertex 2.5121679306030273 2.51981782913208 2.174132823944092
      vertex 2.4739339351654053 2.5318546295166016 2.1759538650512695
    endloop
  endfacet
  facet normal -0.01574388264030429 -0.19827158388412477 0.9800206677328231
    outer loop
      vertex 2.5103747844696045 2.5052268505096436 2.171152114868164
      vertex 2.5112712383270264 2.5125222206115723 2.172642469406128
      vertex 2.48172664642334 2.5161020755767822 2.1728920936584473
    endloop
  endfacet
  facet normal -0.015743069348659117 -0.1982649660468735 0.9800220196535971
    outer loop
      vertex 2.5121679306030273 2.51981782913208 2.174132823944092
      vertex 2.48172664642334 2.5161020755767822 2.1728920936584473
      vertex 2.5112712383270264 2.5125222206115723 2.172642469406128
    endloop
  endfacet
  facet normal -0.015734198008951518 -0.1982660410849554 0.9800219446346667
    outer loop
      vertex 2.5103747844696045 2.5052268505096436 2.171152114868164
      vertex 2.4895193576812744 2.500349521636963 2.169830560684204
      vertex 2.5094780921936035 2.4979312419891357 2.1696617603302
    endloop
  endfacet
  facet normal -0.015737095661232468 -0.19825428267698547 0.9800242768525601
    outer loop
      vertex 2.4895193576812744 2.500349521636963 2.169830560684204
      vertex 2.5103747844696045 2.5052268505096436 2.171152114868164
      vertex 2.48172664642334 2.5161020755767822 2.1728920936584473
    endloop
  endfacet
  facet normal -0.015740533926572795 -0.1982775411854732 0.9800195162613596
    outer loop
      vertex 2.628662586212158 2.498298406600952 2.1716501712799072
      vertex 2.656198024749756 2.509770393371582 2.1744134426116943
      vertex 2.56506609916687 2.520812511444092 2.1751837730407715
    endloop
  endfacet
  facet normal -0.01574093869561745 -0.1982766132982577 0.980019697489777
    outer loop
      vertex 2.7473299503326416 2.498728036880493 2.173643112182617
      vertex 2.656198024749756 2.509770393371582 2.1744134426116943
      vertex 2.628662586212158 2.498298406600952 2.1716501712799072
    endloop
  endfacet
  facet normal -0.0157410265226839 -0.19826409566899203 0.9800222285502349
    outer loop
      vertex 2.7473299503326416 2.498728036880493 2.173643112182617
      vertex 2.628662586212158 2.498298406600952 2.1716501712799072
      vertex 2.706923246383667 2.4888157844543457 2.1709887981414795
    endloop
  endfacet
  facet normal -0.01574131544881277 -0.19827967892944692 0.9800190711978907
    outer loop
      vertex 2.5512983798980713 2.5150766372680664 2.173802137374878
      vertex 2.628662586212158 2.498298406600952 2.1716501712799072
      vertex 2.56506609916687 2.520812511444092 2.1751837730407715
    endloop
  endfacet
  facet normal -0.015739485210508216 -0.1982700621345602 0.9800210462364907
    outer loop
      vertex 2.7473299503326416 2.498728036880493 2.173643112182617
      vertex 2.706923246383667 2.4888157844543457 2.1709887981414795
      vertex 2.75815486907959 2.4776721000671387 2.1695570945739746
    endloop
  endfacet
  facet normal -0.015738525486748704 -0.1982657636379642 0.9800219312773353
    outer loop
      vertex 2.706923246383667 2.4888157844543457 2.1709887981414795
      vertex 2.705130100250244 2.47422456741333 2.1680080890655518
      vertex 2.75815486907959 2.4776721000671387 2.1695570945739746
    endloop
  endfacet
  facet normal -0.015738172450118555 -0.19826555946005836 0.9800219782535086
    outer loop
      vertex 2.628662586212158 2.498298406600952 2.1716501712799072
      vertex 2.5512983798980713 2.5150766372680664 2.173802137374878
      vertex 2.5504016876220703 2.5077810287475586 2.172311782836914
    endloop
  endfacet
  facet normal -0.01573526269812208 -0.19826591206566943 0.9800219536421567
    outer loop
      vertex 2.5076849460601807 2.48334002494812 2.1666810512542725
      vertex 2.5085816383361816 2.490635633468628 2.1681714057922363
      vertex 2.49731183052063 2.4845969676971436 2.166768789291382
    endloop
  endfacet
  facet normal -0.015734578230675055 -0.198267134575814 0.9800217173078354
    outer loop
      vertex 2.4895193576812744 2.500349521636963 2.169830560684204
      vertex 2.49731183052063 2.4845969676971436 2.166768789291382
      vertex 2.5085816383361816 2.490635633468628 2.1681714057922363
    endloop
  endfacet
  facet normal -0.0157285510864407 -0.19826451301309764 0.9800223444189425
    outer loop
      vertex 2.506788492202759 2.4760446548461914 2.1651906967163086
      vertex 2.49731183052063 2.4845969676971436 2.166768789291382
      vertex 2.5051045417785645 2.468844413757324 2.1637070178985596
    endloop
  endfacet
  facet normal -0.015741371126293945 -0.1982615940066788 0.9800227291124399
    outer loop
      vertex 2.5459187030792236 2.4713032245635986 2.1648600101470947
      vertex 2.506788492202759 2.4760446548461914 2.1651906967163086
      vertex 2.5051045417785645 2.468844413757324 2.1637070178985596
    endloop
  endfacet
  facet normal -0.01573607601017004 -0.19827252968513667 0.9800206017651154
    outer loop
      vertex 2.49731183052063 2.4845969676971436 2.166768789291382
      vertex 2.506788492202759 2.4760446548461914 2.1651906967163086
      vertex 2.5076849460601807 2.48334002494812 2.1666810512542725
    endloop
  endfacet
  facet normal -0.015738282852578073 -0.19825663315304054 0.9800237822949365
    outer loop
      vertex 2.7798047065734863 2.4355597496032715 2.1613852977752686
      vertex 2.768979787826538 2.456615924835205 2.165471076965332
      vertex 2.7033369541168213 2.4596335887908936 2.165027379989624
    endloop
  endfacet
  facet normal -0.015738827181422693 -0.19826883819419422 0.9800213044215303
    outer loop
      vertex 2.705130100250244 2.47422456741333 2.1680080890655518
      vertex 2.7033369541168213 2.4596335887908936 2.165027379989624
      vertex 2.768979787826538 2.456615924835205 2.165471076965332
    endloop
  endfacet
  facet normal -0.015740049867603214 -0.19825614850098391 0.9800238519606149
    outer loop
      vertex 2.7033369541168213 2.4596335887908936 2.165027379989624
      vertex 2.6250762939453125 2.4691162109375 2.1656887531280518
      vertex 2.5966713428497314 2.457749605178833 2.162933111190796
    endloop
  endfacet
  facet normal -0.015739894129687397 -0.1982633493640643 0.9800223977194241
    outer loop
      vertex 2.7033369541168213 2.4596335887908936 2.165027379989624
      vertex 2.5966713428497314 2.457749605178833 2.162933111190796
      vertex 2.6882379055023193 2.446654796600342 2.1621592044830322
    endloop
  endfacet
  facet normal -0.015738411326493573 -0.19826737392962013 0.9800216073352517
    outer loop
      vertex 2.75815486907959 2.4776721000671387 2.1695570945739746
      vertex 2.705130100250244 2.47422456741333 2.1680080890655518
      vertex 2.768979787826538 2.456615924835205 2.165471076965332
    endloop
  endfacet
  facet normal -0.015740765783978625 -0.19827077569467982 0.9800208813071096
    outer loop
      vertex 2.5051045417785645 2.468844413757324 2.1637070178985596
      vertex 2.5966713428497314 2.457749605178833 2.162933111190796
      vertex 2.5459187030792236 2.4713032245635986 2.1648600101470947
    endloop
  endfacet
  facet normal -0.015740312071344017 -0.19826288253342428 0.9800224854488973
    outer loop
      vertex 2.6882379055023193 2.446654796600342 2.1621592044830322
      vertex 2.7798047065734863 2.4355597496032715 2.1613852977752686
      vertex 2.7033369541168213 2.4596335887908936 2.165027379989624
    endloop
  endfacet
  facet normal -0.01573805387660776 -0.19826091066292245 0.9800229206315971
    outer loop
      vertex 2.5966713428497314 2.457749605178833 2.162933111190796
      vertex 2.6250762939453125 2.4691162109375 2.1656887531280518
      vertex 2.5459187030792236 2.4713032245635986 2.1648600101470947
    endloop
  endfacet
  facet normal -0.015738172450118555 -0.19826555946005836 0.9800219782535086
    outer loop
      vertex 2.6250762939453125 2.4691162109375 2.1656887531280518
      vertex 2.5468153953552246 2.4785988330841064 2.1663503646850586
      vertex 2.5459187030792236 2.4713032245635986 2.1648600101470947
    endloop
  endfacet
  facet normal -0.015734257800533863 -0.19826652762386265 0.9800218452439937
    outer loop
      vertex 2.4895193576812744 2.500349521636963 2.169830560684204
      vertex 2.5085816383361816 2.490635633468628 2.1681714057922363
      vertex 2.5094780921936035 2.4979312419891357 2.1696617603302
    endloop
  endfacet
  facet normal 0.015740205994068023 0.19826556001848633 -0.9800219454817428
    outer loop
      vertex 2.1629767417907715 2.5559298992156982 2.0941994190216064
      vertex 2.0868079662323 2.5651588439941406 2.0948431491851807
      vertex 2.0886011123657227 2.5797500610351562 2.0978238582611084
    endloop
  endfacet
  facet normal 0.01574119429639586 0.19826855137694013 -0.9800213244297354
    outer loop
      vertex 2.1629767417907715 2.5559298992156982 2.0941994190216064
      vertex 2.0886011123657227 2.5797500610351562 2.0978238582611084
      vertex 2.1647698879241943 2.5705208778381348 2.097180128097534
    endloop
  endfacet
  facet normal 0.01574119429639586 0.19826855137694013 -0.9800213244297354
    outer loop
      vertex 2.1611835956573486 2.5413386821746826 2.0912187099456787
      vertex 2.085014820098877 2.550567865371704 2.091862440109253
      vertex 2.0868079662323 2.5651588439941406 2.0948431491851807
    endloop
  endfacet
  facet normal 0.015740205994068023 0.19826556001848633 -0.9800219454817428
    outer loop
      vertex 2.1611835956573486 2.5413386821746826 2.0912187099456787
      vertex 2.0868079662323 2.5651588439941406 2.0948431491851807
      vertex 2.1629767417907715 2.5559298992156982 2.0941994190216064
    endloop
  endfacet
  facet normal 0.01574271574644645 0.19827123119339335 -0.9800207578321913
    outer loop
      vertex 2.255497694015503 2.5225067138671875 2.088923454284668
      vertex 2.2364554405212402 2.5248141288757324 2.0890843868255615
      vertex 2.237352132797241 2.532109498977661 2.0905747413635254
    endloop
  endfacet
  facet normal 0.015740463598576598 0.19827150412056432 -0.9800207387904967
    outer loop
      vertex 2.2754364013671875 2.5274949073791504 2.0902528762817383
      vertex 2.2745397090911865 2.5201995372772217 2.0887625217437744
      vertex 2.255497694015503 2.5225067138671875 2.088923454284668
    endloop
  endfacet
  facet normal 0.015741242852271416 0.19826854549353723 -0.9800213248400991
    outer loop
      vertex 2.237352132797241 2.532109498977661 2.0905747413635254
      vertex 2.2754364013671875 2.5274949073791504 2.0902528762817383
      vertex 2.255497694015503 2.5225067138671875 2.088923454284668
    endloop
  endfacet
  facet normal 0.01574158968031058 0.19827136765616252 -0.9800207483120404
    outer loop
      vertex 2.312623977661133 2.515584945678711 2.0884406566619873
      vertex 2.2745397090911865 2.5201995372772217 2.0887625217437744
      vertex 2.2754364013671875 2.5274949073791504 2.0902528762817383
    endloop
  endfacet
  facet normal 0.015739613063818114 0.1982653848849308 -0.9800219904354348
    outer loop
      vertex 2.312623977661133 2.515584945678711 2.0884406566619873
      vertex 2.2754364013671875 2.5274949073791504 2.0902528762817383
      vertex 2.313520669937134 2.5228805541992188 2.089931011199951
    endloop
  endfacet
  facet normal 0.015733567044468367 0.19826611754527235 -0.9800219392960453
    outer loop
      vertex 2.198371171951294 2.529428720474243 2.0894062519073486
      vertex 2.1602869033813477 2.534043073654175 2.089728355407715
      vertex 2.1611835956573486 2.5413386821746826 2.0912187099456787
    endloop
  endfacet
  facet normal 0.015735543676046213 0.19827210033917161 -0.9800206971754793
    outer loop
      vertex 2.198371171951294 2.529428720474243 2.0894062519073486
      vertex 2.1611835956573486 2.5413386821746826 2.0912187099456787
      vertex 2.199267864227295 2.536724090576172 2.0908966064453125
    endloop
  endfacet
  facet normal 0.01574271574644645 0.19827123119339335 -0.9800207578321913
    outer loop
      vertex 2.2174134254455566 2.5271213054656982 2.089245319366455
      vertex 2.198371171951294 2.529428720474243 2.0894062519073486
      vertex 2.199267864227295 2.536724090576172 2.0908966064453125
    endloop
  endfacet
  facet normal 0.015740463598576598 0.19827150412056432 -0.9800207387904967
    outer loop
      vertex 2.237352132797241 2.532109498977661 2.0905747413635254
      vertex 2.2364554405212402 2.5248141288757324 2.0890843868255615
      vertex 2.2174134254455566 2.5271213054656982 2.089245319366455
    endloop
  endfacet
  facet normal 0.015741242852271416 0.19826854549353723 -0.9800213248400991
    outer loop
      vertex 2.199267864227295 2.536724090576172 2.0908966064453125
      vertex 2.237352132797241 2.532109498977661 2.0905747413635254
      vertex 2.2174134254455566 2.5271213054656982 2.089245319366455
    endloop
  endfacet
  facet normal 0.015734820098441227 0.1982662126010942 -0.9800218999477958
    outer loop
      vertex 2.199267864227295 2.536724090576172 2.0908966064453125
      vertex 2.1611835956573486 2.5413386821746826 2.0912187099456787
      vertex 2.1629767417907715 2.5559298992156982 2.0941994190216064
    endloop
  endfacet
  facet normal 0.015740866124398095 0.1982654800333204 -0.9800219510606948
    outer loop
      vertex 2.239145278930664 2.5467007160186768 2.093555450439453
      vertex 2.237352132797241 2.532109498977661 2.0905747413635254
      vertex 2.199267864227295 2.536724090576172 2.0908966064453125
    endloop
  endfacet
  facet normal 0.015738774178851174 0.19827342243623236 -0.9800203778201607
    outer loop
      vertex 2.1629767417907715 2.5559298992156982 2.0941994190216064
      vertex 2.239145278930664 2.5467007160186768 2.093555450439453
      vertex 2.199267864227295 2.536724090576172 2.0908966064453125
    endloop
  endfacet
  facet normal 0.015740866124398095 0.1982654800333204 -0.9800219510606948
    outer loop
      vertex 2.2754364013671875 2.5274949073791504 2.0902528762817383
      vertex 2.237352132797241 2.532109498977661 2.0905747413635254
      vertex 2.239145278930664 2.5467007160186768 2.093555450439453
    endloop
  endfacet
  facet normal 0.015740019678231666 0.19826869370255465 -0.9800213145018895
    outer loop
      vertex 2.3153138160705566 2.5374715328216553 2.092911720275879
      vertex 2.313520669937134 2.5228805541992188 2.089931011199951
      vertex 2.2754364013671875 2.5274949073791504 2.0902528762817383
    endloop
  endfacet
  facet normal 0.015740866124398095 0.1982654800333204 -0.9800219510606948
    outer loop
      vertex 2.239145278930664 2.5467007160186768 2.093555450439453
      vertex 2.3153138160705566 2.5374715328216553 2.092911720275879
      vertex 2.2754364013671875 2.5274949073791504 2.0902528762817383
    endloop
  endfacet
  facet normal 0.015741242852271416 0.19826854549353723 -0.9800213248400991
    outer loop
      vertex 2.3896892070770264 2.5136513710021973 2.089287281036377
      vertex 2.313520669937134 2.5228805541992188 2.089931011199951
      vertex 2.3153138160705566 2.5374715328216553 2.092911720275879
    endloop
  endfacet
  facet normal 0.015741242852271416 0.19826854549353723 -0.9800213248400991
    outer loop
      vertex 2.3896892070770264 2.5136513710021973 2.089287281036377
      vertex 2.3153138160705566 2.5374715328216553 2.092911720275879
      vertex 2.391482353210449 2.528242349624634 2.0922679901123047
    endloop
  endfacet
  facet normal 0.015741242852271416 0.19826854549353723 -0.9800213248400991
    outer loop
      vertex 2.465857744216919 2.504422187805176 2.0886435508728027
      vertex 2.3896892070770264 2.5136513710021973 2.089287281036377
      vertex 2.391482353210449 2.528242349624634 2.0922679901123047
    endloop
  endfacet
  facet normal 0.015740254546924827 0.19826555413554756 -0.9800219458920918
    outer loop
      vertex 2.465857744216919 2.504422187805176 2.0886435508728027
      vertex 2.391482353210449 2.528242349624634 2.0922679901123047
      vertex 2.467650890350342 2.5190134048461914 2.0916242599487305
    endloop
  endfacet
  facet normal 0.015740866124398095 0.1982654800333204 -0.9800219510606948
    outer loop
      vertex 2.6961567401885986 2.491325855255127 2.0896928310394287
      vertex 2.619988203048706 2.5005550384521484 2.090336561203003
      vertex 2.621781349182129 2.515146255493164 2.0933172702789307
    endloop
  endfacet
  facet normal 0.015740866124398095 0.1982654800333204 -0.9800219510606948
    outer loop
      vertex 2.6961567401885986 2.491325855255127 2.0896928310394287
      vertex 2.621781349182129 2.515146255493164 2.0933172702789307
      vertex 2.6979498863220215 2.5059170722961426 2.0926735401153564
    endloop
  endfacet
  facet normal 0.015741242852271416 0.19826854549353723 -0.9800213248400991
    outer loop
      vertex 2.694363594055176 2.4767348766326904 2.086712121963501
      vertex 2.618195056915283 2.485964059829712 2.087355852127075
      vertex 2.619988203048706 2.5005550384521484 2.090336561203003
    endloop
  endfacet
  facet normal 0.015741242852271416 0.19826854549353723 -0.9800213248400991
    outer loop
      vertex 2.694363594055176 2.4767348766326904 2.086712121963501
      vertex 2.619988203048706 2.5005550384521484 2.090336561203003
      vertex 2.6961567401885986 2.491325855255127 2.0896928310394287
    endloop
  endfacet
  facet normal 0.015742091051023522 0.1982650442717154 -0.9800220195430692
    outer loop
      vertex 2.0886011123657227 2.5797500610351562 2.0978238582611084
      vertex 2.033733606338501 2.6012065410614014 2.101283311843872
      vertex 2.1340949535369873 2.589046001434326 2.100435256958008
    endloop
  endfacet
  facet normal 0.01574187505329143 0.19826450992132572 -0.9800221311151412
    outer loop
      vertex 2.0203933715820312 2.5732061862945557 2.0954043865203857
      vertex 2.033733606338501 2.6012065410614014 2.101283311843872
      vertex 2.0886011123657227 2.5797500610351562 2.0978238582611084
    endloop
  endfacet
  facet normal 0.015742163297509215 0.19826843396523058 -0.9800213326186781
    outer loop
      vertex 2.085014820098877 2.550567865371704 2.091862440109253
      vertex 2.0203933715820312 2.5732061862945557 2.0954043865203857
      vertex 2.0868079662323 2.5651588439941406 2.0948431491851807
    endloop
  endfacet
  facet normal 0.015741786569298036 0.19826536850680468 -0.9800219588389167
    outer loop
      vertex 2.0886011123657227 2.5797500610351562 2.0978238582611084
      vertex 2.0868079662323 2.5651588439941406 2.0948431491851807
      vertex 2.0203933715820312 2.5732061862945557 2.0954043865203857
    endloop
  endfacet
  facet normal 0.015740905306552904 0.19826495625074295 -0.9800220563961922
    outer loop
      vertex 2.0070531368255615 2.54520583152771 2.0895254611968994
      vertex 2.0203933715820312 2.5732061862945557 2.0954043865203857
      vertex 2.085014820098877 2.550567865371704 2.091862440109253
    endloop
  endfacet
  facet normal 0.015741245140545194 0.1982689651004682 -0.9800212399123881
    outer loop
      vertex 2.1340949535369873 2.589046001434326 2.100435256958008
      vertex 2.1647698879241943 2.5705208778381348 2.097180128097534
      vertex 2.0886011123657227 2.5797500610351562 2.0978238582611084
    endloop
  endfacet
  facet normal 0.015738219841914775 0.1982689117837822 -0.9800212992870524
    outer loop
      vertex 2.239145278930664 2.5467007160186768 2.093555450439453
      vertex 2.1629767417907715 2.5559298992156982 2.0941994190216064
      vertex 2.1647698879241943 2.5705208778381348 2.097180128097534
    endloop
  endfacet
  facet normal 0.01573995369445928 0.19826690358104207 -0.9800216777204892
    outer loop
      vertex 2.1340949535369873 2.589046001434326 2.100435256958008
      vertex 2.2344565391540527 2.576885461807251 2.0995869636535645
      vertex 2.1647698879241943 2.5705208778381348 2.097180128097534
    endloop
  endfacet
  facet normal 0.01573940412762374 0.19827249631734856 -0.9800205550710629
    outer loop
      vertex 2.2344565391540527 2.576885461807251 2.0995869636535645
      vertex 2.239145278930664 2.5467007160186768 2.093555450439453
      vertex 2.1647698879241943 2.5705208778381348 2.097180128097534
    endloop
  endfacet
  facet normal 0.01574078766086221 0.19826524254567757 -0.9800220003663792
    outer loop
      vertex 2.085014820098877 2.550567865371704 2.091862440109253
      vertex 2.1611835956573486 2.5413386821746826 2.0912187099456787
      vertex 2.1602869033813477 2.534043073654175 2.089728355407715
    endloop
  endfacet
  facet normal 0.015743313866695367 0.19827645156161458 -0.9800196920596186
    outer loop
      vertex 2.1056647300720215 2.533257484436035 2.0886919498443604
      vertex 2.085014820098877 2.550567865371704 2.091862440109253
      vertex 2.1602869033813477 2.534043073654175 2.089728355407715
    endloop
  endfacet
  facet normal 0.015732966350189812 0.1981919030329389 -0.9800369601918114
    outer loop
      vertex 2.20487380027771 2.526172637939453 2.0888521671295166
      vertex 2.198371171951294 2.529428720474243 2.0894062519073486
      vertex 2.2174134254455566 2.5271213054656982 2.089245319366455
    endloop
  endfacet
  facet normal 0.01574444709050433 0.1982958016513892 -0.9800157587678104
    outer loop
      vertex 2.1602869033813477 2.534043073654175 2.089728355407715
      vertex 2.20487380027771 2.526172637939453 2.0888521671295166
      vertex 2.2042760848999023 2.5213088989257812 2.0878584384918213
    endloop
  endfacet
  facet normal 0.015740303763854577 0.19827299759201725 -0.9800204392069062
    outer loop
      vertex 2.1056647300720215 2.533257484436035 2.0886919498443604
      vertex 2.0070531368255615 2.54520583152771 2.0895254611968994
      vertex 2.085014820098877 2.550567865371704 2.091862440109253
    endloop
  endfacet
  facet normal 0.015743046897961868 0.1982911075708335 -0.980016731047333
    outer loop
      vertex 2.2042760848999023 2.5213088989257812 2.0878584384918213
      vertex 2.1056647300720215 2.533257484436035 2.0886919498443604
      vertex 2.1602869033813477 2.534043073654175 2.089728355407715
    endloop
  endfacet
  facet normal 0.01573208461243862 0.1982026621050929 -0.9800347984884014
    outer loop
      vertex 2.237455368041992 2.5222249031066895 2.0885767936706543
      vertex 2.20487380027771 2.526172637939453 2.0888521671295166
      vertex 2.2174134254455566 2.5271213054656982 2.089245319366455
    endloop
  endfacet
  facet normal 0.015721801656415808 0.19817037755189193 -0.9800414921898035
    outer loop
      vertex 2.1602869033813477 2.534043073654175 2.089728355407715
      vertex 2.198371171951294 2.529428720474243 2.0894062519073486
      vertex 2.20487380027771 2.526172637939453 2.0888521671295166
    endloop
  endfacet
  facet normal 0.015734319492378652 0.19820291320729091 -0.9800347118272162
    outer loop
      vertex 2.237455368041992 2.5222249031066895 2.0885767936706543
      vertex 2.2364554405212402 2.5248141288757324 2.0890843868255615
      vertex 2.255497694015503 2.5225067138671875 2.088923454284668
    endloop
  endfacet
  facet normal 0.015731441483087194 0.19819808709893835 -0.9800357340521751
    outer loop
      vertex 2.2700366973876953 2.5182769298553467 2.088301420211792
      vertex 2.255497694015503 2.5225067138671875 2.088923454284668
      vertex 2.2745397090911865 2.5201995372772217 2.0887625217437744
    endloop
  endfacet
  facet normal 0.015734232085687788 0.19820739577251945 -0.9800338066626831
    outer loop
      vertex 2.255497694015503 2.5225067138671875 2.088923454284668
      vertex 2.2700366973876953 2.5182769298553467 2.088301420211792
      vertex 2.237455368041992 2.5222249031066895 2.0885767936706543
    endloop
  endfacet
  facet normal 0.015739198272371226 0.19830577257130932 -0.9800138255160685
    outer loop
      vertex 2.2700366973876953 2.5182769298553467 2.088301420211792
      vertex 2.312623977661133 2.515584945678711 2.0884406566619873
      vertex 2.2694389820098877 2.513413429260254 2.0873076915740967
    endloop
  endfacet
  facet normal 0.015732337542333167 0.1981960821970224 -0.9800361251286634
    outer loop
      vertex 2.312623977661133 2.515584945678711 2.0884406566619873
      vertex 2.2700366973876953 2.5182769298553467 2.088301420211792
      vertex 2.2745397090911865 2.5201995372772217 2.0887625217437744
    endloop
  endfacet
  facet normal 0.015731926196074632 0.19820203143722673 -0.9800349285777104
    outer loop
      vertex 2.2174134254455566 2.5271213054656982 2.089245319366455
      vertex 2.2364554405212402 2.5248141288757324 2.0890843868255615
      vertex 2.237455368041992 2.5222249031066895 2.0885767936706543
    endloop
  endfacet
  facet normal 0.01574177091514962 0.19827284237576384 -0.9800204470441882
    outer loop
      vertex 2.3153138160705566 2.5374715328216553 2.092911720275879
      vertex 2.239145278930664 2.5467007160186768 2.093555450439453
      vertex 2.2344565391540527 2.576885461807251 2.0995869636535645
    endloop
  endfacet
  facet normal 0.015740333647998688 0.19826999529967038 -0.9800210461314177
    outer loop
      vertex 2.3153138160705566 2.5374715328216553 2.092911720275879
      vertex 2.2344565391540527 2.576885461807251 2.0995869636535645
      vertex 2.334818124771118 2.564724922180176 2.098738670349121
    endloop
  endfacet
  facet normal 0.01574000365654747 0.19826731012741716 -0.9800215946701024
    outer loop
      vertex 2.334818124771118 2.564724922180176 2.098738670349121
      vertex 2.4351797103881836 2.5525643825531006 2.0978903770446777
      vertex 2.391482353210449 2.528242349624634 2.0922679901123047
    endloop
  endfacet
  facet normal 0.01574133610780023 0.19826930431998271 -0.9800211698233927
    outer loop
      vertex 2.334818124771118 2.564724922180176 2.098738670349121
      vertex 2.391482353210449 2.528242349624634 2.0922679901123047
      vertex 2.3153138160705566 2.5374715328216553 2.092911720275879
    endloop
  endfacet
  facet normal 0.015739372421243337 0.19826570250040024 -0.9800219300443271
    outer loop
      vertex 2.467650890350342 2.5190134048461914 2.0916242599487305
      vertex 2.4351797103881836 2.5525643825531006 2.0978903770446777
      vertex 2.53554105758667 2.5404040813446045 2.0970420837402344
    endloop
  endfacet
  facet normal 0.01574038891475798 0.1982666475236377 -0.9800217225330006
    outer loop
      vertex 2.4351797103881836 2.5525643825531006 2.0978903770446777
      vertex 2.467650890350342 2.5190134048461914 2.0916242599487305
      vertex 2.391482353210449 2.528242349624634 2.0922679901123047
    endloop
  endfacet
  facet normal 0.015739333841238407 0.1982658191273352 -0.9800219070694292
    outer loop
      vertex 2.467650890350342 2.5190134048461914 2.0916242599487305
      vertex 2.53554105758667 2.5404040813446045 2.0970420837402344
      vertex 2.621781349182129 2.515146255493164 2.0933172702789307
    endloop
  endfacet
  facet normal 0.015741119218259086 0.19826753947528333 -0.9800215303533761
    outer loop
      vertex 2.6979498863220215 2.5059170722961426 2.0926735401153564
      vertex 2.621781349182129 2.515146255493164 2.0933172702789307
      vertex 2.6359026432037354 2.5282435417175293 2.096193790435791
    endloop
  endfacet
  facet normal 0.015742973430463374 0.19827252865068704 -0.9800204911990515
    outer loop
      vertex 2.6979498863220215 2.5059170722961426 2.0926735401153564
      vertex 2.6359026432037354 2.5282435417175293 2.096193790435791
      vertex 2.736264228820801 2.516083002090454 2.0953457355499268
    endloop
  endfacet
  facet normal 0.015740154616929736 0.1982685385066682 -0.980021343732403
    outer loop
      vertex 2.53554105758667 2.5404040813446045 2.0970420837402344
      vertex 2.6359026432037354 2.5282435417175293 2.096193790435791
      vertex 2.621781349182129 2.515146255493164 2.0933172702789307
    endloop
  endfacet
  facet normal 0.01574368806971268 0.19826996838534638 -0.9800209976946602
    outer loop
      vertex 2.736264228820801 2.516083002090454 2.0953457355499268
      vertex 2.747089147567749 2.4950268268585205 2.091259717941284
      vertex 2.6979498863220215 2.5059170722961426 2.0926735401153564
    endloop
  endfacet
  facet normal 0.01574261845002554 0.19826526771109682 -0.9800219658680025
    outer loop
      vertex 2.747089147567749 2.4950268268585205 2.091259717941284
      vertex 2.6961567401885986 2.491325855255127 2.0896928310394287
      vertex 2.6979498863220215 2.5059170722961426 2.0926735401153564
    endloop
  endfacet
  facet normal 0.015739330342835665 0.1982656661172608 -0.9800219380806933
    outer loop
      vertex 2.467650890350342 2.5190134048461914 2.0916242599487305
      vertex 2.621781349182129 2.515146255493164 2.0933172702789307
      vertex 2.619988203048706 2.5005550384521484 2.090336561203003
    endloop
  endfacet
  facet normal 0.01573940127829222 0.19826876863245255 -0.980021309274636
    outer loop
      vertex 2.619988203048706 2.5005550384521484 2.090336561203003
      vertex 2.618195056915283 2.485964059829712 2.087355852127075
      vertex 2.465857744216919 2.504422187805176 2.0886435508728027
    endloop
  endfacet
  facet normal 0.015739330342835665 0.1982656661172608 -0.9800219380806933
    outer loop
      vertex 2.619988203048706 2.5005550384521484 2.090336561203003
      vertex 2.465857744216919 2.504422187805176 2.0886435508728027
      vertex 2.467650890350342 2.5190134048461914 2.0916242599487305
    endloop
  endfacet
  facet normal 0.015740836215402367 0.1982652366617669 -0.980022000776867
    outer loop
      vertex 2.312623977661133 2.515584945678711 2.0884406566619873
      vertex 2.313520669937134 2.5228805541992188 2.089931011199951
      vertex 2.3896892070770264 2.5136513710021973 2.089287281036377
    endloop
  endfacet
  facet normal 0.015742051300776896 0.19827512389142088 -0.9800199809527791
    outer loop
      vertex 2.3896892070770264 2.5136513710021973 2.089287281036377
      vertex 2.465857744216919 2.504422187805176 2.0886435508728027
      vertex 2.4691591262817383 2.4892139434814453 2.0856196880340576
    endloop
  endfacet
  facet normal 0.01574105240733221 0.1982719735775975 -0.9800206343556007
    outer loop
      vertex 2.3896892070770264 2.5136513710021973 2.089287281036377
      vertex 2.4691591262817383 2.4892139434814453 2.0856196880340576
      vertex 2.3692991733551025 2.5013136863708496 2.086463689804077
    endloop
  endfacet
  facet normal 0.01574099241634791 0.1982720685458292 -0.9800206161057566
    outer loop
      vertex 2.312623977661133 2.515584945678711 2.0884406566619873
      vertex 2.3896892070770264 2.5136513710021973 2.089287281036377
      vertex 2.3692991733551025 2.5013136863708496 2.086463689804077
    endloop
  endfacet
  facet normal 0.01574105725553566 0.19827231888034488 -0.9800205644180578
    outer loop
      vertex 2.2694389820098877 2.513413429260254 2.0873076915740967
      vertex 2.312623977661133 2.515584945678711 2.0884406566619873
      vertex 2.3692991733551025 2.5013136863708496 2.086463689804077
    endloop
  endfacet
  facet normal 0.015741423702664212 0.19827499484876862 -0.9800200171412491
    outer loop
      vertex 2.569019079208374 2.477114200592041 2.084775686264038
      vertex 2.4691591262817383 2.4892139434814453 2.0856196880340576
      vertex 2.465857744216919 2.504422187805176 2.0886435508728027
    endloop
  endfacet
  facet normal 0.015739133399879254 0.19826658886223372 -0.9800217545650479
    outer loop
      vertex 2.569019079208374 2.477114200592041 2.084775686264038
      vertex 2.465857744216919 2.504422187805176 2.0886435508728027
      vertex 2.618195056915283 2.485964059829712 2.087355852127075
    endloop
  endfacet
  facet normal 0.01574230155814156 0.19826928666949767 -0.9800211578865128
    outer loop
      vertex 2.747089147567749 2.4950268268585205 2.091259717941284
      vertex 2.7579140663146973 2.473970651626587 2.0871737003326416
      vertex 2.6961567401885986 2.491325855255127 2.0896928310394287
    endloop
  endfacet
  facet normal 0.015742058409213486 0.19826844667432125 -0.9800213317323213
    outer loop
      vertex 2.7579140663146973 2.473970651626587 2.0871737003326416
      vertex 2.694363594055176 2.4767348766326904 2.086712121963501
      vertex 2.6961567401885986 2.491325855255127 2.0896928310394287
    endloop
  endfacet
  facet normal 0.015739897509661867 0.1982625760432269 -0.9800225541114291
    outer loop
      vertex 2.6688790321350098 2.4650144577026367 2.0839316844940186
      vertex 2.569019079208374 2.477114200592041 2.084775686264038
      vertex 2.618195056915283 2.485964059829712 2.087355852127075
    endloop
  endfacet
  facet normal 0.015740756070539895 0.19826458451749196 -0.9800221339972043
    outer loop
      vertex 2.6688790321350098 2.4650144577026367 2.0839316844940186
      vertex 2.618195056915283 2.485964059829712 2.087355852127075
      vertex 2.694363594055176 2.4767348766326904 2.086712121963501
    endloop
  endfacet
  facet normal 0.0157402688000498 0.19826559727627358 -0.9800219369354876
    outer loop
      vertex 2.6688790321350098 2.4650144577026367 2.0839316844940186
      vertex 2.694363594055176 2.4767348766326904 2.086712121963501
      vertex 2.7687389850616455 2.4529147148132324 2.083087682723999
    endloop
  endfacet
  facet normal 0.015742182014660037 0.19827138810640196 -0.9800207346601284
    outer loop
      vertex 2.7579140663146973 2.473970651626587 2.0871737003326416
      vertex 2.7687389850616455 2.4529147148132324 2.083087682723999
      vertex 2.694363594055176 2.4767348766326904 2.086712121963501
    endloop
  endfacet
  facet normal 0.8872701331895402 0.46066193959576024 -0.02328708134755896
    outer loop
      vertex 2.747089147567749 2.4950268268585205 2.091259717941284
      vertex 2.736264228820801 2.516083002090454 2.0953457355499268
      vertex 2.739030599594116 2.511744260787964 2.114919900894165
    endloop
  endfacet
  facet normal 0.8872702625484093 0.4606617011833551 -0.02328686883490454
    outer loop
      vertex 2.747089147567749 2.4950268268585205 2.091259717941284
      vertex 2.739030599594116 2.511744260787964 2.114919900894165
      vertex 2.7417969703674316 2.5074055194854736 2.1344943046569824
    endloop
  endfacet
  facet normal 0.8872701467836883 0.4606619202679038 -0.023286945732313713
    outer loop
      vertex 2.7579140663146973 2.473970651626587 2.0871737003326416
      vertex 2.747089147567749 2.4950268268585205 2.091259717941284
      vertex 2.7417969703674316 2.5074055194854736 2.1344943046569824
    endloop
  endfacet
  facet normal 0.8872681392041162 0.46066585256934206 -0.02328564858075386
    outer loop
      vertex 2.7579140663146973 2.473970651626587 2.0871737003326416
      vertex 2.771505355834961 2.448575973510742 2.1026620864868164
      vertex 2.7687389850616455 2.4529147148132324 2.083087682723999
    endloop
  endfacet
  facet normal 0.8872681392041162 0.46066585256934206 -0.02328564858075386
    outer loop
      vertex 2.771505355834961 2.448575973510742 2.1026620864868164
      vertex 2.7579140663146973 2.473970651626587 2.0871737003326416
      vertex 2.7742717266082764 2.444237232208252 2.122236490249634
    endloop
  endfacet
  facet normal 0.8872676939631811 0.4606664408474134 -0.023290975210058736
    outer loop
      vertex 2.75815486907959 2.4776721000671387 2.1695570945739746
      vertex 2.7579140663146973 2.473970651626587 2.0871737003326416
      vertex 2.7417969703674316 2.5074055194854736 2.1344943046569824
    endloop
  endfacet
  facet normal 0.8872671032521227 0.4606673253822376 -0.023295982738720255
    outer loop
      vertex 2.75815486907959 2.4776721000671387 2.1695570945739746
      vertex 2.744563341140747 2.5030667781829834 2.1540687084198
      vertex 2.7473299503326416 2.498728036880493 2.173643112182617
    endloop
  endfacet
  facet normal 0.8872704618875144 0.4606611213159137 -0.02329074429643935
    outer loop
      vertex 2.7579140663146973 2.473970651626587 2.0871737003326416
      vertex 2.75815486907959 2.4776721000671387 2.1695570945739746
      vertex 2.7742717266082764 2.444237232208252 2.122236490249634
    endloop
  endfacet
  facet normal 0.88726533374808 0.4606707849392265 -0.023294965816356407
    outer loop
      vertex 2.768979787826538 2.456615924835205 2.165471076965332
      vertex 2.777038335800171 2.4398984909057617 2.141810894012451
      vertex 2.7742717266082764 2.444237232208252 2.122236490249634
    endloop
  endfacet
  facet normal 0.8872702625484093 0.4606617011833551 -0.02328686883490454
    outer loop
      vertex 2.777038335800171 2.4398984909057617 2.141810894012451
      vertex 2.768979787826538 2.456615924835205 2.165471076965332
      vertex 2.7798047065734863 2.4355597496032715 2.1613852977752686
    endloop
  endfacet
  facet normal 0.8872696288161808 0.4606626566794809 -0.02329211285820866
    outer loop
      vertex 2.768979787826538 2.456615924835205 2.165471076965332
      vertex 2.7742717266082764 2.444237232208252 2.122236490249634
      vertex 2.75815486907959 2.4776721000671387 2.1695570945739746
    endloop
  endfacet
  facet normal 0.8872642462421358 0.46067346363203465 -0.02328341138319552
    outer loop
      vertex 2.744563341140747 2.5030667781829834 2.1540687084198
      vertex 2.75815486907959 2.4776721000671387 2.1695570945739746
      vertex 2.7417969703674316 2.5074055194854736 2.1344943046569824
    endloop
  endfacet
  facet normal -0.11954116752158386 -0.9727395464052897 -0.1987150827864051
    outer loop
      vertex 2.237455368041992 2.5222249031066895 2.0885767936706543
      vertex 2.2024831771850586 2.524460554122925 2.0986711978912354
      vertex 2.20487380027771 2.526172637939453 2.0888521671295166
    endloop
  endfacet
  facet normal -0.1195403085662797 -0.9727396895845378 -0.1987148986232676
    outer loop
      vertex 2.237455368041992 2.5222249031066895 2.0885767936706543
      vertex 2.1977016925811768 2.521036386489868 2.118309259414673
      vertex 2.200092315673828 2.5227484703063965 2.108490228652954
    endloop
  endfacet
  facet normal -0.11954198162694074 -0.9727388381303158 -0.19871806012938908
    outer loop
      vertex 2.237455368041992 2.5222249031066895 2.0885767936706543
      vertex 2.200092315673828 2.5227484703063965 2.108490228652954
      vertex 2.2024831771850586 2.524460554122925 2.0986711978912354
    endloop
  endfacet
  facet normal -0.11954917623579805 -0.9727402546140397 -0.19870679785743436
    outer loop
      vertex 2.2652552127838135 2.514853000640869 2.1079394817352295
      vertex 2.237455368041992 2.5222249031066895 2.0885767936706543
      vertex 2.2700366973876953 2.5182769298553467 2.088301420211792
    endloop
  endfacet
  facet normal -0.11954116373438077 -0.9727394987004081 -0.19871531858693878
    outer loop
      vertex 2.1953108310699463 2.51932430267334 2.1281285285949707
      vertex 2.237455368041992 2.5222249031066895 2.0885767936706543
      vertex 2.218329429626465 2.508528232574463 2.1671295166015625
    endloop
  endfacet
  facet normal -0.11954346921616527 -0.972739352333889 -0.19871464814856934
    outer loop
      vertex 2.2652552127838135 2.514853000640869 2.1079394817352295
      vertex 2.2604737281799316 2.5114288330078125 2.127577781677246
      vertex 2.237455368041992 2.5222249031066895 2.0885767936706543
    endloop
  endfacet
  facet normal -0.11953863157759337 -0.9727403483339753 -0.19871268274484358
    outer loop
      vertex 2.1953108310699463 2.51932430267334 2.1281285285949707
      vertex 2.1977016925811768 2.521036386489868 2.118309259414673
      vertex 2.237455368041992 2.5222249031066895 2.0885767936706543
    endloop
  endfacet
  facet normal -0.11953883583505989 -0.9727393625184602 -0.19871738558661237
    outer loop
      vertex 2.218329429626465 2.508528232574463 2.1671295166015625
      vertex 2.1905293464660645 2.515900135040283 2.147766590118408
      vertex 2.192920207977295 2.5176122188568115 2.1379475593566895
    endloop
  endfacet
  facet normal -0.11954119723279238 -0.972739920658718 -0.19871323287849205
    outer loop
      vertex 2.218329429626465 2.508528232574463 2.1671295166015625
      vertex 2.1857478618621826 2.5124759674072266 2.167404890060425
      vertex 2.188138723373413 2.514188051223755 2.157585620880127
    endloop
  endfacet
  facet normal -0.1195405986152634 -0.9727396412363646 -0.1987149608108387
    outer loop
      vertex 2.218329429626465 2.508528232574463 2.1671295166015625
      vertex 2.188138723373413 2.514188051223755 2.157585620880127
      vertex 2.1905293464660645 2.515900135040283 2.147766590118408
    endloop
  endfacet
  facet normal -0.11954343194588027 -0.972738882656187 -0.19871696970161698
    outer loop
      vertex 2.218329429626465 2.508528232574463 2.1671295166015625
      vertex 2.2604737281799316 2.5114288330078125 2.127577781677246
      vertex 2.25569224357605 2.508004665374756 2.1472158432006836
    endloop
  endfacet
  facet normal -0.11954204134497343 -0.9727395903511485 -0.19871434199512725
    outer loop
      vertex 2.25569224357605 2.508004665374756 2.1472158432006836
      vertex 2.250910758972168 2.504580497741699 2.1668541431427
      vertex 2.218329429626465 2.508528232574463 2.1671295166015625
    endloop
  endfacet
  facet normal -0.1195420227017576 -0.972739355516478 -0.19871550276150962
    outer loop
      vertex 2.2604737281799316 2.5114288330078125 2.127577781677246
      vertex 2.218329429626465 2.508528232574463 2.1671295166015625
      vertex 2.237455368041992 2.5222249031066895 2.0885767936706543
    endloop
  endfacet
  facet normal -0.11954145758364058 -0.9727394980546717 -0.19871514497673276
    outer loop
      vertex 2.192920207977295 2.5176122188568115 2.1379475593566895
      vertex 2.1953108310699463 2.51932430267334 2.1281285285949707
      vertex 2.218329429626465 2.508528232574463 2.1671295166015625
    endloop
  endfacet
  facet normal -0.9650410266881841 0.16087935188824362 -0.20691459819121974
    outer loop
      vertex 2.2700366973876953 2.5182769298553467 2.088301420211792
      vertex 2.2694389820098877 2.513413429260254 2.0873076915740967
      vertex 2.264657497406006 2.5099892616271973 2.1069459915161133
    endloop
  endfacet
  facet normal -0.9650421255912714 0.16086300668299408 -0.20692218081971725
    outer loop
      vertex 2.2700366973876953 2.5182769298553467 2.088301420211792
      vertex 2.264657497406006 2.5099892616271973 2.1069459915161133
      vertex 2.2652552127838135 2.514853000640869 2.1079394817352295
    endloop
  endfacet
  facet normal -0.9650419437949916 0.1608718898058389 -0.20691612258758876
    outer loop
      vertex 2.259876012802124 2.5065650939941406 2.126584053039551
      vertex 2.2604737281799316 2.5114288330078125 2.127577781677246
      vertex 2.2652552127838135 2.514853000640869 2.1079394817352295
    endloop
  endfacet
  facet normal -0.9650425619643719 0.16086269421676322 -0.20692038857146372
    outer loop
      vertex 2.259876012802124 2.5065650939941406 2.126584053039551
      vertex 2.2652552127838135 2.514853000640869 2.1079394817352295
      vertex 2.264657497406006 2.5099892616271973 2.1069459915161133
    endloop
  endfacet
  facet normal -0.9650419437949916 0.1608718898058389 -0.20691612258758876
    outer loop
      vertex 2.2604737281799316 2.5114288330078125 2.127577781677246
      vertex 2.259876012802124 2.5065650939941406 2.126584053039551
      vertex 2.255094528198242 2.503140926361084 2.1462223529815674
    endloop
  endfacet
  facet normal -0.9650425619643719 0.16086269421676322 -0.20692038857146372
    outer loop
      vertex 2.2604737281799316 2.5114288330078125 2.127577781677246
      vertex 2.255094528198242 2.503140926361084 2.1462223529815674
      vertex 2.25569224357605 2.508004665374756 2.1472158432006836
    endloop
  endfacet
  facet normal -0.9650419437949916 0.1608718898058389 -0.20691612258758876
    outer loop
      vertex 2.2503130435943604 2.4997167587280273 2.165860414505005
      vertex 2.250910758972168 2.504580497741699 2.1668541431427
      vertex 2.25569224357605 2.508004665374756 2.1472158432006836
    endloop
  endfacet
  facet normal -0.9650425619643719 0.16086269421676322 -0.20692038857146372
    outer loop
      vertex 2.2503130435943604 2.4997167587280273 2.165860414505005
      vertex 2.25569224357605 2.508004665374756 2.1472158432006836
      vertex 2.255094528198242 2.503140926361084 2.1462223529815674
    endloop
  endfacet
  facet normal 0.9650343684966096 -0.16091825894112857 0.20691539710641632
    outer loop
      vertex 2.1884772777557373 2.5122127532958984 2.154470443725586
      vertex 2.188138723373413 2.514188051223755 2.157585620880127
      vertex 2.1857478618621826 2.5124759674072266 2.167404890060425
    endloop
  endfacet
  facet normal 0.9650436193134897 -0.16083465742066863 0.20693725086290435
    outer loop
      vertex 2.192920207977295 2.5176122188568115 2.1379475593566895
      vertex 2.1905293464660645 2.515900135040283 2.147766590118408
      vertex 2.1884772777557373 2.5122127532958984 2.154470443725586
    endloop
  endfacet
  facet normal 0.9650407870992204 -0.1608965595341459 0.20690233532996263
    outer loop
      vertex 2.188138723373413 2.514188051223755 2.157585620880127
      vertex 2.1884772777557373 2.5122127532958984 2.154470443725586
      vertex 2.1905293464660645 2.515900135040283 2.147766590118408
    endloop
  endfacet
  facet normal 0.9650388554987072 -0.16088680652602713 0.20691892823906194
    outer loop
      vertex 2.195012092590332 2.516892433166504 2.127631664276123
      vertex 2.192920207977295 2.5176122188568115 2.1379475593566895
      vertex 2.1884772777557373 2.5122127532958984 2.154470443725586
    endloop
  endfacet
  facet normal 0.9650406985424039 -0.1608795869281014 0.20691594589744086
    outer loop
      vertex 2.185150146484375 2.507612466812134 2.1664111614227295
      vertex 2.1884772777557373 2.5122127532958984 2.154470443725586
      vertex 2.1857478618621826 2.5124759674072266 2.167404890060425
    endloop
  endfacet
  facet normal 0.9650454354183867 -0.16081987416238572 0.20694027073658436
    outer loop
      vertex 2.1875410079956055 2.509324550628662 2.1565921306610107
      vertex 2.1884772777557373 2.5122127532958984 2.154470443725586
      vertex 2.185150146484375 2.507612466812134 2.1664111614227295
    endloop
  endfacet
  facet normal 0.9650473543162781 -0.1608366460824366 0.20691828629704317
    outer loop
      vertex 2.189931631088257 2.5110363960266113 2.146773099899292
      vertex 2.1884772777557373 2.5122127532958984 2.154470443725586
      vertex 2.1875410079956055 2.509324550628662 2.1565921306610107
    endloop
  endfacet
  facet normal 0.9650396206605975 -0.1609143741797552 0.20689392146118707
    outer loop
      vertex 2.1947131156921387 2.514460563659668 2.1271347999572754
      vertex 2.195012092590332 2.516892433166504 2.127631664276123
      vertex 2.1923224925994873 2.5127484798431396 2.1369540691375732
    endloop
  endfacet
  facet normal 0.9650362679357726 -0.16089447939550275 0.20692503006800753
    outer loop
      vertex 2.1884772777557373 2.5122127532958984 2.154470443725586
      vertex 2.189931631088257 2.5110363960266113 2.146773099899292
      vertex 2.1923224925994873 2.5127484798431396 2.1369540691375732
    endloop
  endfacet
  facet normal 0.965044796177229 -0.16085268205411427 0.20691775189008918
    outer loop
      vertex 2.197103977203369 2.5161726474761963 2.1173157691955566
      vertex 2.19827938079834 2.5192322731018066 2.1142122745513916
      vertex 2.195012092590332 2.516892433166504 2.127631664276123
    endloop
  endfacet
  facet normal 0.9650332624445627 -0.16091892791217238 0.20692003531606362
    outer loop
      vertex 2.197103977203369 2.5161726474761963 2.1173157691955566
      vertex 2.195012092590332 2.516892433166504 2.127631664276123
      vertex 2.1947131156921387 2.514460563659668 2.1271347999572754
    endloop
  endfacet
  facet normal 0.9650446383895562 -0.16083974831945685 0.20692854147290618
    outer loop
      vertex 2.195012092590332 2.516892433166504 2.127631664276123
      vertex 2.1884772777557373 2.5122127532958984 2.154470443725586
      vertex 2.1923224925994873 2.5127484798431396 2.1369540691375732
    endloop
  endfacet
  facet normal 0.9650495004978455 -0.16082565461238477 0.20691682002040507
    outer loop
      vertex 2.195012092590332 2.516892433166504 2.127631664276123
      vertex 2.1953108310699463 2.51932430267334 2.1281285285949707
      vertex 2.192920207977295 2.5176122188568115 2.1379475593566895
    endloop
  endfacet
  facet normal 0.965037932851926 -0.1608892639931032 0.20692132052700352
    outer loop
      vertex 2.19827938079834 2.5192322731018066 2.1142122745513916
      vertex 2.1977016925811768 2.521036386489868 2.118309259414673
      vertex 2.1953108310699463 2.51932430267334 2.1281285285949707
    endloop
  endfacet
  facet normal 0.9650479833899254 -0.16082674131905603 0.20692305099174418
    outer loop
      vertex 2.19827938079834 2.5192322731018066 2.1142122745513916
      vertex 2.1953108310699463 2.51932430267334 2.1281285285949707
      vertex 2.195012092590332 2.516892433166504 2.127631664276123
    endloop
  endfacet
  facet normal 0.9650362679357726 -0.16089447939550275 0.20692503006800753
    outer loop
      vertex 2.2015466690063477 2.5215721130371094 2.10079288482666
      vertex 2.2024831771850586 2.524460554122925 2.0986711978912354
      vertex 2.200092315673828 2.5227484703063965 2.108490228652954
    endloop
  endfacet
  facet normal 0.965038568876837 -0.16091460343062738 0.20689864906013766
    outer loop
      vertex 2.2015466690063477 2.5215721130371094 2.10079288482666
      vertex 2.20487380027771 2.526172637939453 2.0888521671295166
      vertex 2.2024831771850586 2.524460554122925 2.0986711978912354
    endloop
  endfacet
  facet normal 0.9650452150954065 -0.16086053221895216 0.20690969526751518
    outer loop
      vertex 2.19827938079834 2.5192322731018066 2.1142122745513916
      vertex 2.200092315673828 2.5227484703063965 2.108490228652954
      vertex 2.1977016925811768 2.521036386489868 2.118309259414673
    endloop
  endfacet
  facet normal 0.9650451444479347 -0.1608611071112396 0.20690957782667124
    outer loop
      vertex 2.1994946002960205 2.5178847312927246 2.107496738433838
      vertex 2.19827938079834 2.5192322731018066 2.1142122745513916
      vertex 2.197103977203369 2.5161726474761963 2.1173157691955566
    endloop
  endfacet
  facet normal 0.9650329395032636 -0.16092155461454263 0.20691949868035395
    outer loop
      vertex 2.19827938079834 2.5192322731018066 2.1142122745513916
      vertex 2.1994946002960205 2.5178847312927246 2.107496738433838
      vertex 2.201885461807251 2.519596815109253 2.097677707672119
    endloop
  endfacet
  facet normal 0.9650494210510319 -0.1608150383245014 0.20692544159130646
    outer loop
      vertex 2.19827938079834 2.5192322731018066 2.1142122745513916
      vertex 2.201885461807251 2.519596815109253 2.097677707672119
      vertex 2.2015466690063477 2.5215721130371094 2.10079288482666
    endloop
  endfacet
  facet normal 0.9650535391665178 -0.16080111138777098 0.20691705854915846
    outer loop
      vertex 2.201885461807251 2.519596815109253 2.097677707672119
      vertex 2.2042760848999023 2.5213088989257812 2.0878584384918213
      vertex 2.2015466690063477 2.5215721130371094 2.10079288482666
    endloop
  endfacet
  facet normal 0.9650419601893386 -0.1608718780635686 0.206916055254829
    outer loop
      vertex 2.20487380027771 2.526172637939453 2.0888521671295166
      vertex 2.2015466690063477 2.5215721130371094 2.10079288482666
      vertex 2.2042760848999023 2.5213088989257812 2.0878584384918213
    endloop
  endfacet
  facet normal 0.9650457168595755 -0.1608451892027919 0.2069192825265599
    outer loop
      vertex 2.2015466690063477 2.5215721130371094 2.10079288482666
      vertex 2.200092315673828 2.5227484703063965 2.108490228652954
      vertex 2.19827938079834 2.5192322731018066 2.1142122745513916
    endloop
  endfacet
  facet normal -0.11954157634853102 -0.9727398958355681 -0.19871312632515392
    outer loop
      vertex 2.648376226425171 2.4634950160980225 2.1037027835845947
      vertex 2.7145626544952393 2.4554755687713623 2.1031432151794434
      vertex 2.714247941970825 2.451510190963745 2.122743844985962
    endloop
  endfacet
  facet normal -0.1195444692775019 -0.9727413923018156 -0.1987040602702566
    outer loop
      vertex 2.648376226425171 2.4634950160980225 2.1037027835845947
      vertex 2.714247941970825 2.451510190963745 2.122743844985962
      vertex 2.648061513900757 2.4595298767089844 2.123303174972534
    endloop
  endfacet
  facet normal -0.1195442643097247 -0.9727388106959297 -0.19871682122184467
    outer loop
      vertex 2.648061513900757 2.4595298767089844 2.123303174972534
      vertex 2.714247941970825 2.451510190963745 2.122743844985962
      vertex 2.713932991027832 2.447544813156128 2.1423442363739014
    endloop
  endfacet
  facet normal -0.1195442643097247 -0.9727388106959297 -0.19871682122184467
    outer loop
      vertex 2.648061513900757 2.4595298767089844 2.123303174972534
      vertex 2.713932991027832 2.447544813156128 2.1423442363739014
      vertex 2.6477465629577637 2.455564498901367 2.1429035663604736
    endloop
  endfacet
  facet normal -0.11954038687349502 -0.9727392805144841 -0.19871685396638836
    outer loop
      vertex 2.5818748474121094 2.4675493240356445 2.1238625049591064
      vertex 2.648061513900757 2.4595298767089844 2.123303174972534
      vertex 2.6477465629577637 2.455564498901367 2.1429035663604736
    endloop
  endfacet
  facet normal -0.11954083365686136 -0.9727395116393167 -0.19871545381355277
    outer loop
      vertex 2.5818748474121094 2.4675493240356445 2.1238625049591064
      vertex 2.6477465629577637 2.455564498901367 2.1429035663604736
      vertex 2.5815601348876953 2.4635839462280273 2.143462896347046
    endloop
  endfacet
  facet normal -0.1195442643097247 -0.9727388106959297 -0.19871682122184467
    outer loop
      vertex 2.317444086074829 2.5035932064056396 2.106499671936035
      vertex 2.3836305141448975 2.4955735206604004 2.105940341949463
      vertex 2.3833155632019043 2.491608142852783 2.1255407333374023
    endloop
  endfacet
  facet normal -0.11954500700783761 -0.9727391948937837 -0.19871449372627462
    outer loop
      vertex 2.317444086074829 2.5035932064056396 2.106499671936035
      vertex 2.3833155632019043 2.491608142852783 2.1255407333374023
      vertex 2.317129135131836 2.4996278285980225 2.1261003017425537
    endloop
  endfacet
  facet normal -0.11954517464832867 -0.9727413068337833 -0.19870405430590493
    outer loop
      vertex 2.317129135131836 2.4996278285980225 2.1261003017425537
      vertex 2.3833155632019043 2.491608142852783 2.1255407333374023
      vertex 2.3830008506774902 2.487643003463745 2.145141124725342
    endloop
  endfacet
  facet normal -0.1195415390687485 -0.9727394261689535 -0.19871544784834913
    outer loop
      vertex 2.317129135131836 2.4996278285980225 2.1261003017425537
      vertex 2.3830008506774902 2.487643003463745 2.145141124725342
      vertex 2.316814422607422 2.4956624507904053 2.145700693130493
    endloop
  endfacet
  facet normal -0.11954390029643772 -0.9727388933351332 -0.19871663567767978
    outer loop
      vertex 2.713932991027832 2.447544813156128 2.1423442363739014
      vertex 2.777038335800171 2.4398984909057617 2.141810894012451
      vertex 2.7798047065734863 2.4355597496032715 2.1613852977752686
    endloop
  endfacet
  facet normal -0.11954442840485831 -0.9727387908126303 -0.19871681983601125
    outer loop
      vertex 2.713932991027832 2.447544813156128 2.1423442363739014
      vertex 2.714247941970825 2.451510190963745 2.122743844985962
      vertex 2.7742717266082764 2.444237232208252 2.122236490249634
    endloop
  endfacet
  facet normal -0.1195439227285411 -0.9727391758830549 -0.19871523907598987
    outer loop
      vertex 2.777038335800171 2.4398984909057617 2.141810894012451
      vertex 2.713932991027832 2.447544813156128 2.1423442363739014
      vertex 2.7742717266082764 2.444237232208252 2.122236490249634
    endloop
  endfacet
  facet normal -0.1195452525165605 -0.972739592837403 -0.198712398021048
    outer loop
      vertex 2.713932991027832 2.447544813156128 2.1423442363739014
      vertex 2.7798047065734863 2.4355597496032715 2.1613852977752686
      vertex 2.6882379055023193 2.446654796600342 2.1621592044830322
    endloop
  endfacet
  facet normal -0.11954315571872524 -0.9727410223650036 -0.19870666151162664
    outer loop
      vertex 2.6882379055023193 2.446654796600342 2.1621592044830322
      vertex 2.5966713428497314 2.457749605178833 2.162933111190796
      vertex 2.5815601348876953 2.4635839462280273 2.143462896347046
    endloop
  endfacet
  facet normal -0.11954078820126374 -0.9727389391021221 -0.19871828378561088
    outer loop
      vertex 2.6882379055023193 2.446654796600342 2.1621592044830322
      vertex 2.5815601348876953 2.4635839462280273 2.143462896347046
      vertex 2.6477465629577637 2.455564498901367 2.1429035663604736
    endloop
  endfacet
  facet normal -0.11954514679232366 -0.9727385342664687 -0.19871764348321977
    outer loop
      vertex 2.5815601348876953 2.4635839462280273 2.143462896347046
      vertex 2.507647752761841 2.4714841842651367 2.1492550373077393
      vertex 2.5101912021636963 2.474123954772949 2.134803056716919
    endloop
  endfacet
  facet normal -0.11954447753004122 -0.9727410667664651 -0.19870564893356465
    outer loop
      vertex 2.507647752761841 2.4714841842651367 2.1492550373077393
      vertex 2.5815601348876953 2.4635839462280273 2.143462896347046
      vertex 2.5966713428497314 2.457749605178833 2.162933111190796
    endloop
  endfacet
  facet normal -0.1195443538274643 -0.9727399381767882 -0.19871124815619373
    outer loop
      vertex 2.713932991027832 2.447544813156128 2.1423442363739014
      vertex 2.6882379055023193 2.446654796600342 2.1621592044830322
      vertex 2.6477465629577637 2.455564498901367 2.1429035663604736
    endloop
  endfacet
  facet normal -0.1195454784775501 -0.9727389488461685 -0.19871541453350983
    outer loop
      vertex 2.5815601348876953 2.4635839462280273 2.143462896347046
      vertex 2.5101912021636963 2.474123954772949 2.134803056716919
      vertex 2.5818748474121094 2.4675493240356445 2.1238625049591064
    endloop
  endfacet
  facet normal -0.11954327031584772 -0.9727396905860327 -0.19871311200014372
    outer loop
      vertex 2.7145626544952393 2.4554755687713623 2.1031432151794434
      vertex 2.771505355834961 2.448575973510742 2.1026620864868164
      vertex 2.714247941970825 2.451510190963745 2.122743844985962
    endloop
  endfacet
  facet normal -0.11954443274173239 -0.9727388454413991 -0.19871654981352554
    outer loop
      vertex 2.7742717266082764 2.444237232208252 2.122236490249634
      vertex 2.714247941970825 2.451510190963745 2.122743844985962
      vertex 2.771505355834961 2.448575973510742 2.1026620864868164
    endloop
  endfacet
  facet normal -0.11954348605862286 -0.9727387653343985 -0.19871751144944919
    outer loop
      vertex 2.6688790321350098 2.4650144577026367 2.0839316844940186
      vertex 2.7687389850616455 2.4529147148132324 2.083087682723999
      vertex 2.7145626544952393 2.4554755687713623 2.1031432151794434
    endloop
  endfacet
  facet normal -0.11954321192832859 -0.9727389552537791 -0.19871674668644565
    outer loop
      vertex 2.771505355834961 2.448575973510742 2.1026620864868164
      vertex 2.7145626544952393 2.4554755687713623 2.1031432151794434
      vertex 2.7687389850616455 2.4529147148132324 2.083087682723999
    endloop
  endfacet
  facet normal -0.11954059183074088 -0.9727418621135144 -0.19870409305469452
    outer loop
      vertex 2.648376226425171 2.4634950160980225 2.1037027835845947
      vertex 2.648061513900757 2.4595298767089844 2.123303174972534
      vertex 2.5818748474121094 2.4675493240356445 2.1238625049591064
    endloop
  endfacet
  facet normal -0.11954338137229414 -0.9727374467279796 -0.19872402900306116
    outer loop
      vertex 2.569019079208374 2.477114200592041 2.084775686264038
      vertex 2.6688790321350098 2.4650144577026367 2.0839316844940186
      vertex 2.648376226425171 2.4634950160980225 2.1037027835845947
    endloop
  endfacet
  facet normal -0.11954143292033416 -0.9727380888823065 -0.19872205779165852
    outer loop
      vertex 2.648376226425171 2.4634950160980225 2.1037027835845947
      vertex 2.6688790321350098 2.4650144577026367 2.0839316844940186
      vertex 2.7145626544952393 2.4554755687713623 2.1031432151794434
    endloop
  endfacet
  facet normal -0.11954480779338135 -0.9727383591052197 -0.19871870484412954
    outer loop
      vertex 2.5818748474121094 2.4675493240356445 2.1238625049591064
      vertex 2.569019079208374 2.477114200592041 2.084775686264038
      vertex 2.648376226425171 2.4634950160980225 2.1037027835845947
    endloop
  endfacet
  facet normal -0.1195434594864455 -0.9727384306347507 -0.19871916581008103
    outer loop
      vertex 2.4691591262817383 2.4892139434814453 2.0856196880340576
      vertex 2.569019079208374 2.477114200592041 2.084775686264038
      vertex 2.5818748474121094 2.4675493240356445 2.1238625049591064
    endloop
  endfacet
  facet normal -0.11954447037927027 -0.9727406282004046 -0.19870780017407988
    outer loop
      vertex 2.4753851890563965 2.4794538021087646 2.1296513080596924
      vertex 2.5818748474121094 2.4675493240356445 2.1238625049591064
      vertex 2.5101912021636963 2.474123954772949 2.134803056716919
    endloop
  endfacet
  facet normal -0.11954471798772971 -0.9727389711703788 -0.19871576275581931
    outer loop
      vertex 2.5818748474121094 2.4675493240356445 2.1238625049591064
      vertex 2.4753851890563965 2.4794538021087646 2.1296513080596924
      vertex 2.4691591262817383 2.4892139434814453 2.0856196880340576
    endloop
  endfacet
  facet normal -0.11954537938212292 -0.9727387525252624 -0.19871643516322576
    outer loop
      vertex 2.433573007583618 2.4775116443634033 2.164311647415161
      vertex 2.3830008506774902 2.487643003463745 2.145141124725342
      vertex 2.4405791759490967 2.48478364944458 2.124499559402466
    endloop
  endfacet
  facet normal -0.11954270897380653 -0.9727392959623679 -0.19871538144250578
    outer loop
      vertex 2.5966713428497314 2.457749605178833 2.162933111190796
      vertex 2.5051045417785645 2.468844413757324 2.1637070178985596
      vertex 2.507647752761841 2.4714841842651367 2.1492550373077393
    endloop
  endfacet
  facet normal -0.1195422932533952 -0.9727390724705214 -0.198716725548981
    outer loop
      vertex 2.3419430255889893 2.488614320755005 2.165086030960083
      vertex 2.2503130435943604 2.4997167587280273 2.165860414505005
      vertex 2.255094528198242 2.503140926361084 2.1462223529815674
    endloop
  endfacet
  facet normal -0.11954451700563613 -0.9727406435041999 -0.19870769720603293
    outer loop
      vertex 2.3419430255889893 2.488614320755005 2.165086030960083
      vertex 2.255094528198242 2.503140926361084 2.1462223529815674
      vertex 2.316814422607422 2.4956624507904053 2.145700693130493
    endloop
  endfacet
  facet normal -0.11954160516373238 -0.9727402588638262 -0.19871133188727466
    outer loop
      vertex 2.3419430255889893 2.488614320755005 2.165086030960083
      vertex 2.316814422607422 2.4956624507904053 2.145700693130493
      vertex 2.3830008506774902 2.487643003463745 2.145141124725342
    endloop
  endfacet
  facet normal -0.11954476785711558 -0.9727385229112192 -0.19871792702845867
    outer loop
      vertex 2.433573007583618 2.4775116443634033 2.164311647415161
      vertex 2.3419430255889893 2.488614320755005 2.165086030960083
      vertex 2.3830008506774902 2.487643003463745 2.145141124725342
    endloop
  endfacet
  facet normal -0.11954440215398024 -0.9727391968177759 -0.1987148481819006
    outer loop
      vertex 2.255094528198242 2.503140926361084 2.1462223529815674
      vertex 2.259876012802124 2.5065650939941406 2.126584053039551
      vertex 2.316814422607422 2.4956624507904053 2.145700693130493
    endloop
  endfacet
  facet normal -0.11954102707020425 -0.9727392029446029 -0.19871684856020408
    outer loop
      vertex 2.3836305141448975 2.4955735206604004 2.105940341949463
      vertex 2.4405791759490967 2.48478364944458 2.124499559402466
      vertex 2.3833155632019043 2.491608142852783 2.1255407333374023
    endloop
  endfacet
  facet normal -0.11954110457645833 -0.9727417999874297 -0.19870408871952158
    outer loop
      vertex 2.3830008506774902 2.487643003463745 2.145141124725342
      vertex 2.3833155632019043 2.491608142852783 2.1255407333374023
      vertex 2.4405791759490967 2.48478364944458 2.124499559402466
    endloop
  endfacet
  facet normal -0.11954339836255128 -0.9727376607319915 -0.19872297124787885
    outer loop
      vertex 2.3692991733551025 2.5013136863708496 2.086463689804077
      vertex 2.4691591262817383 2.4892139434814453 2.0856196880340576
      vertex 2.3836305141448975 2.4955735206604004 2.105940341949463
    endloop
  endfacet
  facet normal -0.11954165847143625 -0.9727394873622652 -0.19871507646903916
    outer loop
      vertex 2.4405791759490967 2.48478364944458 2.124499559402466
      vertex 2.3836305141448975 2.4955735206604004 2.105940341949463
      vertex 2.4691591262817383 2.4892139434814453 2.0856196880340576
    endloop
  endfacet
  facet normal -0.1195441745999642 -0.9727376808138456 -0.19872240599417682
    outer loop
      vertex 2.3836305141448975 2.4955735206604004 2.105940341949463
      vertex 2.317444086074829 2.5035932064056396 2.106499671936035
      vertex 2.3692991733551025 2.5013136863708496 2.086463689804077
    endloop
  endfacet
  facet normal -0.11954302091734834 -0.9727391237976638 -0.19871603655293602
    outer loop
      vertex 2.4753851890563965 2.4794538021087646 2.1296513080596924
      vertex 2.4405791759490967 2.48478364944458 2.124499559402466
      vertex 2.4691591262817383 2.4892139434814453 2.0856196880340576
    endloop
  endfacet
  facet normal -0.11954416341714284 -0.9727387607228621 -0.19871712653982793
    outer loop
      vertex 2.264657497406006 2.5099892616271973 2.1069459915161133
      vertex 2.317129135131836 2.4996278285980225 2.1261003017425537
      vertex 2.259876012802124 2.5065650939941406 2.126584053039551
    endloop
  endfacet
  facet normal -0.11954519762959508 -0.9727390642151978 -0.19871501874151928
    outer loop
      vertex 2.2694389820098877 2.513413429260254 2.0873076915740967
      vertex 2.317444086074829 2.5035932064056396 2.106499671936035
      vertex 2.264657497406006 2.5099892616271973 2.1069459915161133
    endloop
  endfacet
  facet normal -0.11954520608749403 -0.9727391707712842 -0.1987144920449767
    outer loop
      vertex 2.317129135131836 2.4996278285980225 2.1261003017425537
      vertex 2.264657497406006 2.5099892616271973 2.1069459915161133
      vertex 2.317444086074829 2.5035932064056396 2.106499671936035
    endloop
  endfacet
  facet normal -0.11954316923602389 -0.9727383515154713 -0.19871972770706747
    outer loop
      vertex 2.3692991733551025 2.5013136863708496 2.086463689804077
      vertex 2.317444086074829 2.5035932064056396 2.106499671936035
      vertex 2.2694389820098877 2.513413429260254 2.0873076915740967
    endloop
  endfacet
  facet normal -0.11954419074447066 -0.9727391048774688 -0.1987154254239723
    outer loop
      vertex 2.317129135131836 2.4996278285980225 2.1261003017425537
      vertex 2.316814422607422 2.4956624507904053 2.145700693130493
      vertex 2.259876012802124 2.5065650939941406 2.126584053039551
    endloop
  endfacet
  facet normal -0.17058223018791704 -0.17705333805767376 0.9693058434914914
    outer loop
      vertex 2.4452435970306396 2.543532133102417 2.1360511779785156
      vertex 2.4900968074798584 2.516842842102051 2.1390695571899414
      vertex 2.4800496101379395 2.5382022857666016 2.141202926635742
    endloop
  endfacet
  facet normal -0.1705824329208785 -0.1770457210529822 0.9693071991044035
    outer loop
      vertex 2.4452435970306396 2.543532133102417 2.1360511779785156
      vertex 2.410437822341919 2.5488619804382324 2.130899429321289
      vertex 2.425508499145508 2.5168228149414062 2.127699613571167
    endloop
  endfacet
  facet normal -0.17057948800784445 -0.17704857670038243 0.9693071957637323
    outer loop
      vertex 2.4753851890563965 2.4794538021087646 2.1296513080596924
      vertex 2.4900968074798584 2.516842842102051 2.1390695571899414
      vertex 2.4452435970306396 2.543532133102417 2.1360511779785156
    endloop
  endfacet
  facet normal -0.17058223018791704 -0.17705333805767376 0.9693058434914914
    outer loop
      vertex 2.4753851890563965 2.4794538021087646 2.1296513080596924
      vertex 2.5101912021636963 2.474123954772949 2.134803056716919
      vertex 2.5001440048217773 2.4954833984375 2.1369364261627197
    endloop
  endfacet
  facet normal -0.1705821491580753 -0.1770526787045765 0.9693059781885935
    outer loop
      vertex 2.4405791759490967 2.48478364944458 2.124499559402466
      vertex 2.4753851890563965 2.4794538021087646 2.1296513080596924
      vertex 2.425508499145508 2.5168228149414062 2.127699613571167
    endloop
  endfacet
  facet normal -0.17057894944916296 -0.1770483372044384 0.9693073342846238
    outer loop
      vertex 2.4753851890563965 2.4794538021087646 2.1296513080596924
      vertex 2.4452435970306396 2.543532133102417 2.1360511779785156
      vertex 2.425508499145508 2.5168228149414062 2.127699613571167
    endloop
  endfacet
  facet normal -0.17058769406964314 -0.17704514207677158 0.9693063789633376
    outer loop
      vertex 2.5001440048217773 2.4954833984375 2.1369364261627197
      vertex 2.4900968074798584 2.516842842102051 2.1390695571899414
      vertex 2.4753851890563965 2.4794538021087646 2.1296513080596924
    endloop
  endfacet
  facet normal 0.8894910727612124 0.3955518097903017 0.2287889797383707
    outer loop
      vertex 2.425508499145508 2.5168228149414062 2.127699613571167
      vertex 2.410437822341919 2.5488619804382324 2.130899429321289
      vertex 2.402402400970459 2.5405220985412598 2.176558494567871
    endloop
  endfacet
  facet normal 0.8894902004006965 0.3955548681518202 0.22878708370999648
    outer loop
      vertex 2.417987823486328 2.509016752243042 2.1704349517822266
      vertex 2.425508499145508 2.5168228149414062 2.127699613571167
      vertex 2.402402400970459 2.5405220985412598 2.176558494567871
    endloop
  endfacet
  facet normal 0.8894912701630987 0.3955538605974723 0.2287846665973765
    outer loop
      vertex 2.433573007583618 2.4775116443634033 2.164311647415161
      vertex 2.4405791759490967 2.48478364944458 2.124499559402466
      vertex 2.417987823486328 2.509016752243042 2.1704349517822266
    endloop
  endfacet
  facet normal 0.8894921036860883 0.3955508219323281 0.22878667957019902
    outer loop
      vertex 2.425508499145508 2.5168228149414062 2.127699613571167
      vertex 2.417987823486328 2.509016752243042 2.1704349517822266
      vertex 2.4405791759490967 2.48478364944458 2.124499559402466
    endloop
  endfacet
  facet normal -0.889489456040775 -0.39555207421615973 -0.22879480801709629
    outer loop
      vertex 2.507647752761841 2.4714841842651367 2.1492550373077393
      vertex 2.5001440048217773 2.4954833984375 2.1369364261627197
      vertex 2.5101912021636963 2.474123954772949 2.134803056716919
    endloop
  endfacet
  facet normal -0.8894898989964194 -0.39555880902352664 -0.2287814419642222
    outer loop
      vertex 2.49731183052063 2.4845969676971436 2.166768789291382
      vertex 2.507647752761841 2.4714841842651367 2.1492550373077393
      vertex 2.5051045417785645 2.468844413757324 2.1637070178985596
    endloop
  endfacet
  facet normal -0.8894918381334973 -0.3955499502448188 -0.22878921905372573
    outer loop
      vertex 2.5001440048217773 2.4954833984375 2.1369364261627197
      vertex 2.507647752761841 2.4714841842651367 2.1492550373077393
      vertex 2.49731183052063 2.4845969676971436 2.166768789291382
    endloop
  endfacet
  facet normal -0.8894938896877552 -0.3955460478299728 -0.22878798975085302
    outer loop
      vertex 2.49731183052063 2.4845969676971436 2.166768789291382
      vertex 2.4895193576812744 2.500349521636963 2.169830560684204
      vertex 2.5001440048217773 2.4954833984375 2.1369364261627197
    endloop
  endfacet
  facet normal -0.8894913086176047 -0.39555399706092403 -0.2287842811533769
    outer loop
      vertex 2.476991891860962 2.5350284576416016 2.158578395843506
      vertex 2.4800496101379395 2.5382022857666016 2.141202926635742
      vertex 2.4900968074798584 2.516842842102051 2.1390695571899414
    endloop
  endfacet
  facet normal -0.8894919818065692 -0.3955501445188405 -0.22878832459928142
    outer loop
      vertex 2.48172664642334 2.5161020755767822 2.1728920936584473
      vertex 2.476991891860962 2.5350284576416016 2.158578395843506
      vertex 2.4900968074798584 2.516842842102051 2.1390695571899414
    endloop
  endfacet
  facet normal -0.8894877882548897 -0.3955600493948979 -0.22878750374120174
    outer loop
      vertex 2.4895193576812744 2.500349521636963 2.169830560684204
      vertex 2.48172664642334 2.5161020755767822 2.1728920936584473
      vertex 2.4900968074798584 2.516842842102051 2.1390695571899414
    endloop
  endfacet
  facet normal -0.889487853598833 -0.39555495714570255 -0.22879605367576256
    outer loop
      vertex 2.4739339351654053 2.5318546295166016 2.1759538650512695
      vertex 2.476991891860962 2.5350284576416016 2.158578395843506
      vertex 2.48172664642334 2.5161020755767822 2.1728920936584473
    endloop
  endfacet
  facet normal -0.8894901843283091 -0.39555591690440606 -0.22878533297723755
    outer loop
      vertex 2.5001440048217773 2.4954833984375 2.1369364261627197
      vertex 2.4895193576812744 2.500349521636963 2.169830560684204
      vertex 2.4900968074798584 2.516842842102051 2.1390695571899414
    endloop
  endfacet
  facet normal -0.01573932498411515 -0.1982656667665527 0.9800219380353987
    outer loop
      vertex 1.968698501586914 2.563455820083618 2.1742324829101562
      vertex 1.970491647720337 2.578047037124634 2.177213191986084
      vertex 1.8924148082733154 2.5875072479248047 2.177873134613037
    endloop
  endfacet
  facet normal -0.015740298344468894 -0.19826865993727258 0.9800213168572944
    outer loop
      vertex 1.968698501586914 2.563455820083618 2.1742324829101562
      vertex 1.8924148082733154 2.5875072479248047 2.177873134613037
      vertex 1.8906216621398926 2.572916269302368 2.1748924255371094
    endloop
  endfacet
  facet normal -0.01574324746823226 -0.1982683025984495 0.9800213417798022
    outer loop
      vertex 2.3590824604034424 2.5161542892456055 2.1709330081939697
      vertex 2.3608756065368652 2.530745267868042 2.1739137172698975
      vertex 2.2827987670898438 2.540205717086792 2.1745734214782715
    endloop
  endfacet
  facet normal -0.015742274111530178 -0.1982653094332517 0.9800219629585525
    outer loop
      vertex 2.3590824604034424 2.5161542892456055 2.1709330081939697
      vertex 2.2827987670898438 2.540205717086792 2.1745734214782715
      vertex 2.281005620956421 2.5256145000457764 2.1715927124023438
    endloop
  endfacet
  facet normal -0.015740298344468894 -0.19826865993727258 0.9800213168572944
    outer loop
      vertex 1.9669053554534912 2.5488648414611816 2.1712517738342285
      vertex 1.968698501586914 2.563455820083618 2.1742324829101562
      vertex 1.8906216621398926 2.572916269302368 2.1748924255371094
    endloop
  endfacet
  facet normal -0.01573932498411515 -0.1982656667665527 0.9800219380353987
    outer loop
      vertex 1.9669053554534912 2.5488648414611816 2.1712517738342285
      vertex 1.8906216621398926 2.572916269302368 2.1748924255371094
      vertex 1.8888285160064697 2.5583250522613525 2.1719117164611816
    endloop
  endfacet
  facet normal -0.015740345711017636 -0.19826865419798625 0.9800213172576487
    outer loop
      vertex 2.123058795928955 2.5299441814422607 2.1699318885803223
      vertex 2.124851942062378 2.5445351600646973 2.17291259765625
      vertex 2.0467753410339355 2.5539956092834473 2.173572540283203
    endloop
  endfacet
  facet normal -0.015739372347763427 -0.1982656610277136 0.9800219384357384
    outer loop
      vertex 2.123058795928955 2.5299441814422607 2.1699318885803223
      vertex 2.0467753410339355 2.5539956092834473 2.173572540283203
      vertex 2.0449821949005127 2.5394043922424316 2.1705918312072754
    endloop
  endfacet
  facet normal -0.01573932498411515 -0.1982656667665527 0.9800219380353987
    outer loop
      vertex 2.0449821949005127 2.5394043922424316 2.1705918312072754
      vertex 2.0467753410339355 2.5539956092834473 2.173572540283203
      vertex 1.968698501586914 2.563455820083618 2.1742324829101562
    endloop
  endfacet
  facet normal -0.015740298344468894 -0.19826865993727258 0.9800213168572944
    outer loop
      vertex 2.0449821949005127 2.5394043922424316 2.1705918312072754
      vertex 1.968698501586914 2.563455820083618 2.1742324829101562
      vertex 1.9669053554534912 2.5488648414611816 2.1712517738342285
    endloop
  endfacet
  facet normal -0.015736012894145227 -0.19823457121858074 0.9800282815674152
    outer loop
      vertex 2.277867555618286 2.500080108642578 2.1663765907287598
      vertex 2.278316020965576 2.503727912902832 2.167121648788452
      vertex 2.2587966918945312 2.5060930252075195 2.1672866344451904
    endloop
  endfacet
  facet normal -0.015736321911958687 -0.19823552147279533 0.9800280843930403
    outer loop
      vertex 2.277867555618286 2.500080108642578 2.1663765907287598
      vertex 2.2587966918945312 2.5060930252075195 2.1672866344451904
      vertex 2.2583484649658203 2.5024452209472656 2.166541576385498
    endloop
  endfacet
  facet normal -0.015739856791258604 -0.19826584930997318 0.9800218925644396
    outer loop
      vertex 2.2587966918945312 2.5060930252075195 2.1672866344451904
      vertex 2.278316020965576 2.503727912902832 2.167121648788452
      vertex 2.279212474822998 2.51102352142334 2.168612003326416
    endloop
  endfacet
  facet normal -0.01574004625311242 -0.19826582635668802 0.9800218941651505
    outer loop
      vertex 2.2401740550994873 2.515753746032715 2.1689419746398926
      vertex 2.2392776012420654 2.508458137512207 2.1674516201019287
      vertex 2.2587966918945312 2.5060930252075195 2.1672866344451904
    endloop
  endfacet
  facet normal -0.01573992161412265 -0.19826559447555958 0.9800219430782325
    outer loop
      vertex 2.279212474822998 2.51102352142334 2.168612003326416
      vertex 2.2401740550994873 2.515753746032715 2.1689419746398926
      vertex 2.2587966918945312 2.5060930252075195 2.1672866344451904
    endloop
  endfacet
  facet normal -0.015738758257427817 -0.19826598239709609 0.9800218832825257
    outer loop
      vertex 2.2392776012420654 2.508458137512207 2.1674516201019287
      vertex 2.2401740550994873 2.515753746032715 2.1689419746398926
      vertex 2.2011356353759766 2.5204837322235107 2.169271945953369
    endloop
  endfacet
  facet normal -0.015740704996133073 -0.19827196886851414 0.9800206408883578
    outer loop
      vertex 2.2392776012420654 2.508458137512207 2.1674516201019287
      vertex 2.2011356353759766 2.5204837322235107 2.169271945953369
      vertex 2.2002391815185547 2.513188362121582 2.1677815914154053
    endloop
  endfacet
  facet normal -0.015740298344468894 -0.19826865993727258 0.9800213168572944
    outer loop
      vertex 2.2401740550994873 2.515753746032715 2.1689419746398926
      vertex 2.279212474822998 2.51102352142334 2.168612003326416
      vertex 2.281005620956421 2.5256145000457764 2.1715927124023438
    endloop
  endfacet
  facet normal -0.015738728353666877 -0.19826573905752687 0.9800219329922071
    outer loop
      vertex 2.2029287815093994 2.5350749492645264 2.172252655029297
      vertex 2.2011356353759766 2.5204837322235107 2.169271945953369
      vertex 2.2401740550994873 2.515753746032715 2.1689419746398926
    endloop
  endfacet
  facet normal -0.015740298344468894 -0.19826865993727258 0.9800213168572944
    outer loop
      vertex 2.281005620956421 2.5256145000457764 2.1715927124023438
      vertex 2.2029287815093994 2.5350749492645264 2.172252655029297
      vertex 2.2401740550994873 2.515753746032715 2.1689419746398926
    endloop
  endfacet
  facet normal -0.01573992161412265 -0.19826559447555958 0.9800219430782325
    outer loop
      vertex 2.162097215652466 2.5252139568328857 2.1696019172668457
      vertex 2.2011356353759766 2.5204837322235107 2.169271945953369
      vertex 2.2029287815093994 2.5350749492645264 2.172252655029297
    endloop
  endfacet
  facet normal -0.015740298344468894 -0.19826865993727258 0.9800213168572944
    outer loop
      vertex 2.124851942062378 2.5445351600646973 2.17291259765625
      vertex 2.123058795928955 2.5299441814422607 2.1699318885803223
      vertex 2.162097215652466 2.5252139568328857 2.1696019172668457
    endloop
  endfacet
  facet normal -0.015739513343307976 -0.19826719948692403 0.9800216249284136
    outer loop
      vertex 2.2029287815093994 2.5350749492645264 2.172252655029297
      vertex 2.124851942062378 2.5445351600646973 2.17291259765625
      vertex 2.162097215652466 2.5252139568328857 2.1696019172668457
    endloop
  endfacet
  facet normal -0.01573782870130634 -0.19824778219352582 0.9800255800759063
    outer loop
      vertex 2.180271625518799 2.5119056701660156 2.167201519012451
      vertex 2.1807198524475098 2.5155532360076904 2.1679465770721436
      vertex 2.161200761795044 2.517918348312378 2.168111562728882
    endloop
  endfacet
  facet normal -0.01573782870130634 -0.19824778219352582 0.9800255800759063
    outer loop
      vertex 2.180271625518799 2.5119056701660156 2.167201519012451
      vertex 2.161200761795044 2.517918348312378 2.168111562728882
      vertex 2.160752534866333 2.514270782470703 2.1673665046691895
    endloop
  endfacet
  facet normal -0.015738223672668222 -0.19827226948941937 0.9800206199193691
    outer loop
      vertex 2.1807198524475098 2.5155532360076904 2.1679465770721436
      vertex 2.2002391815185547 2.513188362121582 2.1677815914154053
      vertex 2.2011356353759766 2.5204837322235107 2.169271945953369
    endloop
  endfacet
  facet normal -0.01574004625311242 -0.19826582635668802 0.9800218941651505
    outer loop
      vertex 2.162097215652466 2.5252139568328857 2.1696019172668457
      vertex 2.161200761795044 2.517918348312378 2.168111562728882
      vertex 2.1807198524475098 2.5155532360076904 2.1679465770721436
    endloop
  endfacet
  facet normal -0.01573992161412265 -0.19826559447555958 0.9800219430782325
    outer loop
      vertex 2.2011356353759766 2.5204837322235107 2.169271945953369
      vertex 2.162097215652466 2.5252139568328857 2.1696019172668457
      vertex 2.1807198524475098 2.5155532360076904 2.1679465770721436
    endloop
  endfacet
  facet normal -0.015739951521615444 -0.19826583783340054 0.9800218933647945
    outer loop
      vertex 2.161200761795044 2.517918348312378 2.168111562728882
      vertex 2.162097215652466 2.5252139568328857 2.1696019172668457
      vertex 2.123058795928955 2.5299441814422607 2.1699318885803223
    endloop
  endfacet
  facet normal -0.015739951521615444 -0.19826583783340054 0.9800218933647945
    outer loop
      vertex 2.161200761795044 2.517918348312378 2.168111562728882
      vertex 2.123058795928955 2.5299441814422607 2.1699318885803223
      vertex 2.122162342071533 2.522648572921753 2.1684415340423584
    endloop
  endfacet
  facet normal -0.015745819866787258 -0.19826487980673857 0.9800219929123746
    outer loop
      vertex 2.318250894546509 2.506293296813965 2.1682820320129395
      vertex 2.3572893142700195 2.50156307220459 2.167952299118042
      vertex 2.3590824604034424 2.5161542892456055 2.1709330081939697
    endloop
  endfacet
  facet normal -0.015740298344468894 -0.19826865993727258 0.9800213168572944
    outer loop
      vertex 2.281005620956421 2.5256145000457764 2.1715927124023438
      vertex 2.279212474822998 2.51102352142334 2.168612003326416
      vertex 2.318250894546509 2.506293296813965 2.1682820320129395
    endloop
  endfacet
  facet normal -0.01574339351696557 -0.1982744183263046 0.9800201021397141
    outer loop
      vertex 2.3590824604034424 2.5161542892456055 2.1709330081939697
      vertex 2.281005620956421 2.5256145000457764 2.1715927124023438
      vertex 2.318250894546509 2.506293296813965 2.1682820320129395
    endloop
  endfacet
  facet normal -0.01575026772121655 -0.1983010724025587 0.9800145987436643
    outer loop
      vertex 2.3563926219940186 2.494267702102661 2.166461706161499
      vertex 2.3572893142700195 2.50156307220459 2.167952299118042
      vertex 2.318250894546509 2.506293296813965 2.1682820320129395
    endloop
  endfacet
  facet normal -0.01573885298181396 -0.19826597092126796 0.980021884082934
    outer loop
      vertex 2.3563926219940186 2.494267702102661 2.166461706161499
      vertex 2.318250894546509 2.506293296813965 2.1682820320129395
      vertex 2.317354440689087 2.498997688293457 2.1667916774749756
    endloop
  endfacet
  facet normal -0.015739951521615444 -0.19826583783340054 0.9800218933647945
    outer loop
      vertex 2.317354440689087 2.498997688293457 2.1667916774749756
      vertex 2.318250894546509 2.506293296813965 2.1682820320129395
      vertex 2.279212474822998 2.51102352142334 2.168612003326416
    endloop
  endfacet
  facet normal -0.015739951521615444 -0.19826583783340054 0.9800218933647945
    outer loop
      vertex 2.317354440689087 2.498997688293457 2.1667916774749756
      vertex 2.279212474822998 2.51102352142334 2.168612003326416
      vertex 2.278316020965576 2.503727912902832 2.167121648788452
    endloop
  endfacet
  facet normal -0.015740719940321585 -0.19826510585050802 0.9800220291084518
    outer loop
      vertex 1.8924148082733154 2.5875072479248047 2.177873134613037
      vertex 1.8356388807296753 2.6091949939727783 2.1813488006591797
      vertex 1.8222987651824951 2.5811946392059326 2.1754698753356934
    endloop
  endfacet
  facet normal -0.015740794819531854 -0.19826529553279057 0.9800219895317374
    outer loop
      vertex 1.9489916563034058 2.5954604148864746 2.1803908348083496
      vertex 1.8356388807296753 2.6091949939727783 2.1813488006591797
      vertex 1.8924148082733154 2.5875072479248047 2.177873134613037
    endloop
  endfacet
  facet normal -0.015739343055603306 -0.19827012307124423 0.9800210361913114
    outer loop
      vertex 2.0623443126678467 2.581725835800171 2.1794326305389404
      vertex 1.9489916563034058 2.5954604148864746 2.1803908348083496
      vertex 1.970491647720337 2.578047037124634 2.177213191986084
    endloop
  endfacet
  facet normal -0.01573996315235708 -0.1982708596818401 0.9800208772066983
    outer loop
      vertex 1.8924148082733154 2.5875072479248047 2.177873134613037
      vertex 1.970491647720337 2.578047037124634 2.177213191986084
      vertex 1.9489916563034058 2.5954604148864746 2.1803908348083496
    endloop
  endfacet
  facet normal -0.01573951675142064 -0.19826625646840398 0.9800218156543438
    outer loop
      vertex 2.0467753410339355 2.5539956092834473 2.173572540283203
      vertex 2.0623443126678467 2.581725835800171 2.1794326305389404
      vertex 1.970491647720337 2.578047037124634 2.177213191986084
    endloop
  endfacet
  facet normal -0.01574037642442752 -0.1982686504765189 0.9800213175172452
    outer loop
      vertex 1.8906216621398926 2.572916269302368 2.1748924255371094
      vertex 1.8924148082733154 2.5875072479248047 2.177873134613037
      vertex 1.8222987651824951 2.5811946392059326 2.1754698753356934
    endloop
  endfacet
  facet normal -0.015739999703784518 -0.1982655850137787 0.9800219437382355
    outer loop
      vertex 1.8222987651824951 2.5811946392059326 2.1754698753356934
      vertex 1.8888285160064697 2.5583250522613525 2.1719117164611816
      vertex 1.8906216621398926 2.572916269302368 2.1748924255371094
    endloop
  endfacet
  facet normal -0.01574120507247768 -0.1982760379967947 0.9800198096054793
    outer loop
      vertex 1.9970543384552002 2.5304033756256104 2.1680009365081787
      vertex 2.0449821949005127 2.5394043922424316 2.1705918312072754
      vertex 1.9669053554534912 2.5488648414611816 2.1712517738342285
    endloop
  endfacet
  facet normal -0.015740017693102404 -0.1982659851184055 0.9800218625051429
    outer loop
      vertex 2.124851942062378 2.5445351600646973 2.17291259765625
      vertex 2.0623443126678467 2.581725835800171 2.1794326305389404
      vertex 2.0467753410339355 2.5539956092834473 2.173572540283203
    endloop
  endfacet
  facet normal -0.01574100904869157 -0.19827937036593088 0.9800191385485383
    outer loop
      vertex 1.9669053554534912 2.5488648414611816 2.1712517738342285
      vertex 1.8888285160064697 2.5583250522613525 2.1719117164611816
      vertex 1.9030064344406128 2.5417988300323486 2.1687958240509033
    endloop
  endfacet
  facet normal -0.01574137211263875 -0.19827630094590476 0.9800197537229647
    outer loop
      vertex 1.9669053554534912 2.5488648414611816 2.1712517738342285
      vertex 1.9030064344406128 2.5417988300323486 2.1687958240509033
      vertex 1.9970543384552002 2.5304033756256104 2.1680009365081787
    endloop
  endfacet
  facet normal -0.01573932498411515 -0.1982656667665527 0.9800219380353987
    outer loop
      vertex 1.970491647720337 2.578047037124634 2.177213191986084
      vertex 1.968698501586914 2.563455820083618 2.1742324829101562
      vertex 2.0467753410339355 2.5539956092834473 2.173572540283203
    endloop
  endfacet
  facet normal -0.01574287090398531 -0.19827367575725607 0.9800202607688309
    outer loop
      vertex 1.8888285160064697 2.5583250522613525 2.1719117164611816
      vertex 1.8222987651824951 2.5811946392059326 2.1754698753356934
      vertex 1.8089585304260254 2.553194522857666 2.169590711593628
    endloop
  endfacet
  facet normal -0.01573961185857316 -0.198270014203 0.9800210538996005
    outer loop
      vertex 2.2029287815093994 2.5350749492645264 2.172252655029297
      vertex 2.2827987670898438 2.540205717086792 2.1745734214782715
      vertex 2.175697088241577 2.567991256713867 2.1784746646881104
    endloop
  endfacet
  facet normal -0.015741093877930414 -0.19826772901676196 0.9800214924143562
    outer loop
      vertex 2.0623443126678467 2.581725835800171 2.1794326305389404
      vertex 2.124851942062378 2.5445351600646973 2.17291259765625
      vertex 2.175697088241577 2.567991256713867 2.1784746646881104
    endloop
  endfacet
  facet normal -0.015739058283353133 -0.1982679405526573 0.9800214823121793
    outer loop
      vertex 2.2890498638153076 2.5542566776275635 2.177516460418701
      vertex 2.175697088241577 2.567991256713867 2.1784746646881104
      vertex 2.2827987670898438 2.540205717086792 2.1745734214782715
    endloop
  endfacet
  facet normal -0.015741047843836044 -0.1982670849835389 0.9800216234476198
    outer loop
      vertex 2.402402400970459 2.5405220985412598 2.176558494567871
      vertex 2.2890498638153076 2.5542566776275635 2.177516460418701
      vertex 2.2827987670898438 2.540205717086792 2.1745734214782715
    endloop
  endfacet
  facet normal -0.01574114328906343 -0.19825118075825018 0.9800248393463875
    outer loop
      vertex 2.402402400970459 2.5405220985412598 2.176558494567871
      vertex 2.2827987670898438 2.540205717086792 2.1745734214782715
      vertex 2.3608756065368652 2.530745267868042 2.1739137172698975
    endloop
  endfacet
  facet normal -0.01573718154253524 -0.19826715137302575 0.9800216721091034
    outer loop
      vertex 2.417987823486328 2.509016752243042 2.1704349517822266
      vertex 2.402402400970459 2.5405220985412598 2.176558494567871
      vertex 2.3608756065368652 2.530745267868042 2.1739137172698975
    endloop
  endfacet
  facet normal -0.015739885995761194 -0.1982702318417626 0.9800210054658288
    outer loop
      vertex 2.124851942062378 2.5445351600646973 2.17291259765625
      vertex 2.2029287815093994 2.5350749492645264 2.172252655029297
      vertex 2.175697088241577 2.567991256713867 2.1784746646881104
    endloop
  endfacet
  facet normal -0.01573992161412265 -0.19826559447555958 0.9800219430782325
    outer loop
      vertex 2.2827987670898438 2.540205717086792 2.1745734214782715
      vertex 2.2029287815093994 2.5350749492645264 2.172252655029297
      vertex 2.281005620956421 2.5256145000457764 2.1715927124023438
    endloop
  endfacet
  facet normal -0.015737512671803292 -0.19826588635589726 0.9800219227152092
    outer loop
      vertex 2.417987823486328 2.509016752243042 2.1704349517822266
      vertex 2.3590824604034424 2.5161542892456055 2.1709330081939697
      vertex 2.3572893142700195 2.50156307220459 2.167952299118042
    endloop
  endfacet
  facet normal -0.015738053560565513 -0.19826175702234736 0.9800227494158166
    outer loop
      vertex 2.433573007583618 2.4775116443634033 2.164311647415161
      vertex 2.417987823486328 2.509016752243042 2.1704349517822266
      vertex 2.3572893142700195 2.50156307220459 2.167952299118042
    endloop
  endfacet
  facet normal -0.015737889407755314 -0.19826895182151108 0.9800212964933919
    outer loop
      vertex 2.3608756065368652 2.530745267868042 2.1739137172698975
      vertex 2.3590824604034424 2.5161542892456055 2.1709330081939697
      vertex 2.417987823486328 2.509016752243042 2.1704349517822266
    endloop
  endfacet
  facet normal -0.015739402253570258 -0.19826590437714012 0.98002188872403
    outer loop
      vertex 2.123058795928955 2.5299441814422607 2.1699318885803223
      vertex 2.0449821949005127 2.5394043922424316 2.1705918312072754
      vertex 2.122162342071533 2.522648572921753 2.1684415340423584
    endloop
  endfacet
  facet normal -0.015737733983245964 -0.1982477936693559 0.9800255792755131
    outer loop
      vertex 2.161200761795044 2.517918348312378 2.168111562728882
      vertex 2.122162342071533 2.522648572921753 2.1684415340423584
      vertex 2.160752534866333 2.514270782470703 2.1673665046691895
    endloop
  endfacet
  facet normal -0.015742721696960716 -0.19827017699568908 0.9800209710142279
    outer loop
      vertex 2.091102361679077 2.519007921218872 2.167206048965454
      vertex 2.160752534866333 2.514270782470703 2.1673665046691895
      vertex 2.122162342071533 2.522648572921753 2.1684415340423584
    endloop
  endfacet
  facet normal -0.0157314987258616 -0.19821754260862207 0.980031798336175
    outer loop
      vertex 2.2002391815185547 2.513188362121582 2.1677815914154053
      vertex 2.1807198524475098 2.5155532360076904 2.1679465770721436
      vertex 2.1857478618621826 2.5124759674072266 2.167404890060425
    endloop
  endfacet
  facet normal -0.015749779016255145 -0.19824633430525546 0.9800256809877321
    outer loop
      vertex 2.1807198524475098 2.5155532360076904 2.1679465770721436
      vertex 2.180271625518799 2.5119056701660156 2.167201519012451
      vertex 2.1857478618621826 2.5124759674072266 2.167404890060425
    endloop
  endfacet
  facet normal -0.015732239563173225 -0.1982039229881629 0.9800345409986473
    outer loop
      vertex 2.1857478618621826 2.5124759674072266 2.167404890060425
      vertex 2.218329429626465 2.508528232574463 2.1671295166015625
      vertex 2.2002391815185547 2.513188362121582 2.1677815914154053
    endloop
  endfacet
  facet normal -0.015741275966508192 -0.1982756809703218 0.9800198806997241
    outer loop
      vertex 2.091102361679077 2.519007921218872 2.167206048965454
      vertex 2.0449821949005127 2.5394043922424316 2.1705918312072754
      vertex 1.9970543384552002 2.5304033756256104 2.1680009365081787
    endloop
  endfacet
  facet normal -0.015741870166886485 -0.19827697937574254 0.9800196084636676
    outer loop
      vertex 2.091102361679077 2.519007921218872 2.167206048965454
      vertex 2.122162342071533 2.522648572921753 2.1684415340423584
      vertex 2.0449821949005127 2.5394043922424316 2.1705918312072754
    endloop
  endfacet
  facet normal -0.015745158853945732 -0.19830742736879714 0.980013394920209
    outer loop
      vertex 2.180271625518799 2.5119056701660156 2.167201519012451
      vertex 2.160752534866333 2.514270782470703 2.1673665046691895
      vertex 2.185150146484375 2.507612466812134 2.1664111614227295
    endloop
  endfacet
  facet normal -0.01574526272999443 -0.19830779702283 0.980013318451089
    outer loop
      vertex 2.185150146484375 2.507612466812134 2.1664111614227295
      vertex 2.160752534866333 2.514270782470703 2.1673665046691895
      vertex 2.091102361679077 2.519007921218872 2.167206048965454
    endloop
  endfacet
  facet normal -0.015743200577766438 -0.19830528761073973 0.9800138593617899
    outer loop
      vertex 2.1857478618621826 2.5124759674072266 2.167404890060425
      vertex 2.180271625518799 2.5119056701660156 2.167201519012451
      vertex 2.185150146484375 2.507612466812134 2.1664111614227295
    endloop
  endfacet
  facet normal -0.015742391999818226 -0.19828050917604287 0.9800188859277219
    outer loop
      vertex 1.9030064344406128 2.5417988300323486 2.1687958240509033
      vertex 1.8888285160064697 2.5583250522613525 2.1719117164611816
      vertex 1.8089585304260254 2.553194522857666 2.169590711593628
    endloop
  endfacet
  facet normal -0.015732562017098814 -0.19820492722005792 0.9800343327241499
    outer loop
      vertex 2.250910758972168 2.504580497741699 2.1668541431427
      vertex 2.2587966918945312 2.5060930252075195 2.1672866344451904
      vertex 2.2392776012420654 2.508458137512207 2.1674516201019287
    endloop
  endfacet
  facet normal -0.015732431502755873 -0.19820464715777084 0.980034391459848
    outer loop
      vertex 2.2002391815185547 2.513188362121582 2.1677815914154053
      vertex 2.218329429626465 2.508528232574463 2.1671295166015625
      vertex 2.2392776012420654 2.508458137512207 2.1674516201019287
    endloop
  endfacet
  facet normal -0.01573610760064471 -0.19823455973892898 0.9800282823687763
    outer loop
      vertex 2.278316020965576 2.503727912902832 2.167121648788452
      vertex 2.277867555618286 2.500080108642578 2.1663765907287598
      vertex 2.317354440689087 2.498997688293457 2.1667916774749756
    endloop
  endfacet
  facet normal -0.015737236588200674 -0.1982528177158184 0.9800245709431501
    outer loop
      vertex 2.317354440689087 2.498997688293457 2.1667916774749756
      vertex 2.3419430255889893 2.488614320755005 2.165086030960083
      vertex 2.3563926219940186 2.494267702102661 2.166461706161499
    endloop
  endfacet
  facet normal -0.01573243147926134 -0.19820454774658558 0.9800344115653908
    outer loop
      vertex 2.250910758972168 2.504580497741699 2.1668541431427
      vertex 2.2392776012420654 2.508458137512207 2.1674516201019287
      vertex 2.218329429626465 2.508528232574463 2.1671295166015625
    endloop
  endfacet
  facet normal -0.015743603804549255 -0.19829590382847426 0.980015751640806
    outer loop
      vertex 2.2583484649658203 2.5024452209472656 2.166541576385498
      vertex 2.250910758972168 2.504580497741699 2.1668541431427
      vertex 2.2503130435943604 2.4997167587280273 2.165860414505005
    endloop
  endfacet
  facet normal -0.01574370703882099 -0.1982956140248992 0.9800158086210468
    outer loop
      vertex 2.277867555618286 2.500080108642578 2.1663765907287598
      vertex 2.2583484649658203 2.5024452209472656 2.166541576385498
      vertex 2.2503130435943604 2.4997167587280273 2.165860414505005
    endloop
  endfacet
  facet normal -0.01573907786129405 -0.19824832550083146 0.9800254501104511
    outer loop
      vertex 2.3563926219940186 2.494267702102661 2.166461706161499
      vertex 2.3419430255889893 2.488614320755005 2.165086030960083
      vertex 2.433573007583618 2.4775116443634033 2.164311647415161
    endloop
  endfacet
  facet normal -0.015743787893270918 -0.1982908499871444 0.9800167712616694
    outer loop
      vertex 2.2503130435943604 2.4997167587280273 2.165860414505005
      vertex 2.3419430255889893 2.488614320755005 2.165086030960083
      vertex 2.277867555618286 2.500080108642578 2.1663765907287598
    endloop
  endfacet
  facet normal -0.015736528188196798 -0.19825119593259713 0.9800249103935456
    outer loop
      vertex 2.3419430255889893 2.488614320755005 2.165086030960083
      vertex 2.317354440689087 2.498997688293457 2.1667916774749756
      vertex 2.277867555618286 2.500080108642578 2.1663765907287598
    endloop
  endfacet
  facet normal -0.015726109298073766 -0.19823675872228505 0.9800279980580288
    outer loop
      vertex 2.2583484649658203 2.5024452209472656 2.166541576385498
      vertex 2.2587966918945312 2.5060930252075195 2.1672866344451904
      vertex 2.250910758972168 2.504580497741699 2.1668541431427
    endloop
  endfacet
  facet normal -0.01575081705818923 -0.19830100583056592 0.9800146033853706
    outer loop
      vertex 2.3572893142700195 2.50156307220459 2.167952299118042
      vertex 2.3563926219940186 2.494267702102661 2.166461706161499
      vertex 2.433573007583618 2.4775116443634033 2.164311647415161
    endloop
  endfacet
endsolid d29