solid d15
  facet normal -0.190294215 -0.981558732 -0.0181815109
    outer loop
      vertex 3.51855659 1.53106451 1.87868285
      vertex 3.48128319 1.53808534 1.8897686
      vertex 3.47202802 1.54060066 1.85084307
    endloop
  endfacet
  facet normal -0.190291696 -0.981559187 -0.018183305
    outer loop
      vertex 3.51855659 1.53106451 1.87868285
      vertex 3.54657507 1.52655911 1.82867157
      vertex 3.55583 1.5240438 1.8675971
    endloop
  endfacet
  facet normal -0.190292786 -0.981558963 -0.0181839794
    outer loop
      vertex 3.50004649 1.53609526 1.80083191
      vertex 3.51855659 1.53106451 1.87868285
      vertex 3.47202802 1.54060066 1.85084307
    endloop
  endfacet
  facet normal -0.190292838 -0.981558953 -0.0181839663
    outer loop
      vertex 3.51855659 1.53106451 1.87868285
      vertex 3.50004649 1.53609526 1.80083191
      vertex 3.54657507 1.52655911 1.82867157
    endloop
  endfacet
  facet normal -0.190291409 -0.981559185 -0.0181864348
    outer loop
      vertex 3.50004649 1.53609526 1.80083191
      vertex 3.53732014 1.52907455 1.78974617
      vertex 3.54657507 1.52655911 1.82867157
    endloop
  endfacet
  facet normal -0.190295334 -0.981558442 -0.0181854536
    outer loop
      vertex 3.46277308 1.54311609 1.81191766
      vertex 3.50004649 1.53609526 1.80083191
      vertex 3.47202802 1.54060066 1.85084307
    endloop
  endfacet
  facet normal -0.848798562 -0.500825964 0.169453107
    outer loop
      vertex 3.39585805 1.68574476 1.898283
      vertex 3.42235708 1.63627732 1.88481474
      vertex 3.4265511 1.6343528 1.9001348
    endloop
  endfacet
  facet normal -0.848797926 -0.50082715 0.169452784
    outer loop
      vertex 3.37355304 1.73328757 1.92707145
      vertex 3.36935902 1.73521209 1.91175139
      vertex 3.39585805 1.68574476 1.898283
    endloop
  endfacet
  facet normal -0.848798898 -0.500826257 0.169450555
    outer loop
      vertex 3.4265511 1.6343528 1.9001348
      vertex 3.37355304 1.73328757 1.92707145
      vertex 3.39585805 1.68574476 1.898283
    endloop
  endfacet
  facet normal -0.848797358 -0.500824476 0.169463537
    outer loop
      vertex 3.39376116 1.68670702 1.89062297
      vertex 3.42025995 1.63723958 1.87715459
      vertex 3.42235708 1.63627732 1.88481474
    endloop
  endfacet
  facet normal -0.848801877 -0.500824442 0.169440997
    outer loop
      vertex 3.39376116 1.68670702 1.89062297
      vertex 3.42235708 1.63627732 1.88481474
      vertex 3.39585805 1.68574476 1.898283
    endloop
  endfacet
  facet normal -0.848801402 -0.500825329 0.169440755
    outer loop
      vertex 3.36726213 1.73617435 1.90409124
      vertex 3.39376116 1.68670702 1.89062297
      vertex 3.39585805 1.68574476 1.898283
    endloop
  endfacet
  facet normal -0.848801903 -0.500825325 0.169438256
    outer loop
      vertex 3.36726213 1.73617435 1.90409124
      vertex 3.39585805 1.68574476 1.898283
      vertex 3.36935902 1.73521209 1.91175139
    endloop
  endfacet
  facet normal -0.848799049 -0.500825054 0.169453355
    outer loop
      vertex 3.31636119 1.83414686 1.93868804
      vertex 3.36935902 1.73521209 1.91175139
      vertex 3.37355304 1.73328757 1.92707145
    endloop
  endfacet
  facet normal -0.848801559 -0.500825036 0.169440835
    outer loop
      vertex 3.31636119 1.83414686 1.93868804
      vertex 3.37355304 1.73328757 1.92707145
      vertex 3.32055497 1.83222234 1.9540081
    endloop
  endfacet
  facet normal -0.848796856 -0.500824479 0.169466036
    outer loop
      vertex 3.3386662 1.78660405 1.90989947
      vertex 3.365165 1.7371366 1.89643121
      vertex 3.36726213 1.73617435 1.90409124
    endloop
  endfacet
  facet normal -0.848803026 -0.500823229 0.169438827
    outer loop
      vertex 3.36726213 1.73617435 1.90409124
      vertex 3.36935902 1.73521209 1.91175139
      vertex 3.31636119 1.83414686 1.93868804
    endloop
  endfacet
  facet normal -0.848798257 -0.500826999 0.169451575
    outer loop
      vertex 3.31636119 1.83414686 1.93868804
      vertex 3.31216717 1.83607137 1.92336786
      vertex 3.3386662 1.78660405 1.90989947
    endloop
  endfacet
  facet normal -0.848801031 -0.500824449 0.169445215
    outer loop
      vertex 3.3386662 1.78660405 1.90989947
      vertex 3.36726213 1.73617435 1.90409124
      vertex 3.31636119 1.83414686 1.93868804
    endloop
  endfacet
  facet normal -0.848801877 -0.500824442 0.169440997
    outer loop
      vertex 3.30797315 1.83799601 1.90804768
      vertex 3.33447218 1.78852856 1.89457941
      vertex 3.33656907 1.7875663 1.90223944
    endloop
  endfacet
  facet normal -0.848803358 -0.500824431 0.169433609
    outer loop
      vertex 3.30797315 1.83799601 1.90804768
      vertex 3.33656907 1.7875663 1.90223944
      vertex 3.31007004 1.83703363 1.91570771
    endloop
  endfacet
  facet normal -0.848794771 -0.500828372 0.169464977
    outer loop
      vertex 3.31007004 1.83703363 1.91570771
      vertex 3.33656907 1.7875663 1.90223944
      vertex 3.3386662 1.78660405 1.90989947
    endloop
  endfacet
  facet normal -0.848795273 -0.500828368 0.169462477
    outer loop
      vertex 3.31007004 1.83703363 1.91570771
      vertex 3.3386662 1.78660405 1.90989947
      vertex 3.31216717 1.83607137 1.92336786
    endloop
  endfacet
  facet normal -0.848802378 -0.500824439 0.169438497
    outer loop
      vertex 3.30587626 1.83895826 1.90038764
      vertex 3.33237529 1.78949082 1.88691926
      vertex 3.33447218 1.78852856 1.89457941
    endloop
  endfacet
  facet normal -0.848801877 -0.500824442 0.169440997
    outer loop
      vertex 3.30587626 1.83895826 1.90038764
      vertex 3.33447218 1.78852856 1.89457941
      vertex 3.30797315 1.83799601 1.90804768
    endloop
  endfacet
  facet normal -0.848801877 -0.500824442 0.169440997
    outer loop
      vertex 3.26336312 1.93308175 1.96562457
      vertex 3.31636119 1.83414686 1.93868804
      vertex 3.32055497 1.83222234 1.9540081
    endloop
  endfacet
  facet normal -0.848799617 -0.500824459 0.169452267
    outer loop
      vertex 3.26336312 1.93308175 1.96562457
      vertex 3.32055497 1.83222234 1.9540081
      vertex 3.26755714 1.93115723 1.98094475
    endloop
  endfacet
  facet normal -0.848798812 -0.500825962 0.169451858
    outer loop
      vertex 3.2591691 1.93500626 1.95030451
      vertex 3.31216717 1.83607137 1.92336786
      vertex 3.31636119 1.83414686 1.93868804
    endloop
  endfacet
  facet normal -0.848798562 -0.500825964 0.169453107
    outer loop
      vertex 3.2591691 1.93500626 1.95030451
      vertex 3.31636119 1.83414686 1.93868804
      vertex 3.26336312 1.93308175 1.96562457
    endloop
  endfacet
  facet normal -0.848795828 -0.500827331 0.169462759
    outer loop
      vertex 3.31007004 1.83703363 1.91570771
      vertex 3.31216717 1.83607137 1.92336786
      vertex 3.2591691 1.93500626 1.95030451
    endloop
  endfacet
  facet normal -0.84880432 -0.500822635 0.169434098
    outer loop
      vertex 3.25497532 1.93693078 1.93498433
      vertex 3.30797315 1.83799601 1.90804768
      vertex 3.31007004 1.83703363 1.91570771
    endloop
  endfacet
  facet normal -0.848802893 -0.500823013 0.169440136
    outer loop
      vertex 3.2591691 1.93500626 1.95030451
      vertex 3.25497532 1.93693078 1.93498433
      vertex 3.31007004 1.83703363 1.91570771
    endloop
  endfacet
  facet normal -0.84880189 -0.500824884 0.169439626
    outer loop
      vertex 3.20197725 2.03586555 1.96192098
      vertex 3.25497532 1.93693078 1.93498433
      vertex 3.2591691 1.93500626 1.95030451
    endloop
  endfacet
  facet normal -0.84879938 -0.500824902 0.169452146
    outer loop
      vertex 3.20197725 2.03586555 1.96192098
      vertex 3.2591691 1.93500626 1.95030451
      vertex 3.20617127 2.03394103 1.97724116
    endloop
  endfacet
  facet normal -0.848799207 -0.500825225 0.169452058
    outer loop
      vertex 3.17967224 2.08340836 1.99070942
      vertex 3.15317321 2.13287592 2.00417781
      vertex 3.14897919 2.13480043 1.98885763
    endloop
  endfacet
  facet normal -0.848798418 -0.500826699 0.169451657
    outer loop
      vertex 3.20197725 2.03586555 1.96192098
      vertex 3.20617127 2.03394103 1.97724116
      vertex 3.17967224 2.08340836 1.99070942
    endloop
  endfacet
  facet normal -0.848799625 -0.500825589 0.169448889
    outer loop
      vertex 3.14897919 2.13480043 1.98885763
      vertex 3.20197725 2.03586555 1.96192098
      vertex 3.17967224 2.08340836 1.99070942
    endloop
  endfacet
  facet normal -0.848793949 -0.500828975 0.169467313
    outer loop
      vertex 3.15946412 2.12998915 2.02715802
      vertex 3.16156125 2.12902689 2.03481793
      vertex 3.10856318 2.22796154 2.0617547
    endloop
  endfacet
  facet normal -0.848801903 -0.500825325 0.169438256
    outer loop
      vertex 3.10436916 2.22988605 2.04643464
      vertex 3.15736723 2.1309514 2.01949787
      vertex 3.15946412 2.12998915 2.02715802
    endloop
  endfacet
  facet normal -0.848798409 -0.500826249 0.16945303
    outer loop
      vertex 3.10856318 2.22796154 2.0617547
      vertex 3.10436916 2.22988605 2.04643464
      vertex 3.15946412 2.12998915 2.02715802
    endloop
  endfacet
  facet normal -0.848801903 -0.500825325 0.169438256
    outer loop
      vertex 3.15527034 2.13191366 2.01183772
      vertex 3.15736723 2.1309514 2.01949787
      vertex 3.10436916 2.22988605 2.04643464
    endloop
  endfacet
  facet normal -0.848794914 -0.500827173 0.169467804
    outer loop
      vertex 3.10017538 2.23181057 2.03111434
      vertex 3.15317321 2.13287592 2.00417781
      vertex 3.15527034 2.13191366 2.01183772
    endloop
  endfacet
  facet normal -0.848801903 -0.500825325 0.169438256
    outer loop
      vertex 3.10436916 2.22988605 2.04643464
      vertex 3.10017538 2.23181057 2.03111434
      vertex 3.15527034 2.13191366 2.01183772
    endloop
  endfacet
  facet normal -0.848799142 -0.500825346 0.169452025
    outer loop
      vertex 3.09598136 2.23373508 2.01579428
      vertex 3.14897919 2.13480043 1.98885763
      vertex 3.15317321 2.13287592 2.00417781
    endloop
  endfacet
  facet normal -0.848798892 -0.500825348 0.169453275
    outer loop
      vertex 3.09598136 2.23373508 2.01579428
      vertex 3.15317321 2.13287592 2.00417781
      vertex 3.10017538 2.23181057 2.03111434
    endloop
  endfacet
  facet normal -0.848799367 -0.500824461 0.169453517
    outer loop
      vertex 3.05137134 2.32882094 2.07337117
      vertex 3.10436916 2.22988605 2.04643464
      vertex 3.10856318 2.22796154 2.0617547
    endloop
  endfacet
  facet normal -0.848799367 -0.500824461 0.169453517
    outer loop
      vertex 3.05137134 2.32882094 2.07337117
      vertex 3.10856318 2.22796154 2.0617547
      vertex 3.05556536 2.32689643 2.08869123
    endloop
  endfacet
  facet normal -0.848802378 -0.500824439 0.169438497
    outer loop
      vertex 3.04717731 2.33074546 2.05805111
      vertex 3.10017538 2.23181057 2.03111434
      vertex 3.10436916 2.22988605 2.04643464
    endloop
  endfacet
  facet normal -0.848799367 -0.500824461 0.169453517
    outer loop
      vertex 3.04717731 2.33074546 2.05805111
      vertex 3.10436916 2.22988605 2.04643464
      vertex 3.05137134 2.32882094 2.07337117
    endloop
  endfacet
  facet normal -0.848798562 -0.500825964 0.169453107
    outer loop
      vertex 3.04298329 2.33266997 2.04273081
      vertex 3.09598136 2.23373508 2.01579428
      vertex 3.10017538 2.23181057 2.03111434
    endloop
  endfacet
  facet normal -0.848799063 -0.50082596 0.169450608
    outer loop
      vertex 3.04298329 2.33266997 2.04273081
      vertex 3.10017538 2.23181057 2.03111434
      vertex 3.04717731 2.33074546 2.05805111
    endloop
  endfacet
  facet normal -0.848798087 -0.50082685 0.169452866
    outer loop
      vertex 2.99837327 2.42775559 2.1003077
      vertex 3.05137134 2.32882094 2.07337117
      vertex 3.05556536 2.32689643 2.08869123
    endloop
  endfacet
  facet normal -0.848798588 -0.500826847 0.169450367
    outer loop
      vertex 2.99837327 2.42775559 2.1003077
      vertex 3.05556536 2.32689643 2.08869123
      vertex 3.00256729 2.42583108 2.115628
    endloop
  endfacet
  facet normal -0.848798087 -0.50082685 0.169452866
    outer loop
      vertex 2.99417925 2.42968011 2.08498764
      vertex 3.04717731 2.33074546 2.05805111
      vertex 3.05137134 2.32882094 2.07337117
    endloop
  endfacet
  facet normal -0.848798087 -0.50082685 0.169452866
    outer loop
      vertex 2.99417925 2.42968011 2.08498764
      vertex 3.05137134 2.32882094 2.07337117
      vertex 2.99837327 2.42775559 2.1003077
    endloop
  endfacet
  facet normal -0.848799393 -0.500825344 0.169450776
    outer loop
      vertex 2.98998547 2.43160462 2.06966758
      vertex 3.04298329 2.33266997 2.04273081
      vertex 3.04717731 2.33074546 2.05805111
    endloop
  endfacet
  facet normal -0.848801402 -0.500825329 0.169440755
    outer loop
      vertex 2.98998547 2.43160462 2.06966758
      vertex 3.04717731 2.33074546 2.05805111
      vertex 2.99417925 2.42968011 2.08498764
    endloop
  endfacet
  facet normal -0.84880285 -0.500824917 0.169434719
    outer loop
      vertex 3.4265511 1.6343528 1.9001348
      vertex 3.48128319 1.53808534 1.8897686
      vertex 3.44272947 1.6100558 1.90936375
    endloop
  endfacet
  facet normal -0.848802949 -0.500822854 0.169440323
    outer loop
      vertex 3.44272947 1.6100558 1.90936375
      vertex 3.404176 1.68202639 1.92895889
      vertex 3.4265511 1.6343528 1.9001348
    endloop
  endfacet
  facet normal -0.84879924 -0.500824837 0.169453042
    outer loop
      vertex 3.47202802 1.54060066 1.85084307
      vertex 3.48128319 1.53808534 1.8897686
      vertex 3.4265511 1.6343528 1.9001348
    endloop
  endfacet
  facet normal -0.848799104 -0.500824951 0.169453383
    outer loop
      vertex 3.42235708 1.63627732 1.88481474
      vertex 3.47202802 1.54060066 1.85084307
      vertex 3.4265511 1.6343528 1.9001348
    endloop
  endfacet
  facet normal -0.8488001 -0.500824958 0.169448373
    outer loop
      vertex 3.42025995 1.63723958 1.87715459
      vertex 3.41396904 1.64012635 1.85417438
      vertex 3.47202802 1.54060066 1.85084307
    endloop
  endfacet
  facet normal -0.848796121 -0.500826784 0.169462908
    outer loop
      vertex 3.42025995 1.63723958 1.87715459
      vertex 3.47202802 1.54060066 1.85084307
      vertex 3.42235708 1.63627732 1.88481474
    endloop
  endfacet
  facet normal -0.848795635 -0.500829927 0.169456055
    outer loop
      vertex 3.38671136 1.69660115 1.88455319
      vertex 3.39924264 1.67385805 1.88010406
      vertex 3.39376116 1.68670702 1.89062297
    endloop
  endfacet
  facet normal -0.848803207 -0.500821792 0.169442172
    outer loop
      vertex 3.42025995 1.63723958 1.87715459
      vertex 3.39376116 1.68670702 1.89062297
      vertex 3.39924264 1.67385805 1.88010406
    endloop
  endfacet
  facet normal -0.8487961 -0.500827762 0.169460124
    outer loop
      vertex 3.39376116 1.68670702 1.89062297
      vertex 3.36726213 1.73617435 1.90409124
      vertex 3.38671136 1.69660115 1.88455319
    endloop
  endfacet
  facet normal -0.848801893 -0.500821611 0.169449284
    outer loop
      vertex 3.39924264 1.67385805 1.88010406
      vertex 3.41396904 1.64012635 1.85417438
      vertex 3.42025995 1.63723958 1.87715459
    endloop
  endfacet
  facet normal -0.848799588 -0.50082594 0.169448036
    outer loop
      vertex 3.404176 1.68202639 1.92895889
      vertex 3.37355304 1.73328757 1.92707145
      vertex 3.4265511 1.6343528 1.9001348
    endloop
  endfacet
  facet normal -0.848800596 -0.500825478 0.169444354
    outer loop
      vertex 3.32055497 1.83222234 1.9540081
      vertex 3.37355304 1.73328757 1.92707145
      vertex 3.36562228 1.75399685 1.94855404
    endloop
  endfacet
  facet normal -0.848798209 -0.500825029 0.169457635
    outer loop
      vertex 3.32055497 1.83222234 1.9540081
      vertex 3.36562228 1.75399685 1.94855404
      vertex 3.32706881 1.82596743 1.96814919
    endloop
  endfacet
  facet normal -0.848799942 -0.500826251 0.169445341
    outer loop
      vertex 3.404176 1.68202639 1.92895889
      vertex 3.36562228 1.75399685 1.94855404
      vertex 3.37355304 1.73328757 1.92707145
    endloop
  endfacet
  facet normal -0.848799428 -0.500825085 0.169451366
    outer loop
      vertex 3.32706881 1.82596743 1.96814919
      vertex 3.28851533 1.89793789 1.98774445
      vertex 3.26755714 1.93115723 1.98094475
    endloop
  endfacet
  facet normal -0.848798165 -0.500825125 0.169457572
    outer loop
      vertex 3.32706881 1.82596743 1.96814919
      vertex 3.26755714 1.93115723 1.98094475
      vertex 3.32055497 1.83222234 1.9540081
    endloop
  endfacet
  facet normal -0.84880685 -0.500822904 0.16942063
    outer loop
      vertex 3.37418032 1.71934414 1.88900232
      vertex 3.38671136 1.69660115 1.88455319
      vertex 3.365165 1.7371366 1.89643121
    endloop
  endfacet
  facet normal -0.848794337 -0.500829183 0.169464756
    outer loop
      vertex 3.38671136 1.69660115 1.88455319
      vertex 3.36726213 1.73617435 1.90409124
      vertex 3.365165 1.7371366 1.89643121
    endloop
  endfacet
  facet normal -0.848800429 -0.500825044 0.16944647
    outer loop
      vertex 3.20617127 2.03394103 1.97724116
      vertex 3.26336312 1.93308175 1.96562457
      vertex 3.21455908 2.030092 2.0078814
    endloop
  endfacet
  facet normal -0.848811127 -0.50081793 0.169413904
    outer loop
      vertex 3.3386662 1.78660405 1.90989947
      vertex 3.36164927 1.74208724 1.89345145
      vertex 3.365165 1.7371366 1.89643121
    endloop
  endfacet
  facet normal -0.848799597 -0.500825795 0.169448421
    outer loop
      vertex 3.26755714 1.93115723 1.98094475
      vertex 3.28851533 1.89793789 1.98774445
      vertex 3.24996161 1.96990848 2.00733948
    endloop
  endfacet
  facet normal -0.84879774 -0.500823927 0.16946324
    outer loop
      vertex 3.39546251 1.67488539 1.86420524
      vertex 3.39168215 1.67591274 1.84830654
      vertex 3.41396904 1.64012635 1.85417438
    endloop
  endfacet
  facet normal -0.848801403 -0.500822122 0.169450228
    outer loop
      vertex 3.39546251 1.67488539 1.86420524
      vertex 3.41396904 1.64012635 1.85417438
      vertex 3.39924264 1.67385805 1.88010406
    endloop
  endfacet
  facet normal -0.848797608 -0.500827577 0.169453116
    outer loop
      vertex 3.36772847 1.72109771 1.86186647
      vertex 3.34972525 1.75414991 1.86937511
      vertex 3.37970543 1.69850528 1.85508645
    endloop
  endfacet
  facet normal -0.848800313 -0.500825039 0.169447071
    outer loop
      vertex 3.41396904 1.64012635 1.85417438
      vertex 3.46277308 1.54311609 1.81191766
      vertex 3.47202802 1.54060066 1.85084307
    endloop
  endfacet
  facet normal -0.848801918 -0.500823861 0.169442512
    outer loop
      vertex 3.42509055 1.61346066 1.83107007
      vertex 3.46277308 1.54311609 1.81191766
      vertex 3.41396904 1.64012635 1.85417438
    endloop
  endfacet
  facet normal -0.84879277 -0.50082345 0.169489541
    outer loop
      vertex 3.38740778 1.68380535 1.85022259
      vertex 3.39168215 1.67591274 1.84830654
      vertex 3.37970543 1.69850528 1.85508645
    endloop
  endfacet
  facet normal -0.848798902 -0.500827183 0.169447798
    outer loop
      vertex 3.41396904 1.64012635 1.85417438
      vertex 3.39168215 1.67591274 1.84830654
      vertex 3.42509055 1.61346066 1.83107007
    endloop
  endfacet
  facet normal -0.848751005 -0.500847367 0.169627965
    outer loop
      vertex 3.37970543 1.69850528 1.85508645
      vertex 3.34972525 1.75414991 1.86937511
      vertex 3.38740778 1.68380535 1.85022259
    endloop
  endfacet
  facet normal -0.848881748 -0.500788467 0.169146946
    outer loop
      vertex 3.42509055 1.61346066 1.83107007
      vertex 3.39168215 1.67591274 1.84830654
      vertex 3.38740778 1.68380535 1.85022259
    endloop
  endfacet
  facet normal -0.848797608 -0.500827577 0.169453116
    outer loop
      vertex 3.34972525 1.75414991 1.86937511
      vertex 3.36772847 1.72109771 1.86186647
      vertex 3.35575151 1.74369013 1.8686465
    endloop
  endfacet
  facet normal -0.848800606 -0.500826815 0.169440351
    outer loop
      vertex 3.33447218 1.78852856 1.89457941
      vertex 3.36164927 1.74208724 1.89345145
      vertex 3.33656907 1.7875663 1.90223944
    endloop
  endfacet
  facet normal -0.848794777 -0.50082836 0.16946498
    outer loop
      vertex 3.33656907 1.7875663 1.90223944
      vertex 3.36164927 1.74208724 1.89345145
      vertex 3.3386662 1.78660405 1.90989947
    endloop
  endfacet
  facet normal -0.848802364 -0.500823533 0.169441244
    outer loop
      vertex 3.30587626 1.83895826 1.90038764
      vertex 3.30797315 1.83799601 1.90804768
      vertex 3.25497532 1.93693078 1.93498433
    endloop
  endfacet
  facet normal -0.848810651 -0.500820207 0.169409559
    outer loop
      vertex 3.36164927 1.74208724 1.89345145
      vertex 3.37418032 1.71934414 1.88900232
      vertex 3.365165 1.7371366 1.89643121
    endloop
  endfacet
  facet normal -0.848804051 -0.500821316 0.169439347
    outer loop
      vertex 3.33447218 1.78852856 1.89457941
      vertex 3.33237529 1.78949082 1.88691926
      vertex 3.35575151 1.74369013 1.8686465
    endloop
  endfacet
  facet normal -0.848797378 -0.500825632 0.169460015
    outer loop
      vertex 3.31204271 1.8244946 1.88852763
      vertex 3.34972525 1.75414991 1.86937511
      vertex 3.33237529 1.78949082 1.88691926
    endloop
  endfacet
  facet normal -0.848795471 -0.500827175 0.169465007
    outer loop
      vertex 3.33237529 1.78949082 1.88691926
      vertex 3.34972525 1.75414991 1.86937511
      vertex 3.35575151 1.74369013 1.8686465
    endloop
  endfacet
  facet normal -0.848798812 -0.500826075 0.169451525
    outer loop
      vertex 3.30587626 1.83895826 1.90038764
      vertex 3.31204271 1.8244946 1.88852763
      vertex 3.33237529 1.78949082 1.88691926
    endloop
  endfacet
  facet normal -0.84879572 -0.500827595 0.169462522
    outer loop
      vertex 3.30587626 1.83895826 1.90038764
      vertex 3.25497532 1.93693078 1.93498433
      vertex 3.27435994 1.89483917 1.90768003
    endloop
  endfacet
  facet normal -0.848798136 -0.500825285 0.169457246
    outer loop
      vertex 3.23667741 1.96518385 1.92683256
      vertex 3.27435994 1.89483917 1.90768003
      vertex 3.25497532 1.93693078 1.93498433
    endloop
  endfacet
  facet normal -0.848797506 -0.500827479 0.169453916
    outer loop
      vertex 3.31204271 1.8244946 1.88852763
      vertex 3.30587626 1.83895826 1.90038764
      vertex 3.27435994 1.89483917 1.90768003
    endloop
  endfacet
  facet normal -0.848799997 -0.500825752 0.169446541
    outer loop
      vertex 3.25497532 1.93693078 1.93498433
      vertex 3.20197725 2.03586555 1.96192098
      vertex 3.19899487 2.03552842 1.94598508
    endloop
  endfacet
  facet normal -0.848798168 -0.50082574 0.169455739
    outer loop
      vertex 3.25497532 1.93693078 1.93498433
      vertex 3.19899487 2.03552842 1.94598508
      vertex 3.23667741 1.96518385 1.92683256
    endloop
  endfacet
  facet normal -0.848798783 -0.500826027 0.169451815
    outer loop
      vertex 3.33447218 1.78852856 1.89457941
      vertex 3.35575151 1.74369013 1.8686465
      vertex 3.36164927 1.74208724 1.89345145
    endloop
  endfacet
  facet normal -0.848798575 -0.500826405 0.169451737
    outer loop
      vertex 3.26336312 1.93308175 1.96562457
      vertex 3.26755714 1.93115723 1.98094475
      vertex 3.21455908 2.030092 2.0078814
    endloop
  endfacet
  facet normal -0.848800135 -0.500822897 0.169454292
    outer loop
      vertex 3.20264769 2.04391789 1.98907948
      vertex 3.21455908 2.030092 2.0078814
      vertex 3.20702791 2.04289842 2.00800705
    endloop
  endfacet
  facet normal -0.848798229 -0.50082548 0.169456206
    outer loop
      vertex 3.21140814 2.04187894 2.02693462
      vertex 3.21455908 2.030092 2.0078814
      vertex 3.24996161 1.96990848 2.00733948
    endloop
  endfacet
  facet normal -0.848796527 -0.500826902 0.169460525
    outer loop
      vertex 3.15824318 2.14112544 2.05395627
      vertex 3.17814898 2.10330439 2.04188371
      vertex 3.19232321 2.07750607 2.03663492
    endloop
  endfacet
  facet normal -0.848801336 -0.500820645 0.169454932
    outer loop
      vertex 3.17333674 2.10442448 2.02108955
      vertex 3.17814898 2.10330439 2.04188371
      vertex 3.16156125 2.12902689 2.03481793
    endloop
  endfacet
  facet normal -0.848795834 -0.500825456 0.169468271
    outer loop
      vertex 3.17333674 2.10442448 2.02108955
      vertex 3.16156125 2.12902689 2.03481793
      vertex 3.15946412 2.12998915 2.02715802
    endloop
  endfacet
  facet normal -0.848803366 -0.500822594 0.169438999
    outer loop
      vertex 3.17333674 2.10442448 2.02108955
      vertex 3.15946412 2.12998915 2.02715802
      vertex 3.15736723 2.1309514 2.01949787
    endloop
  endfacet
  facet normal -0.848800135 -0.500822897 0.169454292
    outer loop
      vertex 3.20702791 2.04289842 2.00800705
      vertex 3.21455908 2.030092 2.0078814
      vertex 3.21140814 2.04187894 2.02693462
    endloop
  endfacet
  facet normal -0.848801905 -0.500820992 0.169451055
    outer loop
      vertex 3.16852474 2.10554433 2.0002954
      vertex 3.17333674 2.10442448 2.02108955
      vertex 3.15736723 2.1309514 2.01949787
    endloop
  endfacet
  facet normal -0.848801655 -0.500824072 0.169443205
    outer loop
      vertex 3.16156125 2.12902689 2.03481793
      vertex 3.17814898 2.10330439 2.04188371
      vertex 3.15824318 2.14112544 2.05395627
    endloop
  endfacet
  facet normal -0.848796137 -0.500833057 0.169444289
    outer loop
      vertex 3.20617127 2.03394103 1.97724116
      vertex 3.21455908 2.030092 2.0078814
      vertex 3.20264769 2.04391789 1.98907948
    endloop
  endfacet
  facet normal -0.848800117 -0.500826145 0.169444782
    outer loop
      vertex 3.10856318 2.22796154 2.0617547
      vertex 3.16156125 2.12902689 2.03481793
      vertex 3.15824318 2.14112544 2.05395627
    endloop
  endfacet
  facet normal -0.848798515 -0.50082599 0.169453265
    outer loop
      vertex 3.10856318 2.22796154 2.0617547
      vertex 3.15824318 2.14112544 2.05395627
      vertex 3.12416315 2.20474482 2.07127762
    endloop
  endfacet
  facet normal -0.848803185 -0.500825239 0.169432089
    outer loop
      vertex 3.05556536 2.32689643 2.08869123
      vertex 3.09008312 2.26836419 2.08859897
      vertex 3.05600309 2.33198333 2.10592055
    endloop
  endfacet
  facet normal -0.848798321 -0.500824317 0.169459183
    outer loop
      vertex 3.05600309 2.33198333 2.10592055
      vertex 3.0219233 2.3956027 2.1232419
      vertex 3.00256729 2.42583108 2.115628
    endloop
  endfacet
  facet normal -0.848803646 -0.500824526 0.169431891
    outer loop
      vertex 3.05600309 2.33198333 2.10592055
      vertex 3.00256729 2.42583108 2.115628
      vertex 3.05556536 2.32689643 2.08869123
    endloop
  endfacet
  facet normal -0.848798515 -0.50082599 0.169453265
    outer loop
      vertex 3.10856318 2.22796154 2.0617547
      vertex 3.12416315 2.20474482 2.07127762
      vertex 3.09008312 2.26836419 2.08859897
    endloop
  endfacet
  facet normal -0.848800748 -0.500823827 0.169448472
    outer loop
      vertex 3.05556536 2.32689643 2.08869123
      vertex 3.10856318 2.22796154 2.0617547
      vertex 3.09008312 2.26836419 2.08859897
    endloop
  endfacet
  facet normal -0.84879975 -0.500824678 0.169450957
    outer loop
      vertex 2.94448996 2.5253911 2.11896873
      vertex 2.99837327 2.42775559 2.1003077
      vertex 3.00256729 2.42583108 2.115628
    endloop
  endfacet
  facet normal -0.848797926 -0.500826612 0.169454374
    outer loop
      vertex 2.98784328 2.45922208 2.14056325
      vertex 2.95376325 2.52284145 2.15788484
      vertex 3.00256729 2.42583108 2.115628
    endloop
  endfacet
  facet normal -0.848800286 -0.50082488 0.169447673
    outer loop
      vertex 2.95376325 2.52284145 2.15788484
      vertex 2.94448996 2.5253911 2.11896873
      vertex 3.00256729 2.42583108 2.115628
    endloop
  endfacet
  facet normal -0.848798544 -0.500825977 0.169453159
    outer loop
      vertex 3.0219233 2.3956027 2.1232419
      vertex 2.98784328 2.45922208 2.14056325
      vertex 3.00256729 2.42583108 2.115628
    endloop
  endfacet
  facet normal -0.848803028 -0.50082451 0.169435034
    outer loop
      vertex 3.18558621 2.07473111 1.99468744
      vertex 3.20617127 2.03394103 1.97724116
      vertex 3.20264769 2.04391789 1.98907948
    endloop
  endfacet
  facet normal -0.848799049 -0.500825054 0.169453355
    outer loop
      vertex 3.2591691 1.93500626 1.95030451
      vertex 3.26336312 1.93308175 1.96562457
      vertex 3.20617127 2.03394103 1.97724116
    endloop
  endfacet
  facet normal -0.8487972 -0.500822906 0.169468965
    outer loop
      vertex 3.15317321 2.13287592 2.00417781
      vertex 3.16852474 2.10554433 2.0002954
      vertex 3.15527034 2.13191366 2.01183772
    endloop
  endfacet
  facet normal -0.84880275 -0.500824711 0.169435832
    outer loop
      vertex 3.17967224 2.08340836 1.99070942
      vertex 3.20617127 2.03394103 1.97724116
      vertex 3.18558621 2.07473111 1.99468744
    endloop
  endfacet
  facet normal -0.848807111 -0.500815604 0.169440903
    outer loop
      vertex 3.15527034 2.13191366 2.01183772
      vertex 3.16852474 2.10554433 2.0002954
      vertex 3.15736723 2.1309514 2.01949787
    endloop
  endfacet
  facet normal -0.848802766 -0.50082457 0.169436163
    outer loop
      vertex 3.16852474 2.10554433 2.0002954
      vertex 3.17967224 2.08340836 1.99070942
      vertex 3.18558621 2.07473111 1.99468744
    endloop
  endfacet
  facet normal -0.848799786 -0.500826122 0.169446509
    outer loop
      vertex 3.1613121 2.10587311 1.9651376
      vertex 3.19899487 2.03552842 1.94598508
      vertex 3.20197725 2.03586555 1.96192098
    endloop
  endfacet
  facet normal -0.848798995 -0.500825878 0.169451189
    outer loop
      vertex 3.1613121 2.10587311 1.9651376
      vertex 3.20197725 2.03586555 1.96192098
      vertex 3.14897919 2.13480043 1.98885763
    endloop
  endfacet
  facet normal -0.848800856 -0.500823878 0.169447782
    outer loop
      vertex 3.12362957 2.17621779 1.98429
      vertex 3.1613121 2.10587311 1.9651376
      vertex 3.14897919 2.13480043 1.98885763
    endloop
  endfacet
  facet normal -0.848806369 -0.500821939 0.169425897
    outer loop
      vertex 3.15317321 2.13287592 2.00417781
      vertex 3.17967224 2.08340836 1.99070942
      vertex 3.16852474 2.10554433 2.0002954
    endloop
  endfacet
  facet normal -0.848798996 -0.500825764 0.169451521
    outer loop
      vertex 3.09598136 2.23373508 2.01579428
      vertex 3.04298329 2.33266997 2.04273081
      vertex 3.04826427 2.31690693 2.02259493
    endloop
  endfacet
  facet normal -0.848799945 -0.50082589 0.169446399
    outer loop
      vertex 3.09598136 2.23373508 2.01579428
      vertex 3.04826427 2.31690693 2.02259493
      vertex 3.08594704 2.24656224 2.00344253
    endloop
  endfacet
  facet normal -0.848802897 -0.500822538 0.169441515
    outer loop
      vertex 2.98998547 2.43160462 2.06966758
      vertex 2.99417925 2.42968011 2.08498764
      vertex 2.94448996 2.5253911 2.11896873
    endloop
  endfacet
  facet normal -0.848798589 -0.500826162 0.169452385
    outer loop
      vertex 2.93521643 2.52794075 2.08005261
      vertex 2.98998547 2.43160462 2.06966758
      vertex 2.94448996 2.5253911 2.11896873
    endloop
  endfacet
  facet normal -0.848800282 -0.500824936 0.169447529
    outer loop
      vertex 3.04298329 2.33266997 2.04273081
      vertex 2.98998547 2.43160462 2.06966758
      vertex 3.01058173 2.38725162 2.04174757
    endloop
  endfacet
  facet normal -0.848799878 -0.500824645 0.169450413
    outer loop
      vertex 3.04298329 2.33266997 2.04273081
      vertex 3.01058173 2.38725162 2.04174757
      vertex 3.04826427 2.31690693 2.02259493
    endloop
  endfacet
  facet normal -0.848800136 -0.500825307 0.169447159
    outer loop
      vertex 3.09598136 2.23373508 2.01579428
      vertex 3.08594704 2.24656224 2.00344253
      vertex 3.12362957 2.17621779 1.98429
    endloop
  endfacet
  facet normal -0.848801934 -0.500823383 0.169443843
    outer loop
      vertex 2.98998547 2.43160462 2.06966758
      vertex 2.9728992 2.4575963 2.06089997
      vertex 3.01058173 2.38725162 2.04174757
    endloop
  endfacet
  facet normal -0.848801938 -0.500826234 0.169435398
    outer loop
      vertex 2.98998547 2.43160462 2.06966758
      vertex 2.93521643 2.52794075 2.08005261
      vertex 2.9728992 2.4575963 2.06089997
    endloop
  endfacet
  facet normal -0.848801168 -0.500824416 0.169444628
    outer loop
      vertex 3.14897919 2.13480043 1.98885763
      vertex 3.09598136 2.23373508 2.01579428
      vertex 3.12362957 2.17621779 1.98429
    endloop
  endfacet
  facet normal -0.84879917 -0.500824828 0.169453417
    outer loop
      vertex 2.99837327 2.42775559 2.1003077
      vertex 2.94448996 2.5253911 2.11896873
      vertex 2.99417925 2.42968011 2.08498764
    endloop
  endfacet
  facet normal -0.848799327 -0.50082606 0.169448991
    outer loop
      vertex 3.24996161 1.96990848 2.00733948
      vertex 3.21455908 2.030092 2.0078814
      vertex 3.26755714 1.93115723 1.98094475
    endloop
  endfacet
  facet normal 0.848799174 0.50082818 -0.169443489
    outer loop
      vertex 3.34120345 1.89886892 1.90033138
      vertex 3.32700777 1.92536867 1.9075464
      vertex 3.32962894 1.92416584 1.91712153
    endloop
  endfacet
  facet normal 0.848799174 0.50082818 -0.169443489
    outer loop
      vertex 3.34120345 1.89886892 1.90033138
      vertex 3.32962894 1.92416584 1.91712153
      vertex 3.34382463 1.8976661 1.90990651
    endloop
  endfacet
  facet normal 0.848798645 0.500828423 -0.169445423
    outer loop
      vertex 3.34382463 1.8976661 1.90990651
      vertex 3.32962894 1.92416584 1.91712153
      vertex 3.33225012 1.92296302 1.92669654
    endloop
  endfacet
  facet normal 0.848798645 0.500828423 -0.169445423
    outer loop
      vertex 3.34382463 1.8976661 1.90990651
      vertex 3.33225012 1.92296302 1.92669654
      vertex 3.3464458 1.89646327 1.91948152
    endloop
  endfacet
  facet normal 0.84879387 0.500830614 -0.169462866
    outer loop
      vertex 3.3464458 1.89646327 1.91948152
      vertex 3.33225012 1.92296302 1.92669654
      vertex 3.33487153 1.9217602 1.93627167
    endloop
  endfacet
  facet normal 0.84880218 0.500822569 -0.169445016
    outer loop
      vertex 3.3464458 1.89646327 1.91948152
      vertex 3.33487153 1.9217602 1.93627167
      vertex 3.34906697 1.89526045 1.92905664
    endloop
  endfacet
  facet normal 0.848801121 0.500824547 -0.169444478
    outer loop
      vertex 3.3464458 1.89646327 1.91948152
      vertex 3.34906697 1.89526045 1.92905664
      vertex 3.3774581 1.84226084 1.9146266
    endloop
  endfacet
  facet normal 0.848800591 0.50082479 -0.169446412
    outer loop
      vertex 3.37221575 1.84466648 1.89547646
      vertex 3.34382463 1.8976661 1.90990651
      vertex 3.3464458 1.89646327 1.91948152
    endloop
  endfacet
  facet normal 0.848800931 0.500824528 -0.169445483
    outer loop
      vertex 3.3774581 1.84226084 1.9146266
      vertex 3.37221575 1.84466648 1.89547646
      vertex 3.3464458 1.89646327 1.91948152
    endloop
  endfacet
  facet normal 0.848795436 0.500826944 -0.169465866
    outer loop
      vertex 3.35168815 1.89405763 1.93863177
      vertex 3.35430956 1.89285481 1.94820678
      vertex 3.38270068 1.83985519 1.93377686
    endloop
  endfacet
  facet normal 0.848801121 0.500824547 -0.169444478
    outer loop
      vertex 3.3774581 1.84226084 1.9146266
      vertex 3.34906697 1.89526045 1.92905664
      vertex 3.35168815 1.89405763 1.93863177
    endloop
  endfacet
  facet normal 0.848797717 0.500827166 -0.169453785
    outer loop
      vertex 3.38270068 1.83985519 1.93377686
      vertex 3.3774581 1.84226084 1.9146266
      vertex 3.35168815 1.89405763 1.93863177
    endloop
  endfacet
  facet normal 0.84880218 0.500822569 -0.169445016
    outer loop
      vertex 3.34906697 1.89526045 1.92905664
      vertex 3.33487153 1.9217602 1.93627167
      vertex 3.3374927 1.92055738 1.9458468
    endloop
  endfacet
  facet normal 0.84880218 0.500822569 -0.169445016
    outer loop
      vertex 3.34906697 1.89526045 1.92905664
      vertex 3.3374927 1.92055738 1.9458468
      vertex 3.35168815 1.89405763 1.93863177
    endloop
  endfacet
  facet normal 0.848801651 0.500822812 -0.169446951
    outer loop
      vertex 3.35168815 1.89405763 1.93863177
      vertex 3.3374927 1.92055738 1.9458468
      vertex 3.34011388 1.91935456 1.95542181
    endloop
  endfacet
  facet normal 0.84879334 0.500830857 -0.1694648
    outer loop
      vertex 3.35168815 1.89405763 1.93863177
      vertex 3.34011388 1.91935456 1.95542181
      vertex 3.35430956 1.89285481 1.94820678
    endloop
  endfacet
  facet normal 0.848799174 0.50082818 -0.169443489
    outer loop
      vertex 3.35430956 1.89285481 1.94820678
      vertex 3.34011388 1.91935456 1.95542181
      vertex 3.34273505 1.91815174 1.96499693
    endloop
  endfacet
  facet normal 0.848799174 0.50082818 -0.169443489
    outer loop
      vertex 3.35430956 1.89285481 1.94820678
      vertex 3.34273505 1.91815174 1.96499693
      vertex 3.35693073 1.89165199 1.95778191
    endloop
  endfacet
  facet normal 0.848797504 0.500823328 -0.169466195
    outer loop
      vertex 3.32885456 1.94406366 1.97205186
      vertex 3.34273505 1.91815174 1.96499693
      vertex 3.3265481 1.94467854 1.96231675
    endloop
  endfacet
  facet normal 0.848801415 0.500826259 -0.169437942
    outer loop
      vertex 3.3265481 1.94467854 1.96231675
      vertex 3.34011388 1.91935456 1.95542181
      vertex 3.32424188 1.94529355 1.95258152
    endloop
  endfacet
  facet normal 0.848800668 0.500824776 -0.169446066
    outer loop
      vertex 3.32424188 1.94529355 1.95258152
      vertex 3.3374927 1.92055738 1.9458468
      vertex 3.32193565 1.94590843 1.94284642
    endloop
  endfacet
  facet normal 0.848803338 0.500820651 -0.169444884
    outer loop
      vertex 3.33116078 1.94344878 1.98178709
      vertex 3.34273505 1.91815174 1.96499693
      vertex 3.32885456 1.94406366 1.97205186
    endloop
  endfacet
  facet normal 0.848792305 0.500831332 -0.169468582
    outer loop
      vertex 3.33116078 1.94344878 1.98178709
      vertex 3.35693073 1.89165199 1.95778191
      vertex 3.34273505 1.91815174 1.96499693
    endloop
  endfacet
  facet normal 0.848800834 0.500825082 -0.169444332
    outer loop
      vertex 3.33487153 1.9217602 1.93627167
      vertex 3.32193565 1.94590843 1.94284642
      vertex 3.3374927 1.92055738 1.9458468
    endloop
  endfacet
  facet normal 0.848800576 0.500824818 -0.169446404
    outer loop
      vertex 3.32424188 1.94529355 1.95258152
      vertex 3.34011388 1.91935456 1.95542181
      vertex 3.3374927 1.92055738 1.9458468
    endloop
  endfacet
  facet normal 0.848801271 0.500824267 -0.169444554
    outer loop
      vertex 3.35430956 1.89285481 1.94820678
      vertex 3.35693073 1.89165199 1.95778191
      vertex 3.38270068 1.83985519 1.93377686
    endloop
  endfacet
  facet normal 0.848799809 0.500826996 -0.169443811
    outer loop
      vertex 3.3265481 1.94467854 1.96231675
      vertex 3.34273505 1.91815174 1.96499693
      vertex 3.34011388 1.91935456 1.95542181
    endloop
  endfacet
  facet normal 0.848800024 0.50082539 -0.169447475
    outer loop
      vertex 3.35693073 1.89165199 1.95778191
      vertex 3.33116078 1.94344878 1.98178709
      vertex 3.38732815 1.83859754 1.95323956
    endloop
  endfacet
  facet normal 0.848803737 0.500818917 -0.169448011
    outer loop
      vertex 3.31962943 1.94652331 1.93311119
      vertex 3.33225012 1.92296302 1.92669654
      vertex 3.32962894 1.92416584 1.91712153
    endloop
  endfacet
  facet normal 0.848797821 0.500824874 -0.16946004
    outer loop
      vertex 3.31962943 1.94652331 1.93311119
      vertex 3.32962894 1.92416584 1.91712153
      vertex 3.31732297 1.94713831 1.92337608
    endloop
  endfacet
  facet normal 0.848795529 0.500827516 -0.169463709
    outer loop
      vertex 3.32193565 1.94590843 1.94284642
      vertex 3.33487153 1.9217602 1.93627167
      vertex 3.33225012 1.92296302 1.92669654
    endloop
  endfacet
  facet normal 0.848804483 0.500818575 -0.169445286
    outer loop
      vertex 3.32193565 1.94590843 1.94284642
      vertex 3.33225012 1.92296302 1.92669654
      vertex 3.31962943 1.94652331 1.93311119
    endloop
  endfacet
  facet normal 0.84880156 0.500823158 -0.16944638
    outer loop
      vertex 3.31501675 1.94775319 1.91364098
      vertex 3.31732297 1.94713831 1.92337608
      vertex 3.32962894 1.92416584 1.91712153
    endloop
  endfacet
  facet normal 0.848801809 0.500823425 -0.169444347
    outer loop
      vertex 3.32700777 1.92536867 1.9075464
      vertex 3.31271052 1.94836807 1.90390575
      vertex 3.31501675 1.94775319 1.91364098
    endloop
  endfacet
  facet normal 0.848801121 0.500824547 -0.169444478
    outer loop
      vertex 3.37221575 1.84466648 1.89547646
      vertex 3.34120345 1.89886892 1.90033138
      vertex 3.34382463 1.8976661 1.90990651
    endloop
  endfacet
  facet normal 0.848802946 0.500826449 -0.16942971
    outer loop
      vertex 3.31271052 1.94836807 1.90390575
      vertex 3.32700777 1.92536867 1.9075464
      vertex 3.34120345 1.89886892 1.90033138
    endloop
  endfacet
  facet normal 0.848801693 0.500823478 -0.169444769
    outer loop
      vertex 3.31501675 1.94775319 1.91364098
      vertex 3.32962894 1.92416584 1.91712153
      vertex 3.32700777 1.92536867 1.9075464
    endloop
  endfacet
  facet normal 0.848797671 0.500825519 -0.169458883
    outer loop
      vertex 3.35174131 1.87550652 1.88406801
      vertex 3.31271052 1.94836807 1.90390575
      vertex 3.34120345 1.89886892 1.90033138
    endloop
  endfacet
  facet normal 0.84879976 0.500825512 -0.169448442
    outer loop
      vertex 3.38270068 1.83985519 1.93377686
      vertex 3.38732815 1.83859754 1.95323956
      vertex 3.44349551 1.73374629 1.92469203
    endloop
  endfacet
  facet normal 0.848798077 0.500826494 -0.169453968
    outer loop
      vertex 3.43698955 1.72783005 1.87461698
      vertex 3.3774581 1.84226084 1.9146266
      vertex 3.38270068 1.83985519 1.93377686
    endloop
  endfacet
  facet normal 0.848799304 0.500825459 -0.169450882
    outer loop
      vertex 3.38270068 1.83985519 1.93377686
      vertex 3.44349551 1.73374629 1.92469203
      vertex 3.43698955 1.72783005 1.87461698
    endloop
  endfacet
  facet normal 0.848800852 0.500822871 -0.169450777
    outer loop
      vertex 3.44349551 1.73374629 1.92469203
      vertex 3.44952059 1.70508695 1.87016785
      vertex 3.43698955 1.72783005 1.87461698
    endloop
  endfacet
  facet normal 0.848794916 0.500831223 -0.169455823
    outer loop
      vertex 3.44952059 1.70508695 1.87016785
      vertex 3.44349551 1.73374629 1.92469203
      vertex 3.46205187 1.68234396 1.86571884
    endloop
  endfacet
  facet normal 0.848799892 0.500825451 -0.169447959
    outer loop
      vertex 3.54657507 1.52655911 1.82867157
      vertex 3.49966264 1.62889504 1.89614463
      vertex 3.55583 1.5240438 1.8675971
    endloop
  endfacet
  facet normal 0.848801182 0.500822781 -0.169449386
    outer loop
      vertex 3.49966264 1.62889504 1.89614463
      vertex 3.47458291 1.65960085 1.86126971
      vertex 3.46205187 1.68234396 1.86571884
    endloop
  endfacet
  facet normal 0.848800389 0.500824972 -0.169446887
    outer loop
      vertex 3.49966264 1.62889504 1.89614463
      vertex 3.54657507 1.52655911 1.82867157
      vertex 3.47458291 1.65960085 1.86126971
    endloop
  endfacet
  facet normal 0.848800993 0.50082377 -0.169447415
    outer loop
      vertex 3.44349551 1.73374629 1.92469203
      vertex 3.49966264 1.62889504 1.89614463
      vertex 3.46205187 1.68234396 1.86571884
    endloop
  endfacet
  facet normal 0.848800096 0.500825088 -0.169448008
    outer loop
      vertex 3.47458291 1.65960085 1.86126971
      vertex 3.54657507 1.52655911 1.82867157
      vertex 3.47037888 1.66074347 1.84358799
    endloop
  endfacet
  facet normal 0.848798971 0.500825275 -0.169453092
    outer loop
      vertex 3.43339634 1.72880661 1.8595047
      vertex 3.37221575 1.84466648 1.89547646
      vertex 3.43698955 1.72783005 1.87461698
    endloop
  endfacet
  facet normal 0.848800742 0.500824881 -0.169445387
    outer loop
      vertex 3.3774581 1.84226084 1.9146266
      vertex 3.43698955 1.72783005 1.87461698
      vertex 3.37221575 1.84466648 1.89547646
    endloop
  endfacet
  facet normal 0.848798801 0.500826239 -0.169451097
    outer loop
      vertex 3.35174131 1.87550652 1.88406801
      vertex 3.37221575 1.84466648 1.89547646
      vertex 3.39077234 1.80264485 1.86423016
    endloop
  endfacet
  facet normal 0.848800578 0.500824414 -0.169447586
    outer loop
      vertex 3.43339634 1.72880661 1.8595047
      vertex 3.39077234 1.80264485 1.86423016
      vertex 3.37221575 1.84466648 1.89547646
    endloop
  endfacet
  facet normal 0.848799566 0.500824195 -0.169453303
    outer loop
      vertex 3.42980313 1.72978318 1.84439242
      vertex 3.39077234 1.80264485 1.86423016
      vertex 3.43339634 1.72880661 1.8595047
    endloop
  endfacet
  facet normal 0.848798872 0.500824327 -0.169456393
    outer loop
      vertex 3.37221575 1.84466648 1.89547646
      vertex 3.35174131 1.87550652 1.88406801
      vertex 3.34120345 1.89886892 1.90033138
    endloop
  endfacet
  facet normal 0.848799309 0.500825349 -0.16945118
    outer loop
      vertex 3.47037888 1.66074347 1.84358799
      vertex 3.50174737 1.59548032 1.80782616
      vertex 3.46617484 1.66188598 1.82590628
    endloop
  endfacet
  facet normal 0.848799615 0.500825084 -0.16945043
    outer loop
      vertex 3.54657507 1.52655911 1.82867157
      vertex 3.50174737 1.59548032 1.80782616
      vertex 3.47037888 1.66074347 1.84358799
    endloop
  endfacet
  facet normal 0.84879967 0.500826205 -0.169446842
    outer loop
      vertex 3.54657507 1.52655911 1.82867157
      vertex 3.53732014 1.52907455 1.78974617
      vertex 3.50174737 1.59548032 1.80782616
    endloop
  endfacet
  facet normal 0.848799838 0.500825369 -0.16944847
    outer loop
      vertex 3.38732815 1.83859754 1.95323956
      vertex 3.38270068 1.83985519 1.93377686
      vertex 3.35693073 1.89165199 1.95778191
    endloop
  endfacet
  facet normal 0.262124395 -0.120282014 0.957508767
    outer loop
      vertex 3.45256591 1.6542536 1.9122231
      vertex 3.43983388 1.64674127 1.91476488
      vertex 3.47873402 1.57412398 1.89499354
    endloop
  endfacet
  facet normal 0.262117317 -0.12028467 0.957510371
    outer loop
      vertex 3.45256591 1.6542536 1.9122231
      vertex 3.47873402 1.57412398 1.89499354
      vertex 3.49146605 1.58163631 1.89245188
    endloop
  endfacet
  facet normal 0.262121133 -0.120283106 0.957509523
    outer loop
      vertex 3.31641579 1.90841424 1.98142254
      vertex 3.2969656 1.94472289 1.99130821
      vertex 3.28423381 1.93721056 1.99384987
    endloop
  endfacet
  facet normal 0.262124733 -0.120282646 0.957508595
    outer loop
      vertex 3.32313371 1.86459327 1.97407866
      vertex 3.33586574 1.8721056 1.97153687
      vertex 3.31641579 1.90841424 1.98142254
    endloop
  endfacet
  facet normal 0.262120885 -0.120283396 0.957509554
    outer loop
      vertex 3.28423381 1.93721056 1.99384987
      vertex 3.32313371 1.86459327 1.97407866
      vertex 3.31641579 1.90841424 1.98142254
    endloop
  endfacet
  facet normal 0.262124317 -0.120281868 0.957508807
    outer loop
      vertex 3.33586574 1.8721056 1.97153687
      vertex 3.32313371 1.86459327 1.97407866
      vertex 3.36203384 1.79197586 1.95430732
    endloop
  endfacet
  facet normal 0.262118128 -0.120284191 0.957510209
    outer loop
      vertex 3.33586574 1.8721056 1.97153687
      vertex 3.36203384 1.79197586 1.95430732
      vertex 3.37476587 1.79948831 1.95176566
    endloop
  endfacet
  facet normal 0.262144184 -0.120273827 0.957504378
    outer loop
      vertex 3.2322495 2.04989266 2.02223587
      vertex 3.22588372 2.04613662 2.02350688
      vertex 3.24533367 2.00982785 2.01362109
    endloop
  endfacet
  facet normal 0.262111679 -0.120286026 0.957511744
    outer loop
      vertex 3.2322495 2.04989266 2.02223587
      vertex 3.24533367 2.00982785 2.01362109
      vertex 3.25169969 2.01358414 2.01235032
    endloop
  endfacet
  facet normal 0.262111679 -0.120286026 0.957511744
    outer loop
      vertex 3.23861551 2.05364895 2.0209651
      vertex 3.2322495 2.04989266 2.02223587
      vertex 3.25169969 2.01358414 2.01235032
    endloop
  endfacet
  facet normal 0.262108122 -0.120287361 0.95751255
    outer loop
      vertex 3.23861551 2.05364895 2.0209651
      vertex 3.25169969 2.01358414 2.01235032
      vertex 3.2580657 2.01734018 2.01107955
    endloop
  endfacet
  facet normal 0.262112045 -0.120286711 0.957511558
    outer loop
      vertex 3.22588372 2.04613662 2.02350688
      vertex 3.21951771 2.04238033 2.02477765
      vertex 3.23896766 2.00607157 2.0148921
    endloop
  endfacet
  facet normal 0.262140356 -0.120276086 0.957505142
    outer loop
      vertex 3.22588372 2.04613662 2.02350688
      vertex 3.23896766 2.00607157 2.0148921
      vertex 3.24533367 2.00982785 2.01362109
    endloop
  endfacet
  facet normal 0.26211143 -0.120293535 0.957510869
    outer loop
      vertex 3.27751565 1.98103154 2.00119376
      vertex 3.2580657 2.01734018 2.01107955
      vertex 3.25169969 2.01358414 2.01235032
    endloop
  endfacet
  facet normal 0.262112481 -0.120287523 0.957511336
    outer loop
      vertex 3.25169969 2.01358414 2.01235032
      vertex 3.24533367 2.00982785 2.01362109
      vertex 3.28423381 1.93721056 1.99384987
    endloop
  endfacet
  facet normal 0.262120574 -0.120282061 0.957509807
    outer loop
      vertex 3.28423381 1.93721056 1.99384987
      vertex 3.2969656 1.94472289 1.99130821
      vertex 3.27751565 1.98103154 2.00119376
    endloop
  endfacet
  facet normal 0.262126221 -0.120280959 0.9575084
    outer loop
      vertex 3.27751565 1.98103154 2.00119376
      vertex 3.25169969 2.01358414 2.01235032
      vertex 3.28423381 1.93721056 1.99384987
    endloop
  endfacet
  facet normal 0.262124587 -0.12028038 0.957508919
    outer loop
      vertex 3.46529794 1.66176605 1.90968132
      vertex 3.45256591 1.6542536 1.9122231
      vertex 3.49146605 1.58163631 1.89245188
    endloop
  endfacet
  facet normal 0.262124587 -0.12028038 0.957508919
    outer loop
      vertex 3.46529794 1.66176605 1.90968132
      vertex 3.49146605 1.58163631 1.89245188
      vertex 3.50419807 1.58914876 1.8899101
    endloop
  endfacet
  facet normal 0.262112721 -0.120278569 0.957512396
    outer loop
      vertex 3.31765509 1.95693052 1.98717785
      vertex 3.31606364 1.95599151 1.98749554
      vertex 3.32092619 1.94691432 1.98502421
    endloop
  endfacet
  facet normal 0.262169343 -0.120257318 0.957499563
    outer loop
      vertex 3.31765509 1.95693052 1.98717785
      vertex 3.32092619 1.94691432 1.98502421
      vertex 3.32251763 1.94785333 1.9847064
    endloop
  endfacet
  facet normal 0.262169343 -0.120257318 0.957499563
    outer loop
      vertex 3.32251763 1.94785333 1.9847064
      vertex 3.32092619 1.94691432 1.98502421
      vertex 3.32578874 1.93783712 1.98255277
    endloop
  endfacet
  facet normal 0.262119833 -0.120275899 0.957510784
    outer loop
      vertex 3.32251763 1.94785333 1.9847064
      vertex 3.32578874 1.93783712 1.98255277
      vertex 3.32738018 1.93877625 1.98223507
    endloop
  endfacet
  facet normal 0.262141802 -0.120261409 0.957506589
    outer loop
      vertex 3.32092619 1.94691432 1.98502421
      vertex 3.31606364 1.95599151 1.98749554
      vertex 3.31288075 1.95411336 1.98813105
    endloop
  endfacet
  facet normal 0.262103525 -0.120296153 0.957512704
    outer loop
      vertex 3.32260561 1.9359591 1.98318815
      vertex 3.32578874 1.93783712 1.98255277
      vertex 3.32092619 1.94691432 1.98502421
    endloop
  endfacet
  facet normal 0.262113885 -0.120294132 0.957510121
    outer loop
      vertex 3.31288075 1.95411336 1.98813105
      vertex 3.32260561 1.9359591 1.98318815
      vertex 3.32092619 1.94691432 1.98502421
    endloop
  endfacet
  facet normal 0.26210105 -0.120291534 0.957513961
    outer loop
      vertex 3.31288075 1.95411336 1.98813105
      vertex 3.30969763 1.95223534 1.98876643
      vertex 3.31942272 1.93408096 1.98382366
    endloop
  endfacet
  facet normal 0.262148418 -0.120273757 0.957503227
    outer loop
      vertex 3.31288075 1.95411336 1.98813105
      vertex 3.31942272 1.93408096 1.98382366
      vertex 3.32260561 1.9359591 1.98318815
    endloop
  endfacet
  facet normal 0.262147063 -0.120271228 0.957503916
    outer loop
      vertex 3.32260561 1.9359591 1.98318815
      vertex 3.31942272 1.93408096 1.98382366
      vertex 3.32914782 1.91592669 1.97888076
    endloop
  endfacet
  facet normal 0.262115195 -0.120283188 0.957511138
    outer loop
      vertex 3.32260561 1.9359591 1.98318815
      vertex 3.32914782 1.91592669 1.97888076
      vertex 3.3323307 1.91780472 1.97824538
    endloop
  endfacet
  facet normal 0.26210105 -0.120291534 0.957513961
    outer loop
      vertex 3.32578874 1.93783712 1.98255277
      vertex 3.32260561 1.9359591 1.98318815
      vertex 3.3323307 1.91780472 1.97824538
    endloop
  endfacet
  facet normal 0.262132916 -0.120279575 0.95750674
    outer loop
      vertex 3.32578874 1.93783712 1.98255277
      vertex 3.3323307 1.91780472 1.97824538
      vertex 3.33551383 1.91968286 1.97760987
    endloop
  endfacet
  facet normal 0.262115872 -0.120284453 0.957510794
    outer loop
      vertex 3.3323307 1.91780472 1.97824538
      vertex 3.32914782 1.91592669 1.97888076
      vertex 3.34859776 1.87961793 1.96899521
    endloop
  endfacet
  facet normal 0.262130964 -0.12027593 0.957507733
    outer loop
      vertex 3.35496378 1.88337421 1.96772432
      vertex 3.33551383 1.91968286 1.97760987
      vertex 3.3323307 1.91780472 1.97824538
    endloop
  endfacet
  facet normal 0.262125399 -0.120279901 0.957508757
    outer loop
      vertex 3.34859776 1.87961793 1.96899521
      vertex 3.35496378 1.88337421 1.96772432
      vertex 3.3323307 1.91780472 1.97824538
    endloop
  endfacet
  facet normal 0.262124286 -0.120277824 0.957509323
    outer loop
      vertex 3.31942272 1.93408096 1.98382366
      vertex 3.30969763 1.95223534 1.98876643
      vertex 3.30333161 1.94847906 1.99003732
    endloop
  endfacet
  facet normal 0.262127072 -0.120283024 0.957507907
    outer loop
      vertex 3.3227818 1.91217041 1.98015165
      vertex 3.32914782 1.91592669 1.97888076
      vertex 3.31942272 1.93408096 1.98382366
    endloop
  endfacet
  facet normal 0.262118408 -0.120284714 0.957510067
    outer loop
      vertex 3.30333161 1.94847906 1.99003732
      vertex 3.3227818 1.91217041 1.98015165
      vertex 3.31942272 1.93408096 1.98382366
    endloop
  endfacet
  facet normal 0.262124056 -0.120281381 0.957508939
    outer loop
      vertex 3.30333161 1.94847906 1.99003732
      vertex 3.2969656 1.94472289 1.99130821
      vertex 3.31641579 1.90841424 1.98142254
    endloop
  endfacet
  facet normal 0.262124056 -0.120281381 0.957508939
    outer loop
      vertex 3.30333161 1.94847906 1.99003732
      vertex 3.31641579 1.90841424 1.98142254
      vertex 3.3227818 1.91217041 1.98015165
    endloop
  endfacet
  facet normal 0.262124733 -0.120282646 0.957508595
    outer loop
      vertex 3.3227818 1.91217041 1.98015165
      vertex 3.31641579 1.90841424 1.98142254
      vertex 3.33586574 1.8721056 1.97153687
    endloop
  endfacet
  facet normal 0.262124733 -0.120282646 0.957508595
    outer loop
      vertex 3.3227818 1.91217041 1.98015165
      vertex 3.33586574 1.8721056 1.97153687
      vertex 3.34223175 1.87586176 1.97026598
    endloop
  endfacet
  facet normal 0.262126356 -0.120281688 0.957508271
    outer loop
      vertex 3.32914782 1.91592669 1.97888076
      vertex 3.3227818 1.91217041 1.98015165
      vertex 3.34223175 1.87586176 1.97026598
    endloop
  endfacet
  facet normal 0.262110423 -0.120287668 0.957511882
    outer loop
      vertex 3.32914782 1.91592669 1.97888076
      vertex 3.34223175 1.87586176 1.97026598
      vertex 3.34859776 1.87961793 1.96899521
    endloop
  endfacet
  facet normal 0.262123776 -0.120280859 0.957509081
    outer loop
      vertex 3.34223175 1.87586176 1.97026598
      vertex 3.33586574 1.8721056 1.97153687
      vertex 3.37476587 1.79948831 1.95176566
    endloop
  endfacet
  facet normal 0.262111477 -0.120289636 0.957511346
    outer loop
      vertex 3.3874979 1.80700064 1.94922388
      vertex 3.34859776 1.87961793 1.96899521
      vertex 3.34223175 1.87586176 1.97026598
    endloop
  endfacet
  facet normal 0.262123776 -0.120280859 0.957509081
    outer loop
      vertex 3.37476587 1.79948831 1.95176566
      vertex 3.3874979 1.80700064 1.94922388
      vertex 3.34223175 1.87586176 1.97026598
    endloop
  endfacet
  facet normal 0.262155195 -0.120265665 0.957502388
    outer loop
      vertex 3.27398062 2.02673078 2.00790238
      vertex 3.27716374 2.0286088 2.00726676
      vertex 3.26743865 2.04676318 2.01220965
    endloop
  endfacet
  facet normal 0.262113843 -0.120290065 0.957510644
    outer loop
      vertex 3.26743865 2.04676318 2.01220965
      vertex 3.25771356 2.06491756 2.01715255
      vertex 3.25134754 2.06116128 2.01842332
    endloop
  endfacet
  facet normal 0.262121686 -0.120279358 0.957509842
    outer loop
      vertex 3.25134754 2.06116128 2.01842332
      vertex 3.27079773 2.02485251 2.00853777
      vertex 3.27398062 2.02673078 2.00790238
    endloop
  endfacet
  facet normal 0.262124987 -0.120277003 0.957509234
    outer loop
      vertex 3.27398062 2.02673078 2.00790238
      vertex 3.26743865 2.04676318 2.01220965
      vertex 3.25134754 2.06116128 2.01842332
    endloop
  endfacet
  facet normal 0.262155195 -0.120265665 0.957502388
    outer loop
      vertex 3.26089668 2.06679559 2.01651692
      vertex 3.25771356 2.06491756 2.01715255
      vertex 3.26743865 2.04676318 2.01220965
    endloop
  endfacet
  facet normal 0.262114075 -0.120281098 0.957511707
    outer loop
      vertex 3.26089668 2.06679559 2.01651692
      vertex 3.26743865 2.04676318 2.01220965
      vertex 3.27062154 2.0486412 2.01157427
    endloop
  endfacet
  facet normal 0.262162853 -0.120261147 0.957500859
    outer loop
      vertex 3.27875519 2.02954793 2.00694919
      vertex 3.28034663 2.03048682 2.00663137
      vertex 3.27062154 2.0486412 2.01157427
    endloop
  endfacet
  facet normal 0.262072488 -0.120314466 0.957518898
    outer loop
      vertex 3.26743865 2.04676318 2.01220965
      vertex 3.27716374 2.0286088 2.00726676
      vertex 3.27875519 2.02954793 2.00694919
    endloop
  endfacet
  facet normal 0.262115506 -0.120283768 0.95751098
    outer loop
      vertex 3.27062154 2.0486412 2.01157427
      vertex 3.26743865 2.04676318 2.01220965
      vertex 3.27875519 2.02954793 2.00694919
    endloop
  endfacet
  facet normal 0.262133959 -0.120272117 0.957507392
    outer loop
      vertex 3.24498153 2.05740499 2.01969409
      vertex 3.23861551 2.05364895 2.0209651
      vertex 3.2580657 2.01734018 2.01107955
    endloop
  endfacet
  facet normal 0.262137515 -0.120270782 0.957506586
    outer loop
      vertex 3.24498153 2.05740499 2.01969409
      vertex 3.2580657 2.01734018 2.01107955
      vertex 3.26443172 2.02109647 2.00980854
    endloop
  endfacet
  facet normal 0.262111679 -0.120286026 0.957511744
    outer loop
      vertex 3.25134754 2.06116128 2.01842332
      vertex 3.24498153 2.05740499 2.01969409
      vertex 3.26443172 2.02109647 2.00980854
    endloop
  endfacet
  facet normal 0.262108122 -0.120287361 0.95751255
    outer loop
      vertex 3.25134754 2.06116128 2.01842332
      vertex 3.26443172 2.02109647 2.00980854
      vertex 3.27079773 2.02485251 2.00853777
    endloop
  endfacet
  facet normal 0.262112573 -0.12029567 0.957510287
    outer loop
      vertex 3.28052258 2.00669837 2.00359488
      vertex 3.27079773 2.02485251 2.00853777
      vertex 3.26443172 2.02109647 2.00980854
    endloop
  endfacet
  facet normal 0.262122663 -0.120278781 0.957509647
    outer loop
      vertex 3.28388166 1.98478782 1.99992299
      vertex 3.29024768 1.98854399 1.9986521
      vertex 3.28052258 2.00669837 2.00359488
    endloop
  endfacet
  facet normal 0.262127844 -0.120277771 0.957508356
    outer loop
      vertex 3.26443172 2.02109647 2.00980854
      vertex 3.28388166 1.98478782 1.99992299
      vertex 3.28052258 2.00669837 2.00359488
    endloop
  endfacet
  facet normal 0.262140511 -0.120276376 0.957505063
    outer loop
      vertex 3.26443172 2.02109647 2.00980854
      vertex 3.2580657 2.01734018 2.01107955
      vertex 3.27751565 1.98103154 2.00119376
    endloop
  endfacet
  facet normal 0.262112201 -0.120287001 0.957511479
    outer loop
      vertex 3.26443172 2.02109647 2.00980854
      vertex 3.27751565 1.98103154 2.00119376
      vertex 3.28388166 1.98478782 1.99992299
    endloop
  endfacet
  facet normal 0.262112201 -0.120287001 0.957511479
    outer loop
      vertex 3.28388166 1.98478782 1.99992299
      vertex 3.27751565 1.98103154 2.00119376
      vertex 3.2969656 1.94472289 1.99130821
    endloop
  endfacet
  facet normal 0.262124578 -0.120282356 0.957508674
    outer loop
      vertex 3.28388166 1.98478782 1.99992299
      vertex 3.2969656 1.94472289 1.99130821
      vertex 3.30333161 1.94847906 1.99003732
    endloop
  endfacet
  facet normal 0.262124578 -0.120282356 0.957508674
    outer loop
      vertex 3.29024768 1.98854399 1.9986521
      vertex 3.28388166 1.98478782 1.99992299
      vertex 3.30333161 1.94847906 1.99003732
    endloop
  endfacet
  facet normal 0.262126356 -0.120281688 0.957508271
    outer loop
      vertex 3.29024768 1.98854399 1.9986521
      vertex 3.30333161 1.94847906 1.99003732
      vertex 3.30969763 1.95223534 1.98876643
    endloop
  endfacet
  facet normal 0.262176454 -0.120254649 0.957497951
    outer loop
      vertex 3.28193808 2.03142595 2.00631356
      vertex 3.28034663 2.03048682 2.00663137
      vertex 3.28520918 2.02140975 2.00415993
    endloop
  endfacet
  facet normal 0.26206321 -0.12029715 0.957523613
    outer loop
      vertex 3.28193808 2.03142595 2.00631356
      vertex 3.28520918 2.02140975 2.00415993
      vertex 3.28680062 2.02234888 2.00384235
    endloop
  endfacet
  facet normal 0.262162231 -0.120259987 0.957501175
    outer loop
      vertex 3.28034663 2.03048682 2.00663137
      vertex 3.27875519 2.02954793 2.00694919
      vertex 3.28361773 2.02047062 2.00447774
    endloop
  endfacet
  facet normal 0.262176454 -0.120254649 0.957497951
    outer loop
      vertex 3.28034663 2.03048682 2.00663137
      vertex 3.28361773 2.02047062 2.00447774
      vertex 3.28520918 2.02140975 2.00415993
    endloop
  endfacet
  facet normal 0.262075819 -0.120320684 0.957517205
    outer loop
      vertex 3.27875519 2.02954793 2.00694919
      vertex 3.27716374 2.0286088 2.00726676
      vertex 3.28202605 2.01953173 2.00479531
    endloop
  endfacet
  facet normal 0.262030595 -0.120337656 0.957527449
    outer loop
      vertex 3.27875519 2.02954793 2.00694919
      vertex 3.28202605 2.01953173 2.00479531
      vertex 3.28361773 2.02047062 2.00447774
    endloop
  endfacet
  facet normal 0.262020698 -0.120319177 0.95753248
    outer loop
      vertex 3.28361773 2.02047062 2.00447774
      vertex 3.28202605 2.01953173 2.00479531
      vertex 3.2868886 2.01045442 2.0023241
    endloop
  endfacet
  facet normal 0.262179164 -0.120259708 0.957496574
    outer loop
      vertex 3.28361773 2.02047062 2.00447774
      vertex 3.2868886 2.01045442 2.0023241
      vertex 3.28848004 2.01139355 2.00200629
    endloop
  endfacet
  facet normal 0.262158527 -0.120271885 0.957500695
    outer loop
      vertex 3.28202605 2.01953173 2.00479531
      vertex 3.27716374 2.0286088 2.00726676
      vertex 3.27398062 2.02673078 2.00790238
    endloop
  endfacet
  facet normal 0.26210715 -0.120268169 0.957515227
    outer loop
      vertex 3.28370571 2.00857639 2.00295949
      vertex 3.2868886 2.01045442 2.0023241
      vertex 3.28202605 2.01953173 2.00479531
    endloop
  endfacet
  facet normal 0.262172588 -0.120255403 0.957498915
    outer loop
      vertex 3.27398062 2.02673078 2.00790238
      vertex 3.28370571 2.00857639 2.00295949
      vertex 3.28202605 2.01953173 2.00479531
    endloop
  endfacet
  facet normal 0.262126138 -0.120287667 0.95750758
    outer loop
      vertex 3.27398062 2.02673078 2.00790238
      vertex 3.27079773 2.02485251 2.00853777
      vertex 3.28052258 2.00669837 2.00359488
    endloop
  endfacet
  facet normal 0.262103525 -0.120296153 0.957512704
    outer loop
      vertex 3.27398062 2.02673078 2.00790238
      vertex 3.28052258 2.00669837 2.00359488
      vertex 3.28370571 2.00857639 2.00295949
    endloop
  endfacet
  facet normal 0.26210105 -0.120291534 0.957513961
    outer loop
      vertex 3.28370571 2.00857639 2.00295949
      vertex 3.28052258 2.00669837 2.00359488
      vertex 3.29024768 1.98854399 1.9986521
    endloop
  endfacet
  facet normal 0.262144861 -0.120275092 0.957504033
    outer loop
      vertex 3.28370571 2.00857639 2.00295949
      vertex 3.29024768 1.98854399 1.9986521
      vertex 3.29343057 1.99042201 1.9980166
    endloop
  endfacet
  facet normal 0.262119024 -0.120290336 0.957509192
    outer loop
      vertex 3.2868886 2.01045442 2.0023241
      vertex 3.28370571 2.00857639 2.00295949
      vertex 3.29343057 1.99042201 1.9980166
    endloop
  endfacet
  facet normal 0.262107081 -0.120294819 0.957511898
    outer loop
      vertex 3.2868886 2.01045442 2.0023241
      vertex 3.29343057 1.99042201 1.9980166
      vertex 3.29661369 1.99230015 1.99738121
    endloop
  endfacet
  facet normal 0.262102828 -0.120290867 0.957513559
    outer loop
      vertex 3.29343057 1.99042201 1.9980166
      vertex 3.31288075 1.95411336 1.98813105
      vertex 3.30633879 1.97414577 1.99243844
    endloop
  endfacet
  facet normal 0.262148418 -0.120273757 0.957503227
    outer loop
      vertex 3.31288075 1.95411336 1.98813105
      vertex 3.31606364 1.95599151 1.98749554
      vertex 3.30633879 1.97414577 1.99243844
    endloop
  endfacet
  facet normal 0.262104296 -0.120289619 0.957513314
    outer loop
      vertex 3.30633879 1.97414577 1.99243844
      vertex 3.29661369 1.99230015 1.99738121
      vertex 3.29343057 1.99042201 1.9980166
    endloop
  endfacet
  facet normal 0.262143102 -0.120271808 0.957504928
    outer loop
      vertex 3.29343057 1.99042201 1.9980166
      vertex 3.29024768 1.98854399 1.9986521
      vertex 3.30969763 1.95223534 1.98876643
    endloop
  endfacet
  facet normal 0.262101206 -0.120291824 0.957513882
    outer loop
      vertex 3.29343057 1.99042201 1.9980166
      vertex 3.30969763 1.95223534 1.98876643
      vertex 3.31288075 1.95411336 1.98813105
    endloop
  endfacet
  facet normal 0.262125703 -0.120279937 0.95750867
    outer loop
      vertex 3.44272947 1.6100558 1.90936375
      vertex 3.48128319 1.53808534 1.8897686
      vertex 3.47873402 1.57412398 1.89499354
    endloop
  endfacet
  facet normal 0.262122919 -0.120282884 0.957509062
    outer loop
      vertex 3.44272947 1.6100558 1.90936375
      vertex 3.47873402 1.57412398 1.89499354
      vertex 3.43983388 1.64674127 1.91476488
    endloop
  endfacet
  facet normal 0.262123605 -0.120280165 0.957509216
    outer loop
      vertex 3.51855659 1.53106451 1.87868285
      vertex 3.47873402 1.57412398 1.89499354
      vertex 3.48128319 1.53808534 1.8897686
    endloop
  endfacet
  facet normal 0.262121184 -0.120282604 0.957509572
    outer loop
      vertex 3.404176 1.68202639 1.92895889
      vertex 3.36203384 1.79197586 1.95430732
      vertex 3.36562228 1.75399685 1.94855404
    endloop
  endfacet
  facet normal 0.262122466 -0.120282048 0.957509291
    outer loop
      vertex 3.404176 1.68202639 1.92895889
      vertex 3.43983388 1.64674127 1.91476488
      vertex 3.36203384 1.79197586 1.95430732
    endloop
  endfacet
  facet normal 0.262122601 -0.120282415 0.957509208
    outer loop
      vertex 3.32706881 1.82596743 1.96814919
      vertex 3.36562228 1.75399685 1.94855404
      vertex 3.36203384 1.79197586 1.95430732
    endloop
  endfacet
  facet normal 0.262121658 -0.120283437 0.957509337
    outer loop
      vertex 3.32706881 1.82596743 1.96814919
      vertex 3.36203384 1.79197586 1.95430732
      vertex 3.32313371 1.86459327 1.97407866
    endloop
  endfacet
  facet normal 0.262121529 -0.120283047 0.957509422
    outer loop
      vertex 3.43983388 1.64674127 1.91476488
      vertex 3.404176 1.68202639 1.92895889
      vertex 3.44272947 1.6100558 1.90936375
    endloop
  endfacet
  facet normal 0.262125173 -0.120281473 0.957508622
    outer loop
      vertex 3.50419807 1.58914876 1.8899101
      vertex 3.49146605 1.58163631 1.89245188
      vertex 3.51855659 1.53106451 1.87868285
    endloop
  endfacet
  facet normal 0.26212359 -0.120281937 0.957508997
    outer loop
      vertex 3.50419807 1.58914876 1.8899101
      vertex 3.51855659 1.53106451 1.87868285
      vertex 3.55583 1.5240438 1.8675971
    endloop
  endfacet
  facet normal 0.262123945 -0.120281175 0.957508995
    outer loop
      vertex 3.36203384 1.79197586 1.95430732
      vertex 3.43983388 1.64674127 1.91476488
      vertex 3.45256591 1.6542536 1.9122231
    endloop
  endfacet
  facet normal 0.262118568 -0.120285012 0.957509985
    outer loop
      vertex 3.36203384 1.79197586 1.95430732
      vertex 3.45256591 1.6542536 1.9122231
      vertex 3.37476587 1.79948831 1.95176566
    endloop
  endfacet
  facet normal 0.262124255 -0.120281752 0.957508838
    outer loop
      vertex 3.46529794 1.66176605 1.90968132
      vertex 3.3874979 1.80700064 1.94922388
      vertex 3.37476587 1.79948831 1.95176566
    endloop
  endfacet
  facet normal 0.262125027 -0.120281201 0.957508696
    outer loop
      vertex 3.46529794 1.66176605 1.90968132
      vertex 3.37476587 1.79948831 1.95176566
      vertex 3.45256591 1.6542536 1.9122231
    endloop
  endfacet
  facet normal 0.262122095 -0.120283027 0.957509269
    outer loop
      vertex 3.3874979 1.80700064 1.94922388
      vertex 3.46529794 1.66176605 1.90968132
      vertex 3.44349551 1.73374629 1.92469203
    endloop
  endfacet
  facet normal 0.262122579 -0.120282629 0.957509187
    outer loop
      vertex 3.3874979 1.80700064 1.94922388
      vertex 3.44349551 1.73374629 1.92469203
      vertex 3.38732815 1.83859754 1.95323956
    endloop
  endfacet
  facet normal 0.262120784 -0.120282624 0.957509679
    outer loop
      vertex 3.46529794 1.66176605 1.90968132
      vertex 3.50419807 1.58914876 1.8899101
      vertex 3.49966264 1.62889504 1.89614463
    endloop
  endfacet
  facet normal 0.262117903 -0.120285763 0.957510073
    outer loop
      vertex 3.51855659 1.53106451 1.87868285
      vertex 3.49146605 1.58163631 1.89245188
      vertex 3.47873402 1.57412398 1.89499354
    endloop
  endfacet
  facet normal 0.26211381 -0.120289768 0.957510691
    outer loop
      vertex 3.28423381 1.93721056 1.99384987
      vertex 3.23896766 2.00607157 2.0148921
      vertex 3.24996161 1.96990848 2.00733948
    endloop
  endfacet
  facet normal 0.262124465 -0.120283041 0.957508619
    outer loop
      vertex 3.28851533 1.89793789 1.98774445
      vertex 3.32706881 1.82596743 1.96814919
      vertex 3.32313371 1.86459327 1.97407866
    endloop
  endfacet
  facet normal 0.262127951 -0.120279228 0.957508143
    outer loop
      vertex 3.28851533 1.89793789 1.98774445
      vertex 3.32313371 1.86459327 1.97407866
      vertex 3.28423381 1.93721056 1.99384987
    endloop
  endfacet
  facet normal 0.262122643 -0.120280017 0.957509497
    outer loop
      vertex 3.24996161 1.96990848 2.00733948
      vertex 3.28851533 1.89793789 1.98774445
      vertex 3.28423381 1.93721056 1.99384987
    endloop
  endfacet
  facet normal 0.262114498 -0.120285263 0.957511068
    outer loop
      vertex 3.21951771 2.04238033 2.02477765
      vertex 3.21140814 2.04187894 2.02693462
      vertex 3.23896766 2.00607157 2.0148921
    endloop
  endfacet
  facet normal 0.262105523 -0.120292684 0.957512593
    outer loop
      vertex 3.24996161 1.96990848 2.00733948
      vertex 3.23896766 2.00607157 2.0148921
      vertex 3.21140814 2.04187894 2.02693462
    endloop
  endfacet
  facet normal 0.262114339 -0.120279262 0.957511865
    outer loop
      vertex 3.21140814 2.04187894 2.02693462
      vertex 3.21951771 2.04238033 2.02477765
      vertex 3.21971345 2.05765486 2.0266428
    endloop
  endfacet
  facet normal 0.262108123 -0.120279388 0.957513551
    outer loop
      vertex 3.21951771 2.04238033 2.02477765
      vertex 3.22588372 2.04613662 2.02350688
      vertex 3.21971345 2.05765486 2.0266428
    endloop
  endfacet
  facet normal 0.262138317 -0.120272279 0.957506178
    outer loop
      vertex 3.23896766 2.00607157 2.0148921
      vertex 3.28423381 1.93721056 1.99384987
      vertex 3.24533367 2.00982785 2.01362109
    endloop
  endfacet
  facet normal 0.262123285 -0.12028585 0.957508589
    outer loop
      vertex 3.21971345 2.05765486 2.0266428
      vertex 3.2322495 2.04989266 2.02223587
      vertex 3.22801876 2.07343054 2.02635098
    endloop
  endfacet
  facet normal 0.262135422 -0.120274849 0.957506648
    outer loop
      vertex 3.24498153 2.05740499 2.01969409
      vertex 3.22801876 2.07343054 2.02635098
      vertex 3.23861551 2.05364895 2.0209651
    endloop
  endfacet
  facet normal 0.262112832 -0.120288178 0.957511158
    outer loop
      vertex 3.2322495 2.04989266 2.02223587
      vertex 3.23861551 2.05364895 2.0209651
      vertex 3.22801876 2.07343054 2.02635098
    endloop
  endfacet
  facet normal 0.262125922 -0.120285433 0.957507919
    outer loop
      vertex 3.22801876 2.07343054 2.02635098
      vertex 3.24498153 2.05740499 2.01969409
      vertex 3.23632407 2.08920646 2.02605915
    endloop
  endfacet
  facet normal 0.262137787 -0.120261885 0.957507629
    outer loop
      vertex 3.22588372 2.04613662 2.02350688
      vertex 3.2322495 2.04989266 2.02223587
      vertex 3.21971345 2.05765486 2.0266428
    endloop
  endfacet
  facet normal 0.262113486 -0.1202894 0.957510825
    outer loop
      vertex 3.23632407 2.08920646 2.02605915
      vertex 3.24498153 2.05740499 2.01969409
      vertex 3.25134754 2.06116128 2.01842332
    endloop
  endfacet
  facet normal 0.262126018 -0.120281056 0.957508443
    outer loop
      vertex 3.35496378 1.88337421 1.96772432
      vertex 3.34859776 1.87961793 1.96899521
      vertex 3.3874979 1.80700064 1.94922388
    endloop
  endfacet
  facet normal 0.262197897 -0.120249476 0.957492729
    outer loop
      vertex 3.32691669 1.94094455 1.98263431
      vertex 3.32738018 1.93877625 1.98223507
      vertex 3.33551383 1.91968286 1.97760987
    endloop
  endfacet
  facet normal 0.262119335 -0.120290917 0.957509034
    outer loop
      vertex 3.30633879 1.97414577 1.99243844
      vertex 3.31606364 1.95599151 1.98749554
      vertex 3.31765509 1.95693052 1.98717785
    endloop
  endfacet
  facet normal 0.262124472 -0.120284557 0.957508426
    outer loop
      vertex 3.32738018 1.93877625 1.98223507
      vertex 3.32578874 1.93783712 1.98255277
      vertex 3.33551383 1.91968286 1.97760987
    endloop
  endfacet
  facet normal 0.262110943 -0.120287743 0.95751173
    outer loop
      vertex 3.33116078 1.94344878 1.98178709
      vertex 3.33551383 1.91968286 1.97760987
      vertex 3.35496378 1.88337421 1.96772432
    endloop
  endfacet
  facet normal 0.262123202 -0.120282261 0.957509062
    outer loop
      vertex 3.33116078 1.94344878 1.98178709
      vertex 3.35496378 1.88337421 1.96772432
      vertex 3.38732815 1.83859754 1.95323956
    endloop
  endfacet
  facet normal 0.262122739 -0.120282623 0.957509144
    outer loop
      vertex 3.35496378 1.88337421 1.96772432
      vertex 3.3874979 1.80700064 1.94922388
      vertex 3.38732815 1.83859754 1.95323956
    endloop
  endfacet
  facet normal 0.262035192 -0.120336471 0.95752634
    outer loop
      vertex 3.31765509 1.95693052 1.98717785
      vertex 3.32251763 1.94785333 1.9847064
      vertex 3.32691669 1.94094455 1.98263431
    endloop
  endfacet
  facet normal 0.262116803 -0.120286417 0.957510292
    outer loop
      vertex 3.33116078 1.94344878 1.98178709
      vertex 3.32691669 1.94094455 1.98263431
      vertex 3.33551383 1.91968286 1.97760987
    endloop
  endfacet
  facet normal 0.262138717 -0.120264756 0.957507014
    outer loop
      vertex 3.32251763 1.94785333 1.9847064
      vertex 3.32738018 1.93877625 1.98223507
      vertex 3.32691669 1.94094455 1.98263431
    endloop
  endfacet
  facet normal 0.262161968 -0.120260494 0.957501183
    outer loop
      vertex 3.30719662 1.97775745 1.99265718
      vertex 3.30633879 1.97414577 1.99243844
      vertex 3.31765509 1.95693052 1.98717785
    endloop
  endfacet
  facet normal 0.262119635 -0.12028389 0.957509834
    outer loop
      vertex 3.44349551 1.73374629 1.92469203
      vertex 3.46529794 1.66176605 1.90968132
      vertex 3.49966264 1.62889504 1.89614463
    endloop
  endfacet
  facet normal 0.262123224 -0.120282248 0.957509058
    outer loop
      vertex 3.49966264 1.62889504 1.89614463
      vertex 3.50419807 1.58914876 1.8899101
      vertex 3.55583 1.5240438 1.8675971
    endloop
  endfacet
  facet normal 0.262105268 -0.120292008 0.957512747
    outer loop
      vertex 3.30719662 1.97775745 1.99265718
      vertex 3.31765509 1.95693052 1.98717785
      vertex 3.32691669 1.94094455 1.98263431
    endloop
  endfacet
  facet normal 0.262176143 -0.120254069 0.957498109
    outer loop
      vertex 3.28848004 2.01139355 2.00200629
      vertex 3.2868886 2.01045442 2.0023241
      vertex 3.29661369 1.99230015 1.99738121
    endloop
  endfacet
  facet normal 0.262120138 -0.120283612 0.957509732
    outer loop
      vertex 3.28747654 2.01457024 2.00268006
      vertex 3.28848004 2.01139355 2.00200629
      vertex 3.30719662 1.97775745 1.99265718
    endloop
  endfacet
  facet normal 0.262141012 -0.120270854 0.95750562
    outer loop
      vertex 3.29661369 1.99230015 1.99738121
      vertex 3.30719662 1.97775745 1.99265718
      vertex 3.28848004 2.01139355 2.00200629
    endloop
  endfacet
  facet normal 0.262155908 -0.120259165 0.957503009
    outer loop
      vertex 3.30719662 1.97775745 1.99265718
      vertex 3.29661369 1.99230015 1.99738121
      vertex 3.30633879 1.97414577 1.99243844
    endloop
  endfacet
  facet normal 0.262117989 -0.120285177 0.957510123
    outer loop
      vertex 3.23632407 2.08920646 2.02605915
      vertex 3.25771356 2.06491756 2.01715255
      vertex 3.24462962 2.10498238 2.02576733
    endloop
  endfacet
  facet normal 0.262168523 -0.120265987 0.957498699
    outer loop
      vertex 3.28361773 2.02047062 2.00447774
      vertex 3.28848004 2.01139355 2.00200629
      vertex 3.28747654 2.01457024 2.00268006
    endloop
  endfacet
  facet normal 0.262178668 -0.120258782 0.957496826
    outer loop
      vertex 3.28747654 2.01457024 2.00268006
      vertex 3.28520918 2.02140975 2.00415993
      vertex 3.28361773 2.02047062 2.00447774
    endloop
  endfacet
  facet normal 0.262065681 -0.120301762 0.957522357
    outer loop
      vertex 3.28747654 2.01457024 2.00268006
      vertex 3.28680062 2.02234888 2.00384235
      vertex 3.28520918 2.02140975 2.00415993
    endloop
  endfacet
  facet normal 0.262094389 -0.120298161 0.957514952
    outer loop
      vertex 3.28680062 2.02234888 2.00384235
      vertex 3.28747654 2.01457024 2.00268006
      vertex 3.29172063 2.01707435 2.00183296
    endloop
  endfacet
  facet normal 0.262142948 -0.120250101 0.957507696
    outer loop
      vertex 3.29172063 2.01707435 2.00183296
      vertex 3.28193808 2.03142595 2.00631356
      vertex 3.28680062 2.02234888 2.00384235
    endloop
  endfacet
  facet normal 0.262247273 -0.120202504 0.957485105
    outer loop
      vertex 3.28193808 2.03142595 2.00631356
      vertex 3.26089668 2.06679559 2.01651692
      vertex 3.27062154 2.0486412 2.01157427
    endloop
  endfacet
  facet normal 0.262102565 -0.120296612 0.957512909
    outer loop
      vertex 3.26089668 2.06679559 2.01651692
      vertex 3.28193808 2.03142595 2.00631356
      vertex 3.24462962 2.10498238 2.02576733
    endloop
  endfacet
  facet normal 0.262008297 -0.120349491 0.957532063
    outer loop
      vertex 3.29172063 2.01707435 2.00183296
      vertex 3.24462962 2.10498238 2.02576733
      vertex 3.28193808 2.03142595 2.00631356
    endloop
  endfacet
  facet normal 0.262175832 -0.120253488 0.957498267
    outer loop
      vertex 3.28193808 2.03142595 2.00631356
      vertex 3.27062154 2.0486412 2.01157427
      vertex 3.28034663 2.03048682 2.00663137
    endloop
  endfacet
  facet normal 0.26215767 -0.120270285 0.95750113
    outer loop
      vertex 3.25771356 2.06491756 2.01715255
      vertex 3.26089668 2.06679559 2.01651692
      vertex 3.24462962 2.10498238 2.02576733
    endloop
  endfacet
  facet normal 0.262113486 -0.1202894 0.957510825
    outer loop
      vertex 3.25134754 2.06116128 2.01842332
      vertex 3.25771356 2.06491756 2.01715255
      vertex 3.23632407 2.08920646 2.02605915
    endloop
  endfacet
  facet normal -0.262124054 0.120281377 -0.95750894
    outer loop
      vertex 3.43926764 1.64955521 1.83172321
      vertex 3.47556186 1.58180249 1.81327641
      vertex 3.46282983 1.57429016 1.81581819
    endloop
  endfacet
  facet normal -0.262124054 0.120281377 -0.95750894
    outer loop
      vertex 3.43926764 1.64955521 1.83172321
      vertex 3.46282983 1.57429016 1.81581819
      vertex 3.42653561 1.64204288 1.83426499
    endloop
  endfacet
  facet normal -0.26212367 0.120280661 -0.957509135
    outer loop
      vertex 3.36667943 1.78506076 1.86861682
      vertex 3.38482642 1.75118434 1.85939348
      vertex 3.37846041 1.74742818 1.86066437
    endloop
  endfacet
  facet normal -0.26212367 0.120280661 -0.957509135
    outer loop
      vertex 3.36667943 1.78506076 1.86861682
      vertex 3.37846041 1.74742818 1.86066437
      vertex 3.36031342 1.7813046 1.86988771
    endloop
  endfacet
  facet normal -0.262125293 0.120279704 -0.957508811
    outer loop
      vertex 3.3539474 1.77754831 1.8711586
      vertex 3.36031342 1.7813046 1.86988771
      vertex 3.37846041 1.74742818 1.86066437
    endloop
  endfacet
  facet normal -0.262125163 0.120283448 -0.957508376
    outer loop
      vertex 3.36572838 1.73991585 1.86320603
      vertex 3.34758139 1.77379215 1.87242949
      vertex 3.3539474 1.77754831 1.8711586
    endloop
  endfacet
  facet normal -0.262124054 0.120281377 -0.95750894
    outer loop
      vertex 3.29409099 1.9205662 1.90551043
      vertex 3.33038521 1.85281348 1.88706362
      vertex 3.31765318 1.84530115 1.8896054
    endloop
  endfacet
  facet normal -0.262124054 0.120281377 -0.95750894
    outer loop
      vertex 3.29409099 1.9205662 1.90551043
      vertex 3.31765318 1.84530115 1.8896054
      vertex 3.28135896 1.91305387 1.90805221
    endloop
  endfacet
  facet normal -0.262125593 0.120280264 -0.957508659
    outer loop
      vertex 3.36031342 1.7813046 1.86988771
      vertex 3.3539474 1.77754831 1.8711586
      vertex 3.31765318 1.84530115 1.8896054
    endloop
  endfacet
  facet normal -0.262124054 0.120281377 -0.95750894
    outer loop
      vertex 3.33038521 1.85281348 1.88706362
      vertex 3.36667943 1.78506076 1.86861682
      vertex 3.36031342 1.7813046 1.86988771
    endloop
  endfacet
  facet normal -0.262124054 0.120281377 -0.95750894
    outer loop
      vertex 3.31765318 1.84530115 1.8896054
      vertex 3.33038521 1.85281348 1.88706362
      vertex 3.36031342 1.7813046 1.86988771
    endloop
  endfacet
  facet normal -0.262124734 0.120278659 -0.957509096
    outer loop
      vertex 3.33133602 1.8979584 1.89247441
      vertex 3.34948325 1.8640821 1.88325107
      vertex 3.34311724 1.86032581 1.88452196
    endloop
  endfacet
  facet normal -0.262122944 0.120279306 -0.957509504
    outer loop
      vertex 3.33133602 1.8979584 1.89247441
      vertex 3.34311724 1.86032581 1.88452196
      vertex 3.32497001 1.89420223 1.8937453
    endloop
  endfacet
  facet normal -0.262124996 0.120283137 -0.957508461
    outer loop
      vertex 3.31318903 1.93183482 1.90169787
      vertex 3.33133602 1.8979584 1.89247441
      vertex 3.32497001 1.89420223 1.8937453
    endloop
  endfacet
  facet normal -0.262124996 0.120283137 -0.957508461
    outer loop
      vertex 3.31318903 1.93183482 1.90169787
      vertex 3.32497001 1.89420223 1.8937453
      vertex 3.30682302 1.92807865 1.90296876
    endloop
  endfacet
  facet normal -0.262121494 0.120283779 -0.957509339
    outer loop
      vertex 3.34311724 1.86032581 1.88452196
      vertex 3.37941122 1.79257309 1.86607516
      vertex 3.36667943 1.78506076 1.86861682
    endloop
  endfacet
  facet normal -0.262117595 0.120285188 -0.95751023
    outer loop
      vertex 3.34311724 1.86032581 1.88452196
      vertex 3.36667943 1.78506076 1.86861682
      vertex 3.33038521 1.85281348 1.88706362
    endloop
  endfacet
  facet normal -0.262116485 0.120283117 -0.957510794
    outer loop
      vertex 3.32497001 1.89420223 1.8937453
      vertex 3.34311724 1.86032581 1.88452196
      vertex 3.33038521 1.85281348 1.88706362
    endloop
  endfacet
  facet normal -0.262119349 0.120286469 -0.957509589
    outer loop
      vertex 3.29409099 1.9205662 1.90551043
      vertex 3.30682302 1.92807865 1.90296876
      vertex 3.32497001 1.89420223 1.8937453
    endloop
  endfacet
  facet normal -0.262122998 0.120282 -0.957509151
    outer loop
      vertex 3.33038521 1.85281348 1.88706362
      vertex 3.29409099 1.9205662 1.90551043
      vertex 3.32497001 1.89420223 1.8937453
    endloop
  endfacet
  facet normal -0.262124996 0.120283137 -0.957508461
    outer loop
      vertex 3.26782131 2.01652575 1.92475641
      vertex 3.27689481 1.99958754 1.92014468
      vertex 3.27052879 1.99583137 1.92141557
    endloop
  endfacet
  facet normal -0.262129588 0.120270344 -0.957508811
    outer loop
      vertex 3.2523818 2.02970767 1.93063891
      vertex 3.25874758 2.03346395 1.92936802
      vertex 3.26782131 2.01652575 1.92475641
    endloop
  endfacet
  facet normal -0.262118189 0.120284305 -0.957510178
    outer loop
      vertex 3.27052879 1.99583137 1.92141557
      vertex 3.2523818 2.02970767 1.93063891
      vertex 3.26782131 2.01652575 1.92475641
    endloop
  endfacet
  facet normal -0.262133692 0.120278006 -0.957506725
    outer loop
      vertex 3.24060059 2.06734037 1.93859148
      vertex 3.25874758 2.03346395 1.92936802
      vertex 3.2523818 2.02970767 1.93063891
    endloop
  endfacet
  facet normal -0.262125893 0.120280824 -0.957508506
    outer loop
      vertex 3.24060059 2.06734037 1.93859148
      vertex 3.2523818 2.02970767 1.93063891
      vertex 3.23423457 2.06358409 1.93986237
    endloop
  endfacet
  facet normal -0.262123544 0.120280426 -0.957509199
    outer loop
      vertex 3.3041153 1.94877303 1.9063096
      vertex 3.31318903 1.93183482 1.90169787
      vertex 3.30682302 1.92807865 1.90296876
    endloop
  endfacet
  facet normal -0.262122677 0.120278808 -0.95750964
    outer loop
      vertex 3.28867579 1.96195495 1.91219211
      vertex 3.2950418 1.96571112 1.91092122
      vertex 3.3041153 1.94877303 1.9063096
    endloop
  endfacet
  facet normal -0.262121 0.120280863 -0.957509841
    outer loop
      vertex 3.30682302 1.92807865 1.90296876
      vertex 3.28867579 1.96195495 1.91219211
      vertex 3.3041153 1.94877303 1.9063096
    endloop
  endfacet
  facet normal -0.262124996 0.120283137 -0.957508461
    outer loop
      vertex 3.27689481 1.99958754 1.92014468
      vertex 3.2950418 1.96571112 1.91092122
      vertex 3.28867579 1.96195495 1.91219211
    endloop
  endfacet
  facet normal -0.262124996 0.120283137 -0.957508461
    outer loop
      vertex 3.27689481 1.99958754 1.92014468
      vertex 3.28867579 1.96195495 1.91219211
      vertex 3.27052879 1.99583137 1.92141557
    endloop
  endfacet
  facet normal -0.262117463 0.120282949 -0.957510547
    outer loop
      vertex 3.28867579 1.96195495 1.91219211
      vertex 3.30682302 1.92807865 1.90296876
      vertex 3.29409099 1.9205662 1.90551043
    endloop
  endfacet
  facet normal -0.262119349 0.120286469 -0.957509589
    outer loop
      vertex 3.25779676 1.98831892 1.92395723
      vertex 3.27052879 1.99583137 1.92141557
      vertex 3.28867579 1.96195495 1.91219211
    endloop
  endfacet
  facet normal -0.262122998 0.120282 -0.957509151
    outer loop
      vertex 3.29409099 1.9205662 1.90551043
      vertex 3.25779676 1.98831892 1.92395723
      vertex 3.28867579 1.96195495 1.91219211
    endloop
  endfacet
  facet normal -0.262118189 0.120284305 -0.957510178
    outer loop
      vertex 3.2523818 2.02970767 1.93063891
      vertex 3.27052879 1.99583137 1.92141557
      vertex 3.25779676 1.98831892 1.92395723
    endloop
  endfacet
  facet normal -0.262117811 0.120285593 -0.95751012
    outer loop
      vertex 3.22150254 2.05607176 1.94240403
      vertex 3.23423457 2.06358409 1.93986237
      vertex 3.2523818 2.02970767 1.93063891
    endloop
  endfacet
  facet normal -0.262118973 0.12028417 -0.95750998
    outer loop
      vertex 3.25779676 1.98831892 1.92395723
      vertex 3.22150254 2.05607176 1.94240403
      vertex 3.2523818 2.02970767 1.93063891
    endloop
  endfacet
  facet normal -0.262117511 0.120285032 -0.957510272
    outer loop
      vertex 3.19794035 2.13133693 1.95830917
      vertex 3.23423457 2.06358409 1.93986237
      vertex 3.22150254 2.05607176 1.94240403
    endloop
  endfacet
  facet normal -0.262119301 0.120284386 -0.957509863
    outer loop
      vertex 3.19794035 2.13133693 1.95830917
      vertex 3.22150254 2.05607176 1.94240403
      vertex 3.18520832 2.12382436 1.96085083
    endloop
  endfacet
  facet normal -0.262119301 0.120284386 -0.957509863
    outer loop
      vertex 3.16164613 2.19908953 1.97675598
      vertex 3.19794035 2.13133693 1.95830917
      vertex 3.18520832 2.12382436 1.96085083
    endloop
  endfacet
  facet normal -0.262128533 0.12028105 -0.957507755
    outer loop
      vertex 3.16164613 2.19908953 1.97675598
      vertex 3.18520832 2.12382436 1.96085083
      vertex 3.14891434 2.1915772 1.97929776
    endloop
  endfacet
  facet normal -0.262120387 0.120282952 -0.957509746
    outer loop
      vertex 3.46277308 1.54311609 1.81191766
      vertex 3.42509055 1.61346066 1.83107007
      vertex 3.42653561 1.64204288 1.83426499
    endloop
  endfacet
  facet normal -0.262123773 0.120281542 -0.957508996
    outer loop
      vertex 3.46277308 1.54311609 1.81191766
      vertex 3.42653561 1.64204288 1.83426499
      vertex 3.46282983 1.57429016 1.81581819
    endloop
  endfacet
  facet normal -0.262104645 0.120288195 -0.957513397
    outer loop
      vertex 3.38949895 1.69159019 1.85062814
      vertex 3.393929 1.67549407 1.84739339
      vertex 3.38740778 1.68380535 1.85022259
    endloop
  endfacet
  facet normal -0.26208654 0.120303436 -0.957516438
    outer loop
      vertex 3.42509055 1.61346066 1.83107007
      vertex 3.38740778 1.68380535 1.85022259
      vertex 3.393929 1.67549407 1.84739339
    endloop
  endfacet
  facet normal -0.26212328 0.120283009 -0.957508947
    outer loop
      vertex 3.393929 1.67549407 1.84739339
      vertex 3.42653561 1.64204288 1.83426499
      vertex 3.42509055 1.61346066 1.83107007
    endloop
  endfacet
  facet normal -0.262125874 0.120280333 -0.957508573
    outer loop
      vertex 3.393929 1.67549407 1.84739339
      vertex 3.4119904 1.67209208 1.84202158
      vertex 3.42653561 1.64204288 1.83426499
    endloop
  endfacet
  facet normal -0.262142185 0.120270055 -0.957505399
    outer loop
      vertex 3.38949895 1.69159019 1.85062814
      vertex 3.36572838 1.73991585 1.86320603
      vertex 3.38506889 1.70768619 1.85386276
    endloop
  endfacet
  facet normal -0.262124027 0.120281326 -0.957508954
    outer loop
      vertex 3.4119904 1.67209208 1.84202158
      vertex 3.43926764 1.64955521 1.83172321
      vertex 3.42653561 1.64204288 1.83426499
    endloop
  endfacet
  facet normal -0.262107566 0.120288933 -0.957512505
    outer loop
      vertex 3.36572838 1.73991585 1.86320603
      vertex 3.38949895 1.69159019 1.85062814
      vertex 3.38740778 1.68380535 1.85022259
    endloop
  endfacet
  facet normal -0.262123314 0.120281557 -0.95750912
    outer loop
      vertex 3.50004649 1.53609526 1.80083191
      vertex 3.46277308 1.54311609 1.81191766
      vertex 3.46282983 1.57429016 1.81581819
    endloop
  endfacet
  facet normal -0.262125207 0.120283422 -0.957508368
    outer loop
      vertex 3.34972525 1.75414991 1.86937511
      vertex 3.34758139 1.77379215 1.87242949
      vertex 3.36572838 1.73991585 1.86320603
    endloop
  endfacet
  facet normal -0.262121442 0.120283653 -0.957509369
    outer loop
      vertex 3.38506889 1.70768619 1.85386276
      vertex 3.36572838 1.73991585 1.86320603
      vertex 3.38063884 1.72378218 1.85709751
    endloop
  endfacet
  facet normal -0.262120806 0.120284077 -0.95750949
    outer loop
      vertex 3.31204271 1.8244946 1.88852763
      vertex 3.34758139 1.77379215 1.87242949
      vertex 3.34972525 1.75414991 1.86937511
    endloop
  endfacet
  facet normal -0.262118126 0.120283427 -0.957510306
    outer loop
      vertex 3.31204271 1.8244946 1.88852763
      vertex 3.27435994 1.89483917 1.90768003
      vertex 3.28135896 1.91305387 1.90805221
    endloop
  endfacet
  facet normal -0.262125579 0.120280477 -0.957508636
    outer loop
      vertex 3.31204271 1.8244946 1.88852763
      vertex 3.28135896 1.91305387 1.90805221
      vertex 3.31765318 1.84530115 1.8896054
    endloop
  endfacet
  facet normal -0.262121442 0.120283653 -0.957509369
    outer loop
      vertex 3.37620878 1.73987818 1.86033225
      vertex 3.38063884 1.72378218 1.85709751
      vertex 3.36572838 1.73991585 1.86320603
    endloop
  endfacet
  facet normal -0.26212397 0.120281221 -0.957508983
    outer loop
      vertex 3.3539474 1.77754831 1.8711586
      vertex 3.34758139 1.77379215 1.87242949
      vertex 3.31765318 1.84530115 1.8896054
    endloop
  endfacet
  facet normal -0.262125563 0.120280473 -0.957508641
    outer loop
      vertex 3.31204271 1.8244946 1.88852763
      vertex 3.31765318 1.84530115 1.8896054
      vertex 3.34758139 1.77379215 1.87242949
    endloop
  endfacet
  facet normal -0.262113781 0.120289732 -0.957510703
    outer loop
      vertex 3.37846041 1.74742818 1.86066437
      vertex 3.37620878 1.73987818 1.86033225
      vertex 3.3539474 1.77754831 1.8711586
    endloop
  endfacet
  facet normal -0.262121402 0.120284807 -0.957509235
    outer loop
      vertex 3.36572838 1.73991585 1.86320603
      vertex 3.3539474 1.77754831 1.8711586
      vertex 3.37620878 1.73987818 1.86033225
    endloop
  endfacet
  facet normal -0.262128171 0.120279928 -0.957507995
    outer loop
      vertex 3.34972525 1.75414991 1.86937511
      vertex 3.36572838 1.73991585 1.86320603
      vertex 3.38740778 1.68380535 1.85022259
    endloop
  endfacet
  facet normal -0.262121642 0.12029197 -0.95750827
    outer loop
      vertex 3.40300608 1.73483074 1.85236228
      vertex 3.37620878 1.73987818 1.86033225
      vertex 3.37846041 1.74742818 1.86066437
    endloop
  endfacet
  facet normal -0.262123817 0.120281022 -0.95750905
    outer loop
      vertex 3.47556186 1.58180249 1.81327641
      vertex 3.50174737 1.59548032 1.80782616
      vertex 3.50004649 1.53609526 1.80083191
    endloop
  endfacet
  facet normal -0.262117905 0.120285005 -0.957510168
    outer loop
      vertex 3.44811344 1.66528809 1.83127809
      vertex 3.47556186 1.58180249 1.81327641
      vertex 3.43926764 1.64955521 1.83172321
    endloop
  endfacet
  facet normal -0.262126254 0.120278513 -0.957508698
    outer loop
      vertex 3.4300518 1.66869009 1.83664978
      vertex 3.43926764 1.64955521 1.83172321
      vertex 3.4119904 1.67209208 1.84202158
    endloop
  endfacet
  facet normal -0.262123853 0.120281002 -0.957509043
    outer loop
      vertex 3.47556186 1.58180249 1.81327641
      vertex 3.50004649 1.53609526 1.80083191
      vertex 3.46282983 1.57429016 1.81581819
    endloop
  endfacet
  facet normal -0.262116074 0.120283957 -0.957510801
    outer loop
      vertex 3.43926764 1.64955521 1.83172321
      vertex 3.4300518 1.66869009 1.83664978
      vertex 3.44811344 1.66528809 1.83127809
    endloop
  endfacet
  facet normal -0.26212223 0.120281028 -0.957509484
    outer loop
      vertex 3.50174737 1.59548032 1.80782616
      vertex 3.53732014 1.52907455 1.78974617
      vertex 3.50004649 1.53609526 1.80083191
    endloop
  endfacet
  facet normal -0.262124721 0.120282339 -0.957508637
    outer loop
      vertex 3.50174737 1.59548032 1.80782616
      vertex 3.44811344 1.66528809 1.83127809
      vertex 3.46617484 1.66188598 1.82590628
    endloop
  endfacet
  facet normal -0.262124515 0.120282509 -0.957508672
    outer loop
      vertex 3.50174737 1.59548032 1.80782616
      vertex 3.47556186 1.58180249 1.81327641
      vertex 3.44811344 1.66528809 1.83127809
    endloop
  endfacet
  facet normal -0.26212558 0.120284226 -0.957508164
    outer loop
      vertex 3.38482642 1.75118434 1.85939348
      vertex 3.40300608 1.73483074 1.85236228
      vertex 3.37846041 1.74742818 1.86066437
    endloop
  endfacet
  facet normal -0.262121679 0.120284125 -0.957509245
    outer loop
      vertex 3.40300608 1.73483074 1.85236228
      vertex 3.36667943 1.78506076 1.86861682
      vertex 3.37941122 1.79257309 1.86607516
    endloop
  endfacet
  facet normal -0.262133721 0.120274731 -0.957507129
    outer loop
      vertex 3.38482642 1.75118434 1.85939348
      vertex 3.36667943 1.78506076 1.86861682
      vertex 3.40300608 1.73483074 1.85236228
    endloop
  endfacet
  facet normal -0.262125588 0.120280465 -0.957508635
    outer loop
      vertex 3.42980313 1.72978318 1.84439242
      vertex 3.37941122 1.79257309 1.86607516
      vertex 3.39077234 1.80264485 1.86423016
    endloop
  endfacet
  facet normal -0.262126092 0.120281072 -0.957508421
    outer loop
      vertex 3.39077234 1.80264485 1.86423016
      vertex 3.37941122 1.79257309 1.86607516
      vertex 3.34948325 1.8640821 1.88325107
    endloop
  endfacet
  facet normal -0.262126039 0.120281097 -0.957508432
    outer loop
      vertex 3.34311724 1.86032581 1.88452196
      vertex 3.34948325 1.8640821 1.88325107
      vertex 3.37941122 1.79257309 1.86607516
    endloop
  endfacet
  facet normal -0.262123773 0.120279226 -0.957509287
    outer loop
      vertex 3.35174131 1.87550652 1.88406801
      vertex 3.34948325 1.8640821 1.88325107
      vertex 3.33133602 1.8979584 1.89247441
    endloop
  endfacet
  facet normal -0.262117123 0.12028565 -0.957510301
    outer loop
      vertex 3.31271052 1.94836807 1.90390575
      vertex 3.35174131 1.87550652 1.88406801
      vertex 3.33133602 1.8979584 1.89247441
    endloop
  endfacet
  facet normal -0.262129638 0.120280398 -0.957507534
    outer loop
      vertex 3.31271052 1.94836807 1.90390575
      vertex 3.33133602 1.8979584 1.89247441
      vertex 3.31318903 1.93183482 1.90169787
    endloop
  endfacet
  facet normal -0.26212768 0.120279916 -0.957508131
    outer loop
      vertex 3.39077234 1.80264485 1.86423016
      vertex 3.34948325 1.8640821 1.88325107
      vertex 3.35174131 1.87550652 1.88406801
    endloop
  endfacet
  facet normal -0.26212093 0.120284469 -0.957509407
    outer loop
      vertex 3.40300608 1.73483074 1.85236228
      vertex 3.37941122 1.79257309 1.86607516
      vertex 3.42980313 1.72978318 1.84439242
    endloop
  endfacet
  facet normal -0.262123346 0.120281633 -0.957509102
    outer loop
      vertex 3.23667741 1.96518385 1.92683256
      vertex 3.25779676 1.98831892 1.92395723
      vertex 3.28135896 1.91305387 1.90805221
    endloop
  endfacet
  facet normal -0.262120431 0.120284298 -0.957509565
    outer loop
      vertex 3.27435994 1.89483917 1.90768003
      vertex 3.23667741 1.96518385 1.92683256
      vertex 3.28135896 1.91305387 1.90805221
    endloop
  endfacet
  facet normal -0.262126432 0.120280954 -0.957508342
    outer loop
      vertex 3.23667741 1.96518385 1.92683256
      vertex 3.19899487 2.03552842 1.94598508
      vertex 3.22150254 2.05607176 1.94240403
    endloop
  endfacet
  facet normal -0.262123319 0.120281606 -0.957509113
    outer loop
      vertex 3.23667741 1.96518385 1.92683256
      vertex 3.22150254 2.05607176 1.94240403
      vertex 3.25779676 1.98831892 1.92395723
    endloop
  endfacet
  facet normal -0.262125277 0.12028058 -0.957508706
    outer loop
      vertex 3.19899487 2.03552842 1.94598508
      vertex 3.1613121 2.10587311 1.9651376
      vertex 3.18520832 2.12382436 1.96085083
    endloop
  endfacet
  facet normal -0.262125991 0.120280438 -0.957508528
    outer loop
      vertex 3.19899487 2.03552842 1.94598508
      vertex 3.18520832 2.12382436 1.96085083
      vertex 3.22150254 2.05607176 1.94240403
    endloop
  endfacet
  facet normal -0.262124054 0.120281377 -0.95750894
    outer loop
      vertex 3.28135896 1.91305387 1.90805221
      vertex 3.25779676 1.98831892 1.92395723
      vertex 3.29409099 1.9205662 1.90551043
    endloop
  endfacet
  facet normal -0.262118778 0.120283704 -0.957510092
    outer loop
      vertex 3.1613121 2.10587311 1.9651376
      vertex 3.12362957 2.17621779 1.98429
      vertex 3.14891434 2.1915772 1.97929776
    endloop
  endfacet
  facet normal -0.262126455 0.120282276 -0.95750817
    outer loop
      vertex 3.1613121 2.10587311 1.9651376
      vertex 3.14891434 2.1915772 1.97929776
      vertex 3.18520832 2.12382436 1.96085083
    endloop
  endfacet
  facet normal -0.262119596 0.120285185 -0.957509682
    outer loop
      vertex 3.14891434 2.1915772 1.97929776
      vertex 3.12362957 2.17621779 1.98429
      vertex 3.08594704 2.24656224 2.00344253
    endloop
  endfacet
  facet normal -0.262131326 0.120279438 -0.957507193
    outer loop
      vertex 3.00373745 2.46258807 2.05308485
      vertex 3.04826427 2.31690693 2.02259493
      vertex 3.01058173 2.38725162 2.04174757
    endloop
  endfacet
  facet normal -0.262124511 0.120280322 -0.957508948
    outer loop
      vertex 3.00373745 2.46258807 2.05308485
      vertex 3.01058173 2.38725162 2.04174757
      vertex 2.9728992 2.4575963 2.06089997
    endloop
  endfacet
  facet normal -0.262124229 0.120279629 -0.957509112
    outer loop
      vertex 3.14891434 2.1915772 1.97929776
      vertex 3.08594704 2.24656224 2.00344253
      vertex 3.04826427 2.31690693 2.02259493
    endloop
  endfacet
  facet normal -0.262127654 0.12027968 -0.957508168
    outer loop
      vertex 2.94942212 2.56398225 2.0806911
      vertex 3.00373745 2.46258807 2.05308485
      vertex 2.93521643 2.52794075 2.08005261
    endloop
  endfacet
  facet normal -0.262119652 0.120283567 -0.95750987
    outer loop
      vertex 3.04826427 2.31690693 2.02259493
      vertex 3.00373745 2.46258807 2.05308485
      vertex 3.14891434 2.1915772 1.97929776
    endloop
  endfacet
  facet normal -0.262123333 0.120281395 -0.957509135
    outer loop
      vertex 3.14891434 2.1915772 1.97929776
      vertex 3.00373745 2.46258807 2.05308485
      vertex 3.06684184 2.40734696 2.02887034
    endloop
  endfacet
  facet normal -0.262121163 0.12028233 -0.957509612
    outer loop
      vertex 3.14891434 2.1915772 1.97929776
      vertex 3.06684184 2.40734696 2.02887034
      vertex 3.11844897 2.31100869 2.00264072
    endloop
  endfacet
  facet normal -0.262124814 0.120282816 -0.957508551
    outer loop
      vertex 3.00373745 2.46258807 2.05308485
      vertex 2.9728992 2.4575963 2.06089997
      vertex 2.93521643 2.52794075 2.08005261
    endloop
  endfacet
  facet normal -0.262117868 0.120285454 -0.957510121
    outer loop
      vertex 2.94942212 2.56398225 2.0806911
      vertex 3.01523495 2.50368547 2.0551002
      vertex 3.00373745 2.46258807 2.05308485
    endloop
  endfacet
  facet normal -0.262125593 0.120280264 -0.957508659
    outer loop
      vertex 3.24060059 2.06734037 1.93859148
      vertex 3.23423457 2.06358409 1.93986237
      vertex 3.19794035 2.13133693 1.95830917
    endloop
  endfacet
  facet normal -0.262141454 0.120269858 -0.957505624
    outer loop
      vertex 3.30846643 1.94586396 1.90475297
      vertex 3.31318903 1.93183482 1.90169787
      vertex 3.3041153 1.94877303 1.9063096
    endloop
  endfacet
  facet normal -0.262100843 0.120297388 -0.957513283
    outer loop
      vertex 3.28874636 1.98267686 1.91477597
      vertex 3.2950418 1.96571112 1.91092122
      vertex 3.27689481 1.99958754 1.92014468
    endloop
  endfacet
  facet normal -0.262143699 0.120266404 -0.957505443
    outer loop
      vertex 3.30846643 1.94586396 1.90475297
      vertex 3.3041153 1.94877303 1.9063096
      vertex 3.2950418 1.96571112 1.91092122
    endloop
  endfacet
  facet normal -0.262111017 0.120281598 -0.957512481
    outer loop
      vertex 3.31318903 1.93183482 1.90169787
      vertex 3.30846643 1.94586396 1.90475297
      vertex 3.31271052 1.94836807 1.90390575
    endloop
  endfacet
  facet normal -0.262102203 0.120296815 -0.957512982
    outer loop
      vertex 3.2950418 1.96571112 1.91092122
      vertex 3.28874636 1.98267686 1.91477597
      vertex 3.30846643 1.94586396 1.90475297
    endloop
  endfacet
  facet normal -0.26213663 0.120276273 -0.957506139
    outer loop
      vertex 3.26782131 2.01652575 1.92475641
      vertex 3.26902628 2.01948977 1.92479885
      vertex 3.27689481 1.99958754 1.92014468
    endloop
  endfacet
  facet normal -0.262117373 0.120284867 -0.957510331
    outer loop
      vertex 3.26902628 2.01948977 1.92479885
      vertex 3.28874636 1.98267686 1.91477597
      vertex 3.27689481 1.99958754 1.92014468
    endloop
  endfacet
  facet normal -0.262109293 0.120292403 -0.957511596
    outer loop
      vertex 3.27327013 2.02199388 1.92395163
      vertex 3.25874758 2.03346395 1.92936802
      vertex 3.24060059 2.06734037 1.93859148
    endloop
  endfacet
  facet normal -0.262126464 0.120272187 -0.957509435
    outer loop
      vertex 3.26782131 2.01652575 1.92475641
      vertex 3.25874758 2.03346395 1.92936802
      vertex 3.26902628 2.01948977 1.92479885
    endloop
  endfacet
  facet normal -0.262123508 0.120281771 -0.95750904
    outer loop
      vertex 3.24060059 2.06734037 1.93859148
      vertex 3.19794035 2.13133693 1.95830917
      vertex 3.22166324 2.11833215 1.95018125
    endloop
  endfacet
  facet normal -0.262123254 0.120282241 -0.957509051
    outer loop
      vertex 3.1700561 2.21467042 1.97641098
      vertex 3.22166324 2.11833215 1.95018125
      vertex 3.19794035 2.13133693 1.95830917
    endloop
  endfacet
  facet normal -0.262122342 0.120282591 -0.957509256
    outer loop
      vertex 3.1700561 2.21467042 1.97641098
      vertex 3.19794035 2.13133693 1.95830917
      vertex 3.16164613 2.19908953 1.97675598
    endloop
  endfacet
  facet normal -0.262122333 0.120282267 -0.9575093
    outer loop
      vertex 3.24060059 2.06734037 1.93859148
      vertex 3.22166324 2.11833215 1.95018125
      vertex 3.27327013 2.02199388 1.92395163
    endloop
  endfacet
  facet normal -0.262121883 0.120275818 -0.957510233
    outer loop
      vertex 3.25874758 2.03346395 1.92936802
      vertex 3.27327013 2.02199388 1.92395163
      vertex 3.26902628 2.01948977 1.92479885
    endloop
  endfacet
  facet normal -0.262122508 0.120282682 -0.9575092
    outer loop
      vertex 3.16164613 2.19908953 1.97675598
      vertex 3.11844897 2.31100869 2.00264072
      vertex 3.1700561 2.21467042 1.97641098
    endloop
  endfacet
  facet normal -0.262119565 0.120285903 -0.957509601
    outer loop
      vertex 3.01523495 2.50368547 2.0551002
      vertex 3.06684184 2.40734696 2.02887034
      vertex 3.00373745 2.46258807 2.05308485
    endloop
  endfacet
  facet normal -0.262128099 0.120280241 -0.957507976
    outer loop
      vertex 3.11844897 2.31100869 2.00264072
      vertex 3.16164613 2.19908953 1.97675598
      vertex 3.14891434 2.1915772 1.97929776
    endloop
  endfacet
  facet normal -0.262119989 0.120283022 -0.957509846
    outer loop
      vertex 3.01523495 2.50368547 2.0551002
      vertex 2.94942212 2.56398225 2.0806911
      vertex 2.96362782 2.60002375 2.08132982
    endloop
  endfacet
  facet normal -0.904880086 0.352427957 0.238718589
    outer loop
      vertex 2.94942212 2.56398225 2.0806911
      vertex 2.93521643 2.52794075 2.08005261
      vertex 2.94448996 2.5253911 2.11896873
    endloop
  endfacet
  facet normal -0.904881776 0.352427136 0.238713394
    outer loop
      vertex 2.94942212 2.56398225 2.0806911
      vertex 2.97290111 2.5974741 2.12024593
      vertex 2.96362782 2.60002375 2.08132982
    endloop
  endfacet
  facet normal -0.904881664 0.352425631 0.238716041
    outer loop
      vertex 2.96796894 2.55888295 2.15852332
      vertex 2.94942212 2.56398225 2.0806911
      vertex 2.94448996 2.5253911 2.11896873
    endloop
  endfacet
  facet normal -0.90488219 0.352424258 0.238716076
    outer loop
      vertex 2.94942212 2.56398225 2.0806911
      vertex 2.96796894 2.55888295 2.15852332
      vertex 2.97290111 2.5974741 2.12024593
    endloop
  endfacet
  facet normal -0.904879382 0.352428396 0.238720609
    outer loop
      vertex 2.96796894 2.55888295 2.15852332
      vertex 2.98217463 2.59492421 2.15916204
      vertex 2.97290111 2.5974741 2.12024593
    endloop
  endfacet
  facet normal -0.904881251 0.352428509 0.238713359
    outer loop
      vertex 2.95376325 2.52284145 2.15788484
      vertex 2.96796894 2.55888295 2.15852332
      vertex 2.94448996 2.5253911 2.11896873
    endloop
  endfacet
  facet normal 0.225149431 -0.0524023458 0.972914039
    outer loop
      vertex 3.21349359 2.06500554 1.98770535
      vertex 3.18558621 2.07473111 1.99468744
      vertex 3.20264769 2.04391789 1.98907948
    endloop
  endfacet
  facet normal 0.225148131 -0.05240225 0.972914345
    outer loop
      vertex 3.22433972 2.08609295 1.98633122
      vertex 3.19021654 2.14771938 1.99754715
      vertex 3.17937064 2.12663198 1.99892128
    endloop
  endfacet
  facet normal 0.225146622 -0.0524040029 0.9729146
    outer loop
      vertex 3.22433972 2.08609295 1.98633122
      vertex 3.17937064 2.12663198 1.99892128
      vertex 3.21349359 2.06500554 1.98770535
    endloop
  endfacet
  facet normal 0.22514244 -0.0524047456 0.972915528
    outer loop
      vertex 3.22433972 2.08609295 1.98633122
      vertex 3.23518562 2.10718036 1.98495722
      vertex 3.21812391 2.13799357 1.99056518
    endloop
  endfacet
  facet normal 0.225149431 -0.0524023458 0.972914039
    outer loop
      vertex 3.18558621 2.07473111 1.99468744
      vertex 3.21349359 2.06500554 1.98770535
      vertex 3.17937064 2.12663198 1.99892128
    endloop
  endfacet
  facet normal 0.22514415 -0.0524050598 0.972915115
    outer loop
      vertex 3.20106244 2.16880703 1.99617314
      vertex 3.19021654 2.14771938 1.99754715
      vertex 3.21812391 2.13799357 1.99056518
    endloop
  endfacet
  facet normal 0.225144348 -0.0524044822 0.972915101
    outer loop
      vertex 3.19021654 2.14771938 1.99754715
      vertex 3.22433972 2.08609295 1.98633122
      vertex 3.21812391 2.13799357 1.99056518
    endloop
  endfacet
  facet normal 0.225149431 -0.0524023458 0.972914039
    outer loop
      vertex 3.16852474 2.10554433 2.0002954
      vertex 3.18558621 2.07473111 1.99468744
      vertex 3.17937064 2.12663198 1.99892128
    endloop
  endfacet
  facet normal -0.209065769 0.0833683668 -0.974341429
    outer loop
      vertex 3.17814898 2.10330439 2.04188371
      vertex 3.1891818 2.1243484 2.04131699
      vertex 3.19232321 2.07750607 2.03663492
    endloop
  endfacet
  facet normal -0.209068096 0.0833681627 -0.974340947
    outer loop
      vertex 3.21102881 2.10514712 2.03498626
      vertex 3.19232321 2.07750607 2.03663492
      vertex 3.1891818 2.1243484 2.04131699
    endloop
  endfacet
  facet normal -0.209061719 0.0833721904 -0.974341971
    outer loop
      vertex 3.21124721 2.16643643 2.04018378
      vertex 3.22973442 2.13278818 2.03333783
      vertex 3.21102881 2.10514712 2.03498626
    endloop
  endfacet
  facet normal -0.209072667 0.0833720313 -0.974339635
    outer loop
      vertex 3.21102881 2.10514712 2.03498626
      vertex 3.20021439 2.14539242 2.0407505
      vertex 3.21124721 2.16643643 2.04018378
    endloop
  endfacet
  facet normal -0.20906216 0.0833751395 -0.974341624
    outer loop
      vertex 3.1891818 2.1243484 2.04131699
      vertex 3.20021439 2.14539242 2.0407505
      vertex 3.21102881 2.10514712 2.03498626
    endloop
  endfacet
  facet normal -0.860705781 0.457266638 0.223814163
    outer loop
      vertex 3.20702791 2.04289842 2.00800705
      vertex 3.21349359 2.06500554 1.98770535
      vertex 3.20264769 2.04391789 1.98907948
    endloop
  endfacet
  facet normal -0.860707259 0.457263766 0.22381435
    outer loop
      vertex 3.21971345 2.05765486 2.0266428
      vertex 3.20702791 2.04289842 2.00800705
      vertex 3.21140814 2.04187894 2.02693462
    endloop
  endfacet
  facet normal -0.860705617 0.457269705 0.22380853
    outer loop
      vertex 3.20702791 2.04289842 2.00800705
      vertex 3.21971345 2.05765486 2.0266428
      vertex 3.22801876 2.07343054 2.02635098
    endloop
  endfacet
  facet normal -0.860696104 0.457277536 0.223829112
    outer loop
      vertex 3.22433972 2.08609295 1.98633122
      vertex 3.21349359 2.06500554 1.98770535
      vertex 3.20702791 2.04289842 2.00800705
    endloop
  endfacet
  facet normal -0.860706394 0.457270227 0.223804474
    outer loop
      vertex 3.2399075 2.10608125 2.00536227
      vertex 3.23518562 2.10718036 1.98495722
      vertex 3.22433972 2.08609295 1.98633122
    endloop
  endfacet
  facet normal -0.860705641 0.457269392 0.223809078
    outer loop
      vertex 3.20702791 2.04289842 2.00800705
      vertex 3.22801876 2.07343054 2.02635098
      vertex 3.2399075 2.10608125 2.00536227
    endloop
  endfacet
  facet normal -0.860710334 0.457265115 0.223799767
    outer loop
      vertex 3.22801876 2.07343054 2.02635098
      vertex 3.23632407 2.08920646 2.02605915
      vertex 3.2399075 2.10608125 2.00536227
    endloop
  endfacet
  facet normal -0.860703062 0.457274458 0.223808644
    outer loop
      vertex 3.24462962 2.10498238 2.02576733
      vertex 3.2399075 2.10608125 2.00536227
      vertex 3.23632407 2.08920646 2.02605915
    endloop
  endfacet
  facet normal -0.860706511 0.45726968 0.223805144
    outer loop
      vertex 3.22433972 2.08609295 1.98633122
      vertex 3.20702791 2.04289842 2.00800705
      vertex 3.2399075 2.10608125 2.00536227
    endloop
  endfacet
  facet normal 0.860706368 -0.457265658 -0.223813907
    outer loop
      vertex 3.20615482 2.16762161 2.01817846
      vertex 3.19021654 2.14771938 1.99754715
      vertex 3.20106244 2.16880703 1.99617314
    endloop
  endfacet
  facet normal 0.860704446 -0.457271759 -0.223808836
    outer loop
      vertex 3.20021439 2.14539242 2.0407505
      vertex 3.20615482 2.16762161 2.01817846
      vertex 3.21124721 2.16643643 2.04018378
    endloop
  endfacet
  facet normal 0.860705134 -0.457270945 -0.223807853
    outer loop
      vertex 3.19021654 2.14771938 1.99754715
      vertex 3.20615482 2.16762161 2.01817846
      vertex 3.20021439 2.14539242 2.0407505
    endloop
  endfacet
  facet normal 0.860703862 -0.457270754 -0.223813137
    outer loop
      vertex 3.1891818 2.1243484 2.04131699
      vertex 3.17937064 2.12663198 1.99892128
      vertex 3.19021654 2.14771938 1.99754715
    endloop
  endfacet
  facet normal 0.86070964 -0.457262184 -0.223808424
    outer loop
      vertex 3.1891818 2.1243484 2.04131699
      vertex 3.19021654 2.14771938 1.99754715
      vertex 3.20021439 2.14539242 2.0407505
    endloop
  endfacet
  facet normal 0.860708277 -0.457267219 -0.223803379
    outer loop
      vertex 3.17333674 2.10442448 2.02108955
      vertex 3.16852474 2.10554433 2.0002954
      vertex 3.17937064 2.12663198 1.99892128
    endloop
  endfacet
  facet normal 0.860702612 -0.457271028 -0.223817384
    outer loop
      vertex 3.17814898 2.10330439 2.04188371
      vertex 3.17333674 2.10442448 2.02108955
      vertex 3.1891818 2.1243484 2.04131699
    endloop
  endfacet
  facet normal 0.860701724 -0.457274909 -0.223812866
    outer loop
      vertex 3.17937064 2.12663198 1.99892128
      vertex 3.1891818 2.1243484 2.04131699
      vertex 3.17333674 2.10442448 2.02108955
    endloop
  endfacet
  facet normal 0.262126362 -0.120281698 0.957508268
    outer loop
      vertex 3.15137005 2.21651602 2.06530833
      vertex 3.13863802 2.20900345 2.06785011
      vertex 3.17184663 2.14701104 2.05097151
    endloop
  endfacet
  facet normal 0.262124557 -0.120282316 0.957508685
    outer loop
      vertex 3.15137005 2.21651602 2.06530833
      vertex 3.17184663 2.14701104 2.05097151
      vertex 3.18457866 2.15452337 2.04842973
    endloop
  endfacet
  facet normal 0.262124557 -0.120282316 0.957508685
    outer loop
      vertex 3.16410208 2.22402835 2.06276655
      vertex 3.15137005 2.21651602 2.06530833
      vertex 3.18457866 2.15452337 2.04842973
    endloop
  endfacet
  facet normal 0.262110189 -0.120287233 0.957512
    outer loop
      vertex 3.16410208 2.22402835 2.06276655
      vertex 3.18457866 2.15452337 2.04842973
      vertex 3.19731069 2.1620357 2.04588819
    endloop
  endfacet
  facet normal 0.262127856 -0.120277985 0.957508325
    outer loop
      vertex 3.17184663 2.14701104 2.05097151
      vertex 3.15824318 2.14112544 2.05395627
      vertex 3.19232321 2.07750607 2.03663492
    endloop
  endfacet
  facet normal 0.262127856 -0.120277985 0.957508325
    outer loop
      vertex 3.12416315 2.20474482 2.07127762
      vertex 3.15824318 2.14112544 2.05395627
      vertex 3.17184663 2.14701104 2.05097151
    endloop
  endfacet
  facet normal 0.262118198 -0.120286515 0.957509898
    outer loop
      vertex 3.12416315 2.20474482 2.07127762
      vertex 3.17184663 2.14701104 2.05097151
      vertex 3.13863802 2.20900345 2.06785011
    endloop
  endfacet
  facet normal 0.262117585 -0.120284046 0.957510376
    outer loop
      vertex 3.09008312 2.26836419 2.08859897
      vertex 3.12416315 2.20474482 2.07127762
      vertex 3.13863802 2.20900345 2.06785011
    endloop
  endfacet
  facet normal 0.262126462 -0.120278462 0.957508647
    outer loop
      vertex 3.17184663 2.14701104 2.05097151
      vertex 3.19232321 2.07750607 2.03663492
      vertex 3.21102881 2.10514712 2.03498626
    endloop
  endfacet
  facet normal 0.262115344 -0.120289273 0.957510333
    outer loop
      vertex 3.09008312 2.26836419 2.08859897
      vertex 3.15137005 2.21651602 2.06530833
      vertex 3.05600309 2.33198333 2.10592055
    endloop
  endfacet
  facet normal 0.262119585 -0.120282865 0.957509977
    outer loop
      vertex 3.0219233 2.3956027 2.1232419
      vertex 2.96796894 2.55888295 2.15852332
      vertex 2.98784328 2.45922208 2.14056325
    endloop
  endfacet
  facet normal 0.26212959 -0.120280432 0.957507543
    outer loop
      vertex 2.98784328 2.45922208 2.14056325
      vertex 2.96796894 2.55888295 2.15852332
      vertex 2.95376325 2.52284145 2.15788484
    endloop
  endfacet
  facet normal 0.26212243 -0.120282137 0.957509289
    outer loop
      vertex 3.06469464 2.44087887 2.11722064
      vertex 3.0219233 2.3956027 2.1232419
      vertex 3.05600309 2.33198333 2.10592055
    endloop
  endfacet
  facet normal 0.262124416 -0.120278067 0.957509257
    outer loop
      vertex 3.15137005 2.21651602 2.06530833
      vertex 3.09008312 2.26836419 2.08859897
      vertex 3.13863802 2.20900345 2.06785011
    endloop
  endfacet
  facet normal 0.262123871 -0.120281035 0.957509033
    outer loop
      vertex 3.17184663 2.14701104 2.05097151
      vertex 3.21102881 2.10514712 2.03498626
      vertex 3.18457866 2.15452337 2.04842973
    endloop
  endfacet
  facet normal 0.262110953 -0.120288657 0.957511612
    outer loop
      vertex 3.19731069 2.1620357 2.04588819
      vertex 3.18457866 2.15452337 2.04842973
      vertex 3.21102881 2.10514712 2.03498626
    endloop
  endfacet
  facet normal 0.26212385 -0.12028496 0.957508546
    outer loop
      vertex 3.21102881 2.10514712 2.03498626
      vertex 3.22973442 2.13278818 2.03333783
      vertex 3.19731069 2.1620357 2.04588819
    endloop
  endfacet
  facet normal 0.262133945 -0.120273216 0.957507258
    outer loop
      vertex 3.22973442 2.13278818 2.03333783
      vertex 3.16410208 2.22402835 2.06276655
      vertex 3.19731069 2.1620357 2.04588819
    endloop
  endfacet
  facet normal 0.262122176 -0.120281883 0.957509391
    outer loop
      vertex 3.0219233 2.3956027 2.1232419
      vertex 3.06469464 2.44087887 2.11722064
      vertex 2.96796894 2.55888295 2.15852332
    endloop
  endfacet
  facet normal 0.262124413 -0.120282048 0.957508758
    outer loop
      vertex 3.14721441 2.28683352 2.07527924
      vertex 3.15137005 2.21651602 2.06530833
      vertex 3.16410208 2.22402835 2.06276655
    endloop
  endfacet
  facet normal 0.262123478 -0.120282138 0.957509002
    outer loop
      vertex 3.14721441 2.28683352 2.07527924
      vertex 3.06469464 2.44087887 2.11722064
      vertex 3.15137005 2.21651602 2.06530833
    endloop
  endfacet
  facet normal 0.262119977 -0.120283811 0.957509751
    outer loop
      vertex 2.96796894 2.55888295 2.15852332
      vertex 3.06469464 2.44087887 2.11722064
      vertex 2.98217463 2.59492421 2.15916204
    endloop
  endfacet
  facet normal 0.262121301 -0.12028303 0.957509486
    outer loop
      vertex 3.14721441 2.28683352 2.07527924
      vertex 3.16410208 2.22402835 2.06276655
      vertex 3.22973442 2.13278818 2.03333783
    endloop
  endfacet
  facet normal 0.262123371 -0.120282185 0.957509026
    outer loop
      vertex 3.15137005 2.21651602 2.06530833
      vertex 3.06469464 2.44087887 2.11722064
      vertex 3.05600309 2.33198333 2.10592055
    endloop
  endfacet
  facet normal 0.848799609 0.500825853 -0.169448187
    outer loop
      vertex 3.29283929 1.99736297 1.97868514
      vertex 3.30269933 1.97895658 1.97367358
      vertex 3.29797149 1.9802171 1.95371652
    endloop
  endfacet
  facet normal 0.848802406 0.500822164 -0.169445079
    outer loop
      vertex 3.29283929 1.99736297 1.97868514
      vertex 3.29797149 1.9802171 1.95371652
      vertex 3.28811145 1.99862361 1.95872796
    endloop
  endfacet
  facet normal 0.848802148 0.500822283 -0.169446023
    outer loop
      vertex 3.28811145 1.99862361 1.95872796
      vertex 3.29797149 1.9802171 1.95371652
      vertex 3.29324365 1.98147774 1.93375945
    endloop
  endfacet
  facet normal 0.848800058 0.500825039 -0.169448345
    outer loop
      vertex 3.28811145 1.99862361 1.95872796
      vertex 3.29324365 1.98147774 1.93375945
      vertex 3.28338361 1.99988413 1.93877089
    endloop
  endfacet
  facet normal 0.848800821 0.500824689 -0.169445556
    outer loop
      vertex 3.29797149 1.9802171 1.95371652
      vertex 3.30783153 1.96181071 1.94870508
      vertex 3.30310369 1.96307135 1.92874801
    endloop
  endfacet
  facet normal 0.848800821 0.500824689 -0.169445556
    outer loop
      vertex 3.29797149 1.9802171 1.95371652
      vertex 3.30310369 1.96307135 1.92874801
      vertex 3.29324365 1.98147774 1.93375945
    endloop
  endfacet
  facet normal 0.848802148 0.500822283 -0.169446023
    outer loop
      vertex 3.30269933 1.97895658 1.97367358
      vertex 3.31255937 1.96055007 1.96866214
      vertex 3.30783153 1.96181071 1.94870508
    endloop
  endfacet
  facet normal 0.848800058 0.500825039 -0.169448345
    outer loop
      vertex 3.30269933 1.97895658 1.97367358
      vertex 3.30783153 1.96181071 1.94870508
      vertex 3.29797149 1.9802171 1.95371652
    endloop
  endfacet
  facet normal 0.848804602 0.500818358 -0.169445328
    outer loop
      vertex 3.30310369 1.96307135 1.92874801
      vertex 3.31077266 1.94524908 1.9144882
      vertex 3.30846643 1.94586396 1.90475297
    endloop
  endfacet
  facet normal 0.848796895 0.500826553 -0.169459715
    outer loop
      vertex 3.31307912 1.94463408 1.9242233
      vertex 3.31077266 1.94524908 1.9144882
      vertex 3.30310369 1.96307135 1.92874801
    endloop
  endfacet
  facet normal 0.848799862 0.500824534 -0.169450817
    outer loop
      vertex 3.28874636 1.98267686 1.91477597
      vertex 3.30310369 1.96307135 1.92874801
      vertex 3.30846643 1.94586396 1.90475297
    endloop
  endfacet
  facet normal 0.848801659 0.500823697 -0.169444294
    outer loop
      vertex 3.30783153 1.96181071 1.94870508
      vertex 3.31538534 1.9440192 1.93395853
      vertex 3.31307912 1.94463408 1.9242233
    endloop
  endfacet
  facet normal 0.848800611 0.50082507 -0.169445482
    outer loop
      vertex 3.30783153 1.96181071 1.94870508
      vertex 3.31307912 1.94463408 1.9242233
      vertex 3.30310369 1.96307135 1.92874801
    endloop
  endfacet
  facet normal 0.848800681 0.500824754 -0.16944607
    outer loop
      vertex 3.31538534 1.9440192 1.93395853
      vertex 3.30783153 1.96181071 1.94870508
      vertex 3.31769156 1.94340432 1.94369364
    endloop
  endfacet
  facet normal 0.848797471 0.500826227 -0.169457797
    outer loop
      vertex 3.31999803 1.94278932 1.95342886
      vertex 3.31769156 1.94340432 1.94369364
      vertex 3.30783153 1.96181071 1.94870508
    endloop
  endfacet
  facet normal 0.848798324 0.500833268 -0.169432709
    outer loop
      vertex 3.2713325 2.01887465 1.93453395
      vertex 3.28338361 1.99988413 1.93877089
      vertex 3.26902628 2.01948977 1.92479885
    endloop
  endfacet
  facet normal 0.848800754 0.500823821 -0.16944846
    outer loop
      vertex 3.28874636 1.98267686 1.91477597
      vertex 3.26902628 2.01948977 1.92479885
      vertex 3.28338361 1.99988413 1.93877089
    endloop
  endfacet
  facet normal 0.848799689 0.500825209 -0.169449693
    outer loop
      vertex 3.28874636 1.98267686 1.91477597
      vertex 3.28338361 1.99988413 1.93877089
      vertex 3.29324365 1.98147774 1.93375945
    endloop
  endfacet
  facet normal 0.848791737 0.500833788 -0.169464168
    outer loop
      vertex 3.28338361 1.99988413 1.93877089
      vertex 3.27363873 2.01825976 1.94426918
      vertex 3.27594519 2.01764488 1.95400429
    endloop
  endfacet
  facet normal 0.848800586 0.500824082 -0.169448531
    outer loop
      vertex 3.27594519 2.01764488 1.95400429
      vertex 3.28811145 1.99862361 1.95872796
      vertex 3.28338361 1.99988413 1.93877089
    endloop
  endfacet
  facet normal 0.848797818 0.500830663 -0.169442944
    outer loop
      vertex 3.2713325 2.01887465 1.93453395
      vertex 3.27363873 2.01825976 1.94426918
      vertex 3.28338361 1.99988413 1.93877089
    endloop
  endfacet
  facet normal 0.848799689 0.500825209 -0.169449693
    outer loop
      vertex 3.29324365 1.98147774 1.93375945
      vertex 3.30310369 1.96307135 1.92874801
      vertex 3.28874636 1.98267686 1.91477597
    endloop
  endfacet
  facet normal 0.848797715 0.500830132 -0.169445028
    outer loop
      vertex 3.31255937 1.96055007 1.96866214
      vertex 3.32230425 1.94217443 1.96316397
      vertex 3.31999803 1.94278932 1.95342886
    endloop
  endfacet
  facet normal 0.848797715 0.500830132 -0.169445028
    outer loop
      vertex 3.32461047 1.94155955 1.97289908
      vertex 3.32230425 1.94217443 1.96316397
      vertex 3.31255937 1.96055007 1.96866214
    endloop
  endfacet
  facet normal 0.848800223 0.500824065 -0.1694504
    outer loop
      vertex 3.31255937 1.96055007 1.96866214
      vertex 3.30719662 1.97775745 1.99265718
      vertex 3.32691669 1.94094455 1.98263431
    endloop
  endfacet
  facet normal 0.848799512 0.500825898 -0.169448543
    outer loop
      vertex 3.29283929 1.99736297 1.97868514
      vertex 3.30719662 1.97775745 1.99265718
      vertex 3.30269933 1.97895658 1.97367358
    endloop
  endfacet
  facet normal 0.848801287 0.500822678 -0.169449167
    outer loop
      vertex 3.30719662 1.97775745 1.99265718
      vertex 3.31255937 1.96055007 1.96866214
      vertex 3.30269933 1.97895658 1.97367358
    endloop
  endfacet
  facet normal 0.848798123 0.50083223 -0.169436784
    outer loop
      vertex 3.32691669 1.94094455 1.98263431
      vertex 3.32461047 1.94155955 1.97289908
      vertex 3.31255937 1.96055007 1.96866214
    endloop
  endfacet
  facet normal 0.848800232 0.500825568 -0.169445913
    outer loop
      vertex 3.27825141 2.01703 1.96373951
      vertex 3.28055763 2.01641512 1.97347462
      vertex 3.28811145 1.99862361 1.95872796
    endloop
  endfacet
  facet normal 0.848790431 0.500836157 -0.169463709
    outer loop
      vertex 3.28811145 1.99862361 1.95872796
      vertex 3.28055763 2.01641512 1.97347462
      vertex 3.28286409 2.01580024 1.98320973
    endloop
  endfacet
  facet normal 0.848805804 0.500816002 -0.169446273
    outer loop
      vertex 3.28811145 1.99862361 1.95872796
      vertex 3.28286409 2.01580024 1.98320973
      vertex 3.29283929 1.99736297 1.97868514
    endloop
  endfacet
  facet normal 0.848800761 0.500825325 -0.169443978
    outer loop
      vertex 3.27594519 2.01764488 1.95400429
      vertex 3.27825141 2.01703 1.96373951
      vertex 3.28811145 1.99862361 1.95872796
    endloop
  endfacet
  facet normal 0.848808926 0.500814757 -0.169434315
    outer loop
      vertex 3.28517032 2.01518512 1.99294496
      vertex 3.29283929 1.99736297 1.97868514
      vertex 3.28286409 2.01580024 1.98320973
    endloop
  endfacet
  facet normal 0.84880232 0.500821781 -0.169446646
    outer loop
      vertex 3.29283929 1.99736297 1.97868514
      vertex 3.28517032 2.01518512 1.99294496
      vertex 3.28747654 2.01457024 2.00268006
    endloop
  endfacet
  facet normal 0.848799689 0.500825209 -0.169449693
    outer loop
      vertex 3.28747654 2.01457024 2.00268006
      vertex 3.30719662 1.97775745 1.99265718
      vertex 3.29283929 1.99736297 1.97868514
    endloop
  endfacet
  facet normal 0.848797981 0.500829841 -0.169444558
    outer loop
      vertex 3.31999803 1.94278932 1.95342886
      vertex 3.30783153 1.96181071 1.94870508
      vertex 3.31255937 1.96055007 1.96866214
    endloop
  endfacet
  facet normal 0.476047493 -0.863354355 -0.167326157
    outer loop
      vertex 3.27406955 2.01996279 1.93670642
      vertex 3.2713325 2.01887465 1.93453395
      vertex 3.26902628 2.01948977 1.92479885
    endloop
  endfacet
  facet normal 0.47599595 -0.863386583 -0.167306495
    outer loop
      vertex 3.27406955 2.01996279 1.93670642
      vertex 3.27594519 2.01764488 1.95400429
      vertex 3.27363873 2.01825976 1.94426918
    endloop
  endfacet
  facet normal 0.475997018 -0.863388577 -0.167293168
    outer loop
      vertex 3.28037333 2.01828194 1.96331584
      vertex 3.27825141 2.01703 1.96373951
      vertex 3.27594519 2.01764488 1.95400429
    endloop
  endfacet
  facet normal 0.476032234 -0.863367799 -0.167300198
    outer loop
      vertex 3.27406955 2.01996279 1.93670642
      vertex 3.27363873 2.01825976 1.94426918
      vertex 3.2713325 2.01887465 1.93453395
    endloop
  endfacet
  facet normal 0.475961424 -0.863402905 -0.167320492
    outer loop
      vertex 3.27557659 2.02137876 1.93368673
      vertex 3.27406955 2.01996279 1.93670642
      vertex 3.27327013 2.02199388 1.92395163
    endloop
  endfacet
  facet normal 0.476031091 -0.863364825 -0.167318794
    outer loop
      vertex 3.26902628 2.01948977 1.92479885
      vertex 3.27327013 2.02199388 1.92395163
      vertex 3.27406955 2.01996279 1.93670642
    endloop
  endfacet
  facet normal 0.475999931 -0.863386858 -0.16729375
    outer loop
      vertex 3.27788281 2.02076387 1.94342196
      vertex 3.27406955 2.01996279 1.93670642
      vertex 3.27557659 2.02137876 1.93368673
    endloop
  endfacet
  facet normal 0.476004439 -0.863383807 -0.167296674
    outer loop
      vertex 3.27788281 2.02076387 1.94342196
      vertex 3.28018904 2.02014899 1.95315707
      vertex 3.27406955 2.01996279 1.93670642
    endloop
  endfacet
  facet normal 0.476042229 -0.863360195 -0.167310998
    outer loop
      vertex 3.28037333 2.01828194 1.96331584
      vertex 3.27406955 2.01996279 1.93670642
      vertex 3.28018904 2.02014899 1.95315707
    endloop
  endfacet
  facet normal 0.476025311 -0.86336926 -0.167312357
    outer loop
      vertex 3.2824955 2.01953411 1.96289217
      vertex 3.28037333 2.01828194 1.96331584
      vertex 3.28018904 2.02014899 1.95315707
    endloop
  endfacet
  facet normal 0.476024486 -0.863370664 -0.167307456
    outer loop
      vertex 3.28037333 2.01828194 1.96331584
      vertex 3.27594519 2.01764488 1.95400429
      vertex 3.27406955 2.01996279 1.93670642
    endloop
  endfacet
  facet normal 0.475998484 -0.863388968 -0.167286981
    outer loop
      vertex 3.27825141 2.01703 1.96373951
      vertex 3.28037333 2.01828194 1.96331584
      vertex 3.28352523 2.01744175 1.97662055
    endloop
  endfacet
  facet normal 0.476035444 -0.863365512 -0.167302863
    outer loop
      vertex 3.27825141 2.01703 1.96373951
      vertex 3.28352523 2.01744175 1.97662055
      vertex 3.28055763 2.01641512 1.97347462
    endloop
  endfacet
  facet normal 0.476028374 -0.863370076 -0.167299428
    outer loop
      vertex 3.28037333 2.01828194 1.96331584
      vertex 3.2824955 2.01953411 1.96289217
      vertex 3.28480172 2.01891923 1.9726274
    endloop
  endfacet
  facet normal 0.476008161 -0.863383258 -0.167288913
    outer loop
      vertex 3.28037333 2.01828194 1.96331584
      vertex 3.28480172 2.01891923 1.9726274
      vertex 3.28352523 2.01744175 1.97662055
    endloop
  endfacet
  facet normal 0.476046968 -0.86335648 -0.167316681
    outer loop
      vertex 3.28286409 2.01580024 1.98320973
      vertex 3.28055763 2.01641512 1.97347462
      vertex 3.28352523 2.01744175 1.97662055
    endloop
  endfacet
  facet normal 0.476046456 -0.863355359 -0.167323926
    outer loop
      vertex 3.28667736 2.01660132 1.98992527
      vertex 3.28517032 2.01518512 1.99294496
      vertex 3.28286409 2.01580024 1.98320973
    endloop
  endfacet
  facet normal 0.476038313 -0.863360872 -0.167318644
    outer loop
      vertex 3.28667736 2.01660132 1.98992527
      vertex 3.28286409 2.01580024 1.98320973
      vertex 3.28352523 2.01744175 1.97662055
    endloop
  endfacet
  facet normal 0.476067553 -0.863346565 -0.167309273
    outer loop
      vertex 3.28747654 2.01457024 2.00268006
      vertex 3.28517032 2.01518512 1.99294496
      vertex 3.28667736 2.01660132 1.98992527
    endloop
  endfacet
  facet normal 0.475995806 -0.8633889 -0.16729495
    outer loop
      vertex 3.28710794 2.01830435 1.98236251
      vertex 3.28352523 2.01744175 1.97662055
      vertex 3.28480172 2.01891923 1.9726274
    endloop
  endfacet
  facet normal 0.476092351 -0.863326043 -0.167344605
    outer loop
      vertex 3.28941417 2.01768947 1.99209774
      vertex 3.29172063 2.01707435 2.00183296
      vertex 3.28667736 2.01660132 1.98992527
    endloop
  endfacet
  facet normal 0.476016419 -0.863374518 -0.16731052
    outer loop
      vertex 3.28747654 2.01457024 2.00268006
      vertex 3.28667736 2.01660132 1.98992527
      vertex 3.29172063 2.01707435 2.00183296
    endloop
  endfacet
  facet normal 0.476070769 -0.86334506 -0.167307891
    outer loop
      vertex 3.28710794 2.01830435 1.98236251
      vertex 3.28941417 2.01768947 1.99209774
      vertex 3.28667736 2.01660132 1.98992527
    endloop
  endfacet
  facet normal 0.47602459 -0.86336897 -0.167315904
    outer loop
      vertex 3.28352523 2.01744175 1.97662055
      vertex 3.28710794 2.01830435 1.98236251
      vertex 3.28667736 2.01660132 1.98992527
    endloop
  endfacet
  facet normal -0.475995021 0.863387731 0.167303214
    outer loop
      vertex 3.32611752 1.94297552 1.96987951
      vertex 3.32461047 1.94155955 1.97289908
      vertex 3.32691669 1.94094455 1.98263431
    endloop
  endfacet
  facet normal -0.476004439 0.863383807 0.167296674
    outer loop
      vertex 3.32611752 1.94297552 1.96987951
      vertex 3.31999803 1.94278932 1.95342886
      vertex 3.32230425 1.94217443 1.96316397
    endloop
  endfacet
  facet normal -0.475988464 0.863389368 0.167313421
    outer loop
      vertex 3.31981373 1.94465637 1.94326997
      vertex 3.31769156 1.94340432 1.94369364
      vertex 3.31999803 1.94278932 1.95342886
    endloop
  endfacet
  facet normal -0.476004439 0.863383807 0.167296674
    outer loop
      vertex 3.32611752 1.94297552 1.96987951
      vertex 3.32230425 1.94217443 1.96316397
      vertex 3.32461047 1.94155955 1.97289908
    endloop
  endfacet
  facet normal -0.476025463 0.863371794 0.167298847
    outer loop
      vertex 3.32885456 1.94406366 1.97205186
      vertex 3.32611752 1.94297552 1.96987951
      vertex 3.33116078 1.94344878 1.98178709
    endloop
  endfacet
  facet normal -0.476033122 0.863366905 0.167302285
    outer loop
      vertex 3.32691669 1.94094455 1.98263431
      vertex 3.33116078 1.94344878 1.98178709
      vertex 3.32611752 1.94297552 1.96987951
    endloop
  endfacet
  facet normal -0.47603448 0.863363849 0.167314188
    outer loop
      vertex 3.3265481 1.94467854 1.96231675
      vertex 3.32611752 1.94297552 1.96987951
      vertex 3.32885456 1.94406366 1.97205186
    endloop
  endfacet
  facet normal -0.47604278 0.863359552 0.167312748
    outer loop
      vertex 3.3265481 1.94467854 1.96231675
      vertex 3.32424188 1.94529355 1.95258152
      vertex 3.32611752 1.94297552 1.96987951
    endloop
  endfacet
  facet normal -0.476057121 0.863351551 0.167313231
    outer loop
      vertex 3.31981373 1.94465637 1.94326997
      vertex 3.32611752 1.94297552 1.96987951
      vertex 3.32424188 1.94529355 1.95258152
    endloop
  endfacet
  facet normal -0.476038277 0.863363841 0.167303429
    outer loop
      vertex 3.32193565 1.94590843 1.94284642
      vertex 3.31981373 1.94465637 1.94326997
      vertex 3.32424188 1.94529355 1.95258152
    endloop
  endfacet
  facet normal -0.476038102 0.863362773 0.167309434
    outer loop
      vertex 3.31981373 1.94465637 1.94326997
      vertex 3.31999803 1.94278932 1.95342886
      vertex 3.32611752 1.94297552 1.96987951
    endloop
  endfacet
  facet normal -0.475989534 0.863389654 0.167308905
    outer loop
      vertex 3.31769156 1.94340432 1.94369364
      vertex 3.31981373 1.94465637 1.94326997
      vertex 3.3166616 1.9454968 1.92996526
    endloop
  endfacet
  facet normal -0.476062511 0.863349541 0.167308266
    outer loop
      vertex 3.31769156 1.94340432 1.94369364
      vertex 3.3166616 1.9454968 1.92996526
      vertex 3.31538534 1.9440192 1.93395853
    endloop
  endfacet
  facet normal -0.476038735 0.863363963 0.167301496
    outer loop
      vertex 3.31981373 1.94465637 1.94326997
      vertex 3.32193565 1.94590843 1.94284642
      vertex 3.31962943 1.94652331 1.93311119
    endloop
  endfacet
  facet normal -0.475977185 0.863396939 0.16730644
    outer loop
      vertex 3.31981373 1.94465637 1.94326997
      vertex 3.31962943 1.94652331 1.93311119
      vertex 3.3166616 1.9454968 1.92996526
    endloop
  endfacet
  facet normal -0.476065452 0.863348197 0.16730683
    outer loop
      vertex 3.31307912 1.94463408 1.9242233
      vertex 3.31538534 1.9440192 1.93395853
      vertex 3.3166616 1.9454968 1.92996526
    endloop
  endfacet
  facet normal -0.476006492 0.863378339 0.167319045
    outer loop
      vertex 3.3135097 1.9463371 1.91666055
      vertex 3.31077266 1.94524908 1.9144882
      vertex 3.31307912 1.94463408 1.9242233
    endloop
  endfacet
  facet normal -0.476067653 0.863346673 0.167308432
    outer loop
      vertex 3.3135097 1.9463371 1.91666055
      vertex 3.31307912 1.94463408 1.9242233
      vertex 3.3166616 1.9454968 1.92996526
    endloop
  endfacet
  facet normal -0.475990518 0.863392412 0.167291871
    outer loop
      vertex 3.30846643 1.94586396 1.90475297
      vertex 3.31077266 1.94524908 1.9144882
      vertex 3.3135097 1.9463371 1.91666055
    endloop
  endfacet
  facet normal -0.475983942 0.863391644 0.167314543
    outer loop
      vertex 3.31732297 1.94713831 1.92337608
      vertex 3.3166616 1.9454968 1.92996526
      vertex 3.31962943 1.94652331 1.93311119
    endloop
  endfacet
  facet normal -0.476041646 0.863362245 0.167302077
    outer loop
      vertex 3.31501675 1.94775319 1.91364098
      vertex 3.31271052 1.94836807 1.90390575
      vertex 3.3135097 1.9463371 1.91666055
    endloop
  endfacet
  facet normal -0.476014718 0.863376965 0.167302734
    outer loop
      vertex 3.30846643 1.94586396 1.90475297
      vertex 3.3135097 1.9463371 1.91666055
      vertex 3.31271052 1.94836807 1.90390575
    endloop
  endfacet
  facet normal -0.476039383 0.863363188 0.167303649
    outer loop
      vertex 3.31732297 1.94713831 1.92337608
      vertex 3.31501675 1.94775319 1.91364098
      vertex 3.3135097 1.9463371 1.91666055
    endloop
  endfacet
  facet normal -0.476037464 0.863364487 0.167302405
    outer loop
      vertex 3.3166616 1.9454968 1.92996526
      vertex 3.31732297 1.94713831 1.92337608
      vertex 3.3135097 1.9463371 1.91666055
    endloop
  endfacet
  facet normal 0.848796905 0.500827936 -0.169455575
    outer loop
      vertex 3.04101992 2.46293163 2.06380939
      vertex 3.00143766 2.53682208 2.08392739
      vertex 3.00668025 2.53441644 2.10307741
    endloop
  endfacet
  facet normal 0.84880138 0.500824062 -0.16944461
    outer loop
      vertex 3.04101992 2.46293163 2.06380939
      vertex 3.00668025 2.53441644 2.10307741
      vertex 3.04626226 2.46052599 2.08295965
    endloop
  endfacet
  facet normal 0.84880138 0.500824062 -0.16944461
    outer loop
      vertex 3.04626226 2.46052599 2.08295965
      vertex 3.00668025 2.53441644 2.10307741
      vertex 3.0119226 2.53201079 2.12222767
    endloop
  endfacet
  facet normal 0.848796905 0.500827936 -0.169455575
    outer loop
      vertex 3.04626226 2.46052599 2.08295965
      vertex 3.0119226 2.53201079 2.12222767
      vertex 3.05150485 2.45812035 2.10210967
    endloop
  endfacet
  facet normal 0.848804068 0.500823451 -0.169432952
    outer loop
      vertex 3.26468539 2.03986502 1.93376863
      vertex 3.25478983 2.05833769 1.93879807
      vertex 3.25610042 2.05773616 1.94358563
    endloop
  endfacet
  facet normal 0.848804068 0.500823451 -0.169432952
    outer loop
      vertex 3.26468539 2.03986502 1.93376863
      vertex 3.25610042 2.05773616 1.94358563
      vertex 3.26599598 2.03926349 1.93855619
    endloop
  endfacet
  facet normal 0.848797593 0.500826725 -0.169455709
    outer loop
      vertex 3.257411 2.05713487 1.9483732
      vertex 3.25610042 2.05773616 1.94358563
      vertex 3.23630929 2.0946815 1.95364463
    endloop
  endfacet
  facet normal 0.848803853 0.500823852 -0.169432843
    outer loop
      vertex 3.23893046 2.09347868 1.96321976
      vertex 3.25872159 2.05653334 1.95316076
      vertex 3.257411 2.05713487 1.9483732
    endloop
  endfacet
  facet normal 0.848800087 0.500826476 -0.169443953
    outer loop
      vertex 3.23630929 2.0946815 1.95364463
      vertex 3.23893046 2.09347868 1.96321976
      vertex 3.257411 2.05713487 1.9483732
    endloop
  endfacet
  facet normal 0.848797808 0.500826323 -0.169455819
    outer loop
      vertex 3.26599598 2.03926349 1.93855619
      vertex 3.25610042 2.05773616 1.94358563
      vertex 3.257411 2.05713487 1.9483732
    endloop
  endfacet
  facet normal 0.848797808 0.500826323 -0.169455819
    outer loop
      vertex 3.26599598 2.03926349 1.93855619
      vertex 3.257411 2.05713487 1.9483732
      vertex 3.26730657 2.0386622 1.94334376
    endloop
  endfacet
  facet normal 0.848804068 0.500823451 -0.169432952
    outer loop
      vertex 3.26730657 2.0386622 1.94334376
      vertex 3.257411 2.05713487 1.9483732
      vertex 3.25872159 2.05653334 1.95316076
    endloop
  endfacet
  facet normal 0.848802579 0.50082474 -0.169436601
    outer loop
      vertex 3.26730657 2.0386622 1.94334376
      vertex 3.25872159 2.05653334 1.95316076
      vertex 3.26861715 2.03806067 1.9481312
    endloop
  endfacet
  facet normal 0.848797378 0.500827127 -0.1694556
    outer loop
      vertex 3.26861715 2.03806067 1.9481312
      vertex 3.25872159 2.05653334 1.95316076
      vertex 3.26003218 2.05593204 1.95794833
    endloop
  endfacet
  facet normal 0.848797378 0.500827127 -0.1694556
    outer loop
      vertex 3.26861715 2.03806067 1.9481312
      vertex 3.26003218 2.05593204 1.95794833
      vertex 3.26992774 2.03745937 1.95291877
    endloop
  endfacet
  facet normal 0.848802579 0.50082474 -0.169436601
    outer loop
      vertex 3.26992774 2.03745937 1.95291877
      vertex 3.26003218 2.05593204 1.95794833
      vertex 3.26134276 2.05533051 1.96273577
    endloop
  endfacet
  facet normal 0.848804068 0.500823451 -0.169432952
    outer loop
      vertex 3.26992774 2.03745937 1.95291877
      vertex 3.26134276 2.05533051 1.96273577
      vertex 3.27123833 2.03685784 1.95770633
    endloop
  endfacet
  facet normal 0.848797593 0.500826725 -0.169455709
    outer loop
      vertex 3.26003218 2.05593204 1.95794833
      vertex 3.25872159 2.05653334 1.95316076
      vertex 3.23893046 2.09347868 1.96321976
    endloop
  endfacet
  facet normal 0.84880495 0.500820314 -0.169437807
    outer loop
      vertex 3.24155188 2.09227586 1.97279477
      vertex 3.26134276 2.05533051 1.96273577
      vertex 3.26003218 2.05593204 1.95794833
    endloop
  endfacet
  facet normal 0.848795438 0.50082694 -0.169465867
    outer loop
      vertex 3.23893046 2.09347868 1.96321976
      vertex 3.24155188 2.09227586 1.97279477
      vertex 3.26003218 2.05593204 1.95794833
    endloop
  endfacet
  facet normal 0.848804737 0.500822203 -0.169433292
    outer loop
      vertex 3.26396394 2.05412769 1.9723109
      vertex 3.26265335 2.05472922 1.96752334
      vertex 3.24155188 2.09227586 1.97279477
    endloop
  endfacet
  facet normal 0.848799749 0.500822701 -0.169456805
    outer loop
      vertex 3.26265335 2.05472922 1.96752334
      vertex 3.26134276 2.05533051 1.96273577
      vertex 3.24155188 2.09227586 1.97279477
    endloop
  endfacet
  facet normal 0.848797808 0.500826323 -0.169455819
    outer loop
      vertex 3.27123833 2.03685784 1.95770633
      vertex 3.26134276 2.05533051 1.96273577
      vertex 3.26265335 2.05472922 1.96752334
    endloop
  endfacet
  facet normal 0.848797808 0.500826323 -0.169455819
    outer loop
      vertex 3.27123833 2.03685784 1.95770633
      vertex 3.26265335 2.05472922 1.96752334
      vertex 3.27254891 2.03625655 1.9624939
    endloop
  endfacet
  facet normal 0.848804068 0.500823451 -0.169432952
    outer loop
      vertex 3.27254891 2.03625655 1.9624939
      vertex 3.26265335 2.05472922 1.96752334
      vertex 3.26396394 2.05412769 1.9723109
    endloop
  endfacet
  facet normal 0.848804068 0.500823451 -0.169432952
    outer loop
      vertex 3.27254891 2.03625655 1.9624939
      vertex 3.26396394 2.05412769 1.9723109
      vertex 3.2738595 2.03565502 1.96728146
    endloop
  endfacet
  facet normal 0.848802016 0.500822875 -0.169444933
    outer loop
      vertex 3.1597662 2.24125981 2.00345564
      vertex 3.12018418 2.3151505 2.0235734
      vertex 3.12542653 2.31274486 2.04272366
    endloop
  endfacet
  facet normal 0.848797541 0.500826749 -0.169455899
    outer loop
      vertex 3.1597662 2.24125981 2.00345564
      vertex 3.12542653 2.31274486 2.04272366
      vertex 3.16500878 2.23885417 2.02260566
    endloop
  endfacet
  facet normal 0.848798071 0.500826506 -0.169453964
    outer loop
      vertex 3.16500878 2.23885417 2.02260566
      vertex 3.12542653 2.31274486 2.04272366
      vertex 3.13066912 2.31033921 2.06187391
    endloop
  endfacet
  facet normal 0.848801801 0.500823277 -0.169444824
    outer loop
      vertex 3.16500878 2.23885417 2.02260566
      vertex 3.13066912 2.31033921 2.06187391
      vertex 3.17025113 2.23644853 2.04175591
    endloop
  endfacet
  facet normal 0.848787198 0.500831191 -0.169494572
    outer loop
      vertex 3.2738595 2.03565502 1.96728146
      vertex 3.26396394 2.05412769 1.9723109
      vertex 3.26527476 2.0535264 1.97709846
    endloop
  endfacet
  facet normal 0.84880212 0.500818274 -0.16945801
    outer loop
      vertex 3.2738595 2.03565502 1.96728146
      vertex 3.26527476 2.0535264 1.97709846
      vertex 3.27517009 2.03505373 1.97206903
    endloop
  endfacet
  facet normal 0.84880838 0.500815402 -0.169435144
    outer loop
      vertex 3.27517009 2.03505373 1.97206903
      vertex 3.26527476 2.0535264 1.97709846
      vertex 3.26658535 2.05292487 1.98188603
    endloop
  endfacet
  facet normal 0.848791969 0.500829608 -0.169475356
    outer loop
      vertex 3.27517009 2.03505373 1.97206903
      vertex 3.26658535 2.05292487 1.98188603
      vertex 3.27648091 2.0344522 1.97685647
    endloop
  endfacet
  facet normal 0.848803853 0.500823852 -0.169432843
    outer loop
      vertex 3.24679422 2.08987021 1.99194503
      vertex 3.26658535 2.05292487 1.98188603
      vertex 3.26527476 2.0535264 1.97709846
    endloop
  endfacet
  facet normal 0.848783555 0.500837992 -0.16949272
    outer loop
      vertex 3.26527476 2.0535264 1.97709846
      vertex 3.26396394 2.05412769 1.9723109
      vertex 3.24679422 2.08987021 1.99194503
    endloop
  endfacet
  facet normal 0.848802581 0.500826227 -0.169432196
    outer loop
      vertex 3.26920652 2.05172205 1.99146116
      vertex 3.26789594 2.05232358 1.98667359
      vertex 3.24679422 2.08987021 1.99194503
    endloop
  endfacet
  facet normal 0.848797593 0.500826725 -0.169455709
    outer loop
      vertex 3.26789594 2.05232358 1.98667359
      vertex 3.26658535 2.05292487 1.98188603
      vertex 3.24679422 2.08987021 1.99194503
    endloop
  endfacet
  facet normal 0.848797378 0.500827127 -0.1694556
    outer loop
      vertex 3.27648091 2.0344522 1.97685647
      vertex 3.26658535 2.05292487 1.98188603
      vertex 3.26789594 2.05232358 1.98667359
    endloop
  endfacet
  facet normal 0.848797378 0.500827127 -0.1694556
    outer loop
      vertex 3.27648091 2.0344522 1.97685647
      vertex 3.26789594 2.05232358 1.98667359
      vertex 3.2777915 2.03385091 1.98164403
    endloop
  endfacet
  facet normal 0.848803638 0.500824254 -0.169432733
    outer loop
      vertex 3.2777915 2.03385091 1.98164403
      vertex 3.26789594 2.05232358 1.98667359
      vertex 3.26920652 2.05172205 1.99146116
    endloop
  endfacet
  facet normal 0.848803638 0.500824254 -0.169432733
    outer loop
      vertex 3.2777915 2.03385091 1.98164403
      vertex 3.26920652 2.05172205 1.99146116
      vertex 3.27910209 2.03324938 1.9864316
    endloop
  endfacet
  facet normal 0.848796319 0.500827613 -0.169459468
    outer loop
      vertex 3.27910209 2.03324938 1.9864316
      vertex 3.26920652 2.05172205 1.99146116
      vertex 3.27051711 2.05112076 1.9962486
    endloop
  endfacet
  facet normal 0.848797808 0.500826323 -0.169455819
    outer loop
      vertex 3.27910209 2.03324938 1.9864316
      vertex 3.27051711 2.05112076 1.9962486
      vertex 3.28041267 2.03264809 1.99121916
    endloop
  endfacet
  facet normal 0.848804068 0.500823451 -0.169432952
    outer loop
      vertex 3.28041267 2.03264809 1.99121916
      vertex 3.27051711 2.05112076 1.9962486
      vertex 3.2718277 2.05051923 2.00103617
    endloop
  endfacet
  facet normal 0.848804068 0.500823451 -0.169432952
    outer loop
      vertex 3.28041267 2.03264809 1.99121916
      vertex 3.2718277 2.05051923 2.00103617
      vertex 3.28172326 2.03204656 1.99600673
    endloop
  endfacet
  facet normal 0.848804068 0.500823451 -0.169432952
    outer loop
      vertex 3.25203657 2.08746457 2.01109505
      vertex 3.2718277 2.05051923 2.00103617
      vertex 3.27051711 2.05112076 1.9962486
    endloop
  endfacet
  facet normal 0.848795262 0.500829586 -0.169458931
    outer loop
      vertex 3.27051711 2.05112076 1.9962486
      vertex 3.26920652 2.05172205 1.99146116
      vertex 3.25203657 2.08746457 2.01109505
    endloop
  endfacet
  facet normal 0.848798867 0.500825837 -0.16945195
    outer loop
      vertex 3.28172326 2.03204656 1.99600673
      vertex 3.2718277 2.05051923 2.00103617
      vertex 3.27313828 2.04991794 2.00582385
    endloop
  endfacet
  facet normal 0.848795888 0.500828416 -0.16945925
    outer loop
      vertex 3.28172326 2.03204656 1.99600673
      vertex 3.27313828 2.04991794 2.00582385
      vertex 3.28303385 2.03144526 2.00079417
    endloop
  endfacet
  facet normal 0.848799997 0.500824668 -0.16944975
    outer loop
      vertex 3.0119226 2.53201079 2.12222767
      vertex 2.97290111 2.5974741 2.12024593
      vertex 2.98217463 2.59492421 2.15916204
    endloop
  endfacet
  facet normal 0.848799844 0.500825584 -0.169447808
    outer loop
      vertex 2.98217463 2.59492421 2.15916204
      vertex 3.06469464 2.44087887 2.11722064
      vertex 3.05150485 2.45812035 2.10210967
    endloop
  endfacet
  facet normal 0.848795825 0.500828432 -0.169459521
    outer loop
      vertex 2.98217463 2.59492421 2.15916204
      vertex 3.05150485 2.45812035 2.10210967
      vertex 3.0119226 2.53201079 2.12222767
    endloop
  endfacet
  facet normal 0.848801413 0.500824136 -0.16944423
    outer loop
      vertex 3.06469464 2.44087887 2.11722064
      vertex 3.14721441 2.28683352 2.07527924
      vertex 3.13066912 2.31033921 2.06187391
    endloop
  endfacet
  facet normal 0.848799971 0.500825171 -0.169448389
    outer loop
      vertex 3.06469464 2.44087887 2.11722064
      vertex 3.13066912 2.31033921 2.06187391
      vertex 3.05150485 2.45812035 2.10210967
    endloop
  endfacet
  facet normal 0.848798292 0.500826093 -0.169454077
    outer loop
      vertex 3.13066912 2.31033921 2.06187391
      vertex 3.12542653 2.31274486 2.04272366
      vertex 3.04626226 2.46052599 2.08295965
    endloop
  endfacet
  facet normal 0.84879787 0.500826135 -0.169456066
    outer loop
      vertex 3.13066912 2.31033921 2.06187391
      vertex 3.04626226 2.46052599 2.08295965
      vertex 3.05150485 2.45812035 2.10210967
    endloop
  endfacet
  facet normal 0.848801556 0.500823389 -0.169445717
    outer loop
      vertex 3.13066912 2.31033921 2.06187391
      vertex 3.14721441 2.28683352 2.07527924
      vertex 3.17025113 2.23644853 2.04175591
    endloop
  endfacet
  facet normal 0.848800732 0.500825272 -0.169444281
    outer loop
      vertex 3.00668025 2.53441644 2.10307741
      vertex 2.97290111 2.5974741 2.12024593
      vertex 3.0119226 2.53201079 2.12222767
    endloop
  endfacet
  facet normal 0.848791889 0.500829234 -0.169476866
    outer loop
      vertex 3.14721441 2.28683352 2.07527924
      vertex 3.22973442 2.13278818 2.03333783
      vertex 3.21124721 2.16643643 2.04018378
    endloop
  endfacet
  facet normal 0.848798862 0.500823998 -0.16945741
    outer loop
      vertex 3.24462962 2.10498238 2.02576733
      vertex 3.25203657 2.08746457 2.01109505
      vertex 3.2399075 2.10608125 2.00536227
    endloop
  endfacet
  facet normal 0.848796996 0.500826024 -0.169460771
    outer loop
      vertex 3.27313828 2.04991794 2.00582385
      vertex 3.25203657 2.08746457 2.01109505
      vertex 3.24462962 2.10498238 2.02576733
    endloop
  endfacet
  facet normal 0.848799147 0.500825395 -0.169451856
    outer loop
      vertex 3.20615482 2.16762161 2.01817846
      vertex 3.17025113 2.23644853 2.04175591
      vertex 3.21124721 2.16643643 2.04018378
    endloop
  endfacet
  facet normal 0.848800978 0.500825612 -0.169442043
    outer loop
      vertex 3.2399075 2.10608125 2.00536227
      vertex 3.24679422 2.08987021 1.99194503
      vertex 3.23518562 2.10718036 1.98495722
    endloop
  endfacet
  facet normal 0.848801101 0.50082548 -0.16944182
    outer loop
      vertex 3.2399075 2.10608125 2.00536227
      vertex 3.26920652 2.05172205 1.99146116
      vertex 3.24679422 2.08987021 1.99194503
    endloop
  endfacet
  facet normal 0.848801374 0.500824073 -0.169444607
    outer loop
      vertex 3.20615482 2.16762161 2.01817846
      vertex 3.16500878 2.23885417 2.02260566
      vertex 3.17025113 2.23644853 2.04175591
    endloop
  endfacet
  facet normal 0.84879896 0.500826384 -0.16944987
    outer loop
      vertex 3.26920652 2.05172205 1.99146116
      vertex 3.2399075 2.10608125 2.00536227
      vertex 3.25203657 2.08746457 2.01109505
    endloop
  endfacet
  facet normal 0.84879938 0.500825498 -0.169450383
    outer loop
      vertex 3.14721441 2.28683352 2.07527924
      vertex 3.21124721 2.16643643 2.04018378
      vertex 3.17025113 2.23644853 2.04175591
    endloop
  endfacet
  facet normal 0.848801002 0.500823581 -0.169447929
    outer loop
      vertex 2.96362782 2.60002375 2.08132982
      vertex 2.97290111 2.5974741 2.12024593
      vertex 3.00143766 2.53682208 2.08392739
    endloop
  endfacet
  facet normal 0.84879755 0.500826732 -0.169455903
    outer loop
      vertex 3.00143766 2.53682208 2.08392739
      vertex 2.97290111 2.5974741 2.12024593
      vertex 3.00668025 2.53441644 2.10307741
    endloop
  endfacet
  facet normal 0.848800944 0.500824876 -0.169444388
    outer loop
      vertex 3.12542653 2.31274486 2.04272366
      vertex 3.12018418 2.3151505 2.0235734
      vertex 3.04101992 2.46293163 2.06380939
    endloop
  endfacet
  facet normal 0.848800944 0.500824876 -0.169444388
    outer loop
      vertex 3.12542653 2.31274486 2.04272366
      vertex 3.04101992 2.46293163 2.06380939
      vertex 3.04626226 2.46052599 2.08295965
    endloop
  endfacet
  facet normal 0.848800592 0.500826244 -0.169442108
    outer loop
      vertex 3.01523495 2.50368547 2.0551002
      vertex 3.00143766 2.53682208 2.08392739
      vertex 3.04101992 2.46293163 2.06380939
    endloop
  endfacet
  facet normal 0.848802097 0.500824583 -0.169439478
    outer loop
      vertex 3.01523495 2.50368547 2.0551002
      vertex 2.96362782 2.60002375 2.08132982
      vertex 3.00143766 2.53682208 2.08392739
    endloop
  endfacet
  facet normal 0.848797538 0.500826675 -0.169456132
    outer loop
      vertex 3.11844897 2.31100869 2.00264072
      vertex 3.06684184 2.40734696 2.02887034
      vertex 3.12018418 2.3151505 2.0235734
    endloop
  endfacet
  facet normal 0.848800083 0.500823889 -0.169451621
    outer loop
      vertex 3.04101992 2.46293163 2.06380939
      vertex 3.06684184 2.40734696 2.02887034
      vertex 3.01523495 2.50368547 2.0551002
    endloop
  endfacet
  facet normal 0.848797205 0.500826592 -0.169458048
    outer loop
      vertex 3.04101992 2.46293163 2.06380939
      vertex 3.12018418 2.3151505 2.0235734
      vertex 3.06684184 2.40734696 2.02887034
    endloop
  endfacet
  facet normal 0.848797986 0.500825919 -0.169456125
    outer loop
      vertex 3.1597662 2.24125981 2.00345564
      vertex 3.16500878 2.23885417 2.02260566
      vertex 3.20106244 2.16880703 1.99617314
    endloop
  endfacet
  facet normal 0.848800965 0.500823981 -0.169446927
    outer loop
      vertex 3.20106244 2.16880703 1.99617314
      vertex 3.16500878 2.23885417 2.02260566
      vertex 3.20615482 2.16762161 2.01817846
    endloop
  endfacet
  facet normal 0.84880301 0.500822375 -0.16944143
    outer loop
      vertex 3.23630929 2.0946815 1.95364463
      vertex 3.22166324 2.11833215 1.95018125
      vertex 3.20106244 2.16880703 1.99617314
    endloop
  endfacet
  facet normal 0.848804189 0.500821719 -0.169437461
    outer loop
      vertex 3.20106244 2.16880703 1.99617314
      vertex 3.21812391 2.13799357 1.99056518
      vertex 3.23893046 2.09347868 1.96321976
    endloop
  endfacet
  facet normal 0.848797438 0.500826837 -0.169456156
    outer loop
      vertex 3.1700561 2.21467042 1.97641098
      vertex 3.11844897 2.31100869 2.00264072
      vertex 3.12018418 2.3151505 2.0235734
    endloop
  endfacet
  facet normal 0.84880329 0.50082229 -0.169440279
    outer loop
      vertex 3.1700561 2.21467042 1.97641098
      vertex 3.12018418 2.3151505 2.0235734
      vertex 3.1597662 2.24125981 2.00345564
    endloop
  endfacet
  facet normal 0.84880011 0.500826028 -0.169445164
    outer loop
      vertex 3.20106244 2.16880703 1.99617314
      vertex 3.1700561 2.21467042 1.97641098
      vertex 3.1597662 2.24125981 2.00345564
    endloop
  endfacet
  facet normal 0.848800152 0.500825592 -0.169446241
    outer loop
      vertex 3.1700561 2.21467042 1.97641098
      vertex 3.20106244 2.16880703 1.99617314
      vertex 3.22166324 2.11833215 1.95018125
    endloop
  endfacet
  facet normal 0.848795625 0.500830503 -0.169454399
    outer loop
      vertex 3.23518562 2.10718036 1.98495722
      vertex 3.24155188 2.09227586 1.97279477
      vertex 3.21812391 2.13799357 1.99056518
    endloop
  endfacet
  facet normal 0.848801184 0.500822731 -0.169449524
    outer loop
      vertex 3.26396394 2.05412769 1.9723109
      vertex 3.23518562 2.10718036 1.98495722
      vertex 3.24679422 2.08987021 1.99194503
    endloop
  endfacet
  facet normal 0.848796272 0.5008277 -0.169459445
    outer loop
      vertex 3.28941417 2.01768947 1.99209774
      vertex 3.28172326 2.03204656 1.99600673
      vertex 3.28303385 2.03144526 2.00079417
    endloop
  endfacet
  facet normal 0.848800755 0.500826183 -0.169441473
    outer loop
      vertex 3.28303385 2.03144526 2.00079417
      vertex 3.27313828 2.04991794 2.00582385
      vertex 3.29172063 2.01707435 2.00183296
    endloop
  endfacet
  facet normal 0.848803802 0.500821731 -0.169439369
    outer loop
      vertex 3.23518562 2.10718036 1.98495722
      vertex 3.26396394 2.05412769 1.9723109
      vertex 3.24155188 2.09227586 1.97279477
    endloop
  endfacet
  facet normal 0.848797263 0.500827341 -0.169455542
    outer loop
      vertex 3.28710794 2.01830435 1.98236251
      vertex 3.27910209 2.03324938 1.9864316
      vertex 3.28041267 2.03264809 1.99121916
    endloop
  endfacet
  facet normal 0.848803591 0.500824342 -0.16943271
    outer loop
      vertex 3.28041267 2.03264809 1.99121916
      vertex 3.28172326 2.03204656 1.99600673
      vertex 3.28941417 2.01768947 1.99209774
    endloop
  endfacet
  facet normal 0.848802159 0.50082279 -0.16944447
    outer loop
      vertex 3.28041267 2.03264809 1.99121916
      vertex 3.28941417 2.01768947 1.99209774
      vertex 3.28710794 2.01830435 1.98236251
    endloop
  endfacet
  facet normal 0.848799508 0.500824651 -0.169452246
    outer loop
      vertex 3.29172063 2.01707435 2.00183296
      vertex 3.28941417 2.01768947 1.99209774
      vertex 3.28303385 2.03144526 2.00079417
    endloop
  endfacet
  facet normal 0.848803523 0.500824468 -0.169432675
    outer loop
      vertex 3.27910209 2.03324938 1.9864316
      vertex 3.28710794 2.01830435 1.98236251
      vertex 3.2777915 2.03385091 1.98164403
    endloop
  endfacet
  facet normal 0.848801769 0.50082278 -0.169446453
    outer loop
      vertex 3.28480172 2.01891923 1.9726274
      vertex 3.2777915 2.03385091 1.98164403
      vertex 3.28710794 2.01830435 1.98236251
    endloop
  endfacet
  facet normal 0.848792304 0.500828984 -0.169475526
    outer loop
      vertex 3.28480172 2.01891923 1.9726274
      vertex 3.27517009 2.03505373 1.97206903
      vertex 3.27648091 2.0344522 1.97685647
    endloop
  endfacet
  facet normal 0.848796676 0.500832735 -0.169442543
    outer loop
      vertex 3.27517009 2.03505373 1.97206903
      vertex 3.28480172 2.01891923 1.9726274
      vertex 3.2824955 2.01953411 1.96289217
    endloop
  endfacet
  facet normal 0.848797713 0.500826502 -0.16945577
    outer loop
      vertex 3.28480172 2.01891923 1.9726274
      vertex 3.27648091 2.0344522 1.97685647
      vertex 3.2777915 2.03385091 1.98164403
    endloop
  endfacet
  facet normal 0.84879653 0.500826316 -0.169462245
    outer loop
      vertex 3.29172063 2.01707435 2.00183296
      vertex 3.27313828 2.04991794 2.00582385
      vertex 3.24462962 2.10498238 2.02576733
    endloop
  endfacet
  facet normal 0.848792202 0.500836789 -0.169452969
    outer loop
      vertex 3.2824955 2.01953411 1.96289217
      vertex 3.2738595 2.03565502 1.96728146
      vertex 3.27517009 2.03505373 1.97206903
    endloop
  endfacet
  facet normal 0.848797565 0.500826778 -0.169455695
    outer loop
      vertex 3.28018904 2.02014899 1.95315707
      vertex 3.27123833 2.03685784 1.95770633
      vertex 3.27254891 2.03625655 1.9624939
    endloop
  endfacet
  facet normal 0.848798462 0.500833916 -0.169430103
    outer loop
      vertex 3.2738595 2.03565502 1.96728146
      vertex 3.2824955 2.01953411 1.96289217
      vertex 3.27254891 2.03625655 1.9624939
    endloop
  endfacet
  facet normal 0.848801622 0.50082361 -0.169444733
    outer loop
      vertex 3.20106244 2.16880703 1.99617314
      vertex 3.23893046 2.09347868 1.96321976
      vertex 3.23630929 2.0946815 1.95364463
    endloop
  endfacet
  facet normal 0.848803853 0.500823852 -0.169432843
    outer loop
      vertex 3.23630929 2.0946815 1.95364463
      vertex 3.25610042 2.05773616 1.94358563
      vertex 3.25478983 2.05833769 1.93879807
    endloop
  endfacet
  facet normal 0.84880368 0.500823973 -0.169433353
    outer loop
      vertex 3.22166324 2.11833215 1.95018125
      vertex 3.23630929 2.0946815 1.95364463
      vertex 3.25478983 2.05833769 1.93879807
    endloop
  endfacet
  facet normal 0.848792363 0.500832681 -0.169464303
    outer loop
      vertex 3.21812391 2.13799357 1.99056518
      vertex 3.24155188 2.09227586 1.97279477
      vertex 3.23893046 2.09347868 1.96321976
    endloop
  endfacet
  facet normal 0.848797958 0.500826044 -0.169455895
    outer loop
      vertex 3.27788281 2.02076387 1.94342196
      vertex 3.26861715 2.03806067 1.9481312
      vertex 3.26992774 2.03745937 1.95291877
    endloop
  endfacet
  facet normal 0.848801885 0.500822568 -0.169446494
    outer loop
      vertex 3.26992774 2.03745937 1.95291877
      vertex 3.28018904 2.02014899 1.95315707
      vertex 3.27788281 2.02076387 1.94342196
    endloop
  endfacet
  facet normal 0.848803824 0.500823906 -0.169432828
    outer loop
      vertex 3.28018904 2.02014899 1.95315707
      vertex 3.26992774 2.03745937 1.95291877
      vertex 3.27123833 2.03685784 1.95770633
    endloop
  endfacet
  facet normal 0.848803159 0.500823658 -0.169436896
    outer loop
      vertex 3.26730657 2.0386622 1.94334376
      vertex 3.26861715 2.03806067 1.9481312
      vertex 3.27788281 2.02076387 1.94342196
    endloop
  endfacet
  facet normal 0.848797436 0.500827018 -0.169455629
    outer loop
      vertex 3.27557659 2.02137876 1.93368673
      vertex 3.26599598 2.03926349 1.93855619
      vertex 3.26730657 2.0386622 1.94334376
    endloop
  endfacet
  facet normal 0.848800406 0.500822305 -0.169454682
    outer loop
      vertex 3.27327013 2.02199388 1.92395163
      vertex 3.26468539 2.03986502 1.93376863
      vertex 3.27557659 2.02137876 1.93368673
    endloop
  endfacet
  facet normal 0.848803696 0.500824146 -0.169432763
    outer loop
      vertex 3.26599598 2.03926349 1.93855619
      vertex 3.27557659 2.02137876 1.93368673
      vertex 3.26468539 2.03986502 1.93376863
    endloop
  endfacet
  facet normal 0.848793459 0.500828319 -0.169471706
    outer loop
      vertex 3.25478983 2.05833769 1.93879807
      vertex 3.26468539 2.03986502 1.93376863
      vertex 3.27327013 2.02199388 1.92395163
    endloop
  endfacet
  facet normal 0.848802057 0.500822974 -0.169444434
    outer loop
      vertex 3.27557659 2.02137876 1.93368673
      vertex 3.26730657 2.0386622 1.94334376
      vertex 3.27788281 2.02076387 1.94342196
    endloop
  endfacet
  facet normal 0.848793688 0.500830249 -0.169464854
    outer loop
      vertex 3.27254891 2.03625655 1.9624939
      vertex 3.2824955 2.01953411 1.96289217
      vertex 3.28018904 2.02014899 1.95315707
    endloop
  endfacet
  facet normal 0.848797396 0.500825576 -0.169460092
    outer loop
      vertex 3.22166324 2.11833215 1.95018125
      vertex 3.25478983 2.05833769 1.93879807
      vertex 3.27327013 2.02199388 1.92395163
    endloop
  endfacet
  facet normal 0.848798867 0.500825837 -0.16945195
    outer loop
      vertex 3.27313828 2.04991794 2.00582385
      vertex 3.2718277 2.05051923 2.00103617
      vertex 3.25203657 2.08746457 2.01109505
    endloop
  endfacet
  facet normal -0.230859761 0.0627452122 -0.970961796
    outer loop
      vertex 3.44946957 1.66435325 1.86754787
      vertex 3.46205187 1.68234396 1.86571884
      vertex 3.47458291 1.65960085 1.86126971
    endloop
  endfacet
  facet normal -0.230857948 0.0627438919 -0.970962312
    outer loop
      vertex 3.42435598 1.66910565 1.87382603
      vertex 3.46205187 1.68234396 1.86571884
      vertex 3.44946957 1.66435325 1.86754787
    endloop
  endfacet
  facet normal -0.230855372 0.0627454121 -0.970962827
    outer loop
      vertex 3.39924264 1.67385805 1.88010406
      vertex 3.38671136 1.69660115 1.88455319
      vertex 3.42435598 1.66910565 1.87382603
    endloop
  endfacet
  facet normal -0.230857474 0.0627424144 -0.97096252
    outer loop
      vertex 3.46205187 1.68234396 1.86571884
      vertex 3.42435598 1.66910565 1.87382603
      vertex 3.38671136 1.69660115 1.88455319
    endloop
  endfacet
  facet normal -0.230856495 0.062747464 -0.970962427
    outer loop
      vertex 3.38671136 1.69660115 1.88455319
      vertex 3.37418032 1.71934414 1.88900232
      vertex 3.46205187 1.68234396 1.86571884
    endloop
  endfacet
  facet normal -0.230857425 0.0627465905 -0.970962262
    outer loop
      vertex 3.41187596 1.73258245 1.88089514
      vertex 3.43698955 1.72783005 1.87461698
      vertex 3.44952059 1.70508695 1.87016785
    endloop
  endfacet
  facet normal -0.230860284 0.0627425136 -0.970961846
    outer loop
      vertex 3.38676262 1.73733485 1.8871733
      vertex 3.41187596 1.73258245 1.88089514
      vertex 3.44952059 1.70508695 1.87016785
    endloop
  endfacet
  facet normal -0.230859761 0.0627452122 -0.970961796
    outer loop
      vertex 3.36164927 1.74208724 1.89345145
      vertex 3.38676262 1.73733485 1.8871733
      vertex 3.37418032 1.71934414 1.88900232
    endloop
  endfacet
  facet normal -0.230859156 0.0627447721 -0.970961968
    outer loop
      vertex 3.44952059 1.70508695 1.87016785
      vertex 3.37418032 1.71934414 1.88900232
      vertex 3.38676262 1.73733485 1.8871733
    endloop
  endfacet
  facet normal -0.230860534 0.0627376647 -0.9709621
    outer loop
      vertex 3.46205187 1.68234396 1.86571884
      vertex 3.37418032 1.71934414 1.88900232
      vertex 3.44952059 1.70508695 1.87016785
    endloop
  endfacet
  facet normal 0.361089594 -0.0872039474 0.928444816
    outer loop
      vertex 3.38506889 1.70768619 1.85386276
      vertex 3.38063884 1.72378218 1.85709751
      vertex 3.35575151 1.74369013 1.8686465
    endloop
  endfacet
  facet normal 0.361089594 -0.0872039474 0.928444816
    outer loop
      vertex 3.38063884 1.72378218 1.85709751
      vertex 3.37620878 1.73987818 1.86033225
      vertex 3.35575151 1.74369013 1.8686465
    endloop
  endfacet
  facet normal 0.361097106 -0.087194593 0.928442773
    outer loop
      vertex 3.36772847 1.72109771 1.86186647
      vertex 3.38949895 1.69159019 1.85062814
      vertex 3.38506889 1.70768619 1.85386276
    endloop
  endfacet
  facet normal 0.361080233 -0.0872074197 0.928448131
    outer loop
      vertex 3.37970543 1.69850528 1.85508645
      vertex 3.39168215 1.67591274 1.84830654
      vertex 3.393929 1.67549407 1.84739339
    endloop
  endfacet
  facet normal 0.361092545 -0.0872011799 0.928443928
    outer loop
      vertex 3.36772847 1.72109771 1.86186647
      vertex 3.38506889 1.70768619 1.85386276
      vertex 3.35575151 1.74369013 1.8686465
    endloop
  endfacet
  facet normal 0.361080673 -0.0872086487 0.928447844
    outer loop
      vertex 3.36772847 1.72109771 1.86186647
      vertex 3.37970543 1.69850528 1.85508645
      vertex 3.38949895 1.69159019 1.85062814
    endloop
  endfacet
  facet normal 0.361082503 -0.0872057731 0.928447403
    outer loop
      vertex 3.37970543 1.69850528 1.85508645
      vertex 3.393929 1.67549407 1.84739339
      vertex 3.38949895 1.69159019 1.85062814
    endloop
  endfacet
  facet normal 0.190288306 0.981560034 0.0181730355
    outer loop
      vertex 3.40173578 1.6739552 1.84876287
      vertex 3.40272069 1.67368758 1.85290492
      vertex 3.41190791 1.67196882 1.84953976
    endloop
  endfacet
  facet normal 0.190285868 0.981559921 0.0182046746
    outer loop
      vertex 3.40173578 1.6739552 1.84876287
      vertex 3.41190791 1.67196882 1.84953976
      vertex 3.41088319 1.67224741 1.84522963
    endloop
  endfacet
  facet normal 0.190290053 0.98155938 0.0181900706
    outer loop
      vertex 3.41190791 1.67196882 1.84953976
      vertex 3.41395736 1.67141175 1.85816002
      vertex 3.43249178 1.66793084 1.85210204
    endloop
  endfacet
  facet normal 0.190291803 0.981559304 0.0181758925
    outer loop
      vertex 3.41190791 1.67196882 1.84953976
      vertex 3.43249178 1.66793084 1.85210204
      vertex 3.43028212 1.6685313 1.84280932
    endloop
  endfacet
  facet normal 0.190294308 0.981558645 0.018185205
    outer loop
      vertex 3.44946957 1.66435325 1.86754787
      vertex 3.47458291 1.65960085 1.86126971
      vertex 3.47037888 1.66074347 1.84358799
    endloop
  endfacet
  facet normal 0.190292813 0.98155896 0.0181838523
    outer loop
      vertex 3.43249178 1.66793084 1.85210204
      vertex 3.44946957 1.66435325 1.86754787
      vertex 3.47037888 1.66074347 1.84358799
    endloop
  endfacet
  facet normal 0.190292365 0.981559038 0.0181843621
    outer loop
      vertex 3.42435598 1.66910565 1.87382603
      vertex 3.44946957 1.66435325 1.86754787
      vertex 3.43249178 1.66793084 1.85210204
    endloop
  endfacet
  facet normal 0.190296561 0.981558342 0.0181780321
    outer loop
      vertex 3.44811344 1.66528809 1.83127809
      vertex 3.47037888 1.66074347 1.84358799
      vertex 3.46617484 1.66188598 1.82590628
    endloop
  endfacet
  facet normal 0.190290715 0.981559283 0.018188413
    outer loop
      vertex 3.4300518 1.66869009 1.83664978
      vertex 3.43028212 1.6685313 1.84280932
      vertex 3.44811344 1.66528809 1.83127809
    endloop
  endfacet
  facet normal 0.190284128 0.981560756 0.0181778115
    outer loop
      vertex 3.43249178 1.66793084 1.85210204
      vertex 3.44811344 1.66528809 1.83127809
      vertex 3.43028212 1.6685313 1.84280932
    endloop
  endfacet
  facet normal 0.19029908 0.981557667 0.0181880586
    outer loop
      vertex 3.43028212 1.6685313 1.84280932
      vertex 3.4300518 1.66869009 1.83664978
      vertex 3.41088319 1.67224741 1.84522963
    endloop
  endfacet
  facet normal 0.190292993 0.98155891 0.0181846963
    outer loop
      vertex 3.44811344 1.66528809 1.83127809
      vertex 3.43249178 1.66793084 1.85210204
      vertex 3.47037888 1.66074347 1.84358799
    endloop
  endfacet
  facet normal 0.190287713 0.981559973 0.018182569
    outer loop
      vertex 3.42435598 1.66910565 1.87382603
      vertex 3.43249178 1.66793084 1.85210204
      vertex 3.41395736 1.67141175 1.85816002
    endloop
  endfacet
  facet normal 0.190300592 0.981557135 0.0182009939
    outer loop
      vertex 3.41190791 1.67196882 1.84953976
      vertex 3.43028212 1.6685313 1.84280932
      vertex 3.41088319 1.67224741 1.84522963
    endloop
  endfacet
  facet normal 0.190293931 0.981558646 0.0181891012
    outer loop
      vertex 3.40272069 1.67368758 1.85290492
      vertex 3.41395736 1.67141175 1.85816002
      vertex 3.41190791 1.67196882 1.84953976
    endloop
  endfacet
  facet normal 0.190296447 0.981558261 0.0181835563
    outer loop
      vertex 3.40272069 1.67368758 1.85290492
      vertex 3.39546251 1.67488539 1.86420524
      vertex 3.41395736 1.67141175 1.85816002
    endloop
  endfacet
  facet normal 0.190295679 0.981558456 0.0181810974
    outer loop
      vertex 3.39924264 1.67385805 1.88010406
      vertex 3.41395736 1.67141175 1.85816002
      vertex 3.39546251 1.67488539 1.86420524
    endloop
  endfacet
  facet normal 0.190290578 0.981559471 0.0181796587
    outer loop
      vertex 3.39168215 1.67591274 1.84830654
      vertex 3.39546251 1.67488539 1.86420524
      vertex 3.40272069 1.67368758 1.85290492
    endloop
  endfacet
  facet normal 0.190292769 0.981559057 0.0181790784
    outer loop
      vertex 3.39924264 1.67385805 1.88010406
      vertex 3.42435598 1.66910565 1.87382603
      vertex 3.41395736 1.67141175 1.85816002
    endloop
  endfacet
  facet normal 0.190262094 0.981565721 0.0181403215
    outer loop
      vertex 3.40173578 1.6739552 1.84876287
      vertex 3.41088319 1.67224741 1.84522963
      vertex 3.4119904 1.67209208 1.84202158
    endloop
  endfacet
  facet normal 0.190281578 0.981561816 0.0181472352
    outer loop
      vertex 3.41088319 1.67224741 1.84522963
      vertex 3.4300518 1.66869009 1.83664978
      vertex 3.4119904 1.67209208 1.84202158
    endloop
  endfacet
  facet normal 0.190292552 0.981558742 0.018198396
    outer loop
      vertex 3.393929 1.67549407 1.84739339
      vertex 3.39168215 1.67591274 1.84830654
      vertex 3.40173578 1.6739552 1.84876287
    endloop
  endfacet
  facet normal 0.190293814 0.981558992 0.0181716585
    outer loop
      vertex 3.40272069 1.67368758 1.85290492
      vertex 3.40173578 1.6739552 1.84876287
      vertex 3.39168215 1.67591274 1.84830654
    endloop
  endfacet
  facet normal 0.190293888 0.981558626 0.018190647
    outer loop
      vertex 3.4119904 1.67209208 1.84202158
      vertex 3.393929 1.67549407 1.84739339
      vertex 3.40173578 1.6739552 1.84876287
    endloop
  endfacet
  facet normal -0.190291347 -0.981559254 -0.0181833421
    outer loop
      vertex 3.36164927 1.74208724 1.89345145
      vertex 3.35575151 1.74369013 1.8686465
      vertex 3.37620878 1.73987818 1.86033225
    endloop
  endfacet
  facet normal -0.19029417 -0.981558683 -0.018184621
    outer loop
      vertex 3.36164927 1.74208724 1.89345145
      vertex 3.37620878 1.73987818 1.86033225
      vertex 3.38676262 1.73733485 1.8871733
    endloop
  endfacet
  facet normal -0.190291627 -0.981559157 -0.0181856658
    outer loop
      vertex 3.37620878 1.73987818 1.86033225
      vertex 3.40300608 1.73483074 1.85236228
      vertex 3.38676262 1.73733485 1.8871733
    endloop
  endfacet
  facet normal -0.19029217 -0.981559091 -0.0181835395
    outer loop
      vertex 3.43339634 1.72880661 1.8595047
      vertex 3.43698955 1.72783005 1.87461698
      vertex 3.41187596 1.73258245 1.88089514
    endloop
  endfacet
  facet normal -0.190296486 -0.981558274 -0.0181824606
    outer loop
      vertex 3.42980313 1.72978318 1.84439242
      vertex 3.43339634 1.72880661 1.8595047
      vertex 3.40300608 1.73483074 1.85236228
    endloop
  endfacet
  facet normal -0.190295451 -0.981558391 -0.0181869638
    outer loop
      vertex 3.41187596 1.73258245 1.88089514
      vertex 3.40300608 1.73483074 1.85236228
      vertex 3.43339634 1.72880661 1.8595047
    endloop
  endfacet
  facet normal -0.190294779 -0.981558518 -0.0181871826
    outer loop
      vertex 3.38676262 1.73733485 1.8871733
      vertex 3.40300608 1.73483074 1.85236228
      vertex 3.41187596 1.73258245 1.88089514
    endloop
  endfacet
endsolid d15
