solid b14
  facet normal 0.559314364 0.201437569 -0.804108418
    outer loop
      vertex -0.116784036 2.40489268 0.876179814
      vertex -0.160335302 2.36823344 0.8367033
      vertex -0.152939126 2.39947176 0.84967339
    endloop
  endfacet
  facet normal 0.559315575 0.201435723 -0.804108038
    outer loop
      vertex -0.131576374 2.34241581 0.850239694
      vertex -0.160335302 2.36823344 0.8367033
      vertex -0.116784036 2.40489268 0.876179814
    endloop
  endfacet
  facet normal 0.559315629 0.201435816 -0.804107977
    outer loop
      vertex -0.160335302 2.36823344 0.8367033
      vertex -0.131576374 2.34241581 0.850239694
      vertex -0.167731464 2.33699489 0.823733211
    endloop
  endfacet
  facet normal 0.559315746 0.201435641 -0.80410794
    outer loop
      vertex -0.116784036 2.40489268 0.876179814
      vertex -0.0954212919 2.34783649 0.876746118
      vertex -0.131576374 2.34241581 0.850239694
    endloop
  endfacet
  facet normal 0.559315676 0.201435614 -0.804107995
    outer loop
      vertex -0.0954212919 2.34783649 0.876746118
      vertex -0.116784036 2.40489268 0.876179814
      vertex -0.0806289464 2.41031337 0.902686238
    endloop
  endfacet
  facet normal 0.559315659 0.201435681 -0.80410799
    outer loop
      vertex -0.0481719412 2.40011501 0.922707677
      vertex -0.0806289464 2.41031337 0.902686238
      vertex -0.0444738567 2.41573429 0.929192722
    endloop
  endfacet
  facet normal 0.559315646 0.201435566 -0.804108028
    outer loop
      vertex -0.0518700294 2.38449574 0.916222632
      vertex -0.0806289464 2.41031337 0.902686238
      vertex -0.0481719412 2.40011501 0.922707677
    endloop
  endfacet
  facet normal 0.559313948 0.201439281 -0.804108279
    outer loop
      vertex -0.0555681139 2.36887646 0.909737587
      vertex -0.0592661984 2.35325742 0.903252542
      vertex -0.0954212919 2.34783649 0.876746118
    endloop
  endfacet
  facet normal 0.559315702 0.201435661 -0.804107965
    outer loop
      vertex -0.0806289464 2.41031337 0.902686238
      vertex -0.0518700294 2.38449574 0.916222632
      vertex -0.0555681139 2.36887646 0.909737587
    endloop
  endfacet
  facet normal 0.559315654 0.201435625 -0.804108008
    outer loop
      vertex -0.0806289464 2.41031337 0.902686238
      vertex -0.0555681139 2.36887646 0.909737587
      vertex -0.0954212919 2.34783649 0.876746118
    endloop
  endfacet
  facet normal -0.764102098 0.393235578 -0.511384164
    outer loop
      vertex -0.177646682 2.39106441 0.88012588
      vertex -0.19243902 2.32858729 0.85418576
      vertex -0.209750414 2.35141826 0.89760834
    endloop
  endfacet
  facet normal -0.764099958 0.393238707 -0.511384956
    outer loop
      vertex -0.209750414 2.35141826 0.89760834
      vertex -0.19243902 2.32858729 0.85418576
      vertex -0.217146575 2.32017994 0.88463825
    endloop
  endfacet
  facet normal -0.764102301 0.393236028 -0.511383516
    outer loop
      vertex -0.177646682 2.39106441 0.88012588
      vertex -0.209750414 2.35141826 0.89760834
      vertex -0.202354237 2.38265681 0.91057843
    endloop
  endfacet
  facet normal -0.764099895 0.393239002 -0.511384823
    outer loop
      vertex -0.160335302 2.36823344 0.8367033
      vertex -0.177646682 2.39106441 0.88012588
      vertex -0.152939126 2.39947176 0.84967339
    endloop
  endfacet
  facet normal -0.764102364 0.393235733 -0.511383649
    outer loop
      vertex -0.160335302 2.36823344 0.8367033
      vertex -0.167731464 2.33699489 0.823733211
      vertex -0.19243902 2.32858729 0.85418576
    endloop
  endfacet
  facet normal -0.764102271 0.393235528 -0.511383944
    outer loop
      vertex -0.177646682 2.39106441 0.88012588
      vertex -0.160335302 2.36823344 0.8367033
      vertex -0.19243902 2.32858729 0.85418576
    endloop
  endfacet
  facet normal 0.616053403 0.209630438 -0.759297889
    outer loop
      vertex -0.0513230339 2.35066772 0.948115647
      vertex -0.077571556 2.34702826 0.925814211
      vertex -0.0731569678 2.3676784 0.935097158
    endloop
  endfacet
  facet normal 0.616052934 0.209633031 -0.759297554
    outer loop
      vertex -0.0380792916 2.41261768 0.975964487
      vertex -0.068742387 2.38832831 0.944380105
      vertex -0.0643278062 2.40897822 0.953663051
    endloop
  endfacet
  facet normal 0.616054205 0.209632376 -0.759296703
    outer loop
      vertex -0.068742387 2.38832831 0.944380105
      vertex -0.0513230339 2.35066772 0.948115647
      vertex -0.0731569678 2.3676784 0.935097158
    endloop
  endfacet
  facet normal 0.616052846 0.209633076 -0.759297613
    outer loop
      vertex -0.0184526425 2.38528204 0.984341502
      vertex -0.0250745136 2.35430717 0.970417082
      vertex -0.0513230339 2.35066772 0.948115647
    endloop
  endfacet
  facet normal 0.616053204 0.209631456 -0.759297769
    outer loop
      vertex -0.0118307713 2.41625714 0.998265922
      vertex -0.0184526425 2.38528204 0.984341502
      vertex -0.0380792916 2.41261768 0.975964487
    endloop
  endfacet
  facet normal 0.616053661 0.209631939 -0.759297265
    outer loop
      vertex -0.0513230339 2.35066772 0.948115647
      vertex -0.0380792916 2.41261768 0.975964487
      vertex -0.0184526425 2.38528204 0.984341502
    endloop
  endfacet
  facet normal 0.616053536 0.209632003 -0.759297349
    outer loop
      vertex -0.068742387 2.38832831 0.944380105
      vertex -0.0380792916 2.41261768 0.975964487
      vertex -0.0513230339 2.35066772 0.948115647
    endloop
  endfacet
  facet normal 0.764101268 -0.39323496 0.511385881
    outer loop
      vertex -0.0684188753 2.35014272 0.914533377
      vertex -0.0731569678 2.3676784 0.935097158
      vertex -0.077571556 2.34702826 0.925814211
    endloop
  endfacet
  facet normal 0.764103911 -0.393239971 0.511378078
    outer loop
      vertex -0.0555681139 2.36887646 0.909737587
      vertex -0.0684188753 2.35014272 0.914533377
      vertex -0.0592661984 2.35325742 0.903252542
    endloop
  endfacet
  facet normal 0.764100643 -0.393235624 0.511386304
    outer loop
      vertex -0.0731569678 2.3676784 0.935097158
      vertex -0.0684188753 2.35014272 0.914533377
      vertex -0.0555681139 2.36887646 0.909737587
    endloop
  endfacet
  facet normal 0.76410037 -0.393236451 0.511386075
    outer loop
      vertex -0.0555681139 2.36887646 0.909737587
      vertex -0.0518700294 2.38449574 0.916222632
      vertex -0.0731569678 2.3676784 0.935097158
    endloop
  endfacet
  facet normal 0.764103866 -0.393237244 0.511380241
    outer loop
      vertex -0.0544008352 2.41235638 0.941427886
      vertex -0.0643278062 2.40897822 0.953663051
      vertex -0.068742387 2.38832831 0.944380105
    endloop
  endfacet
  facet normal 0.764101474 -0.393235182 0.511385401
    outer loop
      vertex -0.0481719412 2.40011501 0.922707677
      vertex -0.0544008352 2.41235638 0.941427886
      vertex -0.068742387 2.38832831 0.944380105
    endloop
  endfacet
  facet normal 0.764101371 -0.393236298 0.511384697
    outer loop
      vertex -0.068742387 2.38832831 0.944380105
      vertex -0.0518700294 2.38449574 0.916222632
      vertex -0.0481719412 2.40011501 0.922707677
    endloop
  endfacet
  facet normal 0.76410052 -0.393236407 0.511385885
    outer loop
      vertex -0.0544008352 2.41235638 0.941427886
      vertex -0.0481719412 2.40011501 0.922707677
      vertex -0.0444738567 2.41573429 0.929192722
    endloop
  endfacet
  facet normal 0.764100461 -0.393238403 0.511384438
    outer loop
      vertex -0.0731569678 2.3676784 0.935097158
      vertex -0.0518700294 2.38449574 0.916222632
      vertex -0.068742387 2.38832831 0.944380105
    endloop
  endfacet
  facet normal -0.764101821 0.393235315 -0.511384781
    outer loop
      vertex 0.00373828085 2.39283323 0.956990838
      vertex -0.0118307713 2.41625714 0.998265922
      vertex 0.0111344513 2.42407179 0.969960868
    endloop
  endfacet
  facet normal -0.764101466 0.393235812 -0.511384929
    outer loop
      vertex -0.0184526425 2.38528204 0.984341502
      vertex -0.0118307713 2.41625714 0.998265922
      vertex 0.00373828085 2.39283323 0.956990838
    endloop
  endfacet
  facet normal -0.764099542 0.393238716 -0.511385571
    outer loop
      vertex -0.00365788979 2.36159468 0.944020748
      vertex -0.0250745136 2.35430717 0.970417082
      vertex -0.0184526425 2.38528204 0.984341502
    endloop
  endfacet
  facet normal -0.764101386 0.393236186 -0.511384761
    outer loop
      vertex 0.00373828085 2.39283323 0.956990838
      vertex -0.00365788979 2.36159468 0.944020748
      vertex -0.0184526425 2.38528204 0.984341502
    endloop
  endfacet
  facet normal -0.214766537 0.972118155 0.0941362223
    outer loop
      vertex -0.0429372489 2.40969396 0.995074391
      vertex -0.115188204 2.39886117 0.942104995
      vertex -0.122645743 2.39617538 0.952826381
    endloop
  endfacet
  facet normal -0.214766351 0.972118232 0.0941358474
    outer loop
      vertex -0.0429372489 2.40969396 0.995074391
      vertex -0.122645743 2.39617538 0.952826381
      vertex -0.0503947884 2.40700817 1.00579584
    endloop
  endfacet
  facet normal -0.214776059 0.972114732 0.0941498354
    outer loop
      vertex -0.104001902 2.40288997 0.926022828
      vertex -0.107730672 2.40154696 0.93138355
      vertex -0.0716051906 2.40696335 0.957868278
    endloop
  endfacet
  facet normal -0.214766404 0.97211821 0.0941359543
    outer loop
      vertex -0.0716051906 2.40696335 0.957868278
      vertex -0.107730672 2.40154696 0.93138355
      vertex -0.115188204 2.39886117 0.942104995
    endloop
  endfacet
  facet normal -0.214766285 0.972118235 0.0941359686
    outer loop
      vertex -0.0429372489 2.40969396 0.995074391
      vertex -0.0354797132 2.41237974 0.984352946
      vertex -0.0716051906 2.40696335 0.957868278
    endloop
  endfacet
  facet normal -0.214766452 0.972118185 0.0941361013
    outer loop
      vertex -0.115188204 2.39886117 0.942104995
      vertex -0.0429372489 2.40969396 0.995074391
      vertex -0.0716051906 2.40696335 0.957868278
    endloop
  endfacet
  facet normal -0.214766385 0.97211822 0.0941358956
    outer loop
      vertex 0.116479732 2.4367311 1.07957041
      vertex 0.0442287773 2.42589831 1.02660096
      vertex 0.0367712416 2.42321253 1.0373224
    endloop
  endfacet
  facet normal -0.214774077 0.972115015 0.0941514343
    outer loop
      vertex 0.116479732 2.4367311 1.07957041
      vertex 0.0367712416 2.42321253 1.0373224
      vertex 0.1090222 2.43404508 1.09029186
    endloop
  endfacet
  facet normal -0.214774043 0.972115028 0.0941513861
    outer loop
      vertex 0.1090222 2.43404508 1.09029186
      vertex 0.0367712416 2.42321253 1.0373224
      vertex 0.0293137059 2.4205265 1.04804385
    endloop
  endfacet
  facet normal -0.214766351 0.972118232 0.0941358474
    outer loop
      vertex 0.1090222 2.43404508 1.09029186
      vertex 0.0293137059 2.4205265 1.04804385
      vertex 0.101564661 2.43135929 1.1010133
    endloop
  endfacet
  facet normal -0.214766377 0.972118221 0.0941359009
    outer loop
      vertex 0.123937272 2.43941689 1.06884897
      vertex 0.051686313 2.4285841 1.01587951
      vertex 0.0442287773 2.42589831 1.02660096
    endloop
  endfacet
  facet normal -0.214766351 0.972118232 0.0941358474
    outer loop
      vertex 0.123937272 2.43941689 1.06884897
      vertex 0.0442287773 2.42589831 1.02660096
      vertex 0.116479732 2.4367311 1.07957041
    endloop
  endfacet
  facet normal -0.21476545 0.972118339 0.0941367994
    outer loop
      vertex 0.253524125 2.45571065 1.19623077
      vertex 0.260981649 2.45839643 1.18550932
      vertex 0.116479732 2.4367311 1.07957041
    endloop
  endfacet
  facet normal -0.214776126 0.972114708 0.0941499319
    outer loop
      vertex 0.253524125 2.45571065 1.19623077
      vertex 0.116479732 2.4367311 1.07957041
      vertex 0.1090222 2.43404508 1.09029186
    endloop
  endfacet
  facet normal -0.214766351 0.972118232 0.0941358474
    outer loop
      vertex 0.1090222 2.43404508 1.09029186
      vertex 0.101564661 2.43135929 1.1010133
      vertex 0.24606657 2.45302486 1.20695221
    endloop
  endfacet
  facet normal -0.214766203 0.972118282 0.0941356648
    outer loop
      vertex 0.1090222 2.43404508 1.09029186
      vertex 0.24606657 2.45302486 1.20695221
      vertex 0.253524125 2.45571065 1.19623077
    endloop
  endfacet
  facet normal -0.214765203 0.972118432 0.0941363978
    outer loop
      vertex 0.542527914 2.49904156 1.40810859
      vertex 0.549985468 2.50172734 1.39738715
      vertex 0.405483574 2.48006201 1.29144824
    endloop
  endfacet
  facet normal -0.214765203 0.972118432 0.0941363978
    outer loop
      vertex 0.542527914 2.49904156 1.40810859
      vertex 0.405483574 2.48006201 1.29144824
      vertex 0.398026019 2.47737622 1.30216968
    endloop
  endfacet
  facet normal -0.214776193 0.972114684 0.0941500284
    outer loop
      vertex 0.398026019 2.47737622 1.30216968
      vertex 0.390568495 2.4746902 1.31289113
      vertex 0.535070419 2.49635577 1.41883004
    endloop
  endfacet
  facet normal -0.21476574 0.972118239 0.0941371698
    outer loop
      vertex 0.398026019 2.47737622 1.30216968
      vertex 0.535070419 2.49635577 1.41883004
      vertex 0.542527914 2.49904156 1.40810859
    endloop
  endfacet
  facet normal -0.214766203 0.972118282 0.0941356648
    outer loop
      vertex 0.607321382 2.50718856 1.47179949
      vertex 0.535070419 2.49635577 1.41883004
      vertex 0.527612865 2.49366999 1.42955148
    endloop
  endfacet
  facet normal -0.214766574 0.972118128 0.0941364146
    outer loop
      vertex 0.607321382 2.50718856 1.47179949
      vertex 0.527612865 2.49366999 1.42955148
      vertex 0.599863827 2.50450277 1.48252082
    endloop
  endfacet
  facet normal -0.214766203 0.972118282 0.0941356648
    outer loop
      vertex 0.622236431 2.51256013 1.4503566
      vertex 0.549985468 2.50172734 1.39738715
      vertex 0.542527914 2.49904156 1.40810859
    endloop
  endfacet
  facet normal -0.214766203 0.972118282 0.0941356648
    outer loop
      vertex 0.622236431 2.51256013 1.4503566
      vertex 0.542527914 2.49904156 1.40810859
      vertex 0.614778876 2.50987434 1.46107805
    endloop
  endfacet
  facet normal -0.21476674 0.972118089 0.0941364368
    outer loop
      vertex 0.614778876 2.50987434 1.46107805
      vertex 0.542527914 2.49904156 1.40810859
      vertex 0.535070419 2.49635577 1.41883004
    endloop
  endfacet
  facet normal -0.21476674 0.972118089 0.0941364368
    outer loop
      vertex 0.614778876 2.50987434 1.46107805
      vertex 0.535070419 2.49635577 1.41883004
      vertex 0.607321382 2.50718856 1.47179949
    endloop
  endfacet
  facet normal -0.214766203 0.972118282 0.0941356648
    outer loop
      vertex 0.629693985 2.51524591 1.43963516
      vertex 0.557443023 2.50441313 1.3866657
      vertex 0.549985468 2.50172734 1.39738715
    endloop
  endfacet
  facet normal -0.214766203 0.972118282 0.0941356648
    outer loop
      vertex 0.629693985 2.51524591 1.43963516
      vertex 0.549985468 2.50172734 1.39738715
      vertex 0.622236431 2.51256013 1.4503566
    endloop
  endfacet
  facet normal -0.214769853 0.97211676 0.0941430588
    outer loop
      vertex -0.122645743 2.39617538 0.952826381
      vertex -0.202354237 2.38265681 0.91057843
      vertex -0.102186814 2.39767504 0.984014273
    endloop
  endfacet
  facet normal -0.214766487 0.972118162 0.0941362588
    outer loop
      vertex -0.115188204 2.39886117 0.942104995
      vertex -0.202354237 2.38265681 0.91057843
      vertex -0.122645743 2.39617538 0.952826381
    endloop
  endfacet
  facet normal -0.214765093 0.972118406 0.0941369151
    outer loop
      vertex -0.107730672 2.40154696 0.93138355
      vertex -0.177646682 2.39106441 0.88012588
      vertex -0.115188204 2.39886117 0.942104995
    endloop
  endfacet
  facet normal -0.214767555 0.972117612 0.094139496
    outer loop
      vertex -0.202354237 2.38265681 0.91057843
      vertex -0.115188204 2.39886117 0.942104995
      vertex -0.177646682 2.39106441 0.88012588
    endloop
  endfacet
  facet normal -0.214774749 0.972114929 0.0941507962
    outer loop
      vertex -0.104001902 2.40288997 0.926022828
      vertex -0.177646682 2.39106441 0.88012588
      vertex -0.107730672 2.40154696 0.93138355
    endloop
  endfacet
  facet normal -0.214772687 0.97211595 0.0941449569
    outer loop
      vertex -0.0503947884 2.40700817 1.00579584
      vertex -0.122645743 2.39617538 0.952826381
      vertex -0.102186814 2.39767504 0.984014273
    endloop
  endfacet
  facet normal -0.214764295 0.97211854 0.094137355
    outer loop
      vertex -0.0503947884 2.40700817 1.00579584
      vertex 0.0293137059 2.4205265 1.04804385
      vertex -0.0429372489 2.40969396 0.995074391
    endloop
  endfacet
  facet normal -0.214762246 0.972119393 0.0941332177
    outer loop
      vertex 0.0293137059 2.4205265 1.04804385
      vertex -0.0503947884 2.40700817 1.00579584
      vertex -0.00201939512 2.4126935 1.05745018
    endloop
  endfacet
  facet normal -0.214771693 0.972116418 0.0941423922
    outer loop
      vertex -0.00201939512 2.4126935 1.05745018
      vertex -0.0503947884 2.40700817 1.00579584
      vertex -0.102186814 2.39767504 0.984014273
    endloop
  endfacet
  facet normal -0.214764774 0.972118597 0.0941356709
    outer loop
      vertex -0.00201939512 2.4126935 1.05745018
      vertex 0.0981480256 2.42771173 1.13088608
      vertex 0.101564661 2.43135929 1.1010133
    endloop
  endfacet
  facet normal -0.214762944 0.972119459 0.0941309491
    outer loop
      vertex -0.00201939512 2.4126935 1.05745018
      vertex 0.101564661 2.43135929 1.1010133
      vertex 0.0293137059 2.4205265 1.04804385
    endloop
  endfacet
  facet normal -0.214776107 0.972114718 0.0941498733
    outer loop
      vertex 0.0293137059 2.4205265 1.04804385
      vertex 0.0367712416 2.42321253 1.0373224
      vertex -0.0354797132 2.41237974 0.984352946
    endloop
  endfacet
  facet normal -0.214764328 0.972118528 0.0941374032
    outer loop
      vertex 0.0293137059 2.4205265 1.04804385
      vertex -0.0354797132 2.41237974 0.984352946
      vertex -0.0429372489 2.40969396 0.995074391
    endloop
  endfacet
  facet normal -0.214761415 0.972119988 0.0941289675
    outer loop
      vertex -0.0354797132 2.41237974 0.984352946
      vertex -0.0380792916 2.41261768 0.975964487
      vertex -0.0716051906 2.40696335 0.957868278
    endloop
  endfacet
  facet normal -0.214767413 0.972117849 0.0941373749
    outer loop
      vertex 0.0367712416 2.42321253 1.0373224
      vertex -0.0118307713 2.41625714 0.998265922
      vertex -0.0354797132 2.41237974 0.984352946
    endloop
  endfacet
  facet normal -0.214770224 0.972116022 0.0941498332
    outer loop
      vertex -0.0544008352 2.41235638 0.941427886
      vertex -0.104001902 2.40288997 0.926022828
      vertex -0.0643278062 2.40897822 0.953663051
    endloop
  endfacet
  facet normal -0.214756732 0.972120984 0.0941293741
    outer loop
      vertex -0.0643278062 2.40897822 0.953663051
      vertex -0.104001902 2.40288997 0.926022828
      vertex -0.0716051906 2.40696335 0.957868278
    endloop
  endfacet
  facet normal -0.214759324 0.972120852 0.0941248245
    outer loop
      vertex -0.0716051906 2.40696335 0.957868278
      vertex -0.0380792916 2.41261768 0.975964487
      vertex -0.0643278062 2.40897822 0.953663051
    endloop
  endfacet
  facet normal -0.214766061 0.97211838 0.0941349807
    outer loop
      vertex -0.152939126 2.39947176 0.84967339
      vertex -0.104001902 2.40288997 0.926022828
      vertex -0.0544008352 2.41235638 0.941427886
    endloop
  endfacet
  facet normal -0.214775105 0.972115401 0.0941451119
    outer loop
      vertex -0.0544008352 2.41235638 0.941427886
      vertex -0.116784036 2.40489268 0.876179814
      vertex -0.152939126 2.39947176 0.84967339
    endloop
  endfacet
  facet normal -0.214767329 0.972118222 0.0941337159
    outer loop
      vertex -0.0544008352 2.41235638 0.941427886
      vertex -0.0444738567 2.41573429 0.929192722
      vertex -0.0806289464 2.41031337 0.902686238
    endloop
  endfacet
  facet normal -0.214755073 0.972121751 0.0941252325
    outer loop
      vertex -0.0806289464 2.41031337 0.902686238
      vertex -0.116784036 2.40489268 0.876179814
      vertex -0.0544008352 2.41235638 0.941427886
    endloop
  endfacet
  facet normal -0.214765098 0.972118654 0.0941343509
    outer loop
      vertex -0.177646682 2.39106441 0.88012588
      vertex -0.104001902 2.40288997 0.926022828
      vertex -0.152939126 2.39947176 0.84967339
    endloop
  endfacet
  facet normal -0.214766884 0.972117884 0.094138228
    outer loop
      vertex 0.051686313 2.4285841 1.01587951
      vertex 0.0111344513 2.42407179 0.969960868
      vertex -0.0118307713 2.41625714 0.998265922
    endloop
  endfacet
  facet normal -0.214766318 0.97211823 0.0941359442
    outer loop
      vertex 0.0442287773 2.42589831 1.02660096
      vertex -0.0118307713 2.41625714 0.998265922
      vertex 0.0367712416 2.42321253 1.0373224
    endloop
  endfacet
  facet normal -0.214769079 0.972117204 0.0941402331
    outer loop
      vertex 0.0979594812 2.43708968 1.03361499
      vertex 0.0111344513 2.42407179 0.969960868
      vertex 0.051686313 2.4285841 1.01587951
    endloop
  endfacet
  facet normal -0.214762752 0.97211913 0.094134781
    outer loop
      vertex 0.0979594812 2.43708968 1.03361499
      vertex 0.123937272 2.43941689 1.06884897
      vertex 0.184784517 2.45010734 1.09726918
    endloop
  endfacet
  facet normal -0.214761521 0.972119677 0.0941319385
    outer loop
      vertex 0.123937272 2.43941689 1.06884897
      vertex 0.260981649 2.45839643 1.18550932
      vertex 0.184784517 2.45010734 1.09726918
    endloop
  endfacet
  facet normal -0.214768761 0.972117362 0.0941393283
    outer loop
      vertex 0.0979594812 2.43708968 1.03361499
      vertex 0.051686313 2.4285841 1.01587951
      vertex 0.123937272 2.43941689 1.06884897
    endloop
  endfacet
  facet normal -0.214765316 0.972118387 0.0941366064
    outer loop
      vertex 0.116479732 2.4367311 1.07957041
      vertex 0.260981649 2.45839643 1.18550932
      vertex 0.123937272 2.43941689 1.06884897
    endloop
  endfacet
  facet normal -0.214766318 0.97211823 0.0941359442
    outer loop
      vertex -0.0118307713 2.41625714 0.998265922
      vertex 0.0442287773 2.42589831 1.02660096
      vertex 0.051686313 2.4285841 1.01587951
    endloop
  endfacet
  facet normal -0.214763041 0.972119582 0.0941294598
    outer loop
      vertex -0.0380792916 2.41261768 0.975964487
      vertex -0.0354797132 2.41237974 0.984352946
      vertex -0.0118307713 2.41625714 0.998265922
    endloop
  endfacet
  facet normal -0.214769305 0.972116967 0.0941421708
    outer loop
      vertex 0.0981480256 2.42771173 1.13088608
      vertex 0.198315442 2.44272995 1.20432198
      vertex 0.24606657 2.45302486 1.20695221
    endloop
  endfacet
  facet normal -0.214766099 0.972118322 0.0941354858
    outer loop
      vertex 0.0981480256 2.42771173 1.13088608
      vertex 0.24606657 2.45302486 1.20695221
      vertex 0.101564661 2.43135929 1.1010133
    endloop
  endfacet
  facet normal -0.214769196 0.972117316 0.0941388157
    outer loop
      vertex 0.298482865 2.45774841 1.27775788
      vertex 0.24606657 2.45302486 1.20695221
      vertex 0.198315442 2.44272995 1.20432198
    endloop
  endfacet
  facet normal -0.214763746 0.972118637 0.0941376056
    outer loop
      vertex 0.390568495 2.4746902 1.31289113
      vertex 0.379639894 2.47441959 1.29075325
      vertex 0.355921984 2.46636033 1.31986821
    endloop
  endfacet
  facet normal -0.214766455 0.972118245 0.0941354799
    outer loop
      vertex 0.24606657 2.45302486 1.20695221
      vertex 0.325508058 2.46693158 1.24458301
      vertex 0.253524125 2.45571065 1.19623077
    endloop
  endfacet
  facet normal -0.214781264 0.972113924 0.0941463111
    outer loop
      vertex 0.379639894 2.47441959 1.29075325
      vertex 0.390568495 2.4746902 1.31289113
      vertex 0.398026019 2.47737622 1.30216968
    endloop
  endfacet
  facet normal -0.21481639 0.972100341 0.0942064
    outer loop
      vertex 0.398026019 2.47737622 1.30216968
      vertex 0.352573991 2.47067571 1.26766813
      vertex 0.379639894 2.47441959 1.29075325
    endloop
  endfacet
  facet normal -0.214764585 0.972118832 0.0941336747
    outer loop
      vertex 0.390568495 2.4746902 1.31289113
      vertex 0.355921984 2.46636033 1.31986821
      vertex 0.433105797 2.47793269 1.37645411
    endloop
  endfacet
  facet normal -0.214764585 0.972118832 0.0941336747
    outer loop
      vertex 0.527612865 2.49366999 1.42955148
      vertex 0.433105797 2.47793269 1.37645411
      vertex 0.510289609 2.48950505 1.43304002
    endloop
  endfacet
  facet normal -0.214763783 0.972118708 0.0941367882
    outer loop
      vertex 0.599863827 2.50450277 1.48252082
      vertex 0.587473452 2.50107741 1.48962593
      vertex 0.664657235 2.51264954 1.54621172
    endloop
  endfacet
  facet normal -0.214765078 0.972118644 0.0941344994
    outer loop
      vertex 0.510289609 2.48950505 1.43304002
      vertex 0.587473452 2.50107741 1.48962593
      vertex 0.599863827 2.50450277 1.48252082
    endloop
  endfacet
  facet normal -0.214764604 0.972118837 0.0941335831
    outer loop
      vertex 0.510289609 2.48950505 1.43304002
      vertex 0.599863827 2.50450277 1.48252082
      vertex 0.527612865 2.49366999 1.42955148
    endloop
  endfacet
  facet normal -0.214766203 0.972118282 0.0941356648
    outer loop
      vertex 0.527612865 2.49366999 1.42955148
      vertex 0.535070419 2.49635577 1.41883004
      vertex 0.390568495 2.4746902 1.31289113
    endloop
  endfacet
  facet normal -0.214764716 0.972118406 0.0941377762
    outer loop
      vertex 0.664657235 2.51264954 1.54621172
      vertex 0.607321382 2.50718856 1.47179949
      vertex 0.599863827 2.50450277 1.48252082
    endloop
  endfacet
  facet normal -0.214770052 0.972116818 0.0941420039
    outer loop
      vertex 0.607321382 2.50718856 1.47179949
      vertex 0.664657235 2.51264954 1.54621172
      vertex 0.685195982 2.52043223 1.51270294
    endloop
  endfacet
  facet normal -0.214764585 0.972118832 0.0941336747
    outer loop
      vertex 0.433105797 2.47793269 1.37645411
      vertex 0.527612865 2.49366999 1.42955148
      vertex 0.390568495 2.4746902 1.31289113
    endloop
  endfacet
  facet normal -0.214764984 0.972118721 0.0941339126
    outer loop
      vertex 0.405483574 2.48006201 1.29144824
      vertex 0.260981649 2.45839643 1.18550932
      vertex 0.325508058 2.46693158 1.24458301
    endloop
  endfacet
  facet normal -0.214766707 0.97211815 0.0941358777
    outer loop
      vertex 0.253524125 2.45571065 1.19623077
      vertex 0.325508058 2.46693158 1.24458301
      vertex 0.260981649 2.45839643 1.18550932
    endloop
  endfacet
  facet normal -0.214764076 0.972119082 0.0941322623
    outer loop
      vertex 0.325508058 2.46693158 1.24458301
      vertex 0.352573991 2.47067571 1.26766813
      vertex 0.405483574 2.48006201 1.29144824
    endloop
  endfacet
  facet normal -0.214765517 0.972118311 0.0941369311
    outer loop
      vertex 0.405483574 2.48006201 1.29144824
      vertex 0.557443023 2.50441313 1.3866657
      vertex 0.445259601 2.48916101 1.28823173
    endloop
  endfacet
  facet normal -0.214767282 0.97211788 0.0941373616
    outer loop
      vertex 0.325508058 2.46693158 1.24458301
      vertex 0.24606657 2.45302486 1.20695221
      vertex 0.298482865 2.45774841 1.27775788
    endloop
  endfacet
  facet normal -0.214766084 0.972118325 0.0941354941
    outer loop
      vertex 0.260981649 2.45839643 1.18550932
      vertex 0.405483574 2.48006201 1.29144824
      vertex 0.358434588 2.47614312 1.22457755
    endloop
  endfacet
  facet normal -0.214766387 0.972118178 0.0941363179
    outer loop
      vertex 0.260981649 2.45839643 1.18550932
      vertex 0.358434588 2.47614312 1.22457755
      vertex 0.271609545 2.46312523 1.16092336
    endloop
  endfacet
  facet normal -0.214772366 0.972116008 0.094145093
    outer loop
      vertex 0.445259601 2.48916101 1.28823173
      vertex 0.557443023 2.50441313 1.3866657
      vertex 0.532084644 2.50217891 1.3518858
    endloop
  endfacet
  facet normal -0.214765686 0.972118441 0.0941352078
    outer loop
      vertex 0.445259601 2.48916101 1.28823173
      vertex 0.358434588 2.47614312 1.22457755
      vertex 0.405483574 2.48006201 1.29144824
    endloop
  endfacet
  facet normal -0.214765657 0.972118364 0.0941360644
    outer loop
      vertex 0.405483574 2.48006201 1.29144824
      vertex 0.352573991 2.47067571 1.26766813
      vertex 0.398026019 2.47737622 1.30216968
    endloop
  endfacet
  facet normal -0.214766414 0.972118174 0.0941363054
    outer loop
      vertex 0.260981649 2.45839643 1.18550932
      vertex 0.271609545 2.46312523 1.16092336
      vertex 0.184784517 2.45010734 1.09726918
    endloop
  endfacet
  facet normal -0.214766631 0.972118218 0.0941353506
    outer loop
      vertex 0.629693985 2.51524591 1.43963516
      vertex 0.622236431 2.51256013 1.4503566
      vertex 0.685195982 2.52043223 1.51270294
    endloop
  endfacet
  facet normal -0.214766631 0.972118218 0.0941353506
    outer loop
      vertex 0.614778876 2.50987434 1.46107805
      vertex 0.685195982 2.52043223 1.51270294
      vertex 0.622236431 2.51256013 1.4503566
    endloop
  endfacet
  facet normal -0.214767168 0.972118025 0.0941361226
    outer loop
      vertex 0.685195982 2.52043223 1.51270294
      vertex 0.614778876 2.50987434 1.46107805
      vertex 0.607321382 2.50718856 1.47179949
    endloop
  endfacet
  facet normal -0.214772775 0.972115887 0.0941453994
    outer loop
      vertex 0.618909657 2.5151968 1.41553998
      vertex 0.532084644 2.50217891 1.3518858
      vertex 0.557443023 2.50441313 1.3866657
    endloop
  endfacet
  facet normal -0.214772443 0.972116035 0.0941446364
    outer loop
      vertex 0.618909657 2.5151968 1.41553998
      vertex 0.557443023 2.50441313 1.3866657
      vertex 0.629693985 2.51524591 1.43963516
    endloop
  endfacet
  facet normal -0.214771948 0.972116166 0.0941444145
    outer loop
      vertex 0.618909657 2.5151968 1.41553998
      vertex 0.629693985 2.51524591 1.43963516
      vertex 0.70573473 2.52821469 1.47919416
    endloop
  endfacet
  facet normal -0.214768107 0.97211778 0.0941365028
    outer loop
      vertex 0.685195982 2.52043223 1.51270294
      vertex 0.70573473 2.52821469 1.47919416
      vertex 0.629693985 2.51524591 1.43963516
    endloop
  endfacet
  facet normal -0.214765203 0.972118432 0.0941363978
    outer loop
      vertex 0.405483574 2.48006201 1.29144824
      vertex 0.549985468 2.50172734 1.39738715
      vertex 0.557443023 2.50441313 1.3866657
    endloop
  endfacet
  facet normal 0.214771723 -0.97211667 -0.0941397225
    outer loop
      vertex 0.103183769 2.3764379 1.0344913
      vertex 0.150046811 2.38346434 1.06884813
      vertex 0.14445366 2.38144994 1.07688916
    endloop
  endfacet
  facet normal 0.214754808 -0.972122063 -0.09412262
    outer loop
      vertex 0.103183769 2.3764379 1.0344913
      vertex 0.14445366 2.38144994 1.07688916
      vertex 0.0975906178 2.37442374 1.04253244
    endloop
  endfacet
  facet normal 0.214768399 -0.972117168 -0.0941421593
    outer loop
      vertex 0.0975906178 2.37442374 1.04253244
      vertex 0.14445366 2.38144994 1.07688916
      vertex 0.138860509 2.37943554 1.08493018
    endloop
  endfacet
  facet normal 0.214768399 -0.972117168 -0.0941421593
    outer loop
      vertex 0.0975906178 2.37442374 1.04253244
      vertex 0.138860509 2.37943554 1.08493018
      vertex 0.091997467 2.37240934 1.05057347
    endloop
  endfacet
  facet normal 0.214767772 -0.972117394 -0.0941412569
    outer loop
      vertex 0.091997467 2.37240934 1.05057347
      vertex 0.138860509 2.37943554 1.08493018
      vertex 0.133267358 2.37742114 1.09297132
    endloop
  endfacet
  facet normal 0.214768553 -0.972117145 -0.0941420468
    outer loop
      vertex 0.091997467 2.37240934 1.05057347
      vertex 0.133267358 2.37742114 1.09297132
      vertex 0.0864043161 2.37039495 1.05861449
    endloop
  endfacet
  facet normal 0.214769754 -0.972117034 -0.0941404512
    outer loop
      vertex -0.00172862888 2.35835671 0.981859922
      vertex 0.00386452326 2.36037111 0.973818839
      vertex 0.0975906178 2.37442374 1.04253244
    endloop
  endfacet
  facet normal 0.214770043 -0.972116922 -0.0941409541
    outer loop
      vertex -0.00172862888 2.35835671 0.981859922
      vertex 0.0975906178 2.37442374 1.04253244
      vertex 0.091997467 2.37240934 1.05057347
    endloop
  endfacet
  facet normal 0.214770003 -0.972116928 -0.0941409836
    outer loop
      vertex 0.091997467 2.37240934 1.05057347
      vertex 0.0864043161 2.37039495 1.05861449
      vertex -0.00732178101 2.35634232 0.989901006
    endloop
  endfacet
  facet normal 0.214769714 -0.97211704 -0.0941404808
    outer loop
      vertex 0.091997467 2.37240934 1.05057347
      vertex -0.00732178101 2.35634232 0.989901006
      vertex -0.00172862888 2.35835671 0.981859922
    endloop
  endfacet
  facet normal 0.214768462 -0.972117159 -0.0941421131
    outer loop
      vertex 0.0808111578 2.36838055 1.06665564
      vertex 0.075218007 2.36636615 1.07469666
      vertex -0.018508086 2.35231376 1.00598311
    endloop
  endfacet
  facet normal 0.214769286 -0.972117186 -0.0941399525
    outer loop
      vertex -0.00732178101 2.35634232 0.989901006
      vertex 0.0864043161 2.37039495 1.05861449
      vertex 0.0808111578 2.36838055 1.06665564
    endloop
  endfacet
  facet normal 0.214762618 -0.972119434 -0.094131944
    outer loop
      vertex -0.018508086 2.35231376 1.00598311
      vertex -0.00732178101 2.35634232 0.989901006
      vertex 0.0808111578 2.36838055 1.06665564
    endloop
  endfacet
  facet normal 0.214768553 -0.972117145 -0.0941420468
    outer loop
      vertex 0.0864043161 2.37039495 1.05861449
      vertex 0.133267358 2.37742114 1.09297132
      vertex 0.127674207 2.37540674 1.10101235
    endloop
  endfacet
  facet normal 0.21476766 -0.97211743 -0.0941411443
    outer loop
      vertex 0.0864043161 2.37039495 1.05861449
      vertex 0.127674207 2.37540674 1.10101235
      vertex 0.0808111578 2.36838055 1.06665564
    endloop
  endfacet
  facet normal 0.214754786 -0.972122066 -0.0941226361
    outer loop
      vertex 0.0808111578 2.36838055 1.06665564
      vertex 0.127674207 2.37540674 1.10101235
      vertex 0.122081056 2.37339258 1.10905349
    endloop
  endfacet
  facet normal 0.214771701 -0.972116673 -0.0941397385
    outer loop
      vertex 0.0808111578 2.36838055 1.06665564
      vertex 0.122081056 2.37339258 1.10905349
      vertex 0.075218007 2.36636615 1.07469666
    endloop
  endfacet
  facet normal 0.214771701 -0.972116673 -0.0941397385
    outer loop
      vertex 0.075218007 2.36636615 1.07469666
      vertex 0.122081056 2.37339258 1.10905349
      vertex 0.116487905 2.37137818 1.11709452
    endloop
  endfacet
  facet normal 0.21477092 -0.972116922 -0.0941389487
    outer loop
      vertex 0.075218007 2.36636615 1.07469666
      vertex 0.116487905 2.37137818 1.11709452
      vertex 0.0696248561 2.36435175 1.0827378
    endloop
  endfacet
  facet normal 0.214761803 -0.972119557 -0.0941325419
    outer loop
      vertex -0.054184828 2.34931612 0.955544233
      vertex -0.00732178101 2.35634232 0.989901006
      vertex -0.018508086 2.35231376 1.00598311
    endloop
  endfacet
  facet normal 0.214768106 -0.972117287 -0.0941415956
    outer loop
      vertex -0.112234183 2.33826113 0.937269628
      vertex -0.101047873 2.34228992 0.92118746
      vertex -0.054184828 2.34931612 0.955544233
    endloop
  endfacet
  facet normal 0.214766499 -0.97211819 -0.0941359452
    outer loop
      vertex -0.018508086 2.35231376 1.00598311
      vertex -0.112234183 2.33826113 0.937269628
      vertex -0.054184828 2.34931612 0.955544233
    endloop
  endfacet
  facet normal 0.214768862 -0.972117268 -0.094140076
    outer loop
      vertex 0.16291368 2.37951469 1.13898921
      vertex 0.149717227 2.37518454 1.15359759
      vertex 0.116487905 2.37137818 1.11709452
    endloop
  endfacet
  facet normal 0.214759057 -0.972120747 -0.0941265195
    outer loop
      vertex 0.149717227 2.37518454 1.15359759
      vertex 0.0274292957 2.35684967 1.06394446
      vertex 0.0696248561 2.36435175 1.0827378
    endloop
  endfacet
  facet normal 0.21477712 -0.972114689 -0.0941478628
    outer loop
      vertex 0.149717227 2.37518454 1.15359759
      vertex 0.0696248561 2.36435175 1.0827378
      vertex 0.116487905 2.37137818 1.11709452
    endloop
  endfacet
  facet normal 0.214755849 -0.972121907 -0.0941218572
    outer loop
      vertex 0.127674207 2.37540674 1.10101235
      vertex 0.16291368 2.37951469 1.13898921
      vertex 0.122081056 2.37339258 1.10905349
    endloop
  endfacet
  facet normal 0.21476944 -0.972117012 -0.0941413965
    outer loop
      vertex 0.116487905 2.37137818 1.11709452
      vertex 0.122081056 2.37339258 1.10905349
      vertex 0.16291368 2.37951469 1.13898921
    endloop
  endfacet
  facet normal 0.214767835 -0.972117385 -0.0941412107
    outer loop
      vertex -0.018508086 2.35231376 1.00598311
      vertex 0.075218007 2.36636615 1.07469666
      vertex 0.0696248561 2.36435175 1.0827378
    endloop
  endfacet
  facet normal 0.214763475 -0.972119512 -0.0941291927
    outer loop
      vertex 0.176110119 2.38384461 1.12438071
      vertex 0.16291368 2.37951469 1.13898921
      vertex 0.127674207 2.37540674 1.10101235
    endloop
  endfacet
  facet normal 0.214769068 -0.972117068 -0.0941416688
    outer loop
      vertex 0.133267358 2.37742114 1.09297132
      vertex 0.176110119 2.38384461 1.12438071
      vertex 0.127674207 2.37540674 1.10101235
    endloop
  endfacet
  facet normal 0.214767899 -0.972117465 -0.0941402359
    outer loop
      vertex 0.189306572 2.38817477 1.10977221
      vertex 0.176110119 2.38384461 1.12438071
      vertex 0.138860509 2.37943554 1.08493018
    endloop
  endfacet
  facet normal 0.214768441 -0.972117294 -0.0941407664
    outer loop
      vertex 0.138860509 2.37943554 1.08493018
      vertex 0.176110119 2.38384461 1.12438071
      vertex 0.133267358 2.37742114 1.09297132
    endloop
  endfacet
  facet normal 0.214767913 -0.97211737 -0.0941411822
    outer loop
      vertex 0.189306572 2.38817477 1.10977221
      vertex 0.150046811 2.38346434 1.06884813
      vertex 0.202503011 2.39250493 1.09516382
    endloop
  endfacet
  facet normal 0.214768685 -0.972117125 -0.0941419502
    outer loop
      vertex 0.138860509 2.37943554 1.08493018
      vertex 0.14445366 2.38144994 1.07688916
      vertex 0.189306572 2.38817477 1.10977221
    endloop
  endfacet
  facet normal 0.214768685 -0.972117125 -0.0941419502
    outer loop
      vertex 0.14445366 2.38144994 1.07688916
      vertex 0.150046811 2.38346434 1.06884813
      vertex 0.189306572 2.38817477 1.10977221
    endloop
  endfacet
  facet normal 0.214768409 -0.972117168 -0.0941421354
    outer loop
      vertex 0.0650624111 2.37189817 0.994401753
      vertex 0.133782715 2.38220143 1.04478276
      vertex 0.103183769 2.3764379 1.0344913
    endloop
  endfacet
  facet normal 0.214764501 -0.972119271 -0.09412934
    outer loop
      vertex 0.150046811 2.38346434 1.06884813
      vertex 0.103183769 2.3764379 1.0344913
      vertex 0.133782715 2.38220143 1.04478276
    endloop
  endfacet
  facet normal 0.214768428 -0.972117162 -0.0941421542
    outer loop
      vertex 0.103183769 2.3764379 1.0344913
      vertex 0.00386452326 2.36037111 0.973818839
      vertex 0.0650624111 2.37189817 0.994401753
    endloop
  endfacet
  facet normal 0.214756492 -0.97212181 -0.0941213853
    outer loop
      vertex 0.0975906178 2.37442374 1.04253244
      vertex 0.00386452326 2.36037111 0.973818839
      vertex 0.103183769 2.3764379 1.0344913
    endloop
  endfacet
  facet normal 0.21476137 -0.972120172 -0.0941271764
    outer loop
      vertex 0.202503011 2.39250493 1.09516382
      vertex 0.150046811 2.38346434 1.06884813
      vertex 0.133782715 2.38220143 1.04478276
    endloop
  endfacet
  facet normal 0.21476244 -0.972119204 -0.0941347307
    outer loop
      vertex 0.0274292957 2.35684967 1.06394446
      vertex -0.018508086 2.35231376 1.00598311
      vertex 0.0696248561 2.36435175 1.0827378
    endloop
  endfacet
  facet normal 0.214767486 -0.972118069 -0.0941349381
    outer loop
      vertex -0.054184828 2.34931612 0.955544233
      vertex -0.0513230339 2.35066772 0.948115647
      vertex -0.0250745136 2.35430717 0.970417082
    endloop
  endfacet
  facet normal 0.214776208 -0.972114369 -0.0941532517
    outer loop
      vertex -0.00732178101 2.35634232 0.989901006
      vertex -0.054184828 2.34931612 0.955544233
      vertex -0.0250745136 2.35430717 0.970417082
    endloop
  endfacet
  facet normal 0.214765753 -0.972117634 -0.0941433847
    outer loop
      vertex -0.00172862888 2.35835671 0.981859922
      vertex -0.00732178101 2.35634232 0.989901006
      vertex -0.0250745136 2.35430717 0.970417082
    endloop
  endfacet
  facet normal 0.214765231 -0.972118522 -0.09413541
    outer loop
      vertex -0.112234183 2.33826113 0.937269628
      vertex -0.0948586389 2.3385148 0.974291384
      vertex -0.217146575 2.32017994 0.88463825
    endloop
  endfacet
  facet normal 0.214770267 -0.972116963 -0.0941400115
    outer loop
      vertex -0.101047873 2.34228992 0.92118746
      vertex -0.112234183 2.33826113 0.937269628
      vertex -0.19243902 2.32858729 0.85418576
    endloop
  endfacet
  facet normal 0.214764839 -0.97211869 -0.0941345706
    outer loop
      vertex -0.217146575 2.32017994 0.88463825
      vertex -0.19243902 2.32858729 0.85418576
      vertex -0.112234183 2.33826113 0.937269628
    endloop
  endfacet
  facet normal 0.214764379 -0.97211863 -0.0941362369
    outer loop
      vertex -0.101047873 2.34228992 0.92118746
      vertex -0.0513230339 2.35066772 0.948115647
      vertex -0.054184828 2.34931612 0.955544233
    endloop
  endfacet
  facet normal 0.214766564 -0.972118166 -0.0941360379
    outer loop
      vertex -0.0948586389 2.3385148 0.974291384
      vertex -0.112234183 2.33826113 0.937269628
      vertex -0.018508086 2.35231376 1.00598311
    endloop
  endfacet
  facet normal 0.214767708 -0.972117624 -0.0941390295
    outer loop
      vertex -0.0948586389 2.3385148 0.974291384
      vertex -0.018508086 2.35231376 1.00598311
      vertex 0.0274292957 2.35684967 1.06394446
    endloop
  endfacet
  facet normal 0.214757272 -0.972121643 -0.0941213291
    outer loop
      vertex -0.19243902 2.32858729 0.85418576
      vertex -0.077571556 2.34702826 0.925814211
      vertex -0.101047873 2.34228992 0.92118746
    endloop
  endfacet
  facet normal 0.214765753 -0.972117634 -0.0941433847
    outer loop
      vertex -0.00172862888 2.35835671 0.981859922
      vertex -0.0250745136 2.35430717 0.970417082
      vertex 0.00386452326 2.36037111 0.973818839
    endloop
  endfacet
  facet normal 0.214764837 -0.97211879 -0.0941335323
    outer loop
      vertex 0.00386452326 2.36037111 0.973818839
      vertex -0.0250745136 2.35430717 0.970417082
      vertex -0.00365788979 2.36159468 0.944020748
    endloop
  endfacet
  facet normal 0.214765872 -0.972118538 -0.0941337831
    outer loop
      vertex 0.0650624111 2.37189817 0.994401753
      vertex 0.00386452326 2.36037111 0.973818839
      vertex -0.00365788979 2.36159468 0.944020748
    endloop
  endfacet
  facet normal 0.2147662 -0.972118199 -0.0941365322
    outer loop
      vertex -0.0684188753 2.35014272 0.914533377
      vertex -0.077571556 2.34702826 0.925814211
      vertex -0.19243902 2.32858729 0.85418576
    endloop
  endfacet
  facet normal 0.214764294 -0.972118436 -0.0941384276
    outer loop
      vertex -0.0684188753 2.35014272 0.914533377
      vertex -0.131576374 2.34241581 0.850239694
      vertex -0.0954212919 2.34783649 0.876746118
    endloop
  endfacet
  facet normal 0.214786061 -0.972111475 -0.0941606469
    outer loop
      vertex -0.0684188753 2.35014272 0.914533377
      vertex -0.167731464 2.33699489 0.823733211
      vertex -0.131576374 2.34241581 0.850239694
    endloop
  endfacet
  facet normal 0.214767545 -0.972117614 -0.0941395053
    outer loop
      vertex -0.0684188753 2.35014272 0.914533377
      vertex -0.19243902 2.32858729 0.85418576
      vertex -0.167731464 2.33699489 0.823733211
    endloop
  endfacet
  facet normal 0.214776812 -0.972114783 -0.0941475955
    outer loop
      vertex -0.0592661984 2.35325742 0.903252542
      vertex -0.0684188753 2.35014272 0.914533377
      vertex -0.0954212919 2.34783649 0.876746118
    endloop
  endfacet
  facet normal 0.214757496 -0.972121467 -0.0941226432
    outer loop
      vertex -0.077571556 2.34702826 0.925814211
      vertex -0.0513230339 2.35066772 0.948115647
      vertex -0.101047873 2.34228992 0.92118746
    endloop
  endfacet
  facet normal -0.559315282 -0.201438771 0.804107478
    outer loop
      vertex 0.638459444 2.47859216 1.51945758
      vertex 0.635237932 2.49317408 1.52086973
      vertex 0.580019057 2.48489499 1.48038697
    endloop
  endfacet
  facet normal -0.559315542 -0.201432392 0.804108896
    outer loop
      vertex 0.638459444 2.47859216 1.51945758
      vertex 0.580019057 2.48489499 1.48038697
      vertex 0.583240569 2.47031307 1.47897494
    endloop
  endfacet
  facet normal -0.559314854 -0.201435505 0.804108594
    outer loop
      vertex 0.641680956 2.46401048 1.51804554
      vertex 0.638459444 2.47859216 1.51945758
      vertex 0.583240569 2.47031307 1.47897494
    endloop
  endfacet
  facet normal -0.559314854 -0.201435505 0.804108594
    outer loop
      vertex 0.641680956 2.46401048 1.51804554
      vertex 0.583240569 2.47031307 1.47897494
      vertex 0.58646208 2.45573139 1.4775629
    endloop
  endfacet
  facet normal -0.559315633 -0.20143499 0.804108182
    outer loop
      vertex 0.377953291 2.43953395 1.32847238
      vertex 0.433105797 2.47793269 1.37645411
      vertex 0.355921984 2.46636033 1.31986821
    endloop
  endfacet
  facet normal -0.559315361 -0.201435721 0.804108187
    outer loop
      vertex 0.583240569 2.47031307 1.47897494
      vertex 0.510289609 2.48950505 1.43304002
      vertex 0.377953291 2.43953395 1.32847238
    endloop
  endfacet
  facet normal -0.559315633 -0.20143499 0.804108182
    outer loop
      vertex 0.433105797 2.47793269 1.37645411
      vertex 0.377953291 2.43953395 1.32847238
      vertex 0.510289609 2.48950505 1.43304002
    endloop
  endfacet
  facet normal -0.55931451 -0.201438863 0.804107993
    outer loop
      vertex 0.664657235 2.51264954 1.54621172
      vertex 0.587473452 2.50107741 1.48962593
      vertex 0.580019057 2.48489499 1.48038697
    endloop
  endfacet
  facet normal -0.559316667 -0.201432503 0.804108085
    outer loop
      vertex 0.664657235 2.51264954 1.54621172
      vertex 0.580019057 2.48489499 1.48038697
      vertex 0.635237932 2.49317408 1.52086973
    endloop
  endfacet
  facet normal -0.559315112 -0.201432328 0.80410921
    outer loop
      vertex 0.510289609 2.48950505 1.43304002
      vertex 0.583240569 2.47031307 1.47897494
      vertex 0.580019057 2.48489499 1.48038697
    endloop
  endfacet
  facet normal -0.559314659 -0.201438751 0.804107917
    outer loop
      vertex 0.580019057 2.48489499 1.48038697
      vertex 0.587473452 2.50107741 1.48962593
      vertex 0.510289609 2.48950505 1.43304002
    endloop
  endfacet
  facet normal -0.559315018 -0.201435507 0.80410848
    outer loop
      vertex 0.682389319 2.48517871 1.55166399
      vertex 0.664657235 2.51264954 1.54621172
      vertex 0.635237932 2.49317408 1.52086973
    endloop
  endfacet
  facet normal -0.559315024 -0.201437247 0.80410804
    outer loop
      vertex 0.583240569 2.47031307 1.47897494
      vertex 0.377953291 2.43953395 1.32847238
      vertex 0.475018799 2.42395759 1.39208639
    endloop
  endfacet
  facet normal -0.559315678 -0.201435628 0.80410799
    outer loop
      vertex 0.58646208 2.45573139 1.4775629
      vertex 0.583240569 2.47031307 1.47897494
      vertex 0.475018799 2.42395759 1.39208639
    endloop
  endfacet
  facet normal -0.55931536 -0.201436649 0.804107956
    outer loop
      vertex 0.58646208 2.45573139 1.4775629
      vertex 0.475018799 2.42395759 1.39208639
      vertex 0.550053 2.43520761 1.44709635
    endloop
  endfacet
  facet normal -0.55931536 -0.201436649 0.804107956
    outer loop
      vertex 0.625087202 2.44645762 1.50210631
      vertex 0.58646208 2.45573139 1.4775629
      vertex 0.550053 2.43520761 1.44709635
    endloop
  endfacet
  facet normal -0.559315031 -0.201438734 0.804107662
    outer loop
      vertex 0.635237932 2.49317408 1.52086973
      vertex 0.638459444 2.47859216 1.51945758
      vertex 0.682389319 2.48517871 1.55166399
    endloop
  endfacet
  facet normal -0.559315716 -0.201435634 0.804107962
    outer loop
      vertex 0.641680956 2.46401048 1.51804554
      vertex 0.682389319 2.48517871 1.55166399
      vertex 0.638459444 2.47859216 1.51945758
    endloop
  endfacet
  facet normal -0.559315084 -0.201434068 0.804108794
    outer loop
      vertex 0.700121403 2.45770764 1.55711615
      vertex 0.641680956 2.46401048 1.51804554
      vertex 0.625087202 2.44645762 1.50210631
    endloop
  endfacet
  facet normal -0.559314953 -0.201437286 0.804108079
    outer loop
      vertex 0.682389319 2.48517871 1.55166399
      vertex 0.641680956 2.46401048 1.51804554
      vertex 0.700121403 2.45770764 1.55711615
    endloop
  endfacet
  facet normal -0.559315206 -0.201433911 0.804108748
    outer loop
      vertex 0.641680956 2.46401048 1.51804554
      vertex 0.58646208 2.45573139 1.4775629
      vertex 0.625087202 2.44645762 1.50210631
    endloop
  endfacet
  facet normal -0.559315031 -0.201434308 0.804108771
    outer loop
      vertex 0.475018799 2.42395759 1.39208639
      vertex 0.377953291 2.43953395 1.32847238
      vertex 0.399984598 2.41270757 1.33707654
    endloop
  endfacet
  facet normal 0.559315391 0.201435439 -0.804108237
    outer loop
      vertex 0.114041887 2.40937138 1.03785789
      vertex 0.0519704893 2.40006471 0.992351353
      vertex 0.0487489812 2.41464663 0.993763447
    endloop
  endfacet
  facet normal 0.559315383 0.201435584 -0.804108207
    outer loop
      vertex 0.114041887 2.40937138 1.03785789
      vertex 0.0487489812 2.41464663 0.993763447
      vertex 0.110820375 2.42395306 1.03926992
    endloop
  endfacet
  facet normal 0.559314726 0.201438555 -0.804107919
    outer loop
      vertex 0.117263392 2.39478946 1.03644574
      vertex 0.0551919974 2.38548303 0.99093926
      vertex 0.0519704893 2.40006471 0.992351353
    endloop
  endfacet
  facet normal 0.559314735 0.20143841 -0.804107949
    outer loop
      vertex 0.117263392 2.39478946 1.03644574
      vertex 0.0519704893 2.40006471 0.992351353
      vertex 0.114041887 2.40937138 1.03785789
    endloop
  endfacet
  facet normal 0.559314297 0.201454675 -0.804104179
    outer loop
      vertex 0.197268769 2.39548635 1.0922699
      vertex 0.181750923 2.39315963 1.08089316
      vertex 0.180945545 2.39680505 1.08124626
    endloop
  endfacet
  facet normal 0.559315828 0.201429232 -0.804109488
    outer loop
      vertex 0.197268769 2.39548635 1.0922699
      vertex 0.180945545 2.39680505 1.08124626
      vertex 0.196463391 2.39913177 1.09262288
    endloop
  endfacet
  facet normal 0.559317203 0.201423008 -0.804110091
    outer loop
      vertex 0.196463391 2.39913177 1.09262288
      vertex 0.180945545 2.39680505 1.08124626
      vertex 0.17933479 2.40409613 1.08195221
    endloop
  endfacet
  facet normal 0.559313083 0.201441657 -0.804108285
    outer loop
      vertex 0.210370481 2.40874934 1.10470557
      vertex 0.211981237 2.4014585 1.1039995
      vertex 0.196463391 2.39913177 1.09262288
    endloop
  endfacet
  facet normal 0.559318115 0.201432778 -0.804107009
    outer loop
      vertex 0.17933479 2.40409613 1.08195221
      vertex 0.210370481 2.40874934 1.10470557
      vertex 0.196463391 2.39913177 1.09262288
    endloop
  endfacet
  facet normal 0.559314075 0.201441806 -0.804107558
    outer loop
      vertex 0.243016928 2.40611172 1.12675273
      vertex 0.211981237 2.4014585 1.1039995
      vertex 0.210370481 2.40874934 1.10470557
    endloop
  endfacet
  facet normal 0.559314141 0.2014407 -0.804107789
    outer loop
      vertex 0.243016928 2.40611172 1.12675273
      vertex 0.210370481 2.40874934 1.10470557
      vertex 0.241406187 2.41340256 1.12745881
    endloop
  endfacet
  facet normal 0.55931682 0.201429381 -0.804108761
    outer loop
      vertex 0.149909839 2.39215183 1.05849302
      vertex 0.118874148 2.38749862 1.03573978
      vertex 0.117263392 2.39478946 1.03644574
    endloop
  endfacet
  facet normal 0.55931682 0.201429381 -0.804108761
    outer loop
      vertex 0.149909839 2.39215183 1.05849302
      vertex 0.117263392 2.39478946 1.03644574
      vertex 0.148299083 2.39944267 1.05919898
    endloop
  endfacet
  facet normal 0.559316647 0.201429355 -0.804108887
    outer loop
      vertex 0.180945545 2.39680505 1.08124626
      vertex 0.149909839 2.39215183 1.05849302
      vertex 0.148299083 2.39944267 1.05919898
    endloop
  endfacet
  facet normal 0.559317031 0.201422982 -0.804110217
    outer loop
      vertex 0.180945545 2.39680505 1.08124626
      vertex 0.148299083 2.39944267 1.05919898
      vertex 0.17933479 2.40409613 1.08195221
    endloop
  endfacet
  facet normal 0.559314822 0.201438423 -0.804107886
    outer loop
      vertex 0.148299083 2.39944267 1.05919898
      vertex 0.117263392 2.39478946 1.03644574
      vertex 0.114041887 2.40937138 1.03785789
    endloop
  endfacet
  facet normal 0.559312911 0.201441631 -0.804108411
    outer loop
      vertex 0.176113278 2.41867781 1.08336437
      vertex 0.17933479 2.40409613 1.08195221
      vertex 0.148299083 2.39944267 1.05919898
    endloop
  endfacet
  facet normal 0.559314809 0.201438282 -0.80410793
    outer loop
      vertex 0.114041887 2.40937138 1.03785789
      vertex 0.176113278 2.41867781 1.08336437
      vertex 0.148299083 2.39944267 1.05919898
    endloop
  endfacet
  facet normal 0.559316055 0.201442103 -0.804106106
    outer loop
      vertex 0.210370481 2.40874934 1.10470557
      vertex 0.17933479 2.40409613 1.08195221
      vertex 0.176113278 2.41867781 1.08336437
    endloop
  endfacet
  facet normal 0.559315275 0.201435568 -0.804108286
    outer loop
      vertex 0.238184676 2.42798424 1.12887084
      vertex 0.241406187 2.41340256 1.12745881
      vertex 0.210370481 2.40874934 1.10470557
    endloop
  endfacet
  facet normal 0.559315421 0.201435311 -0.804108249
    outer loop
      vertex 0.176113278 2.41867781 1.08336437
      vertex 0.238184676 2.42798424 1.12887084
      vertex 0.210370481 2.40874934 1.10470557
    endloop
  endfacet
  facet normal 0.559314961 0.201440823 -0.804107188
    outer loop
      vertex 0.258534789 2.40843821 1.13812935
      vertex 0.243016928 2.40611172 1.12675273
      vertex 0.241406187 2.41340256 1.12745881
    endloop
  endfacet
  facet normal 0.559313427 0.201441709 -0.804108033
    outer loop
      vertex 0.272441864 2.41805577 1.15021205
      vertex 0.27405262 2.41076493 1.14950597
      vertex 0.258534789 2.40843821 1.13812935
    endloop
  endfacet
  facet normal 0.559314815 0.201439259 -0.804107681
    outer loop
      vertex 0.241406187 2.41340256 1.12745881
      vertex 0.272441864 2.41805577 1.15021205
      vertex 0.258534789 2.40843821 1.13812935
    endloop
  endfacet
  facet normal 0.55931373 0.201441754 -0.80410781
    outer loop
      vertex 0.305088341 2.41541815 1.17225921
      vertex 0.27405262 2.41076493 1.14950597
      vertex 0.272441864 2.41805577 1.15021205
    endloop
  endfacet
  facet normal 0.55931373 0.201441754 -0.80410781
    outer loop
      vertex 0.305088341 2.41541815 1.17225921
      vertex 0.272441864 2.41805577 1.15021205
      vertex 0.303477585 2.42270899 1.17296529
    endloop
  endfacet
  facet normal 0.559315619 0.201435619 -0.804108033
    outer loop
      vertex 0.272441864 2.41805577 1.15021205
      vertex 0.241406187 2.41340256 1.12745881
      vertex 0.238184676 2.42798424 1.12887084
    endloop
  endfacet
  facet normal 0.55931579 0.201432429 -0.804108713
    outer loop
      vertex 0.300256073 2.43729091 1.17437732
      vertex 0.303477585 2.42270899 1.17296529
      vertex 0.272441864 2.41805577 1.15021205
    endloop
  endfacet
  facet normal 0.559315388 0.20143314 -0.804108815
    outer loop
      vertex 0.238184676 2.42798424 1.12887084
      vertex 0.300256073 2.43729091 1.17437732
      vertex 0.272441864 2.41805577 1.15021205
    endloop
  endfacet
  facet normal 0.559316135 0.201432481 -0.804108461
    outer loop
      vertex 0.365548968 2.43201542 1.21847177
      vertex 0.303477585 2.42270899 1.17296529
      vertex 0.300256073 2.43729091 1.17437732
    endloop
  endfacet
  facet normal 0.559316135 0.201432481 -0.804108461
    outer loop
      vertex 0.365548968 2.43201542 1.21847177
      vertex 0.300256073 2.43729091 1.17437732
      vertex 0.362327456 2.44659734 1.2198838
    endloop
  endfacet
  facet normal 0.559315065 0.201441954 -0.804106832
    outer loop
      vertex 0.672684431 2.49312973 1.44741631
      vertex 0.610613048 2.4838233 1.40190971
      vertex 0.607391536 2.49840498 1.40332186
    endloop
  endfacet
  facet normal 0.559315639 0.201432407 -0.804108825
    outer loop
      vertex 0.672684431 2.49312973 1.44741631
      vertex 0.607391536 2.49840498 1.40332186
      vertex 0.669462919 2.50771165 1.44882834
    endloop
  endfacet
  facet normal 0.559315447 0.201435593 -0.80410816
    outer loop
      vertex 0.675905943 2.47854805 1.44600415
      vertex 0.61383456 2.46924162 1.40049767
      vertex 0.610613048 2.4838233 1.40190971
    endloop
  endfacet
  facet normal 0.559315065 0.201441954 -0.804106832
    outer loop
      vertex 0.675905943 2.47854805 1.44600415
      vertex 0.610613048 2.4838233 1.40190971
      vertex 0.672684431 2.49312973 1.44741631
    endloop
  endfacet
  facet normal 0.559316086 0.201431104 -0.80410884
    outer loop
      vertex 0.0111344513 2.42407179 0.969960868
      vertex 0.0979594812 2.43708968 1.03361499
      vertex 0.110820375 2.42395306 1.03926992
    endloop
  endfacet
  facet normal 0.559315765 0.201433852 -0.804108375
    outer loop
      vertex 0.0111344513 2.42407179 0.969960868
      vertex 0.110820375 2.42395306 1.03926992
      vertex 0.0487489812 2.41464663 0.993763447
    endloop
  endfacet
  facet normal 0.559315788 0.201434207 -0.80410827
    outer loop
      vertex 0.00373828085 2.39283323 0.956990838
      vertex 0.0111344513 2.42407179 0.969960868
      vertex 0.0487489812 2.41464663 0.993763447
    endloop
  endfacet
  facet normal 0.559314568 0.201438531 -0.804108035
    outer loop
      vertex 0.0551919974 2.38548303 0.99093926
      vertex 0.00373828085 2.39283323 0.956990838
      vertex 0.0519704893 2.40006471 0.992351353
    endloop
  endfacet
  facet normal 0.559315256 0.201435419 -0.804108337
    outer loop
      vertex 0.0487489812 2.41464663 0.993763447
      vertex 0.0519704893 2.40006471 0.992351353
      vertex 0.00373828085 2.39283323 0.956990838
    endloop
  endfacet
  facet normal 0.559314605 0.201436157 -0.804108605
    outer loop
      vertex -0.00365788979 2.36159468 0.944020748
      vertex 0.00373828085 2.39283323 0.956990838
      vertex 0.0551919974 2.38548303 0.99093926
    endloop
  endfacet
  facet normal 0.559315404 0.201435587 -0.804108191
    outer loop
      vertex 0.176113278 2.41867781 1.08336437
      vertex 0.114041887 2.40937138 1.03785789
      vertex 0.110820375 2.42395306 1.03926992
    endloop
  endfacet
  facet normal 0.559316623 0.201431875 -0.804108273
    outer loop
      vertex 0.0979594812 2.43708968 1.03361499
      vertex 0.184784517 2.45010734 1.09726918
      vertex 0.110820375 2.42395306 1.03926992
    endloop
  endfacet
  facet normal 0.559315425 0.201435243 -0.804108263
    outer loop
      vertex 0.184784517 2.45010734 1.09726918
      vertex 0.176113278 2.41867781 1.08336437
      vertex 0.110820375 2.42395306 1.03926992
    endloop
  endfacet
  facet normal 0.559316755 0.201429371 -0.804108808
    outer loop
      vertex 0.0551919974 2.38548303 0.99093926
      vertex 0.117263392 2.39478946 1.03644574
      vertex 0.118874148 2.38749862 1.03573978
    endloop
  endfacet
  facet normal 0.559315437 0.201435236 -0.804108256
    outer loop
      vertex 0.184784517 2.45010734 1.09726918
      vertex 0.238184676 2.42798424 1.12887084
      vertex 0.176113278 2.41867781 1.08336437
    endloop
  endfacet
  facet normal 0.559315487 0.201435503 -0.804108154
    outer loop
      vertex 0.238184676 2.42798424 1.12887084
      vertex 0.184784517 2.45010734 1.09726918
      vertex 0.271609545 2.46312523 1.16092336
    endloop
  endfacet
  facet normal 0.559316 0.20143478 -0.804107979
    outer loop
      vertex 0.0650624111 2.37189817 0.994401753
      vertex 0.0551919974 2.38548303 0.99093926
      vertex 0.118874148 2.38749862 1.03573978
    endloop
  endfacet
  facet normal 0.559311158 0.201454205 -0.804106481
    outer loop
      vertex 0.181750923 2.39315963 1.08089316
      vertex 0.149909839 2.39215183 1.05849302
      vertex 0.180945545 2.39680505 1.08124626
    endloop
  endfacet
  facet normal 0.559315376 0.201434177 -0.804108564
    outer loop
      vertex -0.00365788979 2.36159468 0.944020748
      vertex 0.0551919974 2.38548303 0.99093926
      vertex 0.0650624111 2.37189817 0.994401753
    endloop
  endfacet
  facet normal 0.55931956 0.201417449 -0.804109844
    outer loop
      vertex 0.202503011 2.39250493 1.09516382
      vertex 0.133782715 2.38220143 1.04478276
      vertex 0.181750923 2.39315963 1.08089316
    endloop
  endfacet
  facet normal 0.559314962 0.201438082 -0.804107874
    outer loop
      vertex 0.133782715 2.38220143 1.04478276
      vertex 0.0650624111 2.37189817 0.994401753
      vertex 0.118874148 2.38749862 1.03573978
    endloop
  endfacet
  facet normal 0.559312883 0.201441841 -0.804108378
    outer loop
      vertex 0.149909839 2.39215183 1.05849302
      vertex 0.181750923 2.39315963 1.08089316
      vertex 0.133782715 2.38220143 1.04478276
    endloop
  endfacet
  facet normal 0.559314937 0.201437905 -0.804107936
    outer loop
      vertex 0.133782715 2.38220143 1.04478276
      vertex 0.118874148 2.38749862 1.03573978
      vertex 0.149909839 2.39215183 1.05849302
    endloop
  endfacet
  facet normal 0.559321152 0.201409769 -0.80411066
    outer loop
      vertex 0.231166407 2.401824 1.11743581
      vertex 0.211981237 2.4014585 1.1039995
      vertex 0.243016928 2.40611172 1.12675273
    endloop
  endfacet
  facet normal 0.559316155 0.201423604 -0.804110671
    outer loop
      vertex 0.260903656 2.40628266 1.13923705
      vertex 0.231166407 2.401824 1.11743581
      vertex 0.243016928 2.40611172 1.12675273
    endloop
  endfacet
  facet normal 0.559317317 0.201441007 -0.804105503
    outer loop
      vertex 0.181750923 2.39315963 1.08089316
      vertex 0.197268769 2.39548635 1.0922699
      vertex 0.202503011 2.39250493 1.09516382
    endloop
  endfacet
  facet normal 0.559312494 0.201425517 -0.804112738
    outer loop
      vertex 0.201429173 2.39736557 1.09563446
      vertex 0.202503011 2.39250493 1.09516382
      vertex 0.197268769 2.39548635 1.0922699
    endloop
  endfacet
  facet normal 0.55931905 0.201425844 -0.804108096
    outer loop
      vertex 0.211981237 2.4014585 1.1039995
      vertex 0.231166407 2.401824 1.11743581
      vertex 0.201429173 2.39736557 1.09563446
    endloop
  endfacet
  facet normal 0.559311227 0.201428543 -0.804112861
    outer loop
      vertex 0.201429173 2.39736557 1.09563446
      vertex 0.197268769 2.39548635 1.0922699
      vertex 0.196463391 2.39913177 1.09262288
    endloop
  endfacet
  facet normal 0.559312807 0.201450572 -0.804106244
    outer loop
      vertex 0.258534789 2.40843821 1.13812935
      vertex 0.260903656 2.40628266 1.13923705
      vertex 0.243016928 2.40611172 1.12675273
    endloop
  endfacet
  facet normal 0.559313097 0.201441591 -0.804108292
    outer loop
      vertex 0.196463391 2.39913177 1.09262288
      vertex 0.211981237 2.4014585 1.1039995
      vertex 0.201429173 2.39736557 1.09563446
    endloop
  endfacet
  facet normal 0.559315053 0.201437181 -0.804108036
    outer loop
      vertex 0.271609545 2.46312523 1.16092336
      vertex 0.358434588 2.47614312 1.22457755
      vertex 0.362327456 2.44659734 1.2198838
    endloop
  endfacet
  facet normal 0.559315056 0.201437366 -0.804107988
    outer loop
      vertex 0.271609545 2.46312523 1.16092336
      vertex 0.362327456 2.44659734 1.2198838
      vertex 0.300256073 2.43729091 1.17437732
    endloop
  endfacet
  facet normal 0.55931518 0.201437183 -0.804107947
    outer loop
      vertex 0.362327456 2.44659734 1.2198838
      vertex 0.358434588 2.47614312 1.22457755
      vertex 0.445259601 2.48916101 1.28823173
    endloop
  endfacet
  facet normal 0.559314598 0.201438455 -0.804108033
    outer loop
      vertex 0.610613048 2.4838233 1.40190971
      vertex 0.362327456 2.44659734 1.2198838
      vertex 0.445259601 2.48916101 1.28823173
    endloop
  endfacet
  facet normal 0.559315016 0.20143404 -0.804108849
    outer loop
      vertex 0.610613048 2.4838233 1.40190971
      vertex 0.445259601 2.48916101 1.28823173
      vertex 0.532084644 2.50217891 1.3518858
    endloop
  endfacet
  facet normal 0.559315433 0.201433338 -0.804108734
    outer loop
      vertex 0.618909657 2.5151968 1.41553998
      vertex 0.669462919 2.50771165 1.44882834
      vertex 0.607391536 2.49840498 1.40332186
    endloop
  endfacet
  facet normal 0.5593162 0.201432565 -0.804108395
    outer loop
      vertex 0.532084644 2.50217891 1.3518858
      vertex 0.618909657 2.5151968 1.41553998
      vertex 0.607391536 2.49840498 1.40332186
    endloop
  endfacet
  facet normal 0.559315414 0.201434972 -0.804108338
    outer loop
      vertex 0.70573473 2.52821469 1.47919416
      vertex 0.669462919 2.50771165 1.44882834
      vertex 0.618909657 2.5151968 1.41553998
    endloop
  endfacet
  facet normal 0.559314163 0.201441819 -0.804107493
    outer loop
      vertex 0.675905943 2.47854805 1.44600415
      vertex 0.672684431 2.49312973 1.44741631
      vertex 0.723466754 2.50074363 1.48464644
    endloop
  endfacet
  facet normal 0.559316223 0.201432494 -0.804108396
    outer loop
      vertex 0.669462919 2.50771165 1.44882834
      vertex 0.723466754 2.50074363 1.48464644
      vertex 0.672684431 2.49312973 1.44741631
    endloop
  endfacet
  facet normal 0.559316201 0.201433365 -0.804108193
    outer loop
      vertex 0.723466754 2.50074363 1.48464644
      vertex 0.669462919 2.50771165 1.44882834
      vertex 0.70573473 2.52821469 1.47919416
    endloop
  endfacet
  facet normal 0.559315425 0.201442008 -0.804106568
    outer loop
      vertex 0.532084644 2.50217891 1.3518858
      vertex 0.607391536 2.49840498 1.40332186
      vertex 0.610613048 2.4838233 1.40190971
    endloop
  endfacet
  facet normal 0.559315415 0.201434757 -0.804108391
    outer loop
      vertex 0.501588166 2.43734741 1.3144325
      vertex 0.362327456 2.44659734 1.2198838
      vertex 0.610613048 2.4838233 1.40190971
    endloop
  endfacet
  facet normal 0.55931183 0.201448938 -0.804107333
    outer loop
      vertex 0.27405262 2.41076493 1.14950597
      vertex 0.260903656 2.40628266 1.13923705
      vertex 0.258534789 2.40843821 1.13812935
    endloop
  endfacet
  facet normal 0.559314075 0.201441806 -0.804107558
    outer loop
      vertex 0.365548968 2.43201542 1.21847177
      vertex 0.305088341 2.41541815 1.17225921
      vertex 0.303477585 2.42270899 1.17296529
    endloop
  endfacet
  facet normal 0.559320708 0.201423401 -0.804107554
    outer loop
      vertex 0.261977464 2.40142202 1.13876641
      vertex 0.260903656 2.40628266 1.13923705
      vertex 0.27405262 2.41076493 1.14950597
    endloop
  endfacet
  facet normal 0.559316425 0.201430357 -0.804108791
    outer loop
      vertex 0.341847718 2.41339707 1.19732177
      vertex 0.261977464 2.40142202 1.13876641
      vertex 0.27405262 2.41076493 1.14950597
    endloop
  endfacet
  facet normal 0.55931676 0.201428039 -0.804109138
    outer loop
      vertex 0.341847718 2.41339707 1.19732177
      vertex 0.27405262 2.41076493 1.14950597
      vertex 0.305088341 2.41541815 1.17225921
    endloop
  endfacet
  facet normal 0.559316237 0.201434697 -0.804107834
    outer loop
      vertex 0.365548968 2.43201542 1.21847177
      vertex 0.341847718 2.41339707 1.19732177
      vertex 0.305088341 2.41541815 1.17225921
    endloop
  endfacet
  facet normal 0.559314639 0.201437264 -0.804108303
    outer loop
      vertex 0.341847718 2.41339707 1.19732177
      vertex 0.365548968 2.43201542 1.21847177
      vertex 0.421717942 2.42537236 1.25587714
    endloop
  endfacet
  facet normal 0.559314569 0.201439385 -0.804107821
    outer loop
      vertex 0.501588166 2.43734741 1.3144325
      vertex 0.421717942 2.42537236 1.25587714
      vertex 0.365548968 2.43201542 1.21847177
    endloop
  endfacet
  facet normal 0.559315581 0.201432398 -0.804108867
    outer loop
      vertex 0.501588166 2.43734741 1.3144325
      vertex 0.365548968 2.43201542 1.21847177
      vertex 0.362327456 2.44659734 1.2198838
    endloop
  endfacet
  facet normal 0.559316205 0.201432165 -0.804108492
    outer loop
      vertex 0.675905943 2.47854805 1.44600415
      vertex 0.661328614 2.46129751 1.43154323
      vertex 0.61383456 2.46924162 1.40049767
    endloop
  endfacet
  facet normal 0.559316204 0.201431983 -0.804108537
    outer loop
      vertex 0.61383456 2.46924162 1.40049767
      vertex 0.58145839 2.44932246 1.37298787
      vertex 0.501588166 2.43734741 1.3144325
    endloop
  endfacet
  facet normal 0.559315611 0.201432865 -0.804108729
    outer loop
      vertex 0.675905943 2.47854805 1.44600415
      vertex 0.741198838 2.4732728 1.4900986
      vertex 0.661328614 2.46129751 1.43154323
    endloop
  endfacet
  facet normal 0.559316204 0.201431983 -0.804108537
    outer loop
      vertex 0.661328614 2.46129751 1.43154323
      vertex 0.58145839 2.44932246 1.37298787
      vertex 0.61383456 2.46924162 1.40049767
    endloop
  endfacet
  facet normal 0.559315221 0.201439347 -0.804107376
    outer loop
      vertex 0.741198838 2.4732728 1.4900986
      vertex 0.675905943 2.47854805 1.44600415
      vertex 0.723466754 2.50074363 1.48464644
    endloop
  endfacet
  facet normal 0.559315099 0.201435541 -0.804108415
    outer loop
      vertex 0.501588166 2.43734741 1.3144325
      vertex 0.610613048 2.4838233 1.40190971
      vertex 0.61383456 2.46924162 1.40049767
    endloop
  endfacet
  facet normal 0.559314618 0.201436625 -0.804108478
    outer loop
      vertex 0.271609545 2.46312523 1.16092336
      vertex 0.300256073 2.43729091 1.17437732
      vertex 0.238184676 2.42798424 1.12887084
    endloop
  endfacet
  facet normal 0.661355706 0.531863472 0.528894958
    outer loop
      vertex 0.723466754 2.50074363 1.48464644
      vertex 0.70573473 2.52821469 1.47919416
      vertex 0.685195982 2.52043223 1.51270294
    endloop
  endfacet
  facet normal 0.661354001 0.531866038 0.528894509
    outer loop
      vertex 0.723466754 2.50074363 1.48464644
      vertex 0.72066009 2.46549034 1.52360737
      vertex 0.741198838 2.4732728 1.4900986
    endloop
  endfacet
  facet normal 0.661355639 0.531864048 0.528894463
    outer loop
      vertex 0.682389319 2.48517871 1.55166399
      vertex 0.723466754 2.50074363 1.48464644
      vertex 0.685195982 2.52043223 1.51270294
    endloop
  endfacet
  facet normal 0.661354586 0.531865634 0.528894185
    outer loop
      vertex 0.723466754 2.50074363 1.48464644
      vertex 0.682389319 2.48517871 1.55166399
      vertex 0.72066009 2.46549034 1.52360737
    endloop
  endfacet
  facet normal 0.66135495 0.531862504 0.528896877
    outer loop
      vertex 0.682389319 2.48517871 1.55166399
      vertex 0.700121403 2.45770764 1.55711615
      vertex 0.72066009 2.46549034 1.52360737
    endloop
  endfacet
  facet normal 0.661351295 0.531867055 0.528896871
    outer loop
      vertex 0.664657235 2.51264954 1.54621172
      vertex 0.682389319 2.48517871 1.55166399
      vertex 0.685195982 2.52043223 1.51270294
    endloop
  endfacet
  facet normal 0.21476595 -0.972117697 -0.0941422845
    outer loop
      vertex 0.188232735 2.39303541 1.11024296
      vertex 0.201429173 2.39736557 1.09563446
      vertex 0.231166407 2.401824 1.11743581
    endloop
  endfacet
  facet normal 0.214754532 -0.972120672 -0.0941376153
    outer loop
      vertex 0.231166407 2.401824 1.11743581
      vertex 0.23451075 2.39762235 1.16845393
      vertex 0.221314311 2.39329243 1.18306243
    endloop
  endfacet
  facet normal 0.214769998 -0.97211752 -0.0941348837
    outer loop
      vertex 0.231166407 2.401824 1.11743581
      vertex 0.221314311 2.39329243 1.18306243
      vertex 0.178380623 2.3845036 1.17586958
    endloop
  endfacet
  facet normal 0.214770135 -0.972117175 -0.0941381302
    outer loop
      vertex 0.231166407 2.401824 1.11743581
      vertex 0.260903656 2.40628266 1.13923705
      vertex 0.247707203 2.40195251 1.15384555
    endloop
  endfacet
  facet normal 0.21477067 -0.972117033 -0.0941383735
    outer loop
      vertex 0.231166407 2.401824 1.11743581
      vertex 0.247707203 2.40195251 1.15384555
      vertex 0.23451075 2.39762235 1.16845393
    endloop
  endfacet
  facet normal 0.214766017 -0.972117637 -0.0941427556
    outer loop
      vertex 0.175036281 2.38870525 1.12485135
      vertex 0.188232735 2.39303541 1.11024296
      vertex 0.231166407 2.401824 1.11743581
    endloop
  endfacet
  facet normal 0.21477035 -0.972117126 -0.0941381403
    outer loop
      vertex 0.178380623 2.3845036 1.17586958
      vertex 0.161839843 2.3843751 1.13945985
      vertex 0.175036281 2.38870525 1.12485135
    endloop
  endfacet
  facet normal 0.214759158 -0.972120092 -0.0941330453
    outer loop
      vertex 0.178380623 2.3845036 1.17586958
      vertex 0.148643389 2.38004518 1.15406835
      vertex 0.161839843 2.3843751 1.13945985
    endloop
  endfacet
  facet normal 0.214770419 -0.972117138 -0.094137863
    outer loop
      vertex 0.208117858 2.38896227 1.19767094
      vertex 0.178380623 2.3845036 1.17586958
      vertex 0.221314311 2.39329243 1.18306243
    endloop
  endfacet
  facet normal 0.214766721 -0.972117945 -0.0941379698
    outer loop
      vertex 0.175036281 2.38870525 1.12485135
      vertex 0.231166407 2.401824 1.11743581
      vertex 0.178380623 2.3845036 1.17586958
    endloop
  endfacet
  facet normal -0.724748581 -0.0940200543 -0.682568475
    outer loop
      vertex 0.260903656 2.40628266 1.13923705
      vertex 0.261977464 2.40142202 1.13876641
      vertex 0.248781025 2.39709187 1.15337479
    endloop
  endfacet
  facet normal -0.724753904 -0.0940070863 -0.682564609
    outer loop
      vertex 0.260903656 2.40628266 1.13923705
      vertex 0.248781025 2.39709187 1.15337479
      vertex 0.247707203 2.40195251 1.15384555
    endloop
  endfacet
  facet normal -0.72474634 -0.0940284971 -0.682569692
    outer loop
      vertex 0.235584587 2.39276195 1.16798329
      vertex 0.23451075 2.39762235 1.16845393
      vertex 0.247707203 2.40195251 1.15384555
    endloop
  endfacet
  facet normal -0.724754983 -0.0940074402 -0.682563415
    outer loop
      vertex 0.235584587 2.39276195 1.16798329
      vertex 0.247707203 2.40195251 1.15384555
      vertex 0.248781025 2.39709187 1.15337479
    endloop
  endfacet
  facet normal -0.724748983 -0.0940293643 -0.682566767
    outer loop
      vertex 0.23451075 2.39762235 1.16845393
      vertex 0.235584587 2.39276195 1.16798329
      vertex 0.222388133 2.38843179 1.1825918
    endloop
  endfacet
  facet normal -0.724751488 -0.09402326 -0.682564947
    outer loop
      vertex 0.23451075 2.39762235 1.16845393
      vertex 0.222388133 2.38843179 1.1825918
      vertex 0.221314311 2.39329243 1.18306243
    endloop
  endfacet
  facet normal -0.724753441 -0.094009186 -0.682564813
    outer loop
      vertex 0.209191695 2.38410163 1.19720018
      vertex 0.208117858 2.38896227 1.19767094
      vertex 0.221314311 2.39329243 1.18306243
    endloop
  endfacet
  facet normal -0.724748117 -0.094022154 -0.682568678
    outer loop
      vertex 0.209191695 2.38410163 1.19720018
      vertex 0.221314311 2.39329243 1.18306243
      vertex 0.222388133 2.38843179 1.1825918
    endloop
  endfacet
  facet normal 0.724750798 0.0940083188 0.682567738
    outer loop
      vertex 0.148643389 2.38004518 1.15406835
      vertex 0.149717227 2.37518454 1.15359759
      vertex 0.16291368 2.37951469 1.13898921
    endloop
  endfacet
  facet normal 0.724749711 0.0940296032 0.682565961
    outer loop
      vertex 0.148643389 2.38004518 1.15406835
      vertex 0.16291368 2.37951469 1.13898921
      vertex 0.161839843 2.3843751 1.13945985
    endloop
  endfacet
  facet normal 0.724750062 0.0940297183 0.682565572
    outer loop
      vertex 0.161839843 2.3843751 1.13945985
      vertex 0.16291368 2.37951469 1.13898921
      vertex 0.176110119 2.38384461 1.12438071
    endloop
  endfacet
  facet normal 0.724750296 0.0940251208 0.682565956
    outer loop
      vertex 0.161839843 2.3843751 1.13945985
      vertex 0.176110119 2.38384461 1.12438071
      vertex 0.175036281 2.38870525 1.12485135
    endloop
  endfacet
  facet normal 0.724751149 0.0940084339 0.68256735
    outer loop
      vertex 0.188232735 2.39303541 1.11024296
      vertex 0.189306572 2.38817477 1.10977221
      vertex 0.202503011 2.39250493 1.09516382
    endloop
  endfacet
  facet normal 0.724750296 0.0940251208 0.682565956
    outer loop
      vertex 0.188232735 2.39303541 1.11024296
      vertex 0.202503011 2.39250493 1.09516382
      vertex 0.201429173 2.39736557 1.09563446
    endloop
  endfacet
  facet normal 0.724750798 0.0940083188 0.682567738
    outer loop
      vertex 0.189306572 2.38817477 1.10977221
      vertex 0.188232735 2.39303541 1.11024296
      vertex 0.175036281 2.38870525 1.12485135
    endloop
  endfacet
  facet normal 0.724749946 0.0940250057 0.682566345
    outer loop
      vertex 0.189306572 2.38817477 1.10977221
      vertex 0.175036281 2.38870525 1.12485135
      vertex 0.176110119 2.38384461 1.12438071
    endloop
  endfacet
  facet normal 0.214769669 -0.972117044 -0.094140547
    outer loop
      vertex 0.292930514 2.4013598 1.21002543
      vertex 0.304116815 2.40538859 1.19394326
      vertex 0.365483016 2.41458941 1.23893273
    endloop
  endfacet
  facet normal 0.214763619 -0.972119247 -0.0941315938
    outer loop
      vertex 0.426849246 2.42378998 1.2839222
      vertex 0.488215446 2.43299079 1.32891178
      vertex 0.477029145 2.42896223 1.34499383
    endloop
  endfacet
  facet normal 0.214769669 -0.972117044 -0.094140547
    outer loop
      vertex 0.343110412 2.40653181 1.27109706
      vertex 0.281744212 2.397331 1.2261076
      vertex 0.292930514 2.4013598 1.21002543
    endloop
  endfacet
  facet normal 0.214769966 -0.972116795 -0.0941424332
    outer loop
      vertex 0.625087202 2.44645762 1.50210631
      vertex 0.72066009 2.46549034 1.52360737
      vertex 0.700121403 2.45770764 1.55711615
    endloop
  endfacet
  facet normal 0.214769114 -0.972117122 -0.0941409998
    outer loop
      vertex 0.477029145 2.42896223 1.34499383
      vertex 0.550053 2.43520761 1.44709635
      vertex 0.475018799 2.42395759 1.39208639
    endloop
  endfacet
  facet normal 0.214769909 -0.972116836 -0.0941421428
    outer loop
      vertex 0.550053 2.43520761 1.44709635
      vertex 0.72066009 2.46549034 1.52360737
      vertex 0.625087202 2.44645762 1.50210631
    endloop
  endfacet
  facet normal 0.214771043 -0.972116709 -0.0941408735
    outer loop
      vertex 0.475018799 2.42395759 1.39208639
      vertex 0.421907395 2.42015696 1.31016517
      vertex 0.477029145 2.42896223 1.34499383
    endloop
  endfacet
  facet normal 0.214766563 -0.972118264 -0.0941350339
    outer loop
      vertex 0.394841492 2.41641283 1.28708005
      vertex 0.426849246 2.42378998 1.2839222
      vertex 0.421907395 2.42015696 1.31016517
    endloop
  endfacet
  facet normal 0.214767452 -0.972118086 -0.0941348419
    outer loop
      vertex 0.477029145 2.42896223 1.34499383
      vertex 0.421907395 2.42015696 1.31016517
      vertex 0.426849246 2.42378998 1.2839222
    endloop
  endfacet
  facet normal 0.214767039 -0.97211785 -0.0941382247
    outer loop
      vertex 0.399984598 2.41270757 1.33707654
      vertex 0.421907395 2.42015696 1.31016517
      vertex 0.475018799 2.42395759 1.39208639
    endloop
  endfacet
  facet normal 0.214769575 -0.972116988 -0.0941413377
    outer loop
      vertex 0.550053 2.43520761 1.44709635
      vertex 0.477029145 2.42896223 1.34499383
      vertex 0.72066009 2.46549034 1.52360737
    endloop
  endfacet
  facet normal 0.214768201 -0.972117766 -0.0941364421
    outer loop
      vertex 0.661328614 2.46129751 1.43154323
      vertex 0.741198838 2.4732728 1.4900986
      vertex 0.72066009 2.46549034 1.52360737
    endloop
  endfacet
  facet normal 0.214763025 -0.972119239 -0.0941330397
    outer loop
      vertex 0.72066009 2.46549034 1.52360737
      vertex 0.58145839 2.44932246 1.37298787
      vertex 0.661328614 2.46129751 1.43154323
    endloop
  endfacet
  facet normal 0.214765357 -0.972118507 -0.0941352729
    outer loop
      vertex 0.72066009 2.46549034 1.52360737
      vertex 0.477029145 2.42896223 1.34499383
      vertex 0.58145839 2.44932246 1.37298787
    endloop
  endfacet
  facet normal 0.214773616 -0.972115647 -0.0941459668
    outer loop
      vertex 0.488215446 2.43299079 1.32891178
      vertex 0.426849246 2.42378998 1.2839222
      vertex 0.421717942 2.42537236 1.25587714
    endloop
  endfacet
  facet normal 0.214768968 -0.972117098 -0.0941415832
    outer loop
      vertex 0.488215446 2.43299079 1.32891178
      vertex 0.421717942 2.42537236 1.25587714
      vertex 0.501588166 2.43734741 1.3144325
    endloop
  endfacet
  facet normal 0.21476435 -0.972119138 -0.0941310578
    outer loop
      vertex 0.488215446 2.43299079 1.32891178
      vertex 0.58145839 2.44932246 1.37298787
      vertex 0.477029145 2.42896223 1.34499383
    endloop
  endfacet
  facet normal 0.214769156 -0.972116705 -0.0941452106
    outer loop
      vertex 0.365483016 2.41458941 1.23893273
      vertex 0.421717942 2.42537236 1.25587714
      vertex 0.426849246 2.42378998 1.2839222
    endloop
  endfacet
  facet normal 0.214768968 -0.972117098 -0.0941415832
    outer loop
      vertex 0.58145839 2.44932246 1.37298787
      vertex 0.488215446 2.43299079 1.32891178
      vertex 0.501588166 2.43734741 1.3144325
    endloop
  endfacet
  facet normal 0.214765506 -0.972117608 -0.0941442179
    outer loop
      vertex 0.367775559 2.41266894 1.26399493
      vertex 0.426849246 2.42378998 1.2839222
      vertex 0.394841492 2.41641283 1.28708005
    endloop
  endfacet
  facet normal 0.214774604 -0.972114897 -0.0941514548
    outer loop
      vertex 0.290706873 2.39632344 1.25696158
      vertex 0.357792854 2.40645933 1.30534232
      vertex 0.372222036 2.40854502 1.31672287
    endloop
  endfacet
  facet normal 0.214774574 -0.972116469 -0.0941352922
    outer loop
      vertex 0.343363643 2.40437365 1.29396176
      vertex 0.343110412 2.40653181 1.27109706
      vertex 0.367775559 2.41266894 1.26399493
    endloop
  endfacet
  facet normal 0.214764035 -0.972118787 -0.0941353943
    outer loop
      vertex 0.290706873 2.39632344 1.25696158
      vertex 0.343110412 2.40653181 1.27109706
      vertex 0.343363643 2.40437365 1.29396176
    endloop
  endfacet
  facet normal 0.214778989 -0.972113307 -0.0941578686
    outer loop
      vertex 0.343363643 2.40437365 1.29396176
      vertex 0.357792854 2.40645933 1.30534232
      vertex 0.290706873 2.39632344 1.25696158
    endloop
  endfacet
  facet normal 0.214763195 -0.972119403 -0.0941309584
    outer loop
      vertex 0.281744212 2.397331 1.2261076
      vertex 0.290706873 2.39632344 1.25696158
      vertex 0.209191695 2.38410163 1.19720018
    endloop
  endfacet
  facet normal 0.214767187 -0.972117464 -0.0941418659
    outer loop
      vertex 0.209191695 2.38410163 1.19720018
      vertex 0.222388133 2.38843179 1.1825918
      vertex 0.281744212 2.397331 1.2261076
    endloop
  endfacet
  facet normal 0.214762952 -0.972119463 -0.0941308898
    outer loop
      vertex 0.343110412 2.40653181 1.27109706
      vertex 0.290706873 2.39632344 1.25696158
      vertex 0.281744212 2.397331 1.2261076
    endloop
  endfacet
  facet normal 0.214766784 -0.97211761 -0.0941412861
    outer loop
      vertex 0.222388133 2.38843179 1.1825918
      vertex 0.235584587 2.39276195 1.16798329
      vertex 0.281744212 2.397331 1.2261076
    endloop
  endfacet
  facet normal 0.21476837 -0.972117674 -0.0941369975
    outer loop
      vertex 0.365483016 2.41458941 1.23893273
      vertex 0.367775559 2.41266894 1.26399493
      vertex 0.292930514 2.4013598 1.21002543
    endloop
  endfacet
  facet normal 0.214772348 -0.972116232 -0.0941428173
    outer loop
      vertex 0.343110412 2.40653181 1.27109706
      vertex 0.292930514 2.4013598 1.21002543
      vertex 0.367775559 2.41266894 1.26399493
    endloop
  endfacet
  facet normal 0.214765868 -0.972118606 -0.094133089
    outer loop
      vertex 0.421717942 2.42537236 1.25587714
      vertex 0.365483016 2.41458941 1.23893273
      vertex 0.341847718 2.41339707 1.19732177
    endloop
  endfacet
  facet normal 0.214763555 -0.972119246 -0.0941317567
    outer loop
      vertex 0.365483016 2.41458941 1.23893273
      vertex 0.304116815 2.40538859 1.19394326
      vertex 0.341847718 2.41339707 1.19732177
    endloop
  endfacet
  facet normal 0.214763176 -0.972118859 -0.0941366132
    outer loop
      vertex 0.426849246 2.42378998 1.2839222
      vertex 0.367775559 2.41266894 1.26399493
      vertex 0.365483016 2.41458941 1.23893273
    endloop
  endfacet
  facet normal 0.214770591 -0.972116905 -0.0941398712
    outer loop
      vertex 0.248781025 2.39709187 1.15337479
      vertex 0.304116815 2.40538859 1.19394326
      vertex 0.292930514 2.4013598 1.21002543
    endloop
  endfacet
  facet normal 0.214760623 -0.972119882 -0.0941318786
    outer loop
      vertex 0.248781025 2.39709187 1.15337479
      vertex 0.292930514 2.4013598 1.21002543
      vertex 0.235584587 2.39276195 1.16798329
    endloop
  endfacet
  facet normal 0.214770082 -0.972117089 -0.0941391396
    outer loop
      vertex 0.304116815 2.40538859 1.19394326
      vertex 0.248781025 2.39709187 1.15337479
      vertex 0.261977464 2.40142202 1.13876641
    endloop
  endfacet
  facet normal 0.214763712 -0.97211898 -0.0941341384
    outer loop
      vertex 0.304116815 2.40538859 1.19394326
      vertex 0.261977464 2.40142202 1.13876641
      vertex 0.341847718 2.41339707 1.19732177
    endloop
  endfacet
  facet normal 0.214767671 -0.972117343 -0.0941420117
    outer loop
      vertex 0.235584587 2.39276195 1.16798329
      vertex 0.292930514 2.4013598 1.21002543
      vertex 0.281744212 2.397331 1.2261076
    endloop
  endfacet
  facet normal -0.617526955 -0.209834848 0.7580434
    outer loop
      vertex 0.394841492 2.41641283 1.28708005
      vertex 0.352573991 2.47067571 1.26766813
      vertex 0.346641809 2.43980026 1.25428891
    endloop
  endfacet
  facet normal -0.617525241 -0.209835683 0.758044565
    outer loop
      vertex 0.352573991 2.47067571 1.26766813
      vertex 0.325508058 2.46693158 1.24458301
      vertex 0.346641809 2.43980026 1.25428891
    endloop
  endfacet
  facet normal -0.617527069 -0.209834159 0.758043498
    outer loop
      vertex 0.400773644 2.44728827 1.30045927
      vertex 0.379639894 2.47441959 1.29075325
      vertex 0.352573991 2.47067571 1.26766813
    endloop
  endfacet
  facet normal -0.617525559 -0.20983606 0.758044202
    outer loop
      vertex 0.394841492 2.41641283 1.28708005
      vertex 0.421907395 2.42015696 1.31016517
      vertex 0.400773644 2.44728827 1.30045927
    endloop
  endfacet
  facet normal -0.617526752 -0.209833781 0.758043861
    outer loop
      vertex 0.394841492 2.41641283 1.28708005
      vertex 0.346641809 2.43980026 1.25428891
      vertex 0.367775559 2.41266894 1.26399493
    endloop
  endfacet
  facet normal -0.617527273 -0.209835226 0.758043036
    outer loop
      vertex 0.400773644 2.44728827 1.30045927
      vertex 0.352573991 2.47067571 1.26766813
      vertex 0.394841492 2.41641283 1.28708005
    endloop
  endfacet
  facet normal 0.573578616 0.263674375 -0.775553606
    outer loop
      vertex 0.343363643 2.40437365 1.29396176
      vertex 0.358244658 2.41541839 1.30872238
      vertex 0.357792854 2.40645933 1.30534232
    endloop
  endfacet
  facet normal 0.573579426 0.263674139 -0.775553087
    outer loop
      vertex 0.358244658 2.41541839 1.30872238
      vertex 0.372222036 2.40854502 1.31672287
      vertex 0.357792854 2.40645933 1.30534232
    endloop
  endfacet
  facet normal 0.573576611 0.263687034 -0.775550785
    outer loop
      vertex 0.329838037 2.42020583 1.28934133
      vertex 0.344267249 2.42229176 1.300722
      vertex 0.358244658 2.41541839 1.30872238
    endloop
  endfacet
  facet normal 0.573580415 0.263682996 -0.775549344
    outer loop
      vertex 0.329838037 2.42020583 1.28934133
      vertex 0.316312432 2.43603826 1.28472102
      vertex 0.330289841 2.42916489 1.29272151
    endloop
  endfacet
  facet normal 0.573577038 0.263676909 -0.775553911
    outer loop
      vertex 0.329838037 2.42020583 1.28934133
      vertex 0.358244658 2.41541839 1.30872238
      vertex 0.343363643 2.40437365 1.29396176
    endloop
  endfacet
  facet normal 0.573577437 0.263683866 -0.775551251
    outer loop
      vertex 0.330289841 2.42916489 1.29272151
      vertex 0.344267249 2.42229176 1.300722
      vertex 0.329838037 2.42020583 1.28934133
    endloop
  endfacet
  facet normal 0.518551257 0.616042271 0.592955743
    outer loop
      vertex 0.316312432 2.43603826 1.28472102
      vertex 0.346641809 2.43980026 1.25428891
      vertex 0.298482865 2.45774841 1.27775788
    endloop
  endfacet
  facet normal 0.518551103 0.616043922 0.592954163
    outer loop
      vertex 0.325508058 2.46693158 1.24458301
      vertex 0.298482865 2.45774841 1.27775788
      vertex 0.346641809 2.43980026 1.25428891
    endloop
  endfacet
  facet normal 0.518545097 0.616046036 0.592957219
    outer loop
      vertex 0.346641809 2.43980026 1.25428891
      vertex 0.329838037 2.42020583 1.28934133
      vertex 0.343363643 2.40437365 1.29396176
    endloop
  endfacet
  facet normal 0.518547797 0.616044699 0.592956247
    outer loop
      vertex 0.346641809 2.43980026 1.25428891
      vertex 0.343363643 2.40437365 1.29396176
      vertex 0.367775559 2.41266894 1.26399493
    endloop
  endfacet
  facet normal 0.518553165 0.616039201 0.592957265
    outer loop
      vertex 0.316312432 2.43603826 1.28472102
      vertex 0.329838037 2.42020583 1.28934133
      vertex 0.346641809 2.43980026 1.25428891
    endloop
  endfacet
  facet normal -0.518550527 -0.616043885 -0.592954705
    outer loop
      vertex 0.377953291 2.43953395 1.32847238
      vertex 0.421907395 2.42015696 1.31016517
      vertex 0.399984598 2.41270757 1.33707654
    endloop
  endfacet
  facet normal -0.518550526 -0.616043727 -0.592954871
    outer loop
      vertex 0.400773644 2.44728827 1.30045927
      vertex 0.421907395 2.42015696 1.31016517
      vertex 0.377953291 2.43953395 1.32847238
    endloop
  endfacet
  facet normal -0.518550402 -0.616045584 -0.59295305
    outer loop
      vertex 0.355921984 2.46636033 1.31986821
      vertex 0.379639894 2.47441959 1.29075325
      vertex 0.400773644 2.44728827 1.30045927
    endloop
  endfacet
  facet normal -0.518550432 -0.616043847 -0.592954828
    outer loop
      vertex 0.377953291 2.43953395 1.32847238
      vertex 0.355921984 2.46636033 1.31986821
      vertex 0.400773644 2.44728827 1.30045927
    endloop
  endfacet
  facet normal -0.559315352 -0.201429161 0.804109837
    outer loop
      vertex 0.174155086 2.38638091 1.17340076
      vertex 0.17254433 2.39367175 1.17410672
      vertex 0.147987306 2.38998985 1.15610325
    endloop
  endfacet
  facet normal -0.559315109 -0.201441961 0.8041068
    outer loop
      vertex 0.174155086 2.38638091 1.17340076
      vertex 0.147987306 2.38998985 1.15610325
      vertex 0.149598062 2.38269901 1.15539718
    endloop
  endfacet
  facet normal -0.559313861 -0.201441774 0.804107715
    outer loop
      vertex 0.13731955 2.38085818 1.14639544
      vertex 0.149598062 2.38269901 1.15539718
      vertex 0.147987306 2.38998985 1.15610325
    endloop
  endfacet
  facet normal -0.559314098 -0.201428973 0.804110756
    outer loop
      vertex 0.123430282 2.38630795 1.13809967
      vertex 0.125041038 2.37901711 1.13739371
      vertex 0.13731955 2.38085818 1.14639544
    endloop
  endfacet
  facet normal -0.559315794 -0.201438861 0.8041071
    outer loop
      vertex 0.147987306 2.38998985 1.15610325
      vertex 0.123430282 2.38630795 1.13809967
      vertex 0.13731955 2.38085818 1.14639544
    endloop
  endfacet
  facet normal -0.559316848 -0.201416524 0.804111962
    outer loop
      vertex 0.138124928 2.37721252 1.14604247
      vertex 0.13731955 2.38085818 1.14639544
      vertex 0.125041038 2.37901711 1.13739371
    endloop
  endfacet
  facet normal -0.55931612 -0.201454949 0.804102843
    outer loop
      vertex 0.138124928 2.37721252 1.14604247
      vertex 0.125041038 2.37901711 1.13739371
      vertex 0.125846416 2.37537169 1.13704062
    endloop
  endfacet
  facet normal -0.559313295 -0.201438473 0.804108935
    outer loop
      vertex 0.147987306 2.38998985 1.15610325
      vertex 0.17254433 2.39367175 1.17410672
      vertex 0.169322819 2.40825367 1.17551887
    endloop
  endfacet
  facet normal -0.559315797 -0.201438848 0.804107101
    outer loop
      vertex 0.12020877 2.40088987 1.13951182
      vertex 0.123430282 2.38630795 1.13809967
      vertex 0.147987306 2.38998985 1.15610325
    endloop
  endfacet
  facet normal -0.559315232 -0.201435555 0.804108319
    outer loop
      vertex 0.169322819 2.40825367 1.17551887
      vertex 0.12020877 2.40088987 1.13951182
      vertex 0.147987306 2.38998985 1.15610325
    endloop
  endfacet
  facet normal -0.559313295 -0.201438473 0.804108935
    outer loop
      vertex 0.0988732576 2.38262606 1.12009621
      vertex 0.123430282 2.38630795 1.13809967
      vertex 0.12020877 2.40088987 1.13951182
    endloop
  endfacet
  facet normal -0.55931712 -0.20143235 0.804107808
    outer loop
      vertex 0.0710947216 2.39352608 1.10350466
      vertex 0.0743162259 2.37894416 1.10209262
      vertex 0.0988732576 2.38262606 1.12009621
    endloop
  endfacet
  facet normal -0.559317169 -0.201432636 0.804107703
    outer loop
      vertex 0.12020877 2.40088987 1.13951182
      vertex 0.0710947216 2.39352608 1.10350466
      vertex 0.0988732576 2.38262606 1.12009621
    endloop
  endfacet
  facet normal -0.559315352 -0.201429161 0.804109837
    outer loop
      vertex 0.125041038 2.37901711 1.13739371
      vertex 0.123430282 2.38630795 1.13809967
      vertex 0.0988732576 2.38262606 1.12009621
    endloop
  endfacet
  facet normal -0.55931512 -0.201441404 0.804106932
    outer loop
      vertex 0.125041038 2.37901711 1.13739371
      vertex 0.0988732576 2.38262606 1.12009621
      vertex 0.100484006 2.37533522 1.11939013
    endloop
  endfacet
  facet normal -0.55931512 -0.201441404 0.804106932
    outer loop
      vertex 0.100484006 2.37533522 1.11939013
      vertex 0.0988732576 2.38262606 1.12009621
      vertex 0.0743162259 2.37894416 1.10209262
    endloop
  endfacet
  facet normal -0.559315352 -0.201429161 0.804109837
    outer loop
      vertex 0.100484006 2.37533522 1.11939013
      vertex 0.0743162259 2.37894416 1.10209262
      vertex 0.0759269819 2.37165332 1.10138667
    endloop
  endfacet
  facet normal -0.559315951 -0.201432174 0.804108666
    outer loop
      vertex 0.0743162259 2.37894416 1.10209262
      vertex 0.0710947216 2.39352608 1.10350466
      vertex 0.0219806693 2.38616228 1.06749761
    endloop
  endfacet
  facet normal -0.559315949 -0.201432244 0.804108649
    outer loop
      vertex 0.0743162259 2.37894416 1.10209262
      vertex 0.0219806693 2.38616228 1.06749761
      vertex 0.0252021756 2.37158036 1.06608558
    endloop
  endfacet
  facet normal -0.559315922 -0.20143224 0.804108669
    outer loop
      vertex 0.0252021756 2.37158036 1.06608558
      vertex 0.0219806693 2.38616228 1.06749761
      vertex -0.0271333847 2.37879848 1.03149056
    endloop
  endfacet
  facet normal -0.55931586 -0.201435516 0.804107892
    outer loop
      vertex 0.0252021756 2.37158036 1.06608558
      vertex -0.0271333847 2.37879848 1.03149056
      vertex -0.0239118766 2.3642168 1.03007853
    endloop
  endfacet
  facet normal -0.559315252 -0.201434448 0.804108583
    outer loop
      vertex 0.319886476 2.41576314 1.28212798
      vertex 0.316664994 2.43034482 1.28354001
      vertex 0.267550915 2.42298102 1.24753296
    endloop
  endfacet
  facet normal -0.559315109 -0.201441961 0.8041068
    outer loop
      vertex 0.319886476 2.41576314 1.28212798
      vertex 0.267550915 2.42298102 1.24753296
      vertex 0.270772427 2.40839934 1.24612081
    endloop
  endfacet
  facet normal -0.559315569 -0.201429194 0.804109678
    outer loop
      vertex 0.272383183 2.4011085 1.24541485
      vertex 0.270772427 2.40839934 1.24612081
      vertex 0.246215418 2.40471745 1.22811735
    endloop
  endfacet
  facet normal -0.559315348 -0.201440881 0.804106904
    outer loop
      vertex 0.272383183 2.4011085 1.24541485
      vertex 0.246215418 2.40471745 1.22811735
      vertex 0.247826159 2.39742661 1.22741127
    endloop
  endfacet
  facet normal -0.55931513 -0.201440848 0.804107064
    outer loop
      vertex 0.247826159 2.39742661 1.22741127
      vertex 0.246215418 2.40471745 1.22811735
      vertex 0.221658379 2.40103555 1.21011376
    endloop
  endfacet
  facet normal -0.559315352 -0.201429161 0.804109837
    outer loop
      vertex 0.247826159 2.39742661 1.22741127
      vertex 0.221658379 2.40103555 1.21011376
      vertex 0.223269135 2.39374471 1.20940781
    endloop
  endfacet
  facet normal -0.559312824 -0.201441618 0.804108475
    outer loop
      vertex 0.246215418 2.40471745 1.22811735
      vertex 0.270772427 2.40839934 1.24612081
      vertex 0.267550915 2.42298102 1.24753296
    endloop
  endfacet
  facet normal -0.559315011 -0.201441388 0.804107011
    outer loop
      vertex 0.218436882 2.41561723 1.21152592
      vertex 0.221658379 2.40103555 1.21011376
      vertex 0.246215418 2.40471745 1.22811735
    endloop
  endfacet
  facet normal -0.559314593 -0.201438954 0.804107912
    outer loop
      vertex 0.267550915 2.42298102 1.24753296
      vertex 0.218436882 2.41561723 1.21152592
      vertex 0.246215418 2.40471745 1.22811735
    endloop
  endfacet
  facet normal -0.559312726 -0.201441046 0.804108686
    outer loop
      vertex 0.197101355 2.39735365 1.1921103
      vertex 0.221658379 2.40103555 1.21011376
      vertex 0.218436882 2.41561723 1.21152592
    endloop
  endfacet
  facet normal -0.559315797 -0.201438848 0.804107101
    outer loop
      vertex 0.169322819 2.40825367 1.17551887
      vertex 0.17254433 2.39367175 1.17410672
      vertex 0.197101355 2.39735365 1.1921103
    endloop
  endfacet
  facet normal -0.559315466 -0.201436919 0.804107815
    outer loop
      vertex 0.218436882 2.41561723 1.21152592
      vertex 0.169322819 2.40825367 1.17551887
      vertex 0.197101355 2.39735365 1.1921103
    endloop
  endfacet
  facet normal -0.559313613 -0.201454573 0.804104681
    outer loop
      vertex 0.224074513 2.39009929 1.20905471
      vertex 0.223269135 2.39374471 1.20940781
      vertex 0.210990623 2.39190364 1.20040596
    endloop
  endfacet
  facet normal -0.559314098 -0.201428973 0.804110756
    outer loop
      vertex 0.224074513 2.39009929 1.20905471
      vertex 0.210990623 2.39190364 1.20040596
      vertex 0.211796001 2.38825822 1.20005298
    endloop
  endfacet
  facet normal -0.559319103 -0.201429723 0.804107087
    outer loop
      vertex 0.210990623 2.39190364 1.20040596
      vertex 0.223269135 2.39374471 1.20940781
      vertex 0.221658379 2.40103555 1.21011376
    endloop
  endfacet
  facet normal -0.559313861 -0.201441774 0.804107715
    outer loop
      vertex 0.197101355 2.39735365 1.1921103
      vertex 0.198712111 2.39006281 1.19140422
      vertex 0.210990623 2.39190364 1.20040596
    endloop
  endfacet
  facet normal -0.559313295 -0.201438473 0.804108935
    outer loop
      vertex 0.221658379 2.40103555 1.21011376
      vertex 0.197101355 2.39735365 1.1921103
      vertex 0.210990623 2.39190364 1.20040596
    endloop
  endfacet
  facet normal -0.559315109 -0.201441961 0.8041068
    outer loop
      vertex 0.198712111 2.39006281 1.19140422
      vertex 0.197101355 2.39735365 1.1921103
      vertex 0.17254433 2.39367175 1.17410672
    endloop
  endfacet
  facet normal -0.559315352 -0.201429161 0.804109837
    outer loop
      vertex 0.198712111 2.39006281 1.19140422
      vertex 0.17254433 2.39367175 1.17410672
      vertex 0.174155086 2.38638091 1.17340076
    endloop
  endfacet
  facet normal -0.559315196 -0.201435781 0.804108287
    outer loop
      vertex -0.102186814 2.39767504 0.984014273
      vertex -0.202354237 2.38265681 0.91057843
      vertex -0.209750414 2.35141826 0.89760834
    endloop
  endfacet
  facet normal -0.55931495 -0.201436388 0.804108306
    outer loop
      vertex -0.0271333847 2.37879848 1.03149056
      vertex -0.102186814 2.39767504 0.984014273
      vertex -0.209750414 2.35141826 0.89760834
    endloop
  endfacet
  facet normal -0.559315182 -0.201437324 0.80410791
    outer loop
      vertex 0.0981480256 2.42771173 1.13088608
      vertex -0.00201939512 2.4126935 1.05745018
      vertex 0.0219806693 2.38616228 1.06749761
    endloop
  endfacet
  facet normal -0.559314495 -0.201438764 0.804108028
    outer loop
      vertex 0.0981480256 2.42771173 1.13088608
      vertex 0.0219806693 2.38616228 1.06749761
      vertex 0.0710947216 2.39352608 1.10350466
    endloop
  endfacet
  facet normal -0.559314979 -0.201436837 0.804108173
    outer loop
      vertex -0.102186814 2.39767504 0.984014273
      vertex -0.0271333847 2.37879848 1.03149056
      vertex -0.00201939512 2.4126935 1.05745018
    endloop
  endfacet
  facet normal -0.559314884 -0.201436939 0.804108214
    outer loop
      vertex -0.0271333847 2.37879848 1.03149056
      vertex 0.0219806693 2.38616228 1.06749761
      vertex -0.00201939512 2.4126935 1.05745018
    endloop
  endfacet
  facet normal -0.559315337 -0.201435437 0.804108275
    outer loop
      vertex -0.0239118766 2.3642168 1.03007853
      vertex -0.0271333847 2.37879848 1.03149056
      vertex -0.0948586389 2.3385148 0.974291384
    endloop
  endfacet
  facet normal -0.559316589 -0.201429347 0.80410893
    outer loop
      vertex 0.0252021756 2.37158036 1.06608558
      vertex 0.0759269819 2.37165332 1.10138667
      vertex 0.0743162259 2.37894416 1.10209262
    endloop
  endfacet
  facet normal -0.559316251 -0.201436791 0.8041073
    outer loop
      vertex 0.0981480256 2.42771173 1.13088608
      vertex 0.0710947216 2.39352608 1.10350466
      vertex 0.12020877 2.40088987 1.13951182
    endloop
  endfacet
  facet normal -0.559315024 -0.201436053 0.804108339
    outer loop
      vertex -0.0948586389 2.3385148 0.974291384
      vertex -0.0271333847 2.37879848 1.03149056
      vertex -0.209750414 2.35141826 0.89760834
    endloop
  endfacet
  facet normal -0.559315218 -0.201435616 0.804108313
    outer loop
      vertex 0.169322819 2.40825367 1.17551887
      vertex 0.0981480256 2.42771173 1.13088608
      vertex 0.12020877 2.40088987 1.13951182
    endloop
  endfacet
  facet normal -0.559315553 -0.201436523 0.804107853
    outer loop
      vertex 0.218436882 2.41561723 1.21152592
      vertex 0.198315442 2.44272995 1.20432198
      vertex 0.169322819 2.40825367 1.17551887
    endloop
  endfacet
  facet normal -0.559315315 -0.201436804 0.804107949
    outer loop
      vertex 0.0981480256 2.42771173 1.13088608
      vertex 0.169322819 2.40825367 1.17551887
      vertex 0.198315442 2.44272995 1.20432198
    endloop
  endfacet
  facet normal -0.559315206 -0.201436179 0.80410818
    outer loop
      vertex 0.267550915 2.42298102 1.24753296
      vertex 0.198315442 2.44272995 1.20432198
      vertex 0.218436882 2.41561723 1.21152592
    endloop
  endfacet
  facet normal -0.559314547 -0.201436635 0.804108525
    outer loop
      vertex 0.316312432 2.43603826 1.28472102
      vertex 0.298482865 2.45774841 1.27775788
      vertex 0.267550915 2.42298102 1.24753296
    endloop
  endfacet
  facet normal -0.559315178 -0.201435861 0.80410828
    outer loop
      vertex 0.198315442 2.44272995 1.20432198
      vertex 0.267550915 2.42298102 1.24753296
      vertex 0.298482865 2.45774841 1.27775788
    endloop
  endfacet
  facet normal -0.559315389 -0.201433827 0.804108643
    outer loop
      vertex 0.316664994 2.43034482 1.28354001
      vertex 0.316312432 2.43603826 1.28472102
      vertex 0.267550915 2.42298102 1.24753296
    endloop
  endfacet
  facet normal -0.559312885 -0.201442254 0.804108273
    outer loop
      vertex 0.290706873 2.39632344 1.25696158
      vertex 0.358244658 2.41541839 1.30872238
      vertex 0.319886476 2.41576314 1.28212798
    endloop
  endfacet
  facet normal -0.559316099 -0.201434575 0.804107961
    outer loop
      vertex 0.330289841 2.42916489 1.29272151
      vertex 0.316664994 2.43034482 1.28354001
      vertex 0.319886476 2.41576314 1.28212798
    endloop
  endfacet
  facet normal -0.559314366 -0.201436494 0.804108686
    outer loop
      vertex 0.319886476 2.41576314 1.28212798
      vertex 0.344267249 2.42229176 1.300722
      vertex 0.330289841 2.42916489 1.29272151
    endloop
  endfacet
  facet normal -0.559313029 -0.201440952 0.804108499
    outer loop
      vertex 0.319886476 2.41576314 1.28212798
      vertex 0.358244658 2.41541839 1.30872238
      vertex 0.344267249 2.42229176 1.300722
    endloop
  endfacet
  facet normal -0.559317854 -0.201429536 0.804108003
    outer loop
      vertex 0.270772427 2.40839934 1.24612081
      vertex 0.272383183 2.4011085 1.24541485
      vertex 0.319886476 2.41576314 1.28212798
    endloop
  endfacet
  facet normal -0.559316144 -0.201433768 0.804108132
    outer loop
      vertex 0.316312432 2.43603826 1.28472102
      vertex 0.316664994 2.43034482 1.28354001
      vertex 0.330289841 2.42916489 1.29272151
    endloop
  endfacet
  facet normal -0.559314872 -0.201439987 0.804107459
    outer loop
      vertex 0.0274292957 2.35684967 1.06394446
      vertex 0.0252021756 2.37158036 1.06608558
      vertex -0.0239118766 2.3642168 1.03007853
    endloop
  endfacet
  facet normal -0.559312255 -0.201454369 0.804105676
    outer loop
      vertex 0.100484006 2.37533522 1.11939013
      vertex 0.125846416 2.37537169 1.13704062
      vertex 0.125041038 2.37901711 1.13739371
    endloop
  endfacet
  facet normal -0.559316966 -0.201427718 0.804109076
    outer loop
      vertex 0.149598062 2.38269901 1.15539718
      vertex 0.13731955 2.38085818 1.14639544
      vertex 0.148643389 2.38004518 1.15406835
    endloop
  endfacet
  facet normal -0.559317702 -0.201416652 0.804111336
    outer loop
      vertex 0.13731955 2.38085818 1.14639544
      vertex 0.138124928 2.37721252 1.14604247
      vertex 0.148643389 2.38004518 1.15406835
    endloop
  endfacet
  facet normal -0.559318464 -0.201426776 0.80410827
    outer loop
      vertex 0.148643389 2.38004518 1.15406835
      vertex 0.174155086 2.38638091 1.17340076
      vertex 0.149598062 2.38269901 1.15539718
    endloop
  endfacet
  facet normal -0.559315113 -0.201430241 0.804109733
    outer loop
      vertex 0.125846416 2.37537169 1.13704062
      vertex 0.100484006 2.37533522 1.11939013
      vertex 0.0759269819 2.37165332 1.10138667
    endloop
  endfacet
  facet normal -0.559315326 -0.201440009 0.804107137
    outer loop
      vertex 0.0274292957 2.35684967 1.06394446
      vertex 0.0759269819 2.37165332 1.10138667
      vertex 0.0252021756 2.37158036 1.06608558
    endloop
  endfacet
  facet normal -0.559311422 -0.201452044 0.804106838
    outer loop
      vertex 0.0759269819 2.37165332 1.10138667
      vertex 0.0274292957 2.35684967 1.06394446
      vertex 0.125846416 2.37537169 1.13704062
    endloop
  endfacet
  facet normal -0.559309703 -0.201483995 0.804100029
    outer loop
      vertex 0.138124928 2.37721252 1.14604247
      vertex 0.125846416 2.37537169 1.13704062
      vertex 0.149717227 2.37518454 1.15359759
    endloop
  endfacet
  facet normal -0.559314821 -0.201438272 0.804107924
    outer loop
      vertex 0.0274292957 2.35684967 1.06394446
      vertex 0.149717227 2.37518454 1.15359759
      vertex 0.125846416 2.37537169 1.13704062
    endloop
  endfacet
  facet normal -0.559309384 -0.201444305 0.804110194
    outer loop
      vertex 0.148643389 2.38004518 1.15406835
      vertex 0.138124928 2.37721252 1.14604247
      vertex 0.149717227 2.37518454 1.15359759
    endloop
  endfacet
  facet normal -0.559314923 -0.201436583 0.804108276
    outer loop
      vertex 0.0274292957 2.35684967 1.06394446
      vertex -0.0239118766 2.3642168 1.03007853
      vertex -0.0948586389 2.3385148 0.974291384
    endloop
  endfacet
  facet normal -0.559314969 -0.201437523 0.804108009
    outer loop
      vertex -0.0948586389 2.3385148 0.974291384
      vertex -0.209750414 2.35141826 0.89760834
      vertex -0.217146575 2.32017994 0.88463825
    endloop
  endfacet
  facet normal -0.559310431 -0.201451436 0.80410768
    outer loop
      vertex 0.178380623 2.3845036 1.17586958
      vertex 0.198712111 2.39006281 1.19140422
      vertex 0.174155086 2.38638091 1.17340076
    endloop
  endfacet
  facet normal -0.559317507 -0.201425267 0.804109313
    outer loop
      vertex 0.208117858 2.38896227 1.19767094
      vertex 0.210990623 2.39190364 1.20040596
      vertex 0.198712111 2.39006281 1.19140422
    endloop
  endfacet
  facet normal -0.559309862 -0.20145401 0.804107431
    outer loop
      vertex 0.224074513 2.39009929 1.20905471
      vertex 0.247826159 2.39742661 1.22741127
      vertex 0.223269135 2.39374471 1.20940781
    endloop
  endfacet
  facet normal -0.559315122 -0.201441903 0.804106805
    outer loop
      vertex 0.290706873 2.39632344 1.25696158
      vertex 0.272383183 2.4011085 1.24541485
      vertex 0.247826159 2.39742661 1.22741127
    endloop
  endfacet
  facet normal -0.559317398 -0.201428482 0.804108584
    outer loop
      vertex 0.198712111 2.39006281 1.19140422
      vertex 0.178380623 2.3845036 1.17586958
      vertex 0.208117858 2.38896227 1.19767094
    endloop
  endfacet
  facet normal -0.559314955 -0.20144514 0.80410611
    outer loop
      vertex 0.211796001 2.38825822 1.20005298
      vertex 0.208117858 2.38896227 1.19767094
      vertex 0.209191695 2.38410163 1.19720018
    endloop
  endfacet
  facet normal -0.559309362 -0.201450409 0.804108681
    outer loop
      vertex 0.224074513 2.39009929 1.20905471
      vertex 0.211796001 2.38825822 1.20005298
      vertex 0.209191695 2.38410163 1.19720018
    endloop
  endfacet
  facet normal -0.559316335 -0.201431111 0.804108665
    outer loop
      vertex 0.372222036 2.40854502 1.31672287
      vertex 0.358244658 2.41541839 1.30872238
      vertex 0.290706873 2.39632344 1.25696158
    endloop
  endfacet
  facet normal -0.559316407 -0.20143224 0.804108332
    outer loop
      vertex 0.224074513 2.39009929 1.20905471
      vertex 0.209191695 2.38410163 1.19720018
      vertex 0.290706873 2.39632344 1.25696158
    endloop
  endfacet
  facet normal -0.559315693 -0.201436155 0.804107848
    outer loop
      vertex 0.290706873 2.39632344 1.25696158
      vertex 0.247826159 2.39742661 1.22741127
      vertex 0.224074513 2.39009929 1.20905471
    endloop
  endfacet
  facet normal -0.559314632 -0.201429053 0.804110365
    outer loop
      vertex 0.211796001 2.38825822 1.20005298
      vertex 0.210990623 2.39190364 1.20040596
      vertex 0.208117858 2.38896227 1.19767094
    endloop
  endfacet
  facet normal -0.559310837 -0.201453355 0.804106916
    outer loop
      vertex 0.178380623 2.3845036 1.17586958
      vertex 0.174155086 2.38638091 1.17340076
      vertex 0.148643389 2.38004518 1.15406835
    endloop
  endfacet
  facet normal -0.559314887 -0.201438624 0.80410779
    outer loop
      vertex 0.272383183 2.4011085 1.24541485
      vertex 0.290706873 2.39632344 1.25696158
      vertex 0.319886476 2.41576314 1.28212798
    endloop
  endfacet
endsolid b14
