solid beam
  facet normal 0.5410896390889114 -0.8139530557015309 -0.21142948135199152
    outer loop
      vertex 3.541166067123413 1.590012550354004 1.7610186338424683
      vertex 3.5318186283111572 1.593851923942566 1.722316026687622
      vertex 3.556053876876831 1.6110402345657349 1.7181679010391235
    endloop
  endfacet
  facet normal 0.541091992864894 -0.8139518562918271 -0.2114280749961703
    outer loop
      vertex 3.541166067123413 1.590012550354004 1.7610186338424683
      vertex 3.5747487545013428 1.60336172580719 1.7955728769302368
      vertex 3.550513505935669 1.5861732959747314 1.799721121788025
    endloop
  endfacet
  facet normal 0.5410898790816624 -0.8139529334092718 -0.21142933795912464
    outer loop
      vertex 3.58963680267334 1.624389410018921 1.752722144126892
      vertex 3.541166067123413 1.590012550354004 1.7610186338424683
      vertex 3.556053876876831 1.6110402345657349 1.7181679010391235
    endloop
  endfacet
  facet normal 0.5410906327541668 -0.813953242964768 -0.21142621742071793
    outer loop
      vertex 3.541166067123413 1.590012550354004 1.7610186338424683
      vertex 3.58963680267334 1.624389410018921 1.752722144126892
      vertex 3.5747487545013428 1.60336172580719 1.7955728769302368
    endloop
  endfacet
  facet normal 0.5410853392494972 -0.8139559403411069 -0.21142938024948438
    outer loop
      vertex 3.58963680267334 1.624389410018921 1.752722144126892
      vertex 3.5989842414855957 1.6205500364303589 1.7914246320724487
      vertex 3.5747487545013428 1.60336172580719 1.7955728769302368
    endloop
  endfacet
  facet normal 0.5410912391857865 -0.813951546733251 -0.21143119553873388
    outer loop
      vertex 3.580289125442505 1.6282286643981934 1.7140196561813354
      vertex 3.58963680267334 1.624389410018921 1.752722144126892
      vertex 3.556053876876831 1.6110402345657349 1.7181679010391235
    endloop
  endfacet
  facet normal 0.80784067048351 0.5729502127154483 -0.13828052958415862
    outer loop
      vertex 3.503751516342163 1.7535851001739502 1.7862814664840698
      vertex 3.4751229286193848 1.7966502904891968 1.7974679470062256
      vertex 3.478238821029663 1.7953705787658691 1.8103687763214111
    endloop
  endfacet
  facet normal 0.8078438373156479 0.5729467580086706 -0.13827634287354756
    outer loop
      vertex 3.5354957580566406 1.7092400789260864 1.7879958152770996
      vertex 3.5323798656463623 1.7105199098587036 1.775094985961914
      vertex 3.503751516342163 1.7535851001739502 1.7862814664840698
    endloop
  endfacet
  facet normal 0.807844291004472 0.5729472667440186 -0.13827158428990458
    outer loop
      vertex 3.478238821029663 1.7953705787658691 1.8103687763214111
      vertex 3.5354957580566406 1.7092400789260864 1.7879958152770996
      vertex 3.503751516342163 1.7535851001739502 1.7862814664840698
    endloop
  endfacet
  facet normal 0.8078448188721066 0.5729463548478615 -0.1382722788126449
    outer loop
      vertex 3.503751516342163 1.7535851001739502 1.7862814664840698
      vertex 3.5323798656463623 1.7105199098587036 1.775094985961914
      vertex 3.5308220386505127 1.7111597061157227 1.7686445713043213
    endloop
  endfacet
  facet normal 0.8078391903095956 0.5729500567275755 -0.1382898228207871
    outer loop
      vertex 3.503751516342163 1.7535851001739502 1.7862814664840698
      vertex 3.5308220386505127 1.7111597061157227 1.7686445713043213
      vertex 3.5021934509277344 1.7542250156402588 1.779831051826477
    endloop
  endfacet
  facet normal 0.8078391903095956 0.5729500567275755 -0.1382898228207871
    outer loop
      vertex 3.5021934509277344 1.7542250156402588 1.779831051826477
      vertex 3.5308220386505127 1.7111597061157227 1.7686445713043213
      vertex 3.529263973236084 1.7117996215820312 1.7621941566467285
    endloop
  endfacet
  facet normal 0.8078448188721066 0.5729463548478615 -0.1382722788126449
    outer loop
      vertex 3.5021934509277344 1.7542250156402588 1.779831051826477
      vertex 3.529263973236084 1.7117996215820312 1.7621941566467285
      vertex 3.5006356239318848 1.7548648118972778 1.7733806371688843
    endloop
  endfacet
  facet normal 0.8078463890865554 0.5729456177063336 -0.13826615923978453
    outer loop
      vertex 3.4813547134399414 1.794090747833252 1.8232696056365967
      vertex 3.53861141204834 1.7079603672027588 1.8008967638015747
      vertex 3.5354957580566406 1.7092400789260864 1.7879958152770996
    endloop
  endfacet
  facet normal 0.8078432016964203 0.5729477141615339 -0.13827609449919429
    outer loop
      vertex 3.4813547134399414 1.794090747833252 1.8232696056365967
      vertex 3.5354957580566406 1.7092400789260864 1.7879958152770996
      vertex 3.478238821029663 1.7953705787658691 1.8103687763214111
    endloop
  endfacet
  facet normal 0.807846661613174 0.5729462008226702 -0.1382621505811285
    outer loop
      vertex 3.4131925106048584 1.8847004175186157 1.8004895448684692
      vertex 3.411634683609009 1.8853403329849243 1.7940391302108765
      vertex 3.3543777465820312 1.971470832824707 1.8164119720458984
    endloop
  endfacet
  facet normal 0.8078476464894553 0.5729447192903865 -0.13826253541255604
    outer loop
      vertex 3.3574936389923096 1.9701910018920898 1.829312801361084
      vertex 3.414750337600708 1.8840605020523071 1.806939959526062
      vertex 3.4131925106048584 1.8847004175186157 1.8004895448684692
    endloop
  endfacet
  facet normal 0.807843778418946 0.5729468466062362 -0.13827631985908204
    outer loop
      vertex 3.3543777465820312 1.971470832824707 1.8164119720458984
      vertex 3.3574936389923096 1.9701910018920898 1.829312801361084
      vertex 3.4131925106048584 1.8847004175186157 1.8004895448684692
    endloop
  endfacet
  facet normal 0.8078432859848861 0.5729475873677486 -0.13827612743571246
    outer loop
      vertex 3.363725185394287 1.967631459236145 1.855114459991455
      vertex 3.4209821224212646 1.8815009593963623 1.832741618156433
      vertex 3.4178662300109863 1.8827807903289795 1.8198407888412476
    endloop
  endfacet
  facet normal 0.8078432859848861 0.5729475873677486 -0.13827612743571246
    outer loop
      vertex 3.363725185394287 1.967631459236145 1.855114459991455
      vertex 3.4178662300109863 1.8827807903289795 1.8198407888412476
      vertex 3.360609292984009 1.9689112901687622 1.8422136306762695
    endloop
  endfacet
  facet normal 0.8078438373156479 0.5729467580086706 -0.13827634287354756
    outer loop
      vertex 3.4464945793151855 1.839715600013733 1.8086543083190918
      vertex 3.4178662300109863 1.8827807903289795 1.8198407888412476
      vertex 3.4209821224212646 1.8815009593963623 1.832741618156433
    endloop
  endfacet
  facet normal 0.8078435073086322 0.5729459453340096 -0.13828163806017776
    outer loop
      vertex 3.478238821029663 1.7953705787658691 1.8103687763214111
      vertex 3.4751229286193848 1.7966502904891968 1.7974679470062256
      vertex 3.4464945793151855 1.839715600013733 1.8086543083190918
    endloop
  endfacet
  facet normal 0.8078440660560513 0.5729465718841121 -0.13827577772072058
    outer loop
      vertex 3.4209821224212646 1.8815009593963623 1.832741618156433
      vertex 3.478238821029663 1.7953705787658691 1.8103687763214111
      vertex 3.4464945793151855 1.839715600013733 1.8086543083190918
    endloop
  endfacet
  facet normal 0.8078448188721066 0.5729463548478615 -0.1382722788126449
    outer loop
      vertex 3.4178662300109863 1.8827807903289795 1.8198407888412476
      vertex 3.4464945793151855 1.839715600013733 1.8086543083190918
      vertex 3.444936752319336 1.840355396270752 1.802203893661499
    endloop
  endfacet
  facet normal 0.8078479114574006 0.5729443207026973 -0.1382626389464652
    outer loop
      vertex 3.4178662300109863 1.8827807903289795 1.8198407888412476
      vertex 3.444936752319336 1.840355396270752 1.802203893661499
      vertex 3.4163084030151367 1.883420705795288 1.8133903741836548
    endloop
  endfacet
  facet normal 0.8078385007671228 0.5729484754865014 -0.13830040172038888
    outer loop
      vertex 3.4163084030151367 1.883420705795288 1.8133903741836548
      vertex 3.414750337600708 1.8840605020523071 1.806939959526062
      vertex 3.3574936389923096 1.9701910018920898 1.829312801361084
    endloop
  endfacet
  facet normal 0.807846661613174 0.5729462008226702 -0.1382621505811285
    outer loop
      vertex 3.360609292984009 1.9689112901687622 1.8422136306762695
      vertex 3.4178662300109863 1.8827807903289795 1.8198407888412476
      vertex 3.4163084030151367 1.883420705795288 1.8133903741836548
    endloop
  endfacet
  facet normal 0.8078452899581247 0.5729469552115479 -0.13826703875577137
    outer loop
      vertex 3.3574936389923096 1.9701910018920898 1.829312801361084
      vertex 3.360609292984009 1.9689112901687622 1.8422136306762695
      vertex 3.4163084030151367 1.883420705795288 1.8133903741836548
    endloop
  endfacet
  facet normal 0.8078435616501103 0.5729471726886776 -0.13827623515454576
    outer loop
      vertex 3.246095657348633 2.141172170639038 1.886959433555603
      vertex 3.249211549758911 2.139892339706421 1.8998602628707886
      vertex 3.363725185394287 1.967631459236145 1.855114459991455
    endloop
  endfacet
  facet normal 0.8078435616501103 0.5729471726886776 -0.13827623515454576
    outer loop
      vertex 3.246095657348633 2.141172170639038 1.886959433555603
      vertex 3.363725185394287 1.967631459236145 1.855114459991455
      vertex 3.360609292984009 1.9689112901687622 1.8422136306762695
    endloop
  endfacet
  facet normal 0.8078459148812125 0.5729460151541025 -0.13826728292973645
    outer loop
      vertex 3.360609292984009 1.9689112901687622 1.8422136306762695
      vertex 3.3574936389923096 1.9701910018920898 1.829312801361084
      vertex 3.2429800033569336 2.1424520015716553 1.8740586042404175
    endloop
  endfacet
  facet normal 0.8078469372862901 0.5729457861329866 -0.13826225829782604
    outer loop
      vertex 3.360609292984009 1.9689112901687622 1.8422136306762695
      vertex 3.2429800033569336 2.1424520015716553 1.8740586042404175
      vertex 3.246095657348633 2.141172170639038 1.886959433555603
    endloop
  endfacet
  facet normal 0.8078442105062471 0.5729465125542366 -0.13827517963639221
    outer loop
      vertex 3.0139527320861816 2.486973762512207 1.963550090789795
      vertex 3.07120943069458 2.400843381881714 1.941177248954773
      vertex 3.0680935382843018 2.402123212814331 1.9282763004302979
    endloop
  endfacet
  facet normal 0.8078438373156479 0.5729467580086706 -0.13827634287354756
    outer loop
      vertex 3.0139527320861816 2.486973762512207 1.963550090789795
      vertex 3.0680935382843018 2.402123212814331 1.9282763004302979
      vertex 3.0108368396759033 2.488253593444824 1.9506492614746094
    endloop
  endfacet
  facet normal 0.8078470108628769 0.5729456754530862 -0.13826228704719845
    outer loop
      vertex 3.126908302307129 2.31535267829895 1.9123538732528687
      vertex 3.1253504753112793 2.315992593765259 1.9059034585952759
      vertex 3.0680935382843018 2.402123212814331 1.9282763004302979
    endloop
  endfacet
  facet normal 0.8078346879339193 0.5729515923641653 -0.13830976024154898
    outer loop
      vertex 3.07120943069458 2.400843381881714 1.941177248954773
      vertex 3.1284663677215576 2.3147130012512207 1.9188042879104614
      vertex 3.126908302307129 2.31535267829895 1.9123538732528687
    endloop
  endfacet
  facet normal 0.8078443744252239 0.572946265972939 -0.13827524368875754
    outer loop
      vertex 3.0680935382843018 2.402123212814331 1.9282763004302979
      vertex 3.07120943069458 2.400843381881714 1.941177248954773
      vertex 3.126908302307129 2.31535267829895 1.9123538732528687
    endloop
  endfacet
  facet normal 0.8078479957377318 0.5729441939208474 -0.13826267187827704
    outer loop
      vertex 3.020184278488159 2.4844143390655518 1.989351749420166
      vertex 3.0774409770965576 2.3982837200164795 1.966978907585144
      vertex 3.0743253231048584 2.3995635509490967 1.9540780782699585
    endloop
  endfacet
  facet normal 0.807843635233975 0.5729470619974927 -0.1382762639081552
    outer loop
      vertex 3.020184278488159 2.4844143390655518 1.989351749420166
      vertex 3.0743253231048584 2.3995635509490967 1.9540780782699585
      vertex 3.017068386077881 2.485694169998169 1.9764509201049805
    endloop
  endfacet
  facet normal 0.8078428524462791 0.5729482395324481 -0.13827595802643208
    outer loop
      vertex 3.0774409770965576 2.3982837200164795 1.966978907585144
      vertex 3.134697914123535 2.3121533393859863 1.9446059465408325
      vertex 3.131582021713257 2.3134331703186035 1.931705117225647
    endloop
  endfacet
  facet normal 0.8078472129597198 0.5729453714423675 -0.13826236601469213
    outer loop
      vertex 3.0774409770965576 2.3982837200164795 1.966978907585144
      vertex 3.131582021713257 2.3134331703186035 1.931705117225647
      vertex 3.0743253231048584 2.3995635509490967 1.9540780782699585
    endloop
  endfacet
  facet normal 0.8078462280821204 0.5729468529740261 -0.13826198118300825
    outer loop
      vertex 3.1300241947174072 2.314073085784912 1.9252547025680542
      vertex 3.1284663677215576 2.3147130012512207 1.9188042879104614
      vertex 3.07120943069458 2.400843381881714 1.941177248954773
    endloop
  endfacet
  facet normal 0.8078472129597198 0.5729453714423675 -0.13826236601469213
    outer loop
      vertex 3.0743253231048584 2.3995635509490967 1.9540780782699585
      vertex 3.131582021713257 2.3134331703186035 1.931705117225647
      vertex 3.1300241947174072 2.314073085784912 1.9252547025680542
    endloop
  endfacet
  facet normal 0.807843344880998 0.5729474987712482 -0.1382761504499298
    outer loop
      vertex 3.07120943069458 2.400843381881714 1.941177248954773
      vertex 3.0743253231048584 2.3995635509490967 1.9540780782699585
      vertex 3.1300241947174072 2.314073085784912 1.9252547025680542
    endloop
  endfacet
  facet normal 0.807843635233975 0.5729470619974927 -0.1382762639081552
    outer loop
      vertex 3.017068386077881 2.485694169998169 1.9764509201049805
      vertex 3.0743253231048584 2.3995635509490967 1.9540780782699585
      vertex 3.07120943069458 2.400843381881714 1.941177248954773
    endloop
  endfacet
  facet normal 0.8078449031591608 0.5729462280568373 -0.13827231174464732
    outer loop
      vertex 3.017068386077881 2.485694169998169 1.9764509201049805
      vertex 3.07120943069458 2.400843381881714 1.941177248954773
      vertex 3.0139527320861816 2.486973762512207 1.963550090789795
    endloop
  endfacet
  facet normal 0.8078465144581308 0.5729464221849367 -0.13826209308168755
    outer loop
      vertex 2.928067445755005 2.6161694526672363 1.9971094131469727
      vertex 2.956695795059204 2.5731043815612793 1.985922932624817
      vertex 2.9551379680633545 2.573744297027588 1.9794725179672241
    endloop
  endfacet
  facet normal 0.8078465144581308 0.5729464221849367 -0.13826209308168755
    outer loop
      vertex 2.928067445755005 2.6161694526672363 1.9971094131469727
      vertex 2.9551379680633545 2.573744297027588 1.9794725179672241
      vertex 2.9265096187591553 2.616809368133545 1.9906589984893799
    endloop
  endfacet
  facet normal 0.8078349742912897 0.5729511616044358 -0.1383098721274765
    outer loop
      vertex 2.9265096187591553 2.616809368133545 1.9906589984893799
      vertex 2.9551379680633545 2.573744297027588 1.9794725179672241
      vertex 2.953579902648926 2.5743839740753174 1.9730221033096313
    endloop
  endfacet
  facet normal 0.8078411600264401 0.5729470937014722 -0.13829059254400425
    outer loop
      vertex 2.9265096187591553 2.616809368133545 1.9906589984893799
      vertex 2.953579902648926 2.5743839740753174 1.9730221033096313
      vertex 2.9249515533447266 2.6174492835998535 1.984208583831787
    endloop
  endfacet
  facet normal 0.8078470108628769 0.5729456754530862 -0.13826228704719845
    outer loop
      vertex 2.9551379680633545 2.573744297027588 1.9794725179672241
      vertex 2.956695795059204 2.5731043815612793 1.985922932624817
      vertex 3.0139527320861816 2.486973762512207 1.963550090789795
    endloop
  endfacet
  facet normal 0.8078347722437729 0.5729514655391607 -0.13830979318320044
    outer loop
      vertex 3.0108368396759033 2.488253593444824 1.9506492614746094
      vertex 2.953579902648926 2.5743839740753174 1.9730221033096313
      vertex 2.9551379680633545 2.573744297027588 1.9794725179672241
    endloop
  endfacet
  facet normal 0.8078441276673214 0.5729463212360025 -0.13827645633135024
    outer loop
      vertex 3.0139527320861816 2.486973762512207 1.963550090789795
      vertex 3.0108368396759033 2.488253593444824 1.9506492614746094
      vertex 2.9551379680633545 2.573744297027588 1.9794725179672241
    endloop
  endfacet
  facet normal 0.8078479114574006 0.5729443207026973 -0.1382626389464652
    outer loop
      vertex 2.9249515533447266 2.6174492835998535 1.984208583831787
      vertex 2.953579902648926 2.5743839740753174 1.9730221033096313
      vertex 2.952022075653076 2.575023889541626 1.9665716886520386
    endloop
  endfacet
  facet normal 0.8078479114574006 0.5729443207026973 -0.1382626389464652
    outer loop
      vertex 2.9249515533447266 2.6174492835998535 1.984208583831787
      vertex 2.952022075653076 2.575023889541626 1.9665716886520386
      vertex 2.923393726348877 2.618089199066162 1.9777581691741943
    endloop
  endfacet
  facet normal 0.8078480800180837 0.5729440671389232 -0.13826270481010122
    outer loop
      vertex 2.9342989921569824 2.613610029220581 2.0229110717773438
      vertex 2.9629273414611816 2.570544719696045 2.0117247104644775
      vertex 2.961369514465332 2.5711846351623535 2.0052742958068848
    endloop
  endfacet
  facet normal 0.8078480800180837 0.5729440671389232 -0.13826270481010122
    outer loop
      vertex 2.9342989921569824 2.613610029220581 2.0229110717773438
      vertex 2.961369514465332 2.5711846351623535 2.0052742958068848
      vertex 2.932741165161133 2.6142499446868896 2.016460657119751
    endloop
  endfacet
  facet normal 0.8078486577304407 0.5729438298246482 -0.13826031270393613
    outer loop
      vertex 2.932741165161133 2.6142499446868896 2.016460657119751
      vertex 2.961369514465332 2.5711846351623535 2.0052742958068848
      vertex 2.9598116874694824 2.571824550628662 1.9988237619400024
    endloop
  endfacet
  facet normal 0.8078479114574006 0.5729443207026973 -0.1382626389464652
    outer loop
      vertex 2.932741165161133 2.6142499446868896 2.016460657119751
      vertex 2.9598116874694824 2.571824550628662 1.9988237619400024
      vertex 2.931183338165283 2.6148898601531982 2.010010242462158
    endloop
  endfacet
  facet normal 0.8078462280821204 0.5729468529740261 -0.13826198118300825
    outer loop
      vertex 2.961369514465332 2.5711846351623535 2.0052742958068848
      vertex 2.9629273414611816 2.570544719696045 2.0117247104644775
      vertex 3.020184278488159 2.4844143390655518 1.989351749420166
    endloop
  endfacet
  facet normal 0.8078478749530281 0.5729450073442717 -0.13826000684633663
    outer loop
      vertex 3.017068386077881 2.485694169998169 1.9764509201049805
      vertex 2.9598116874694824 2.571824550628662 1.9988237619400024
      vertex 2.961369514465332 2.5711846351623535 2.0052742958068848
    endloop
  endfacet
  facet normal 0.807843344880998 0.5729474987712482 -0.1382761504499298
    outer loop
      vertex 3.020184278488159 2.4844143390655518 1.989351749420166
      vertex 3.017068386077881 2.485694169998169 1.9764509201049805
      vertex 2.961369514465332 2.5711846351623535 2.0052742958068848
    endloop
  endfacet
  facet normal 0.8078449031591608 0.5729462280568373 -0.13827231174464732
    outer loop
      vertex 2.9598116874694824 2.571824550628662 1.9988237619400024
      vertex 3.017068386077881 2.485694169998169 1.9764509201049805
      vertex 3.0139527320861816 2.486973762512207 1.963550090789795
    endloop
  endfacet
  facet normal 0.807843635233975 0.5729470619974927 -0.1382762639081552
    outer loop
      vertex 2.9598116874694824 2.571824550628662 1.9988237619400024
      vertex 3.0139527320861816 2.486973762512207 1.963550090789795
      vertex 2.956695795059204 2.5731043815612793 1.985922932624817
    endloop
  endfacet
  facet normal 0.8078418947662881 0.5729481353459045 -0.13828198459692717
    outer loop
      vertex 2.9389727115631104 2.6116902828216553 2.042262315750122
      vertex 2.9676010608673096 2.5686252117156982 2.031075954437256
      vertex 2.96604323387146 2.5692648887634277 2.024625539779663
    endloop
  endfacet
  facet normal 0.8078480800180837 0.5729440671389232 -0.13826270481010122
    outer loop
      vertex 2.9389727115631104 2.6116902828216553 2.042262315750122
      vertex 2.96604323387146 2.5692648887634277 2.024625539779663
      vertex 2.9374148845672607 2.612330198287964 2.0358119010925293
    endloop
  endfacet
  facet normal 0.8078462280821204 0.5729468529740261 -0.13826198118300825
    outer loop
      vertex 2.9644854068756104 2.5699048042297363 2.0181751251220703
      vertex 2.96604323387146 2.5692648887634277 2.024625539779663
      vertex 3.0233001708984375 2.4831345081329346 2.0022525787353516
    endloop
  endfacet
  facet normal 0.8078394766700792 0.5729496259597271 -0.13828993472419365
    outer loop
      vertex 3.020184278488159 2.4844143390655518 1.989351749420166
      vertex 2.9629273414611816 2.570544719696045 2.0117247104644775
      vertex 2.9644854068756104 2.5699048042297363 2.0181751251220703
    endloop
  endfacet
  facet normal 0.807843344880998 0.5729474987712482 -0.1382761504499298
    outer loop
      vertex 3.0233001708984375 2.4831345081329346 2.0022525787353516
      vertex 3.020184278488159 2.4844143390655518 1.989351749420166
      vertex 2.9644854068756104 2.5699048042297363 2.0181751251220703
    endloop
  endfacet
  facet normal 0.8078480800180837 0.5729440671389232 -0.13826270481010122
    outer loop
      vertex 2.9374148845672607 2.612330198287964 2.0358119010925293
      vertex 2.96604323387146 2.5692648887634277 2.024625539779663
      vertex 2.9644854068756104 2.5699048042297363 2.0181751251220703
    endloop
  endfacet
  facet normal 0.8078480800180837 0.5729440671389232 -0.13826270481010122
    outer loop
      vertex 2.9374148845672607 2.612330198287964 2.0358119010925293
      vertex 2.9644854068756104 2.5699048042297363 2.0181751251220703
      vertex 2.935857057571411 2.6129701137542725 2.0293614864349365
    endloop
  endfacet
  facet normal 0.8078413286197933 0.5729468400870119 -0.13829065842679023
    outer loop
      vertex 2.935857057571411 2.6129701137542725 2.0293614864349365
      vertex 2.9644854068756104 2.5699048042297363 2.0181751251220703
      vertex 2.9629273414611816 2.570544719696045 2.0117247104644775
    endloop
  endfacet
  facet normal 0.8078413286197933 0.5729468400870119 -0.13829065842679023
    outer loop
      vertex 2.935857057571411 2.6129701137542725 2.0293614864349365
      vertex 2.9629273414611816 2.570544719696045 2.0117247104644775
      vertex 2.9342989921569824 2.613610029220581 2.0229110717773438
    endloop
  endfacet
  facet normal 0.8078475851883485 0.5729438478868065 -0.13826650452663364
    outer loop
      vertex 3.529263973236084 1.7117996215820312 1.7621941566467285
      vertex 3.580289125442505 1.6282286643981934 1.7140196561813354
      vertex 3.544102191925049 1.682664394378662 1.7281596660614014
    endloop
  endfacet
  facet normal 0.8078443288418531 0.5729468895050541 -0.13827292636137894
    outer loop
      vertex 3.5006356239318848 1.7548648118972778 1.7733806371688843
      vertex 3.5079150199890137 1.7371000051498413 1.7422995567321777
      vertex 3.4717278480529785 1.79153573513031 1.7564395666122437
    endloop
  endfacet
  facet normal 0.8078443605308222 0.5729473349426111 -0.13827089549397698
    outer loop
      vertex 3.529263973236084 1.7117996215820312 1.7621941566467285
      vertex 3.544102191925049 1.682664394378662 1.7281596660614014
      vertex 3.5079150199890137 1.7371000051498413 1.7422995567321777
    endloop
  endfacet
  facet normal 0.8078447569924752 0.57294638026454 -0.1382725350224326
    outer loop
      vertex 3.5079150199890137 1.7371000051498413 1.7422995567321777
      vertex 3.5006356239318848 1.7548648118972778 1.7733806371688843
      vertex 3.529263973236084 1.7117996215820312 1.7621941566467285
    endloop
  endfacet
  facet normal 0.8078423715127087 0.5729480902665067 -0.138279386203026
    outer loop
      vertex 3.58963680267334 1.624389410018921 1.752722144126892
      vertex 3.580289125442505 1.6282286643981934 1.7140196561813354
      vertex 3.529263973236084 1.7117996215820312 1.7621941566467285
    endloop
  endfacet
  facet normal 0.8078447309011219 0.5729453558257157 -0.13827693225205073
    outer loop
      vertex 3.4717278480529785 1.79153573513031 1.7564395666122437
      vertex 3.4789505004882812 1.7899497747421265 1.7920645475387573
      vertex 3.5006356239318848 1.7548648118972778 1.7733806371688843
    endloop
  endfacet
  facet normal 0.8078446642838276 0.5729465873912442 -0.13827221841308912
    outer loop
      vertex 3.444936752319336 1.840355396270752 1.802203893661499
      vertex 3.4464945793151855 1.839715600013733 1.8086543083190918
      vertex 3.4520647525787354 1.8295994997024536 1.7992804050445557
    endloop
  endfacet
  facet normal 0.8078528722539456 0.5729430149672584 -0.13823906246527481
    outer loop
      vertex 3.444936752319336 1.840355396270752 1.802203893661499
      vertex 3.4520647525787354 1.8295994997024536 1.7992804050445557
      vertex 3.438621997833252 1.8494243621826172 1.80288827419281
    endloop
  endfacet
  facet normal 0.8078405458280334 0.5729480176367703 -0.1382903525281503
    outer loop
      vertex 3.5308220386505127 1.7111597061157227 1.7686445713043213
      vertex 3.58963680267334 1.624389410018921 1.752722144126892
      vertex 3.529263973236084 1.7117996215820312 1.7621941566467285
    endloop
  endfacet
  facet normal 0.8078409324338648 0.5729485539811473 -0.13828587192947886
    outer loop
      vertex 3.3543777465820312 1.971470832824707 1.8164119720458984
      vertex 3.411634683609009 1.8853403329849243 1.7940391302108765
      vertex 3.432326316833496 1.850806713104248 1.7718355655670166
    endloop
  endfacet
  facet normal 0.8078473342091375 0.5729447284417722 -0.13826432208626338
    outer loop
      vertex 3.3543777465820312 1.971470832824707 1.8164119720458984
      vertex 3.432326316833496 1.850806713104248 1.7718355655670166
      vertex 3.3682117462158203 1.9472534656524658 1.7968881130218506
    endloop
  endfacet
  facet normal 0.8078444502337433 0.572945522957931 -0.13827787946379624
    outer loop
      vertex 3.432326316833496 1.850806713104248 1.7718355655670166
      vertex 3.411634683609009 1.8853403329849243 1.7940391302108765
      vertex 3.435474157333374 1.8501155376434326 1.787361979484558
    endloop
  endfacet
  facet normal 0.8078429259246028 0.5729473556439224 -0.13827919111064174
    outer loop
      vertex 3.3040969371795654 2.0436999797821045 1.8219406604766846
      vertex 3.2429800033569336 2.1424520015716553 1.8740586042404175
      vertex 3.3543777465820312 1.971470832824707 1.8164119720458984
    endloop
  endfacet
  facet normal 0.8078443055840939 0.5729476163921363 -0.13827005028538358
    outer loop
      vertex 3.3682117462158203 1.9472534656524658 1.7968881130218506
      vertex 3.3040969371795654 2.0436999797821045 1.8219406604766846
      vertex 3.3543777465820312 1.971470832824707 1.8164119720458984
    endloop
  endfacet
  facet normal 0.8078425252831263 0.5729476654669244 -0.13828024797556143
    outer loop
      vertex 3.2399821281433105 2.1401467323303223 1.8469932079315186
      vertex 3.2429800033569336 2.1424520015716553 1.8740586042404175
      vertex 3.3040969371795654 2.0436999797821045 1.8219406604766846
    endloop
  endfacet
  facet normal 0.8078413105010644 0.5729498942702547 -0.1382781099944118
    outer loop
      vertex 3.414750337600708 1.8840605020523071 1.806939959526062
      vertex 3.438621997833252 1.8494243621826172 1.80288827419281
      vertex 3.435474157333374 1.8501155376434326 1.787361979484558
    endloop
  endfacet
  facet normal 0.807847620663396 0.5729447581401546 -0.13826252532125133
    outer loop
      vertex 3.4131925106048584 1.8847004175186157 1.8004895448684692
      vertex 3.435474157333374 1.8501155376434326 1.787361979484558
      vertex 3.411634683609009 1.8853403329849243 1.7940391302108765
    endloop
  endfacet
  facet normal 0.807847620663396 0.5729447581401546 -0.13826252532125133
    outer loop
      vertex 3.4131925106048584 1.8847004175186157 1.8004895448684692
      vertex 3.414750337600708 1.8840605020523071 1.806939959526062
      vertex 3.435474157333374 1.8501155376434326 1.787361979484558
    endloop
  endfacet
  facet normal 0.8078375674305434 0.572949879490768 -0.1383000370188551
    outer loop
      vertex 3.4163084030151367 1.883420705795288 1.8133903741836548
      vertex 3.438621997833252 1.8494243621826172 1.80288827419281
      vertex 3.414750337600708 1.8840605020523071 1.806939959526062
    endloop
  endfacet
  facet normal 0.8078437362746834 0.5729469100033056 -0.13827630339079824
    outer loop
      vertex 3.3543777465820312 1.971470832824707 1.8164119720458984
      vertex 3.2429800033569336 2.1424520015716553 1.8740586042404175
      vertex 3.3574936389923096 1.9701910018920898 1.829312801361084
    endloop
  endfacet
  facet normal 0.8078516625556335 0.5729427796968881 -0.13824710665797732
    outer loop
      vertex 3.444936752319336 1.840355396270752 1.802203893661499
      vertex 3.438621997833252 1.8494243621826172 1.80288827419281
      vertex 3.4163084030151367 1.883420705795288 1.8133903741836548
    endloop
  endfacet
  facet normal 0.8078434899433847 0.5729463074449033 -0.138280239157094
    outer loop
      vertex 3.2429800033569336 2.1424520015716553 1.8740586042404175
      vertex 3.2399821281433105 2.1401467323303223 1.8469932079315186
      vertex 3.1758675575256348 2.23659348487854 1.8720457553863525
    endloop
  endfacet
  facet normal 0.8078432859848861 0.5729475873677486 -0.13827612743571246
    outer loop
      vertex 3.5354957580566406 1.7092400789260864 1.7879958152770996
      vertex 3.58963680267334 1.624389410018921 1.752722144126892
      vertex 3.5323798656463623 1.7105199098587036 1.775094985961914
    endloop
  endfacet
  facet normal 0.8078442675316555 0.5729471842152056 -0.13827206339716624
    outer loop
      vertex 3.5323798656463623 1.7105199098587036 1.775094985961914
      vertex 3.58963680267334 1.624389410018921 1.752722144126892
      vertex 3.5308220386505127 1.7111597061157227 1.7686445713043213
    endloop
  endfacet
  facet normal 0.8078527792102472 0.5729452383787185 -0.1382303908025766
    outer loop
      vertex 3.4751229286193848 1.7966502904891968 1.7974679470062256
      vertex 3.503751516342163 1.7535851001739502 1.7862814664840698
      vertex 3.4789505004882812 1.7899497747421265 1.7920645475387573
    endloop
  endfacet
  facet normal 0.8078482355294435 0.5729495718587826 -0.1382389831371827
    outer loop
      vertex 3.4655075073242188 1.80977463722229 1.7956724166870117
      vertex 3.4751229286193848 1.7966502904891968 1.7974679470062256
      vertex 3.4789505004882812 1.7899497747421265 1.7920645475387573
    endloop
  endfacet
  facet normal 0.8078412515606473 0.5729469560068687 -0.13829062831367195
    outer loop
      vertex 3.4789505004882812 1.7899497747421265 1.7920645475387573
      vertex 3.503751516342163 1.7535851001739502 1.7862814664840698
      vertex 3.5021934509277344 1.7542250156402588 1.779831051826477
    endloop
  endfacet
  facet normal 0.8078449492662761 0.5729477835916662 -0.13826559666947133
    outer loop
      vertex 3.53861141204834 1.7079603672027588 1.8008967638015747
      vertex 3.5989842414855957 1.6205500364303589 1.7914246320724487
      vertex 3.5354957580566406 1.7092400789260864 1.7879958152770996
    endloop
  endfacet
  facet normal 0.8078442240637996 0.5729469703756835 -0.13827320342019656
    outer loop
      vertex 3.58963680267334 1.624389410018921 1.752722144126892
      vertex 3.5354957580566406 1.7092400789260864 1.7879958152770996
      vertex 3.5989842414855957 1.6205500364303589 1.7914246320724487
    endloop
  endfacet
  facet normal 0.8078430244038037 0.5729477071143587 -0.13827715948237645
    outer loop
      vertex 3.536522150039673 1.7145105600357056 1.8158314228057861
      vertex 3.5989842414855957 1.6205500364303589 1.7914246320724487
      vertex 3.53861141204834 1.7079603672027588 1.8008967638015747
    endloop
  endfacet
  facet normal 0.8078462915932187 0.5729456577532253 -0.1382665629167368
    outer loop
      vertex 3.53861141204834 1.7079603672027588 1.8008967638015747
      vertex 3.4813547134399414 1.794090747833252 1.8232696056365967
      vertex 3.47406005859375 1.8084710836410522 1.8402382135391235
    endloop
  endfacet
  facet normal 0.8078430244038037 0.5729477071143587 -0.13827715948237645
    outer loop
      vertex 3.53861141204834 1.7079603672027588 1.8008967638015747
      vertex 3.47406005859375 1.8084710836410522 1.8402382135391235
      vertex 3.536522150039673 1.7145105600357056 1.8158314228057861
    endloop
  endfacet
  facet normal 0.8078439216042974 0.5729466312142819 -0.13827637581016997
    outer loop
      vertex 3.4209821224212646 1.8815009593963623 1.832741618156433
      vertex 3.4813547134399414 1.794090747833252 1.8232696056365967
      vertex 3.478238821029663 1.7953705787658691 1.8103687763214111
    endloop
  endfacet
  facet normal 0.8078463141858998 0.5729449294527431 -0.13826944879707795
    outer loop
      vertex 3.4464945793151855 1.839715600013733 1.8086543083190918
      vertex 3.4655075073242188 1.80977463722229 1.7956724166870117
      vertex 3.4520647525787354 1.8295994997024536 1.7992804050445557
    endloop
  endfacet
  facet normal 0.8078443619604954 0.5729466487171192 -0.1382737305942898
    outer loop
      vertex 3.4813547134399414 1.794090747833252 1.8232696056365967
      vertex 3.4209821224212646 1.8815009593963623 1.832741618156433
      vertex 3.4115982055664062 1.902431607246399 1.864645004272461
    endloop
  endfacet
  facet normal 0.8078467070019721 0.5729452072603555 -0.13826600255832225
    outer loop
      vertex 3.4813547134399414 1.794090747833252 1.8232696056365967
      vertex 3.4115982055664062 1.902431607246399 1.864645004272461
      vertex 3.47406005859375 1.8084710836410522 1.8402382135391235
    endloop
  endfacet
  facet normal 0.8078437164816117 0.5729474105509875 -0.13827434499608257
    outer loop
      vertex 3.4209821224212646 1.8815009593963623 1.832741618156433
      vertex 3.363725185394287 1.967631459236145 1.855114459991455
      vertex 3.3491361141204834 1.9963921308517456 1.8890517950057983
    endloop
  endfacet
  facet normal 0.807843678922014 0.5729474382865005 -0.1382744495077903
    outer loop
      vertex 3.4209821224212646 1.8815009593963623 1.832741618156433
      vertex 3.3491361141204834 1.9963921308517456 1.8890517950057983
      vertex 3.4115982055664062 1.902431607246399 1.864645004272461
    endloop
  endfacet
  facet normal 0.8078446439680899 0.5729464047484814 -0.13827309390427148
    outer loop
      vertex 3.2866742610931396 2.0903525352478027 1.9134585857391357
      vertex 3.3491361141204834 1.9963921308517456 1.8890517950057983
      vertex 3.363725185394287 1.967631459236145 1.855114459991455
    endloop
  endfacet
  facet normal 0.8078436110526712 0.5729471523977449 -0.13827603060796917
    outer loop
      vertex 3.2866742610931396 2.0903525352478027 1.9134585857391357
      vertex 3.363725185394287 1.967631459236145 1.855114459991455
      vertex 3.249211549758911 2.139892339706421 1.8998602628707886
    endloop
  endfacet
  facet normal 0.8078435973800708 0.5729473872860281 -0.13827513722336393
    outer loop
      vertex 3.224212169647217 2.1843130588531494 1.9378652572631836
      vertex 3.2866742610931396 2.0903525352478027 1.9134585857391357
      vertex 3.249211549758911 2.139892339706421 1.8998602628707886
    endloop
  endfacet
  facet normal 0.8078441791874749 0.5729462437347774 -0.13827647646336766
    outer loop
      vertex 3.249211549758911 2.139892339706421 1.8998602628707886
      vertex 3.246095657348633 2.141172170639038 1.886959433555603
      vertex 3.183424472808838 2.235593795776367 1.9120538234710693
    endloop
  endfacet
  facet normal 0.8078468252829071 0.5729445825434498 -0.1382679001592202
    outer loop
      vertex 3.4655075073242188 1.80977463722229 1.7956724166870117
      vertex 3.4464945793151855 1.839715600013733 1.8086543083190918
      vertex 3.4751229286193848 1.7966502904891968 1.7974679470062256
    endloop
  endfacet
  facet normal 0.8078462876016815 0.5729441454664522 -0.13827285266420855
    outer loop
      vertex 3.5006356239318848 1.7548648118972778 1.7733806371688843
      vertex 3.4789505004882812 1.7899497747421265 1.7920645475387573
      vertex 3.5021934509277344 1.7542250156402588 1.779831051826477
    endloop
  endfacet
  facet normal 0.8078475933540353 0.5729447992212269 -0.13826251465036016
    outer loop
      vertex 3.246095657348633 2.141172170639038 1.886959433555603
      vertex 3.2429800033569336 2.1424520015716553 1.8740586042404175
      vertex 3.183424472808838 2.235593795776367 1.9120538234710693
    endloop
  endfacet
  facet normal 0.8078397820538384 0.5729520308169385 -0.13827818668883662
    outer loop
      vertex 3.140005350112915 2.294922351837158 1.9042152166366577
      vertex 3.1368114948272705 2.295344829559326 1.887306809425354
      vertex 3.1253504753112793 2.315992593765259 1.9059034585952759
    endloop
  endfacet
  facet normal 0.807845580638366 0.5729462629429027 -0.1382682090099656
    outer loop
      vertex 3.0680935382843018 2.402123212814331 1.9282763004302979
      vertex 3.1253504753112793 2.315992593765259 1.9059034585952759
      vertex 3.1368114948272705 2.295344829559326 1.887306809425354
    endloop
  endfacet
  facet normal 0.8078455149766636 0.5729463034613904 -0.13826842474700313
    outer loop
      vertex 3.0680935382843018 2.402123212814331 1.9282763004302979
      vertex 3.1368114948272705 2.295344829559326 1.887306809425354
      vertex 3.056205987930298 2.416598320007324 1.918803095817566
    endloop
  endfacet
  facet normal 0.8078456168334118 0.5729460270844722 -0.13826897486841974
    outer loop
      vertex 3.0108368396759033 2.488253593444824 1.9506492614746094
      vertex 3.0680935382843018 2.402123212814331 1.9282763004302979
      vertex 3.056205987930298 2.416598320007324 1.918803095817566
    endloop
  endfacet
  facet normal 0.8078469804845303 0.5729442552541455 -0.1382683495717641
    outer loop
      vertex 3.1284663677215576 2.3147130012512207 1.9188042879104614
      vertex 3.1431989669799805 2.2944998741149902 1.9211236238479614
      vertex 3.140005350112915 2.294922351837158 1.9042152166366577
    endloop
  endfacet
  facet normal 0.8078456368610929 0.5729465481339252 -0.13826669875973419
    outer loop
      vertex 3.1431989669799805 2.2944998741149902 1.9211236238479614
      vertex 3.131582021713257 2.3134331703186035 1.931705117225647
      vertex 3.163311719894409 2.2650468349456787 1.9165887832641602
    endloop
  endfacet
  facet normal 0.807827942602641 0.5729617390406604 -0.13830712471122408
    outer loop
      vertex 3.140005350112915 2.294922351837158 1.9042152166366577
      vertex 3.126908302307129 2.31535267829895 1.9123538732528687
      vertex 3.1284663677215576 2.3147130012512207 1.9188042879104614
    endloop
  endfacet
  facet normal 0.8078473318496436 0.5729451925982341 -0.1382624124698544
    outer loop
      vertex 3.1431989669799805 2.2944998741149902 1.9211236238479614
      vertex 3.1284663677215576 2.3147130012512207 1.9188042879104614
      vertex 3.1300241947174072 2.314073085784912 1.9252547025680542
    endloop
  endfacet
  facet normal 0.8078424798122618 0.5729524913671684 -0.13826051658709437
    outer loop
      vertex 3.126908302307129 2.31535267829895 1.9123538732528687
      vertex 3.140005350112915 2.294922351837158 1.9042152166366577
      vertex 3.1253504753112793 2.315992593765259 1.9059034585952759
    endloop
  endfacet
  facet normal 0.8078473318496436 0.5729451925982341 -0.1382624124698544
    outer loop
      vertex 3.1431989669799805 2.2944998741149902 1.9211236238479614
      vertex 3.1300241947174072 2.314073085784912 1.9252547025680542
      vertex 3.131582021713257 2.3134331703186035 1.931705117225647
    endloop
  endfacet
  facet normal 0.8078442247122212 0.5729469828737449 -0.13827314784506484
    outer loop
      vertex 3.2429800033569336 2.1424520015716553 1.8740586042404175
      vertex 3.1758675575256348 2.23659348487854 1.8720457553863525
      vertex 3.183424472808838 2.235593795776367 1.9120538234710693
    endloop
  endfacet
  facet normal 0.8078452447129294 0.5729469653460123 -0.1382672611123202
    outer loop
      vertex 2.952022075653076 2.575023889541626 1.9665716886520386
      vertex 3.0108368396759033 2.488253593444824 1.9506492614746094
      vertex 2.975600481033325 2.5378518104553223 1.9502993822097778
    endloop
  endfacet
  facet normal 0.8078447798541648 0.5729466054133947 -0.1382714685234952
    outer loop
      vertex 3.056205987930298 2.416598320007324 1.918803095817566
      vertex 2.975600481033325 2.5378518104553223 1.9502993822097778
      vertex 3.0108368396759033 2.488253593444824 1.9506492614746094
    endloop
  endfacet
  facet normal 0.8078509248337009 0.5729430827822265 -0.13825016143691465
    outer loop
      vertex 2.952022075653076 2.575023889541626 1.9665716886520386
      vertex 2.975600481033325 2.5378518104553223 1.9502993822097778
      vertex 2.923393726348877 2.618089199066162 1.9777581691741943
    endloop
  endfacet
  facet normal 0.807844135257822 0.5729468701743589 -0.13827413744785508
    outer loop
      vertex 2.8949949741363525 2.6591053009033203 1.9817956686019897
      vertex 2.923393726348877 2.618089199066162 1.9777581691741943
      vertex 2.975600481033325 2.5378518104553223 1.9502993822097778
    endloop
  endfacet
  facet normal 0.8078450958055241 0.5729469501804999 -0.1382681939631363
    outer loop
      vertex 2.899221658706665 2.657857894897461 2.00132155418396
      vertex 2.923393726348877 2.618089199066162 1.9777581691741943
      vertex 2.8949949741363525 2.6591053009033203 1.9817956686019897
    endloop
  endfacet
  facet normal 0.8078463123624939 0.572946726192979 -0.13826201411475067
    outer loop
      vertex 2.953579902648926 2.5743839740753174 1.9730221033096313
      vertex 3.0108368396759033 2.488253593444824 1.9506492614746094
      vertex 2.952022075653076 2.575023889541626 1.9665716886520386
    endloop
  endfacet
  facet normal 0.8078453971316301 0.5729481029516078 -0.13826165649735558
    outer loop
      vertex 2.928067445755005 2.6161694526672363 1.9971094131469727
      vertex 2.9265096187591553 2.616809368133545 1.9906589984893799
      vertex 2.899221658706665 2.657857894897461 2.00132155418396
    endloop
  endfacet
  facet normal 0.8078386457592587 0.5729508758852289 -0.13828961002257628
    outer loop
      vertex 2.9249515533447266 2.6174492835998535 1.984208583831787
      vertex 2.899221658706665 2.657857894897461 2.00132155418396
      vertex 2.9265096187591553 2.616809368133545 1.9906589984893799
    endloop
  endfacet
  facet normal 0.8078426831080711 0.5729479085486802 -0.13827831875766264
    outer loop
      vertex 2.9034485816955566 2.6566104888916016 2.0208473205566406
      vertex 2.928067445755005 2.6161694526672363 1.9971094131469727
      vertex 2.899221658706665 2.657857894897461 2.00132155418396
    endloop
  endfacet
  facet normal 0.8078474636590472 0.5729449943194415 -0.13826246397319658
    outer loop
      vertex 2.899221658706665 2.657857894897461 2.00132155418396
      vertex 2.9249515533447266 2.6174492835998535 1.984208583831787
      vertex 2.923393726348877 2.618089199066162 1.9777581691741943
    endloop
  endfacet
  facet normal 0.8078421416147303 0.5729466905830213 -0.13828652856041093
    outer loop
      vertex 2.928067445755005 2.6161694526672363 1.9971094131469727
      vertex 2.931183338165283 2.6148898601531982 2.010010242462158
      vertex 2.9598116874694824 2.571824550628662 1.9988237619400024
    endloop
  endfacet
  facet normal 0.8078431388152874 0.5729478087525839 -0.13827606992779745
    outer loop
      vertex 2.928067445755005 2.6161694526672363 1.9971094131469727
      vertex 2.9598116874694824 2.571824550628662 1.9988237619400024
      vertex 2.956695795059204 2.5731043815612793 1.985922932624817
    endloop
  endfacet
  facet normal 0.8078432916477426 0.5729475788492031 -0.13827612964852756
    outer loop
      vertex 3.134697914123535 2.3121533393859863 1.9446059465408325
      vertex 3.183424472808838 2.235593795776367 1.9120538234710693
      vertex 3.131582021713257 2.3134331703186035 1.931705117225647
    endloop
  endfacet
  facet normal 0.8078447315698515 0.5729470095584814 -0.13827007598474841
    outer loop
      vertex 3.163311719894409 2.2650468349456787 1.9165887832641602
      vertex 3.131582021713257 2.3134331703186035 1.931705117225647
      vertex 3.183424472808838 2.235593795776367 1.9120538234710693
    endloop
  endfacet
  facet normal 0.8078425378585004 0.5729483687412525 -0.13827726054227182
    outer loop
      vertex 3.134697914123535 2.3121533393859863 1.9446059465408325
      vertex 3.0774409770965576 2.3982837200164795 1.966978907585144
      vertex 3.09928822517395 2.3722341060638428 1.9866788387298584
    endloop
  endfacet
  facet normal 0.8078434864706137 0.5729475173320934 -0.13827524633857674
    outer loop
      vertex 3.134697914123535 2.3121533393859863 1.9446059465408325
      vertex 3.09928822517395 2.3722341060638428 1.9866788387298584
      vertex 3.161750316619873 2.278273582458496 1.962272047996521
    endloop
  endfacet
  facet normal 0.8078446201005991 0.5729455804731348 -0.13827664875466533
    outer loop
      vertex 3.0233001708984375 2.4831345081329346 2.0022525787353516
      vertex 3.0774409770965576 2.3982837200164795 1.966978907585144
      vertex 3.020184278488159 2.4844143390655518 1.989351749420166
    endloop
  endfacet
  facet normal 0.8078436762652274 0.5729468885631754 -0.13827674281692828
    outer loop
      vertex 3.249211549758911 2.139892339706421 1.8998602628707886
      vertex 3.134697914123535 2.3121533393859863 1.9446059465408325
      vertex 3.161750316619873 2.278273582458496 1.962272047996521
    endloop
  endfacet
  facet normal 0.8078451946128083 0.5729458284827506 -0.13827226462746772
    outer loop
      vertex 3.249211549758911 2.139892339706421 1.8998602628707886
      vertex 3.161750316619873 2.278273582458496 1.962272047996521
      vertex 3.224212169647217 2.1843130588531494 1.9378652572631836
    endloop
  endfacet
  facet normal 0.807842585276301 0.5729468156933627 -0.13828341838752048
    outer loop
      vertex 2.9676010608673096 2.5686252117156982 2.031075954437256
      vertex 2.9743642807006836 2.560155153274536 2.035492420196533
      vertex 3.0368261337280273 2.4661946296691895 2.0110857486724854
    endloop
  endfacet
  facet normal 0.807847121833869 0.5729461085534151 -0.13825984391077645
    outer loop
      vertex 3.09928822517395 2.3722341060638428 1.9866788387298584
      vertex 3.0233001708984375 2.4831345081329346 2.0022525787353516
      vertex 3.0368261337280273 2.4661946296691895 2.0110857486724854
    endloop
  endfacet
  facet normal 0.8078472715942122 0.5729456124784281 -0.1382610245857662
    outer loop
      vertex 3.0368261337280273 2.4661946296691895 2.0110857486724854
      vertex 3.0233001708984375 2.4831345081329346 2.0022525787353516
      vertex 2.9676010608673096 2.5686252117156982 2.031075954437256
    endloop
  endfacet
  facet normal 0.8078433233229436 0.5729464333726115 -0.13828069080007366
    outer loop
      vertex 3.0774409770965576 2.3982837200164795 1.966978907585144
      vertex 3.0233001708984375 2.4831345081329346 2.0022525787353516
      vertex 3.09928822517395 2.3722341060638428 1.9866788387298584
    endloop
  endfacet
  facet normal 0.8078453527330561 0.5729461999764731 -0.13826980147567866
    outer loop
      vertex 3.134697914123535 2.3121533393859863 1.9446059465408325
      vertex 3.249211549758911 2.139892339706421 1.8998602628707886
      vertex 3.183424472808838 2.235593795776367 1.9120538234710693
    endloop
  endfacet
  facet normal 0.8078454748912648 0.572947985979956 -0.13826168688114293
    outer loop
      vertex 2.9034485816955566 2.6566104888916016 2.0208473205566406
      vertex 2.932741165161133 2.6142499446868896 2.016460657119751
      vertex 2.931183338165283 2.6148898601531982 2.010010242462158
    endloop
  endfacet
  facet normal 0.8078398754690892 0.5729490260514273 -0.13829009056619726
    outer loop
      vertex 2.9076755046844482 2.655363082885742 2.0403733253479004
      vertex 2.935857057571411 2.6129701137542725 2.0293614864349365
      vertex 2.9342989921569824 2.613610029220581 2.0229110717773438
    endloop
  endfacet
  facet normal 0.807848627868502 0.5729432430130396 -0.13826291887805559
    outer loop
      vertex 2.9342989921569824 2.613610029220581 2.0229110717773438
      vertex 2.932741165161133 2.6142499446868896 2.016460657119751
      vertex 2.9076755046844482 2.655363082885742 2.0403733253479004
    endloop
  endfacet
  facet normal 0.8078430100801913 0.5729478368274831 -0.1382767057001431
    outer loop
      vertex 2.932741165161133 2.6142499446868896 2.016460657119751
      vertex 2.9034485816955566 2.6566104888916016 2.0208473205566406
      vertex 2.9076755046844482 2.655363082885742 2.0403733253479004
    endloop
  endfacet
  facet normal 0.8078397050906104 0.572950355791461 -0.13828557653477022
    outer loop
      vertex 2.9034485816955566 2.6566104888916016 2.0208473205566406
      vertex 2.931183338165283 2.6148898601531982 2.010010242462158
      vertex 2.928067445755005 2.6161694526672363 1.9971094131469727
    endloop
  endfacet
  facet normal 0.8078414398073374 0.5729488197245559 -0.13828180685197408
    outer loop
      vertex 3.0233001708984375 2.4831345081329346 2.0022525787353516
      vertex 2.96604323387146 2.5692648887634277 2.024625539779663
      vertex 2.9676010608673096 2.5686252117156982 2.031075954437256
    endloop
  endfacet
  facet normal 0.8078480800180837 0.5729440671389232 -0.13826270481010122
    outer loop
      vertex 2.9389727115631104 2.6116902828216553 2.042262315750122
      vertex 2.9374148845672607 2.612330198287964 2.0358119010925293
      vertex 2.9119021892547607 2.654115676879883 2.059899091720581
    endloop
  endfacet
  facet normal 0.8078454648933591 0.5729461951306151 -0.13826916625402752
    outer loop
      vertex 2.9076755046844482 2.655363082885742 2.0403733253479004
      vertex 2.9119021892547607 2.654115676879883 2.059899091720581
      vertex 2.9374148845672607 2.612330198287964 2.0358119010925293
    endloop
  endfacet
  facet normal 0.8078422451197576 0.5729479426801398 -0.13828073610761796
    outer loop
      vertex 2.9119021892547607 2.654115676879883 2.059899091720581
      vertex 2.9743642807006836 2.560155153274536 2.035492420196533
      vertex 2.9676010608673096 2.5686252117156982 2.031075954437256
    endloop
  endfacet
  facet normal 0.8078418947662881 0.5729481353459045 -0.13828198459692717
    outer loop
      vertex 2.9119021892547607 2.654115676879883 2.059899091720581
      vertex 2.9676010608673096 2.5686252117156982 2.031075954437256
      vertex 2.9389727115631104 2.6116902828216553 2.042262315750122
    endloop
  endfacet
  facet normal 0.8078466268794755 0.5729462530718614 -0.13826213700926324
    outer loop
      vertex 2.9374148845672607 2.612330198287964 2.0358119010925293
      vertex 2.935857057571411 2.6129701137542725 2.0293614864349365
      vertex 2.9076755046844482 2.655363082885742 2.0403733253479004
    endloop
  endfacet
  facet normal -0.8078473966870371 -0.572945095064386 0.13826243780448302
    outer loop
      vertex 2.9275028705596924 2.5080246925354004 1.9796274900436401
      vertex 2.9259450435638428 2.508664608001709 1.9731770753860474
      vertex 2.9813077449798584 2.4253833293914795 1.9515444040298462
    endloop
  endfacet
  facet normal -0.8078409414505621 -0.5729474225042321 0.13829050712910973
    outer loop
      vertex 2.9844233989715576 2.4241037368774414 1.9644452333450317
      vertex 2.929060935974121 2.507384777069092 1.986077904701233
      vertex 2.9275028705596924 2.5080246925354004 1.9796274900436401
    endloop
  endfacet
  facet normal -0.8078446414107234 -0.5729466217986854 0.13827220947628513
    outer loop
      vertex 2.9813077449798584 2.4253833293914795 1.9515444040298462
      vertex 2.9844233989715576 2.4241037368774414 1.9644452333450317
      vertex 2.9275028705596924 2.5080246925354004 1.9796274900436401
    endloop
  endfacet
  facet normal -0.8078397485321109 -0.5729492170012215 0.1382900409619688
    outer loop
      vertex 2.929060935974121 2.507384777069092 1.986077904701233
      vertex 2.9013795852661133 2.549025297164917 1.996894359588623
      vertex 2.8998215198516846 2.5496652126312256 1.9904439449310303
    endloop
  endfacet
  facet normal -0.8078397485321109 -0.5729492170012215 0.1382900409619688
    outer loop
      vertex 2.929060935974121 2.507384777069092 1.986077904701233
      vertex 2.8998215198516846 2.5496652126312256 1.9904439449310303
      vertex 2.9275028705596924 2.5080246925354004 1.9796274900436401
    endloop
  endfacet
  facet normal -0.8078464999617172 -0.5729464439915828 0.13826208741735174
    outer loop
      vertex 2.9275028705596924 2.5080246925354004 1.9796274900436401
      vertex 2.8998215198516846 2.5496652126312256 1.9904439449310303
      vertex 2.898263692855835 2.550305128097534 1.9839935302734375
    endloop
  endfacet
  facet normal -0.8078464999617172 -0.5729464439915828 0.13826208741735174
    outer loop
      vertex 2.9275028705596924 2.5080246925354004 1.9796274900436401
      vertex 2.898263692855835 2.550305128097534 1.9839935302734375
      vertex 2.9259450435638428 2.508664608001709 1.9731770753860474
    endloop
  endfacet
  facet normal -0.8078470776753044 -0.5729462066726362 0.1382596953233569
    outer loop
      vertex 2.9259450435638428 2.508664608001709 1.9731770753860474
      vertex 2.898263692855835 2.550305128097534 1.9839935302734375
      vertex 2.8967058658599854 2.5509450435638428 1.9775429964065552
    endloop
  endfacet
  facet normal -0.8078466742895941 -0.5729461817537892 0.13826215553432036
    outer loop
      vertex 2.9259450435638428 2.508664608001709 1.9731770753860474
      vertex 2.8967058658599854 2.5509450435638428 1.9775429964065552
      vertex 2.924387216567993 2.5093045234680176 1.9667266607284546
    endloop
  endfacet
  facet normal -0.8078418286219609 -0.57294747738889 0.1382850971089573
    outer loop
      vertex 2.9906551837921143 2.421544075012207 1.9902468919754028
      vertex 2.9352924823760986 2.5048253536224365 2.0118796825408936
      vertex 2.9321765899658203 2.5061049461364746 1.9989787340164185
    endloop
  endfacet
  facet normal -0.8078432986618646 -0.5729475682979699 0.1382761323893625
    outer loop
      vertex 2.9906551837921143 2.421544075012207 1.9902468919754028
      vertex 2.9321765899658203 2.5061049461364746 1.9989787340164185
      vertex 2.987539291381836 2.422823905944824 1.9773460626602173
    endloop
  endfacet
  facet normal -0.8078464999617172 -0.5729464439915828 0.13826208741735174
    outer loop
      vertex 2.9321765899658203 2.5061049461364746 1.9989787340164185
      vertex 2.9044952392578125 2.5477454662323 2.0097951889038086
      vertex 2.902937412261963 2.5483853816986084 2.003344774246216
    endloop
  endfacet
  facet normal -0.8078464999617172 -0.5729464439915828 0.13826208741735174
    outer loop
      vertex 2.9321765899658203 2.5061049461364746 1.9989787340164185
      vertex 2.902937412261963 2.5483853816986084 2.003344774246216
      vertex 2.9306187629699707 2.506744861602783 1.9925283193588257
    endloop
  endfacet
  facet normal -0.8078464999617172 -0.5729464439915828 0.13826208741735174
    outer loop
      vertex 2.9306187629699707 2.506744861602783 1.9925283193588257
      vertex 2.902937412261963 2.5483853816986084 2.003344774246216
      vertex 2.9013795852661133 2.549025297164917 1.996894359588623
    endloop
  endfacet
  facet normal -0.8078464999617172 -0.5729464439915828 0.13826208741735174
    outer loop
      vertex 2.9306187629699707 2.506744861602783 1.9925283193588257
      vertex 2.9013795852661133 2.549025297164917 1.996894359588623
      vertex 2.929060935974121 2.507384777069092 1.986077904701233
    endloop
  endfacet
  facet normal -0.8078476928634056 -0.5729446495307126 0.1382625535327688
    outer loop
      vertex 2.9306187629699707 2.506744861602783 1.9925283193588257
      vertex 2.929060935974121 2.507384777069092 1.986077904701233
      vertex 2.9844233989715576 2.4241037368774414 1.9644452333450317
    endloop
  endfacet
  facet normal -0.8078466742895941 -0.5729461817537892 0.13826215553432036
    outer loop
      vertex 2.987539291381836 2.422823905944824 1.9773460626602173
      vertex 2.9321765899658203 2.5061049461364746 1.9989787340164185
      vertex 2.9306187629699707 2.506744861602783 1.9925283193588257
    endloop
  endfacet
  facet normal -0.8078438079445509 -0.5729468021912436 0.1382763313965023
    outer loop
      vertex 2.9844233989715576 2.4241037368774414 1.9644452333450317
      vertex 2.987539291381836 2.422823905944824 1.9773460626602173
      vertex 2.9306187629699707 2.506744861602783 1.9925283193588257
    endloop
  endfacet
  facet normal -0.8078466742895941 -0.5729461817537892 0.13826215553432036
    outer loop
      vertex 2.9399662017822266 2.5029056072235107 2.031230926513672
      vertex 2.9122848510742188 2.544546127319336 2.0420472621917725
      vertex 2.910727024078369 2.5451860427856445 2.0355968475341797
    endloop
  endfacet
  facet normal -0.8078466742895941 -0.5729461817537892 0.13826215553432036
    outer loop
      vertex 2.9399662017822266 2.5029056072235107 2.031230926513672
      vertex 2.910727024078369 2.5451860427856445 2.0355968475341797
      vertex 2.938408374786377 2.5035455226898193 2.024780511856079
    endloop
  endfacet
  facet normal -0.8078399228937758 -0.5729489547110076 0.1382901090987426
    outer loop
      vertex 2.938408374786377 2.5035455226898193 2.024780511856079
      vertex 2.910727024078369 2.5451860427856445 2.0355968475341797
      vertex 2.9091689586639404 2.545825958251953 2.029146432876587
    endloop
  endfacet
  facet normal -0.8078399228937758 -0.5729489547110076 0.1382901090987426
    outer loop
      vertex 2.938408374786377 2.5035455226898193 2.024780511856079
      vertex 2.9091689586639404 2.545825958251953 2.029146432876587
      vertex 2.9368503093719482 2.504185438156128 2.0183300971984863
    endloop
  endfacet
  facet normal -0.8078466742895941 -0.5729461817537892 0.13826215553432036
    outer loop
      vertex 2.9368503093719482 2.504185438156128 2.0183300971984863
      vertex 2.9091689586639404 2.545825958251953 2.029146432876587
      vertex 2.907611131668091 2.5464658737182617 2.022696018218994
    endloop
  endfacet
  facet normal -0.8078466742895941 -0.5729461817537892 0.13826215553432036
    outer loop
      vertex 2.9368503093719482 2.504185438156128 2.0183300971984863
      vertex 2.907611131668091 2.5464658737182617 2.022696018218994
      vertex 2.9352924823760986 2.5048253536224365 2.0118796825408936
    endloop
  endfacet
  facet normal -0.8078473095232488 -0.5729452261834648 0.13826240374601692
    outer loop
      vertex 2.9368503093719482 2.504185438156128 2.0183300971984863
      vertex 2.9352924823760986 2.5048253536224365 2.0118796825408936
      vertex 2.9906551837921143 2.421544075012207 1.9902468919754028
    endloop
  endfacet
  facet normal -0.8078414894808384 -0.5729465981040767 0.13829072128796666
    outer loop
      vertex 2.9937708377838135 2.42026424407959 2.003147602081299
      vertex 2.938408374786377 2.5035455226898193 2.024780511856079
      vertex 2.9368503093719482 2.504185438156128 2.0183300971984863
    endloop
  endfacet
  facet normal -0.8078469770751223 -0.5729454104036785 0.13826358279730458
    outer loop
      vertex 2.9906551837921143 2.421544075012207 1.9902468919754028
      vertex 2.9937708377838135 2.42026424407959 2.003147602081299
      vertex 2.9368503093719482 2.504185438156128 2.0183300971984863
    endloop
  endfacet
  facet normal -0.8078465871256445 -0.5729463128727257 0.13826212147582945
    outer loop
      vertex 3.0935909748077393 2.25818133354187 1.9147292375564575
      vertex 3.095148801803589 2.2575414180755615 1.9211796522140503
      vertex 3.0397861003875732 2.340822458267212 1.942812442779541
    endloop
  endfacet
  facet normal -0.8078408542696028 -0.5729475536500954 0.1382904730606172
    outer loop
      vertex 3.036670446395874 2.342102289199829 1.9299116134643555
      vertex 3.0920329093933105 2.2588212490081787 1.9082788228988647
      vertex 3.0935909748077393 2.25818133354187 1.9147292375564575
    endloop
  endfacet
  facet normal -0.8078465871256445 -0.5729463128727257 0.13826212147582945
    outer loop
      vertex 3.0397861003875732 2.340822458267212 1.942812442779541
      vertex 3.036670446395874 2.342102289199829 1.9299116134643555
      vertex 3.0935909748077393 2.25818133354187 1.9147292375564575
    endloop
  endfacet
  facet normal -0.8078449154412273 -0.5729462095812109 0.13827231654340416
    outer loop
      vertex 3.0397861003875732 2.340822458267212 1.942812442779541
      vertex 2.9844233989715576 2.4241037368774414 1.9644452333450317
      vertex 2.9813077449798584 2.4253833293914795 1.9515444040298462
    endloop
  endfacet
  facet normal -0.8078465871256445 -0.5729463128727257 0.13826212147582945
    outer loop
      vertex 3.0397861003875732 2.340822458267212 1.942812442779541
      vertex 2.9813077449798584 2.4253833293914795 1.9515444040298462
      vertex 3.036670446395874 2.342102289199829 1.9299116134643555
    endloop
  endfacet
  facet normal -0.8078450396202852 -0.5729449493923469 0.13827681268636832
    outer loop
      vertex 3.1013803482055664 2.254981756210327 1.946981430053711
      vertex 3.04601788520813 2.3382630348205566 1.968614101409912
      vertex 3.0429019927978516 2.339542865753174 1.9557132720947266
    endloop
  endfacet
  facet normal -0.8078473966870371 -0.572945095064386 0.13826243780448302
    outer loop
      vertex 3.1013803482055664 2.254981756210327 1.946981430053711
      vertex 3.0429019927978516 2.339542865753174 1.9557132720947266
      vertex 3.098264694213867 2.2562615871429443 1.9340806007385254
    endloop
  endfacet
  facet normal -0.807843211489468 -0.5729476994300116 0.13827609832592047
    outer loop
      vertex 3.04601788520813 2.3382630348205566 1.968614101409912
      vertex 2.9906551837921143 2.421544075012207 1.9902468919754028
      vertex 2.987539291381836 2.422823905944824 1.9773460626602173
    endloop
  endfacet
  facet normal -0.807843211489468 -0.5729476994300116 0.13827609832592047
    outer loop
      vertex 3.04601788520813 2.3382630348205566 1.968614101409912
      vertex 2.987539291381836 2.422823905944824 1.9773460626602173
      vertex 3.0429019927978516 2.339542865753174 1.9557132720947266
    endloop
  endfacet
  facet normal -0.807843211489468 -0.5729476994300116 0.13827609832592047
    outer loop
      vertex 3.0429019927978516 2.339542865753174 1.9557132720947266
      vertex 2.987539291381836 2.422823905944824 1.9773460626602173
      vertex 2.9844233989715576 2.4241037368774414 1.9644452333450317
    endloop
  endfacet
  facet normal -0.8078415396884343 -0.5729475960505843 0.13828629336877954
    outer loop
      vertex 3.0429019927978516 2.339542865753174 1.9557132720947266
      vertex 2.9844233989715576 2.4241037368774414 1.9644452333450317
      vertex 3.0397861003875732 2.340822458267212 1.942812442779541
    endloop
  endfacet
  facet normal -0.8078406452886777 -0.5729478680188246 0.1382903913952683
    outer loop
      vertex 3.0967066287994385 2.256901502609253 1.9276301860809326
      vertex 3.098264694213867 2.2562615871429443 1.9340806007385254
      vertex 3.0429019927978516 2.339542865753174 1.9557132720947266
    endloop
  endfacet
  facet normal -0.8078471648378662 -0.5729460755559892 0.13825972938065614
    outer loop
      vertex 3.0397861003875732 2.340822458267212 1.942812442779541
      vertex 3.095148801803589 2.2575414180755615 1.9211796522140503
      vertex 3.0967066287994385 2.256901502609253 1.9276301860809326
    endloop
  endfacet
  facet normal -0.8078417749506283 -0.5729472421499022 0.13828638529312948
    outer loop
      vertex 3.0429019927978516 2.339542865753174 1.9557132720947266
      vertex 3.0397861003875732 2.340822458267212 1.942812442779541
      vertex 3.0967066287994385 2.256901502609253 1.9276301860809326
    endloop
  endfacet
  facet normal -0.8078378025953852 -0.5729495257363127 0.13830012890953416
    outer loop
      vertex 3.3150415420532227 1.9250566959381104 1.8281983137130737
      vertex 3.3165996074676514 1.9244168996810913 1.8346487283706665
      vertex 3.2612369060516357 2.0076980590820312 1.8562815189361572
    endloop
  endfacet
  facet normal -0.8078465871256445 -0.5729463128727257 0.13826212147582945
    outer loop
      vertex 3.2581210136413574 2.0089776515960693 1.8433806896209717
      vertex 3.313483715057373 1.925696611404419 1.821747899055481
      vertex 3.3150415420532227 1.9250566959381104 1.8281983137130737
    endloop
  endfacet
  facet normal -0.807841687771457 -0.572947373291999 0.13828635122947724
    outer loop
      vertex 3.2612369060516357 2.0076980590820312 1.8562815189361572
      vertex 3.2581210136413574 2.0089776515960693 1.8433806896209717
      vertex 3.3150415420532227 1.9250566959381104 1.8281983137130737
    endloop
  endfacet
  facet normal -0.8078432986618646 -0.5729475682979699 0.1382761323893625
    outer loop
      vertex 3.2612369060516357 2.0076980590820312 1.8562815189361572
      vertex 3.20587420463562 2.0909790992736816 1.8779141902923584
      vertex 3.202758312225342 2.092258930206299 1.8650133609771729
    endloop
  endfacet
  facet normal -0.807841626867467 -0.5729474649087748 0.13828632743236982
    outer loop
      vertex 3.2612369060516357 2.0076980590820312 1.8562815189361572
      vertex 3.202758312225342 2.092258930206299 1.8650133609771729
      vertex 3.2581210136413574 2.0089776515960693 1.8433806896209717
    endloop
  endfacet
  facet normal -0.807843211489468 -0.5729476994300116 0.13827609832592047
    outer loop
      vertex 3.322831153869629 1.9218573570251465 1.8604503870010376
      vertex 3.2674684524536133 2.005138397216797 1.8820831775665283
      vertex 3.264352560043335 2.006418228149414 1.8691823482513428
    endloop
  endfacet
  facet normal -0.8078423755996549 -0.5729476477479382 0.13828119584965498
    outer loop
      vertex 3.322831153869629 1.9218573570251465 1.8604503870010376
      vertex 3.264352560043335 2.006418228149414 1.8691823482513428
      vertex 3.3197152614593506 1.9231370687484741 1.847549557685852
    endloop
  endfacet
  facet normal -0.8078450026118128 -0.5729460784525063 0.1382723506020434
    outer loop
      vertex 3.2674684524536133 2.005138397216797 1.8820831775665283
      vertex 3.2121057510375977 2.0884196758270264 1.9037158489227295
      vertex 3.2089900970458984 2.0896992683410645 1.890815019607544
    endloop
  endfacet
  facet normal -0.8078443172271638 -0.572946036083044 0.13827653040377053
    outer loop
      vertex 3.2674684524536133 2.005138397216797 1.8820831775665283
      vertex 3.2089900970458984 2.0896992683410645 1.890815019607544
      vertex 3.264352560043335 2.006418228149414 1.8691823482513428
    endloop
  endfacet
  facet normal -0.8078443172271638 -0.572946036083044 0.13827653040377053
    outer loop
      vertex 3.264352560043335 2.006418228149414 1.8691823482513428
      vertex 3.2089900970458984 2.0896992683410645 1.890815019607544
      vertex 3.20587420463562 2.0909790992736816 1.8779141902923584
    endloop
  endfacet
  facet normal -0.8078466742895941 -0.5729461817537892 0.13826215553432036
    outer loop
      vertex 3.264352560043335 2.006418228149414 1.8691823482513428
      vertex 3.20587420463562 2.0909790992736816 1.8779141902923584
      vertex 3.2612369060516357 2.0076980590820312 1.8562815189361572
    endloop
  endfacet
  facet normal -0.8078469483249692 -0.5729457695277076 0.13826226261108784
    outer loop
      vertex 3.318157434463501 1.9237769842147827 1.8410991430282593
      vertex 3.3197152614593506 1.9231370687484741 1.847549557685852
      vertex 3.264352560043335 2.006418228149414 1.8691823482513428
    endloop
  endfacet
  facet normal -0.8078469483249692 -0.5729457695277076 0.13826226261108784
    outer loop
      vertex 3.2612369060516357 2.0076980590820312 1.8562815189361572
      vertex 3.3165996074676514 1.9244168996810913 1.8346487283706665
      vertex 3.318157434463501 1.9237769842147827 1.8410991430282593
    endloop
  endfacet
  facet normal -0.8078469483249692 -0.5729457695277076 0.13826226261108784
    outer loop
      vertex 3.264352560043335 2.006418228149414 1.8691823482513428
      vertex 3.2612369060516357 2.0076980590820312 1.8562815189361572
      vertex 3.318157434463501 1.9237769842147827 1.8410991430282593
    endloop
  endfacet
  facet normal -0.807838250982764 -0.5729488512339005 0.13830030411702793
    outer loop
      vertex 3.344280958175659 1.8827762603759766 1.823832392692566
      vertex 3.3165996074676514 1.9244168996810913 1.8346487283706665
      vertex 3.3150415420532227 1.9250566959381104 1.8281983137130737
    endloop
  endfacet
  facet normal -0.8078399228937758 -0.5729489547110076 0.1382901090987426
    outer loop
      vertex 3.344280958175659 1.8827762603759766 1.823832392692566
      vertex 3.3150415420532227 1.9250566959381104 1.8281983137130737
      vertex 3.3427228927612305 1.8834161758422852 1.8173819780349731
    endloop
  endfacet
  facet normal -0.8078466742895941 -0.5729461817537892 0.13826215553432036
    outer loop
      vertex 3.3427228927612305 1.8834161758422852 1.8173819780349731
      vertex 3.3150415420532227 1.9250566959381104 1.8281983137130737
      vertex 3.313483715057373 1.925696611404419 1.821747899055481
    endloop
  endfacet
  facet normal -0.8078466742895941 -0.5729461817537892 0.13826215553432036
    outer loop
      vertex 3.3427228927612305 1.8834161758422852 1.8173819780349731
      vertex 3.313483715057373 1.925696611404419 1.821747899055481
      vertex 3.341165065765381 1.8840560913085938 1.8109315633773804
    endloop
  endfacet
  facet normal -0.8078466742895941 -0.5729461817537892 0.13826215553432036
    outer loop
      vertex 3.341165065765381 1.8840560913085938 1.8109315633773804
      vertex 3.313483715057373 1.925696611404419 1.821747899055481
      vertex 3.3119258880615234 1.9263365268707275 1.8152974843978882
    endloop
  endfacet
  facet normal -0.8078466742895941 -0.5729461817537892 0.13826215553432036
    outer loop
      vertex 3.341165065765381 1.8840560913085938 1.8109315633773804
      vertex 3.3119258880615234 1.9263365268707275 1.8152974843978882
      vertex 3.3396072387695312 1.8846960067749023 1.8044811487197876
    endloop
  endfacet
  facet normal -0.8078432986618646 -0.5729475682979699 0.1382761323893625
    outer loop
      vertex 3.402759313583374 1.798215389251709 1.8151004314422607
      vertex 3.430440664291382 1.7565748691558838 1.8042840957641602
      vertex 3.43355655670166 1.7552950382232666 1.8171849250793457
    endloop
  endfacet
  facet normal -0.8078419272237471 -0.5729483222313589 0.13828102064886957
    outer loop
      vertex 3.3781938552856445 1.8385761976242065 1.8388177156448364
      vertex 3.375077962875366 1.8398559093475342 1.8259168863296509
      vertex 3.402759313583374 1.798215389251709 1.8151004314422607
    endloop
  endfacet
  facet normal -0.8078431186024554 -0.572947342587447 0.1382781195585258
    outer loop
      vertex 3.43355655670166 1.7552950382232666 1.8171849250793457
      vertex 3.3781938552856445 1.8385761976242065 1.8388177156448364
      vertex 3.402759313583374 1.798215389251709 1.8151004314422607
    endloop
  endfacet
  facet normal -0.8078428239743785 -0.572946973265071 0.13828137105009947
    outer loop
      vertex 3.3473966121673584 1.881496548652649 1.8367332220077515
      vertex 3.375077962875366 1.8398559093475342 1.8259168863296509
      vertex 3.3781938552856445 1.8385761976242065 1.8388177156448364
    endloop
  endfacet
  facet normal -0.8078421015753153 -0.5729480599577292 0.1382810887759136
    outer loop
      vertex 3.322831153869629 1.9218573570251465 1.8604503870010376
      vertex 3.3197152614593506 1.9231370687484741 1.847549557685852
      vertex 3.3473966121673584 1.881496548652649 1.8367332220077515
    endloop
  endfacet
  facet normal -0.8078430613208281 -0.5729472707833729 0.13827875172157553
    outer loop
      vertex 3.3781938552856445 1.8385761976242065 1.8388177156448364
      vertex 3.322831153869629 1.9218573570251465 1.8604503870010376
      vertex 3.3473966121673584 1.881496548652649 1.8367332220077515
    endloop
  endfacet
  facet normal -0.8078473966870371 -0.572945095064386 0.13826243780448302
    outer loop
      vertex 3.375077962875366 1.8398559093475342 1.8259168863296509
      vertex 3.3473966121673584 1.881496548652649 1.8367332220077515
      vertex 3.345838785171509 1.8821364641189575 1.8302828073501587
    endloop
  endfacet
  facet normal -0.8078473966870371 -0.572945095064386 0.13826243780448302
    outer loop
      vertex 3.375077962875366 1.8398559093475342 1.8259168863296509
      vertex 3.345838785171509 1.8821364641189575 1.8302828073501587
      vertex 3.3735201358795166 1.8404958248138428 1.819466471672058
    endloop
  endfacet
  facet normal -0.8078466742895941 -0.5729461817537892 0.13826215553432036
    outer loop
      vertex 3.3473966121673584 1.881496548652649 1.8367332220077515
      vertex 3.3197152614593506 1.9231370687484741 1.847549557685852
      vertex 3.318157434463501 1.9237769842147827 1.8410991430282593
    endloop
  endfacet
  facet normal -0.8078466742895941 -0.5729461817537892 0.13826215553432036
    outer loop
      vertex 3.3473966121673584 1.881496548652649 1.8367332220077515
      vertex 3.318157434463501 1.9237769842147827 1.8410991430282593
      vertex 3.345838785171509 1.8821364641189575 1.8302828073501587
    endloop
  endfacet
  facet normal -0.8078466742895941 -0.5729461817537892 0.13826215553432036
    outer loop
      vertex 3.345838785171509 1.8821364641189575 1.8302828073501587
      vertex 3.318157434463501 1.9237769842147827 1.8410991430282593
      vertex 3.3165996074676514 1.9244168996810913 1.8346487283706665
    endloop
  endfacet
  facet normal -0.8078450026118128 -0.5729460784525063 0.1382723506020434
    outer loop
      vertex 3.345838785171509 1.8821364641189575 1.8302828073501587
      vertex 3.3165996074676514 1.9244168996810913 1.8346487283706665
      vertex 3.344280958175659 1.8827762603759766 1.823832392692566
    endloop
  endfacet
  facet normal -0.8078464999617172 -0.5729464439915828 0.13826208741735174
    outer loop
      vertex 3.402759313583374 1.798215389251709 1.8151004314422607
      vertex 3.375077962875366 1.8398559093475342 1.8259168863296509
      vertex 3.3735201358795166 1.8404958248138428 1.819466471672058
    endloop
  endfacet
  facet normal -0.8078469483249692 -0.5729457695277076 0.13826226261108784
    outer loop
      vertex 3.482687473297119 1.6745734214782715 1.7697504758834839
      vertex 3.4273247718811035 1.7578545808792114 1.7913832664489746
      vertex 3.4242091178894043 1.7591344118118286 1.778482437133789
    endloop
  endfacet
  facet normal -0.8078469483249692 -0.5729457695277076 0.13826226261108784
    outer loop
      vertex 3.482687473297119 1.6745734214782715 1.7697504758834839
      vertex 3.4242091178894043 1.7591344118118286 1.778482437133789
      vertex 3.47957181930542 1.6758532524108887 1.7568496465682983
    endloop
  endfacet
  facet normal -0.8078435726881575 -0.5729471560842986 0.13827623946776968
    outer loop
      vertex 3.488919258117676 1.6720138788223267 1.795552134513855
      vertex 3.43355655670166 1.7552950382232666 1.8171849250793457
      vertex 3.430440664291382 1.7565748691558838 1.8042840957641602
    endloop
  endfacet
  facet normal -0.8078435726881575 -0.5729471560842986 0.13827623946776968
    outer loop
      vertex 3.488919258117676 1.6720138788223267 1.795552134513855
      vertex 3.430440664291382 1.7565748691558838 1.8042840957641602
      vertex 3.4858033657073975 1.6732937097549438 1.7826513051986694
    endloop
  endfacet
  facet normal -0.8078401969109864 -0.5729485425097463 0.13829021617878903
    outer loop
      vertex 3.4288828372955322 1.7572146654129028 1.7978336811065674
      vertex 3.4273247718811035 1.7578545808792114 1.7913832664489746
      vertex 3.482687473297119 1.6745734214782715 1.7697504758834839
    endloop
  endfacet
  facet normal -0.8078445542400574 -0.5729467529273189 0.1382721754176335
    outer loop
      vertex 3.4858033657073975 1.6732937097549438 1.7826513051986694
      vertex 3.430440664291382 1.7565748691558838 1.8042840957641602
      vertex 3.4288828372955322 1.7572146654129028 1.7978336811065674
    endloop
  endfacet
  facet normal -0.8078427042828112 -0.572947153315286 0.13828132428113588
    outer loop
      vertex 3.482687473297119 1.6745734214782715 1.7697504758834839
      vertex 3.4858033657073975 1.6732937097549438 1.7826513051986694
      vertex 3.4288828372955322 1.7572146654129028 1.7978336811065674
    endloop
  endfacet
  facet normal -0.8078458384614072 -0.572946130110788 0.13826725307048632
    outer loop
      vertex 3.492034912109375 1.670734167098999 1.80845308303833
      vertex 3.4366722106933594 1.754015326499939 1.8300857543945312
      vertex 3.43355655670166 1.7552950382232666 1.8171849250793457
    endloop
  endfacet
  facet normal -0.8078460401693051 -0.5729461425749155 0.1382660229098164
    outer loop
      vertex 3.492034912109375 1.670734167098999 1.80845308303833
      vertex 3.43355655670166 1.7552950382232666 1.8171849250793457
      vertex 3.488919258117676 1.6720138788223267 1.795552134513855
    endloop
  endfacet
  facet normal -0.8078448933655685 -0.572947250827592 0.13826813093506932
    outer loop
      vertex 2.8967058658599854 2.5509450435638428 1.9775429964065552
      vertex 2.873480796813965 2.5892891883850098 2.0007364749908447
      vertex 2.8692541122436523 2.590536594390869 1.9812105894088745
    endloop
  endfacet
  facet normal -0.8078442451243416 -0.5729471795561266 0.13827221361561537
    outer loop
      vertex 2.924387216567993 2.5093045234680176 1.9667266607284546
      vertex 2.8967058658599854 2.5509450435638428 1.9775429964065552
      vertex 2.8692541122436523 2.590536594390869 1.9812105894088745
    endloop
  endfacet
  facet normal -0.8078420861507846 -0.572947630236575 0.13828295936174131
    outer loop
      vertex 2.9494340419769287 2.469923257827759 1.949880599975586
      vertex 2.924387216567993 2.5093045234680176 1.9667266607284546
      vertex 2.8692541122436523 2.590536594390869 1.9812105894088745
    endloop
  endfacet
  facet normal -0.8078473966870371 -0.572945095064386 0.13826243780448302
    outer loop
      vertex 2.9813077449798584 2.4253833293914795 1.9515444040298462
      vertex 2.9259450435638428 2.508664608001709 1.9731770753860474
      vertex 2.924387216567993 2.5093045234680176 1.9667266607284546
    endloop
  endfacet
  facet normal -0.8078482434602846 -0.5729444530051273 0.13826015083453413
    outer loop
      vertex 2.898263692855835 2.550305128097534 1.9839935302734375
      vertex 2.873480796813965 2.5892891883850098 2.0007364749908447
      vertex 2.8967058658599854 2.5509450435638428 1.9775429964065552
    endloop
  endfacet
  facet normal -0.8078437544560154 -0.5729480323094155 0.1382715468170449
    outer loop
      vertex 2.873480796813965 2.5892891883850098 2.0007364749908447
      vertex 2.9013795852661133 2.549025297164917 1.996894359588623
      vertex 2.8777077198028564 2.5880415439605713 2.0202622413635254
    endloop
  endfacet
  facet normal -0.8078474825502846 -0.5729449659016445 0.13826247135477898
    outer loop
      vertex 2.8998215198516846 2.5496652126312256 1.9904439449310303
      vertex 2.873480796813965 2.5892891883850098 2.0007364749908447
      vertex 2.898263692855835 2.550305128097534 1.9839935302734375
    endloop
  endfacet
  facet normal -0.8078407311403183 -0.5729477388727583 0.13829042494428004
    outer loop
      vertex 2.8998215198516846 2.5496652126312256 1.9904439449310303
      vertex 2.9013795852661133 2.549025297164917 1.996894359588623
      vertex 2.873480796813965 2.5892891883850098 2.0007364749908447
    endloop
  endfacet
  facet normal -0.8078475282762517 -0.5729448971167681 0.1382624892217935
    outer loop
      vertex 2.8777077198028564 2.5880415439605713 2.0202622413635254
      vertex 2.9013795852661133 2.549025297164917 1.996894359588623
      vertex 2.902937412261963 2.5483853816986084 2.003344774246216
    endloop
  endfacet
  facet normal -0.8078475282762517 -0.5729448971167681 0.1382624892217935
    outer loop
      vertex 2.902937412261963 2.5483853816986084 2.003344774246216
      vertex 2.9044952392578125 2.5477454662323 2.0097951889038086
      vertex 2.8777077198028564 2.5880415439605713 2.0202622413635254
    endloop
  endfacet
  facet normal -0.8078451279055909 -0.5729455861670294 0.13827365841301298
    outer loop
      vertex 2.9494340419769287 2.469923257827759 1.949880599975586
      vertex 2.9813077449798584 2.4253833293914795 1.9515444040298462
      vertex 2.924387216567993 2.5093045234680176 1.9667266607284546
    endloop
  endfacet
  facet normal -0.8078402948331489 -0.5729488973072911 0.13828817418076708
    outer loop
      vertex 3.036670446395874 2.342102289199829 1.9299116134643555
      vertex 2.9813077449798584 2.4253833293914795 1.9515444040298462
      vertex 3.029613733291626 2.3493099212646484 1.9185506105422974
    endloop
  endfacet
  facet normal -0.8078451448353028 -0.5729456048723813 0.1382734819965486
    outer loop
      vertex 2.9494340419769287 2.469923257827759 1.949880599975586
      vertex 3.029613733291626 2.3493099212646484 1.9185506105422974
      vertex 2.9813077449798584 2.4253833293914795 1.9515444040298462
    endloop
  endfacet
  facet normal -0.8078410731034963 -0.5729474637807783 0.13828956704742926
    outer loop
      vertex 3.0920329093933105 2.2588212490081787 1.9082788228988647
      vertex 3.036670446395874 2.342102289199829 1.9299116134643555
      vertex 3.029613733291626 2.3493099212646484 1.9185506105422974
    endloop
  endfacet
  facet normal -0.8078437034639093 -0.5729475114537047 0.1382740029532756
    outer loop
      vertex 3.0920329093933105 2.2588212490081787 1.9082788228988647
      vertex 3.029613733291626 2.3493099212646484 1.9185506105422974
      vertex 3.1097936630249023 2.228696823120117 1.8872206211090088
    endloop
  endfacet
  facet normal -0.8078448274587778 -0.572946503434616 0.13827161295849924
    outer loop
      vertex 3.0920329093933105 2.2588212490081787 1.9082788228988647
      vertex 3.1097936630249023 2.228696823120117 1.8872206211090088
      vertex 3.1133086681365967 2.22823166847229 1.9058294296264648
    endloop
  endfacet
  facet normal -0.8078491159365856 -0.572942508815578 0.13826310958671736
    outer loop
      vertex 3.1133086681365967 2.22823166847229 1.9058294296264648
      vertex 3.095148801803589 2.2575414180755615 1.9211796522140503
      vertex 3.0935909748077393 2.25818133354187 1.9147292375564575
    endloop
  endfacet
  facet normal -0.8078442383790972 -0.572950477735575 0.13825858591882384
    outer loop
      vertex 3.116823673248291 2.227766752243042 1.9244381189346313
      vertex 3.0967066287994385 2.256901502609253 1.9276301860809326
      vertex 3.095148801803589 2.2575414180755615 1.9211796522140503
    endloop
  endfacet
  facet normal -0.8078429502638649 -0.5729472549589734 0.13827946609656777
    outer loop
      vertex 3.095148801803589 2.2575414180755615 1.9211796522140503
      vertex 3.1133086681365967 2.22823166847229 1.9058294296264648
      vertex 3.116823673248291 2.227766752243042 1.9244381189346313
    endloop
  endfacet
  facet normal -0.8078418867052362 -0.5729460005595653 0.1382908765151301
    outer loop
      vertex 3.0920329093933105 2.2588212490081787 1.9082788228988647
      vertex 3.1133086681365967 2.22823166847229 1.9058294296264648
      vertex 3.0935909748077393 2.25818133354187 1.9147292375564575
    endloop
  endfacet
  facet normal -0.8078440712917225 -0.5729464060412051 0.13827643430202058
    outer loop
      vertex 3.202758312225342 2.092258930206299 1.8650133609771729
      vertex 3.20587420463562 2.0909790992736816 1.8779141902923584
      vertex 3.1488497257232666 2.169945478439331 1.8719595670700073
    endloop
  endfacet
  facet normal -0.8078432732351163 -0.5729463061378842 0.13828151059243918
    outer loop
      vertex 3.202758312225342 2.092258930206299 1.8650133609771729
      vertex 3.1488497257232666 2.169945478439331 1.8719595670700073
      vertex 3.202061414718628 2.089899778366089 1.8511673212051392
    endloop
  endfacet
  facet normal -0.8078390304109304 -0.5729502972605599 0.13828976033591156
    outer loop
      vertex 3.0967066287994385 2.256901502609253 1.9276301860809326
      vertex 3.116823673248291 2.227766752243042 1.9244381189346313
      vertex 3.098264694213867 2.2562615871429443 1.9340806007385254
    endloop
  endfacet
  facet normal -0.8078425999499523 -0.5729484459192605 0.13827657800511775
    outer loop
      vertex 2.8777077198028564 2.5880415439605713 2.0202622413635254
      vertex 2.907611131668091 2.5464658737182617 2.022696018218994
      vertex 2.881934642791748 2.586794137954712 2.039788246154785
    endloop
  endfacet
  facet normal -0.8078407301071479 -0.5729488138865533 0.13828597704012538
    outer loop
      vertex 2.907611131668091 2.5464658737182617 2.022696018218994
      vertex 2.9044952392578125 2.5477454662323 2.0097951889038086
      vertex 2.9321765899658203 2.5061049461364746 1.9989787340164185
    endloop
  endfacet
  facet normal -0.8078411933979168 -0.5729484329427258 0.138284848909431
    outer loop
      vertex 2.907611131668091 2.5464658737182617 2.022696018218994
      vertex 2.9321765899658203 2.5061049461364746 1.9989787340164185
      vertex 2.9352924823760986 2.5048253536224365 2.0118796825408936
    endloop
  endfacet
  facet normal -0.8078472181238565 -0.5729453636740443 0.13826236803253164
    outer loop
      vertex 2.881934642791748 2.586794137954712 2.039788246154785
      vertex 2.907611131668091 2.5464658737182617 2.022696018218994
      vertex 2.9091689586639404 2.545825958251953 2.029146432876587
    endloop
  endfacet
  facet normal -0.8078439845965965 -0.5729483935448928 0.13826870537262148
    outer loop
      vertex 2.910727024078369 2.5451860427856445 2.0355968475341797
      vertex 2.8861613273620605 2.5855467319488525 2.059314012527466
      vertex 2.881934642791748 2.586794137954712 2.039788246154785
    endloop
  endfacet
  facet normal -0.8078404666809531 -0.5729481366971221 0.13829032159914814
    outer loop
      vertex 2.910727024078369 2.5451860427856445 2.0355968475341797
      vertex 2.881934642791748 2.586794137954712 2.039788246154785
      vertex 2.9091689586639404 2.545825958251953 2.029146432876587
    endloop
  endfacet
  facet normal -0.8078466742895941 -0.5729461817537892 0.13826215553432036
    outer loop
      vertex 2.9122848510742188 2.544546127319336 2.0420472621917725
      vertex 2.8861613273620605 2.5855467319488525 2.059314012527466
      vertex 2.910727024078369 2.5451860427856445 2.0355968475341797
    endloop
  endfacet
  facet normal -0.807848240930011 -0.5729438250809165 0.1382627676850679
    outer loop
      vertex 2.9937708377838135 2.42026424407959 2.003147602081299
      vertex 2.9399662017822266 2.5029056072235107 2.031230926513672
      vertex 2.938408374786377 2.5035455226898193 2.024780511856079
    endloop
  endfacet
  facet normal -0.8078453688609055 -0.5729470488827317 0.13826618960019146
    outer loop
      vertex 2.94655704498291 2.494694709777832 2.035714626312256
      vertex 2.8861613273620605 2.5855467319488525 2.059314012527466
      vertex 2.9122848510742188 2.544546127319336 2.0420472621917725
    endloop
  endfacet
  facet normal -0.807844486264919 -0.5729470805097511 0.13827121517771485
    outer loop
      vertex 2.94655704498291 2.494694709777832 2.035714626312256
      vertex 2.9122848510742188 2.544546127319336 2.0420472621917725
      vertex 2.9399662017822266 2.5029056072235107 2.031230926513672
    endloop
  endfacet
  facet normal -0.8078417584635095 -0.5729472669511889 0.13828637885109177
    outer loop
      vertex 2.9044952392578125 2.5477454662323 2.0097951889038086
      vertex 2.907611131668091 2.5464658737182617 2.022696018218994
      vertex 2.8777077198028564 2.5880415439605713 2.0202622413635254
    endloop
  endfacet
  facet normal -0.8078462982601855 -0.5729464315328601 0.1382633175541395
    outer loop
      vertex 2.9937708377838135 2.42026424407959 2.003147602081299
      vertex 2.9906551837921143 2.421544075012207 1.9902468919754028
      vertex 3.04601788520813 2.3382630348205566 1.968614101409912
    endloop
  endfacet
  facet normal -0.8078524743715505 -0.5729419926291223 0.13824562464662002
    outer loop
      vertex 3.1570489406585693 2.168860673904419 1.9153683185577393
      vertex 3.1013803482055664 2.254981756210327 1.946981430053711
      vertex 3.1369364261627197 2.1983137130737305 1.91990327835083
    endloop
  endfacet
  facet normal -0.8078466437812593 -0.572946227646855 0.13826214361347583
    outer loop
      vertex 3.098264694213867 2.2562615871429443 1.9340806007385254
      vertex 3.1369364261627197 2.1983137130737305 1.91990327835083
      vertex 3.1013803482055664 2.254981756210327 1.946981430053711
    endloop
  endfacet
  facet normal -0.8078429521248753 -0.5729478059573394 0.13827717219713936
    outer loop
      vertex 3.1013803482055664 2.254981756210327 1.946981430053711
      vertex 3.2121057510375977 2.0884196758270264 1.9037158489227295
      vertex 3.1881396770477295 2.131286144256592 1.9413173198699951
    endloop
  endfacet
  facet normal -0.8078431432552643 -0.5729478756590581 0.1382757667605819
    outer loop
      vertex 3.1013803482055664 2.254981756210327 1.946981430053711
      vertex 3.1881396770477295 2.131286144256592 1.9413173198699951
      vertex 3.12774395942688 2.2221381664276123 1.9649165868759155
    endloop
  endfacet
  facet normal -0.8078458829690172 -0.5729465155729753 0.13826539575322305
    outer loop
      vertex 3.1369364261627197 2.1983137130737305 1.91990327835083
      vertex 3.098264694213867 2.2562615871429443 1.9340806007385254
      vertex 3.116823673248291 2.227766752243042 1.9244381189346313
    endloop
  endfacet
  facet normal -0.8078439236451012 -0.5729454077402196 0.13828143324062528
    outer loop
      vertex 3.04601788520813 2.3382630348205566 1.968614101409912
      vertex 3.1013803482055664 2.254981756210327 1.946981430053711
      vertex 3.12774395942688 2.2221381664276123 1.9649165868759155
    endloop
  endfacet
  facet normal -0.8078456636948328 -0.5729462036493087 0.13826796944086567
    outer loop
      vertex 3.04601788520813 2.3382630348205566 1.968614101409912
      vertex 3.12774395942688 2.2221381664276123 1.9649165868759155
      vertex 3.0673482418060303 2.312990427017212 1.9885159730911255
    endloop
  endfacet
  facet normal -0.8078446291765048 -0.5729466285775846 0.13827225286461026
    outer loop
      vertex 2.94655704498291 2.494694709777832 2.035714626312256
      vertex 2.9399662017822266 2.5029056072235107 2.031230926513672
      vertex 3.0069527626037598 2.4038424491882324 2.012115240097046
    endloop
  endfacet
  facet normal -0.8078419850208097 -0.5729472914425806 0.13828495386790418
    outer loop
      vertex 3.0069527626037598 2.4038424491882324 2.012115240097046
      vertex 2.9399662017822266 2.5029056072235107 2.031230926513672
      vertex 2.9937708377838135 2.42026424407959 2.003147602081299
    endloop
  endfacet
  facet normal -0.8078419709009709 -0.5729473360970574 0.13828485133997978
    outer loop
      vertex 3.0673482418060303 2.312990427017212 1.9885159730911255
      vertex 3.0069527626037598 2.4038424491882324 2.012115240097046
      vertex 2.9937708377838135 2.42026424407959 2.003147602081299
    endloop
  endfacet
  facet normal -0.8078452908431277 -0.5729471007052591 0.1382664306909667
    outer loop
      vertex 3.04601788520813 2.3382630348205566 1.968614101409912
      vertex 3.0673482418060303 2.312990427017212 1.9885159730911255
      vertex 2.9937708377838135 2.42026424407959 2.003147602081299
    endloop
  endfacet
  facet normal -0.8078421133755934 -0.5729481504443795 0.13828064491901823
    outer loop
      vertex 3.1570489406585693 2.168860673904419 1.9153683185577393
      vertex 3.2121057510375977 2.0884196758270264 1.9037158489227295
      vertex 3.1013803482055664 2.254981756210327 1.946981430053711
    endloop
  endfacet
  facet normal -0.8078445234067372 -0.5729471706024903 0.13827062486422143
    outer loop
      vertex 3.20587420463562 2.0909790992736816 1.8779141902923584
      vertex 3.1570489406585693 2.168860673904419 1.9153683185577393
      vertex 3.1488497257232666 2.169945478439331 1.8719595670700073
    endloop
  endfacet
  facet normal -0.8078434411385642 -0.5729470591052264 0.13827740984005776
    outer loop
      vertex 3.202061414718628 2.089899778366089 1.8511673212051392
      vertex 3.2552731037139893 2.009854316711426 1.830375075340271
      vertex 3.2581210136413574 2.0089776515960693 1.8433806896209717
    endloop
  endfacet
  facet normal -0.8078427680132865 -0.5729469962484417 0.13828160274786985
    outer loop
      vertex 3.202061414718628 2.089899778366089 1.8511673212051392
      vertex 3.2581210136413574 2.0089776515960693 1.8433806896209717
      vertex 3.202758312225342 2.092258930206299 1.8650133609771729
    endloop
  endfacet
  facet normal -0.807845312658479 -0.5729467410685416 0.13826779348301532
    outer loop
      vertex 3.3119258880615234 1.9263365268707275 1.8152974843978882
      vertex 3.3084850311279297 1.9298089742660522 1.8095828294754028
      vertex 3.3396072387695312 1.8846960067749023 1.8044811487197876
    endloop
  endfacet
  facet normal -0.807843311686096 -0.5729467013109646 0.13827964861441255
    outer loop
      vertex 3.361696720123291 1.8497633934020996 1.7887905836105347
      vertex 3.3396072387695312 1.8846960067749023 1.8044811487197876
      vertex 3.3084850311279297 1.9298089742660522 1.8095828294754028
    endloop
  endfacet
  facet normal -0.8078445199478204 -0.5729481858167743 0.13826643829774019
    outer loop
      vertex 3.2552731037139893 2.009854316711426 1.830375075340271
      vertex 3.3084850311279297 1.9298089742660522 1.8095828294754028
      vertex 3.3119258880615234 1.9263365268707275 1.8152974843978882
    endloop
  endfacet
  facet normal -0.8078423724672648 -0.5729486482361473 0.13827706870928538
    outer loop
      vertex 3.3119258880615234 1.9263365268707275 1.8152974843978882
      vertex 3.2581210136413574 2.0089776515960693 1.8433806896209717
      vertex 3.2552731037139893 2.009854316711426 1.830375075340271
    endloop
  endfacet
  facet normal -0.8078465871256445 -0.5729463128727257 0.13826212147582945
    outer loop
      vertex 3.3119258880615234 1.9263365268707275 1.8152974843978882
      vertex 3.313483715057373 1.925696611404419 1.821747899055481
      vertex 3.2581210136413574 2.0089776515960693 1.8433806896209717
    endloop
  endfacet
  facet normal -0.8078477043463465 -0.5729446322570857 0.13826255801962706
    outer loop
      vertex 3.364583730697632 1.8491294384002686 1.8030312061309814
      vertex 3.3427228927612305 1.8834161758422852 1.8173819780349731
      vertex 3.341165065765381 1.8840560913085938 1.8109315633773804
    endloop
  endfacet
  facet normal -0.8078407701552082 -0.5729476801828978 0.1382904401904782
    outer loop
      vertex 3.3674709796905518 1.8484954833984375 1.8172719478607178
      vertex 3.344280958175659 1.8827762603759766 1.823832392692566
      vertex 3.3427228927612305 1.8834161758422852 1.8173819780349731
    endloop
  endfacet
  facet normal -0.8078477043463465 -0.5729446322570857 0.13826255801962706
    outer loop
      vertex 3.341165065765381 1.8840560913085938 1.8109315633773804
      vertex 3.3396072387695312 1.8846960067749023 1.8044811487197876
      vertex 3.364583730697632 1.8491294384002686 1.8030312061309814
    endloop
  endfacet
  facet normal -0.8078441939927441 -0.572946156301961 0.1382767522435446
    outer loop
      vertex 3.444671630859375 1.7249455451965332 1.7563683986663818
      vertex 3.4242091178894043 1.7591344118118286 1.778482437133789
      vertex 3.4010982513427734 1.7904924154281616 1.7733945846557617
    endloop
  endfacet
  facet normal -0.8078443059706777 -0.5729467320321365 0.13827371248523476
    outer loop
      vertex 3.407799482345581 1.7890208959579468 1.806448221206665
      vertex 3.4010982513427734 1.7904924154281616 1.7733945846557617
      vertex 3.4242091178894043 1.7591344118118286 1.778482437133789
    endloop
  endfacet
  facet normal -0.8078425520308872 -0.5729475752862648 0.13828046536591304
    outer loop
      vertex 3.47957181930542 1.6758532524108887 1.7568496465682983
      vertex 3.4242091178894043 1.7591344118118286 1.778482437133789
      vertex 3.444671630859375 1.7249455451965332 1.7563683986663818
    endloop
  endfacet
  facet normal -0.8078419373573912 -0.5729470831176666 0.13828609544568948
    outer loop
      vertex 3.47957181930542 1.6758532524108887 1.7568496465682983
      vertex 3.444671630859375 1.7249455451965332 1.7563683986663818
      vertex 3.4882450103759766 1.6593986749649048 1.739342212677002
    endloop
  endfacet
  facet normal -0.8078389470320727 -0.5729502283436461 0.1382905329336615
    outer loop
      vertex 3.5318186283111572 1.593851923942566 1.722316026687622
      vertex 3.47957181930542 1.6758532524108887 1.7568496465682983
      vertex 3.4882450103759766 1.6593986749649048 1.739342212677002
    endloop
  endfacet
  facet normal -0.8078419146807897 -0.5729484600533143 0.1382805228779943
    outer loop
      vertex 3.364583730697632 1.8491294384002686 1.8030312061309814
      vertex 3.3674709796905518 1.8484954833984375 1.8172719478607178
      vertex 3.3427228927612305 1.8834161758422852 1.8173819780349731
    endloop
  endfacet
  facet normal -0.8078445579257828 -0.5729467473829762 0.13827217685769166
    outer loop
      vertex 3.3674709796905518 1.8484954833984375 1.8172719478607178
      vertex 3.345838785171509 1.8821364641189575 1.8302828073501587
      vertex 3.344280958175659 1.8827762603759766 1.823832392692566
    endloop
  endfacet
  facet normal -0.8078503798023565 -0.5729406075842286 0.13826360343273067
    outer loop
      vertex 3.4273247718811035 1.7578545808792114 1.7913832664489746
      vertex 3.407799482345581 1.7890208959579468 1.806448221206665
      vertex 3.4242091178894043 1.7591344118118286 1.778482437133789
    endloop
  endfacet
  facet normal -0.8078479668971392 -0.5729442373053955 0.138262660609064
    outer loop
      vertex 3.5318186283111572 1.593851923942566 1.722316026687622
      vertex 3.482687473297119 1.6745734214782715 1.7697504758834839
      vertex 3.47957181930542 1.6758532524108887 1.7568496465682983
    endloop
  endfacet
  facet normal -0.8078438729850623 -0.5729476038030977 0.13827262989031125
    outer loop
      vertex 3.482687473297119 1.6745734214782715 1.7697504758834839
      vertex 3.5318186283111572 1.593851923942566 1.722316026687622
      vertex 3.541166067123413 1.590012550354004 1.7610186338424683
    endloop
  endfacet
  facet normal -0.8078467996520203 -0.5729442730999587 0.13826933215268042
    outer loop
      vertex 3.361696720123291 1.8497633934020996 1.7887905836105347
      vertex 3.364583730697632 1.8491294384002686 1.8030312061309814
      vertex 3.3396072387695312 1.8846960067749023 1.8044811487197876
    endloop
  endfacet
  facet normal -0.807846926533241 -0.572944320989138 0.13826839240076524
    outer loop
      vertex 3.380913734436035 1.828670620918274 1.8136640787124634
      vertex 3.3735201358795166 1.8404958248138428 1.819466471672058
      vertex 3.3674709796905518 1.8484954833984375 1.8172719478607178
    endloop
  endfacet
  facet normal -0.8078437341890745 -0.5729479865070481 0.1382718550138514
    outer loop
      vertex 3.1570489406585693 2.168860673904419 1.9153683185577393
      vertex 3.2089900970458984 2.0896992683410645 1.890815019607544
      vertex 3.2121057510375977 2.0884196758270264 1.9037158489227295
    endloop
  endfacet
  facet normal -0.8078434115648571 -0.5729462531380867 0.138280922061867
    outer loop
      vertex 3.402759313583374 1.798215389251709 1.8151004314422607
      vertex 3.3735201358795166 1.8404958248138428 1.819466471672058
      vertex 3.3943564891815186 1.8088457584381104 1.8100560903549194
    endloop
  endfacet
  facet normal -0.8078468690972551 -0.572945311784834 0.13826462234983128
    outer loop
      vertex 3.3674709796905518 1.8484954833984375 1.8172719478607178
      vertex 3.3735201358795166 1.8404958248138428 1.819466471672058
      vertex 3.345838785171509 1.8821364641189575 1.8302828073501587
    endloop
  endfacet
  facet normal -0.807842148986364 -0.5729509087374886 0.13826900772761483
    outer loop
      vertex 3.407799482345581 1.7890208959579468 1.806448221206665
      vertex 3.402759313583374 1.798215389251709 1.8151004314422607
      vertex 3.3943564891815186 1.8088457584381104 1.8100560903549194
    endloop
  endfacet
  facet normal -0.8078460139683711 -0.5729449953836396 0.13827092962823245
    outer loop
      vertex 3.3735201358795166 1.8404958248138428 1.819466471672058
      vertex 3.380913734436035 1.828670620918274 1.8136640787124634
      vertex 3.3943564891815186 1.8088457584381104 1.8100560903549194
    endloop
  endfacet
  facet normal -0.8078437283773267 -0.5729477227137617 0.13827298202662217
    outer loop
      vertex 3.3089308738708496 1.9495818614959717 1.8941185474395752
      vertex 3.24853515625 2.040433883666992 1.9177179336547852
      vertex 3.2674684524536133 2.005138397216797 1.8820831775665283
    endloop
  endfacet
  facet normal -0.8078437166366031 -0.5729474919506344 0.13827400680618696
    outer loop
      vertex 3.3089308738708496 1.9495818614959717 1.8941185474395752
      vertex 3.2674684524536133 2.005138397216797 1.8820831775665283
      vertex 3.322831153869629 1.9218573570251465 1.8604503870010376
    endloop
  endfacet
  facet normal -0.8078455254168537 -0.572945863713697 0.13827018593078236
    outer loop
      vertex 3.2121057510375977 2.0884196758270264 1.9037158489227295
      vertex 3.2674684524536133 2.005138397216797 1.8820831775665283
      vertex 3.24853515625 2.040433883666992 1.9177179336547852
    endloop
  endfacet
  facet normal -0.8078438337481576 -0.5729469535322186 0.13827555356326987
    outer loop
      vertex 3.322831153869629 1.9218573570251465 1.8604503870010376
      vertex 3.3781938552856445 1.8385761976242065 1.8388177156448364
      vertex 3.369326591491699 1.8587297201156616 1.8705191612243652
    endloop
  endfacet
  facet normal -0.8078439020013354 -0.5729472893276686 0.13827376342362915
    outer loop
      vertex 3.322831153869629 1.9218573570251465 1.8604503870010376
      vertex 3.369326591491699 1.8587297201156616 1.8705191612243652
      vertex 3.3089308738708496 1.9495818614959717 1.8941185474395752
    endloop
  endfacet
  facet normal -0.8078444952497824 -0.5729461836092702 0.1382748790713509
    outer loop
      vertex 3.3781938552856445 1.8385761976242065 1.8388177156448364
      vertex 3.4366722106933594 1.754015326499939 1.8300857543945312
      vertex 3.369326591491699 1.8587297201156616 1.8705191612243652
    endloop
  endfacet
  facet normal -0.8078455803080214 -0.5729452168806963 0.13827254546846257
    outer loop
      vertex 3.1881396770477295 2.131286144256592 1.9413173198699951
      vertex 3.2121057510375977 2.0884196758270264 1.9037158489227295
      vertex 3.24853515625 2.040433883666992 1.9177179336547852
    endloop
  endfacet
  facet normal -0.8078452712008868 -0.5729456744198556 0.13827245554318654
    outer loop
      vertex 3.430440664291382 1.7565748691558838 1.8042840957641602
      vertex 3.407799482345581 1.7890208959579468 1.806448221206665
      vertex 3.4288828372955322 1.7572146654129028 1.7978336811065674
    endloop
  endfacet
  facet normal -0.8078436598604735 -0.5729470249521857 0.1382762735311993
    outer loop
      vertex 3.541166067123413 1.590012550354004 1.7610186338424683
      vertex 3.488919258117676 1.6720138788223267 1.795552134513855
      vertex 3.4858033657073975 1.6732937097549438 1.7826513051986694
    endloop
  endfacet
  facet normal -0.8078424627753694 -0.5729475166110126 0.13828122991317118
    outer loop
      vertex 3.4858033657073975 1.6732937097549438 1.7826513051986694
      vertex 3.482687473297119 1.6745734214782715 1.7697504758834839
      vertex 3.541166067123413 1.590012550354004 1.7610186338424683
    endloop
  endfacet
  facet normal -0.8078457512941397 -0.5729462612346085 0.1382672190119212
    outer loop
      vertex 3.3781938552856445 1.8385761976242065 1.8388177156448364
      vertex 3.43355655670166 1.7552950382232666 1.8171849250793457
      vertex 3.4366722106933594 1.754015326499939 1.8300857543945312
    endloop
  endfacet
  facet normal -0.8078420061696067 -0.5729469595229262 0.1382862055351127
    outer loop
      vertex 3.4901177883148193 1.6770254373550415 1.8233205080032349
      vertex 3.429722309112549 1.7678775787353516 1.8469197750091553
      vertex 3.4366722106933594 1.754015326499939 1.8300857543945312
    endloop
  endfacet
  facet normal -0.8078433767597181 -0.5729471412275873 0.1382774456829152
    outer loop
      vertex 3.4901177883148193 1.6770254373550415 1.8233205080032349
      vertex 3.4366722106933594 1.754015326499939 1.8300857543945312
      vertex 3.492034912109375 1.670734167098999 1.80845308303833
    endloop
  endfacet
  facet normal -0.8078403817815315 -0.572948735102516 0.13828833829176138
    outer loop
      vertex 3.4366722106933594 1.754015326499939 1.8300857543945312
      vertex 3.429722309112549 1.7678775787353516 1.8469197750091553
      vertex 3.369326591491699 1.8587297201156616 1.8705191612243652
    endloop
  endfacet
  facet normal -0.8078468718784826 -0.5729448914517795 0.13826634787777942
    outer loop
      vertex 3.488919258117676 1.6720138788223267 1.795552134513855
      vertex 3.541166067123413 1.590012550354004 1.7610186338424683
      vertex 3.492034912109375 1.670734167098999 1.80845308303833
    endloop
  endfacet
  facet normal -0.8078434399498072 -0.5729477135530142 0.1382747050780999
    outer loop
      vertex 3.550513505935669 1.5861732959747314 1.799721121788025
      vertex 3.492034912109375 1.670734167098999 1.80845308303833
      vertex 3.541166067123413 1.590012550354004 1.7610186338424683
    endloop
  endfacet
  facet normal -0.8078429438132965 -0.5729476828814313 0.13827773071563704
    outer loop
      vertex 3.4901177883148193 1.6770254373550415 1.8233205080032349
      vertex 3.492034912109375 1.670734167098999 1.80845308303833
      vertex 3.550513505935669 1.5861732959747314 1.799721121788025
    endloop
  endfacet
  facet normal -0.8078469328704172 -0.5729460755335407 0.13826108484520835
    outer loop
      vertex 3.402759313583374 1.798215389251709 1.8151004314422607
      vertex 3.407799482345581 1.7890208959579468 1.806448221206665
      vertex 3.430440664291382 1.7565748691558838 1.8042840957641602
    endloop
  endfacet
  facet normal -0.8078408222114444 -0.5729476018750046 0.13829046053296162
    outer loop
      vertex 3.407799482345581 1.7890208959579468 1.806448221206665
      vertex 3.4273247718811035 1.7578545808792114 1.7913832664489746
      vertex 3.4288828372955322 1.7572146654129028 1.7978336811065674
    endloop
  endfacet
  facet normal -0.8078426591422755 -0.5729485303159794 0.13827588249111478
    outer loop
      vertex 3.20587420463562 2.0909790992736816 1.8779141902923584
      vertex 3.2089900970458984 2.0896992683410645 1.890815019607544
      vertex 3.1570489406585693 2.168860673904419 1.9153683185577393
    endloop
  endfacet
  facet normal -0.2336905143184205 0.09597920434003061 -0.9675622645865468
    outer loop
      vertex 3.3714067935943604 1.902213215827942 1.7916483879089355
      vertex 3.3653478622436523 1.8979160785675049 1.7926855087280273
      vertex 3.3226046562194824 1.9622138738632202 1.80938720703125
    endloop
  endfacet
  facet normal -0.23368447338279463 0.09598433350114391 -0.9675632147938177
    outer loop
      vertex 3.3347225189208984 1.9708081483840942 1.807313084602356
      vertex 3.3774654865264893 1.906510353088379 1.7906113862991333
      vertex 3.3714067935943604 1.902213215827942 1.7916483879089355
    endloop
  endfacet
  facet normal -0.23368469752573784 0.09598420419726736 -0.9675631734863217
    outer loop
      vertex 3.3226046562194824 1.9622138738632202 1.80938720703125
      vertex 3.3347225189208984 1.9708081483840942 1.807313084602356
      vertex 3.3714067935943604 1.902213215827942 1.7916483879089355
    endloop
  endfacet
  facet normal -0.23368936029275597 0.095980196290763 -0.9675624449129623
    outer loop
      vertex 3.3774654865264893 1.906510353088379 1.7906113862991333
      vertex 3.3835244178771973 1.9108073711395264 1.7895742654800415
      vertex 3.4048960208892822 1.8786585330963135 1.7812234163284302
    endloop
  endfacet
  facet normal -0.23369043594728375 0.09597908644633983 -0.9675622952098197
    outer loop
      vertex 3.3774654865264893 1.906510353088379 1.7906113862991333
      vertex 3.4048960208892822 1.8786585330963135 1.7812234163284302
      vertex 3.398837089538574 1.8743613958358765 1.782260537147522
    endloop
  endfacet
  facet normal -0.23369059268974487 0.09597932223400898 -0.9675622339631782
    outer loop
      vertex 3.3653478622436523 1.8979160785675049 1.7926855087280273
      vertex 3.3714067935943604 1.902213215827942 1.7916483879089355
      vertex 3.3927783966064453 1.870064377784729 1.7832975387573242
    endloop
  endfacet
  facet normal -0.23369059268974487 0.09597932223400898 -0.9675622339631782
    outer loop
      vertex 3.3653478622436523 1.8979160785675049 1.7926855087280273
      vertex 3.3927783966064453 1.870064377784729 1.7832975387573242
      vertex 3.3867194652557373 1.865767240524292 1.784334659576416
    endloop
  endfacet
  facet normal -0.23368401336662867 0.09598364153006686 -0.9675633945408916
    outer loop
      vertex 3.3714067935943604 1.902213215827942 1.7916483879089355
      vertex 3.3774654865264893 1.906510353088379 1.7906113862991333
      vertex 3.398837089538574 1.8743613958358765 1.782260537147522
    endloop
  endfacet
  facet normal -0.23368293762866904 0.09598475144695427 -0.9675635442444604
    outer loop
      vertex 3.3714067935943604 1.902213215827942 1.7916483879089355
      vertex 3.398837089538574 1.8743613958358765 1.782260537147522
      vertex 3.3927783966064453 1.870064377784729 1.7832975387573242
    endloop
  endfacet
  facet normal -0.23368722470356545 0.09598136395721446 -0.9675628448753382
    outer loop
      vertex 3.1943752765655518 2.155107259750366 1.859492301940918
      vertex 3.2064929008483887 2.1637015342712402 1.857418179512024
      vertex 3.2492361068725586 2.0994036197662354 1.8407164812088013
    endloop
  endfacet
  facet normal -0.23368722470356545 0.09598136395721446 -0.9675628448753382
    outer loop
      vertex 3.1943752765655518 2.155107259750366 1.859492301940918
      vertex 3.2492361068725586 2.0994036197662354 1.8407164812088013
      vertex 3.2371184825897217 2.0908093452453613 1.8427906036376953
    endloop
  endfacet
  facet normal -0.2336905143184205 0.09597920434003061 -0.9675622645865468
    outer loop
      vertex 3.3592891693115234 1.8936190605163574 1.7937225103378296
      vertex 3.3532302379608154 1.8893219232559204 1.7947596311569214
      vertex 3.3104870319366455 1.9536197185516357 1.811461329460144
    endloop
  endfacet
  facet normal -0.2336828592520194 0.09598463354693977 -0.9675635748697141
    outer loop
      vertex 3.3226046562194824 1.9622138738632202 1.80938720703125
      vertex 3.3653478622436523 1.8979160785675049 1.7926855087280273
      vertex 3.3592891693115234 1.8936190605163574 1.7937225103378296
    endloop
  endfacet
  facet normal -0.23368693025997403 0.0959822850399489 -0.9675628246187323
    outer loop
      vertex 3.3104870319366455 1.9536197185516357 1.811461329460144
      vertex 3.3226046562194824 1.9622138738632202 1.80938720703125
      vertex 3.3592891693115234 1.8936190605163574 1.7937225103378296
    endloop
  endfacet
  facet normal -0.23369119922262233 0.09598023464156026 -0.9675619969614575
    outer loop
      vertex 3.3532302379608154 1.8893219232559204 1.7947596311569214
      vertex 3.3592891693115234 1.8936190605163574 1.7937225103378296
      vertex 3.3806605339050293 1.861470103263855 1.7853716611862183
    endloop
  endfacet
  facet normal -0.23368293762866904 0.09598475144695427 -0.9675635442444604
    outer loop
      vertex 3.3592891693115234 1.8936190605163574 1.7937225103378296
      vertex 3.3653478622436523 1.8979160785675049 1.7926855087280273
      vertex 3.3867194652557373 1.865767240524292 1.784334659576416
    endloop
  endfacet
  facet normal -0.2336787755058198 0.0959890458033627 -0.9675641234377494
    outer loop
      vertex 3.3592891693115234 1.8936190605163574 1.7937225103378296
      vertex 3.3867194652557373 1.865767240524292 1.784334659576416
      vertex 3.3806605339050293 1.861470103263855 1.7853716611862183
    endloop
  endfacet
  facet normal -0.233678169024867 0.09598813348065714 -0.9675643604185126
    outer loop
      vertex 3.3685429096221924 1.8528759479522705 1.7874457836151123
      vertex 3.3471713066101074 1.8850247859954834 1.7957966327667236
      vertex 3.3532302379608154 1.8893219232559204 1.7947596311569214
    endloop
  endfacet
  facet normal -0.23368722470356545 0.09598136395721446 -0.9675628448753382
    outer loop
      vertex 3.182257652282715 2.146512985229492 1.861566424369812
      vertex 3.1943752765655518 2.155107259750366 1.859492301940918
      vertex 3.2371184825897217 2.0908093452453613 1.8427906036376953
    endloop
  endfacet
  facet normal -0.23368614900732274 0.09598247383786905 -0.9675629945786941
    outer loop
      vertex 3.182257652282715 2.146512985229492 1.861566424369812
      vertex 3.2371184825897217 2.0908093452453613 1.8427906036376953
      vertex 3.2250008583068848 2.0822153091430664 1.8448647260665894
    endloop
  endfacet
  facet normal -0.23368293762866904 0.09598475144695427 -0.9675635442444604
    outer loop
      vertex 3.3835244178771973 1.9108073711395264 1.7895742654800415
      vertex 3.432326316833496 1.850806713104248 1.7718355655670166
      vertex 3.4048960208892822 1.8786585330963135 1.7812234163284302
    endloop
  endfacet
  facet normal -0.23369068377786975 0.09597945925787632 -0.9675621983707288
    outer loop
      vertex 3.4146690368652344 1.850545883178711 1.7760742902755737
      vertex 3.398837089538574 1.8743613958358765 1.782260537147522
      vertex 3.4048960208892822 1.8786585330963135 1.7812234163284302
    endloop
  endfacet
  facet normal -0.23368650984345057 0.09598106573070196 -0.9675630471128926
    outer loop
      vertex 3.4146690368652344 1.850545883178711 1.7760742902755737
      vertex 3.4048960208892822 1.8786585330963135 1.7812234163284302
      vertex 3.432326316833496 1.850806713104248 1.7718355655670166
    endloop
  endfacet
  facet normal -0.23368073010320092 0.09598664892270398 -0.96756388916031
    outer loop
      vertex 3.3682117462158203 1.9472534656524658 1.7968881130218506
      vertex 3.432326316833496 1.850806713104248 1.7718355655670166
      vertex 3.3835244178771973 1.9108073711395264 1.7895742654800415
    endloop
  endfacet
  facet normal -0.2336924578685353 0.09598212802392983 -0.9675615051433996
    outer loop
      vertex 3.3970115184783936 1.8502850532531738 1.7803130149841309
      vertex 3.3867194652557373 1.865767240524292 1.784334659576416
      vertex 3.3927783966064453 1.870064377784729 1.7832975387573242
    endloop
  endfacet
  facet normal -0.23368349945940128 0.09598433866668316 -0.9675634495014409
    outer loop
      vertex 3.3970115184783936 1.8502850532531738 1.7803130149841309
      vertex 3.3927783966064453 1.870064377784729 1.7832975387573242
      vertex 3.4146690368652344 1.850545883178711 1.7760742902755737
    endloop
  endfacet
  facet normal -0.2336830287318411 0.09598488849116173 -0.967563508646359
    outer loop
      vertex 3.4146690368652344 1.850545883178711 1.7760742902755737
      vertex 3.3927783966064453 1.870064377784729 1.7832975387573242
      vertex 3.398837089538574 1.8743613958358765 1.782260537147522
    endloop
  endfacet
  facet normal -0.23368966355052462 0.09598065249442231 -0.9675623264143698
    outer loop
      vertex 3.3347225189208984 1.9708081483840942 1.807313084602356
      vertex 3.3835244178771973 1.9108073711395264 1.7895742654800415
      vertex 3.3774654865264893 1.906510353088379 1.7906113862991333
    endloop
  endfacet
  facet normal -0.2336867652326112 0.0959820367913586 -0.967562889102564
    outer loop
      vertex 3.3347225189208984 1.9708081483840942 1.807313084602356
      vertex 3.3040969371795654 2.0436999797821045 1.8219406604766846
      vertex 3.3682117462158203 1.9472534656524658 1.7968881130218506
    endloop
  endfacet
  facet normal -0.23368570954023354 0.0959831173753747 -0.9675630368795528
    outer loop
      vertex 3.2064929008483887 2.1637015342712402 1.857418179512024
      vertex 3.1758675575256348 2.23659348487854 1.8720457553863525
      vertex 3.2399821281433105 2.1401467323303223 1.8469932079315186
    endloop
  endfacet
  facet normal -0.233686866140978 0.09598173391460638 -0.9675628947763315
    outer loop
      vertex 3.2399821281433105 2.1401467323303223 1.8469932079315186
      vertex 3.3040969371795654 2.0436999797821045 1.8219406604766846
      vertex 3.2492361068725586 2.0994036197662354 1.8407164812088013
    endloop
  endfacet
  facet normal -0.2336843416834578 0.09598366890566827 -0.9675633125306974
    outer loop
      vertex 3.2492361068725586 2.0994036197662354 1.8407164812088013
      vertex 3.3347225189208984 1.9708081483840942 1.807313084602356
      vertex 3.3226046562194824 1.9622138738632202 1.80938720703125
    endloop
  endfacet
  facet normal -0.2336875330840821 0.09598182784353913 -0.9675627243775409
    outer loop
      vertex 3.2492361068725586 2.0994036197662354 1.8407164812088013
      vertex 3.3226046562194824 1.9622138738632202 1.80938720703125
      vertex 3.2371184825897217 2.0908093452453613 1.8427906036376953
    endloop
  endfacet
  facet normal -0.23368493500272908 0.09598471691686893 -0.9675630652681813
    outer loop
      vertex 3.3835244178771973 1.9108073711395264 1.7895742654800415
      vertex 3.3347225189208984 1.9708081483840942 1.807313084602356
      vertex 3.3682117462158203 1.9472534656524658 1.7968881130218506
    endloop
  endfacet
  facet normal -0.2336866084848249 0.0959818009976534 -0.9675629503510905
    outer loop
      vertex 3.2399821281433105 2.1401467323303223 1.8469932079315186
      vertex 3.2492361068725586 2.0994036197662354 1.8407164812088013
      vertex 3.2064929008483887 2.1637015342712402 1.857418179512024
    endloop
  endfacet
  facet normal -0.23368641793376851 0.09598219636532072 -0.9675629571527493
    outer loop
      vertex 3.3040969371795654 2.0436999797821045 1.8219406604766846
      vertex 3.3347225189208984 1.9708081483840942 1.807313084602356
      vertex 3.2492361068725586 2.0994036197662354 1.8407164812088013
    endloop
  endfacet
  facet normal -0.2336888446990057 0.0959816768708776 -0.9675624225693649
    outer loop
      vertex 3.1623587608337402 2.2032694816589355 1.8720027208328247
      vertex 3.1758675575256348 2.23659348487854 1.8720457553863525
      vertex 3.2064929008483887 2.1637015342712402 1.857418179512024
    endloop
  endfacet
  facet normal -0.2336897420280397 0.09597634225233079 -0.9675627350196635
    outer loop
      vertex 3.3806605339050293 1.861470103263855 1.7853716611862183
      vertex 3.3970115184783936 1.8502850532531738 1.7803130149841309
      vertex 3.3793540000915527 1.8500242233276367 1.7845518589019775
    endloop
  endfacet
  facet normal -0.2336945258536247 0.09597680229576044 -0.9675615339641868
    outer loop
      vertex 3.3793540000915527 1.8500242233276367 1.7845518589019775
      vertex 3.3532302379608154 1.8893219232559204 1.7947596311569214
      vertex 3.3806605339050293 1.861470103263855 1.7853716611862183
    endloop
  endfacet
  facet normal -0.23367924812558605 0.09598763767078625 -0.9675641489895348
    outer loop
      vertex 3.3532302379608154 1.8893219232559204 1.7947596311569214
      vertex 3.3793540000915527 1.8500242233276367 1.7845518589019775
      vertex 3.3685429096221924 1.8528759479522705 1.7874457836151123
    endloop
  endfacet
  facet normal -0.2336936606074426 0.09597714636254158 -0.9675617088165471
    outer loop
      vertex 3.3471713066101074 1.8850247859954834 1.7957966327667236
      vertex 3.3685429096221924 1.8528759479522705 1.7874457836151123
      vertex 3.361696720123291 1.8497633934020996 1.7887905836105347
    endloop
  endfacet
  facet normal -0.23368668674238782 0.09596035996210794 -0.9675650581512892
    outer loop
      vertex 3.3793540000915527 1.8500242233276367 1.7845518589019775
      vertex 3.361696720123291 1.8497633934020996 1.7887905836105347
      vertex 3.3685429096221924 1.8528759479522705 1.7874457836151123
    endloop
  endfacet
  facet normal -0.2336780906459546 0.09598801557613457 -0.9675643910447598
    outer loop
      vertex 3.3104870319366455 1.9536197185516357 1.811461329460144
      vertex 3.3532302379608154 1.8893219232559204 1.7947596311569214
      vertex 3.3471713066101074 1.8850247859954834 1.7957966327667236
    endloop
  endfacet
  facet normal -0.23369366628954755 0.09597714379971364 -0.9675617076983766
    outer loop
      vertex 3.361696720123291 1.8497633934020996 1.7887905836105347
      vertex 3.3084850311279297 1.9298089742660522 1.8095828294754028
      vertex 3.3471713066101074 1.8850247859954834 1.7957966327667236
    endloop
  endfacet
  facet normal -0.23368800978027499 0.0959822934176565 -0.967562563059992
    outer loop
      vertex 3.3471713066101074 1.8850247859954834 1.7957966327667236
      vertex 3.3084850311279297 1.9298089742660522 1.8095828294754028
      vertex 3.3104870319366455 1.9536197185516357 1.811461329460144
    endloop
  endfacet
  facet normal -0.23368691686239537 0.09598226488613863 -0.9675628298537904
    outer loop
      vertex 3.2371184825897217 2.0908093452453613 1.8427906036376953
      vertex 3.3226046562194824 1.9622138738632202 1.80938720703125
      vertex 3.3104870319366455 1.9536197185516357 1.811461329460144
    endloop
  endfacet
  facet normal -0.2336862614480477 0.09598264298344131 -0.967562950642669
    outer loop
      vertex 3.2371184825897217 2.0908093452453613 1.8427906036376953
      vertex 3.3104870319366455 1.9536197185516357 1.811461329460144
      vertex 3.2250008583068848 2.0822153091430664 1.8448647260665894
    endloop
  endfacet
  facet normal -0.23368804806478266 0.09598260251168012 -0.9675625231512208
    outer loop
      vertex 3.2064929008483887 2.1637015342712402 1.857418179512024
      vertex 3.1943752765655518 2.155107259750366 1.859492301940918
      vertex 3.1623587608337402 2.2032694816589355 1.8720027208328247
    endloop
  endfacet
  facet normal -0.23368804806478266 0.09598260251168012 -0.9675625231512208
    outer loop
      vertex 3.1943752765655518 2.155107259750366 1.859492301940918
      vertex 3.182257652282715 2.146512985229492 1.861566424369812
      vertex 3.1623587608337402 2.2032694816589355 1.8720027208328247
    endloop
  endfacet
  facet normal -0.23368356702046575 0.09598444585234989 -0.9675634225512088
    outer loop
      vertex 3.202061414718628 2.089899778366089 1.8511673212051392
      vertex 3.2250008583068848 2.0822153091430664 1.8448647260665894
      vertex 3.2552731037139893 2.009854316711426 1.830375075340271
    endloop
  endfacet
  facet normal -0.23368685901765562 0.09598221916997925 -0.9675628483595619
    outer loop
      vertex 3.2250008583068848 2.0822153091430664 1.8448647260665894
      vertex 3.3104870319366455 1.9536197185516357 1.811461329460144
      vertex 3.3084850311279297 1.9298089742660522 1.8095828294754028
    endloop
  endfacet
  facet normal -0.23368142404165085 0.09598542652544284 -0.9675638428303296
    outer loop
      vertex 3.2250008583068848 2.0822153091430664 1.8448647260665894
      vertex 3.3084850311279297 1.9298089742660522 1.8095828294754028
      vertex 3.2552731037139893 2.009854316711426 1.830375075340271
    endloop
  endfacet
  facet normal -0.23368320184447794 0.09598442613396209 -0.9675635127036607
    outer loop
      vertex 3.202061414718628 2.089899778366089 1.8511673212051392
      vertex 3.1488497257232666 2.169945478439331 1.8719595670700073
      vertex 3.182257652282715 2.146512985229492 1.861566424369812
    endloop
  endfacet
  facet normal -0.23368363002710885 0.09598426037691114 -0.967563425733554
    outer loop
      vertex 3.202061414718628 2.089899778366089 1.8511673212051392
      vertex 3.182257652282715 2.146512985229492 1.861566424369812
      vertex 3.2250008583068848 2.0822153091430664 1.8448647260665894
    endloop
  endfacet
  facet normal -0.2336831496396172 0.09598450278266274 -0.9675635177083071
    outer loop
      vertex 3.1623587608337402 2.2032694816589355 1.8720027208328247
      vertex 3.182257652282715 2.146512985229492 1.861566424369812
      vertex 3.1488497257232666 2.169945478439331 1.8719595670700073
    endloop
  endfacet
  facet normal -0.2336800341987079 0.09599093924241806 -0.9675636316027225
    outer loop
      vertex 3.3806605339050293 1.861470103263855 1.7853716611862183
      vertex 3.3867194652557373 1.865767240524292 1.784334659576416
      vertex 3.3970115184783936 1.8502850532531738 1.7803130149841309
    endloop
  endfacet
  facet normal 0.23368669347920024 -0.0959819288536106 0.9675629171399134
    outer loop
      vertex 3.488863468170166 1.7325574159622192 1.8291321992874146
      vertex 3.531806230545044 1.6679595708847046 1.8123525381088257
      vertex 3.543923854827881 1.676553726196289 1.8102784156799316
    endloop
  endfacet
  facet normal 0.23368407274377398 -0.09598462837948474 0.9675632823028864
    outer loop
      vertex 3.488863468170166 1.7325574159622192 1.8291321992874146
      vertex 3.543923854827881 1.676553726196289 1.8102784156799316
      vertex 3.500981330871582 1.7411515712738037 1.8270580768585205
    endloop
  endfacet
  facet normal 0.2336873096979996 -0.0959814918114432 0.9675628116643182
    outer loop
      vertex 3.476745843887329 1.7239631414413452 1.8312063217163086
      vertex 3.519688606262207 1.6593652963638306 1.8144266605377197
      vertex 3.531806230545044 1.6679595708847046 1.8123525381088257
    endloop
  endfacet
  facet normal 0.2336873096979996 -0.0959814918114432 0.9675628116643182
    outer loop
      vertex 3.476745843887329 1.7239631414413452 1.8312063217163086
      vertex 3.531806230545044 1.6679595708847046 1.8123525381088257
      vertex 3.488863468170166 1.7325574159622192 1.8291321992874146
    endloop
  endfacet
  facet normal 0.23367986527832876 -0.09598677162281875 0.9675640858552631
    outer loop
      vertex 2.9306094646453857 2.572329521179199 2.0472676753997803
      vertex 2.9735522270202637 2.5077316761016846 2.0304880142211914
      vertex 2.9856698513031006 2.5163257122039795 2.028414011001587
    endloop
  endfacet
  facet normal 0.23367724459246775 -0.09598947108075488 0.9675644509805582
    outer loop
      vertex 2.9306094646453857 2.572329521179199 2.0472676753997803
      vertex 2.9856698513031006 2.5163257122039795 2.028414011001587
      vertex 2.9427273273468018 2.580923557281494 2.045193672180176
    endloop
  endfacet
  facet normal 0.23369352158618692 -0.09597708613229075 0.9675617483686513
    outer loop
      vertex 2.918491840362549 2.563735246658325 2.049341917037964
      vertex 2.9614346027374268 2.4991374015808105 2.032562255859375
      vertex 2.9735522270202637 2.5077316761016846 2.0304880142211914
    endloop
  endfacet
  facet normal 0.23369352158618692 -0.09597708613229075 0.9675617483686513
    outer loop
      vertex 2.918491840362549 2.563735246658325 2.049341917037964
      vertex 2.9735522270202637 2.5077316761016846 2.0304880142211914
      vertex 2.9306094646453857 2.572329521179199 2.0472676753997803
    endloop
  endfacet
  facet normal 0.23368560267518665 -0.09598305245241437 0.967563069129993
    outer loop
      vertex 3.543923854827881 1.676553726196289 1.8102784156799316
      vertex 3.5989842414855957 1.6205500364303589 1.7914246320724487
      vertex 3.536522150039673 1.7145105600357056 1.8158314228057861
    endloop
  endfacet
  facet normal 0.23368707333989627 -0.09598250027329899 0.9675627687107023
    outer loop
      vertex 3.531806230545044 1.6679595708847046 1.8123525381088257
      vertex 3.5747487545013428 1.60336172580719 1.7955728769302368
      vertex 3.543923854827881 1.676553726196289 1.8102784156799316
    endloop
  endfacet
  facet normal 0.2336853831045567 -0.09598327862428775 0.9675630997241518
    outer loop
      vertex 3.5989842414855957 1.6205500364303589 1.7914246320724487
      vertex 3.543923854827881 1.676553726196289 1.8102784156799316
      vertex 3.5747487545013428 1.60336172580719 1.7955728769302368
    endloop
  endfacet
  facet normal 0.23368768956336594 -0.09598206323003651 0.967562663234088
    outer loop
      vertex 3.519688606262207 1.6593652963638306 1.8144266605377197
      vertex 3.5747487545013428 1.60336172580719 1.7955728769302368
      vertex 3.531806230545044 1.6679595708847046 1.8123525381088257
    endloop
  endfacet
  facet normal 0.233686620659397 -0.09598282132712473 0.9675628461939184
    outer loop
      vertex 3.500981330871582 1.7411515712738037 1.8270580768585205
      vertex 3.543923854827881 1.676553726196289 1.8102784156799316
      vertex 3.536522150039673 1.7145105600357056 1.8158314228057861
    endloop
  endfacet
  facet normal 0.2336833631453591 -0.09598356091940859 0.9675635595775114
    outer loop
      vertex 3.488863468170166 1.7325574159622192 1.8291321992874146
      vertex 3.500981330871582 1.7411515712738037 1.8270580768585205
      vertex 3.47406005859375 1.8084710836410522 1.8402382135391235
    endloop
  endfacet
  facet normal 0.23368610546934904 -0.09598269585554225 0.9675629830697694
    outer loop
      vertex 3.4115982055664062 1.902431607246399 1.864645004272461
      vertex 3.3491361141204834 1.9963921308517456 1.8890517950057983
      vertex 3.3170931339263916 1.9909487962722778 1.89625084400177
    endloop
  endfacet
  facet normal 0.23368680152026225 -0.09598278026407334 0.9675628065857059
    outer loop
      vertex 3.488863468170166 1.7325574159622192 1.8291321992874146
      vertex 3.47406005859375 1.8084710836410522 1.8402382135391235
      vertex 3.4115982055664062 1.902431607246399 1.864645004272461
    endloop
  endfacet
  facet normal 0.2336873543847651 -0.0959818100864049 0.9675627692988122
    outer loop
      vertex 3.536522150039673 1.7145105600357056 1.8158314228057861
      vertex 3.47406005859375 1.8084710836410522 1.8402382135391235
      vertex 3.500981330871582 1.7411515712738037 1.8270580768585205
    endloop
  endfacet
  facet normal 0.23368426714531396 -0.09598469643101878 0.9675632286004893
    outer loop
      vertex 3.3491361141204834 1.9963921308517456 1.8890517950057983
      vertex 3.2866742610931396 2.0903525352478027 1.9134585857391357
      vertex 3.231207847595215 2.1201443672180176 1.9298101663589478
    endloop
  endfacet
  facet normal 0.23368612543568937 -0.09598283847987378 0.967562964099082
    outer loop
      vertex 3.3491361141204834 1.9963921308517456 1.8890517950057983
      vertex 3.231207847595215 2.1201443672180176 1.9298101663589478
      vertex 3.3170931339263916 1.9909487962722778 1.89625084400177
    endloop
  endfacet
  facet normal 0.23368742045766058 -0.09598234042596833 0.9675627007311713
    outer loop
      vertex 3.5747487545013428 1.60336172580719 1.7955728769302368
      vertex 3.519688606262207 1.6593652963638306 1.8144266605377197
      vertex 3.550513505935669 1.5861732959747314 1.799721121788025
    endloop
  endfacet
  facet normal 0.23368592098626645 -0.09598303093059835 0.9675629943865032
    outer loop
      vertex 3.550513505935669 1.5861732959747314 1.799721121788025
      vertex 3.519688606262207 1.6593652963638306 1.8144266605377197
      vertex 3.4901177883148193 1.6770254373550415 1.8233205080032349
    endloop
  endfacet
  facet normal 0.23368647442315618 -0.0959820842151571 0.9675629546346792
    outer loop
      vertex 3.476745843887329 1.7239631414413452 1.8312063217163086
      vertex 3.4901177883148193 1.6770254373550415 1.8233205080032349
      vertex 3.519688606262207 1.6593652963638306 1.8144266605377197
    endloop
  endfacet
  facet normal 0.23368625436791354 -0.09598215466114139 0.967563000794315
    outer loop
      vertex 3.429722309112549 1.7678775787353516 1.8469197750091553
      vertex 3.4901177883148193 1.6770254373550415 1.8233205080032349
      vertex 3.476745843887329 1.7239631414413452 1.8312063217163086
    endloop
  endfacet
  facet normal 0.2336873962076048 -0.09598162194489855 0.9675627778612282
    outer loop
      vertex 3.476745843887329 1.7239631414413452 1.8312063217163086
      vertex 3.488863468170166 1.7325574159622192 1.8291321992874146
      vertex 3.369326591491699 1.8587297201156616 1.8705191612243652
    endloop
  endfacet
  facet normal 0.2336846874014967 -0.09598390582584272 0.9675632055305124
    outer loop
      vertex 3.369326591491699 1.8587297201156616 1.8705191612243652
      vertex 3.429722309112549 1.7678775787353516 1.8469197750091553
      vertex 3.476745843887329 1.7239631414413452 1.8312063217163086
    endloop
  endfacet
  facet normal 0.23368585566113528 -0.09598315367925239 0.9675629979870602
    outer loop
      vertex 3.3170931339263916 1.9909487962722778 1.89625084400177
      vertex 3.369326591491699 1.8587297201156616 1.8705191612243652
      vertex 3.488863468170166 1.7325574159622192 1.8291321992874146
    endloop
  endfacet
  facet normal 0.23368595239032264 -0.09598296120892305 0.9675629937182356
    outer loop
      vertex 3.3170931339263916 1.9909487962722778 1.89625084400177
      vertex 3.231207847595215 2.1201443672180176 1.9298101663589478
      vertex 3.24853515625 2.040433883666992 1.9177179336547852
    endloop
  endfacet
  facet normal 0.23368571579496064 -0.09598329923670565 0.967563017328088
    outer loop
      vertex 3.3170931339263916 1.9909487962722778 1.89625084400177
      vertex 3.24853515625 2.040433883666992 1.9177179336547852
      vertex 3.3089308738708496 1.9495818614959717 1.8941185474395752
    endloop
  endfacet
  facet normal 0.23368557832900555 -0.09598327395344594 0.9675630530369667
    outer loop
      vertex 3.3170931339263916 1.9909487962722778 1.89625084400177
      vertex 3.3089308738708496 1.9495818614959717 1.8941185474395752
      vertex 3.369326591491699 1.8587297201156616 1.8705191612243652
    endloop
  endfacet
  facet normal 0.23368709082788863 -0.09598267631356686 0.967562747023718
    outer loop
      vertex 3.24853515625 2.040433883666992 1.9177179336547852
      vertex 3.231207847595215 2.1201443672180176 1.9298101663589478
      vertex 3.1881396770477295 2.131286144256592 1.9413173198699951
    endloop
  endfacet
  facet normal 0.23368541281068245 -0.09598346776153079 0.9675630737869094
    outer loop
      vertex 3.3170931339263916 1.9909487962722778 1.89625084400177
      vertex 3.488863468170166 1.7325574159622192 1.8291321992874146
      vertex 3.4115982055664062 1.902431607246399 1.864645004272461
    endloop
  endfacet
  facet normal 0.23368586889563692 -0.09598166691423231 0.9675631422779892
    outer loop
      vertex 3.231207847595215 2.1201443672180176 1.9298101663589478
      vertex 3.2866742610931396 2.0903525352478027 1.9134585857391357
      vertex 3.224212169647217 2.1843130588531494 1.9378652572631836
    endloop
  endfacet
  facet normal 0.23368654607802822 -0.09598296143087982 0.967562850308485
    outer loop
      vertex 3.224212169647217 2.1843130588531494 1.9378652572631836
      vertex 3.161750316619873 2.278273582458496 1.962272047996521
      vertex 3.145322561264038 2.249340295791626 1.9633694887161255
    endloop
  endfacet
  facet normal 0.23368778367234935 -0.09598140339410792 0.9675627059600853
    outer loop
      vertex 3.224212169647217 2.1843130588531494 1.9378652572631836
      vertex 3.145322561264038 2.249340295791626 1.9633694887161255
      vertex 3.231207847595215 2.1201443672180176 1.9298101663589478
    endloop
  endfacet
  facet normal 0.233686478387851 -0.09598292223011598 0.9675628705458121
    outer loop
      vertex 3.0594375133514404 2.3785359859466553 1.9969288110733032
      vertex 3.145322561264038 2.249340295791626 1.9633694887161255
      vertex 3.161750316619873 2.278273582458496 1.962272047996521
    endloop
  endfacet
  facet normal 0.23368784910063276 -0.09598145921855768 0.9675626846199663
    outer loop
      vertex 3.0594375133514404 2.3785359859466553 1.9969288110733032
      vertex 3.161750316619873 2.278273582458496 1.962272047996521
      vertex 3.09928822517395 2.3722341060638428 1.9866788387298584
    endloop
  endfacet
  facet normal 0.23368761325060466 -0.09598282321664196 0.967562606274446
    outer loop
      vertex 3.0368261337280273 2.4661946296691895 2.0110857486724854
      vertex 3.0594375133514404 2.3785359859466553 1.9969288110733032
      vertex 3.09928822517395 2.3722341060638428 1.9866788387298584
    endloop
  endfacet
  facet normal 0.2336847251531987 -0.09598416567289107 0.9675631706354645
    outer loop
      vertex 3.145322561264038 2.249340295791626 1.9633694887161255
      vertex 3.0594375133514404 2.3785359859466553 1.9969288110733032
      vertex 3.0673482418060303 2.312990427017212 1.9885159730911255
    endloop
  endfacet
  facet normal 0.23368545435707405 -0.09598323909989119 0.9675630864361358
    outer loop
      vertex 3.145322561264038 2.249340295791626 1.9633694887161255
      vertex 3.0673482418060303 2.312990427017212 1.9885159730911255
      vertex 3.12774395942688 2.2221381664276123 1.9649165868759155
    endloop
  endfacet
  facet normal 0.23368532056431268 -0.09598315030132161 0.9675631275586045
    outer loop
      vertex 3.231207847595215 2.1201443672180176 1.9298101663589478
      vertex 3.145322561264038 2.249340295791626 1.9633694887161255
      vertex 3.12774395942688 2.2221381664276123 1.9649165868759155
    endloop
  endfacet
  facet normal 0.23368761673664118 -0.09598071335686321 0.9675628147295948
    outer loop
      vertex 3.231207847595215 2.1201443672180176 1.9298101663589478
      vertex 3.12774395942688 2.2221381664276123 1.9649165868759155
      vertex 3.1881396770477295 2.131286144256592 1.9413173198699951
    endloop
  endfacet
  facet normal 0.2336854812765516 -0.09598251989139042 0.9675631512804966
    outer loop
      vertex 2.9856698513031006 2.5163257122039795 2.028414011001587
      vertex 3.0368261337280273 2.4661946296691895 2.0110857486724854
      vertex 2.9743642807006836 2.560155153274536 2.035492420196533
    endloop
  endfacet
  facet normal 0.2336901172965577 -0.09597865381575874 0.9675624150873348
    outer loop
      vertex 2.9427273273468018 2.580923557281494 2.045193672180176
      vertex 2.9743642807006836 2.560155153274536 2.035492420196533
      vertex 2.9119021892547607 2.654115676879883 2.059899091720581
    endloop
  endfacet
  facet normal 0.2336881422427384 -0.09598174217681588 0.9675625857503176
    outer loop
      vertex 2.9743642807006836 2.560155153274536 2.035492420196533
      vertex 2.9427273273468018 2.580923557281494 2.045193672180176
      vertex 2.9856698513031006 2.5163257122039795 2.028414011001587
    endloop
  endfacet
  facet normal 0.23368491099232513 -0.09598105132552963 0.9675634346961212
    outer loop
      vertex 2.9119021892547607 2.654115676879883 2.059899091720581
      vertex 2.9033219814300537 2.6312594413757324 2.059704065322876
      vertex 2.9427273273468018 2.580923557281494 2.045193672180176
    endloop
  endfacet
  facet normal 0.23367966200773033 -0.09598646584223788 0.9675641652826287
    outer loop
      vertex 2.9735522270202637 2.5077316761016846 2.0304880142211914
      vertex 3.0594375133514404 2.3785359859466553 1.9969288110733032
      vertex 2.9856698513031006 2.5163257122039795 2.028414011001587
    endloop
  endfacet
  facet normal 0.233684285968339 -0.09598379568569783 0.9675633134101529
    outer loop
      vertex 3.0594375133514404 2.3785359859466553 1.9969288110733032
      vertex 3.0368261337280273 2.4661946296691895 2.0110857486724854
      vertex 2.9856698513031006 2.5163257122039795 2.028414011001587
    endloop
  endfacet
  facet normal 0.233676359041694 -0.09598813891882672 0.9675647970094391
    outer loop
      vertex 2.9427273273468018 2.580923557281494 2.045193672180176
      vertex 2.9033219814300537 2.6312594413757324 2.059704065322876
      vertex 2.9306094646453857 2.572329521179199 2.0472676753997803
    endloop
  endfacet
  facet normal 0.2336933183247313 -0.09597678037189654 0.9675618277918062
    outer loop
      vertex 2.9735522270202637 2.5077316761016846 2.0304880142211914
      vertex 2.9614346027374268 2.4991374015808105 2.032562255859375
      vertex 3.0594375133514404 2.3785359859466553 1.9969288110733032
    endloop
  endfacet
  facet normal 0.23368328860038254 -0.09598438084333878 0.9675634962435443
    outer loop
      vertex 3.0069527626037598 2.4038424491882324 2.012115240097046
      vertex 3.0673482418060303 2.312990427017212 1.9885159730911255
      vertex 3.0594375133514404 2.3785359859466553 1.9969288110733032
    endloop
  endfacet
  facet normal 0.23368246852609617 -0.09598609826547744 0.9675635239317986
    outer loop
      vertex 3.0594375133514404 2.3785359859466553 1.9969288110733032
      vertex 2.9614346027374268 2.4991374015808105 2.032562255859375
      vertex 3.0069527626037598 2.4038424491882324 2.012115240097046
    endloop
  endfacet
  facet normal 0.2336880848350308 -0.09598223524001008 0.9675625507038119
    outer loop
      vertex 2.9033219814300537 2.6312594413757324 2.059704065322876
      vertex 2.8947417736053467 2.608403205871582 2.059509038925171
      vertex 2.9306094646453857 2.572329521179199 2.0472676753997803
    endloop
  endfacet
  facet normal 0.23369332058539466 -0.09597678377254759 0.9675618269084666
    outer loop
      vertex 2.8947417736053467 2.608403205871582 2.059509038925171
      vertex 2.918491840362549 2.563735246658325 2.049341917037964
      vertex 2.9306094646453857 2.572329521179199 2.0472676753997803
    endloop
  endfacet
  facet normal 0.2336786364497199 -0.09598832011764527 0.9675642290142769
    outer loop
      vertex 2.8861613273620605 2.5855467319488525 2.059314012527466
      vertex 2.94655704498291 2.494694709777832 2.035714626312256
      vertex 2.9614346027374268 2.4991374015808105 2.032562255859375
    endloop
  endfacet
  facet normal 0.233681883632291 -0.09598534014631246 0.9675637404011486
    outer loop
      vertex 2.8861613273620605 2.5855467319488525 2.059314012527466
      vertex 2.9614346027374268 2.4991374015808105 2.032562255859375
      vertex 2.918491840362549 2.563735246658325 2.049341917037964
    endloop
  endfacet
  facet normal 0.2336839836458953 -0.09598214058887607 0.9675635506132721
    outer loop
      vertex 2.8947417736053467 2.608403205871582 2.059509038925171
      vertex 2.8861613273620605 2.5855467319488525 2.059314012527466
      vertex 2.918491840362549 2.563735246658325 2.049341917037964
    endloop
  endfacet
  facet normal 0.23367858182939952 -0.09598811328709891 0.9675642627245923
    outer loop
      vertex 3.0069527626037598 2.4038424491882324 2.012115240097046
      vertex 2.9614346027374268 2.4991374015808105 2.032562255859375
      vertex 2.94655704498291 2.494694709777832 2.035714626312256
    endloop
  endfacet
  facet normal -0.9139599548714874 0.3412255040257096 0.21964142663375022
    outer loop
      vertex 2.9033219814300537 2.6312594413757324 2.059704065322876
      vertex 2.9119021892547607 2.654115676879883 2.059899091720581
      vertex 2.9076755046844482 2.655363082885742 2.0403733253479004
    endloop
  endfacet
  facet normal -0.9139559261489831 0.34123116613219373 0.21964939407432366
    outer loop
      vertex 2.9033219814300537 2.6312594413757324 2.059704065322876
      vertex 2.9076755046844482 2.655363082885742 2.0403733253479004
      vertex 2.9034485816955566 2.6566104888916016 2.0208473205566406
    endloop
  endfacet
  facet normal -0.913959115660892 0.34122515455764124 0.21964546159088744
    outer loop
      vertex 2.8947417736053467 2.608403205871582 2.059509038925171
      vertex 2.9033219814300537 2.6312594413757324 2.059704065322876
      vertex 2.9034485816955566 2.6566104888916016 2.0208473205566406
    endloop
  endfacet
  facet normal -0.9139580161296299 0.34123075119268675 0.21964134217597978
    outer loop
      vertex 2.8947417736053467 2.608403205871582 2.059509038925171
      vertex 2.881934642791748 2.586794137954712 2.039788246154785
      vertex 2.8861613273620605 2.5855467319488525 2.059314012527466
    endloop
  endfacet
  facet normal -0.9139586879829387 0.34122369125819546 0.2196495144193069
    outer loop
      vertex 2.881934642791748 2.586794137954712 2.039788246154785
      vertex 2.8947417736053467 2.608403205871582 2.059509038925171
      vertex 2.8777077198028564 2.5880415439605713 2.0202622413635254
    endloop
  endfacet
  facet normal -0.9139580079064136 0.3412267114446249 0.21964765234444622
    outer loop
      vertex 2.8777077198028564 2.5880415439605713 2.0202622413635254
      vertex 2.8947417736053467 2.608403205871582 2.059509038925171
      vertex 2.9034485816955566 2.6566104888916016 2.0208473205566406
    endloop
  endfacet
  facet normal -0.9139571264905426 0.3412339879899787 0.21964001542889475
    outer loop
      vertex 2.8864145278930664 2.63624906539917 1.9816006422042847
      vertex 2.899221658706665 2.657857894897461 2.00132155418396
      vertex 2.8949949741363525 2.6591053009033203 1.9817956686019897
    endloop
  endfacet
  facet normal -0.9139574627150112 0.34122648441290326 0.2196502735776805
    outer loop
      vertex 2.9034485816955566 2.6566104888916016 2.0208473205566406
      vertex 2.8864145278930664 2.63624906539917 1.9816006422042847
      vertex 2.8777077198028564 2.5880415439605713 2.0202622413635254
    endloop
  endfacet
  facet normal -0.9139522997580088 0.3412367463399342 0.21965581420572933
    outer loop
      vertex 2.8778343200683594 2.6133928298950195 1.9814056158065796
      vertex 2.873480796813965 2.5892891883850098 2.0007364749908447
      vertex 2.8777077198028564 2.5880415439605713 2.0202622413635254
    endloop
  endfacet
  facet normal -0.9139602203452828 0.34122561457571066 0.21964015020899652
    outer loop
      vertex 2.873480796813965 2.5892891883850098 2.0007364749908447
      vertex 2.8778343200683594 2.6133928298950195 1.9814056158065796
      vertex 2.8692541122436523 2.590536594390869 1.9812105894088745
    endloop
  endfacet
  facet normal -0.9139585704775572 0.3412249275301643 0.21964808281124162
    outer loop
      vertex 2.8778343200683594 2.6133928298950195 1.9814056158065796
      vertex 2.8777077198028564 2.5880415439605713 2.0202622413635254
      vertex 2.8864145278930664 2.63624906539917 1.9816006422042847
    endloop
  endfacet
  facet normal -0.9139581172212835 0.3412235777735498 0.21965206563277467
    outer loop
      vertex 2.899221658706665 2.657857894897461 2.00132155418396
      vertex 2.8864145278930664 2.63624906539917 1.9816006422042847
      vertex 2.9034485816955566 2.6566104888916016 2.0208473205566406
    endloop
  endfacet
  facet normal -0.18554563369625154 0.024543217818553814 -0.9823290936724655
    outer loop
      vertex 3.163311719894409 2.2650468349456787 1.9165887832641602
      vertex 3.1344072818756104 2.2722554206848145 1.922228455543518
      vertex 3.1431989669799805 2.2944998741149902 1.9211236238479614
    endloop
  endfacet
  facet normal -0.18554843475101077 0.024545191903687907 -0.9823285152716789
    outer loop
      vertex 3.163311719894409 2.2650468349456787 1.9165887832641602
      vertex 3.183424472808838 2.235593795776367 1.9120538234710693
      vertex 3.170236825942993 2.2022273540496826 1.9137110710144043
    endloop
  endfacet
  facet normal -0.185545466054913 0.02454390142444092 -0.9823291082571728
    outer loop
      vertex 3.1369364261627197 2.1983137130737305 1.91990327835083
      vertex 3.1344072818756104 2.2722554206848145 1.922228455543518
      vertex 3.163311719894409 2.2650468349456787 1.9165887832641602
    endloop
  endfacet
  facet normal -0.18554563369625154 0.024543217818553814 -0.9823290936724655
    outer loop
      vertex 3.1369364261627197 2.1983137130737305 1.91990327835083
      vertex 3.116823673248291 2.227766752243042 1.9244381189346313
      vertex 3.125615358352661 2.2500112056732178 1.9233332872390747
    endloop
  endfacet
  facet normal -0.18554874378449737 0.02454646896460997 -0.9823284249889975
    outer loop
      vertex 3.1570489406585693 2.168860673904419 1.9153683185577393
      vertex 3.1369364261627197 2.1983137130737305 1.91990327835083
      vertex 3.170236825942993 2.2022273540496826 1.9137110710144043
    endloop
  endfacet
  facet normal -0.18554860235212173 0.024545172000217077 -0.9823284841114269
    outer loop
      vertex 3.1369364261627197 2.1983137130737305 1.91990327835083
      vertex 3.163311719894409 2.2650468349456787 1.9165887832641602
      vertex 3.170236825942993 2.2022273540496826 1.9137110710144043
    endloop
  endfacet
  facet normal -0.18554209023872328 0.02454403683732181 -0.9823297425027777
    outer loop
      vertex 3.125615358352661 2.2500112056732178 1.9233332872390747
      vertex 3.1344072818756104 2.2722554206848145 1.922228455543518
      vertex 3.1369364261627197 2.1983137130737305 1.91990327835083
    endloop
  endfacet
  facet normal -0.9114568803384591 0.3692497486496491 0.18138626851516296
    outer loop
      vertex 3.170236825942993 2.2022273540496826 1.9137110710144043
      vertex 3.1758675575256348 2.23659348487854 1.8720457553863525
      vertex 3.1623587608337402 2.2032694816589355 1.8720027208328247
    endloop
  endfacet
  facet normal -0.911456537492125 0.3692503347139488 0.18138679824205323
    outer loop
      vertex 3.183424472808838 2.235593795776367 1.9120538234710693
      vertex 3.1758675575256348 2.23659348487854 1.8720457553863525
      vertex 3.170236825942993 2.2022273540496826 1.9137110710144043
    endloop
  endfacet
  facet normal -0.9114547156647956 0.3692547424065679 0.1813869799700785
    outer loop
      vertex 3.1623587608337402 2.2032694816589355 1.8720027208328247
      vertex 3.1488497257232666 2.169945478439331 1.8719595670700073
      vertex 3.1570489406585693 2.168860673904419 1.9153683185577393
    endloop
  endfacet
  facet normal -0.9114553216178786 0.36925369239629247 0.18138607263556272
    outer loop
      vertex 3.170236825942993 2.2022273540496826 1.9137110710144043
      vertex 3.1623587608337402 2.2032694816589355 1.8720027208328247
      vertex 3.1570489406585693 2.168860673904419 1.9153683185577393
    endloop
  endfacet
  facet normal 0.911457820607014 -0.3692451509164787 -0.18139090324208482
    outer loop
      vertex 3.1133086681365967 2.22823166847229 1.9058294296264648
      vertex 3.125615358352661 2.2500112056732178 1.9233332872390747
      vertex 3.116823673248291 2.227766752243042 1.9244381189346313
    endloop
  endfacet
  facet normal 0.9114504158239566 -0.369262153811326 -0.1813934983866765
    outer loop
      vertex 3.1097936630249023 2.228696823120117 1.8872206211090088
      vertex 3.1165482997894287 2.24535870552063 1.8872421979904175
      vertex 3.1133086681365967 2.22823166847229 1.9058294296264648
    endloop
  endfacet
  facet normal 0.9114587309154627 -0.3692485146310724 -0.1813794814214687
    outer loop
      vertex 3.1133086681365967 2.22823166847229 1.9058294296264648
      vertex 3.1165482997894287 2.24535870552063 1.8872421979904175
      vertex 3.123302698135376 2.2620208263397217 1.8872636556625366
    endloop
  endfacet
  facet normal 0.911456884156649 -0.36925192853697364 -0.18138181164377715
    outer loop
      vertex 3.140005350112915 2.294922351837158 1.9042152166366577
      vertex 3.125615358352661 2.2500112056732178 1.9233332872390747
      vertex 3.1133086681365967 2.22823166847229 1.9058294296264648
    endloop
  endfacet
  facet normal 0.9114598292613713 -0.36924541661485677 -0.18138026891520742
    outer loop
      vertex 3.140005350112915 2.294922351837158 1.9042152166366577
      vertex 3.1431989669799805 2.2944998741149902 1.9211236238479614
      vertex 3.1344072818756104 2.2722554206848145 1.922228455543518
    endloop
  endfacet
  facet normal 0.9114559991395326 -0.36925169348379117 -0.1813867373649704
    outer loop
      vertex 3.1133086681365967 2.22823166847229 1.9058294296264648
      vertex 3.123302698135376 2.2620208263397217 1.8872636556625366
      vertex 3.140005350112915 2.294922351837158 1.9042152166366577
    endloop
  endfacet
  facet normal 0.9114560040054557 -0.3692513849770204 -0.18138734094461834
    outer loop
      vertex 3.123302698135376 2.2620208263397217 1.8872636556625366
      vertex 3.1300570964813232 2.2786827087402344 1.8872852325439453
      vertex 3.140005350112915 2.294922351837158 1.9042152166366577
    endloop
  endfacet
  facet normal 0.9114569454849578 -0.3692464761903103 -0.18139260279369032
    outer loop
      vertex 3.1368114948272705 2.295344829559326 1.887306809425354
      vertex 3.140005350112915 2.294922351837158 1.9042152166366577
      vertex 3.1300570964813232 2.2786827087402344 1.8872852325439453
    endloop
  endfacet
  facet normal 0.9114518553114525 -0.36925682814298577 -0.18139710669989328
    outer loop
      vertex 3.1344072818756104 2.2722554206848145 1.922228455543518
      vertex 3.125615358352661 2.2500112056732178 1.9233332872390747
      vertex 3.140005350112915 2.294922351837158 1.9042152166366577
    endloop
  endfacet
  facet normal -0.23368686417452955 0.09598082162575075 -0.967562985749414
    outer loop
      vertex 3.068211793899536 2.344892978668213 1.9087902307510376
      vertex 3.080329418182373 2.353487253189087 1.9067161083221436
      vertex 3.1132380962371826 2.303983211517334 1.8938572406768799
    endloop
  endfacet
  facet normal -0.2336858353264882 0.09598200196508705 -0.9675631171487137
    outer loop
      vertex 3.068211793899536 2.344892978668213 1.9087902307510376
      vertex 3.1132380962371826 2.303983211517334 1.8938572406768799
      vertex 3.1011204719543457 2.295389175415039 1.895931363105774
    endloop
  endfacet
  facet normal -0.23368283473652593 0.09598413007631917 -0.9675636307359808
    outer loop
      vertex 3.05609393119812 2.336298942565918 1.9108643531799316
      vertex 3.068211793899536 2.344892978668213 1.9087902307510376
      vertex 3.1011204719543457 2.295389175415039 1.895931363105774
    endloop
  endfacet
  facet normal -0.23368386359549223 0.09598294972072585 -0.967563499341512
    outer loop
      vertex 3.05609393119812 2.336298942565918 1.9108643531799316
      vertex 3.1011204719543457 2.295389175415039 1.895931363105774
      vertex 3.0890026092529297 2.286794900894165 1.898005485534668
    endloop
  endfacet
  facet normal -0.23368686417452955 0.09598082162575075 -0.967562985749414
    outer loop
      vertex 2.8915505409240723 2.5838186740875244 1.9751590490341187
      vertex 2.903668165206909 2.5924129486083984 1.9730849266052246
      vertex 2.9365768432617188 2.5429089069366455 1.960226058959961
    endloop
  endfacet
  facet normal -0.2336858353264882 0.09598200196508705 -0.9675631171487137
    outer loop
      vertex 2.8915505409240723 2.5838186740875244 1.9751590490341187
      vertex 2.9365768432617188 2.5429089069366455 1.960226058959961
      vertex 2.924459218978882 2.5343148708343506 1.962300181388855
    endloop
  endfacet
  facet normal -0.23368386359549223 0.09598294972072585 -0.967563499341512
    outer loop
      vertex 2.903668165206909 2.5924129486083984 1.9730849266052246
      vertex 2.915786027908325 2.6010072231292725 1.9710108041763306
      vertex 2.9486947059631348 2.5515031814575195 1.958151936531067
    endloop
  endfacet
  facet normal -0.23368386359549223 0.09598294972072585 -0.967563499341512
    outer loop
      vertex 2.903668165206909 2.5924129486083984 1.9730849266052246
      vertex 2.9486947059631348 2.5515031814575195 1.958151936531067
      vertex 2.9365768432617188 2.5429089069366455 1.960226058959961
    endloop
  endfacet
  facet normal -0.23368913837190702 0.09597920869865616 -0.9675625964786856
    outer loop
      vertex 3.080329418182373 2.353487253189087 1.9067161083221436
      vertex 3.1368114948272705 2.295344829559326 1.887306809425354
      vertex 3.1132380962371826 2.303983211517334 1.8938572406768799
    endloop
  endfacet
  facet normal -0.2336874163407669 0.09598387253076912 -0.9675625497392787
    outer loop
      vertex 3.1300570964813232 2.2786827087402344 1.8872852325439453
      vertex 3.1132380962371826 2.303983211517334 1.8938572406768799
      vertex 3.1368114948272705 2.295344829559326 1.887306809425354
    endloop
  endfacet
  facet normal -0.23368437545159904 0.09598405900043172 -0.9675632656770294
    outer loop
      vertex 3.056205987930298 2.416598320007324 1.918803095817566
      vertex 3.1368114948272705 2.295344829559326 1.887306809425354
      vertex 3.080329418182373 2.353487253189087 1.9067161083221436
    endloop
  endfacet
  facet normal -0.23368667221798445 0.09598494442768009 -0.9675626231262241
    outer loop
      vertex 3.123302698135376 2.2620208263397217 1.8872636556625366
      vertex 3.1011204719543457 2.295389175415039 1.895931363105774
      vertex 3.1300570964813232 2.2786827087402344 1.8872852325439453
    endloop
  endfacet
  facet normal -0.23368718694872279 0.09598403522267213 -0.9675625890030917
    outer loop
      vertex 3.1300570964813232 2.2786827087402344 1.8872852325439453
      vertex 3.1011204719543457 2.295389175415039 1.895931363105774
      vertex 3.1132380962371826 2.303983211517334 1.8938572406768799
    endloop
  endfacet
  facet normal -0.23368800241712656 0.09598253384543756 -0.9675625409878694
    outer loop
      vertex 3.056205987930298 2.416598320007324 1.918803095817566
      vertex 3.080329418182373 2.353487253189087 1.9067161083221436
      vertex 3.068211793899536 2.344892978668213 1.9087902307510376
    endloop
  endfacet
  facet normal -0.23368813785807477 0.09598139059070132 -0.9675626216864213
    outer loop
      vertex 2.9486947059631348 2.5515031814575195 1.958151936531067
      vertex 2.975600481033325 2.5378518104553223 1.9502993822097778
      vertex 3.056205987930298 2.416598320007324 1.918803095817566
    endloop
  endfacet
  facet normal -0.23368813785807477 0.09598139059070132 -0.9675626216864213
    outer loop
      vertex 2.8949949741363525 2.6591053009033203 1.9817956686019897
      vertex 2.975600481033325 2.5378518104553223 1.9502993822097778
      vertex 2.9486947059631348 2.5515031814575195 1.958151936531067
    endloop
  endfacet
  facet normal -0.2336794197504305 0.09598610141389043 -0.9675642599437333
    outer loop
      vertex 2.8949949741363525 2.6591053009033203 1.9817956686019897
      vertex 2.9486947059631348 2.5515031814575195 1.958151936531067
      vertex 2.915786027908325 2.6010072231292725 1.9710108041763306
    endloop
  endfacet
  facet normal -0.23368477851370753 0.09598432602704345 -0.9675631418404349
    outer loop
      vertex 2.8864145278930664 2.63624906539917 1.9816006422042847
      vertex 2.915786027908325 2.6010072231292725 1.9710108041763306
      vertex 2.903668165206909 2.5924129486083984 1.9730849266052246
    endloop
  endfacet
  facet normal -0.2336854877694015 0.09598370204108435 -0.9675630324420551
    outer loop
      vertex 2.8949949741363525 2.6591053009033203 1.9817956686019897
      vertex 2.915786027908325 2.6010072231292725 1.9710108041763306
      vertex 2.8864145278930664 2.63624906539917 1.9816006422042847
    endloop
  endfacet
  facet normal -0.2336847344108151 0.09598425968329402 -0.9675631590735546
    outer loop
      vertex 2.9365768432617188 2.5429089069366455 1.960226058959961
      vertex 2.9486947059631348 2.5515031814575195 1.958151936531067
      vertex 3.056205987930298 2.416598320007324 1.918803095817566
    endloop
  endfacet
  facet normal -0.23368608871535929 0.09598291354281437 -0.967562965521495
    outer loop
      vertex 3.068211793899536 2.344892978668213 1.9087902307510376
      vertex 2.9365768432617188 2.5429089069366455 1.960226058959961
      vertex 3.056205987930298 2.416598320007324 1.918803095817566
    endloop
  endfacet
  facet normal -0.23369080286090688 0.09597832256048999 -0.9675622823656879
    outer loop
      vertex 3.1165482997894287 2.24535870552063 1.8872421979904175
      vertex 3.0890026092529297 2.286794900894165 1.898005485534668
      vertex 3.123302698135376 2.2620208263397217 1.8872636556625366
    endloop
  endfacet
  facet normal -0.23369005705287807 0.09597855714273501 -0.9675624392272684
    outer loop
      vertex 3.029613733291626 2.3493099212646484 1.9185506105422974
      vertex 3.05609393119812 2.336298942565918 1.9108643531799316
      vertex 3.0890026092529297 2.286794900894165 1.898005485534668
    endloop
  endfacet
  facet normal -0.2336837714467395 0.09598553920444264 -0.9675632647150575
    outer loop
      vertex 3.05609393119812 2.336298942565918 1.9108643531799316
      vertex 2.9494340419769287 2.469923257827759 1.949880599975586
      vertex 3.068211793899536 2.344892978668213 1.9087902307510376
    endloop
  endfacet
  facet normal -0.23368450694731904 0.09598408987132317 -0.9675632308559282
    outer loop
      vertex 3.0890026092529297 2.286794900894165 1.898005485534668
      vertex 3.1097936630249023 2.228696823120117 1.8872206211090088
      vertex 3.029613733291626 2.3493099212646484 1.9185506105422974
    endloop
  endfacet
  facet normal -0.23368035799014886 0.09598573042237198 -0.9675640701498168
    outer loop
      vertex 3.1165482997894287 2.24535870552063 1.8872421979904175
      vertex 3.1097936630249023 2.228696823120117 1.8872206211090088
      vertex 3.0890026092529297 2.286794900894165 1.898005485534668
    endloop
  endfacet
  facet normal -0.23368867600961082 0.09598139841503048 -0.9675624909343946
    outer loop
      vertex 2.9494340419769287 2.469923257827759 1.949880599975586
      vertex 3.05609393119812 2.336298942565918 1.9108643531799316
      vertex 3.029613733291626 2.3493099212646484 1.9185506105422974
    endloop
  endfacet
  facet normal -0.23368842051934843 0.0959831627826962 -0.9675623776157289
    outer loop
      vertex 2.8778343200683594 2.6133928298950195 1.9814056158065796
      vertex 2.903668165206909 2.5924129486083984 1.9730849266052246
      vertex 2.8915505409240723 2.5838186740875244 1.9751590490341187
    endloop
  endfacet
  facet normal -0.23368890679573018 0.09598254184976007 -0.9675623217657224
    outer loop
      vertex 2.8864145278930664 2.63624906539917 1.9816006422042847
      vertex 2.903668165206909 2.5924129486083984 1.9730849266052246
      vertex 2.8778343200683594 2.6133928298950195 1.9814056158065796
    endloop
  endfacet
  facet normal -0.23369021046888716 0.09597985979683069 -0.9675622729542466
    outer loop
      vertex 2.9494340419769287 2.469923257827759 1.949880599975586
      vertex 2.8692541122436523 2.590536594390869 1.9812105894088745
      vertex 2.8915505409240723 2.5838186740875244 1.9751590490341187
    endloop
  endfacet
  facet normal -0.23368418703730368 0.0959831709832177 -0.9675633992750661
    outer loop
      vertex 2.9494340419769287 2.469923257827759 1.949880599975586
      vertex 2.8915505409240723 2.5838186740875244 1.9751590490341187
      vertex 2.924459218978882 2.5343148708343506 1.962300181388855
    endloop
  endfacet
  facet normal -0.23368607689814708 0.09598236536340726 -0.9675630227552098
    outer loop
      vertex 2.9365768432617188 2.5429089069366455 1.960226058959961
      vertex 2.9494340419769287 2.469923257827759 1.949880599975586
      vertex 2.924459218978882 2.5343148708343506 1.962300181388855
    endloop
  endfacet
  facet normal -0.23368933509805173 0.09598270161611565 -0.967562202471708
    outer loop
      vertex 2.8778343200683594 2.6133928298950195 1.9814056158065796
      vertex 2.8915505409240723 2.5838186740875244 1.9751590490341187
      vertex 2.8692541122436523 2.590536594390869 1.9812105894088745
    endloop
  endfacet
  facet normal -0.23368718613098782 0.09598213522202485 -0.9675627776823589
    outer loop
      vertex 2.9365768432617188 2.5429089069366455 1.960226058959961
      vertex 3.068211793899536 2.344892978668213 1.9087902307510376
      vertex 2.9494340419769287 2.469923257827759 1.949880599975586
    endloop
  endfacet
  facet normal -0.23368566464409535 0.09598565902869081 -0.9675627955852143
    outer loop
      vertex 3.0890026092529297 2.286794900894165 1.898005485534668
      vertex 3.1011204719543457 2.295389175415039 1.895931363105774
      vertex 3.123302698135376 2.2620208263397217 1.8872636556625366
    endloop
  endfacet
  facet normal -0.19850243644623403 0.04358711608324719 -0.9791307093725814
    outer loop
      vertex 3.455233335494995 1.789640188217163 1.7968590259552002
      vertex 3.4655075073242188 1.80977463722229 1.7956724166870117
      vertex 3.4789505004882812 1.7899497747421265 1.7920645475387573
    endloop
  endfacet
  facet normal -0.19850930551991836 0.043590712731378385 -0.9791291566415384
    outer loop
      vertex 3.431516408920288 1.7893304824829102 1.8016536235809326
      vertex 3.4655075073242188 1.80977463722229 1.7956724166870117
      vertex 3.455233335494995 1.789640188217163 1.7968590259552002
    endloop
  endfacet
  facet normal -0.1985090627347422 0.04358241647034643 -0.9791295751772486
    outer loop
      vertex 3.407799482345581 1.7890208959579468 1.806448221206665
      vertex 3.3943564891815186 1.8088457584381104 1.8100560903549194
      vertex 3.431516408920288 1.7893304824829102 1.8016536235809326
    endloop
  endfacet
  facet normal -0.19850693420962298 0.04358657558046516 -0.979129821576212
    outer loop
      vertex 3.4655075073242188 1.80977463722229 1.7956724166870117
      vertex 3.431516408920288 1.7893304824829102 1.8016536235809326
      vertex 3.3943564891815186 1.8088457584381104 1.8100560903549194
    endloop
  endfacet
  facet normal -0.19850695580563738 0.04359211920098675 -0.9791295704044208
    outer loop
      vertex 3.3943564891815186 1.8088457584381104 1.8100560903549194
      vertex 3.380913734436035 1.828670620918274 1.8136640787124634
      vertex 3.4655075073242188 1.80977463722229 1.7956724166870117
    endloop
  endfacet
  facet normal -0.19850716025374573 0.04358613389366725 -0.9791297954102903
    outer loop
      vertex 3.414904832839966 1.8491147756576538 1.8076828718185425
      vertex 3.438621997833252 1.8494243621826172 1.80288827419281
      vertex 3.4520647525787354 1.8295994997024536 1.7992804050445557
    endloop
  endfacet
  facet normal -0.19850693420962298 0.04358657558046516 -0.979129821576212
    outer loop
      vertex 3.380913734436035 1.828670620918274 1.8136640787124634
      vertex 3.414904832839966 1.8491147756576538 1.8076828718185425
      vertex 3.4520647525787354 1.8295994997024536 1.7992804050445557
    endloop
  endfacet
  facet normal -0.19850435728160348 0.04358812183258817 -0.9791302751806447
    outer loop
      vertex 3.3674709796905518 1.8484954833984375 1.8172719478607178
      vertex 3.391187906265259 1.8488050699234009 1.812477469444275
      vertex 3.380913734436035 1.828670620918274 1.8136640787124634
    endloop
  endfacet
  facet normal -0.19850930551991836 0.043590712731378385 -0.9791291566415384
    outer loop
      vertex 3.414904832839966 1.8491147756576538 1.8076828718185425
      vertex 3.380913734436035 1.828670620918274 1.8136640787124634
      vertex 3.391187906265259 1.8488050699234009 1.812477469444275
    endloop
  endfacet
  facet normal -0.19850695580563738 0.04359211920098675 -0.9791295704044208
    outer loop
      vertex 3.4655075073242188 1.80977463722229 1.7956724166870117
      vertex 3.380913734436035 1.828670620918274 1.8136640787124634
      vertex 3.4520647525787354 1.8295994997024536 1.7992804050445557
    endloop
  endfacet
  facet normal 0.00389184718628747 -0.998967696929532 -0.0452591870981499
    outer loop
      vertex 3.435474157333374 1.8501155376434326 1.787361979484558
      vertex 3.4146690368652344 1.850545883178711 1.7760742902755737
      vertex 3.432326316833496 1.850806713104248 1.7718355655670166
    endloop
  endfacet
  facet normal 0.0038903120762623475 -0.9989677012572691 -0.04525922355406337
    outer loop
      vertex 3.414904832839966 1.8491147756576538 1.8076828718185425
      vertex 3.435474157333374 1.8501155376434326 1.787361979484558
      vertex 3.438621997833252 1.8494243621826172 1.80288827419281
    endloop
  endfacet
  facet normal 0.003891315869516418 -0.9989677432872041 -0.04525820955886732
    outer loop
      vertex 3.4146690368652344 1.850545883178711 1.7760742902755737
      vertex 3.435474157333374 1.8501155376434326 1.787361979484558
      vertex 3.414904832839966 1.8491147756576538 1.8076828718185425
    endloop
  endfacet
  facet normal 0.003892028693978372 -0.998967740275523 -0.04525821474009
    outer loop
      vertex 3.414904832839966 1.8491147756576538 1.8076828718185425
      vertex 3.3970115184783936 1.8502850532531738 1.7803130149841309
      vertex 3.4146690368652344 1.850545883178711 1.7760742902755737
    endloop
  endfacet
  facet normal 0.0038915677173622138 -0.9989676454166746 -0.04526034811362018
    outer loop
      vertex 3.364583730697632 1.8491294384002686 1.8030312061309814
      vertex 3.361696720123291 1.8497633934020996 1.7887905836105347
      vertex 3.3793540000915527 1.8500242233276367 1.7845518589019775
    endloop
  endfacet
  facet normal 0.0038910521972664014 -0.9989676177924374 -0.04526100214203158
    outer loop
      vertex 3.391187906265259 1.8488050699234009 1.812477469444275
      vertex 3.3793540000915527 1.8500242233276367 1.7845518589019775
      vertex 3.3970115184783936 1.8502850532531738 1.7803130149841309
    endloop
  endfacet
  facet normal 0.0038904595640643683 -0.9989676740681718 -0.04525981099394087
    outer loop
      vertex 3.3674709796905518 1.8484954833984375 1.8172719478607178
      vertex 3.364583730697632 1.8491294384002686 1.8030312061309814
      vertex 3.391187906265259 1.8488050699234009 1.812477469444275
    endloop
  endfacet
  facet normal 0.003890853271269978 -0.9989676223775285 -0.045260918044258885
    outer loop
      vertex 3.3793540000915527 1.8500242233276367 1.7845518589019775
      vertex 3.391187906265259 1.8488050699234009 1.812477469444275
      vertex 3.364583730697632 1.8491294384002686 1.8030312061309814
    endloop
  endfacet
  facet normal 0.0038951621876047644 -0.9989676354536888 -0.045260258810550485
    outer loop
      vertex 3.414904832839966 1.8491147756576538 1.8076828718185425
      vertex 3.391187906265259 1.8488050699234009 1.812477469444275
      vertex 3.3970115184783936 1.8502850532531738 1.7803130149841309
    endloop
  endfacet
  facet normal -0.003889587969397939 0.9989675335161687 0.04526298803714151
    outer loop
      vertex 3.436413049697876 1.7910140752792358 1.764917016029358
      vertex 3.407799482345581 1.7890208959579468 1.806448221206665
      vertex 3.431516408920288 1.7893304824829102 1.8016536235809326
    endloop
  endfacet
  facet normal -0.0038909843500527764 0.9989675715856187 0.045262027806093404
    outer loop
      vertex 3.4010982513427734 1.7904924154281616 1.7733945846557617
      vertex 3.407799482345581 1.7890208959579468 1.806448221206665
      vertex 3.436413049697876 1.7910140752792358 1.764917016029358
    endloop
  endfacet
  facet normal -0.003891527233184713 0.9989676428992001 0.04526040715912189
    outer loop
      vertex 3.455233335494995 1.789640188217163 1.7968590259552002
      vertex 3.4717278480529785 1.79153573513031 1.7564395666122437
      vertex 3.436413049697876 1.7910140752792358 1.764917016029358
    endloop
  endfacet
  facet normal -0.0038901890705932483 0.9989676234110043 0.04526095232719782
    outer loop
      vertex 3.4717278480529785 1.79153573513031 1.7564395666122437
      vertex 3.455233335494995 1.789640188217163 1.7968590259552002
      vertex 3.4789505004882812 1.7899497747421265 1.7920645475387573
    endloop
  endfacet
  facet normal -0.0038947482070831652 0.9989675445522875 0.04526230073225344
    outer loop
      vertex 3.431516408920288 1.7893304824829102 1.8016536235809326
      vertex 3.455233335494995 1.789640188217163 1.7968590259552002
      vertex 3.436413049697876 1.7910140752792358 1.764917016029358
    endloop
  endfacet
  facet normal -0.23368779452065322 0.09598290312038163 -0.9675625545672261
    outer loop
      vertex 3.544102191925049 1.682664394378662 1.7281596660614014
      vertex 3.580289125442505 1.6282286643981934 1.7140196561813354
      vertex 3.556053876876831 1.6110402345657349 1.7181679010391235
    endloop
  endfacet
  facet normal -0.23368220498517797 0.09598400885134276 -0.9675637948570062
    outer loop
      vertex 3.556053876876831 1.6110402345657349 1.7181679010391235
      vertex 3.5079150199890137 1.7371000051498413 1.7422995567321777
      vertex 3.544102191925049 1.682664394378662 1.7281596660614014
    endloop
  endfacet
  facet normal -0.2336849944808057 0.09598389119317334 -0.9675631328166256
    outer loop
      vertex 3.5079150199890137 1.7371000051498413 1.7422995567321777
      vertex 3.436413049697876 1.7910140752792358 1.764917016029358
      vertex 3.4717278480529785 1.79153573513031 1.7564395666122437
    endloop
  endfacet
  facet normal -0.23368610381869745 0.0959823708387522 -0.9675630157101961
    outer loop
      vertex 3.436413049697876 1.7910140752792358 1.764917016029358
      vertex 3.5079150199890137 1.7371000051498413 1.7422995567321777
      vertex 3.556053876876831 1.6110402345657349 1.7181679010391235
    endloop
  endfacet
  facet normal -0.23368430629940493 0.09598364569050419 -0.9675633233795737
    outer loop
      vertex 3.556053876876831 1.6110402345657349 1.7181679010391235
      vertex 3.4882450103759766 1.6593986749649048 1.739342212677002
      vertex 3.436413049697876 1.7910140752792358 1.764917016029358
    endloop
  endfacet
  facet normal -0.2336880977264765 0.09598200624114066 -0.9675625703069061
    outer loop
      vertex 3.4010982513427734 1.7904924154281616 1.7733945846557617
      vertex 3.436413049697876 1.7910140752792358 1.764917016029358
      vertex 3.444671630859375 1.7249455451965332 1.7563683986663818
    endloop
  endfacet
  facet normal -0.2336880977264765 0.09598200624114066 -0.9675625703069061
    outer loop
      vertex 3.4882450103759766 1.6593986749649048 1.739342212677002
      vertex 3.444671630859375 1.7249455451965332 1.7563683986663818
      vertex 3.436413049697876 1.7910140752792358 1.764917016029358
    endloop
  endfacet
  facet normal -0.2336837749240654 0.09598441362931819 -0.9675633755354089
    outer loop
      vertex 3.5318186283111572 1.593851923942566 1.722316026687622
      vertex 3.4882450103759766 1.6593986749649048 1.739342212677002
      vertex 3.556053876876831 1.6110402345657349 1.7181679010391235
    endloop
  endfacet
endsolid beam