solid d1
  facet normal 0.891622471 -0.429892342 0.142133542
    outer loop
      vertex 1.95957065 1.83046329 1.95555699
      vertex 1.98248303 1.88193786 1.96751285
      vertex 1.97815788 1.87936711 1.98686969
    endloop
  endfacet
  facet normal 0.891622171 -0.429892713 0.142134301
    outer loop
      vertex 1.95957065 1.83046329 1.95555699
      vertex 1.97815788 1.87936711 1.98686969
      vertex 1.95524549 1.82789254 1.97491372
    endloop
  endfacet
  facet normal 0.891621988 -0.429892822 0.142135121
    outer loop
      vertex 1.95524549 1.82789254 1.97491372
      vertex 1.97815788 1.87936711 1.98686969
      vertex 1.97383273 1.87679636 2.0062263
    endloop
  endfacet
  facet normal 0.891622288 -0.429892451 0.142134362
    outer loop
      vertex 1.95524549 1.82789254 1.97491372
      vertex 1.97383273 1.87679636 2.0062263
      vertex 1.95092034 1.82532179 1.99427044
    endloop
  endfacet
  facet normal 0.891622799 -0.429892172 0.142132
    outer loop
      vertex 1.99862432 1.92534685 1.9975493
      vertex 1.99552214 1.92552352 2.01754427
      vertex 1.97383273 1.87679636 2.0062263
    endloop
  endfacet
  facet normal 0.891622432 -0.429892389 0.142133639
    outer loop
      vertex 1.99241996 1.92570019 2.03753901
      vertex 1.97383273 1.87679636 2.0062263
      vertex 1.99552214 1.92552352 2.01754427
    endloop
  endfacet
  facet normal 0.891621727 -0.429892784 0.142136874
    outer loop
      vertex 1.95092034 1.82532179 1.99427044
      vertex 1.97383273 1.87679636 2.0062263
      vertex 1.94503355 1.81924284 2.01281238
    endloop
  endfacet
  facet normal 0.891621881 -0.429893072 0.142135033
    outer loop
      vertex 1.99241996 1.92570019 2.03753901
      vertex 1.94503355 1.81924284 2.01281238
      vertex 1.97383273 1.87679636 2.0062263
    endloop
  endfacet
  facet normal 0.891622117 -0.429892834 0.142134273
    outer loop
      vertex 1.90478802 1.71795142 1.95891547
      vertex 1.95524549 1.82789254 1.97491372
      vertex 1.95092034 1.82532179 1.99427044
    endloop
  endfacet
  facet normal 0.891622597 -0.429891454 0.142135439
    outer loop
      vertex 1.97815788 1.87936711 1.98686969
      vertex 1.99862432 1.92534685 1.9975493
      vertex 1.97383273 1.87679636 2.0062263
    endloop
  endfacet
  facet normal 0.891623717 -0.429891978 0.142126825
    outer loop
      vertex 1.98248303 1.88193786 1.96751285
      vertex 2.00482869 1.92499352 1.95755947
      vertex 2.00172663 1.92517018 1.97755444
    endloop
  endfacet
  facet normal 0.891622963 -0.429891236 0.142133799
    outer loop
      vertex 1.99862432 1.92534685 1.9975493
      vertex 1.97815788 1.87936711 1.98686969
      vertex 1.98248303 1.88193786 1.96751285
    endloop
  endfacet
  facet normal 0.891621235 -0.429893453 0.142137932
    outer loop
      vertex 1.99862432 1.92534685 1.9975493
      vertex 1.98248303 1.88193786 1.96751285
      vertex 2.00172663 1.92517018 1.97755444
    endloop
  endfacet
  facet normal 0.891622117 -0.429892834 0.142134273
    outer loop
      vertex 1.95524549 1.82789254 1.97491372
      vertex 1.90478802 1.71795142 1.95891547
      vertex 1.95957065 1.83046329 1.95555699
    endloop
  endfacet
  facet normal 0.891623664 -0.429891632 0.142128201
    outer loop
      vertex 2.00482869 1.92499352 1.95755947
      vertex 1.98248303 1.88193786 1.96751285
      vertex 1.95957065 1.83046329 1.95555699
    endloop
  endfacet
  facet normal 0.891623364 -0.429891535 0.142130383
    outer loop
      vertex 1.94584835 1.79248905 1.92678285
      vertex 2.00482869 1.92499352 1.95755947
      vertex 1.95957065 1.83046329 1.95555699
    endloop
  endfacet
  facet normal 0.891621788 -0.429892635 0.142136942
    outer loop
      vertex 1.94503355 1.81924284 2.01281238
      vertex 1.89764726 1.71278548 1.98808563
      vertex 1.95092034 1.82532179 1.99427044
    endloop
  endfacet
  facet normal 0.891622292 -0.429892964 0.142132781
    outer loop
      vertex 1.95957065 1.83046329 1.95555699
      vertex 1.90478802 1.71795142 1.95891547
      vertex 1.94584835 1.79248905 1.92678285
    endloop
  endfacet
  facet normal 0.89162226 -0.429891583 0.142137158
    outer loop
      vertex 1.84820497 1.60170925 1.96228611
      vertex 1.87569833 1.65136433 1.94000208
      vertex 1.86774695 1.64561212 1.9724834
    endloop
  endfacet
  facet normal 0.891622022 -0.429893833 0.142131851
    outer loop
      vertex 1.82866287 1.55780649 1.95208883
      vertex 1.87569833 1.65136433 1.94000208
      vertex 1.84820497 1.60170925 1.96228611
    endloop
  endfacet
  facet normal 0.891622798 -0.429891264 0.142134753
    outer loop
      vertex 1.80912089 1.51390362 1.94189155
      vertex 1.81850421 1.52069187 1.90356052
      vertex 1.82866287 1.55780649 1.95208883
    endloop
  endfacet
  facet normal 0.891622317 -0.429892703 0.142133417
    outer loop
      vertex 1.94584835 1.79248905 1.92678285
      vertex 1.90478802 1.71795142 1.95891547
      vertex 1.88686788 1.65998459 1.89600611
    endloop
  endfacet
  facet normal 0.891622616 -0.429892249 0.142132913
    outer loop
      vertex 1.89024317 1.68465793 1.94945884
      vertex 1.88686788 1.65998459 1.89600611
      vertex 1.90478802 1.71795142 1.95891547
    endloop
  endfacet
  facet normal 0.89162314 -0.429891316 0.142132449
    outer loop
      vertex 1.87569833 1.65136433 1.94000208
      vertex 1.88686788 1.65998459 1.89600611
      vertex 1.89024317 1.68465793 1.94945884
    endloop
  endfacet
  facet normal 0.891622439 -0.429892084 0.14213452
    outer loop
      vertex 1.88686788 1.65998459 1.89600611
      vertex 1.81850421 1.52069187 1.90356052
      vertex 1.82788754 1.52748013 1.86522949
    endloop
  endfacet
  facet normal 0.891622696 -0.429892339 0.142132136
    outer loop
      vertex 1.87569833 1.65136433 1.94000208
      vertex 1.81850421 1.52069187 1.90356052
      vertex 1.88686788 1.65998459 1.89600611
    endloop
  endfacet
  facet normal 0.891621668 -0.429893071 0.142136372
    outer loop
      vertex 1.87569833 1.65136433 1.94000208
      vertex 1.82866287 1.55780649 1.95208883
      vertex 1.81850421 1.52069187 1.90356052
    endloop
  endfacet
  facet normal 0.891622293 -0.42989269 0.142133607
    outer loop
      vertex 1.89764726 1.71278548 1.98808563
      vertex 1.90478802 1.71795142 1.95891547
      vertex 1.95092034 1.82532179 1.99427044
    endloop
  endfacet
  facet normal -0.216258238 -0.128538103 0.967837967
    outer loop
      vertex 1.79309201 1.62387323 1.95291495
      vertex 1.77354991 1.57997048 1.94271767
      vertex 1.79133546 1.54693711 1.94230461
    endloop
  endfacet
  facet normal -0.216259893 -0.128536967 0.967837748
    outer loop
      vertex 1.79309201 1.62387323 1.95291495
      vertex 1.84996152 1.67864549 1.97289646
      vertex 1.81263411 1.66777611 1.96311224
    endloop
  endfacet
  facet normal -0.216259687 -0.128537636 0.967837705
    outer loop
      vertex 1.81263411 1.66777611 1.96311224
      vertex 1.84996152 1.67864549 1.97289646
      vertex 1.83217609 1.71167898 1.97330952
    endloop
  endfacet
  facet normal -0.216259122 -0.128538057 0.967837776
    outer loop
      vertex 1.79133546 1.54693711 1.94230461
      vertex 1.84820497 1.60170925 1.96228611
      vertex 1.79309201 1.62387323 1.95291495
    endloop
  endfacet
  facet normal -0.21625977 -0.128537365 0.967837723
    outer loop
      vertex 1.82866287 1.55780649 1.95208883
      vertex 1.84820497 1.60170925 1.96228611
      vertex 1.79133546 1.54693711 1.94230461
    endloop
  endfacet
  facet normal -0.216259231 -0.128537856 0.967837778
    outer loop
      vertex 1.86774695 1.64561212 1.9724834
      vertex 1.84996152 1.67864549 1.97289646
      vertex 1.84820497 1.60170925 1.96228611
    endloop
  endfacet
  facet normal -0.216259052 -0.128537865 0.967837817
    outer loop
      vertex 1.84820497 1.60170925 1.96228611
      vertex 1.84996152 1.67864549 1.97289646
      vertex 1.79309201 1.62387323 1.95291495
    endloop
  endfacet
  facet normal -0.216259687 -0.128537636 0.967837705
    outer loop
      vertex 1.80912089 1.51390362 1.94189155
      vertex 1.82866287 1.55780649 1.95208883
      vertex 1.79133546 1.54693711 1.94230461
    endloop
  endfacet
  facet normal -0.844997783 -0.451366638 -0.28678721
    outer loop
      vertex 1.78293335 1.58675873 1.90438664
      vertex 1.81850421 1.52069187 1.90356052
      vertex 1.79133546 1.54693711 1.94230461
    endloop
  endfacet
  facet normal -0.844997962 -0.451365912 -0.286787827
    outer loop
      vertex 1.79133546 1.54693711 1.94230461
      vertex 1.81850421 1.52069187 1.90356052
      vertex 1.80912089 1.51390362 1.94189155
    endloop
  endfacet
  facet normal -0.844995358 -0.451369157 -0.286790392
    outer loop
      vertex 1.78293335 1.58675873 1.90438664
      vertex 1.79133546 1.54693711 1.94230461
      vertex 1.77354991 1.57997048 1.94271767
    endloop
  endfacet
  facet normal -0.844997272 -0.451367169 -0.286787881
    outer loop
      vertex 1.81010211 1.56051362 1.86564255
      vertex 1.78293335 1.58675873 1.90438664
      vertex 1.79231668 1.59354699 1.86605561
    endloop
  endfacet
  facet normal -0.844997962 -0.451365912 -0.286787827
    outer loop
      vertex 1.81010211 1.56051362 1.86564255
      vertex 1.82788754 1.52748013 1.86522949
      vertex 1.81850421 1.52069187 1.90356052
    endloop
  endfacet
  facet normal -0.844997451 -0.451366443 -0.286788498
    outer loop
      vertex 1.78293335 1.58675873 1.90438664
      vertex 1.81010211 1.56051362 1.86564255
      vertex 1.81850421 1.52069187 1.90356052
    endloop
  endfacet
  facet normal -0.234333781 -0.1695289 0.957260482
    outer loop
      vertex 1.89024317 1.68465793 1.94945884
      vertex 1.85766983 1.68422198 1.9414078
      vertex 1.87569833 1.65136433 1.94000208
    endloop
  endfacet
  facet normal -0.234330538 -0.169527778 0.957261475
    outer loop
      vertex 1.89024317 1.68465793 1.94945884
      vertex 1.90478802 1.71795142 1.95891547
      vertex 1.88675952 1.75080895 1.96032119
    endloop
  endfacet
  facet normal -0.234333877 -0.169527111 0.957260776
    outer loop
      vertex 1.8541863 1.75037313 1.95227015
      vertex 1.85766983 1.68422198 1.9414078
      vertex 1.89024317 1.68465793 1.94945884
    endloop
  endfacet
  facet normal -0.234335232 -0.169527835 0.957260316
    outer loop
      vertex 1.89024317 1.68465793 1.94945884
      vertex 1.88675952 1.75080895 1.96032119
      vertex 1.8541863 1.75037313 1.95227015
    endloop
  endfacet
  facet normal -0.234335361 -0.169525453 0.957260706
    outer loop
      vertex 1.8541863 1.75037313 1.95227015
      vertex 1.88675952 1.75080895 1.96032119
      vertex 1.86873114 1.78366661 1.96172678
    endloop
  endfacet
  facet normal -0.234338572 -0.169527168 0.957259616
    outer loop
      vertex 1.83964145 1.71707964 1.9428134
      vertex 1.85766983 1.68422198 1.9414078
      vertex 1.8541863 1.75037313 1.95227015
    endloop
  endfacet
  facet normal 0.84499697 0.451367659 0.286787999
    outer loop
      vertex 1.85766983 1.68422198 1.9414078
      vertex 1.86774695 1.64561212 1.9724834
      vertex 1.87569833 1.65136433 1.94000208
    endloop
  endfacet
  facet normal 0.84499741 0.45136725 0.286787349
    outer loop
      vertex 1.84996152 1.67864549 1.97289646
      vertex 1.86774695 1.64561212 1.9724834
      vertex 1.85766983 1.68422198 1.9414078
    endloop
  endfacet
  facet normal 0.844998173 0.451366036 0.286787009
    outer loop
      vertex 1.83964145 1.71707964 1.9428134
      vertex 1.83217609 1.71167898 1.97330952
      vertex 1.84996152 1.67864549 1.97289646
    endloop
  endfacet
  facet normal 0.844997977 0.451366215 0.286787305
    outer loop
      vertex 1.85766983 1.68422198 1.9414078
      vertex 1.83964145 1.71707964 1.9428134
      vertex 1.84996152 1.67864549 1.97289646
    endloop
  endfacet
  facet normal -0.844997774 -0.451365802 -0.286788553
    outer loop
      vertex 1.86873114 1.78366661 1.96172678
      vertex 1.87986171 1.74581885 1.98849869
      vertex 1.86207628 1.77885234 1.98891175
    endloop
  endfacet
  facet normal -0.844997605 -0.451365946 -0.286788826
    outer loop
      vertex 1.88675952 1.75080895 1.96032119
      vertex 1.87986171 1.74581885 1.98849869
      vertex 1.86873114 1.78366661 1.96172678
    endloop
  endfacet
  facet normal -0.844996264 -0.451368904 -0.28678812
    outer loop
      vertex 1.90478802 1.71795142 1.95891547
      vertex 1.89764726 1.71278548 1.98808563
      vertex 1.88675952 1.75080895 1.96032119
    endloop
  endfacet
  facet normal -0.844995725 -0.451369372 -0.286788973
    outer loop
      vertex 1.87986171 1.74581885 1.98849869
      vertex 1.88675952 1.75080895 1.96032119
      vertex 1.89764726 1.71278548 1.98808563
    endloop
  endfacet
  facet normal -0.216256869 -0.128544499 0.967837424
    outer loop
      vertex 1.98014545 1.91637206 2.03355765
      vertex 1.97345829 1.91959631 2.03249168
      vertex 1.96231008 1.89455104 2.02667427
    endloop
  endfacet
  facet normal -0.216256869 -0.128544499 0.967837424
    outer loop
      vertex 1.98014545 1.91637206 2.03355765
      vertex 1.96231008 1.89455104 2.02667427
      vertex 1.96899724 1.89132679 2.02774024
    endloop
  endfacet
  facet normal -0.216253742 -0.128537474 0.967839055
    outer loop
      vertex 1.96899724 1.89132679 2.02774024
      vertex 1.96231008 1.89455104 2.02667427
      vertex 1.95116198 1.86950564 2.0208571
    endloop
  endfacet
  facet normal -0.216252137 -0.128538841 0.967839232
    outer loop
      vertex 1.96899724 1.89132679 2.02774024
      vertex 1.95116198 1.86950564 2.0208571
      vertex 1.95784914 1.86628151 2.02192307
    endloop
  endfacet
  facet normal -0.216269674 -0.128538325 0.967835382
    outer loop
      vertex 1.96231008 1.89455104 2.02667427
      vertex 1.97345829 1.91959631 2.03249168
      vertex 1.96008396 1.9260447 2.03035951
    endloop
  endfacet
  facet normal -0.216252831 -0.128537913 0.967839201
    outer loop
      vertex 1.93778765 1.87595403 2.01872516
      vertex 1.95116198 1.86950564 2.0208571
      vertex 1.96231008 1.89455104 2.02667427
    endloop
  endfacet
  facet normal -0.216253067 -0.128537596 0.96783919
    outer loop
      vertex 1.96008396 1.9260447 2.03035951
      vertex 1.93778765 1.87595403 2.01872516
      vertex 1.96231008 1.89455104 2.02667427
    endloop
  endfacet
  facet normal -0.21625432 -0.128541259 0.967838423
    outer loop
      vertex 1.95116198 1.86950564 2.0208571
      vertex 1.93778765 1.87595403 2.01872516
      vertex 1.91549122 1.82586348 2.00709057
    endloop
  endfacet
  facet normal -0.21625432 -0.128541259 0.967838423
    outer loop
      vertex 1.95116198 1.86950564 2.0208571
      vertex 1.91549122 1.82586348 2.00709057
      vertex 1.92886555 1.81941509 2.00922251
    endloop
  endfacet
  facet normal -0.216253811 -0.128537629 0.967839019
    outer loop
      vertex 2.02919912 2.04482293 2.0615778
      vertex 2.04034734 2.06986809 2.06739497
      vertex 2.02697301 2.0763166 2.06526303
    endloop
  endfacet
  facet normal -0.21626527 -0.128530917 0.96783735
    outer loop
      vertex 2.00467658 2.02622581 2.05362844
      vertex 2.01805091 2.01977754 2.05576062
      vertex 2.02919912 2.04482293 2.0615778
    endloop
  endfacet
  facet normal -0.21626005 -0.128537903 0.967837589
    outer loop
      vertex 2.02697301 2.0763166 2.06526303
      vertex 2.00467658 2.02622581 2.05362844
      vertex 2.02919912 2.04482293 2.0615778
    endloop
  endfacet
  facet normal -0.216251989 -0.128538507 0.96783931
    outer loop
      vertex 2.0470345 2.06664395 2.06846094
      vertex 2.04034734 2.06986809 2.06739497
      vertex 2.02919912 2.04482293 2.0615778
    endloop
  endfacet
  facet normal -0.216255197 -0.128535773 0.967838956
    outer loop
      vertex 2.0470345 2.06664395 2.06846094
      vertex 2.02919912 2.04482293 2.0615778
      vertex 2.03588629 2.04159856 2.06264377
    endloop
  endfacet
  facet normal -0.216255197 -0.128535773 0.967838956
    outer loop
      vertex 2.03588629 2.04159856 2.06264377
      vertex 2.02919912 2.04482293 2.0615778
      vertex 2.01805091 2.01977754 2.05576062
    endloop
  endfacet
  facet normal -0.216251989 -0.128538507 0.96783931
    outer loop
      vertex 2.03588629 2.04159856 2.06264377
      vertex 2.01805091 2.01977754 2.05576062
      vertex 2.02473807 2.0165534 2.05682659
    endloop
  endfacet
  facet normal -0.216253592 -0.128542109 0.967838473
    outer loop
      vertex 2.02697301 2.0763166 2.06526303
      vertex 2.01359868 2.08276486 2.06313109
      vertex 1.99130237 2.03267431 2.05149651
    endloop
  endfacet
  facet normal -0.216256546 -0.128539592 0.967838147
    outer loop
      vertex 2.02697301 2.0763166 2.06526303
      vertex 1.99130237 2.03267431 2.05149651
      vertex 2.00467658 2.02622581 2.05362844
    endloop
  endfacet
  facet normal -0.216255561 -0.128546533 0.967837446
    outer loop
      vertex 2.01916409 2.0040307 2.05391788
      vertex 2.02473807 2.0165534 2.05682659
      vertex 2.01805091 2.01977754 2.05576062
    endloop
  endfacet
  facet normal -0.216278264 -0.128517711 0.9678362
    outer loop
      vertex 2.00690293 1.99473226 2.04994321
      vertex 2.0135901 1.99150801 2.05100942
      vertex 2.01916409 2.0040307 2.05391788
    endloop
  endfacet
  facet normal -0.21625669 -0.128546582 0.967837187
    outer loop
      vertex 2.01805091 2.01977754 2.05576062
      vertex 2.00690293 1.99473226 2.04994321
      vertex 2.01916409 2.0040307 2.05391788
    endloop
  endfacet
  facet normal -0.216280442 -0.128522603 0.967835064
    outer loop
      vertex 2.0135901 1.99150801 2.05100942
      vertex 2.00690293 1.99473226 2.04994321
      vertex 1.9957546 1.96968687 2.04412603
    endloop
  endfacet
  facet normal -0.216251982 -0.128546855 0.967838203
    outer loop
      vertex 2.0135901 1.99150801 2.05100942
      vertex 1.9957546 1.96968687 2.04412603
      vertex 2.00244188 1.96646273 2.045192
    endloop
  endfacet
  facet normal -0.216269495 -0.128540408 0.967835146
    outer loop
      vertex 2.00690293 1.99473226 2.04994321
      vertex 2.01805091 2.01977754 2.05576062
      vertex 2.00467658 2.02622581 2.05362844
    endloop
  endfacet
  facet normal -0.216252099 -0.128536269 0.967839582
    outer loop
      vertex 1.98238027 1.97613525 2.04199409
      vertex 1.9957546 1.96968687 2.04412603
      vertex 2.00690293 1.99473226 2.04994321
    endloop
  endfacet
  facet normal -0.216249656 -0.128539538 0.967839694
    outer loop
      vertex 2.00467658 2.02622581 2.05362844
      vertex 1.98238027 1.97613525 2.04199409
      vertex 2.00690293 1.99473226 2.04994321
    endloop
  endfacet
  facet normal -0.216253048 -0.128538401 0.967839087
    outer loop
      vertex 1.9846065 1.94464159 2.03830886
      vertex 1.9957546 1.96968687 2.04412603
      vertex 1.98238027 1.97613525 2.04199409
    endloop
  endfacet
  facet normal -0.216266398 -0.128530966 0.967837091
    outer loop
      vertex 1.96008396 1.9260447 2.03035951
      vertex 1.97345829 1.91959631 2.03249168
      vertex 1.9846065 1.94464159 2.03830886
    endloop
  endfacet
  facet normal -0.216260595 -0.128538732 0.967837357
    outer loop
      vertex 1.98238027 1.97613525 2.04199409
      vertex 1.96008396 1.9260447 2.03035951
      vertex 1.9846065 1.94464159 2.03830886
    endloop
  endfacet
  facet normal -0.216249073 -0.128540318 0.967839721
    outer loop
      vertex 2.00244188 1.96646273 2.045192
      vertex 1.9957546 1.96968687 2.04412603
      vertex 1.9846065 1.94464159 2.03830886
    endloop
  endfacet
  facet normal -0.216251771 -0.128538019 0.967839423
    outer loop
      vertex 2.00244188 1.96646273 2.045192
      vertex 1.9846065 1.94464159 2.03830886
      vertex 1.99129367 1.94141746 2.03937483
    endloop
  endfacet
  facet normal -0.216254829 -0.128544888 0.967837828
    outer loop
      vertex 1.98571956 1.92889476 2.03646612
      vertex 1.99129367 1.94141746 2.03937483
      vertex 1.9846065 1.94464159 2.03830886
    endloop
  endfacet
  facet normal -0.2162501 -0.128529293 0.967840955
    outer loop
      vertex 1.97345829 1.91959631 2.03249168
      vertex 1.98014545 1.91637206 2.03355765
      vertex 1.98571956 1.92889476 2.03646612
    endloop
  endfacet
  facet normal -0.216238966 -0.128544193 0.967841464
    outer loop
      vertex 1.9846065 1.94464159 2.03830886
      vertex 1.97345829 1.91959631 2.03249168
      vertex 1.98571956 1.92889476 2.03646612
    endloop
  endfacet
  facet normal -0.216257351 -0.128539326 0.967838003
    outer loop
      vertex 1.91134989 1.88954949 2.0146234
      vertex 1.86207628 1.77885234 1.98891175
      vertex 1.91549122 1.82586348 2.00709057
    endloop
  endfacet
  facet normal -0.216259082 -0.128537312 0.967837884
    outer loop
      vertex 1.87986171 1.74581885 1.98849869
      vertex 1.91549122 1.82586348 2.00709057
      vertex 1.86207628 1.77885234 1.98891175
    endloop
  endfacet
  facet normal -0.216256603 -0.128535892 0.967838626
    outer loop
      vertex 1.96008396 1.9260447 2.03035951
      vertex 1.91134989 1.88954949 2.0146234
      vertex 1.93778765 1.87595403 2.01872516
    endloop
  endfacet
  facet normal -0.216258257 -0.12853936 0.967837796
    outer loop
      vertex 1.91549122 1.82586348 2.00709057
      vertex 1.93778765 1.87595403 2.01872516
      vertex 1.91134989 1.88954949 2.0146234
    endloop
  endfacet
  facet normal -0.216257122 -0.128537507 0.967838296
    outer loop
      vertex 1.89764726 1.71278548 1.98808563
      vertex 1.92886555 1.81941509 2.00922251
      vertex 1.87986171 1.74581885 1.98849869
    endloop
  endfacet
  facet normal -0.216253565 -0.128540006 0.967838759
    outer loop
      vertex 1.9606235 2.00024676 2.04033494
      vertex 1.91134989 1.88954949 2.0146234
      vertex 1.96008396 1.9260447 2.03035951
    endloop
  endfacet
  facet normal -0.216258315 -0.128539832 0.96783772
    outer loop
      vertex 1.9606235 2.00024676 2.04033494
      vertex 1.96008396 1.9260447 2.03035951
      vertex 1.98238027 1.97613525 2.04199409
    endloop
  endfacet
  facet normal -0.216253715 -0.1285399 0.967838739
    outer loop
      vertex 1.87986171 1.74581885 1.98849869
      vertex 1.92886555 1.81941509 2.00922251
      vertex 1.91549122 1.82586348 2.00709057
    endloop
  endfacet
  facet normal -0.216254765 -0.128537179 0.967838866
    outer loop
      vertex 2.00989723 2.11094403 2.06604624
      vertex 1.9606235 2.00024676 2.04033494
      vertex 1.99130237 2.03267431 2.05149651
    endloop
  endfacet
  facet normal -0.216275571 -0.128531512 0.967834969
    outer loop
      vertex 2.00989723 2.11094403 2.06604624
      vertex 1.99130237 2.03267431 2.05149651
      vertex 2.01359868 2.08276486 2.06313109
    endloop
  endfacet
  facet normal -0.216255099 -0.128536853 0.967838835
    outer loop
      vertex 1.99130237 2.03267431 2.05149651
      vertex 1.9606235 2.00024676 2.04033494
      vertex 1.98238027 1.97613525 2.04199409
    endloop
  endfacet
  facet normal -0.216268595 -0.128530767 0.967836627
    outer loop
      vertex 2.02642727 2.11158562 2.06982517
      vertex 2.00989723 2.11094403 2.06604624
      vertex 2.01359868 2.08276486 2.06313109
    endloop
  endfacet
  facet normal -0.216252086 -0.128538726 0.967839259
    outer loop
      vertex 2.01359868 2.08276486 2.06313109
      vertex 2.02697301 2.0763166 2.06526303
      vertex 2.02642727 2.11158562 2.06982517
    endloop
  endfacet
  facet normal -0.216265238 -0.128536693 0.96783659
    outer loop
      vertex 2.05948782 2.11286879 2.0773828
      vertex 2.04295754 2.1122272 2.07360387
      vertex 2.04034734 2.06986809 2.06739497
    endloop
  endfacet
  facet normal -0.216253863 -0.128537746 0.967838992
    outer loop
      vertex 2.02697301 2.0763166 2.06526303
      vertex 2.04034734 2.06986809 2.06739497
      vertex 2.04295754 2.1122272 2.07360387
    endloop
  endfacet
  facet normal -0.216253665 -0.128542273 0.967838435
    outer loop
      vertex 2.04034734 2.06986809 2.06739497
      vertex 2.0470345 2.06664395 2.06846094
      vertex 2.05948782 2.11286879 2.0773828
    endloop
  endfacet
  facet normal -0.216251823 -0.12853873 0.967839317
    outer loop
      vertex 2.02642727 2.11158562 2.06982517
      vertex 2.02697301 2.0763166 2.06526303
      vertex 2.04295754 2.1122272 2.07360387
    endloop
  endfacet
  facet normal -0.216255308 -0.128536812 0.967838793
    outer loop
      vertex 1.99130237 2.03267431 2.05149651
      vertex 1.98238027 1.97613525 2.04199409
      vertex 2.00467658 2.02622581 2.05362844
    endloop
  endfacet
  facet normal -0.216253409 -0.128541698 0.967838569
    outer loop
      vertex 1.95784914 1.86628151 2.02192307
      vertex 1.95116198 1.86950564 2.0208571
      vertex 1.92886555 1.81941509 2.00922251
    endloop
  endfacet
  facet normal -0.216263932 -0.128533154 0.967837352
    outer loop
      vertex 1.99241996 1.92570019 2.03753901
      vertex 1.96899724 1.89132679 2.02774024
      vertex 1.95784914 1.86628151 2.02192307
    endloop
  endfacet
  facet normal -0.216318324 -0.128496399 0.967830077
    outer loop
      vertex 1.98796177 1.92784965 2.03682852
      vertex 1.98571956 1.92889476 2.03646612
      vertex 1.98014545 1.91637206 2.03355765
    endloop
  endfacet
  facet normal -0.216230261 -0.128557327 0.967841665
    outer loop
      vertex 1.98014545 1.91637206 2.03355765
      vertex 1.96899724 1.89132679 2.02774024
      vertex 1.99241996 1.92570019 2.03753901
    endloop
  endfacet
  facet normal -0.216258256 -0.128536667 0.967838154
    outer loop
      vertex 1.99241996 1.92570019 2.03753901
      vertex 1.95784914 1.86628151 2.02192307
      vertex 1.94503355 1.81924284 2.01281238
    endloop
  endfacet
  facet normal -0.21632468 -0.128511209 0.96782669
    outer loop
      vertex 1.98796177 1.92784965 2.03682852
      vertex 1.99129367 1.94141746 2.03937483
      vertex 1.98571956 1.92889476 2.03646612
    endloop
  endfacet
  facet normal -0.216226604 -0.128562211 0.967841833
    outer loop
      vertex 1.99241996 1.92570019 2.03753901
      vertex 1.98796177 1.92784965 2.03682852
      vertex 1.98014545 1.91637206 2.03355765
    endloop
  endfacet
  facet normal -0.216297624 -0.128518799 0.967831729
    outer loop
      vertex 1.99129367 1.94141746 2.03937483
      vertex 1.98796177 1.92784965 2.03682852
      vertex 2.00399828 1.96387684 2.04519653
    endloop
  endfacet
  facet normal -0.21626359 -0.128535025 0.96783718
    outer loop
      vertex 1.94503355 1.81924284 2.01281238
      vertex 1.95784914 1.86628151 2.02192307
      vertex 1.92886555 1.81941509 2.00922251
    endloop
  endfacet
  facet normal -0.216263584 -0.128535385 0.967837134
    outer loop
      vertex 1.94503355 1.81924284 2.01281238
      vertex 1.92886555 1.81941509 2.00922251
      vertex 1.89764726 1.71278548 1.98808563
    endloop
  endfacet
  facet normal -0.216329799 -0.128509334 0.967825795
    outer loop
      vertex 2.00399828 1.96387684 2.04519653
      vertex 2.0135901 1.99150801 2.05100942
      vertex 2.00244188 1.96646273 2.045192
    endloop
  endfacet
  facet normal -0.216263697 -0.12854261 0.967836149
    outer loop
      vertex 2.02003455 1.99990404 2.05356431
      vertex 2.02473807 2.0165534 2.05682659
      vertex 2.01916409 2.0040307 2.05391788
    endloop
  endfacet
  facet normal -0.216243804 -0.128542454 0.967840614
    outer loop
      vertex 2.02449274 1.99775457 2.05427504
      vertex 2.03588629 2.04159856 2.06264377
      vertex 2.02473807 2.0165534 2.05682659
    endloop
  endfacet
  facet normal -0.216237088 -0.128537564 0.967842764
    outer loop
      vertex 2.01916409 2.0040307 2.05391788
      vertex 2.0135901 1.99150801 2.05100942
      vertex 2.02003455 1.99990404 2.05356431
    endloop
  endfacet
  facet normal -0.216219646 -0.128551571 0.967844801
    outer loop
      vertex 2.00399828 1.96387684 2.04519653
      vertex 2.02003455 1.99990404 2.05356431
      vertex 2.0135901 1.99150801 2.05100942
    endloop
  endfacet
  facet normal -0.21623746 -0.128544325 0.967841783
    outer loop
      vertex 2.03588629 2.04159856 2.06264377
      vertex 2.02449274 1.99775457 2.05427504
      vertex 2.0470345 2.06664395 2.06846094
    endloop
  endfacet
  facet normal -0.216267343 -0.128541451 0.967835488
    outer loop
      vertex 2.02449274 1.99775457 2.05427504
      vertex 2.02473807 2.0165534 2.05682659
      vertex 2.02003455 1.99990404 2.05356431
    endloop
  endfacet
  facet normal -0.21626425 -0.128534593 0.96783709
    outer loop
      vertex 2.0760181 2.11351037 2.0811615
      vertex 2.0470345 2.06664395 2.06846094
      vertex 2.02449274 1.99775457 2.05427504
    endloop
  endfacet
  facet normal -0.216251547 -0.128542918 0.967838823
    outer loop
      vertex 2.05948782 2.11286879 2.0773828
      vertex 2.0470345 2.06664395 2.06846094
      vertex 2.0760181 2.11351037 2.0811615
    endloop
  endfacet
  facet normal -0.216321559 -0.12850437 0.967828296
    outer loop
      vertex 2.00399828 1.96387684 2.04519653
      vertex 2.00244188 1.96646273 2.045192
      vertex 1.99129367 1.94141746 2.03937483
    endloop
  endfacet
  facet normal 0.891622594 -0.429890574 0.142138117
    outer loop
      vertex 2.01640701 1.96317005 1.96521676
      vertex 1.99726844 1.92731965 1.97684371
      vertex 2.00037074 1.92714298 1.95684886
    endloop
  endfacet
  facet normal 0.891622607 -0.4298923 0.142132818
    outer loop
      vertex 2.01640701 1.96317005 1.96521676
      vertex 1.99416625 1.92749631 1.99683857
      vertex 1.99726844 1.92731965 1.97684371
    endloop
  endfacet
  facet normal 0.891620688 -0.429894614 0.142137857
    outer loop
      vertex 2.02934122 1.99937391 1.99357963
      vertex 2.01640701 1.96317005 1.96521676
      vertex 2.03244352 1.99919724 1.97358477
    endloop
  endfacet
  facet normal 0.891625624 -0.429887938 0.142127085
    outer loop
      vertex 2.01640701 1.96317005 1.96521676
      vertex 2.02934122 1.99937391 1.99357963
      vertex 2.02623916 1.99955058 2.0135746
    endloop
  endfacet
  facet normal 0.891622372 -0.429893164 0.142131678
    outer loop
      vertex 2.02623916 1.99955058 2.0135746
      vertex 1.99416625 1.92749631 1.99683857
      vertex 2.01640701 1.96317005 1.96521676
    endloop
  endfacet
  facet normal 0.891620871 -0.429894505 0.142137037
    outer loop
      vertex 2.00399828 1.96387684 2.04519653
      vertex 1.98796177 1.92784965 2.03682852
      vertex 1.99106407 1.92767298 2.01683354
    endloop
  endfacet
  facet normal 0.891621889 -0.429893451 0.142133839
    outer loop
      vertex 1.99416625 1.92749631 1.99683857
      vertex 2.02623916 1.99955058 2.0135746
      vertex 2.00399828 1.96387684 2.04519653
    endloop
  endfacet
  facet normal 0.891622596 -0.429890849 0.142137272
    outer loop
      vertex 2.00399828 1.96387684 2.04519653
      vertex 2.02623916 1.99955058 2.0135746
      vertex 2.02313685 1.99972725 2.03356957
    endloop
  endfacet
  facet normal 0.891622586 -0.429889467 0.142141516
    outer loop
      vertex 2.00399828 1.96387684 2.04519653
      vertex 2.02313685 1.99972725 2.03356957
      vertex 2.02003455 1.99990404 2.05356431
    endloop
  endfacet
  facet normal 0.891623157 -0.429891413 0.142132048
    outer loop
      vertex 1.99106407 1.92767298 2.01683354
      vertex 1.99416625 1.92749631 1.99683857
      vertex 2.00399828 1.96387684 2.04519653
    endloop
  endfacet
  facet normal -0.426028005 -0.90284098 -0.0581231777
    outer loop
      vertex 2.03244352 1.99919724 1.97358477
      vertex 2.03690171 1.99704778 1.9742955
      vertex 2.03379941 1.99722445 1.99429035
    endloop
  endfacet
  facet normal -0.426028005 -0.90284098 -0.0581231777
    outer loop
      vertex 2.03244352 1.99919724 1.97358477
      vertex 2.03379941 1.99722445 1.99429035
      vertex 2.02934122 1.99937391 1.99357963
    endloop
  endfacet
  facet normal -0.42604694 -0.9028322 -0.0581207665
    outer loop
      vertex 2.03069711 1.99740112 2.01428533
      vertex 2.02623916 1.99955058 2.0135746
      vertex 2.02934122 1.99937391 1.99357963
    endloop
  endfacet
  facet normal -0.426028057 -0.902840977 -0.0581228393
    outer loop
      vertex 2.03069711 1.99740112 2.01428533
      vertex 2.02934122 1.99937391 1.99357963
      vertex 2.03379941 1.99722445 1.99429035
    endloop
  endfacet
  facet normal -0.426046835 -0.902832206 -0.0581214432
    outer loop
      vertex 2.02623916 1.99955058 2.0135746
      vertex 2.03069711 1.99740112 2.01428533
      vertex 2.02759504 1.99757779 2.03428006
    endloop
  endfacet
  facet normal -0.426030529 -0.902839786 -0.0581232332
    outer loop
      vertex 2.02623916 1.99955058 2.0135746
      vertex 2.02759504 1.99757779 2.03428006
      vertex 2.02313685 1.99972725 2.03356957
    endloop
  endfacet
  facet normal -0.426028768 -0.902840937 -0.0581182602
    outer loop
      vertex 2.02449274 1.99775457 2.05427504
      vertex 2.02003455 1.99990404 2.05356431
      vertex 2.02313685 1.99972725 2.03356957
    endloop
  endfacet
  facet normal -0.426031344 -0.902839739 -0.0581179774
    outer loop
      vertex 2.02449274 1.99775457 2.05427504
      vertex 2.02313685 1.99972725 2.03356957
      vertex 2.02759504 1.99757779 2.03428006
    endloop
  endfacet
  facet normal 0.426030808 0.90283977 0.0581214298
    outer loop
      vertex 1.98796177 1.92784965 2.03682852
      vertex 1.99241996 1.92570019 2.03753901
      vertex 1.99552214 1.92552352 2.01754427
    endloop
  endfacet
  facet normal 0.426037114 0.902836611 0.058124283
    outer loop
      vertex 1.98796177 1.92784965 2.03682852
      vertex 1.99552214 1.92552352 2.01754427
      vertex 1.99106407 1.92767298 2.01683354
    endloop
  endfacet
  facet normal 0.426037499 0.902836589 0.0581218029
    outer loop
      vertex 1.99862432 1.92534685 1.9975493
      vertex 1.99416625 1.92749631 1.99683857
      vertex 1.99106407 1.92767298 2.01683354
    endloop
  endfacet
  facet normal 0.426037499 0.902836589 0.0581218029
    outer loop
      vertex 1.99862432 1.92534685 1.9975493
      vertex 1.99106407 1.92767298 2.01683354
      vertex 1.99552214 1.92552352 2.01754427
    endloop
  endfacet
  facet normal 0.42602839 0.902840958 0.0581206976
    outer loop
      vertex 2.00172663 1.92517018 1.97755444
      vertex 1.99726844 1.92731965 1.97684371
      vertex 1.99416625 1.92749631 1.99683857
    endloop
  endfacet
  facet normal 0.426037061 0.902836614 0.0581246214
    outer loop
      vertex 2.00172663 1.92517018 1.97755444
      vertex 1.99416625 1.92749631 1.99683857
      vertex 1.99862432 1.92534685 1.9975493
    endloop
  endfacet
  facet normal 0.426047354 0.902831651 0.0581262622
    outer loop
      vertex 2.00482869 1.92499352 1.95755947
      vertex 2.00037074 1.92714298 1.95684886
      vertex 1.99726844 1.92731965 1.97684371
    endloop
  endfacet
  facet normal 0.426028827 0.902840933 0.0581178792
    outer loop
      vertex 2.00482869 1.92499352 1.95755947
      vertex 1.99726844 1.92731965 1.97684371
      vertex 2.00172663 1.92517018 1.97755444
    endloop
  endfacet
  facet normal -0.216939164 -0.130065701 0.967481428
    outer loop
      vertex 2.08481789 2.17566037 2.07322359
      vertex 2.09785342 2.15627861 2.07354093
      vertex 2.1068542 2.17651343 2.0782795
    endloop
  endfacet
  facet normal -0.216938024 -0.130064928 0.967481787
    outer loop
      vertex 2.03174424 2.15371919 2.05837321
      vertex 2.09785342 2.15627861 2.07354093
      vertex 2.08481789 2.17566037 2.07322359
    endloop
  endfacet
  facet normal -0.216939164 -0.130065701 0.967481428
    outer loop
      vertex 2.04074502 2.17395401 2.06311178
      vertex 2.03174424 2.15371919 2.05837321
      vertex 2.06278133 2.17480707 2.06816769
    endloop
  endfacet
  facet normal -0.216935204 -0.130071573 0.967481526
    outer loop
      vertex 2.08481789 2.17566037 2.07322359
      vertex 2.06278133 2.17480707 2.06816769
      vertex 2.03174424 2.15371919 2.05837321
    endloop
  endfacet
  facet normal -0.216937934 -0.130066293 0.967481624
    outer loop
      vertex 2.03174424 2.15371919 2.05837321
      vertex 2.08885264 2.13604379 2.06880236
      vertex 2.09785342 2.15627861 2.07354093
    endloop
  endfacet
  facet normal -0.216938536 -0.130054951 0.967483013
    outer loop
      vertex 2.05781555 2.11495566 2.05900812
      vertex 2.07985187 2.11580896 2.06406403
      vertex 2.08885264 2.13604379 2.06880236
    endloop
  endfacet
  facet normal -0.216937545 -0.130056422 0.967483038
    outer loop
      vertex 2.035779 2.1141026 2.05395222
      vertex 2.05781555 2.11495566 2.05900812
      vertex 2.08885264 2.13604379 2.06880236
    endloop
  endfacet
  facet normal -0.216939164 -0.130065701 0.967481428
    outer loop
      vertex 2.01374269 2.11324954 2.04889631
      vertex 2.035779 2.1141026 2.05395222
      vertex 2.02274346 2.13348436 2.05363488
    endloop
  endfacet
  facet normal -0.216934848 -0.130062776 0.967482788
    outer loop
      vertex 2.08885264 2.13604379 2.06880236
      vertex 2.02274346 2.13348436 2.05363488
      vertex 2.035779 2.1141026 2.05395222
    endloop
  endfacet
  facet normal -0.216935262 -0.13005653 0.967483535
    outer loop
      vertex 2.03174424 2.15371919 2.05837321
      vertex 2.02274346 2.13348436 2.05363488
      vertex 2.08885264 2.13604379 2.06880236
    endloop
  endfacet
  facet normal 0.065544898 -0.990787423 -0.118508011
    outer loop
      vertex 2.1030457 2.17422986 2.09526491
      vertex 2.08481789 2.17566037 2.07322359
      vertex 2.1068542 2.17651343 2.0782795
    endloop
  endfacet
  facet normal 0.0655473001 -0.99078703 -0.118509972
    outer loop
      vertex 2.08481789 2.17566037 2.07322359
      vertex 2.1030457 2.17422986 2.09526491
      vertex 2.08651543 2.17358828 2.09148598
    endloop
  endfacet
  facet normal 0.0655455624 -0.990787162 -0.118509826
    outer loop
      vertex 2.08651543 2.17358828 2.09148598
      vertex 2.06998515 2.17294669 2.08770728
      vertex 2.08481789 2.17566037 2.07322359
    endloop
  endfacet
  facet normal 0.0655430339 -0.990788541 -0.118499698
    outer loop
      vertex 2.05345488 2.17230511 2.08392835
      vertex 2.04074502 2.17395401 2.06311178
      vertex 2.06278133 2.17480707 2.06816769
    endloop
  endfacet
  facet normal 0.0655447751 -0.990788549 -0.118498669
    outer loop
      vertex 2.06278133 2.17480707 2.06816769
      vertex 2.06998515 2.17294669 2.08770728
      vertex 2.05345488 2.17230511 2.08392835
    endloop
  endfacet
  facet normal 0.0655433414 -0.990788498 -0.118499882
    outer loop
      vertex 2.04074502 2.17395401 2.06311178
      vertex 2.05345488 2.17230511 2.08392835
      vertex 2.0369246 2.17166352 2.08014965
    endloop
  endfacet
  facet normal 0.0655534881 -0.990787599 -0.118501791
    outer loop
      vertex 2.08481789 2.17566037 2.07322359
      vertex 2.06998515 2.17294669 2.08770728
      vertex 2.06278133 2.17480707 2.06816769
    endloop
  endfacet
  facet normal -0.0655420375 0.990789138 0.118495254
    outer loop
      vertex 2.02642727 2.11158562 2.06982517
      vertex 2.035779 2.1141026 2.05395222
      vertex 2.01374269 2.11324954 2.04889631
    endloop
  endfacet
  facet normal -0.0655454026 0.990788676 0.118497257
    outer loop
      vertex 2.01374269 2.11324954 2.04889631
      vertex 2.00989723 2.11094403 2.06604624
      vertex 2.02642727 2.11158562 2.06982517
    endloop
  endfacet
  facet normal -0.0655422762 0.990789139 0.118495114
    outer loop
      vertex 2.02642727 2.11158562 2.06982517
      vertex 2.04295754 2.1122272 2.07360387
      vertex 2.035779 2.1141026 2.05395222
    endloop
  endfacet
  facet normal -0.065552283 0.990788699 0.118493262
    outer loop
      vertex 2.05948782 2.11286879 2.0773828
      vertex 2.07985187 2.11580896 2.06406403
      vertex 2.05781555 2.11495566 2.05900812
    endloop
  endfacet
  facet normal -0.0655434037 0.990789373 0.11849253
    outer loop
      vertex 2.05781555 2.11495566 2.05900812
      vertex 2.04295754 2.1122272 2.07360387
      vertex 2.05948782 2.11286879 2.0773828
    endloop
  endfacet
  facet normal -0.0655444828 0.990787812 0.118504992
    outer loop
      vertex 2.07985187 2.11580896 2.06406403
      vertex 2.05948782 2.11286879 2.0773828
      vertex 2.0760181 2.11351037 2.0811615
    endloop
  endfacet
  facet normal -0.0655412142 0.990789254 0.118494737
    outer loop
      vertex 2.035779 2.1141026 2.05395222
      vertex 2.04295754 2.1122272 2.07360387
      vertex 2.05781555 2.11495566 2.05900812
    endloop
  endfacet
  facet normal -0.891621863 0.429892642 -0.142136451
    outer loop
      vertex 1.85458016 1.74295533 1.92736375
      vertex 1.81983197 1.66489053 1.90923166
      vertex 1.81694853 1.66317677 1.92213619
    endloop
  endfacet
  facet normal -0.89162246 0.429892672 -0.14213261
    outer loop
      vertex 1.85458016 1.74295533 1.92736375
      vertex 1.81694853 1.66317677 1.92213619
      vertex 1.85169673 1.74124146 1.94026828
    endloop
  endfacet
  facet normal -0.891622694 0.429892148 -0.142132731
    outer loop
      vertex 1.8574636 1.7446692 1.91445923
      vertex 1.8227154 1.6666044 1.89632714
      vertex 1.81983197 1.66489053 1.90923166
    endloop
  endfacet
  facet normal -0.891622694 0.429892148 -0.142132731
    outer loop
      vertex 1.8574636 1.7446692 1.91445923
      vertex 1.81983197 1.66489053 1.90923166
      vertex 1.85458016 1.74295533 1.92736375
    endloop
  endfacet
  facet normal -0.891622771 0.429891974 -0.142132772
    outer loop
      vertex 1.91830969 1.89565718 1.98943675
      vertex 1.88356149 1.81759238 1.97130477
      vertex 1.88067806 1.81587851 1.9842093
    endloop
  endfacet
  facet normal -0.891622771 0.429891974 -0.142132772
    outer loop
      vertex 1.91830969 1.89565718 1.98943675
      vertex 1.88067806 1.81587851 1.9842093
      vertex 1.91542625 1.89394331 2.00234127
    endloop
  endfacet
  facet normal -0.89162194 0.429892468 -0.142136492
    outer loop
      vertex 1.92407656 1.89908481 1.9636277
      vertex 1.88932836 1.82102001 1.94549572
      vertex 1.88644493 1.81930625 1.95840025
    endloop
  endfacet
  facet normal -0.891622538 0.429892498 -0.14213265
    outer loop
      vertex 1.92407656 1.89908481 1.9636277
      vertex 1.88644493 1.81930625 1.95840025
      vertex 1.92119312 1.89737093 1.97653222
    endloop
  endfacet
  facet normal -0.891622538 0.429892498 -0.14213265
    outer loop
      vertex 1.88932836 1.82102001 1.94549572
      vertex 1.85458016 1.74295533 1.92736375
      vertex 1.85169673 1.74124146 1.94026828
    endloop
  endfacet
  facet normal -0.89162194 0.429892468 -0.142136492
    outer loop
      vertex 1.88932836 1.82102001 1.94549572
      vertex 1.85169673 1.74124146 1.94026828
      vertex 1.88644493 1.81930625 1.95840025
    endloop
  endfacet
  facet normal -0.891622538 0.429892498 -0.14213265
    outer loop
      vertex 1.92119312 1.89737093 1.97653222
      vertex 1.88644493 1.81930625 1.95840025
      vertex 1.88356149 1.81759238 1.97130477
    endloop
  endfacet
  facet normal -0.89162194 0.429892468 -0.142136492
    outer loop
      vertex 1.92119312 1.89737093 1.97653222
      vertex 1.88356149 1.81759238 1.97130477
      vertex 1.91830969 1.89565718 1.98943675
    endloop
  endfacet
  facet normal -0.891621731 0.429893392 -0.142135009
    outer loop
      vertex 1.98636448 2.05092978 2.03215313
      vertex 1.9878062 2.05178666 2.02570081
      vertex 1.95305789 1.97372186 2.00756884
    endloop
  endfacet
  facet normal -0.891617667 0.429895008 -0.142155612
    outer loop
      vertex 1.95017445 1.97200811 2.02047324
      vertex 1.98492265 2.05007291 2.03860521
      vertex 1.98636448 2.05092978 2.03215313
    endloop
  endfacet
  facet normal -0.891621104 0.429893892 -0.142137429
    outer loop
      vertex 1.95305789 1.97372186 2.00756884
      vertex 1.95017445 1.97200811 2.02047324
      vertex 1.98636448 2.05092978 2.03215313
    endloop
  endfacet
  facet normal -0.89162246 0.429892672 -0.14213261
    outer loop
      vertex 1.95305789 1.97372186 2.00756884
      vertex 1.91830969 1.89565718 1.98943675
      vertex 1.91542625 1.89394331 2.00234127
    endloop
  endfacet
  facet normal -0.891621665 0.429892632 -0.142137722
    outer loop
      vertex 1.95305789 1.97372186 2.00756884
      vertex 1.91542625 1.89394331 2.00234127
      vertex 1.95017445 1.97200811 2.02047324
    endloop
  endfacet
  facet normal -0.89162141 0.429893376 -0.142137072
    outer loop
      vertex 1.99068964 2.05350041 2.01279616
      vertex 1.92119312 1.89737093 1.97653222
      vertex 1.95305789 1.97372186 2.00756884
    endloop
  endfacet
  facet normal -0.891621629 0.429893166 -0.14213633
    outer loop
      vertex 1.92119312 1.89737093 1.97653222
      vertex 1.91830969 1.89565718 1.98943675
      vertex 1.95305789 1.97372186 2.00756884
    endloop
  endfacet
  facet normal -0.891621731 0.429893392 -0.142135009
    outer loop
      vertex 1.95305789 1.97372186 2.00756884
      vertex 1.9878062 2.05178666 2.02570081
      vertex 1.99068964 2.05350041 2.01279616
    endloop
  endfacet
  facet normal -0.891623047 0.429892274 -0.142130135
    outer loop
      vertex 1.99068964 2.05350041 2.01279616
      vertex 1.99357307 2.05521441 1.99989176
      vertex 1.92407656 1.89908481 1.9636277
    endloop
  endfacet
  facet normal -0.891622412 0.42989278 -0.142132585
    outer loop
      vertex 1.99068964 2.05350041 2.01279616
      vertex 1.92407656 1.89908481 1.9636277
      vertex 1.92119312 1.89737093 1.97653222
    endloop
  endfacet
  facet normal -0.891621987 0.429891 -0.142140636
    outer loop
      vertex 2.05730247 2.20791626 2.06196475
      vertex 2.03992844 2.1688838 2.05289888
      vertex 2.03848672 2.16802692 2.05935097
    endloop
  endfacet
  facet normal -0.891625169 0.429891161 -0.142120189
    outer loop
      vertex 2.05730247 2.20791626 2.06196475
      vertex 2.03848672 2.16802692 2.05935097
      vertex 2.05586076 2.20705914 2.06841707
    endloop
  endfacet
  facet normal -0.891622778 0.42989104 -0.142135556
    outer loop
      vertex 2.03992844 2.1688838 2.05289888
      vertex 2.0225544 2.12985134 2.04383278
      vertex 2.02111268 2.12899446 2.0502851
    endloop
  endfacet
  facet normal -0.891621987 0.429891 -0.142140636
    outer loop
      vertex 2.03992844 2.1688838 2.05289888
      vertex 2.02111268 2.12899446 2.0502851
      vertex 2.03848672 2.16802692 2.05935097
    endloop
  endfacet
  facet normal -0.891624378 0.429891121 -0.142125269
    outer loop
      vertex 2.0225544 2.12985134 2.04383278
      vertex 2.00518036 2.09081912 2.03476691
      vertex 2.00373864 2.08996201 2.041219
    endloop
  endfacet
  facet normal -0.891622778 0.42989104 -0.142135556
    outer loop
      vertex 2.0225544 2.12985134 2.04383278
      vertex 2.00373864 2.08996201 2.041219
      vertex 2.02111268 2.12899446 2.0502851
    endloop
  endfacet
  facet normal -0.89162181 0.429893215 -0.14213505
    outer loop
      vertex 2.00518036 2.09081912 2.03476691
      vertex 1.9878062 2.05178666 2.02570081
      vertex 1.98636448 2.05092978 2.03215313
    endloop
  endfacet
  facet normal -0.89162341 0.429893296 -0.142124764
    outer loop
      vertex 2.00518036 2.09081912 2.03476691
      vertex 1.98636448 2.05092978 2.03215313
      vertex 2.00373864 2.08996201 2.041219
    endloop
  endfacet
  facet normal -0.891616637 0.429897321 -0.142155075
    outer loop
      vertex 2.00373864 2.08996201 2.041219
      vertex 1.98636448 2.05092978 2.03215313
      vertex 1.98492265 2.05007291 2.03860521
    endloop
  endfacet
  facet normal -0.891619908 0.429897487 -0.142134058
    outer loop
      vertex 2.00373864 2.08996201 2.041219
      vertex 1.98492265 2.05007291 2.03860521
      vertex 2.00229692 2.08910513 2.04767132
    endloop
  endfacet
  facet normal -0.891623233 0.429895511 -0.142119179
    outer loop
      vertex 2.00229692 2.08910513 2.04767132
      vertex 1.98492265 2.05007291 2.03860521
      vertex 1.98348093 2.04921579 2.04505754
    endloop
  endfacet
  facet normal -0.891620842 0.42989539 -0.142134545
    outer loop
      vertex 2.00229692 2.08910513 2.04767132
      vertex 1.98348093 2.04921579 2.04505754
      vertex 2.00085521 2.08824825 2.05412364
    endloop
  endfacet
  facet normal -0.891621497 0.429893917 -0.142134887
    outer loop
      vertex 2.06306958 2.21134377 2.0361557
      vertex 2.02832127 2.13327909 2.01802373
      vertex 2.02543783 2.13156533 2.03092837
    endloop
  endfacet
  facet normal -0.891619017 0.429893791 -0.142150823
    outer loop
      vertex 2.06306958 2.21134377 2.0361557
      vertex 2.02543783 2.13156533 2.03092837
      vertex 2.06018591 2.20963001 2.04906034
    endloop
  endfacet
  facet normal -0.891623094 0.429892168 -0.14213016
    outer loop
      vertex 2.02832127 2.13327909 2.01802373
      vertex 1.99357307 2.05521441 1.99989176
      vertex 1.99068964 2.05350041 2.01279616
    endloop
  endfacet
  facet normal -0.891622294 0.429892127 -0.142135303
    outer loop
      vertex 2.02832127 2.13327909 2.01802373
      vertex 1.99068964 2.05350041 2.01279616
      vertex 2.02543783 2.13156533 2.03092837
    endloop
  endfacet
  facet normal -0.891623266 0.429891782 -0.142130249
    outer loop
      vertex 2.00518036 2.09081912 2.03476691
      vertex 2.0225544 2.12985134 2.04383278
      vertex 2.02543783 2.13156533 2.03092837
    endloop
  endfacet
  facet normal -0.89162181 0.429893215 -0.14213505
    outer loop
      vertex 1.99068964 2.05350041 2.01279616
      vertex 1.9878062 2.05178666 2.02570081
      vertex 2.00518036 2.09081912 2.03476691
    endloop
  endfacet
  facet normal -0.891623156 0.429891615 -0.142131445
    outer loop
      vertex 2.02543783 2.13156533 2.03092837
      vertex 1.99068964 2.05350041 2.01279616
      vertex 2.00518036 2.09081912 2.03476691
    endloop
  endfacet
  facet normal -0.891622537 0.429890673 -0.142138176
    outer loop
      vertex 2.03992844 2.1688838 2.05289888
      vertex 2.05730247 2.20791626 2.06196475
      vertex 2.06018591 2.20963001 2.04906034
    endloop
  endfacet
  facet normal -0.89162389 0.429890378 -0.142130576
    outer loop
      vertex 2.02543783 2.13156533 2.03092837
      vertex 2.0225544 2.12985134 2.04383278
      vertex 2.03992844 2.1688838 2.05289888
    endloop
  endfacet
  facet normal -0.891623022 0.429891411 -0.142132903
    outer loop
      vertex 2.06018591 2.20963001 2.04906034
      vertex 2.02543783 2.13156533 2.03092837
      vertex 2.03992844 2.1688838 2.05289888
    endloop
  endfacet
  facet normal -0.891623005 0.429893275 -0.142127367
    outer loop
      vertex 2.12679911 2.36404562 2.09822893
      vertex 2.09205079 2.28598094 2.08009672
      vertex 2.08916736 2.28426695 2.09300137
    endloop
  endfacet
  facet normal -0.891621414 0.429893195 -0.142137591
    outer loop
      vertex 2.12679911 2.36404562 2.09822893
      vertex 2.08916736 2.28426695 2.09300137
      vertex 2.12391567 2.36233187 2.11113334
    endloop
  endfacet
  facet normal -0.891621497 0.429893917 -0.142134887
    outer loop
      vertex 2.05586076 2.20705914 2.06841707
      vertex 2.05441904 2.20620227 2.07486939
      vertex 2.08916736 2.28426695 2.09300137
    endloop
  endfacet
  facet normal -0.891624822 0.42989194 -0.142120008
    outer loop
      vertex 2.09205079 2.28598094 2.08009672
      vertex 2.05730247 2.20791626 2.06196475
      vertex 2.05586076 2.20705914 2.06841707
    endloop
  endfacet
  facet normal -0.891623393 0.429892404 -0.142127569
    outer loop
      vertex 2.08916736 2.28426695 2.09300137
      vertex 2.09205079 2.28598094 2.08009672
      vertex 2.05586076 2.20705914 2.06841707
    endloop
  endfacet
  facet normal -0.891620948 0.429894243 -0.142137347
    outer loop
      vertex 2.12968254 2.36575937 2.08532429
      vertex 2.06018591 2.20963001 2.04906034
      vertex 2.09205079 2.28598094 2.08009672
    endloop
  endfacet
  facet normal -0.891620948 0.429894243 -0.142137347
    outer loop
      vertex 2.06018591 2.20963001 2.04906034
      vertex 2.05730247 2.20791626 2.06196475
      vertex 2.09205079 2.28598094 2.08009672
    endloop
  endfacet
  facet normal -0.891621343 0.429894263 -0.142134807
    outer loop
      vertex 2.09205079 2.28598094 2.08009672
      vertex 2.12679911 2.36404562 2.09822893
      vertex 2.12968254 2.36575937 2.08532429
    endloop
  endfacet
  facet normal -0.89162325 0.429891817 -0.142130241
    outer loop
      vertex 2.12968254 2.36575937 2.08532429
      vertex 2.13256598 2.36747336 2.07241988
      vertex 2.06306958 2.21134377 2.0361557
    endloop
  endfacet
  facet normal -0.891618049 0.429895966 -0.142150318
    outer loop
      vertex 2.12968254 2.36575937 2.08532429
      vertex 2.06306958 2.21134377 2.0361557
      vertex 2.06018591 2.20963001 2.04906034
    endloop
  endfacet
  facet normal -0.891621916 0.429892068 -0.142137852
    outer loop
      vertex 2.16154718 2.4421103 2.1163609
      vertex 2.12679911 2.36404562 2.09822893
      vertex 2.12391567 2.36233187 2.11113334
    endloop
  endfacet
  facet normal -0.891621916 0.429892068 -0.142137852
    outer loop
      vertex 2.16154718 2.4421103 2.1163609
      vertex 2.12391567 2.36233187 2.11113334
      vertex 2.15866375 2.44039655 2.12926531
    endloop
  endfacet
  facet normal -0.891623578 0.42989108 -0.142130412
    outer loop
      vertex 2.16731405 2.44553804 2.09055185
      vertex 2.13256598 2.36747336 2.07241988
      vertex 2.12968254 2.36575937 2.08532429
    endloop
  endfacet
  facet normal -0.891622382 0.42989102 -0.142138096
    outer loop
      vertex 2.16731405 2.44553804 2.09055185
      vertex 2.12968254 2.36575937 2.08532429
      vertex 2.16443062 2.44382429 2.10345626
    endloop
  endfacet
  facet normal -0.891622932 0.429890693 -0.142135636
    outer loop
      vertex 2.16443062 2.44382429 2.10345626
      vertex 2.12968254 2.36575937 2.08532429
      vertex 2.12679911 2.36404562 2.09822893
    endloop
  endfacet
  facet normal -0.891624128 0.429890754 -0.142127953
    outer loop
      vertex 2.16443062 2.44382429 2.10345626
      vertex 2.12679911 2.36404562 2.09822893
      vertex 2.16154718 2.4421103 2.1163609
    endloop
  endfacet
  facet normal -0.891622311 0.429892088 -0.142135312
    outer loop
      vertex 2.17019749 2.4472518 2.07764745
      vertex 2.13544941 2.36918712 2.05951524
      vertex 2.13256598 2.36747336 2.07241988
    endloop
  endfacet
  facet normal -0.891621916 0.429892068 -0.142137852
    outer loop
      vertex 2.17019749 2.4472518 2.07764745
      vertex 2.13256598 2.36747336 2.07241988
      vertex 2.16731405 2.44553804 2.09055185
    endloop
  endfacet
  facet normal -0.891620979 0.429894452 -0.142136517
    outer loop
      vertex 1.79309201 1.62387323 1.95291495
      vertex 1.78293335 1.58675873 1.90438664
      vertex 1.77354991 1.57997048 1.94271767
    endloop
  endfacet
  facet normal -0.891622571 0.429891398 -0.142135767
    outer loop
      vertex 1.83964145 1.71707964 1.9428134
      vertex 1.81263411 1.66777611 1.96311224
      vertex 1.83217609 1.71167898 1.97330952
    endloop
  endfacet
  facet normal -0.891622454 0.42989289 -0.142131989
    outer loop
      vertex 1.83964145 1.71707964 1.9428134
      vertex 1.79309201 1.62387323 1.95291495
      vertex 1.81263411 1.66777611 1.96311224
    endloop
  endfacet
  facet normal -0.891621827 0.429893093 -0.142135306
    outer loop
      vertex 1.83964145 1.71707964 1.9428134
      vertex 1.8541863 1.75037313 1.95227015
      vertex 1.85169673 1.74124146 1.94026828
    endloop
  endfacet
  facet normal -0.891620958 0.429894387 -0.142136847
    outer loop
      vertex 1.88067806 1.81587851 1.9842093
      vertex 1.86873114 1.78366661 1.96172678
      vertex 1.86207628 1.77885234 1.98891175
    endloop
  endfacet
  facet normal -0.891622708 0.429892183 -0.142132537
    outer loop
      vertex 1.8541863 1.75037313 1.95227015
      vertex 1.86873114 1.78366661 1.96172678
      vertex 1.88644493 1.81930625 1.95840025
    endloop
  endfacet
  facet normal -0.891622216 0.429892473 -0.142134744
    outer loop
      vertex 1.83964145 1.71707964 1.9428134
      vertex 1.78293335 1.58675873 1.90438664
      vertex 1.79309201 1.62387323 1.95291495
    endloop
  endfacet
  facet normal -0.891620464 0.429893345 -0.142143097
    outer loop
      vertex 1.91542625 1.89394331 2.00234127
      vertex 1.88067806 1.81587851 1.9842093
      vertex 1.86207628 1.77885234 1.98891175
    endloop
  endfacet
  facet normal -0.891622142 0.429893012 -0.142133577
    outer loop
      vertex 1.91542625 1.89394331 2.00234127
      vertex 1.86207628 1.77885234 1.98891175
      vertex 1.91134989 1.88954949 2.0146234
    endloop
  endfacet
  facet normal -0.891622986 0.429892149 -0.142130892
    outer loop
      vertex 1.91134989 1.88954949 2.0146234
      vertex 1.9606235 2.00024676 2.04033494
      vertex 1.95017445 1.97200811 2.02047324
    endloop
  endfacet
  facet normal -0.891622495 0.429892138 -0.142134007
    outer loop
      vertex 1.91134989 1.88954949 2.0146234
      vertex 1.95017445 1.97200811 2.02047324
      vertex 1.91542625 1.89394331 2.00234127
    endloop
  endfacet
  facet normal -0.8916193 0.429894724 -0.14214623
    outer loop
      vertex 1.9606235 2.00024676 2.04033494
      vertex 2.00989723 2.11094403 2.06604624
      vertex 2.00085521 2.08824825 2.05412364
    endloop
  endfacet
  facet normal -0.891625955 0.42989235 -0.142111661
    outer loop
      vertex 1.9606235 2.00024676 2.04033494
      vertex 2.00085521 2.08824825 2.05412364
      vertex 1.98348093 2.04921579 2.04505754
    endloop
  endfacet
  facet normal -0.891622549 0.429892715 -0.142131927
    outer loop
      vertex 1.9606235 2.00024676 2.04033494
      vertex 1.98348093 2.04921579 2.04505754
      vertex 1.95017445 1.97200811 2.02047324
    endloop
  endfacet
  facet normal -0.891625539 0.429890329 -0.142120382
    outer loop
      vertex 1.98348093 2.04921579 2.04505754
      vertex 1.98492265 2.05007291 2.03860521
      vertex 1.95017445 1.97200811 2.02047324
    endloop
  endfacet
  facet normal -0.89162269 0.429892156 -0.14213273
    outer loop
      vertex 1.86873114 1.78366661 1.96172678
      vertex 1.88067806 1.81587851 1.9842093
      vertex 1.88356149 1.81759238 1.97130477
    endloop
  endfacet
  facet normal -0.89162269 0.429892156 -0.14213273
    outer loop
      vertex 1.86873114 1.78366661 1.96172678
      vertex 1.88356149 1.81759238 1.97130477
      vertex 1.88644493 1.81930625 1.95840025
    endloop
  endfacet
  facet normal -0.891621952 0.42989244 -0.142136498
    outer loop
      vertex 1.81983197 1.66489053 1.90923166
      vertex 1.78293335 1.58675873 1.90438664
      vertex 1.81694853 1.66317677 1.92213619
    endloop
  endfacet
  facet normal -0.891623452 0.429891549 -0.142129788
    outer loop
      vertex 1.81694853 1.66317677 1.92213619
      vertex 1.78293335 1.58675873 1.90438664
      vertex 1.83964145 1.71707964 1.9428134
    endloop
  endfacet
  facet normal -0.891621808 0.42989306 -0.142135531
    outer loop
      vertex 1.83964145 1.71707964 1.9428134
      vertex 1.85169673 1.74124146 1.94026828
      vertex 1.81694853 1.66317677 1.92213619
    endloop
  endfacet
  facet normal -0.891622545 0.429892482 -0.142132654
    outer loop
      vertex 1.8227154 1.6666044 1.89632714
      vertex 1.78293335 1.58675873 1.90438664
      vertex 1.81983197 1.66489053 1.90923166
    endloop
  endfacet
  facet normal -0.891621858 0.429892723 -0.142136232
    outer loop
      vertex 1.84425569 1.71023238 1.89315808
      vertex 1.79231668 1.59354699 1.86605561
      vertex 1.8227154 1.6666044 1.89632714
    endloop
  endfacet
  facet normal -0.891622382 0.429892216 -0.142134483
    outer loop
      vertex 1.78293335 1.58675873 1.90438664
      vertex 1.8227154 1.6666044 1.89632714
      vertex 1.79231668 1.59354699 1.86605561
    endloop
  endfacet
  facet normal -0.891621815 0.42989267 -0.142136665
    outer loop
      vertex 1.84425569 1.71023238 1.89315808
      vertex 1.8227154 1.6666044 1.89632714
      vertex 1.8574636 1.7446692 1.91445923
    endloop
  endfacet
  facet normal -0.891622538 0.429892498 -0.14213265
    outer loop
      vertex 1.85458016 1.74295533 1.92736375
      vertex 1.88932836 1.82102001 1.94549572
      vertex 1.8574636 1.7446692 1.91445923
    endloop
  endfacet
  facet normal -0.89162151 0.429893187 -0.142137011
    outer loop
      vertex 1.92407656 1.89908481 1.9636277
      vertex 1.99357307 2.05521441 1.99989176
      vertex 2.00007296 2.06028867 1.97446525
    endloop
  endfacet
  facet normal -0.891621813 0.429893199 -0.142135076
    outer loop
      vertex 1.92407656 1.89908481 1.9636277
      vertex 2.00007296 2.06028867 1.97446525
      vertex 1.94813383 1.94360328 1.9473629
    endloop
  endfacet
  facet normal -0.89162217 0.429892331 -0.142135462
    outer loop
      vertex 1.89619482 1.82691789 1.92026043
      vertex 1.88932836 1.82102001 1.94549572
      vertex 1.92407656 1.89908481 1.9636277
    endloop
  endfacet
  facet normal -0.891621381 0.429893198 -0.142137787
    outer loop
      vertex 1.84425569 1.71023238 1.89315808
      vertex 1.8574636 1.7446692 1.91445923
      vertex 1.89619482 1.82691789 1.92026043
    endloop
  endfacet
  facet normal -0.891621796 0.429893208 -0.142135156
    outer loop
      vertex 1.89619482 1.82691789 1.92026043
      vertex 1.8574636 1.7446692 1.91445923
      vertex 1.88932836 1.82102001 1.94549572
    endloop
  endfacet
  facet normal -0.89162183 0.42989274 -0.14213636
    outer loop
      vertex 1.94813383 1.94360328 1.9473629
      vertex 1.89619482 1.82691789 1.92026043
      vertex 1.92407656 1.89908481 1.9636277
    endloop
  endfacet
  facet normal -0.891621556 0.429893082 -0.142137043
    outer loop
      vertex 2.02832127 2.13327909 2.01802373
      vertex 2.00007296 2.06028867 1.97446525
      vertex 1.99357307 2.05521441 1.99989176
    endloop
  endfacet
  facet normal -0.891622381 0.429892206 -0.142134516
    outer loop
      vertex 1.85169673 1.74124146 1.94026828
      vertex 1.8541863 1.75037313 1.95227015
      vertex 1.88644493 1.81930625 1.95840025
    endloop
  endfacet
  facet normal -0.891623632 0.429889876 -0.142133716
    outer loop
      vertex 2.01374269 2.11324954 2.04889631
      vertex 2.00085521 2.08824825 2.05412364
      vertex 2.00989723 2.11094403 2.06604624
    endloop
  endfacet
  facet normal -0.891620749 0.429893669 -0.142140331
    outer loop
      vertex 2.02111268 2.12899446 2.0502851
      vertex 2.01374269 2.11324954 2.04889631
      vertex 2.02274346 2.13348436 2.05363488
    endloop
  endfacet
  facet normal -0.891623527 0.429889356 -0.142135947
    outer loop
      vertex 2.00229692 2.08910513 2.04767132
      vertex 2.00085521 2.08824825 2.05412364
      vertex 2.01374269 2.11324954 2.04889631
    endloop
  endfacet
  facet normal -0.891622099 0.429891879 -0.142137275
    outer loop
      vertex 2.02111268 2.12899446 2.0502851
      vertex 2.02274346 2.13348436 2.05363488
      vertex 2.03174424 2.15371919 2.05837321
    endloop
  endfacet
  facet normal -0.891629378 0.429888495 -0.142101846
    outer loop
      vertex 2.04074502 2.17395401 2.06311178
      vertex 2.03848672 2.16802692 2.05935097
      vertex 2.03174424 2.15371919 2.05837321
    endloop
  endfacet
  facet normal -0.891622328 0.429891522 -0.142136917
    outer loop
      vertex 2.04074502 2.17395401 2.06311178
      vertex 2.0369246 2.17166352 2.08014965
      vertex 2.05441904 2.20620227 2.07486939
    endloop
  endfacet
  facet normal -0.891623527 0.429889356 -0.142135947
    outer loop
      vertex 2.00373864 2.08996201 2.041219
      vertex 2.00229692 2.08910513 2.04767132
      vertex 2.01374269 2.11324954 2.04889631
    endloop
  endfacet
  facet normal -0.891622414 0.429893895 -0.142129204
    outer loop
      vertex 2.07498145 2.25716162 2.10000825
      vertex 2.11303854 2.34265947 2.11986661
      vertex 2.12391567 2.36233187 2.11113334
    endloop
  endfacet
  facet normal -0.8916195 0.429894332 -0.142146157
    outer loop
      vertex 2.07498145 2.25716162 2.10000825
      vertex 2.12391567 2.36233187 2.11113334
      vertex 2.08916736 2.28426695 2.09300137
    endloop
  endfacet
  facet normal -0.891622814 0.429892429 -0.142131124
    outer loop
      vertex 2.15866375 2.44039655 2.12926531
      vertex 2.15109539 2.42815757 2.13972521
      vertex 2.18915224 2.51365542 2.15958381
    endloop
  endfacet
  facet normal -0.891623036 0.429891593 -0.142132262
    outer loop
      vertex 2.11303854 2.34265947 2.11986661
      vertex 2.15109539 2.42815757 2.13972521
      vertex 2.15866375 2.44039655 2.12926531
    endloop
  endfacet
  facet normal -0.891622646 0.429891634 -0.142134584
    outer loop
      vertex 2.11303854 2.34265947 2.11986661
      vertex 2.15866375 2.44039655 2.12926531
      vertex 2.12391567 2.36233187 2.11113334
    endloop
  endfacet
  facet normal -0.891622716 0.429891179 -0.142135523
    outer loop
      vertex 2.05586076 2.20705914 2.06841707
      vertex 2.04074502 2.17395401 2.06311178
      vertex 2.05441904 2.20620227 2.07486939
    endloop
  endfacet
  facet normal -0.8916229 0.429893083 -0.142128607
    outer loop
      vertex 2.08916736 2.28426695 2.09300137
      vertex 2.05441904 2.20620227 2.07486939
      vertex 2.0369246 2.17166352 2.08014965
    endloop
  endfacet
  facet normal -0.891619439 0.429893731 -0.142148359
    outer loop
      vertex 2.08916736 2.28426695 2.09300137
      vertex 2.0369246 2.17166352 2.08014965
      vertex 2.07498145 2.25716162 2.10000825
    endloop
  endfacet
  facet normal -0.891623106 0.429892147 -0.142130148
    outer loop
      vertex 2.15866375 2.44039655 2.12926531
      vertex 2.18915224 2.51365542 2.15958381
      vertex 2.19849062 2.52034307 2.12122917
    endloop
  endfacet
  facet normal -0.891618048 0.429893851 -0.142156721
    outer loop
      vertex 2.01374269 2.11324954 2.04889631
      vertex 2.02111268 2.12899446 2.0502851
      vertex 2.00373864 2.08996201 2.041219
    endloop
  endfacet
  facet normal -0.891629121 0.429888811 -0.142102498
    outer loop
      vertex 2.04074502 2.17395401 2.06311178
      vertex 2.05586076 2.20705914 2.06841707
      vertex 2.03848672 2.16802692 2.05935097
    endloop
  endfacet
  facet normal -0.891626379 0.429888389 -0.142120981
    outer loop
      vertex 2.03848672 2.16802692 2.05935097
      vertex 2.02111268 2.12899446 2.0502851
      vertex 2.03174424 2.15371919 2.05837321
    endloop
  endfacet
  facet normal -0.891621996 0.429892556 -0.142135877
    outer loop
      vertex 2.00007296 2.06028867 1.97446525
      vertex 2.02832127 2.13327909 2.01802373
      vertex 2.05201197 2.17697406 2.0015676
    endloop
  endfacet
  facet normal -0.891621943 0.429893652 -0.142132892
    outer loop
      vertex 2.06306958 2.21134377 2.0361557
      vertex 2.05201197 2.17697406 2.0015676
      vertex 2.02832127 2.13327909 2.01802373
    endloop
  endfacet
  facet normal -0.891623628 0.429891155 -0.142129872
    outer loop
      vertex 2.05201197 2.17697406 2.0015676
      vertex 2.06306958 2.21134377 2.0361557
      vertex 2.10395098 2.29365969 2.02867007
    endloop
  endfacet
  facet normal -0.891624096 0.429891843 -0.14212486
    outer loop
      vertex 2.06306958 2.21134377 2.0361557
      vertex 2.13544941 2.36918712 2.05951524
      vertex 2.10395098 2.29365969 2.02867007
    endloop
  endfacet
  facet normal -0.891623973 0.429891101 -0.142127872
    outer loop
      vertex 2.16154718 2.4421103 2.1163609
      vertex 2.19849062 2.52034307 2.12122917
      vertex 2.16443062 2.44382429 2.10345626
    endloop
  endfacet
  facet normal -0.891622394 0.429890993 -0.142138102
    outer loop
      vertex 2.19849062 2.52034307 2.12122917
      vertex 2.16154718 2.4421103 2.1163609
      vertex 2.15866375 2.44039655 2.12926531
    endloop
  endfacet
  facet normal -0.891621761 0.429892416 -0.142137772
    outer loop
      vertex 2.19849062 2.52034307 2.12122917
      vertex 2.16731405 2.44553804 2.09055185
      vertex 2.16443062 2.44382429 2.10345626
    endloop
  endfacet
  facet normal -0.891622397 0.429893473 -0.142130585
    outer loop
      vertex 2.10395098 2.29365969 2.02867007
      vertex 2.13544941 2.36918712 2.05951524
      vertex 2.15589023 2.41034508 2.05577254
    endloop
  endfacet
  facet normal -0.891621702 0.42989245 -0.142138035
    outer loop
      vertex 2.17019749 2.4472518 2.07764745
      vertex 2.15589023 2.41034508 2.05577254
      vertex 2.13544941 2.36918712 2.05951524
    endloop
  endfacet
  facet normal -0.891621569 0.429892848 -0.142137671
    outer loop
      vertex 2.17019749 2.4472518 2.07764745
      vertex 2.16731405 2.44553804 2.09055185
      vertex 2.20782924 2.52703047 2.08287477
    endloop
  endfacet
  facet normal -0.891621469 0.429892697 -0.142138752
    outer loop
      vertex 2.19849062 2.52034307 2.12122917
      vertex 2.20782924 2.52703047 2.08287477
      vertex 2.16731405 2.44553804 2.09055185
    endloop
  endfacet
  facet normal -0.891621377 0.429892838 -0.142138903
    outer loop
      vertex 2.15589023 2.41034508 2.05577254
      vertex 2.17019749 2.4472518 2.07764745
      vertex 2.20782924 2.52703047 2.08287477
    endloop
  endfacet
  facet normal -0.891622137 0.429892478 -0.142135221
    outer loop
      vertex 2.06306958 2.21134377 2.0361557
      vertex 2.13256598 2.36747336 2.07241988
      vertex 2.13544941 2.36918712 2.05951524
    endloop
  endfacet
  facet normal 0.216255957 0.12853748 -0.967838559
    outer loop
      vertex 2.04479265 2.02389932 1.97962475
      vertex 2.03790975 2.00843644 1.97603321
      vertex 2.03456616 2.01004863 1.97550023
    endloop
  endfacet
  facet normal 0.216249375 0.128542577 -0.967839353
    outer loop
      vertex 2.04479265 2.02389932 1.97962475
      vertex 2.03456616 2.01004863 1.97550023
      vertex 2.04144907 2.02551126 1.97909176
    endloop
  endfacet
  facet normal 0.216252109 0.128538776 -0.967839247
    outer loop
      vertex 2.0276835 1.99458587 1.97190869
      vertex 2.01391792 1.96366048 1.96472573
      vertex 2.00723076 1.96688461 1.96365976
    endloop
  endfacet
  facet normal 0.216252109 0.128538776 -0.967839247
    outer loop
      vertex 2.0276835 1.99458587 1.97190869
      vertex 2.00723076 1.96688461 1.96365976
      vertex 2.02099633 1.99781001 1.97084272
    endloop
  endfacet
  facet normal 0.216253852 0.128542692 -0.967838338
    outer loop
      vertex 2.03456616 2.01004863 1.97550023
      vertex 2.0276835 1.99458587 1.97190869
      vertex 2.02099633 1.99781001 1.97084272
    endloop
  endfacet
  facet normal 0.216253018 0.12854082 -0.967838773
    outer loop
      vertex 2.03476191 2.0287354 1.97802579
      vertex 2.04144907 2.02551126 1.97909176
      vertex 2.03456616 2.01004863 1.97550023
    endloop
  endfacet
  facet normal 0.216255589 0.128540717 -0.967838212
    outer loop
      vertex 2.02099633 1.99781001 1.97084272
      vertex 2.03476191 2.0287354 1.97802579
      vertex 2.03456616 2.01004863 1.97550023
    endloop
  endfacet
  facet normal 0.216254204 0.128543483 -0.967838154
    outer loop
      vertex 1.99661314 1.91566014 1.95448422
      vertex 1.98973048 1.90019751 1.95089269
      vertex 1.9863869 1.90180957 1.9503597
    endloop
  endfacet
  facet normal 0.216257495 0.128540935 -0.967837757
    outer loop
      vertex 1.99661314 1.91566014 1.95448422
      vertex 1.9863869 1.90180957 1.9503597
      vertex 1.99326956 1.91727233 1.95395124
    endloop
  endfacet
  facet normal 0.216253852 0.128542692 -0.967838338
    outer loop
      vertex 1.99326956 1.91727233 1.95395124
      vertex 1.9863869 1.90180957 1.9503597
      vertex 1.97969973 1.90503371 1.94929373
    endloop
  endfacet
  facet normal 0.21625278 0.128535314 -0.967839557
    outer loop
      vertex 1.99346519 1.93595922 1.95647669
      vertex 2.00015235 1.93273497 1.95754266
      vertex 1.99326956 1.91727233 1.95395124
    endloop
  endfacet
  facet normal 0.216260619 0.128535001 -0.967837847
    outer loop
      vertex 1.97969973 1.90503371 1.94929373
      vertex 1.99346519 1.93595922 1.95647669
      vertex 1.99326956 1.91727233 1.95395124
    endloop
  endfacet
  facet normal 0.21625508 0.128540482 -0.967838357
    outer loop
      vertex 2.01391792 1.96366048 1.96472573
      vertex 2.00015235 1.93273497 1.95754266
      vertex 1.99346519 1.93595922 1.95647669
    endloop
  endfacet
  facet normal 0.216253435 0.128541756 -0.967838555
    outer loop
      vertex 2.01391792 1.96366048 1.96472573
      vertex 1.99346519 1.93595922 1.95647669
      vertex 2.00723076 1.96688461 1.96365976
    endloop
  endfacet
  facet normal 0.216259998 0.1285353 -0.967837946
    outer loop
      vertex 1.99346519 1.93595922 1.95647669
      vertex 1.97969973 1.90503371 1.94929373
      vertex 1.9663254 1.9114821 1.94716167
    endloop
  endfacet
  facet normal 0.216261204 0.12853801 -0.967837317
    outer loop
      vertex 1.99385643 1.973333 1.96152771
      vertex 2.00723076 1.96688461 1.96365976
      vertex 1.99346519 1.93595922 1.95647669
    endloop
  endfacet
  facet normal 0.216257483 0.128538159 -0.967838129
    outer loop
      vertex 1.9663254 1.9114821 1.94716167
      vertex 1.99385643 1.973333 1.96152771
      vertex 1.99346519 1.93595922 1.95647669
    endloop
  endfacet
  facet normal 0.216259878 0.12853503 -0.967838009
    outer loop
      vertex 2.02099633 1.99781001 1.97084272
      vertex 2.00723076 1.96688461 1.96365976
      vertex 1.99385643 1.973333 1.96152771
    endloop
  endfacet
  facet normal 0.216262115 0.128537571 -0.967837172
    outer loop
      vertex 2.02138758 2.03518391 1.97589374
      vertex 2.03476191 2.0287354 1.97802579
      vertex 2.02099633 1.99781001 1.97084272
    endloop
  endfacet
  facet normal 0.216257479 0.128537756 -0.967838183
    outer loop
      vertex 1.99385643 1.973333 1.96152771
      vertex 2.02138758 2.03518391 1.97589374
      vertex 2.02099633 1.99781001 1.97084272
    endloop
  endfacet
  facet normal 0.216253754 0.128537502 -0.967839049
    outer loop
      vertex 1.97262132 1.87088418 1.94317663
      vertex 1.95885575 1.83995867 1.93599367
      vertex 1.95216858 1.84318292 1.9349277
    endloop
  endfacet
  facet normal 0.216252109 0.128538776 -0.967839247
    outer loop
      vertex 1.97262132 1.87088418 1.94317663
      vertex 1.95216858 1.84318292 1.9349277
      vertex 1.96593416 1.87410831 1.94211066
    endloop
  endfacet
  facet normal 0.216253435 0.128541756 -0.967838555
    outer loop
      vertex 1.9863869 1.90180957 1.9503597
      vertex 1.97262132 1.87088418 1.94317663
      vertex 1.96593416 1.87410831 1.94211066
    endloop
  endfacet
  facet normal 0.216253435 0.128541756 -0.967838555
    outer loop
      vertex 1.9863869 1.90180957 1.9503597
      vertex 1.96593416 1.87410831 1.94211066
      vertex 1.97969973 1.90503371 1.94929373
    endloop
  endfacet
  facet normal 0.216260601 0.128536655 -0.967837631
    outer loop
      vertex 1.95216858 1.84318292 1.9349277
      vertex 1.92463756 1.78133202 1.92056167
      vertex 1.91126323 1.7877804 1.91842961
    endloop
  endfacet
  facet normal 0.216260601 0.128536655 -0.967837631
    outer loop
      vertex 1.95216858 1.84318292 1.9349277
      vertex 1.91126323 1.7877804 1.91842961
      vertex 1.93879426 1.84963131 1.93279564
    endloop
  endfacet
  facet normal 0.216259878 0.12853503 -0.967838009
    outer loop
      vertex 1.96593416 1.87410831 1.94211066
      vertex 1.95216858 1.84318292 1.9349277
      vertex 1.93879426 1.84963131 1.93279564
    endloop
  endfacet
  facet normal 0.216261204 0.12853801 -0.967837317
    outer loop
      vertex 1.9663254 1.9114821 1.94716167
      vertex 1.97969973 1.90503371 1.94929373
      vertex 1.96593416 1.87410831 1.94211066
    endloop
  endfacet
  facet normal 0.216257112 0.128538174 -0.967838209
    outer loop
      vertex 1.93879426 1.84963131 1.93279564
      vertex 1.9663254 1.9114821 1.94716167
      vertex 1.96593416 1.87410831 1.94211066
    endloop
  endfacet
  facet normal 0.216251933 0.12853838 -0.967839339
    outer loop
      vertex 2.05521464 2.05643678 1.98627472
      vertex 2.04144907 2.02551126 1.97909176
      vertex 2.03476191 2.0287354 1.97802579
    endloop
  endfacet
  facet normal 0.216251933 0.12853838 -0.967839339
    outer loop
      vertex 2.05521464 2.05643678 1.98627472
      vertex 2.03476191 2.0287354 1.97802579
      vertex 2.04852748 2.05966091 1.98520875
    endloop
  endfacet
  facet normal 0.216253611 0.128542152 -0.967838463
    outer loop
      vertex 2.06898022 2.08736205 1.99345779
      vertex 2.05521464 2.05643678 1.98627472
      vertex 2.04852748 2.05966091 1.98520875
    endloop
  endfacet
  facet normal 0.216256902 0.128539603 -0.967838066
    outer loop
      vertex 2.06898022 2.08736205 1.99345779
      vertex 2.04852748 2.05966091 1.98520875
      vertex 2.06229305 2.09058642 1.99239182
    endloop
  endfacet
  facet normal 0.216260612 0.128534196 -0.967837956
    outer loop
      vertex 2.04852748 2.05966091 1.98520875
      vertex 2.03476191 2.0287354 1.97802579
      vertex 2.02138758 2.03518391 1.97589374
    endloop
  endfacet
  facet normal 0.216260117 0.128538053 -0.967837554
    outer loop
      vertex 2.04891872 2.09703469 1.99025977
      vertex 2.06229305 2.09058642 1.99239182
      vertex 2.04852748 2.05966091 1.98520875
    endloop
  endfacet
  facet normal 0.216257112 0.128538174 -0.967838209
    outer loop
      vertex 2.02138758 2.03518391 1.97589374
      vertex 2.04891872 2.09703469 1.99025977
      vertex 2.04852748 2.05966091 1.98520875
    endloop
  endfacet
  facet normal 0.216259263 0.128536135 -0.967837999
    outer loop
      vertex 2.08982396 2.15243721 2.00675774
      vertex 2.06229305 2.09058642 1.99239182
      vertex 2.04891872 2.09703469 1.99025977
    endloop
  endfacet
  facet normal 0.216254714 0.128539658 -0.967838548
    outer loop
      vertex 2.08982396 2.15243721 2.00675774
      vertex 2.04891872 2.09703469 1.99025977
      vertex 2.07644963 2.15888572 2.0046258
    endloop
  endfacet
  facet normal 0.21625508 0.128540482 -0.967838357
    outer loop
      vertex 2.22747946 2.46169162 2.07858801
      vertex 2.19994831 2.39984059 2.06422186
      vertex 2.18657398 2.4062891 2.06208992
    endloop
  endfacet
  facet normal 0.216253435 0.128541756 -0.967838555
    outer loop
      vertex 2.22747946 2.46169162 2.07858801
      vertex 2.18657398 2.4062891 2.06208992
      vertex 2.21410513 2.46813989 2.07645607
    endloop
  endfacet
  facet normal 0.216253435 0.128541756 -0.967838555
    outer loop
      vertex 2.21410513 2.46813989 2.07645607
      vertex 2.18657398 2.4062891 2.06208992
      vertex 2.17319965 2.41273737 2.05995798
    endloop
  endfacet
  facet normal 0.21626747 0.128530889 -0.967836862
    outer loop
      vertex 2.21410513 2.46813989 2.07645607
      vertex 2.17319965 2.41273737 2.05995798
      vertex 2.2007308 2.47458839 2.07432389
    endloop
  endfacet
  facet normal 0.216259349 0.128537918 -0.967837743
    outer loop
      vertex 1.81010211 1.56051362 1.86564255
      vertex 1.79231668 1.59354699 1.86605561
      vertex 1.84425569 1.71023238 1.89315808
    endloop
  endfacet
  facet normal 0.216258793 0.128536885 -0.967838005
    outer loop
      vertex 1.91126323 1.7877804 1.91842961
      vertex 1.84425569 1.71023238 1.89315808
      vertex 1.89619482 1.82691789 1.92026043
    endloop
  endfacet
  facet normal 0.216257727 0.128538171 -0.967838072
    outer loop
      vertex 1.91126323 1.7877804 1.91842961
      vertex 1.88686788 1.65998459 1.89600611
      vertex 1.81010211 1.56051362 1.86564255
    endloop
  endfacet
  facet normal 0.216256937 0.128538552 -0.967838198
    outer loop
      vertex 1.84425569 1.71023238 1.89315808
      vertex 1.91126323 1.7877804 1.91842961
      vertex 1.81010211 1.56051362 1.86564255
    endloop
  endfacet
  facet normal 0.216260953 0.128537446 -0.967837448
    outer loop
      vertex 1.91126323 1.7877804 1.91842961
      vertex 1.92463756 1.78133202 1.92056167
      vertex 1.88686788 1.65998459 1.89600611
    endloop
  endfacet
  facet normal 0.216259544 0.128537165 -0.9678378
    outer loop
      vertex 1.93879426 1.84963131 1.93279564
      vertex 1.91126323 1.7877804 1.91842961
      vertex 1.89619482 1.82691789 1.92026043
    endloop
  endfacet
  facet normal 0.216256719 0.128538363 -0.967838272
    outer loop
      vertex 1.9663254 1.9114821 1.94716167
      vertex 1.93879426 1.84963131 1.93279564
      vertex 1.94813383 1.94360328 1.9473629
    endloop
  endfacet
  facet normal 0.216259066 0.128538054 -0.967837788
    outer loop
      vertex 1.89619482 1.82691789 1.92026043
      vertex 1.94813383 1.94360328 1.9473629
      vertex 1.93879426 1.84963131 1.93279564
    endloop
  endfacet
  facet normal 0.216256876 0.128538451 -0.967838225
    outer loop
      vertex 1.99385643 1.973333 1.96152771
      vertex 1.9663254 1.9114821 1.94716167
      vertex 1.94813383 1.94360328 1.9473629
    endloop
  endfacet
  facet normal 0.216254654 0.128539523 -0.967838579
    outer loop
      vertex 1.92463756 1.78133202 1.92056167
      vertex 1.95216858 1.84318292 1.9349277
      vertex 1.95885575 1.83995867 1.93599367
    endloop
  endfacet
  facet normal 0.21624536 0.128541549 -0.967840387
    outer loop
      vertex 1.94584835 1.79248905 1.92678285
      vertex 1.95885575 1.83995867 1.93599367
      vertex 1.97262132 1.87088418 1.94317663
    endloop
  endfacet
  facet normal 0.216257567 0.128537604 -0.967838183
    outer loop
      vertex 1.94813383 1.94360328 1.9473629
      vertex 2.00007296 2.06028867 1.97446525
      vertex 2.02138758 2.03518391 1.97589374
    endloop
  endfacet
  facet normal 0.216257256 0.128537864 -0.967838218
    outer loop
      vertex 1.94813383 1.94360328 1.9473629
      vertex 2.02138758 2.03518391 1.97589374
      vertex 1.99385643 1.973333 1.96152771
    endloop
  endfacet
  facet normal 0.216257379 0.128537831 -0.967838195
    outer loop
      vertex 1.95885575 1.83995867 1.93599367
      vertex 1.94584835 1.79248905 1.92678285
      vertex 1.92463756 1.78133202 1.92056167
    endloop
  endfacet
  facet normal 0.216266835 0.128533437 -0.967836666
    outer loop
      vertex 1.97262132 1.87088418 1.94317663
      vertex 1.98973048 1.90019751 1.95089269
      vertex 1.94584835 1.79248905 1.92678285
    endloop
  endfacet
  facet normal 0.216258907 0.128537219 -0.967837935
    outer loop
      vertex 1.82788754 1.52748013 1.86522949
      vertex 1.81010211 1.56051362 1.86564255
      vertex 1.88686788 1.65998459 1.89600611
    endloop
  endfacet
  facet normal 0.216241348 0.128549682 -0.967840203
    outer loop
      vertex 1.99661314 1.91566014 1.95448422
      vertex 2.00482869 1.92499352 1.95755947
      vertex 1.98973048 1.90019751 1.95089269
    endloop
  endfacet
  facet normal 0.216256823 0.128538879 -0.96783818
    outer loop
      vertex 1.94584835 1.79248905 1.92678285
      vertex 1.88686788 1.65998459 1.89600611
      vertex 1.92463756 1.78133202 1.92056167
    endloop
  endfacet
  facet normal 0.216265753 0.128533918 -0.967836844
    outer loop
      vertex 1.94584835 1.79248905 1.92678285
      vertex 1.98973048 1.90019751 1.95089269
      vertex 2.00482869 1.92499352 1.95755947
    endloop
  endfacet
  facet normal 0.216256224 0.128538079 -0.96783842
    outer loop
      vertex 1.99661314 1.91566014 1.95448422
      vertex 1.99326956 1.91727233 1.95395124
      vertex 2.00037074 1.92714298 1.95684886
    endloop
  endfacet
  facet normal 0.216253435 0.128541756 -0.967838555
    outer loop
      vertex 1.97262132 1.87088418 1.94317663
      vertex 1.9863869 1.90180957 1.9503597
      vertex 1.98973048 1.90019751 1.95089269
    endloop
  endfacet
  facet normal 0.216252345 0.128541801 -0.967838793
    outer loop
      vertex 2.01640701 1.96317005 1.96521676
      vertex 2.00015235 1.93273497 1.95754266
      vertex 2.01391792 1.96366048 1.96472573
    endloop
  endfacet
  facet normal 0.216251869 0.128538892 -0.967839286
    outer loop
      vertex 2.01640701 1.96317005 1.96521676
      vertex 2.01391792 1.96366048 1.96472573
      vertex 2.0276835 1.99458587 1.97190869
    endloop
  endfacet
  facet normal 0.216252605 0.128539394 -0.967839054
    outer loop
      vertex 1.99661314 1.91566014 1.95448422
      vertex 2.00037074 1.92714298 1.95684886
      vertex 2.00482869 1.92499352 1.95755947
    endloop
  endfacet
  facet normal 0.216280116 0.128525935 -0.967834694
    outer loop
      vertex 2.01640701 1.96317005 1.96521676
      vertex 2.00037074 1.92714298 1.95684886
      vertex 2.00015235 1.93273497 1.95754266
    endloop
  endfacet
  facet normal 0.216274549 0.128529925 -0.967835408
    outer loop
      vertex 2.03244352 1.99919724 1.97358477
      vertex 2.01640701 1.96317005 1.96521676
      vertex 2.0276835 1.99458587 1.97190869
    endloop
  endfacet
  facet normal 0.21627241 0.128525849 -0.967836428
    outer loop
      vertex 1.99326956 1.91727233 1.95395124
      vertex 2.00015235 1.93273497 1.95754266
      vertex 2.00037074 1.92714298 1.95684886
    endloop
  endfacet
  facet normal 0.216258863 0.128537193 -0.967837948
    outer loop
      vertex 2.00007296 2.06028867 1.97446525
      vertex 2.05201197 2.17697406 2.0015676
      vertex 2.07644963 2.15888572 2.0046258
    endloop
  endfacet
  facet normal 0.216257448 0.128538339 -0.967838112
    outer loop
      vertex 2.00007296 2.06028867 1.97446525
      vertex 2.07644963 2.15888572 2.0046258
      vertex 2.04891872 2.09703469 1.99025977
    endloop
  endfacet
  facet normal 0.216259233 0.128537719 -0.967837796
    outer loop
      vertex 2.07644963 2.15888572 2.0046258
      vertex 2.05201197 2.17697406 2.0015676
      vertex 2.10395098 2.29365969 2.02867007
    endloop
  endfacet
  facet normal 0.216257827 0.128537829 -0.967838095
    outer loop
      vertex 2.00007296 2.06028867 1.97446525
      vertex 2.04891872 2.09703469 1.99025977
      vertex 2.02138758 2.03518391 1.97589374
    endloop
  endfacet
  facet normal 0.216257238 0.128538195 -0.967838178
    outer loop
      vertex 2.07644963 2.15888572 2.0046258
      vertex 2.10395098 2.29365969 2.02867007
      vertex 2.18657398 2.4062891 2.06208992
    endloop
  endfacet
  facet normal 0.216259854 0.128534561 -0.967838076
    outer loop
      vertex 2.2007308 2.47458839 2.07432389
      vertex 2.17319965 2.41273737 2.05995798
      vertex 2.15589023 2.41034508 2.05577254
    endloop
  endfacet
  facet normal 0.216255115 0.128538041 -0.967838673
    outer loop
      vertex 2.20782924 2.52703047 2.08287477
      vertex 2.2007308 2.47458839 2.07432389
      vertex 2.15589023 2.41034508 2.05577254
    endloop
  endfacet
  facet normal 0.216253225 0.128541283 -0.967838665
    outer loop
      vertex 2.10395098 2.29365969 2.02867007
      vertex 2.17319965 2.41273737 2.05995798
      vertex 2.18657398 2.4062891 2.06208992
    endloop
  endfacet
  facet normal 0.216267675 0.128531349 -0.967836755
    outer loop
      vertex 2.2007308 2.47458839 2.07432389
      vertex 2.23810697 2.5220623 2.08898044
      vertex 2.21410513 2.46813989 2.07645607
    endloop
  endfacet
  facet normal 0.216260675 0.128537106 -0.967837555
    outer loop
      vertex 2.23810697 2.5220623 2.08898044
      vertex 2.2007308 2.47458839 2.07432389
      vertex 2.20782924 2.52703047 2.08287477
    endloop
  endfacet
  facet normal 0.2162614 0.128536188 -0.967837515
    outer loop
      vertex 2.18657398 2.4062891 2.06208992
      vertex 2.1526432 2.25707102 2.03469086
      vertex 2.07644963 2.15888572 2.0046258
    endloop
  endfacet
  facet normal 0.216259383 0.128537473 -0.967837795
    outer loop
      vertex 2.15589023 2.41034508 2.05577254
      vertex 2.17319965 2.41273737 2.05995798
      vertex 2.10395098 2.29365969 2.02867007
    endloop
  endfacet
  facet normal 0.216252137 0.12853884 -0.967839232
    outer loop
      vertex 2.23810697 2.5220623 2.08898044
      vertex 2.22747946 2.46169162 2.07858801
      vertex 2.21410513 2.46813989 2.07645607
    endloop
  endfacet
  facet normal 0.216248289 0.128540137 -0.96783992
    outer loop
      vertex 2.04479265 2.02389932 1.97962475
      vertex 2.04144907 2.02551126 1.97909176
      vertex 2.05521464 2.05643678 1.98627472
    endloop
  endfacet
  facet normal 0.216263761 0.128533404 -0.967837357
    outer loop
      vertex 2.03690171 1.99704778 1.9742955
      vertex 2.03244352 1.99919724 1.97358477
      vertex 2.03790975 2.00843644 1.97603321
    endloop
  endfacet
  facet normal 0.216256246 0.128538129 -0.967838409
    outer loop
      vertex 2.03790975 2.00843644 1.97603321
      vertex 2.03244352 1.99919724 1.97358477
      vertex 2.03456616 2.01004863 1.97550023
    endloop
  endfacet
  facet normal 0.216241205 0.128548133 -0.967840441
    outer loop
      vertex 2.06898022 2.08736205 1.99345779
      vertex 2.09477234 2.12705922 2.004493
      vertex 2.05521464 2.05643678 1.98627472
    endloop
  endfacet
  facet normal 0.21626391 0.128534571 -0.967837169
    outer loop
      vertex 2.09477234 2.12705922 2.004493
      vertex 2.04479265 2.02389932 1.97962475
      vertex 2.05521464 2.05643678 1.98627472
    endloop
  endfacet
  facet normal 0.216269296 0.128531762 -0.967836338
    outer loop
      vertex 2.03690171 1.99704778 1.9742955
      vertex 2.04479265 2.02389932 1.97962475
      vertex 2.09477234 2.12705922 2.004493
    endloop
  endfacet
  facet normal 0.216269744 0.128535029 -0.967835804
    outer loop
      vertex 2.03456616 2.01004863 1.97550023
      vertex 2.03244352 1.99919724 1.97358477
      vertex 2.0276835 1.99458587 1.97190869
    endloop
  endfacet
  facet normal 0.216255353 0.128541094 -0.967838214
    outer loop
      vertex 2.08982396 2.15243721 2.00675774
      vertex 2.07644963 2.15888572 2.0046258
      vertex 2.1526432 2.25707102 2.03469086
    endloop
  endfacet
  facet normal 0.216254029 0.128538119 -0.967838905
    outer loop
      vertex 2.19994831 2.39984059 2.06422186
      vertex 2.1526432 2.25707102 2.03469086
      vertex 2.18657398 2.4062891 2.06208992
    endloop
  endfacet
  facet normal 0.216267065 0.128534704 -0.967836446
    outer loop
      vertex 2.21051407 2.38708258 2.06488848
      vertex 2.19994831 2.39984059 2.06422186
      vertex 2.22747946 2.46169162 2.07858801
    endloop
  endfacet
  facet normal 0.216260218 0.128537993 -0.967837539
    outer loop
      vertex 2.08982396 2.15243721 2.00675774
      vertex 2.1526432 2.25707102 2.03469086
      vertex 2.09477234 2.12705922 2.004493
    endloop
  endfacet
  facet normal 0.21626023 0.128536494 -0.967837736
    outer loop
      vertex 2.22747946 2.46169162 2.07858801
      vertex 2.26838493 2.51709414 2.0950861
      vertex 2.21051407 2.38708258 2.06488848
    endloop
  endfacet
  facet normal 0.216265932 0.128533746 -0.967836827
    outer loop
      vertex 2.21051407 2.38708258 2.06488848
      vertex 2.1526432 2.25707102 2.03469086
      vertex 2.19994831 2.39984059 2.06422186
    endloop
  endfacet
  facet normal 0.216259082 0.128537384 -0.967837874
    outer loop
      vertex 2.26838493 2.51709414 2.0950861
      vertex 2.22747946 2.46169162 2.07858801
      vertex 2.23810697 2.5220623 2.08898044
    endloop
  endfacet
  facet normal 0.216256829 0.128537407 -0.967838374
    outer loop
      vertex 2.06898022 2.08736205 1.99345779
      vertex 2.08982396 2.15243721 2.00675774
      vertex 2.09477234 2.12705922 2.004493
    endloop
  endfacet
  facet normal 0.216256048 0.128537685 -0.967838512
    outer loop
      vertex 2.08982396 2.15243721 2.00675774
      vertex 2.06898022 2.08736205 1.99345779
      vertex 2.06229305 2.09058642 1.99239182
    endloop
  endfacet
  facet normal 0.216264627 0.1285333 -0.967837177
    outer loop
      vertex 2.03790975 2.00843644 1.97603321
      vertex 2.04479265 2.02389932 1.97962475
      vertex 2.03690171 1.99704778 1.9742955
    endloop
  endfacet
  facet normal 0.891623424 -0.429890814 0.142132186
    outer loop
      vertex 2.18257356 2.33860373 2.09353614
      vertex 2.22115397 2.42527819 2.11366773
      vertex 2.21682882 2.42270732 2.13302445
    endloop
  endfacet
  facet normal 0.891621895 -0.429892417 0.142136926
    outer loop
      vertex 2.18257356 2.33860373 2.09353614
      vertex 2.21682882 2.42270732 2.13302445
      vertex 2.17824841 2.33603311 2.11289287
    endloop
  endfacet
  facet normal 0.891621756 -0.42989273 0.142136854
    outer loop
      vertex 2.18689871 2.3411746 2.07417917
      vertex 2.22547913 2.42784882 2.094311
      vertex 2.22115397 2.42527819 2.11366773
    endloop
  endfacet
  facet normal 0.89162379 -0.429890596 0.142130546
    outer loop
      vertex 2.18689871 2.3411746 2.07417917
      vertex 2.22115397 2.42527819 2.11366773
      vertex 2.18257356 2.33860373 2.09353614
    endloop
  endfacet
  facet normal 0.891621756 -0.42989273 0.142136854
    outer loop
      vertex 2.10541248 2.16525507 2.05327249
      vertex 2.1439929 2.25192928 2.07340431
      vertex 2.13966775 2.24935865 2.09276104
    endloop
  endfacet
  facet normal 0.891621305 -0.429893744 0.142136618
    outer loop
      vertex 2.1439929 2.25192928 2.07340431
      vertex 2.18257356 2.33860373 2.09353614
      vertex 2.17824841 2.33603311 2.11289287
    endloop
  endfacet
  facet normal 0.891621305 -0.429893744 0.142136618
    outer loop
      vertex 2.1439929 2.25192928 2.07340431
      vertex 2.17824841 2.33603311 2.11289287
      vertex 2.13966775 2.24935865 2.09276104
    endloop
  endfacet
  facet normal 0.891624194 -0.429891051 0.142126639
    outer loop
      vertex 2.12037754 2.20602155 2.08269525
      vertex 2.13966775 2.24935865 2.09276104
      vertex 2.13750529 2.24807334 2.1024394
    endloop
  endfacet
  facet normal 0.89162091 -0.429894495 0.142136822
    outer loop
      vertex 2.12037754 2.20602155 2.08269525
      vertex 2.13750529 2.24807334 2.1024394
      vertex 2.11821485 2.20473599 2.09237361
    endloop
  endfacet
  facet normal 0.891624194 -0.429891051 0.142126639
    outer loop
      vertex 2.04754162 2.03524351 2.02307487
      vertex 2.06683183 2.07858062 2.03314066
      vertex 2.06466937 2.0772953 2.04281902
    endloop
  endfacet
  facet normal 0.89162091 -0.429894495 0.142136822
    outer loop
      vertex 2.04754162 2.03524351 2.02307487
      vertex 2.06466937 2.0772953 2.04281902
      vertex 2.04537892 2.03395796 2.03275323
    endloop
  endfacet
  facet normal 0.891618693 -0.429895812 0.142146742
    outer loop
      vertex 2.04537892 2.03395796 2.03275323
      vertex 2.06466937 2.0772953 2.04281902
      vertex 2.06250668 2.07600999 2.05249739
    endloop
  endfacet
  facet normal 0.891625034 -0.429889162 0.142127078
    outer loop
      vertex 2.04537892 2.03395796 2.03275323
      vertex 2.06250668 2.07600999 2.05249739
      vertex 2.04321647 2.03267264 2.04243159
    endloop
  endfacet
  facet normal 0.891619878 -0.429893151 0.14214736
    outer loop
      vertex 2.06250668 2.07600999 2.05249739
      vertex 2.06466937 2.0772953 2.04281902
      vertex 2.10541248 2.16525507 2.05327249
    endloop
  endfacet
  facet normal 0.891623603 -0.429892378 0.142126331
    outer loop
      vertex 2.06466937 2.0772953 2.04281902
      vertex 2.06683183 2.07858062 2.03314066
      vertex 2.10541248 2.16525507 2.05327249
    endloop
  endfacet
  facet normal 0.891627984 -0.429887409 0.142113879
    outer loop
      vertex 2.04321647 2.03267264 2.04243159
      vertex 2.06250668 2.07600999 2.05249739
      vertex 2.06034422 2.07472444 2.06217599
    endloop
  endfacet
  facet normal 0.891617575 -0.429898326 0.142146158
    outer loop
      vertex 2.04321647 2.03267264 2.04243159
      vertex 2.06034422 2.07472444 2.06217599
      vertex 2.04105377 2.03138733 2.05210996
    endloop
  endfacet
  facet normal 0.891617714 -0.429898013 0.142146231
    outer loop
      vertex 2.05402923 2.03909969 1.99403965
      vertex 2.07331967 2.0824368 2.00410557
      vertex 2.07115698 2.08115149 2.01378393
    endloop
  endfacet
  facet normal 0.891627617 -0.429887627 0.142115518
    outer loop
      vertex 2.05402923 2.03909969 1.99403965
      vertex 2.07115698 2.08115149 2.01378393
      vertex 2.05186677 2.03781414 2.00371814
    endloop
  endfacet
  facet normal 0.891620884 -0.429894688 0.142136399
    outer loop
      vertex 2.07115698 2.08115149 2.01378393
      vertex 2.10973763 2.1678257 2.03391576
      vertex 2.10541248 2.16525507 2.05327249
    endloop
  endfacet
  facet normal 0.891622413 -0.429893085 0.142131658
    outer loop
      vertex 2.07115698 2.08115149 2.01378393
      vertex 2.10541248 2.16525507 2.05327249
      vertex 2.06683183 2.07858062 2.03314066
    endloop
  endfacet
  facet normal 0.891621158 -0.429894232 0.14213606
    outer loop
      vertex 2.21682882 2.42270732 2.13302445
      vertex 2.24970794 2.50371885 2.17179489
      vertex 2.21304226 2.42134666 2.15266228
    endloop
  endfacet
  facet normal 0.891622022 -0.429892342 0.142136358
    outer loop
      vertex 2.17824841 2.33603311 2.11289287
      vertex 2.21682882 2.42270732 2.13302445
      vertex 2.21304226 2.42134666 2.15266228
    endloop
  endfacet
  facet normal 0.891622869 -0.429891457 0.142133719
    outer loop
      vertex 2.17824841 2.33603311 2.11289287
      vertex 2.21304226 2.42134666 2.15266228
      vertex 2.17637682 2.33897448 2.1335299
    endloop
  endfacet
  facet normal 0.891622274 -0.429892654 0.142133835
    outer loop
      vertex 2.13750529 2.24807334 2.1024394
      vertex 2.17824841 2.33603311 2.11289287
      vertex 2.17637682 2.33897448 2.1335299
    endloop
  endfacet
  facet normal 0.891622838 -0.42989245 0.142130914
    outer loop
      vertex 2.25904632 2.51040649 2.13344049
      vertex 2.24970794 2.50371885 2.17179489
      vertex 2.21682882 2.42270732 2.13302445
    endloop
  endfacet
  facet normal 0.891618503 -0.429895925 0.142147593
    outer loop
      vertex 2.11821485 2.20473599 2.09237361
      vertex 2.13750529 2.24807334 2.1024394
      vertex 2.13971114 2.25660229 2.11439729
    endloop
  endfacet
  facet normal 0.891625175 -0.429889356 0.14212561
    outer loop
      vertex 2.1030457 2.17422986 2.09526491
      vertex 2.11821485 2.20473599 2.09237361
      vertex 2.13971114 2.25660229 2.11439729
    endloop
  endfacet
  facet normal 0.891623603 -0.429892378 0.142126331
    outer loop
      vertex 2.17824841 2.33603311 2.11289287
      vertex 2.13750529 2.24807334 2.1024394
      vertex 2.13966775 2.24935865 2.09276104
    endloop
  endfacet
  facet normal 0.89162514 -0.429889302 0.142125997
    outer loop
      vertex 2.1030457 2.17422986 2.09526491
      vertex 2.1068542 2.17651343 2.0782795
      vertex 2.11821485 2.20473599 2.09237361
    endloop
  endfacet
  facet normal 0.891621422 -0.429893345 0.142137089
    outer loop
      vertex 2.1068542 2.17651343 2.0782795
      vertex 2.12037754 2.20602155 2.08269525
      vertex 2.11821485 2.20473599 2.09237361
    endloop
  endfacet
  facet normal 0.891621429 -0.429893261 0.142137299
    outer loop
      vertex 2.10541248 2.16525507 2.05327249
      vertex 2.1068542 2.17651343 2.0782795
      vertex 2.09785342 2.15627861 2.07354093
    endloop
  endfacet
  facet normal 0.891618615 -0.429895743 0.142147443
    outer loop
      vertex 2.13971114 2.25660229 2.11439729
      vertex 2.13750529 2.24807334 2.1024394
      vertex 2.17637682 2.33897448 2.1335299
    endloop
  endfacet
  facet normal 0.891621611 -0.429893056 0.142136778
    outer loop
      vertex 2.22547913 2.42784882 2.094311
      vertex 2.25904632 2.51040649 2.13344049
      vertex 2.22115397 2.42527819 2.11366773
    endloop
  endfacet
  facet normal 0.891622719 -0.429892397 0.142131818
    outer loop
      vertex 2.22115397 2.42527819 2.11366773
      vertex 2.25904632 2.51040649 2.13344049
      vertex 2.21682882 2.42270732 2.13302445
    endloop
  endfacet
  facet normal 0.891622091 -0.429892951 0.142134083
    outer loop
      vertex 2.21051407 2.38708258 2.06488848
      vertex 2.26838493 2.51709414 2.0950861
      vertex 2.22547913 2.42784882 2.094311
    endloop
  endfacet
  facet normal 0.891621818 -0.429892838 0.14213614
    outer loop
      vertex 2.25904632 2.51040649 2.13344049
      vertex 2.22547913 2.42784882 2.094311
      vertex 2.26838493 2.51709414 2.0950861
    endloop
  endfacet
  facet normal 0.891622681 -0.42989218 0.142132714
    outer loop
      vertex 2.22547913 2.42784882 2.094311
      vertex 2.18689871 2.3411746 2.07417917
      vertex 2.21051407 2.38708258 2.06488848
    endloop
  endfacet
  facet normal 0.891622779 -0.429892867 0.142130018
    outer loop
      vertex 2.18689871 2.3411746 2.07417917
      vertex 2.18257356 2.33860373 2.09353614
      vertex 2.1439929 2.25192928 2.07340431
    endloop
  endfacet
  facet normal 0.891624363 -0.429891091 0.142125457
    outer loop
      vertex 2.18689871 2.3411746 2.07417917
      vertex 2.10973763 2.1678257 2.03391576
      vertex 2.09477234 2.12705922 2.004493
    endloop
  endfacet
  facet normal 0.891623444 -0.429891837 0.142128963
    outer loop
      vertex 2.18689871 2.3411746 2.07417917
      vertex 2.09477234 2.12705922 2.004493
      vertex 2.1526432 2.25707102 2.03469086
    endloop
  endfacet
  facet normal 0.891621952 -0.429892524 0.142136245
    outer loop
      vertex 2.18689871 2.3411746 2.07417917
      vertex 2.1439929 2.25192928 2.07340431
      vertex 2.10973763 2.1678257 2.03391576
    endloop
  endfacet
  facet normal 0.891621756 -0.42989273 0.142136854
    outer loop
      vertex 2.10541248 2.16525507 2.05327249
      vertex 2.10973763 2.1678257 2.03391576
      vertex 2.1439929 2.25192928 2.07340431
    endloop
  endfacet
  facet normal 0.891622762 -0.429892552 0.142131078
    outer loop
      vertex 2.21051407 2.38708258 2.06488848
      vertex 2.18689871 2.3411746 2.07417917
      vertex 2.1526432 2.25707102 2.03469086
    endloop
  endfacet
  facet normal 0.891621373 -0.429893361 0.142137347
    outer loop
      vertex 2.10541248 2.16525507 2.05327249
      vertex 2.12037754 2.20602155 2.08269525
      vertex 2.1068542 2.17651343 2.0782795
    endloop
  endfacet
  facet normal 0.891622262 -0.429892199 0.142135286
    outer loop
      vertex 2.10541248 2.16525507 2.05327249
      vertex 2.13966775 2.24935865 2.09276104
      vertex 2.12037754 2.20602155 2.08269525
    endloop
  endfacet
  facet normal 0.891623453 -0.429890054 0.142134303
    outer loop
      vertex 2.07985187 2.11580896 2.06406403
      vertex 2.0760181 2.11351037 2.0811615
      vertex 2.06034422 2.07472444 2.06217599
    endloop
  endfacet
  facet normal 0.891622916 -0.429892593 0.142129991
    outer loop
      vertex 2.0760181 2.11351037 2.0811615
      vertex 2.02449274 1.99775457 2.05427504
      vertex 2.04105377 2.03138733 2.05210996
    endloop
  endfacet
  facet normal 0.891613512 -0.42990074 0.14216434
    outer loop
      vertex 2.0760181 2.11351037 2.0811615
      vertex 2.04105377 2.03138733 2.05210996
      vertex 2.06034422 2.07472444 2.06217599
    endloop
  endfacet
  facet normal 0.891621925 -0.429894002 0.142131944
    outer loop
      vertex 2.10541248 2.16525507 2.05327249
      vertex 2.07985187 2.11580896 2.06406403
      vertex 2.06250668 2.07600999 2.05249739
    endloop
  endfacet
  facet normal 0.891621597 -0.42989218 0.142139513
    outer loop
      vertex 2.10541248 2.16525507 2.05327249
      vertex 2.08885264 2.13604379 2.06880236
      vertex 2.07985187 2.11580896 2.06406403
    endloop
  endfacet
  facet normal 0.891626578 -0.429890566 0.142113145
    outer loop
      vertex 2.07985187 2.11580896 2.06406403
      vertex 2.06034422 2.07472444 2.06217599
      vertex 2.06250668 2.07600999 2.05249739
    endloop
  endfacet
  facet normal 0.891621905 -0.429891468 0.142139734
    outer loop
      vertex 2.02759504 1.99757779 2.03428006
      vertex 2.04105377 2.03138733 2.05210996
      vertex 2.02449274 1.99775457 2.05427504
    endloop
  endfacet
  facet normal 0.89162395 -0.429891597 0.142126512
    outer loop
      vertex 2.04537892 2.03395796 2.03275323
      vertex 2.04321647 2.03267264 2.04243159
      vertex 2.02759504 1.99757779 2.03428006
    endloop
  endfacet
  facet normal 0.891619353 -0.42989433 0.142147086
    outer loop
      vertex 2.04105377 2.03138733 2.05210996
      vertex 2.02759504 1.99757779 2.03428006
      vertex 2.04321647 2.03267264 2.04243159
    endloop
  endfacet
  facet normal 0.891623725 -0.429891403 0.142128515
    outer loop
      vertex 2.03069711 1.99740112 2.01428533
      vertex 2.04537892 2.03395796 2.03275323
      vertex 2.02759504 1.99757779 2.03428006
    endloop
  endfacet
  facet normal 0.891624345 -0.429891114 0.142125497
    outer loop
      vertex 2.09477234 2.12705922 2.004493
      vertex 2.10973763 2.1678257 2.03391576
      vertex 2.07331967 2.0824368 2.00410557
    endloop
  endfacet
  facet normal 0.891618586 -0.429896055 0.142146686
    outer loop
      vertex 2.07115698 2.08115149 2.01378393
      vertex 2.07331967 2.0824368 2.00410557
      vertex 2.10973763 2.1678257 2.03391576
    endloop
  endfacet
  facet normal 0.891627274 -0.429892331 0.142103442
    outer loop
      vertex 2.05402923 2.03909969 1.99403965
      vertex 2.09477234 2.12705922 2.004493
      vertex 2.07331967 2.0824368 2.00410557
    endloop
  endfacet
  facet normal 0.891623003 -0.429891759 0.142131966
    outer loop
      vertex 2.07115698 2.08115149 2.01378393
      vertex 2.06683183 2.07858062 2.03314066
      vertex 2.04754162 2.03524351 2.02307487
    endloop
  endfacet
  facet normal 0.891622736 -0.429890528 0.142137365
    outer loop
      vertex 2.07115698 2.08115149 2.01378393
      vertex 2.04754162 2.03524351 2.02307487
      vertex 2.05186677 2.03781414 2.00371814
    endloop
  endfacet
  facet normal 0.891621001 -0.429894426 0.14213646
    outer loop
      vertex 2.05186677 2.03781414 2.00371814
      vertex 2.04754162 2.03524351 2.02307487
      vertex 2.03069711 1.99740112 2.01428533
    endloop
  endfacet
  facet normal 0.891620919 -0.429894475 0.142136827
    outer loop
      vertex 2.04537892 2.03395796 2.03275323
      vertex 2.03069711 1.99740112 2.01428533
      vertex 2.04754162 2.03524351 2.02307487
    endloop
  endfacet
  facet normal 0.891620985 -0.429894263 0.142137052
    outer loop
      vertex 2.03379941 1.99722445 1.99429035
      vertex 2.05186677 2.03781414 2.00371814
      vertex 2.03069711 1.99740112 2.01428533
    endloop
  endfacet
  facet normal 0.891623003 -0.429889708 0.142138173
    outer loop
      vertex 2.03690171 1.99704778 1.9742955
      vertex 2.05402923 2.03909969 1.99403965
      vertex 2.03379941 1.99722445 1.99429035
    endloop
  endfacet
  facet normal 0.891625987 -0.42989129 0.142114667
    outer loop
      vertex 2.05186677 2.03781414 2.00371814
      vertex 2.03379941 1.99722445 1.99429035
      vertex 2.05402923 2.03909969 1.99403965
    endloop
  endfacet
  facet normal 0.891618829 -0.429894084 0.142151115
    outer loop
      vertex 2.09477234 2.12705922 2.004493
      vertex 2.05402923 2.03909969 1.99403965
      vertex 2.03690171 1.99704778 1.9742955
    endloop
  endfacet
  facet normal 0.891621429 -0.429893261 0.142137299
    outer loop
      vertex 2.08885264 2.13604379 2.06880236
      vertex 2.10541248 2.16525507 2.05327249
      vertex 2.09785342 2.15627861 2.07354093
    endloop
  endfacet
  facet normal -0.216268059 -0.128532211 0.967836555
    outer loop
      vertex 2.1167686 2.27804971 2.11211944
      vertex 2.10339427 2.28449821 2.10998726
      vertex 2.0768466 2.22485662 2.09613442
    endloop
  endfacet
  facet normal -0.21626642 -0.1285335 0.96783675
    outer loop
      vertex 2.1167686 2.27804971 2.11211944
      vertex 2.0768466 2.22485662 2.09613442
      vertex 2.09022093 2.21840835 2.0982666
    endloop
  endfacet
  facet normal -0.216252704 -0.128540113 0.967838937
    outer loop
      vertex 2.19641161 2.45697427 2.15367794
      vertex 2.18303728 2.46342254 2.151546
      vertex 2.15648961 2.40378118 2.13769317
    endloop
  endfacet
  facet normal -0.216254343 -0.128538824 0.967838742
    outer loop
      vertex 2.19641161 2.45697427 2.15367794
      vertex 2.15648961 2.40378118 2.13769317
      vertex 2.16986394 2.39733267 2.13982511
    endloop
  endfacet
  facet normal -0.216252704 -0.128540113 0.967838937
    outer loop
      vertex 2.13014293 2.27160144 2.11425138
      vertex 2.1167686 2.27804971 2.11211944
      vertex 2.09022093 2.21840835 2.0982666
    endloop
  endfacet
  facet normal -0.216254343 -0.128538824 0.967838742
    outer loop
      vertex 2.13014293 2.27160144 2.11425138
      vertex 2.09022093 2.21840835 2.0982666
      vertex 2.10359526 2.21195984 2.10039854
    endloop
  endfacet
  facet normal -0.216268059 -0.128532211 0.967836555
    outer loop
      vertex 2.20978594 2.45052576 2.15581012
      vertex 2.19641161 2.45697427 2.15367794
      vertex 2.16986394 2.39733267 2.13982511
    endloop
  endfacet
  facet normal -0.216254079 -0.128543203 0.967838219
    outer loop
      vertex 2.20978594 2.45052576 2.15581012
      vertex 2.16986394 2.39733267 2.13982511
      vertex 2.18323827 2.3908844 2.14195704
    endloop
  endfacet
  facet normal -0.216249215 -0.128542856 0.967839352
    outer loop
      vertex 2.07498145 2.25716162 2.10000825
      vertex 2.0369246 2.17166352 2.08014965
      vertex 2.0768466 2.22485662 2.09613442
    endloop
  endfacet
  facet normal -0.216251679 -0.128540919 0.967839059
    outer loop
      vertex 2.05345488 2.17230511 2.08392835
      vertex 2.0768466 2.22485662 2.09613442
      vertex 2.0369246 2.17166352 2.08014965
    endloop
  endfacet
  facet normal -0.216246172 -0.128542764 0.967840044
    outer loop
      vertex 2.10339427 2.28449821 2.10998726
      vertex 2.07498145 2.25716162 2.10000825
      vertex 2.0768466 2.22485662 2.09613442
    endloop
  endfacet
  facet normal -0.216266684 -0.128534093 0.967836612
    outer loop
      vertex 2.0768466 2.22485662 2.09613442
      vertex 2.06998515 2.17294669 2.08770728
      vertex 2.09022093 2.21840835 2.0982666
    endloop
  endfacet
  facet normal -0.216265395 -0.128534306 0.967836872
    outer loop
      vertex 2.05345488 2.17230511 2.08392835
      vertex 2.06998515 2.17294669 2.08770728
      vertex 2.0768466 2.22485662 2.09613442
    endloop
  endfacet
  facet normal -0.21624838 -0.128540403 0.967839864
    outer loop
      vertex 2.11303854 2.34265947 2.11986661
      vertex 2.07498145 2.25716162 2.10000825
      vertex 2.10339427 2.28449821 2.10998726
    endloop
  endfacet
  facet normal -0.216262613 -0.128536396 0.967837216
    outer loop
      vertex 2.15648961 2.40378118 2.13769317
      vertex 2.15109539 2.42815757 2.13972521
      vertex 2.11303854 2.34265947 2.11986661
    endloop
  endfacet
  facet normal -0.216257974 -0.128538981 0.967837909
    outer loop
      vertex 2.18303728 2.46342254 2.151546
      vertex 2.18915224 2.51365542 2.15958381
      vertex 2.15109539 2.42815757 2.13972521
    endloop
  endfacet
  facet normal -0.216254434 -0.12853903 0.967838694
    outer loop
      vertex 2.1167686 2.27804971 2.11211944
      vertex 2.16986394 2.39733267 2.13982511
      vertex 2.15648961 2.40378118 2.13769317
    endloop
  endfacet
  facet normal -0.216268838 -0.128533961 0.967836149
    outer loop
      vertex 2.1167686 2.27804971 2.11211944
      vertex 2.15648961 2.40378118 2.13769317
      vertex 2.10339427 2.28449821 2.10998726
    endloop
  endfacet
  facet normal -0.216260476 -0.128537993 0.967837482
    outer loop
      vertex 2.10339427 2.28449821 2.10998726
      vertex 2.15648961 2.40378118 2.13769317
      vertex 2.11303854 2.34265947 2.11986661
    endloop
  endfacet
  facet normal -0.216252612 -0.128539908 0.967838984
    outer loop
      vertex 2.16986394 2.39733267 2.13982511
      vertex 2.1167686 2.27804971 2.11211944
      vertex 2.13014293 2.27160144 2.11425138
    endloop
  endfacet
  facet normal -0.216252612 -0.128539908 0.967838984
    outer loop
      vertex 2.16986394 2.39733267 2.13982511
      vertex 2.13014293 2.27160144 2.11425138
      vertex 2.18323827 2.3908844 2.14195704
    endloop
  endfacet
  facet normal -0.216261059 -0.128536085 0.967837605
    outer loop
      vertex 2.15109539 2.42815757 2.13972521
      vertex 2.15648961 2.40378118 2.13769317
      vertex 2.18303728 2.46342254 2.151546
    endloop
  endfacet
  facet normal -0.216253715 -0.128539637 0.967838774
    outer loop
      vertex 2.21942997 2.50868726 2.16568923
      vertex 2.18915224 2.51365542 2.15958381
      vertex 2.18303728 2.46342254 2.151546
    endloop
  endfacet
  facet normal -0.216255279 -0.128540927 0.967838253
    outer loop
      vertex 2.10359526 2.21195984 2.10039854
      vertex 2.09022093 2.21840835 2.0982666
      vertex 2.08651543 2.17358828 2.09148598
    endloop
  endfacet
  facet normal -0.216255817 -0.128538114 0.967838507
    outer loop
      vertex 2.13971114 2.25660229 2.11439729
      vertex 2.13014293 2.27160144 2.11425138
      vertex 2.10359526 2.21195984 2.10039854
    endloop
  endfacet
  facet normal -0.216257803 -0.128536437 0.967838285
    outer loop
      vertex 2.10359526 2.21195984 2.10039854
      vertex 2.1030457 2.17422986 2.09526491
      vertex 2.13971114 2.25660229 2.11439729
    endloop
  endfacet
  facet normal -0.216265276 -0.128536107 0.96783666
    outer loop
      vertex 2.08651543 2.17358828 2.09148598
      vertex 2.1030457 2.17422986 2.09526491
      vertex 2.10359526 2.21195984 2.10039854
    endloop
  endfacet
  facet normal -0.216257377 -0.128539114 0.967838025
    outer loop
      vertex 2.17637682 2.33897448 2.1335299
      vertex 2.13014293 2.27160144 2.11425138
      vertex 2.13971114 2.25660229 2.11439729
    endloop
  endfacet
  facet normal -0.216268362 -0.128532893 0.967836397
    outer loop
      vertex 2.20978594 2.45052576 2.15581012
      vertex 2.21942997 2.50868726 2.16568923
      vertex 2.19641161 2.45697427 2.15367794
    endloop
  endfacet
  facet normal -0.216252825 -0.128540385 0.967838874
    outer loop
      vertex 2.18303728 2.46342254 2.151546
      vertex 2.19641161 2.45697427 2.15367794
      vertex 2.21942997 2.50868726 2.16568923
    endloop
  endfacet
  facet normal -0.216252977 -0.128543734 0.967838395
    outer loop
      vertex 2.18323827 2.3908844 2.14195704
      vertex 2.21304226 2.42134666 2.15266228
      vertex 2.20978594 2.45052576 2.15581012
    endloop
  endfacet
  facet normal -0.216259688 -0.128534622 0.967838106
    outer loop
      vertex 2.21942997 2.50868726 2.16568923
      vertex 2.20978594 2.45052576 2.15581012
      vertex 2.24970794 2.50371885 2.17179489
    endloop
  endfacet
  facet normal -0.21624858 -0.128543355 0.967839427
    outer loop
      vertex 2.21304226 2.42134666 2.15266228
      vertex 2.24970794 2.50371885 2.17179489
      vertex 2.20978594 2.45052576 2.15581012
    endloop
  endfacet
  facet normal -0.216261713 -0.128534913 0.967837614
    outer loop
      vertex 2.17637682 2.33897448 2.1335299
      vertex 2.21304226 2.42134666 2.15266228
      vertex 2.18323827 2.3908844 2.14195704
    endloop
  endfacet
  facet normal -0.216263626 -0.128534598 0.967837229
    outer loop
      vertex 2.17637682 2.33897448 2.1335299
      vertex 2.18323827 2.3908844 2.14195704
      vertex 2.13014293 2.27160144 2.11425138
    endloop
  endfacet
  facet normal -0.216251651 -0.128541342 0.967839009
    outer loop
      vertex 2.09022093 2.21840835 2.0982666
      vertex 2.06998515 2.17294669 2.08770728
      vertex 2.08651543 2.17358828 2.09148598
    endloop
  endfacet
  facet normal 0.119544857 0.972739163 0.198714738
    outer loop
      vertex 2.19849062 2.52034307 2.12122917
      vertex 2.25904632 2.51040649 2.13344049
      vertex 2.23810697 2.5220623 2.08898044
    endloop
  endfacet
  facet normal 0.11954012 0.972739283 0.198717
    outer loop
      vertex 2.23810697 2.5220623 2.08898044
      vertex 2.25904632 2.51040649 2.13344049
      vertex 2.26838493 2.51709414 2.0950861
    endloop
  endfacet
  facet normal 0.119542282 0.972740116 0.198711625
    outer loop
      vertex 2.19849062 2.52034307 2.12122917
      vertex 2.23810697 2.5220623 2.08898044
      vertex 2.20782924 2.52703047 2.08287477
    endloop
  endfacet
  facet normal 0.11954288 0.972739214 0.198715682
    outer loop
      vertex 2.21942997 2.50868726 2.16568923
      vertex 2.19849062 2.52034307 2.12122917
      vertex 2.18915224 2.51365542 2.15958381
    endloop
  endfacet
  facet normal 0.119547432 0.972738211 0.198717851
    outer loop
      vertex 2.21942997 2.50868726 2.16568923
      vertex 2.24970794 2.50371885 2.17179489
      vertex 2.25904632 2.51040649 2.13344049
    endloop
  endfacet
  facet normal 0.119544857 0.972739163 0.198714738
    outer loop
      vertex 2.19849062 2.52034307 2.12122917
      vertex 2.21942997 2.50868726 2.16568923
      vertex 2.25904632 2.51040649 2.13344049
    endloop
  endfacet
endsolid d1
