solid beam
  facet normal -0.5035697711227375 -0.806317265104531 0.31027399763071256
    outer loop
      vertex 4.464879035949707 1.0235390663146973 1.264525294303894
      vertex 4.448354244232178 1.0258550643920898 1.2437244653701782
      vertex 4.460394382476807 1.0141535997390747 1.2328565120697021
    endloop
  endfacet
  facet normal -0.5035748658314811 -0.8063144218897095 0.31027311768097043
    outer loop
      vertex 4.522008895874023 0.995503842830658 1.2843915224075317
      vertex 4.5099687576293945 1.0072053670883179 1.2952593564987183
      vertex 4.464879035949707 1.0235390663146973 1.264525294303894
    endloop
  endfacet
  facet normal -0.5035746372261154 -0.8063132507406563 0.31027653218157175
    outer loop
      vertex 4.497928619384766 1.0189069509506226 1.3061271905899048
      vertex 4.481403827667236 1.0212229490280151 1.2853262424468994
      vertex 4.5099687576293945 1.0072053670883179 1.2952593564987183
    endloop
  endfacet
  facet normal -0.5035739776157706 -0.8063157495635019 0.31027110899031385
    outer loop
      vertex 4.464879035949707 1.0235390663146973 1.264525294303894
      vertex 4.5099687576293945 1.0072053670883179 1.2952593564987183
      vertex 4.481403827667236 1.0212229490280151 1.2853262424468994
    endloop
  endfacet
  facet normal -0.5035749482825804 -0.8063141095371356 0.31027379557986007
    outer loop
      vertex 4.522008895874023 0.995503842830658 1.2843915224075317
      vertex 4.464879035949707 1.0235390663146973 1.264525294303894
      vertex 4.460394382476807 1.0141535997390747 1.2328565120697021
    endloop
  endfacet
  facet normal -0.503582981865077 -0.8063060695229122 0.3102816504828964
    outer loop
      vertex 4.5009989738464355 0.988434374332428 1.2319217920303345
      vertex 4.4724345207214355 1.00245201587677 1.2219886779785156
      vertex 4.484474182128906 0.9907504320144653 1.211120843887329
    endloop
  endfacet
  facet normal -0.5035829818650771 -0.8063060695229122 0.31028165048289646
    outer loop
      vertex 4.522008895874023 0.995503842830658 1.2843915224075317
      vertex 4.4724345207214355 1.00245201587677 1.2219886779785156
      vertex 4.5009989738464355 0.988434374332428 1.2319217920303345
    endloop
  endfacet
  facet normal -0.503582981865077 -0.8063060695229122 0.3102816504828964
    outer loop
      vertex 4.534048557281494 0.9838022589683533 1.2735236883163452
      vertex 4.522008895874023 0.995503842830658 1.2843915224075317
      vertex 4.517523765563965 0.9861183166503906 1.2527227401733398
    endloop
  endfacet
  facet normal -0.503582981865077 -0.8063060695229122 0.3102816504828964
    outer loop
      vertex 4.5009989738464355 0.988434374332428 1.2319217920303345
      vertex 4.517523765563965 0.9861183166503906 1.2527227401733398
      vertex 4.522008895874023 0.995503842830658 1.2843915224075317
    endloop
  endfacet
  facet normal -0.5035757540409497 -0.8063130942149787 0.31027512636296845
    outer loop
      vertex 4.460394382476807 1.0141535997390747 1.2328565120697021
      vertex 4.4724345207214355 1.00245201587677 1.2219886779785156
      vertex 4.522008895874023 0.995503842830658 1.2843915224075317
    endloop
  endfacet
  facet normal 0.6196747093745972 -0.08684567553455573 0.7800391549162484
    outer loop
      vertex 4.555546283721924 1.0879284143447876 1.2680391073226929
      vertex 4.531252384185791 1.0490295886993408 1.2830077409744263
      vertex 4.540282726287842 1.0402534008026123 1.2748568058013916
    endloop
  endfacet
  facet normal 0.6196747093745972 -0.08684567553455573 0.7800391549162484
    outer loop
      vertex 4.555546283721924 1.0879284143447876 1.2680391073226929
      vertex 4.540282726287842 1.0402534008026123 1.2748568058013916
      vertex 4.564576625823975 1.079152226448059 1.2598881721496582
    endloop
  endfacet
  facet normal 0.6196828363617507 -0.08685357401255321 0.780031819222717
    outer loop
      vertex 4.564576625823975 1.079152226448059 1.2598881721496582
      vertex 4.540282726287842 1.0402534008026123 1.2748568058013916
      vertex 4.549312591552734 1.0314772129058838 1.2667059898376465
    endloop
  endfacet
  facet normal 0.6196828363617507 -0.08685357401255321 0.780031819222717
    outer loop
      vertex 4.564576625823975 1.079152226448059 1.2598881721496582
      vertex 4.549312591552734 1.0314772129058838 1.2667059898376465
      vertex 4.573606491088867 1.0703760385513306 1.251737356185913
    endloop
  endfacet
  facet normal 0.6196878988327376 -0.0868578978687632 0.780027315943542
    outer loop
      vertex 4.522008895874023 0.995503842830658 1.2843915224075317
      vertex 4.534048557281494 0.9838022589683533 1.2735236883163452
      vertex 4.549312591552734 1.0314772129058838 1.2667059898376465
    endloop
  endfacet
  facet normal 0.6196736097361263 -0.08684850541301452 0.780039713414724
    outer loop
      vertex 4.534048557281494 0.9838022589683533 1.2735236883163452
      vertex 4.582636833190918 1.0615999698638916 1.2435864210128784
      vertex 4.573606491088867 1.0703760385513306 1.251737356185913
    endloop
  endfacet
  facet normal 0.6196867760297143 -0.08685740294138837 0.7800282630572921
    outer loop
      vertex 4.534048557281494 0.9838022589683533 1.2735236883163452
      vertex 4.573606491088867 1.0703760385513306 1.251737356185913
      vertex 4.549312591552734 1.0314772129058838 1.2667059898376465
    endloop
  endfacet
  facet normal 0.619683486922315 -0.08685253236634576 0.7800314183783585
    outer loop
      vertex 4.540282726287842 1.0402534008026123 1.2748568058013916
      vertex 4.522008895874023 0.995503842830658 1.2843915224075317
      vertex 4.549312591552734 1.0314772129058838 1.2667059898376465
    endloop
  endfacet
  facet normal 0.6196798297088351 -0.08684793248226415 0.7800348359372068
    outer loop
      vertex 4.531252384185791 1.0490295886993408 1.2830077409744263
      vertex 4.497928619384766 1.0189069509506226 1.3061271905899048
      vertex 4.5099687576293945 1.0072053670883179 1.2952593564987183
    endloop
  endfacet
  facet normal 0.6196754139409829 -0.08684454737671245 0.7800387208004521
    outer loop
      vertex 4.5099687576293945 1.0072053670883179 1.2952593564987183
      vertex 4.540282726287842 1.0402534008026123 1.2748568058013916
      vertex 4.531252384185791 1.0490295886993408 1.2830077409744263
    endloop
  endfacet
  facet normal 0.619678901635046 -0.08684981942659618 0.7800353631303844
    outer loop
      vertex 4.540282726287842 1.0402534008026123 1.2748568058013916
      vertex 4.5099687576293945 1.0072053670883179 1.2952593564987183
      vertex 4.522008895874023 0.995503842830658 1.2843915224075317
    endloop
  endfacet
  facet normal 0.6196812752993511 -0.08685064490792019 0.7800333855178561
    outer loop
      vertex 4.535755634307861 1.0794751644134521 1.2828201055526733
      vertex 4.497928619384766 1.0189069509506226 1.3061271905899048
      vertex 4.531252384185791 1.0490295886993408 1.2830077409744263
    endloop
  endfacet
  facet normal 0.6196746395594317 -0.08684685643658105 0.7800390789018022
    outer loop
      vertex 4.631224632263184 1.1393976211547852 1.2136492729187012
      vertex 4.573606491088867 1.0703760385513306 1.251737356185913
      vertex 4.582636833190918 1.0615999698638916 1.2435864210128784
    endloop
  endfacet
  facet normal 0.6196753835287938 -0.08684786563721848 0.7800383755192446
    outer loop
      vertex 4.573606491088867 1.0703760385513306 1.251737356185913
      vertex 4.631224632263184 1.1393976211547852 1.2136492729187012
      vertex 4.60240364074707 1.1397204399108887 1.2365810871124268
    endloop
  endfacet
  facet normal 0.619683385107403 -0.08685269538759251 0.7800314811119742
    outer loop
      vertex 4.564576625823975 1.079152226448059 1.2598881721496582
      vertex 4.573606491088867 1.0703760385513306 1.251737356185913
      vertex 4.60240364074707 1.1397204399108887 1.2365810871124268
    endloop
  endfacet
  facet normal 0.6196795512759647 -0.08685038128328829 0.7800347844816706
    outer loop
      vertex 4.535755634307861 1.0794751644134521 1.2828201055526733
      vertex 4.531252384185791 1.0490295886993408 1.2830077409744263
      vertex 4.555546283721924 1.0879284143447876 1.2680391073226929
    endloop
  endfacet
  facet normal 0.6196801686298326 -0.08685324094008673 0.7800339756351038
    outer loop
      vertex 4.535755634307861 1.0794751644134521 1.2828201055526733
      vertex 4.555546283721924 1.0879284143447876 1.2680391073226929
      vertex 4.573583126068115 1.1400432586669922 1.2595129013061523
    endloop
  endfacet
  facet normal 0.6196752580853102 -0.08684479693435704 0.7800388168305051
    outer loop
      vertex 4.60240364074707 1.1397204399108887 1.2365810871124268
      vertex 4.555546283721924 1.0879284143447876 1.2680391073226929
      vertex 4.564576625823975 1.079152226448059 1.2598881721496582
    endloop
  endfacet
  facet normal 0.6196813030371564 -0.08685379101769933 0.7800330131808689
    outer loop
      vertex 4.555546283721924 1.0879284143447876 1.2680391073226929
      vertex 4.60240364074707 1.1397204399108887 1.2365810871124268
      vertex 4.573583126068115 1.1400432586669922 1.2595129013061523
    endloop
  endfacet
  facet normal 0.6571527914370316 -0.023543468581739807 0.7533896161971294
    outer loop
      vertex 4.623716354370117 1.170121669769287 1.1722503900527954
      vertex 4.579287528991699 1.1405487060546875 1.2100797891616821
      vertex 4.607010364532471 1.1402651071548462 1.1858893632888794
    endloop
  endfacet
  facet normal 0.657152845767534 -0.023543616749203123 0.7533895641764613
    outer loop
      vertex 4.623716354370117 1.170121669769287 1.1722503900527954
      vertex 4.640422344207764 1.1999781131744385 1.1586114168167114
      vertex 4.612699508666992 1.2002615928649902 1.1828018426895142
    endloop
  endfacet
  facet normal 0.657154647985386 -0.023545368297530542 0.7533879374286113
    outer loop
      vertex 4.568270683288574 1.1706886291503906 1.2206313610076904
      vertex 4.551564693450928 1.1408321857452393 1.2342703342437744
      vertex 4.579287528991699 1.1405487060546875 1.2100797891616821
    endloop
  endfacet
  facet normal 0.6571537150504936 -0.023545987421407587 0.7533887318454434
    outer loop
      vertex 4.568270683288574 1.1706886291503906 1.2206313610076904
      vertex 4.579287528991699 1.1405487060546875 1.2100797891616821
      vertex 4.623716354370117 1.170121669769287 1.1722503900527954
    endloop
  endfacet
  facet normal 0.6571537787043766 -0.023542997627141966 0.7533887697578772
    outer loop
      vertex 4.623716354370117 1.170121669769287 1.1722503900527954
      vertex 4.612699508666992 1.2002615928649902 1.1828018426895142
      vertex 4.568270683288574 1.1706886291503906 1.2206313610076904
    endloop
  endfacet
  facet normal 0.657154647985386 -0.023545368297530542 0.7533879374286113
    outer loop
      vertex 4.568270683288574 1.1706886291503906 1.2206313610076904
      vertex 4.612699508666992 1.2002615928649902 1.1828018426895142
      vertex 4.584976673126221 1.200545072555542 1.2069923877716064
    endloop
  endfacet
  facet normal 0.021285246892600192 0.9996931142008563 0.0126734243247309
    outer loop
      vertex 4.607010364532471 1.1402651071548462 1.1858893632888794
      vertex 4.579287528991699 1.1405487060546875 1.2100797891616821
      vertex 4.631224632263184 1.1393976211547852 1.2136492729187012
    endloop
  endfacet
  facet normal 0.021284921282432746 0.9996930612771481 0.012678144987537733
    outer loop
      vertex 4.60240364074707 1.1397204399108887 1.2365810871124268
      vertex 4.631224632263184 1.1393976211547852 1.2136492729187012
      vertex 4.579287528991699 1.1405487060546875 1.2100797891616821
    endloop
  endfacet
  facet normal 0.021285043516982072 0.9996930623394501 0.012677856003786653
    outer loop
      vertex 4.551564693450928 1.1408321857452393 1.2342703342437744
      vertex 4.573583126068115 1.1400432586669922 1.2595129013061523
      vertex 4.60240364074707 1.1397204399108887 1.2365810871124268
    endloop
  endfacet
  facet normal 0.02128503483704024 0.9996930601160037 0.012678045901721688
    outer loop
      vertex 4.579287528991699 1.1405487060546875 1.2100797891616821
      vertex 4.551564693450928 1.1408321857452393 1.2342703342437744
      vertex 4.60240364074707 1.1397204399108887 1.2365810871124268
    endloop
  endfacet
  facet normal -0.021285395908296496 -0.9996931151228831 -0.012673101314709998
    outer loop
      vertex 4.639612197875977 1.199297308921814 1.2136554718017578
      vertex 4.6107916831970215 1.199620246887207 1.2365872859954834
      vertex 4.584976673126221 1.200545072555542 1.2069923877716064
    endloop
  endfacet
  facet normal -0.021284821619479047 -0.9996930677556736 -0.01267780146071986
    outer loop
      vertex 4.612699508666992 1.2002615928649902 1.1828018426895142
      vertex 4.639612197875977 1.199297308921814 1.2136554718017578
      vertex 4.584976673126221 1.200545072555542 1.2069923877716064
    endloop
  endfacet
  facet normal -0.021284893313499084 -0.9996930643944335 -0.012677946138870367
    outer loop
      vertex 4.640422344207764 1.1999781131744385 1.1586114168167114
      vertex 4.668432712554932 1.1989744901657104 1.1907236576080322
      vertex 4.612699508666992 1.2002615928649902 1.1828018426895142
    endloop
  endfacet
  facet normal -0.021284927000782165 -0.999693066678093 -0.012677709506112429
    outer loop
      vertex 4.639612197875977 1.199297308921814 1.2136554718017578
      vertex 4.612699508666992 1.2002615928649902 1.1828018426895142
      vertex 4.668432712554932 1.1989744901657104 1.1907236576080322
    endloop
  endfacet
  facet normal -0.6531587473657815 0.030657961394246962 -0.7566001190475138
    outer loop
      vertex 4.823731422424316 1.558153748512268 1.0496516227722168
      vertex 4.805614471435547 1.5591332912445068 1.0653313398361206
      vertex 4.81561279296875 1.5767735242843628 1.0574147701263428
    endloop
  endfacet
  facet normal -0.6531598744571614 0.030635866563754176 -0.7566000410249746
    outer loop
      vertex 4.831850528717041 1.5395339727401733 1.0418885946273804
      vertex 4.805614471435547 1.5591332912445068 1.0653313398361206
      vertex 4.823731422424316 1.558153748512268 1.0496516227722168
    endloop
  endfacet
  facet normal -0.6531616053316806 0.030655531378692945 -0.7565977502718546
    outer loop
      vertex 4.839969158172607 1.520914077758789 1.0341254472732544
      vertex 4.829970836639404 1.503273844718933 1.0420421361923218
      vertex 4.831850528717041 1.5395339727401733 1.0418885946273804
    endloop
  endfacet
  facet normal -0.6531514291648914 0.03065496655961431 -0.7566065579976746
    outer loop
      vertex 4.805614471435547 1.5591332912445068 1.0653313398361206
      vertex 4.831850528717041 1.5395339727401733 1.0418885946273804
      vertex 4.829970836639404 1.503273844718933 1.0420421361923218
    endloop
  endfacet
  facet normal -0.6531436475145939 0.030661057406229035 -0.7566130287472348
    outer loop
      vertex 4.829970836639404 1.503273844718933 1.0420421361923218
      vertex 4.7956156730651855 1.5414929389953613 1.0732479095458984
      vertex 4.805614471435547 1.5591332912445068 1.0653313398361206
    endloop
  endfacet
  facet normal -0.6531618355839057 0.030655544158649475 -0.7565975509800438
    outer loop
      vertex 4.793735980987549 1.505232810974121 1.0734014511108398
      vertex 4.785617351531982 1.5238525867462158 1.0811645984649658
      vertex 4.7956156730651855 1.5414929389953613 1.0732479095458984
    endloop
  endfacet
  facet normal -0.6531514291648914 0.03065496655961431 -0.7566065579976746
    outer loop
      vertex 4.819972038269043 1.4856334924697876 1.0499587059020996
      vertex 4.793735980987549 1.505232810974121 1.0734014511108398
      vertex 4.7956156730651855 1.5414929389953613 1.0732479095458984
    endloop
  endfacet
  facet normal -0.6531591207388985 0.030652905638227056 -0.7566000015672237
    outer loop
      vertex 4.80997371673584 1.467993140220642 1.057875394821167
      vertex 4.801855087280273 1.4866129159927368 1.0656384229660034
      vertex 4.819972038269043 1.4856334924697876 1.0499587059020996
    endloop
  endfacet
  facet normal -0.6531600048794801 0.030635571593082275 -0.7565999403773455
    outer loop
      vertex 4.793735980987549 1.505232810974121 1.0734014511108398
      vertex 4.819972038269043 1.4856334924697876 1.0499587059020996
      vertex 4.801855087280273 1.4866129159927368 1.0656384229660034
    endloop
  endfacet
  facet normal -0.6531436475145939 0.030661057406229035 -0.7566130287472348
    outer loop
      vertex 4.829970836639404 1.503273844718933 1.0420421361923218
      vertex 4.819972038269043 1.4856334924697876 1.0499587059020996
      vertex 4.7956156730651855 1.5414929389953613 1.0732479095458984
    endloop
  endfacet
  facet normal -0.6587937823558156 -0.5156478871857738 0.5478120195561299
    outer loop
      vertex 4.823731422424316 1.558153748512268 1.0496516227722168
      vertex 4.81561279296875 1.5767735242843628 1.0574147701263428
      vertex 4.793086051940918 1.5778309106826782 1.0313196182250977
    endloop
  endfacet
  facet normal -0.6587935672823809 -0.515643207539116 0.547816683048378
    outer loop
      vertex 4.804681777954102 1.5499284267425537 1.0190006494522095
      vertex 4.823731422424316 1.558153748512268 1.0496516227722168
      vertex 4.793086051940918 1.5778309106826782 1.0313196182250977
    endloop
  endfacet
  facet normal -0.6587862517982046 -0.5156458698231188 0.5478229744872257
    outer loop
      vertex 4.804681777954102 1.5499284267425537 1.0190006494522095
      vertex 4.839969158172607 1.520914077758789 1.0341254472732544
      vertex 4.831850528717041 1.5395339727401733 1.0418885946273804
    endloop
  endfacet
  facet normal -0.6587882634092739 -0.5156531492201882 0.5478137034553766
    outer loop
      vertex 4.839969158172607 1.520914077758789 1.0341254472732544
      vertex 4.804681777954102 1.5499284267425537 1.0190006494522095
      vertex 4.816277980804443 1.5220260620117188 1.0066816806793213
    endloop
  endfacet
  facet normal -0.6587837884402316 -0.5156579535467584 0.5478145626325622
    outer loop
      vertex 4.823731422424316 1.558153748512268 1.0496516227722168
      vertex 4.804681777954102 1.5499284267425537 1.0190006494522095
      vertex 4.831850528717041 1.5395339727401733 1.0418885946273804
    endloop
  endfacet
  facet normal 0.6587920795991574 0.515645448338036 -0.5478163629042887
    outer loop
      vertex 4.783313751220703 1.469244360923767 1.0269924402236938
      vertex 4.801855087280273 1.4866129159927368 1.0656384229660034
      vertex 4.80997371673584 1.467993140220642 1.057875394821167
    endloop
  endfacet
  facet normal 0.6587854435010768 0.5156534760534692 -0.5478167869507685
    outer loop
      vertex 4.771717548370361 1.4971468448638916 1.0393115282058716
      vertex 4.801855087280273 1.4866129159927368 1.0656384229660034
      vertex 4.783313751220703 1.469244360923767 1.0269924402236938
    endloop
  endfacet
  facet normal 0.6587864466630312 0.5156482315573037 -0.5478205171266609
    outer loop
      vertex 4.7601213455200195 1.5250492095947266 1.0516304969787598
      vertex 4.785617351531982 1.5238525867462158 1.0811645984649658
      vertex 4.793735980987549 1.505232810974121 1.0734014511108398
    endloop
  endfacet
  facet normal 0.6587863893260617 0.51565330191826 -0.5478158134441963
    outer loop
      vertex 4.793735980987549 1.505232810974121 1.0734014511108398
      vertex 4.771717548370361 1.4971468448638916 1.0393115282058716
      vertex 4.7601213455200195 1.5250492095947266 1.0516304969787598
    endloop
  endfacet
  facet normal 0.6587849706183564 0.5156555271660274 -0.5478154249293259
    outer loop
      vertex 4.801855087280273 1.4866129159927368 1.0656384229660034
      vertex 4.771717548370361 1.4971468448638916 1.0393115282058716
      vertex 4.793735980987549 1.505232810974121 1.0734014511108398
    endloop
  endfacet
  facet normal -0.6196820987542766 0.08685475503189696 -0.7800322736988797
    outer loop
      vertex 4.544356346130371 1.1331013441085815 1.1793991327285767
      vertex 4.553386211395264 1.124325156211853 1.1712483167648315
      vertex 4.514415264129639 1.0619258880615234 1.1952600479125977
    endloop
  endfacet
  facet normal -0.6196820987542766 0.08685475503189696 -0.7800322736988797
    outer loop
      vertex 4.544356346130371 1.1331013441085815 1.1793991327285767
      vertex 4.514415264129639 1.0619258880615234 1.1952600479125977
      vertex 4.505385398864746 1.070702075958252 1.2034108638763428
    endloop
  endfacet
  facet normal -0.6196739717823857 0.08684685657137656 -0.7800396093783404
    outer loop
      vertex 4.739210605621338 1.44509756565094 1.059340476989746
      vertex 4.748240947723389 1.4363213777542114 1.0511895418167114
      vertex 4.709270000457764 1.3739221096038818 1.0752012729644775
    endloop
  endfacet
  facet normal -0.6196739717823857 0.08684685657137656 -0.7800396093783404
    outer loop
      vertex 4.739210605621338 1.44509756565094 1.059340476989746
      vertex 4.709270000457764 1.3739221096038818 1.0752012729644775
      vertex 4.700239658355713 1.3826982975006104 1.0833522081375122
    endloop
  endfacet
  facet normal -0.6196743872833622 0.08684726038716269 -0.7800392343390389
    outer loop
      vertex 4.53532600402832 1.1418774127960205 1.1875500679016113
      vertex 4.544356346130371 1.1331013441085815 1.1793991327285767
      vertex 4.505385398864746 1.070702075958252 1.2034108638763428
    endloop
  endfacet
  facet normal -0.6196743872833622 0.08684726038716269 -0.7800392343390389
    outer loop
      vertex 4.53532600402832 1.1418774127960205 1.1875500679016113
      vertex 4.505385398864746 1.070702075958252 1.2034108638763428
      vertex 4.496355056762695 1.079478144645691 1.2115617990493774
    endloop
  endfacet
  facet normal -0.6196820987542766 0.08685475503189696 -0.7800322736988797
    outer loop
      vertex 4.730180740356445 1.4538737535476685 1.0674912929534912
      vertex 4.739210605621338 1.44509756565094 1.059340476989746
      vertex 4.700239658355713 1.3826982975006104 1.0833522081375122
    endloop
  endfacet
  facet normal -0.6196820987542766 0.08685475503189696 -0.7800322736988797
    outer loop
      vertex 4.730180740356445 1.4538737535476685 1.0674912929534912
      vertex 4.700239658355713 1.3826982975006104 1.0833522081375122
      vertex 4.69120979309082 1.3914744853973389 1.0915030241012573
    endloop
  endfacet
  facet normal -0.6196855021379258 0.08685818067941384 -0.78002918848536
    outer loop
      vertex 4.514415264129639 1.0619258880615234 1.1952600479125977
      vertex 4.534280776977539 1.0704994201660156 1.1804327964782715
      vertex 4.484474182128906 0.9907504320144653 1.211120843887329
    endloop
  endfacet
  facet normal -0.6196855021379258 0.08685818067941384 -0.78002918848536
    outer loop
      vertex 4.584087371826172 1.150248408317566 1.1497447490692139
      vertex 4.534280776977539 1.0704994201660156 1.1804327964782715
      vertex 4.514415264129639 1.0619258880615234 1.1952600479125977
    endloop
  endfacet
  facet normal -0.6196851080983405 0.08685767978410111 -0.7800295573013055
    outer loop
      vertex 4.584087371826172 1.150248408317566 1.1497447490692139
      vertex 4.514415264129639 1.0619258880615234 1.1952600479125977
      vertex 4.553386211395264 1.124325156211853 1.1712483167648315
    endloop
  endfacet
  facet normal -0.619682537990765 0.08685405174918677 -0.7800320030640242
    outer loop
      vertex 4.505385398864746 1.070702075958252 1.2034108638763428
      vertex 4.514415264129639 1.0619258880615234 1.1952600479125977
      vertex 4.4724345207214355 1.00245201587677 1.2219886779785156
    endloop
  endfacet
  facet normal -0.6196871076287155 0.08685916469810799 -0.7800278034446617
    outer loop
      vertex 4.484474182128906 0.9907504320144653 1.211120843887329
      vertex 4.4724345207214355 1.00245201587677 1.2219886779785156
      vertex 4.514415264129639 1.0619258880615234 1.1952600479125977
    endloop
  endfacet
  facet normal -0.6196823328462158 0.08685438021611339 -0.780032129463618
    outer loop
      vertex 4.553386211395264 1.124325156211853 1.1712483167648315
      vertex 4.544356346130371 1.1331013441085815 1.1793991327285767
      vertex 4.633893966674805 1.2299973964691162 1.1190567016601562
    endloop
  endfacet
  facet normal -0.619678035234792 0.08685080575729939 -0.7800359415993957
    outer loop
      vertex 4.505385398864746 1.070702075958252 1.2034108638763428
      vertex 4.4724345207214355 1.00245201587677 1.2219886779785156
      vertex 4.460394382476807 1.0141535997390747 1.2328565120697021
    endloop
  endfacet
  facet normal -0.6196852194591642 0.08685790594584221 -0.7800294436484758
    outer loop
      vertex 4.633893966674805 1.2299973964691162 1.1190567016601562
      vertex 4.584087371826172 1.150248408317566 1.1497447490692139
      vertex 4.553386211395264 1.124325156211853 1.1712483167648315
    endloop
  endfacet
  facet normal -0.6196807723890784 0.08685358388353655 -0.7800334578066898
    outer loop
      vertex 4.709270000457764 1.3739221096038818 1.0752012729644775
      vertex 4.6837005615234375 1.3097463846206665 1.0883686542510986
      vertex 4.633893966674805 1.2299973964691162 1.1190567016601562
    endloop
  endfacet
  facet normal -0.6196807723890784 0.08685358388353655 -0.7800334578066898
    outer loop
      vertex 4.709270000457764 1.3739221096038818 1.0752012729644775
      vertex 4.73350715637207 1.3894953727722168 1.057680606842041
      vertex 4.6837005615234375 1.3097463846206665 1.0883686542510986
    endloop
  endfacet
  facet normal -0.6196827437279486 0.08685428161125272 -0.7800318140252965
    outer loop
      vertex 4.73350715637207 1.3894953727722168 1.057680606842041
      vertex 4.748240947723389 1.4363213777542114 1.0511895418167114
      vertex 4.783313751220703 1.469244360923767 1.0269924402236938
    endloop
  endfacet
  facet normal -0.6196738418828299 0.0868470645670402 -0.7800396894147514
    outer loop
      vertex 4.739210605621338 1.44509756565094 1.059340476989746
      vertex 4.771717548370361 1.4971468448638916 1.0393115282058716
      vertex 4.748240947723389 1.4363213777542114 1.0511895418167114
    endloop
  endfacet
  facet normal -0.6196808988962456 0.08685096799655558 -0.7800336485698565
    outer loop
      vertex 4.748240947723389 1.4363213777542114 1.0511895418167114
      vertex 4.771717548370361 1.4971468448638916 1.0393115282058716
      vertex 4.783313751220703 1.469244360923767 1.0269924402236938
    endloop
  endfacet
  facet normal -0.6196734134407115 0.0868477505896838 -0.7800399533948562
    outer loop
      vertex 4.700239658355713 1.3826982975006104 1.0833522081375122
      vertex 4.709270000457764 1.3739221096038818 1.0752012729644775
      vertex 4.633893966674805 1.2299973964691162 1.1190567016601562
    endloop
  endfacet
  facet normal -0.6196807079150185 0.08685340329311163 -0.7800335291347068
    outer loop
      vertex 4.709270000457764 1.3739221096038818 1.0752012729644775
      vertex 4.748240947723389 1.4363213777542114 1.0511895418167114
      vertex 4.73350715637207 1.3894953727722168 1.057680606842041
    endloop
  endfacet
  facet normal -0.619674781586028 0.08684662902001988 -0.7800389913934864
    outer loop
      vertex 4.460394382476807 1.0141535997390747 1.2328565120697021
      vertex 4.496355056762695 1.079478144645691 1.2115617990493774
      vertex 4.505385398864746 1.070702075958252 1.2034108638763428
    endloop
  endfacet
  facet normal -0.6196819053903743 0.08685261263946586 -0.7800326658605102
    outer loop
      vertex 4.448354244232178 1.0258550643920898 1.2437244653701782
      vertex 4.496355056762695 1.079478144645691 1.2115617990493774
      vertex 4.460394382476807 1.0141535997390747 1.2328565120697021
    endloop
  endfacet
  facet normal -0.6196766807432035 0.08684948935213915 -0.7800371642058849
    outer loop
      vertex 4.496355056762695 1.079478144645691 1.2115617990493774
      vertex 4.500315189361572 1.1090540885925293 1.2117087841033936
      vertex 4.53532600402832 1.1418774127960205 1.1875500679016113
    endloop
  endfacet
  facet normal -0.6196737621478289 0.086848261368224 -0.7800396195084405
    outer loop
      vertex 4.604238033294678 1.2754521369934082 1.1476774215698242
      vertex 4.544356346130371 1.1331013441085815 1.1793991327285767
      vertex 4.53532600402832 1.1418774127960205 1.1875500679016113
    endloop
  endfacet
  facet normal -0.6196777058153057 0.08685133321553633 -0.7800361445690599
    outer loop
      vertex 4.500315189361572 1.1090540885925293 1.2117087841033936
      vertex 4.552276611328125 1.1922531127929688 1.1796931028366089
      vertex 4.53532600402832 1.1418774127960205 1.1875500679016113
    endloop
  endfacet
  facet normal -0.6196800808645744 0.0868499309501536 -0.7800344139034047
    outer loop
      vertex 4.448354244232178 1.0258550643920898 1.2437244653701782
      vertex 4.500315189361572 1.1090540885925293 1.2117087841033936
      vertex 4.496355056762695 1.079478144645691 1.2115617990493774
    endloop
  endfacet
  facet normal -0.6196777058153057 0.08685133321553633 -0.7800361445690599
    outer loop
      vertex 4.552276611328125 1.1922531127929688 1.1796931028366089
      vertex 4.604238033294678 1.2754521369934082 1.1476774215698242
      vertex 4.53532600402832 1.1418774127960205 1.1875500679016113
    endloop
  endfacet
  facet normal -0.6196824012965019 0.08685427061704722 -0.7800320872880692
    outer loop
      vertex 4.604238033294678 1.2754521369934082 1.1476774215698242
      vertex 4.69120979309082 1.3914744853973389 1.0915030241012573
      vertex 4.700239658355713 1.3826982975006104 1.0833522081375122
    endloop
  endfacet
  facet normal -0.6196786976940387 0.086849753056135 -0.7800355325357355
    outer loop
      vertex 4.771717548370361 1.4971468448638916 1.0393115282058716
      vertex 4.730180740356445 1.4538737535476685 1.0674912929534912
      vertex 4.7601213455200195 1.5250492095947266 1.0516304969787598
    endloop
  endfacet
  facet normal -0.6196793897338336 0.08685212217231238 -0.7800347189793985
    outer loop
      vertex 4.730180740356445 1.4538737535476685 1.0674912929534912
      vertex 4.69120979309082 1.3914744853973389 1.0915030241012573
      vertex 4.708160400390625 1.441850185394287 1.0836460590362549
    endloop
  endfacet
  facet normal -0.6196732184449222 0.08684326153431629 -0.7800406080892162
    outer loop
      vertex 4.69120979309082 1.3914744853973389 1.0915030241012573
      vertex 4.604238033294678 1.2754521369934082 1.1476774215698242
      vertex 4.656198978424072 1.3586511611938477 1.1156617403030396
    endloop
  endfacet
  facet normal -0.6196786940747385 0.08684975083788093 -0.7800355356579755
    outer loop
      vertex 4.730180740356445 1.4538737535476685 1.0674912929534912
      vertex 4.708160400390625 1.441850185394287 1.0836460590362549
      vertex 4.7601213455200195 1.5250492095947266 1.0516304969787598
    endloop
  endfacet
  facet normal -0.6196777058153057 0.08685133321553633 -0.7800361445690599
    outer loop
      vertex 4.69120979309082 1.3914744853973389 1.0915030241012573
      vertex 4.656198978424072 1.3586511611938477 1.1156617403030396
      vertex 4.708160400390625 1.441850185394287 1.0836460590362549
    endloop
  endfacet
  facet normal -0.6196815676994634 0.08685304539269821 -0.7800328859474768
    outer loop
      vertex 4.604238033294678 1.2754521369934082 1.1476774215698242
      vertex 4.700239658355713 1.3826982975006104 1.0833522081375122
      vertex 4.544356346130371 1.1331013441085815 1.1793991327285767
    endloop
  endfacet
  facet normal -0.6196819688535588 0.08685496302203961 -0.7800323537368288
    outer loop
      vertex 4.739210605621338 1.44509756565094 1.059340476989746
      vertex 4.730180740356445 1.4538737535476685 1.0674912929534912
      vertex 4.771717548370361 1.4971468448638916 1.0393115282058716
    endloop
  endfacet
  facet normal -0.6196812630528578 0.08685274931123681 -0.78003316093503
    outer loop
      vertex 4.633893966674805 1.2299973964691162 1.1190567016601562
      vertex 4.544356346130371 1.1331013441085815 1.1793991327285767
      vertex 4.700239658355713 1.3826982975006104 1.0833522081375122
    endloop
  endfacet
  facet normal 0.6020100355992838 -0.5850789320846842 -0.5433843577693367
    outer loop
      vertex 4.5884013175964355 1.1283807754516602 1.1780692338943481
      vertex 4.5447001457214355 1.0584075450897217 1.2049955129623413
      vertex 4.53643798828125 1.059565544128418 1.1945950984954834
    endloop
  endfacet
  facet normal 0.6020100355992838 -0.5850789320846842 -0.5433843577693367
    outer loop
      vertex 4.5884013175964355 1.1283807754516602 1.1780692338943481
      vertex 4.53643798828125 1.059565544128418 1.1945950984954834
      vertex 4.58013916015625 1.1295387744903564 1.1676688194274902
    endloop
  endfacet
  facet normal 0.6019938286089771 -0.5850760059691924 -0.5434054633106324
    outer loop
      vertex 4.613188743591309 1.1249066591262817 1.209270715713501
      vertex 4.569487571716309 1.0549334287643433 1.2361968755722046
      vertex 4.561224937438965 1.056091547012329 1.2257964611053467
    endloop
  endfacet
  facet normal 0.6019993001725084 -0.5850781322250558 -0.5433971124176592
    outer loop
      vertex 4.613188743591309 1.1249066591262817 1.209270715713501
      vertex 4.561224937438965 1.056091547012329 1.2257964611053467
      vertex 4.604926109313965 1.126064658164978 1.1988701820373535
    endloop
  endfacet
  facet normal 0.6020098332345887 -0.5850792561030941 -0.5433842330862322
    outer loop
      vertex 4.771468639373779 1.4071154594421387 1.0807647705078125
      vertex 4.779730796813965 1.4059574604034424 1.0911651849746704
      vertex 4.692328453063965 1.266011118888855 1.1450177431106567
    endloop
  endfacet
  facet normal 0.6020130317105856 -0.5850793770916646 -0.543380559233268
    outer loop
      vertex 4.771468639373779 1.4071154594421387 1.0807647705078125
      vertex 4.692328453063965 1.266011118888855 1.1450177431106567
      vertex 4.684066295623779 1.2671691179275513 1.1346172094345093
    endloop
  endfacet
  facet normal 0.6019966942703837 -0.585077062209555 -0.5434011514192499
    outer loop
      vertex 4.684066295623779 1.2671691179275513 1.1346172094345093
      vertex 4.6758036613464355 1.2683271169662476 1.1242167949676514
      vertex 4.7632060050964355 1.4082735776901245 1.070364236831665
    endloop
  endfacet
  facet normal 0.6019964489571207 -0.5850770529256102 -0.5434014331807562
    outer loop
      vertex 4.684066295623779 1.2671691179275513 1.1346172094345093
      vertex 4.7632060050964355 1.4082735776901245 1.070364236831665
      vertex 4.771468639373779 1.4071154594421387 1.0807647705078125
    endloop
  endfacet
  facet normal 0.602011526451386 -0.5850791661359285 -0.5433824540536425
    outer loop
      vertex 4.946273326873779 1.687008261680603 0.9730597138404846
      vertex 4.954535484313965 1.6858502626419067 0.9834601879119873
      vertex 4.867133140563965 1.5459039211273193 1.037312626838684
    endloop
  endfacet
  facet normal 0.6020099272063628 -0.5850791056392075 -0.5433842909851321
    outer loop
      vertex 4.946273326873779 1.687008261680603 0.9730597138404846
      vertex 4.867133140563965 1.5459039211273193 1.037312626838684
      vertex 4.858870983123779 1.5470619201660156 1.0269122123718262
    endloop
  endfacet
  facet normal 0.6019964919108202 -0.5850773862275579 -0.5434010267308987
    outer loop
      vertex 4.858870983123779 1.5470619201660156 1.0269122123718262
      vertex 4.8506083488464355 1.548219919204712 1.0165117979049683
      vertex 4.9380106925964355 1.6881662607192993 0.9626592397689819
    endloop
  endfacet
  facet normal 0.6019980912014787 -0.5850774467512851 -0.5433991898160808
    outer loop
      vertex 4.858870983123779 1.5470619201660156 1.0269122123718262
      vertex 4.9380106925964355 1.6881662607192993 0.9626592397689819
      vertex 4.946273326873779 1.687008261680603 0.9730597138404846
    endloop
  endfacet
  facet normal 0.6019997048936306 -0.5850774841885118 -0.5433973617930281
    outer loop
      vertex 5.0035624504089355 1.793126106262207 0.922269880771637
      vertex 4.9817118644714355 1.7581394910812378 0.9357330203056335
      vertex 4.977580547332764 1.758718490600586 0.9305327534675598
    endloop
  endfacet
  facet normal 0.6019997048936306 -0.5850774841885118 -0.5433973617930281
    outer loop
      vertex 5.0035624504089355 1.793126106262207 0.922269880771637
      vertex 4.977580547332764 1.758718490600586 0.9305327534675598
      vertex 4.999431133270264 1.7937051057815552 0.9170696139335632
    endloop
  endfacet
  facet normal 0.6020233772404676 -0.5850808017714837 -0.5433675631231768
    outer loop
      vertex 4.999431133270264 1.7937051057815552 0.9170696139335632
      vertex 4.977580547332764 1.758718490600586 0.9305327534675598
      vertex 4.97344970703125 1.759297490119934 0.9253325462341309
    endloop
  endfacet
  facet normal 0.6020233772404676 -0.5850808017714837 -0.5433675631231768
    outer loop
      vertex 4.999431133270264 1.7937051057815552 0.9170696139335632
      vertex 4.97344970703125 1.759297490119934 0.9253325462341309
      vertex 4.99530029296875 1.7942841053009033 0.9118694067001343
    endloop
  endfacet
  facet normal 0.6019998928380009 -0.5850771832530005 -0.543397477597909
    outer loop
      vertex 4.977580547332764 1.758718490600586 0.9305327534675598
      vertex 4.9817118644714355 1.7581394910812378 0.9357330203056335
      vertex 4.9380106925964355 1.6881662607192993 0.9626592397689819
    endloop
  endfacet
  facet normal 0.6020231604425479 -0.5850811488914309 -0.5433674295563264
    outer loop
      vertex 4.92974853515625 1.6893243789672852 0.9522587656974792
      vertex 4.97344970703125 1.759297490119934 0.9253325462341309
      vertex 4.977580547332764 1.758718490600586 0.9305327534675598
    endloop
  endfacet
  facet normal 0.6020090238151384 -0.5850775287232599 -0.5433869897487674
    outer loop
      vertex 4.9380106925964355 1.6881662607192993 0.9626592397689819
      vertex 4.92974853515625 1.6893243789672852 0.9522587656974792
      vertex 4.977580547332764 1.758718490600586 0.9305327534675598
    endloop
  endfacet
  facet normal 0.6019932218380498 -0.5850765754872259 -0.5434055223101666
    outer loop
      vertex 4.99530029296875 1.7942841053009033 0.9118694067001343
      vertex 4.97344970703125 1.759297490119934 0.9253325462341309
      vertex 4.969318389892578 1.7598766088485718 0.9201322793960571
    endloop
  endfacet
  facet normal 0.6019962607214859 -0.5850777564074646 -0.5434008842784085
    outer loop
      vertex 4.99530029296875 1.7942841053009033 0.9118694067001343
      vertex 4.969318389892578 1.7598766088485718 0.9201322793960571
      vertex 4.991168975830078 1.7948631048202515 0.9066691994667053
    endloop
  endfacet
  facet normal 0.6019966942703837 -0.585077062209555 -0.5434011514192499
    outer loop
      vertex 5.020087242126465 1.7908101081848145 0.9430707693099976
      vertex 4.998236656188965 1.7558234930038452 0.9565339088439941
      vertex 4.994105339050293 1.7564024925231934 0.9513337016105652
    endloop
  endfacet
  facet normal 0.6019966942703837 -0.585077062209555 -0.5434011514192499
    outer loop
      vertex 5.020087242126465 1.7908101081848145 0.9430707693099976
      vertex 4.994105339050293 1.7564024925231934 0.9513337016105652
      vertex 5.015955924987793 1.7913891077041626 0.9378705620765686
    endloop
  endfacet
  facet normal 0.6020263876851206 -0.5850812236206652 -0.5433637734495649
    outer loop
      vertex 5.015955924987793 1.7913891077041626 0.9378705620765686
      vertex 4.994105339050293 1.7564024925231934 0.9513337016105652
      vertex 4.989974498748779 1.7569814920425415 0.9461334347724915
    endloop
  endfacet
  facet normal 0.6020237531239683 -0.5850801999354115 -0.5433677947008548
    outer loop
      vertex 5.015955924987793 1.7913891077041626 0.9378705620765686
      vertex 4.989974498748779 1.7569814920425415 0.9461334347724915
      vertex 5.011825084686279 1.7919681072235107 0.9326703548431396
    endloop
  endfacet
  facet normal 0.6019966942703837 -0.585077062209555 -0.5434011514192499
    outer loop
      vertex 4.994105339050293 1.7564024925231934 0.9513337016105652
      vertex 4.998236656188965 1.7558234930038452 0.9565339088439941
      vertex 4.954535484313965 1.6858502626419067 0.9834601879119873
    endloop
  endfacet
  facet normal 0.6020263876851206 -0.5850812236206652 -0.5433637734495649
    outer loop
      vertex 4.946273326873779 1.687008261680603 0.9730597138404846
      vertex 4.989974498748779 1.7569814920425415 0.9461334347724915
      vertex 4.994105339050293 1.7564024925231934 0.9513337016105652
    endloop
  endfacet
  facet normal 0.6020124677310448 -0.5850776589954632 -0.5433830340015838
    outer loop
      vertex 4.954535484313965 1.6858502626419067 0.9834601879119873
      vertex 4.946273326873779 1.687008261680603 0.9730597138404846
      vertex 4.994105339050293 1.7564024925231934 0.9513337016105652
    endloop
  endfacet
  facet normal 0.6019981995890323 -0.5850772732014954 -0.5433992566011352
    outer loop
      vertex 4.989974498748779 1.7569814920425415 0.9461334347724915
      vertex 4.946273326873779 1.687008261680603 0.9730597138404846
      vertex 4.9380106925964355 1.6881662607192993 0.9626592397689819
    endloop
  endfacet
  facet normal 0.6019968822154231 -0.585076761271855 -0.543401267225746
    outer loop
      vertex 4.989974498748779 1.7569814920425415 0.9461334347724915
      vertex 4.9380106925964355 1.6881662607192993 0.9626592397689819
      vertex 4.9817118644714355 1.7581394910812378 0.9357330203056335
    endloop
  endfacet
  facet normal 0.6020233772404676 -0.5850808017714837 -0.5433675631231768
    outer loop
      vertex 5.032480716705322 1.7890729904174805 0.9586714506149292
      vertex 5.010630130767822 1.7540863752365112 0.9721345901489258
      vertex 5.006499290466309 1.7546653747558594 0.9669343829154968
    endloop
  endfacet
  facet normal 0.6020233772404676 -0.5850808017714837 -0.5433675631231768
    outer loop
      vertex 5.032480716705322 1.7890729904174805 0.9586714506149292
      vertex 5.006499290466309 1.7546653747558594 0.9669343829154968
      vertex 5.028349876403809 1.7896519899368286 0.9534712433815002
    endloop
  endfacet
  facet normal 0.6019930050612053 -0.585076922582174 -0.5434053887468843
    outer loop
      vertex 5.002367973327637 1.755244493484497 0.9617341160774231
      vertex 5.006499290466309 1.7546653747558594 0.9669343829154968
      vertex 4.962798118591309 1.6846922636032104 0.9938606023788452
    endloop
  endfacet
  facet normal 0.6019966942703837 -0.585077062209555 -0.5434011514192499
    outer loop
      vertex 4.954535484313965 1.6858502626419067 0.9834601879119873
      vertex 4.998236656188965 1.7558234930038452 0.9565339088439941
      vertex 5.002367973327637 1.755244493484497 0.9617341160774231
    endloop
  endfacet
  facet normal 0.6019966942703837 -0.585077062209555 -0.5434011514192499
    outer loop
      vertex 4.962798118591309 1.6846922636032104 0.9938606023788452
      vertex 4.954535484313965 1.6858502626419067 0.9834601879119873
      vertex 5.002367973327637 1.755244493484497 0.9617341160774231
    endloop
  endfacet
  facet normal 0.6019932218380498 -0.5850765754872259 -0.5434055223101666
    outer loop
      vertex 5.028349876403809 1.7896519899368286 0.9534712433815002
      vertex 5.006499290466309 1.7546653747558594 0.9669343829154968
      vertex 5.002367973327637 1.755244493484497 0.9617341160774231
    endloop
  endfacet
  facet normal 0.6019962607214859 -0.5850777564074646 -0.5434008842784085
    outer loop
      vertex 5.028349876403809 1.7896519899368286 0.9534712433815002
      vertex 5.002367973327637 1.755244493484497 0.9617341160774231
      vertex 5.024218559265137 1.7902309894561768 0.9482710361480713
    endloop
  endfacet
  facet normal 0.6019962607214859 -0.5850777564074646 -0.5434008842784085
    outer loop
      vertex 5.024218559265137 1.7902309894561768 0.9482710361480713
      vertex 5.002367973327637 1.755244493484497 0.9617341160774231
      vertex 4.998236656188965 1.7558234930038452 0.9565339088439941
    endloop
  endfacet
  facet normal 0.6019932218380498 -0.5850765754872259 -0.5434055223101666
    outer loop
      vertex 5.024218559265137 1.7902309894561768 0.9482710361480713
      vertex 4.998236656188965 1.7558234930038452 0.9565339088439941
      vertex 5.020087242126465 1.7908101081848145 0.9430707693099976
    endloop
  endfacet
  facet normal 0.6020031113380131 -0.5850796132267236 -0.5433912955926138
    outer loop
      vertex 4.5009989738464355 0.988434374332428 1.2319217920303345
      vertex 4.484474182128906 0.9907504320144653 1.211120843887329
      vertex 4.53643798828125 1.059565544128418 1.1945950984954834
    endloop
  endfacet
  facet normal 0.6019972501600374 -0.5850773355921445 -0.5434002412367429
    outer loop
      vertex 4.534280776977539 1.0704994201660156 1.1804327964782715
      vertex 4.53643798828125 1.059565544128418 1.1945950984954834
      vertex 4.484474182128906 0.9907504320144653 1.211120843887329
    endloop
  endfacet
  facet normal 0.6019974880131694 -0.5850771734643282 -0.5434001522973897
    outer loop
      vertex 4.58013916015625 1.1295387744903564 1.1676688194274902
      vertex 4.53643798828125 1.059565544128418 1.1945950984954834
      vertex 4.534280776977539 1.0704994201660156 1.1804327964782715
    endloop
  endfacet
  facet normal 0.6019981492037421 -0.585077461606262 -0.5433991095646385
    outer loop
      vertex 4.58013916015625 1.1295387744903564 1.1676688194274902
      vertex 4.534280776977539 1.0704994201660156 1.1804327964782715
      vertex 4.584087371826172 1.150248408317566 1.1497447490692139
    endloop
  endfacet
  facet normal 0.6020038574434747 -0.5850784185847961 -0.5433917553013575
    outer loop
      vertex 4.517523765563965 0.9861183166503906 1.2527227401733398
      vertex 4.5009989738464355 0.988434374332428 1.2319217920303345
      vertex 4.5447001457214355 1.0584075450897217 1.2049955129623413
    endloop
  endfacet
  facet normal 0.6020048701921237 -0.5850782081463777 -0.5433908598947798
    outer loop
      vertex 4.517523765563965 0.9861183166503906 1.2527227401733398
      vertex 4.5447001457214355 1.0584075450897217 1.2049955129623413
      vertex 4.561224937438965 1.056091547012329 1.2257964611053467
    endloop
  endfacet
  facet normal 0.6020098332345887 -0.5850792561030941 -0.5433842330862322
    outer loop
      vertex 4.5447001457214355 1.0584075450897217 1.2049955129623413
      vertex 4.5009989738464355 0.988434374332428 1.2319217920303345
      vertex 4.53643798828125 1.059565544128418 1.1945950984954834
    endloop
  endfacet
  facet normal 0.602010021178136 -0.5850789551752684 -0.5433843488840255
    outer loop
      vertex 4.58013916015625 1.1295387744903564 1.1676688194274902
      vertex 4.6758036613464355 1.2683271169662476 1.1242167949676514
      vertex 4.5884013175964355 1.1283807754516602 1.1780692338943481
    endloop
  endfacet
  facet normal 0.602001935106222 -0.5850800854204931 -0.5433920902743365
    outer loop
      vertex 4.604926109313965 1.126064658164978 1.1988701820373535
      vertex 4.5884013175964355 1.1283807754516602 1.1780692338943481
      vertex 4.607010364532471 1.1402651071548462 1.1858893632888794
    endloop
  endfacet
  facet normal 0.6019981492037421 -0.585077461606262 -0.5433991095646385
    outer loop
      vertex 4.633893966674805 1.2299973964691162 1.1190567016601562
      vertex 4.58013916015625 1.1295387744903564 1.1676688194274902
      vertex 4.584087371826172 1.150248408317566 1.1497447490692139
    endloop
  endfacet
  facet normal 0.6020048198226476 -0.5850783965580936 -0.5433907128313031
    outer loop
      vertex 4.6758036613464355 1.2683271169662476 1.1242167949676514
      vertex 4.633893966674805 1.2299973964691162 1.1190567016601562
      vertex 4.6837005615234375 1.3097463846206665 1.0883686542510986
    endloop
  endfacet
  facet normal 0.6020057872464359 -0.5850791064547259 -0.5433888766913971
    outer loop
      vertex 4.7632060050964355 1.4082735776901245 1.070364236831665
      vertex 4.73350715637207 1.3894953727722168 1.057680606842041
      vertex 4.783313751220703 1.469244360923767 1.0269924402236938
    endloop
  endfacet
  facet normal 0.602005718896424 -0.5850785225675521 -0.5433895810982855
    outer loop
      vertex 4.6837005615234375 1.3097463846206665 1.0883686542510986
      vertex 4.73350715637207 1.3894953727722168 1.057680606842041
      vertex 4.7632060050964355 1.4082735776901245 1.070364236831665
    endloop
  endfacet
  facet normal 0.6020051832917293 -0.5850782520286715 -0.5433904657729705
    outer loop
      vertex 4.6837005615234375 1.3097463846206665 1.0883686542510986
      vertex 4.7632060050964355 1.4082735776901245 1.070364236831665
      vertex 4.6758036613464355 1.2683271169662476 1.1242167949676514
    endloop
  endfacet
  facet normal 0.6019962200450247 -0.5850778215385002 -0.5434008592146913
    outer loop
      vertex 4.6758036613464355 1.2683271169662476 1.1242167949676514
      vertex 4.684066295623779 1.2671691179275513 1.1346172094345093
      vertex 4.640422344207764 1.1999781131744385 1.1586114168167114
    endloop
  endfacet
  facet normal 0.6020010435992277 -0.5850776969264228 -0.5433956496556757
    outer loop
      vertex 4.6758036613464355 1.2683271169662476 1.1242167949676514
      vertex 4.640422344207764 1.1999781131744385 1.1586114168167114
      vertex 4.5884013175964355 1.1283807754516602 1.1780692338943481
    endloop
  endfacet
  facet normal 0.6019941000001212 -0.585074223559724 -0.54340708174538
    outer loop
      vertex 4.80997371673584 1.467993140220642 1.057875394821167
      vertex 4.819972038269043 1.4856334924697876 1.0499587059020996
      vertex 4.867133140563965 1.5459039211273193 1.037312626838684
    endloop
  endfacet
  facet normal 0.6020045813268315 -0.5850794194154402 -0.543389875722761
    outer loop
      vertex 4.80997371673584 1.467993140220642 1.057875394821167
      vertex 4.7632060050964355 1.4082735776901245 1.070364236831665
      vertex 4.783313751220703 1.469244360923767 1.0269924402236938
    endloop
  endfacet
  facet normal 0.6020041737248802 -0.5850774576579107 -0.543392439548417
    outer loop
      vertex 4.633893966674805 1.2299973964691162 1.1190567016601562
      vertex 4.6758036613464355 1.2683271169662476 1.1242167949676514
      vertex 4.58013916015625 1.1295387744903564 1.1676688194274902
    endloop
  endfacet
  facet normal 0.6020043263628904 -0.5850787775336401 -0.543390849315761
    outer loop
      vertex 4.5884013175964355 1.1283807754516602 1.1780692338943481
      vertex 4.640422344207764 1.1999781131744385 1.1586114168167114
      vertex 4.623716354370117 1.170121669769287 1.1722503900527954
    endloop
  endfacet
  facet normal 0.601993452712745 -0.585076607848854 -0.5434052317001249
    outer loop
      vertex 4.569487571716309 1.0549334287643433 1.2361968755722046
      vertex 4.517523765563965 0.9861183166503906 1.2527227401733398
      vertex 4.561224937438965 1.056091547012329 1.2257964611053467
    endloop
  endfacet
  facet normal 0.6019966360785967 -0.5850823979280559 -0.5433954708909615
    outer loop
      vertex 4.613188743591309 1.1249066591262817 1.209270715713501
      vertex 4.604926109313965 1.126064658164978 1.1988701820373535
      vertex 4.607010364532471 1.1402651071548462 1.1858893632888794
    endloop
  endfacet
  facet normal 0.6020028446929706 -0.5850786290222708 -0.5433926507075625
    outer loop
      vertex 4.5884013175964355 1.1283807754516602 1.1780692338943481
      vertex 4.604926109313965 1.126064658164978 1.1988701820373535
      vertex 4.561224937438965 1.056091547012329 1.2257964611053467
    endloop
  endfacet
  facet normal 0.6020048701921237 -0.5850782081463777 -0.5433908598947798
    outer loop
      vertex 4.5884013175964355 1.1283807754516602 1.1780692338943481
      vertex 4.561224937438965 1.056091547012329 1.2257964611053467
      vertex 4.5447001457214355 1.0584075450897217 1.2049955129623413
    endloop
  endfacet
  facet normal 0.6020019305983356 -0.585080257846044 -0.5433919096146753
    outer loop
      vertex 4.582636833190918 1.0615999698638916 1.2435864210128784
      vertex 4.534048557281494 0.9838022589683533 1.2735236883163452
      vertex 4.569487571716309 1.0549334287643433 1.2361968755722046
    endloop
  endfacet
  facet normal 0.6020027354483817 -0.5850802150887602 -0.5433910639901579
    outer loop
      vertex 4.517523765563965 0.9861183166503906 1.2527227401733398
      vertex 4.569487571716309 1.0549334287643433 1.2361968755722046
      vertex 4.534048557281494 0.9838022589683533 1.2735236883163452
    endloop
  endfacet
  facet normal 0.602002103287327 -0.5850774014099781 -0.543394793862604
    outer loop
      vertex 4.631224632263184 1.1393976211547852 1.2136492729187012
      vertex 4.582636833190918 1.0615999698638916 1.2435864210128784
      vertex 4.569487571716309 1.0549334287643433 1.2361968755722046
    endloop
  endfacet
  facet normal 0.602000912514727 -0.5850769988948281 -0.5433965464517212
    outer loop
      vertex 4.631224632263184 1.1393976211547852 1.2136492729187012
      vertex 4.569487571716309 1.0549334287643433 1.2361968755722046
      vertex 4.613188743591309 1.1249066591262817 1.209270715713501
    endloop
  endfacet
  facet normal 0.6020015555639026 -0.5850785042600486 -0.5433942132112429
    outer loop
      vertex 4.607010364532471 1.1402651071548462 1.1858893632888794
      vertex 4.631224632263184 1.1393976211547852 1.2136492729187012
      vertex 4.613188743591309 1.1249066591262817 1.209270715713501
    endloop
  endfacet
  facet normal 0.6020042486908448 -0.5850771272741927 -0.5433927122245471
    outer loop
      vertex 4.668432712554932 1.1989744901657104 1.1907236576080322
      vertex 4.640422344207764 1.1999781131744385 1.1586114168167114
      vertex 4.692328453063965 1.266011118888855 1.1450177431106567
    endloop
  endfacet
  facet normal 0.6020121755814347 -0.5850807478851968 -0.5433800317510817
    outer loop
      vertex 4.684066295623779 1.2671691179275513 1.1346172094345093
      vertex 4.692328453063965 1.266011118888855 1.1450177431106567
      vertex 4.640422344207764 1.1999781131744385 1.1586114168167114
    endloop
  endfacet
  facet normal 0.6019970797172709 -0.5850760429648082 -0.5434018218229671
    outer loop
      vertex 4.7632060050964355 1.4082735776901245 1.070364236831665
      vertex 4.80997371673584 1.467993140220642 1.057875394821167
      vertex 4.771468639373779 1.4071154594421387 1.0807647705078125
    endloop
  endfacet
  facet normal 0.6020105470293585 -0.5850781132017998 -0.5433846728769908
    outer loop
      vertex 4.771468639373779 1.4071154594421387 1.0807647705078125
      vertex 4.80997371673584 1.467993140220642 1.057875394821167
      vertex 4.779730796813965 1.4059574604034424 1.0911651849746704
    endloop
  endfacet
  facet normal 0.6019990797479624 -0.5850783162432038 -0.5433971584804469
    outer loop
      vertex 4.733428001403809 1.303043007850647 1.15067720413208
      vertex 4.668432712554932 1.1989744901657104 1.1907236576080322
      vertex 4.692328453063965 1.266011118888855 1.1450177431106567
    endloop
  endfacet
  facet normal 0.6019973369152035 -0.5850756478153594 -0.5434019623450402
    outer loop
      vertex 4.798422813415527 1.407111644744873 1.110630750656128
      vertex 4.733428001403809 1.303043007850647 1.15067720413208
      vertex 4.692328453063965 1.266011118888855 1.1450177431106567
    endloop
  endfacet
  facet normal 0.6020050229512974 -0.5850785819365519 -0.5433902881912055
    outer loop
      vertex 4.798422813415527 1.407111644744873 1.110630750656128
      vertex 4.692328453063965 1.266011118888855 1.1450177431106567
      vertex 4.779730796813965 1.4059574604034424 1.0911651849746704
    endloop
  endfacet
  facet normal 0.6020062648876267 -0.5850784036181343 -0.5433891042850457
    outer loop
      vertex 4.80997371673584 1.467993140220642 1.057875394821167
      vertex 4.867133140563965 1.5459039211273193 1.037312626838684
      vertex 4.779730796813965 1.4059574604034424 1.0911651849746704
    endloop
  endfacet
  facet normal 0.6020047618677041 -0.5850791126430783 -0.543390006015382
    outer loop
      vertex 4.863418102264404 1.5111801624298096 1.0705842971801758
      vertex 4.798422813415527 1.407111644744873 1.110630750656128
      vertex 4.779730796813965 1.4059574604034424 1.0911651849746704
    endloop
  endfacet
  facet normal 0.6020020395191783 -0.5850778114092496 -0.5433944230587138
    outer loop
      vertex 4.863418102264404 1.5111801624298096 1.0705842971801758
      vertex 4.779730796813965 1.4059574604034424 1.0911651849746704
      vertex 4.867133140563965 1.5459039211273193 1.037312626838684
    endloop
  endfacet
  facet normal 0.602001557464473 -0.5850771124505288 -0.5433957096784073
    outer loop
      vertex 4.607010364532471 1.1402651071548462 1.1858893632888794
      vertex 4.5884013175964355 1.1283807754516602 1.1780692338943481
      vertex 4.623716354370117 1.170121669769287 1.1722503900527954
    endloop
  endfacet
  facet normal 0.6020326503420389 -0.5850845281401094 -0.5433532762882781
    outer loop
      vertex 4.858870983123779 1.5470619201660156 1.0269122123718262
      vertex 4.819972038269043 1.4856334924697876 1.0499587059020996
      vertex 4.829970836639404 1.503273844718933 1.0420421361923218
    endloop
  endfacet
  facet normal 0.6020047951171242 -0.585077854440198 -0.5433913239090624
    outer loop
      vertex 4.8506083488464355 1.548219919204712 1.0165117979049683
      vertex 4.816277980804443 1.5220260620117188 1.0066816806793213
      vertex 4.8644304275512695 1.5991266965866089 0.9770126938819885
    endloop
  endfacet
  facet normal 0.6020031738124826 -0.5850773074010998 -0.5433937090949591
    outer loop
      vertex 4.969318389892578 1.7598766088485718 0.9201322793960571
      vertex 4.92974853515625 1.6893243789672852 0.9522587656974792
      vertex 4.912583351135254 1.6762274503707886 0.9473437666893005
    endloop
  endfacet
  facet normal 0.6020039049624294 -0.5850794255047678 -0.5433906184882082
    outer loop
      vertex 4.92974853515625 1.6893243789672852 0.9522587656974792
      vertex 4.8644304275512695 1.5991266965866089 0.9770126938819885
      vertex 4.912583351135254 1.6762274503707886 0.9473437666893005
    endloop
  endfacet
  facet normal 0.6019964877446348 -0.5850773928984486 -0.5434010241638106
    outer loop
      vertex 4.858870983123779 1.5470619201660156 1.0269122123718262
      vertex 4.839969158172607 1.520914077758789 1.0341254472732544
      vertex 4.8506083488464355 1.548219919204712 1.0165117979049683
    endloop
  endfacet
  facet normal 0.6020080969522803 -0.5850790127646813 -0.5433864186987011
    outer loop
      vertex 4.92974853515625 1.6893243789672852 0.9522587656974792
      vertex 4.9380106925964355 1.6881662607192993 0.9626592397689819
      vertex 4.8506083488464355 1.548219919204712 1.0165117979049683
    endloop
  endfacet
  facet normal 0.6020019104684892 -0.5850787786983677 -0.5433935245373427
    outer loop
      vertex 4.92974853515625 1.6893243789672852 0.9522587656974792
      vertex 4.8506083488464355 1.548219919204712 1.0165117979049683
      vertex 4.8644304275512695 1.5991266965866089 0.9770126938819885
    endloop
  endfacet
  facet normal 0.6020088445777975 -0.5850808390979615 -0.543383623944015
    outer loop
      vertex 4.819972038269043 1.4856334924697876 1.0499587059020996
      vertex 4.858870983123779 1.5470619201660156 1.0269122123718262
      vertex 4.867133140563965 1.5459039211273193 1.037312626838684
    endloop
  endfacet
  facet normal 0.6020065313713842 -0.5850780977811141 -0.5433891383557714
    outer loop
      vertex 4.96073579788208 1.7533280849456787 0.9176747798919678
      vertex 4.969318389892578 1.7598766088485718 0.9201322793960571
      vertex 4.912583351135254 1.6762274503707886 0.9473437666893005
    endloop
  endfacet
  facet normal 0.6019950628563161 -0.5850769344874994 -0.543403096262186
    outer loop
      vertex 4.858870983123779 1.5470619201660156 1.0269122123718262
      vertex 4.829970836639404 1.503273844718933 1.0420421361923218
      vertex 4.839969158172607 1.520914077758789 1.0341254472732544
    endloop
  endfacet
  facet normal 0.6019930050612053 -0.585076922582174 -0.5434053887468843
    outer loop
      vertex 4.92974853515625 1.6893243789672852 0.9522587656974792
      vertex 4.969318389892578 1.7598766088485718 0.9201322793960571
      vertex 4.97344970703125 1.759297490119934 0.9253325462341309
    endloop
  endfacet
  facet normal 0.6019963183802938 -0.5850776640843256 -0.5434009198061787
    outer loop
      vertex 4.99530029296875 1.7942841053009033 0.9118694067001343
      vertex 4.991168975830078 1.7948631048202515 0.9066691994667053
      vertex 5.008888244628906 1.8304287195205688 0.888005793094635
    endloop
  endfacet
  facet normal 0.602006929722883 -0.585079251776658 -0.5433874544982554
    outer loop
      vertex 4.96073579788208 1.7533280849456787 0.9176747798919678
      vertex 4.991168975830078 1.7948631048202515 0.9066691994667053
      vertex 4.969318389892578 1.7598766088485718 0.9201322793960571
    endloop
  endfacet
  facet normal 0.6020014804159506 -0.5850773898645938 -0.543395496343352
    outer loop
      vertex 4.991168975830078 1.7948631048202515 0.9066691994667053
      vertex 4.96073579788208 1.7533280849456787 0.9176747798919678
      vertex 5.008888244628906 1.8304287195205688 0.888005793094635
    endloop
  endfacet
  facet normal 0.6019997867691979 -0.5850773530898223 -0.54339741224195
    outer loop
      vertex 5.0035624504089355 1.793126106262207 0.922269880771637
      vertex 4.999431133270264 1.7937051057815552 0.9170696139335632
      vertex 5.021266937255859 1.8286679983139038 0.9036156535148621
    endloop
  endfacet
  facet normal 0.6020234590926284 -0.5850806707161026 -0.5433676135513983
    outer loop
      vertex 4.99530029296875 1.7942841053009033 0.9118694067001343
      vertex 5.021266937255859 1.8286679983139038 0.9036156535148621
      vertex 4.999431133270264 1.7937051057815552 0.9170696139335632
    endloop
  endfacet
  facet normal 0.6019966452036324 -0.5850775203356154 -0.5434007125147146
    outer loop
      vertex 5.033646106719971 1.8269072771072388 0.9192254543304443
      vertex 5.0035624504089355 1.793126106262207 0.922269880771637
      vertex 5.021266937255859 1.8286679983139038 0.9036156535148621
    endloop
  endfacet
  facet normal 0.6020089655112161 -0.5850750361397491 -0.5433897381531847
    outer loop
      vertex 5.021266937255859 1.8286679983139038 0.9036156535148621
      vertex 4.99530029296875 1.7942841053009033 0.9118694067001343
      vertex 5.008888244628906 1.8304287195205688 0.888005793094635
    endloop
  endfacet
  facet normal 0.6019985754784383 -0.5850766713280744 -0.5433994882124857
    outer loop
      vertex 5.0035624504089355 1.793126106262207 0.922269880771637
      vertex 5.011825084686279 1.7919681072235107 0.9326703548431396
      vertex 4.989974498748779 1.7569814920425415 0.9461334347724915
    endloop
  endfacet
  facet normal 0.6019966942703837 -0.585077062209555 -0.5434011514192499
    outer loop
      vertex 5.0035624504089355 1.793126106262207 0.922269880771637
      vertex 4.989974498748779 1.7569814920425415 0.9461334347724915
      vertex 4.9817118644714355 1.7581394910812378 0.9357330203056335
    endloop
  endfacet
  facet normal 0.6019966798560107 -0.5850770852898481 -0.5434011425375139
    outer loop
      vertex 4.962798118591309 1.6846922636032104 0.9938606023788452
      vertex 4.867133140563965 1.5459039211273193 1.037312626838684
      vertex 4.954535484313965 1.6858502626419067 0.9834601879119873
    endloop
  endfacet
  facet normal 0.6020014234544432 -0.5850783001685735 -0.5433945793166112
    outer loop
      vertex 4.928413391113281 1.615248680114746 1.0305379629135132
      vertex 4.867133140563965 1.5459039211273193 1.037312626838684
      vertex 4.962798118591309 1.6846922636032104 0.9938606023788452
    endloop
  endfacet
  facet normal 0.6020012533152022 -0.5850781807879472 -0.5433948963440788
    outer loop
      vertex 4.928413391113281 1.615248680114746 1.0305379629135132
      vertex 4.863418102264404 1.5111801624298096 1.0705842971801758
      vertex 4.867133140563965 1.5459039211273193 1.037312626838684
    endloop
  endfacet
  facet normal 0.6020091731773659 -0.585077566973921 -0.5433867830874995
    outer loop
      vertex 4.993408203125 1.7193171977996826 0.990491509437561
      vertex 4.962798118591309 1.6846922636032104 0.9938606023788452
      vertex 5.010630130767822 1.7540863752365112 0.9721345901489258
    endloop
  endfacet
  facet normal 0.6020095529610959 -0.5850778338228572 -0.5433860750081242
    outer loop
      vertex 4.962798118591309 1.6846922636032104 0.9938606023788452
      vertex 4.993408203125 1.7193171977996826 0.990491509437561
      vertex 4.928413391113281 1.615248680114746 1.0305379629135132
    endloop
  endfacet
  facet normal 0.6020028660596247 -0.5850779272553209 -0.5433933826378593
    outer loop
      vertex 5.032480716705322 1.7890729904174805 0.9586714506149292
      vertex 4.993408203125 1.7193171977996826 0.990491509437561
      vertex 5.010630130767822 1.7540863752365112 0.9721345901489258
    endloop
  endfacet
  facet normal 0.6020231604425479 -0.5850811488914309 -0.5433674295563264
    outer loop
      vertex 5.006499290466309 1.7546653747558594 0.9669343829154968
      vertex 5.010630130767822 1.7540863752365112 0.9721345901489258
      vertex 4.962798118591309 1.6846922636032104 0.9938606023788452
    endloop
  endfacet
  facet normal 0.6020227882682186 -0.5850817447873172 -0.5433672002636784
    outer loop
      vertex 5.033646106719971 1.8269072771072388 0.9192254543304443
      vertex 5.015955924987793 1.7913891077041626 0.9378705620765686
      vertex 5.011825084686279 1.7919681072235107 0.9326703548431396
    endloop
  endfacet
  facet normal 0.6020041568224984 -0.5850809762547764 -0.5433886697320719
    outer loop
      vertex 5.046024799346924 1.8251465559005737 0.9348352551460266
      vertex 5.020087242126465 1.7908101081848145 0.9430707693099976
      vertex 5.033646106719971 1.8269072771072388 0.9192254543304443
    endloop
  endfacet
  facet normal 0.6019927694393992 -0.585083346601775 -0.5433987330422749
    outer loop
      vertex 5.015955924987793 1.7913891077041626 0.9378705620765686
      vertex 5.033646106719971 1.8269072771072388 0.9192254543304443
      vertex 5.020087242126465 1.7908101081848145 0.9430707693099976
    endloop
  endfacet
  facet normal 0.601997610654926 -0.5850782161999608 -0.5433988937180788
    outer loop
      vertex 5.033646106719971 1.8269072771072388 0.9192254543304443
      vertex 5.011825084686279 1.7919681072235107 0.9326703548431396
      vertex 5.0035624504089355 1.793126106262207 0.922269880771637
    endloop
  endfacet
  facet normal 0.6019966213592403 -0.5850771789548598 -0.5434011064934284
    outer loop
      vertex 5.046024799346924 1.8251465559005737 0.9348352551460266
      vertex 5.028349876403809 1.7896519899368286 0.9534712433815002
      vertex 5.024218559265137 1.7902309894561768 0.9482710361480713
    endloop
  endfacet
  facet normal 0.6020019703027807 -0.5850807140806823 -0.5433913743908794
    outer loop
      vertex 5.058403491973877 1.8233857154846191 0.9504450559616089
      vertex 5.032480716705322 1.7890729904174805 0.9586714506149292
      vertex 5.046024799346924 1.8251465559005737 0.9348352551460266
    endloop
  endfacet
  facet normal 0.6020266427720239 -0.5850755732219078 -0.5433695749779353
    outer loop
      vertex 5.028349876403809 1.7896519899368286 0.9534712433815002
      vertex 5.046024799346924 1.8251465559005737 0.9348352551460266
      vertex 5.032480716705322 1.7890729904174805 0.9586714506149292
    endloop
  endfacet
  facet normal 0.6019939741865259 -0.5850776006172226 -0.5434035850996073
    outer loop
      vertex 4.993408203125 1.7193171977996826 0.990491509437561
      vertex 5.032480716705322 1.7890729904174805 0.9586714506149292
      vertex 5.058403491973877 1.8233857154846191 0.9504450559616089
    endloop
  endfacet
  facet normal 0.6019931489273893 -0.5850766922290712 -0.5434054773875349
    outer loop
      vertex 5.046024799346924 1.8251465559005737 0.9348352551460266
      vertex 5.024218559265137 1.7902309894561768 0.9482710361480713
      vertex 5.020087242126465 1.7908101081848145 0.9430707693099976
    endloop
  endfacet
  facet normal 0.6020041298743672 -0.5850759272492119 -0.5433941359342045
    outer loop
      vertex 4.839969158172607 1.520914077758789 1.0341254472732544
      vertex 4.816277980804443 1.5220260620117188 1.0066816806793213
      vertex 4.8506083488464355 1.548219919204712 1.0165117979049683
    endloop
  endfacet
  facet normal -0.6019968053900845 0.5850768842846555 0.543401219888116
    outer loop
      vertex 4.956377983093262 1.8177083730697632 0.9539451003074646
      vertex 4.95224666595459 1.8182873725891113 0.9487448930740356
      vertex 4.90718936920166 1.7461427450180054 0.9765067100524902
    endloop
  endfacet
  facet normal -0.6020234883590685 0.5850806238569213 0.543367631582131
    outer loop
      vertex 4.915451526641846 1.744984745979309 0.9869071245193481
      vertex 4.960508823394775 1.817129373550415 0.9591453075408936
      vertex 4.956377983093262 1.8177083730697632 0.9539451003074646
    endloop
  endfacet
  facet normal -0.6020093389042992 0.5850800476043065 0.5433839285140398
    outer loop
      vertex 4.90718936920166 1.7461427450180054 0.9765067100524902
      vertex 4.915451526641846 1.744984745979309 0.9869071245193481
      vertex 4.956377983093262 1.8177083730697632 0.9539451003074646
    endloop
  endfacet
  facet normal -0.6020230958010823 0.5850812523902567 0.5433673897314134
    outer loop
      vertex 4.960508823394775 1.817129373550415 0.9591453075408936
      vertex 4.98303747177124 1.8532016277313232 0.9452643990516663
      vertex 4.978906631469727 1.8537806272506714 0.9400641918182373
    endloop
  endfacet
  facet normal -0.6020230958010823 0.5850812523902567 0.5433673897314134
    outer loop
      vertex 4.960508823394775 1.817129373550415 0.9591453075408936
      vertex 4.978906631469727 1.8537806272506714 0.9400641918182373
      vertex 4.956377983093262 1.8177083730697632 0.9539451003074646
    endloop
  endfacet
  facet normal -0.6019964128520061 0.585077512816412 0.5434009780170426
    outer loop
      vertex 4.956377983093262 1.8177083730697632 0.9539451003074646
      vertex 4.978906631469727 1.8537806272506714 0.9400641918182373
      vertex 4.974775314331055 1.8543596267700195 0.9348639845848083
    endloop
  endfacet
  facet normal -0.6019964128520061 0.585077512816412 0.5434009780170426
    outer loop
      vertex 4.956377983093262 1.8177083730697632 0.9539451003074646
      vertex 4.974775314331055 1.8543596267700195 0.9348639845848083
      vertex 4.95224666595459 1.8182873725891113 0.9487448930740356
    endloop
  endfacet
  facet normal -0.6019994234733294 0.5850779347967757 0.5433971883914367
    outer loop
      vertex 4.95224666595459 1.8182873725891113 0.9487448930740356
      vertex 4.974775314331055 1.8543596267700195 0.9348639845848083
      vertex 4.970643997192383 1.8549386262893677 0.9296637177467346
    endloop
  endfacet
  facet normal -0.6019994234733294 0.5850779347967757 0.5433971883914367
    outer loop
      vertex 4.95224666595459 1.8182873725891113 0.9487448930740356
      vertex 4.970643997192383 1.8549386262893677 0.9296637177467346
      vertex 4.948115348815918 1.8188663721084595 0.9435446262359619
    endloop
  endfacet
  facet normal -0.6019903222668047 0.5850759755458824 0.5434093804270796
    outer loop
      vertex 4.972902774810791 1.815392255783081 0.9747459888458252
      vertex 4.968771457672119 1.8159713745117188 0.9695457816123962
      vertex 4.9237141609191895 1.7438267469406128 0.9973075985908508
    endloop
  endfacet
  facet normal -0.6020261062438118 0.5850816742408451 0.5433636000584177
    outer loop
      vertex 4.931976318359375 1.7426687479019165 1.0077080726623535
      vertex 4.977033615112305 1.814813256263733 0.9799462556838989
      vertex 4.972902774810791 1.815392255783081 0.9747459888458252
    endloop
  endfacet
  facet normal -0.6020103604815126 0.5850810330341425 0.5433817356671271
    outer loop
      vertex 4.9237141609191895 1.7438267469406128 0.9973075985908508
      vertex 4.931976318359375 1.7426687479019165 1.0077080726623535
      vertex 4.972902774810791 1.815392255783081 0.9747459888458252
    endloop
  endfacet
  facet normal -0.6020268913618207 0.5850804171746384 0.5433640837559781
    outer loop
      vertex 4.977033615112305 1.814813256263733 0.9799462556838989
      vertex 4.9995622634887695 1.8508856296539307 0.9660653471946716
      vertex 4.995431423187256 1.8514646291732788 0.9608650803565979
    endloop
  endfacet
  facet normal -0.6020268913618207 0.5850804171746384 0.5433640837559781
    outer loop
      vertex 4.977033615112305 1.814813256263733 0.9799462556838989
      vertex 4.995431423187256 1.8514646291732788 0.9608650803565979
      vertex 4.972902774810791 1.815392255783081 0.9747459888458252
    endloop
  endfacet
  facet normal -0.6019971979269536 0.5850762557538941 0.5434014617583396
    outer loop
      vertex 4.972902774810791 1.815392255783081 0.9747459888458252
      vertex 4.995431423187256 1.8514646291732788 0.9608650803565979
      vertex 4.991300106048584 1.852043628692627 0.955664873123169
    endloop
  endfacet
  facet normal -0.6019899297223714 0.5850766040756863 0.5434091385651485
    outer loop
      vertex 4.972902774810791 1.815392255783081 0.9747459888458252
      vertex 4.991300106048584 1.852043628692627 0.955664873123169
      vertex 4.968771457672119 1.8159713745117188 0.9695457816123962
    endloop
  endfacet
  facet normal -0.6019983107085828 0.5850770952771667 0.543399325069553
    outer loop
      vertex 4.9237141609191895 1.7438267469406128 0.9973075985908508
      vertex 4.968771457672119 1.8159713745117188 0.9695457816123962
      vertex 4.960508823394775 1.817129373550415 0.9591453075408936
    endloop
  endfacet
  facet normal -0.6019983107085828 0.5850770952771667 0.543399325069553
    outer loop
      vertex 4.9237141609191895 1.7438267469406128 0.9973075985908508
      vertex 4.960508823394775 1.817129373550415 0.9591453075408936
      vertex 4.915451526641846 1.744984745979309 0.9869071245193481
    endloop
  endfacet
  facet normal -0.6019964128520061 0.585077512816412 0.5434009780170426
    outer loop
      vertex 4.98942756652832 1.8130762577056885 0.9955469369888306
      vertex 5.011956214904785 1.8491485118865967 0.9816660284996033
      vertex 5.007824897766113 1.8497275114059448 0.9764658212661743
    endloop
  endfacet
  facet normal -0.6019964128520061 0.585077512816412 0.5434009780170426
    outer loop
      vertex 4.98942756652832 1.8130762577056885 0.9955469369888306
      vertex 5.007824897766113 1.8497275114059448 0.9764658212661743
      vertex 4.985296249389648 1.8136552572250366 0.9903467297554016
    endloop
  endfacet
  facet normal -0.6019994234733294 0.5850779347967757 0.5433971883914367
    outer loop
      vertex 4.985296249389648 1.8136552572250366 0.9903467297554016
      vertex 5.007824897766113 1.8497275114059448 0.9764658212661743
      vertex 5.003693580627441 1.850306510925293 0.9712655544281006
    endloop
  endfacet
  facet normal -0.6019994234733294 0.5850779347967757 0.5433971883914367
    outer loop
      vertex 4.985296249389648 1.8136552572250366 0.9903467297554016
      vertex 5.003693580627441 1.850306510925293 0.9712655544281006
      vertex 4.981164932250977 1.8142342567443848 0.9851464629173279
    endloop
  endfacet
  facet normal -0.6019899297223714 0.5850766040756863 0.5434091385651485
    outer loop
      vertex 4.981164932250977 1.8142342567443848 0.9851464629173279
      vertex 5.003693580627441 1.850306510925293 0.9712655544281006
      vertex 4.9995622634887695 1.8508856296539307 0.9660653471946716
    endloop
  endfacet
  facet normal -0.6019971979269536 0.5850762557538941 0.5434014617583396
    outer loop
      vertex 4.981164932250977 1.8142342567443848 0.9851464629173279
      vertex 4.9995622634887695 1.8508856296539307 0.9660653471946716
      vertex 4.977033615112305 1.814813256263733 0.9799462556838989
    endloop
  endfacet
  facet normal -0.6019964128520061 0.585077512816412 0.5434009780170426
    outer loop
      vertex 4.981164932250977 1.8142342567443848 0.9851464629173279
      vertex 4.977033615112305 1.814813256263733 0.9799462556838989
      vertex 4.931976318359375 1.7426687479019165 1.0077080726623535
    endloop
  endfacet
  facet normal -0.6019996057612641 0.5850776429186354 0.5433973007110511
    outer loop
      vertex 4.940238952636719 1.7415107488632202 1.0181084871292114
      vertex 4.985296249389648 1.8136552572250366 0.9903467297554016
      vertex 4.981164932250977 1.8142342567443848 0.9851464629173279
    endloop
  endfacet
  facet normal -0.6019964128520061 0.585077512816412 0.5434009780170426
    outer loop
      vertex 4.931976318359375 1.7426687479019165 1.0077080726623535
      vertex 4.940238952636719 1.7415107488632202 1.0181084871292114
      vertex 4.981164932250977 1.8142342567443848 0.9851464629173279
    endloop
  endfacet
  facet normal -0.6020099504445696 0.5850790684311018 0.5433843053029052
    outer loop
      vertex 4.83359956741333 1.5995376110076904 1.0528312921524048
      vertex 4.841861724853516 1.5983796119689941 1.0632317066192627
      vertex 4.931976318359375 1.7426687479019165 1.0077080726623535
    endloop
  endfacet
  facet normal -0.6020113645747539 0.585079425325965 0.5433823543169959
    outer loop
      vertex 4.83359956741333 1.5995376110076904 1.0528312921524048
      vertex 4.931976318359375 1.7426687479019165 1.0077080726623535
      vertex 4.9237141609191895 1.7438267469406128 0.9973075985908508
    endloop
  endfacet
  facet normal -0.601998114439289 0.5850774095429869 0.5433992041345006
    outer loop
      vertex 4.9237141609191895 1.7438267469406128 0.9973075985908508
      vertex 4.915451526641846 1.744984745979309 0.9869071245193481
      vertex 4.825336933135986 1.6006956100463867 1.0424307584762573
    endloop
  endfacet
  facet normal -0.601999528599434 0.5850777664696322 0.5433972531665632
    outer loop
      vertex 4.9237141609191895 1.7438267469406128 0.9973075985908508
      vertex 4.825336933135986 1.6006956100463867 1.0424307584762573
      vertex 4.83359956741333 1.5995376110076904 1.0528312921524048
    endloop
  endfacet
  facet normal -0.6019964128520061 0.585077512816412 0.5434009780170426
    outer loop
      vertex 4.743484973907471 1.455248475074768 1.108354926109314
      vertex 4.7517476081848145 1.4540904760360718 1.1187553405761719
      vertex 4.796804904937744 1.5262349843978882 1.0909935235977173
    endloop
  endfacet
  facet normal -0.6020117623485621 0.5850761672713163 0.5433854216714735
    outer loop
      vertex 4.796804904937744 1.5262349843978882 1.0909935235977173
      vertex 4.841861724853516 1.5983796119689941 1.0632317066192627
      vertex 4.83359956741333 1.5995376110076904 1.0528312921524048
    endloop
  endfacet
  facet normal -0.6019966091211965 0.5850771985504094 0.5434010989526855
    outer loop
      vertex 4.653370380401611 1.3109593391418457 1.1638785600662231
      vertex 4.661633014678955 1.3098013401031494 1.174278974533081
      vertex 4.7517476081848145 1.4540904760360718 1.1187553405761719
    endloop
  endfacet
  facet normal -0.6019966091211965 0.5850771985504094 0.5434010989526855
    outer loop
      vertex 4.653370380401611 1.3109593391418457 1.1638785600662231
      vertex 4.7517476081848145 1.4540904760360718 1.1187553405761719
      vertex 4.743484973907471 1.455248475074768 1.108354926109314
    endloop
  endfacet
  facet normal -0.6020129609774132 0.5850794903464467 0.543380515652843
    outer loop
      vertex 4.743484973907471 1.455248475074768 1.108354926109314
      vertex 4.735222816467285 1.4564064741134644 1.0979543924331665
      vertex 4.645108222961426 1.312117338180542 1.1534780263900757
    endloop
  endfacet
  facet normal -0.6020129609774132 0.5850794903464467 0.543380515652843
    outer loop
      vertex 4.743484973907471 1.455248475074768 1.108354926109314
      vertex 4.645108222961426 1.312117338180542 1.1534780263900757
      vertex 4.653370380401611 1.3109593391418457 1.1638785600662231
    endloop
  endfacet
  facet normal -0.6019968053900845 0.5850768842846555 0.543401219888116
    outer loop
      vertex 4.616575717926025 1.2376567125320435 1.2020407915115356
      vertex 4.661633014678955 1.3098013401031494 1.174278974533081
      vertex 4.653370380401611 1.3109593391418457 1.1638785600662231
    endloop
  endfacet
  facet normal -0.6019968053900845 0.5850768842846555 0.543401219888116
    outer loop
      vertex 4.616575717926025 1.2376567125320435 1.2020407915115356
      vertex 4.653370380401611 1.3109593391418457 1.1638785600662231
      vertex 4.608313083648682 1.2388147115707397 1.1916403770446777
    endloop
  endfacet
  facet normal -0.6020131572520897 0.5850791760801655 0.5433806365824285
    outer loop
      vertex 4.608313083648682 1.2388147115707397 1.1916403770446777
      vertex 4.653370380401611 1.3109593391418457 1.1638785600662231
      vertex 4.645108222961426 1.312117338180542 1.1534780263900757
    endloop
  endfacet
  facet normal -0.6020131572520897 0.5850791760801655 0.5433806365824285
    outer loop
      vertex 4.608313083648682 1.2388147115707397 1.1916403770446777
      vertex 4.645108222961426 1.312117338180542 1.1534780263900757
      vertex 4.600050926208496 1.239972710609436 1.1812398433685303
    endloop
  endfacet
  facet normal -0.6020065125969031 0.585078928389159 0.5433882648216727
    outer loop
      vertex 4.624837875366211 1.2364987134933472 1.2124412059783936
      vertex 4.669895172119141 1.3086432218551636 1.184679388999939
      vertex 4.661633014678955 1.3098013401031494 1.174278974533081
    endloop
  endfacet
  facet normal -0.6020101467184347 0.5850787541649533 0.5433844262332469
    outer loop
      vertex 4.624837875366211 1.2364987134933472 1.2124412059783936
      vertex 4.661633014678955 1.3098013401031494 1.174278974533081
      vertex 4.616575717926025 1.2376567125320435 1.2020407915115356
    endloop
  endfacet
  facet normal -0.6019968053900845 0.5850768842846555 0.543401219888116
    outer loop
      vertex 4.509936332702637 1.0956835746765137 1.2367634773254395
      vertex 4.554993629455566 1.1678282022476196 1.2090016603469849
      vertex 4.546730995178223 1.168986201286316 1.198601245880127
    endloop
  endfacet
  facet normal -0.6019931712929075 0.5850770584537011 0.5434050583016988
    outer loop
      vertex 4.509936332702637 1.0956835746765137 1.2367634773254395
      vertex 4.546730995178223 1.168986201286316 1.198601245880127
      vertex 4.501673698425293 1.0968416929244995 1.2263630628585815
    endloop
  endfacet
  facet normal -0.6020131572520897 0.5850791760801655 0.5433806365824285
    outer loop
      vertex 4.518198490142822 1.0945255756378174 1.247164011001587
      vertex 4.563255786895752 1.1666702032089233 1.2194021940231323
      vertex 4.554993629455566 1.1678282022476196 1.2090016603469849
    endloop
  endfacet
  facet normal -0.6020131572520897 0.5850791760801655 0.5433806365824285
    outer loop
      vertex 4.518198490142822 1.0945255756378174 1.247164011001587
      vertex 4.554993629455566 1.1678282022476196 1.2090016603469849
      vertex 4.509936332702637 1.0956835746765137 1.2367634773254395
    endloop
  endfacet
  facet normal -0.6020005731262507 0.585076093977323 0.5433978967680169
    outer loop
      vertex 4.974775314331055 1.8543596267700195 0.9348639845848083
      vertex 4.989041328430176 1.8915899991989136 0.9105826020240784
      vertex 4.970643997192383 1.8549386262893677 0.9296637177467346
    endloop
  endfacet
  facet normal -0.6020017352684953 0.5850782588189329 0.5433942783938072
    outer loop
      vertex 4.940052509307861 1.81315016746521 0.9407668709754944
      vertex 4.948115348815918 1.8188663721084595 0.9435446262359619
      vertex 4.970643997192383 1.8549386262893677 0.9296637177467346
    endloop
  endfacet
  facet normal -0.6019960162000502 0.5850763123917081 0.5434027099282717
    outer loop
      vertex 4.940052509307861 1.81315016746521 0.9407668709754944
      vertex 4.970643997192383 1.8549386262893677 0.9296637177467346
      vertex 4.989041328430176 1.8915899991989136 0.9105826020240784
    endloop
  endfacet
  facet normal -0.6019971051403354 0.5850767853322559 0.5434009943567726
    outer loop
      vertex 5.001420497894287 1.8898292779922485 0.9261924028396606
      vertex 4.989041328430176 1.8915899991989136 0.9105826020240784
      vertex 4.974775314331055 1.8543596267700195 0.9348639845848083
    endloop
  endfacet
  facet normal -0.6020235958245529 0.5850804517913765 0.543367697790432
    outer loop
      vertex 4.98303747177124 1.8532016277313232 0.9452643990516663
      vertex 5.001420497894287 1.8898292779922485 0.9261924028396606
      vertex 4.978906631469727 1.8537806272506714 0.9400641918182373
    endloop
  endfacet
  facet normal -0.6019969128549982 0.5850767122117303 0.543401286104996
    outer loop
      vertex 4.978906631469727 1.8537806272506714 0.9400641918182373
      vertex 5.001420497894287 1.8898292779922485 0.9261924028396606
      vertex 4.974775314331055 1.8543596267700195 0.9348639845848083
    endloop
  endfacet
  facet normal -0.6019979181696928 0.5850777238090558 0.5433990831992357
    outer loop
      vertex 4.960508823394775 1.817129373550415 0.9591453075408936
      vertex 4.968771457672119 1.8159713745117188 0.9695457816123962
      vertex 4.991300106048584 1.852043628692627 0.955664873123169
    endloop
  endfacet
  facet normal -0.6019979181696928 0.5850777238090558 0.5433990831992357
    outer loop
      vertex 4.960508823394775 1.817129373550415 0.9591453075408936
      vertex 4.991300106048584 1.852043628692627 0.955664873123169
      vertex 4.98303747177124 1.8532016277313232 0.9452643990516663
    endloop
  endfacet
  facet normal -0.6020014690590761 0.5850815150710865 0.5433910672552836
    outer loop
      vertex 5.01379919052124 1.888068437576294 0.9418022036552429
      vertex 5.001420497894287 1.8898292779922485 0.9261924028396606
      vertex 4.98303747177124 1.8532016277313232 0.9452643990516663
    endloop
  endfacet
  facet normal -0.6019998160130311 0.5850773062647541 0.543397430260998
    outer loop
      vertex 4.95224666595459 1.8182873725891113 0.9487448930740356
      vertex 4.948115348815918 1.8188663721084595 0.9435446262359619
      vertex 4.90718936920166 1.7461427450180054 0.9765067100524902
    endloop
  endfacet
  facet normal -0.6019998256194108 0.5850773066561606 0.5433974191971951
    outer loop
      vertex 4.948115348815918 1.8188663721084595 0.9435446262359619
      vertex 4.891063690185547 1.734710454940796 0.9709511399269104
      vertex 4.90718936920166 1.7461427450180054 0.9765067100524902
    endloop
  endfacet
  facet normal -0.602008159710355 0.5850786430939519 0.5433867472045042
    outer loop
      vertex 4.825336933135986 1.6006956100463867 1.0424307584762573
      vertex 4.842074871063232 1.6562706232070923 1.0011353492736816
      vertex 4.793086051940918 1.5778309106826782 1.0313196182250977
    endloop
  endfacet
  facet normal -0.6019996350506432 0.5850765276701259 0.543398469052279
    outer loop
      vertex 4.90718936920166 1.7461427450180054 0.9765067100524902
      vertex 4.891063690185547 1.734710454940796 0.9709511399269104
      vertex 4.842074871063232 1.6562706232070923 1.0011353492736816
    endloop
  endfacet
  facet normal -0.6020099504445696 0.5850790684311018 0.5433843053029052
    outer loop
      vertex 4.825336933135986 1.6006956100463867 1.0424307584762573
      vertex 4.915451526641846 1.744984745979309 0.9869071245193481
      vertex 4.90718936920166 1.7461427450180054 0.9765067100524902
    endloop
  endfacet
  facet normal -0.6020071257820658 0.5850744167056458 0.5433924432895291
    outer loop
      vertex 4.825336933135986 1.6006956100463867 1.0424307584762573
      vertex 4.793086051940918 1.5778309106826782 1.0313196182250977
      vertex 4.81561279296875 1.5767735242843628 1.0574147701263428
    endloop
  endfacet
  facet normal -0.6020009595649187 0.5850754752115298 0.5433981348780282
    outer loop
      vertex 4.81561279296875 1.5767735242843628 1.0574147701263428
      vertex 4.83359956741333 1.5995376110076904 1.0528312921524048
      vertex 4.825336933135986 1.6006956100463867 1.0424307584762573
    endloop
  endfacet
  facet normal -0.6020070942668918 0.5850789520847761 0.543387594889425
    outer loop
      vertex 4.825336933135986 1.6006956100463867 1.0424307584762573
      vertex 4.90718936920166 1.7461427450180054 0.9765067100524902
      vertex 4.842074871063232 1.6562706232070923 1.0011353492736816
    endloop
  endfacet
  facet normal -0.602001604515697 0.5850777243555808 0.5433949987103502
    outer loop
      vertex 4.891063690185547 1.734710454940796 0.9709511399269104
      vertex 4.948115348815918 1.8188663721084595 0.9435446262359619
      vertex 4.940052509307861 1.81315016746521 0.9407668709754944
    endloop
  endfacet
  facet normal -0.6019991943374434 0.5850746525367859 0.5434009762376474
    outer loop
      vertex 4.81561279296875 1.5767735242843628 1.0574147701263428
      vertex 4.805614471435547 1.5591332912445068 1.0653313398361206
      vertex 4.83359956741333 1.5995376110076904 1.0528312921524048
    endloop
  endfacet
  facet normal -0.6019958412971617 0.5850784279880333 0.543400625840617
    outer loop
      vertex 4.995431423187256 1.8514646291732788 0.9608650803565979
      vertex 5.01379919052124 1.888068437576294 0.9418022036552429
      vertex 4.991300106048584 1.852043628692627 0.955664873123169
    endloop
  endfacet
  facet normal -0.6019973466131159 0.5850786389817525 0.5433987310235717
    outer loop
      vertex 4.98303747177124 1.8532016277313232 0.9452643990516663
      vertex 4.991300106048584 1.852043628692627 0.955664873123169
      vertex 5.01379919052124 1.888068437576294 0.9418022036552429
    endloop
  endfacet
  facet normal -0.6020291353886336 0.5850768242032123 0.5433654662595863
    outer loop
      vertex 5.01379919052124 1.888068437576294 0.9418022036552429
      vertex 4.995431423187256 1.8514646291732788 0.9608650803565979
      vertex 4.9995622634887695 1.8508856296539307 0.9660653471946716
    endloop
  endfacet
  facet normal -0.6020035582642558 0.5850819327604537 0.5433883029606607
    outer loop
      vertex 5.026177883148193 1.886307716369629 0.9574120044708252
      vertex 5.01379919052124 1.888068437576294 0.9418022036552429
      vertex 4.9995622634887695 1.8508856296539307 0.9660653471946716
    endloop
  endfacet
  facet normal -0.602008551253674 0.5850756981389518 0.5433894843155053
    outer loop
      vertex 5.011956214904785 1.8491485118865967 0.9816660284996033
      vertex 5.0385565757751465 1.8845469951629639 0.9730218648910522
      vertex 5.026177883148193 1.886307716369629 0.9574120044708252
    endloop
  endfacet
  facet normal -0.6019993522035711 0.5850780489133494 0.5433971444774339
    outer loop
      vertex 5.026177883148193 1.886307716369629 0.9574120044708252
      vertex 5.003693580627441 1.850306510925293 0.9712655544281006
      vertex 5.007824897766113 1.8497275114059448 0.9764658212661743
    endloop
  endfacet
  facet normal -0.6019959762875545 0.5850782118420677 0.5434007090180162
    outer loop
      vertex 5.026177883148193 1.886307716369629 0.9574120044708252
      vertex 5.007824897766113 1.8497275114059448 0.9764658212661743
      vertex 5.011956214904785 1.8491485118865967 0.9816660284996033
    endloop
  endfacet
  facet normal -0.6019898584569691 0.5850767181835073 0.543409094655744
    outer loop
      vertex 5.003693580627441 1.850306510925293 0.9712655544281006
      vertex 5.026177883148193 1.886307716369629 0.9574120044708252
      vertex 4.9995622634887695 1.8508856296539307 0.9660653471946716
    endloop
  endfacet
  facet normal -0.6020145861281578 0.5850779961604032 0.5433803239885209
    outer loop
      vertex 4.977447509765625 1.7867002487182617 1.010673999786377
      vertex 5.0385565757751465 1.8845469951629639 0.9730218648910522
      vertex 5.011956214904785 1.8491485118865967 0.9816660284996033
    endloop
  endfacet
  facet normal -0.6019966154184605 0.5850775412092828 0.5434007230370771
    outer loop
      vertex 4.977447509765625 1.7867002487182617 1.010673999786377
      vertex 5.011956214904785 1.8491485118865967 0.9816660284996033
      vertex 4.98942756652832 1.8130762577056885 0.9955469369888306
    endloop
  endfacet
  facet normal -0.6019966091211965 0.5850771985504094 0.5434010989526855
    outer loop
      vertex 4.841861724853516 1.5983796119689941 1.0632317066192627
      vertex 4.940238952636719 1.7415107488632202 1.0181084871292114
      vertex 4.931976318359375 1.7426687479019165 1.0077080726623535
    endloop
  endfacet
  facet normal -0.6019974802887924 0.5850774443453566 0.5433998691978598
    outer loop
      vertex 4.940238952636719 1.7415107488632202 1.0181084871292114
      vertex 4.977447509765625 1.7867002487182617 1.010673999786377
      vertex 4.98942756652832 1.8130762577056885 0.9955469369888306
    endloop
  endfacet
  facet normal -0.6020028982490938 0.5850787858824594 0.5433924224812107
    outer loop
      vertex 4.940238952636719 1.7415107488632202 1.0181084871292114
      vertex 4.841861724853516 1.5983796119689941 1.0632317066192627
      vertex 4.916337966918945 1.6888536214828491 1.0483262538909912
    endloop
  endfacet
  facet normal -0.6019968885917035 0.5850755157854388 0.5434026011663091
    outer loop
      vertex 4.855228900909424 1.591006875038147 1.085978388786316
      vertex 4.916337966918945 1.6888536214828491 1.0483262538909912
      vertex 4.841861724853516 1.5983796119689941 1.0632317066192627
    endloop
  endfacet
  facet normal -0.6020004488895435 0.5850790611975043 0.5433948395826328
    outer loop
      vertex 4.977447509765625 1.7867002487182617 1.010673999786377
      vertex 4.940238952636719 1.7415107488632202 1.0181084871292114
      vertex 4.916337966918945 1.6888536214828491 1.0483262538909912
    endloop
  endfacet
  facet normal -0.6019965951405897 0.5850772209361487 0.5434010903382234
    outer loop
      vertex 4.940238952636719 1.7415107488632202 1.0181084871292114
      vertex 4.98942756652832 1.8130762577056885 0.9955469369888306
      vertex 4.985296249389648 1.8136552572250366 0.9903467297554016
    endloop
  endfacet
  facet normal -0.6020123552854407 0.5850762503674013 0.543384675289705
    outer loop
      vertex 4.841861724853516 1.5983796119689941 1.0632317066192627
      vertex 4.796804904937744 1.5262349843978882 1.0909935235977173
      vertex 4.794119358062744 1.4931602478027344 1.1236306428909302
    endloop
  endfacet
  facet normal -0.6019946328750095 0.5850782459983035 0.5434021605121121
    outer loop
      vertex 4.841861724853516 1.5983796119689941 1.0632317066192627
      vertex 4.794119358062744 1.4931602478027344 1.1236306428909302
      vertex 4.855228900909424 1.591006875038147 1.085978388786316
    endloop
  endfacet
  facet normal -0.6020377327049528 0.5850847665140346 0.5433473883186496
    outer loop
      vertex 4.805614471435547 1.5591332912445068 1.0653313398361206
      vertex 4.7956156730651855 1.5414929389953613 1.0732479095458984
      vertex 4.83359956741333 1.5995376110076904 1.0528312921524048
    endloop
  endfacet
  facet normal -0.6020020884718189 0.5850758621769263 0.5433964675754663
    outer loop
      vertex 4.735222816467285 1.4564064741134644 1.0979543924331665
      vertex 4.7601213455200195 1.5250492095947266 1.0516304969787598
      vertex 4.708160400390625 1.441850185394287 1.0836460590362549
    endloop
  endfacet
  facet normal -0.6020027757617763 0.5850765090080161 0.5433950097140288
    outer loop
      vertex 4.645108222961426 1.312117338180542 1.1534780263900757
      vertex 4.656198978424072 1.3586511611938477 1.1156617403030396
      vertex 4.604238033294678 1.2754521369934082 1.1476774215698242
    endloop
  endfacet
  facet normal -0.6020020294402766 0.5850788439024867 0.5433933225275388
    outer loop
      vertex 4.735222816467285 1.4564064741134644 1.0979543924331665
      vertex 4.708160400390625 1.441850185394287 1.0836460590362549
      vertex 4.656198978424072 1.3586511611938477 1.1156617403030396
    endloop
  endfacet
  facet normal -0.6020005927853652 0.5850745282934381 0.5433995607545887
    outer loop
      vertex 4.796804904937744 1.5262349843978882 1.0909935235977173
      vertex 4.7956156730651855 1.5414929389953613 1.0732479095458984
      vertex 4.785617351531982 1.5238525867462158 1.0811645984649658
    endloop
  endfacet
  facet normal -0.6019996252453972 0.5850776213018202 0.5433973024005597
    outer loop
      vertex 4.656198978424072 1.3586511611938477 1.1156617403030396
      vertex 4.645108222961426 1.312117338180542 1.1534780263900757
      vertex 4.735222816467285 1.4564064741134644 1.0979543924331665
    endloop
  endfacet
  facet normal -0.6020125285102043 0.5850801827928742 0.5433802491992208
    outer loop
      vertex 4.785617351531982 1.5238525867462158 1.0811645984649658
      vertex 4.735222816467285 1.4564064741134644 1.0979543924331665
      vertex 4.743484973907471 1.455248475074768 1.108354926109314
    endloop
  endfacet
  facet normal -0.6019991041908712 0.5850785357679775 0.5433968950380451
    outer loop
      vertex 4.796804904937744 1.5262349843978882 1.0909935235977173
      vertex 4.785617351531982 1.5238525867462158 1.0811645984649658
      vertex 4.743484973907471 1.455248475074768 1.108354926109314
    endloop
  endfacet
  facet normal -0.6020036325823849 0.5850778411923082 0.5433926261032268
    outer loop
      vertex 4.645108222961426 1.312117338180542 1.1534780263900757
      vertex 4.604238033294678 1.2754521369934082 1.1476774215698242
      vertex 4.600050926208496 1.239972710609436 1.1812398433685303
    endloop
  endfacet
  facet normal -0.6020013493573875 0.5850760269462136 0.5433971089955467
    outer loop
      vertex 4.785617351531982 1.5238525867462158 1.0811645984649658
      vertex 4.7601213455200195 1.5250492095947266 1.0516304969787598
      vertex 4.735222816467285 1.4564064741134644 1.0979543924331665
    endloop
  endfacet
  facet normal -0.6020007594432994 0.5850791649088108 0.5433943838680146
    outer loop
      vertex 4.604238033294678 1.2754521369934082 1.1476774215698242
      vertex 4.546730995178223 1.168986201286316 1.198601245880127
      vertex 4.600050926208496 1.239972710609436 1.1812398433685303
    endloop
  endfacet
  facet normal -0.6020019211478279 0.5850788287243024 0.5433934588425986
    outer loop
      vertex 4.552276611328125 1.1922531127929688 1.1796931028366089
      vertex 4.500315189361572 1.1090540885925293 1.2117087841033936
      vertex 4.501673698425293 1.0968416929244995 1.2263630628585815
    endloop
  endfacet
  facet normal -0.6020056029129333 0.5850788008939795 0.5433894099132768
    outer loop
      vertex 4.552276611328125 1.1922531127929688 1.1796931028366089
      vertex 4.501673698425293 1.0968416929244995 1.2263630628585815
      vertex 4.546730995178223 1.168986201286316 1.198601245880127
    endloop
  endfacet
  facet normal -0.6020050946963899 0.5850768340169774 0.5433920907192714
    outer loop
      vertex 4.501673698425293 1.0968416929244995 1.2263630628585815
      vertex 4.500315189361572 1.1090540885925293 1.2117087841033936
      vertex 4.448354244232178 1.0258550643920898 1.2437244653701782
    endloop
  endfacet
  facet normal -0.6020042838120753 0.5850765258170914 0.5433933209101056
    outer loop
      vertex 4.464879035949707 1.0235390663146973 1.264525294303894
      vertex 4.501673698425293 1.0968416929244995 1.2263630628585815
      vertex 4.448354244232178 1.0258550643920898 1.2437244653701782
    endloop
  endfacet
  facet normal -0.6020127036013063 0.5850799024452641 0.5433803570771455
    outer loop
      vertex 4.600050926208496 1.239972710609436 1.1812398433685303
      vertex 4.584976673126221 1.200545072555542 1.2069923877716064
      vertex 4.608313083648682 1.2388147115707397 1.1916403770446777
    endloop
  endfacet
  facet normal -0.6020130160430147 0.5850798398369408 0.5433800783348363
    outer loop
      vertex 4.554993629455566 1.1678282022476196 1.2090016603469849
      vertex 4.584976673126221 1.200545072555542 1.2069923877716064
      vertex 4.600050926208496 1.239972710609436 1.1812398433685303
    endloop
  endfacet
  facet normal -0.6019931712929075 0.5850770584537011 0.5434050583016988
    outer loop
      vertex 4.501673698425293 1.0968416929244995 1.2263630628585815
      vertex 4.464879035949707 1.0235390663146973 1.264525294303894
      vertex 4.509936332702637 1.0956835746765137 1.2367634773254395
    endloop
  endfacet
  facet normal -0.6019964128520061 0.585077512816412 0.5434009780170426
    outer loop
      vertex 4.554993629455566 1.1678282022476196 1.2090016603469849
      vertex 4.600050926208496 1.239972710609436 1.1812398433685303
      vertex 4.546730995178223 1.168986201286316 1.198601245880127
    endloop
  endfacet
  facet normal -0.6020127647024345 0.5850798046129768 0.543380394723045
    outer loop
      vertex 4.464879035949707 1.0235390663146973 1.264525294303894
      vertex 4.518198490142822 1.0945255756378174 1.247164011001587
      vertex 4.509936332702637 1.0956835746765137 1.2367634773254395
    endloop
  endfacet
  facet normal -0.602004500222167 0.5850791902011755 0.5433902123757801
    outer loop
      vertex 4.552276611328125 1.1922531127929688 1.1796931028366089
      vertex 4.546730995178223 1.168986201286316 1.198601245880127
      vertex 4.604238033294678 1.2754521369934082 1.1476774215698242
    endloop
  endfacet
  facet normal -0.6020068120488395 0.5850789703580899 0.5433878878770769
    outer loop
      vertex 4.794119358062744 1.4931602478027344 1.1236306428909302
      vertex 4.796804904937744 1.5262349843978882 1.0909935235977173
      vertex 4.7517476081848145 1.4540904760360718 1.1187553405761719
    endloop
  endfacet
  facet normal -0.6020067088726591 0.5850786141232497 0.5433883857499413
    outer loop
      vertex 4.669895172119141 1.3086432218551636 1.184679388999939
      vertex 4.7517476081848145 1.4540904760360718 1.1187553405761719
      vertex 4.661633014678955 1.3098013401031494 1.174278974533081
    endloop
  endfacet
  facet normal -0.6020059541142075 0.5850777584845902 0.5433901432099134
    outer loop
      vertex 4.733010292053223 1.3953136205673218 1.1612828969955444
      vertex 4.794119358062744 1.4931602478027344 1.1236306428909302
      vertex 4.7517476081848145 1.4540904760360718 1.1187553405761719
    endloop
  endfacet
  facet normal -0.6019963793079777 0.5850775081146842 0.5434010202404824
    outer loop
      vertex 4.669895172119141 1.3086432218551636 1.184679388999939
      vertex 4.624837875366211 1.2364987134933472 1.2124412059783936
      vertex 4.6107916831970215 1.199620246887207 1.2365872859954834
    endloop
  endfacet
  facet normal -0.6020047459574638 0.5850775891584029 0.5433916640042252
    outer loop
      vertex 4.669895172119141 1.3086432218551636 1.184679388999939
      vertex 4.6107916831970215 1.199620246887207 1.2365872859954834
      vertex 4.671900749206543 1.2974668741226196 1.1989350318908691
    endloop
  endfacet
  facet normal -0.6020033871395172 0.5850785009355259 0.5433921876652134
    outer loop
      vertex 4.733010292053223 1.3953136205673218 1.1612828969955444
      vertex 4.669895172119141 1.3086432218551636 1.184679388999939
      vertex 4.671900749206543 1.2974668741226196 1.1989350318908691
    endloop
  endfacet
  facet normal -0.6020033112613792 0.5850784757053562 0.5433922988933796
    outer loop
      vertex 4.733010292053223 1.3953136205673218 1.1612828969955444
      vertex 4.7517476081848145 1.4540904760360718 1.1187553405761719
      vertex 4.669895172119141 1.3086432218551636 1.184679388999939
    endloop
  endfacet
  facet normal -0.6020065982759824 0.5850844357579287 0.543382239925088
    outer loop
      vertex 4.616575717926025 1.2376567125320435 1.2020407915115356
      vertex 4.584976673126221 1.200545072555542 1.2069923877716064
      vertex 4.624837875366211 1.2364987134933472 1.2124412059783936
    endloop
  endfacet
  facet normal -0.6020082282669088 0.5850789173202888 0.5433863759851328
    outer loop
      vertex 4.563255786895752 1.1666702032089233 1.2194021940231323
      vertex 4.568270683288574 1.1706886291503906 1.2206313610076904
      vertex 4.584976673126221 1.200545072555542 1.2069923877716064
    endloop
  endfacet
  facet normal -0.6020099264678019 0.5850787232971737 0.5433847034828833
    outer loop
      vertex 4.551564693450928 1.1408321857452393 1.2342703342437744
      vertex 4.563255786895752 1.1666702032089233 1.2194021940231323
      vertex 4.518198490142822 1.0945255756378174 1.247164011001587
    endloop
  endfacet
  facet normal -0.6020031642242116 0.5850765794875781 0.5433945034679248
    outer loop
      vertex 4.481403827667236 1.0212229490280151 1.2853262424468994
      vertex 4.551564693450928 1.1408321857452393 1.2342703342437744
      vertex 4.518198490142822 1.0945255756378174 1.247164011001587
    endloop
  endfacet
  facet normal -0.6020082282669088 0.5850789173202888 0.5433863759851328
    outer loop
      vertex 4.568270683288574 1.1706886291503906 1.2206313610076904
      vertex 4.563255786895752 1.1666702032089233 1.2194021940231323
      vertex 4.551564693450928 1.1408321857452393 1.2342703342437744
    endloop
  endfacet
  facet normal -0.6020128334516235 0.5850796945349426 0.543380437081099
    outer loop
      vertex 4.563255786895752 1.1666702032089233 1.2194021940231323
      vertex 4.584976673126221 1.200545072555542 1.2069923877716064
      vertex 4.554993629455566 1.1678282022476196 1.2090016603469849
    endloop
  endfacet
  facet normal -0.6020013930534936 0.5850764951195356 0.5433965565038972
    outer loop
      vertex 4.624837875366211 1.2364987134933472 1.2124412059783936
      vertex 4.584976673126221 1.200545072555542 1.2069923877716064
      vertex 4.6107916831970215 1.199620246887207 1.2365872859954834
    endloop
  endfacet
  facet normal -0.6020064631228075 0.5850756575735311 0.5433918413753267
    outer loop
      vertex 4.497928619384766 1.0189069509506226 1.3061271905899048
      vertex 4.535755634307861 1.0794751644134521 1.2828201055526733
      vertex 4.481403827667236 1.0212229490280151 1.2853262424468994
    endloop
  endfacet
  facet normal -0.60199990666407 0.5850796600312618 0.5433947955162564
    outer loop
      vertex 4.551564693450928 1.1408321857452393 1.2342703342437744
      vertex 4.535755634307861 1.0794751644134521 1.2828201055526733
      vertex 4.573583126068115 1.1400432586669922 1.2595129013061523
    endloop
  endfacet
  facet normal -0.602007997503097 0.5850769559389486 0.5433887435082959
    outer loop
      vertex 4.551564693450928 1.1408321857452393 1.2342703342437744
      vertex 4.481403827667236 1.0212229490280151 1.2853262424468994
      vertex 4.535755634307861 1.0794751644134521 1.2828201055526733
    endloop
  endfacet
  facet normal -0.6020041543586642 0.5850765320228757 0.5433934576446378
    outer loop
      vertex 4.481403827667236 1.0212229490280151 1.2853262424468994
      vertex 4.518198490142822 1.0945255756378174 1.247164011001587
      vertex 4.464879035949707 1.0235390663146973 1.264525294303894
    endloop
  endfacet
  facet normal -0.6019961167471867 0.5850779869386641 0.5434007955653984
    outer loop
      vertex 4.584976673126221 1.200545072555542 1.2069923877716064
      vertex 4.616575717926025 1.2376567125320435 1.2020407915115356
      vertex 4.608313083648682 1.2388147115707397 1.1916403770446777
    endloop
  endfacet
  facet normal -0.601996701169541 0.585076889279806 0.5434013299686119
    outer loop
      vertex 4.83359956741333 1.5995376110076904 1.0528312921524048
      vertex 4.7956156730651855 1.5414929389953613 1.0732479095458984
      vertex 4.796804904937744 1.5262349843978882 1.0909935235977173
    endloop
  endfacet
  facet normal -0.6196849320722143 0.08685608885387082 -0.7800298742943526
    outer loop
      vertex 4.8678460121154785 1.6510647535324097 0.9800825715065002
      vertex 4.876875877380371 1.6422886848449707 0.9719316959381104
      vertex 4.842061996459961 1.586545467376709 0.9933821558952332
    endloop
  endfacet
  facet normal -0.6196704298988404 0.0868477265517804 -0.7800423262245285
    outer loop
      vertex 4.8678460121154785 1.6510647535324097 0.9800825715065002
      vertex 4.842061996459961 1.586545467376709 0.9933821558952332
      vertex 4.83303165435791 1.5953216552734375 1.001533031463623
    endloop
  endfacet
  facet normal -0.6196845165270749 0.08685568498971079 -0.7800302493888127
    outer loop
      vertex 4.972287654876709 1.8182944059371948 0.9157312512397766
      vertex 4.981317520141602 1.8095182180404663 0.9075803756713867
      vertex 4.946503639221191 1.7537750005722046 0.9290308356285095
    endloop
  endfacet
  facet normal -0.6196845165270749 0.08685568498971079 -0.7800302493888127
    outer loop
      vertex 4.972287654876709 1.8182944059371948 0.9157312512397766
      vertex 4.946503639221191 1.7537750005722046 0.9290308356285095
      vertex 4.937473773956299 1.762551188468933 0.9371817111968994
    endloop
  endfacet
  facet normal -0.6196704298988404 0.0868477265517804 -0.7800423262245285
    outer loop
      vertex 4.858815670013428 1.6598409414291382 0.9882334470748901
      vertex 4.8678460121154785 1.6510647535324097 0.9800825715065002
      vertex 4.83303165435791 1.5953216552734375 1.001533031463623
    endloop
  endfacet
  facet normal -0.619682727446044 0.08685481760578907 -0.7800317672785493
    outer loop
      vertex 4.858815670013428 1.6598409414291382 0.9882334470748901
      vertex 4.83303165435791 1.5953216552734375 1.001533031463623
      vertex 4.824001789093018 1.6040977239608765 1.0096838474273682
    endloop
  endfacet
  facet normal -0.6196845165270749 0.08685568498971079 -0.7800302493888127
    outer loop
      vertex 4.963257789611816 1.8270705938339233 0.9238821268081665
      vertex 4.972287654876709 1.8182944059371948 0.9157312512397766
      vertex 4.937473773956299 1.762551188468933 0.9371817111968994
    endloop
  endfacet
  facet normal -0.6196705053109504 0.08684760580241337 -0.7800422797605654
    outer loop
      vertex 4.963257789611816 1.8270705938339233 0.9238821268081665
      vertex 4.937473773956299 1.762551188468933 0.9371817111968994
      vertex 4.928443431854248 1.7713273763656616 0.9453325867652893
    endloop
  endfacet
  facet normal -0.6196867224772191 0.08685769453954462 -0.7800282731316327
    outer loop
      vertex 4.8644304275512695 1.5991266965866089 0.9770126938819885
      vertex 4.816277980804443 1.5220260620117188 1.0066816806793213
      vertex 4.842061996459961 1.586545467376709 0.9933821558952332
    endloop
  endfacet
  facet normal -0.6196761620742899 0.08685160515388433 -0.7800373406697094
    outer loop
      vertex 4.804681777954102 1.5499284267425537 1.0190006494522095
      vertex 4.842061996459961 1.586545467376709 0.9933821558952332
      vertex 4.816277980804443 1.5220260620117188 1.0066816806793213
    endloop
  endfacet
  facet normal -0.6196867805048001 0.08685788532996781 -0.780028205787202
    outer loop
      vertex 4.876875877380371 1.6422886848449707 0.9719316959381104
      vertex 4.8644304275512695 1.5991266965866089 0.9770126938819885
      vertex 4.842061996459961 1.586545467376709 0.9933821558952332
    endloop
  endfacet
  facet normal -0.6196722186008885 0.08684486248748369 -0.7800412241374058
    outer loop
      vertex 4.804681777954102 1.5499284267425537 1.0190006494522095
      vertex 4.83303165435791 1.5953216552734375 1.001533031463623
      vertex 4.842061996459961 1.586545467376709 0.9933821558952332
    endloop
  endfacet
  facet normal -0.6196826270986742 0.08685497827875302 -0.7800318291071736
    outer loop
      vertex 4.824001789093018 1.6040977239608765 1.0096838474273682
      vertex 4.83303165435791 1.5953216552734375 1.001533031463623
      vertex 4.804681777954102 1.5499284267425537 1.0190006494522095
    endloop
  endfacet
  facet normal -0.6196847250303275 0.08685642036368194 -0.7800300018625532
    outer loop
      vertex 4.946503639221191 1.7537750005722046 0.9290308356285095
      vertex 4.876875877380371 1.6422886848449707 0.9719316959381104
      vertex 4.8678460121154785 1.6510647535324097 0.9800825715065002
    endloop
  endfacet
  facet normal -0.6196843471940233 0.08685595611784128 -0.7800303537232206
    outer loop
      vertex 4.946503639221191 1.7537750005722046 0.9290308356285095
      vertex 4.8678460121154785 1.6510647535324097 0.9800825715065002
      vertex 4.937473773956299 1.762551188468933 0.9371817111968994
    endloop
  endfacet
  facet normal -0.6196793280134756 0.08685500170078159 -0.7800344473882705
    outer loop
      vertex 4.912583351135254 1.6762274503707886 0.9473437666893005
      vertex 4.8644304275512695 1.5991266965866089 0.9770126938819885
      vertex 4.876875877380371 1.6422886848449707 0.9719316959381104
    endloop
  endfacet
  facet normal -0.6196765579463558 0.08684781577753795 -0.7800374480923512
    outer loop
      vertex 4.946503639221191 1.7537750005722046 0.9290308356285095
      vertex 4.96073579788208 1.7533280849456787 0.9176747798919678
      vertex 4.912583351135254 1.6762274503707886 0.9473437666893005
    endloop
  endfacet
  facet normal -0.6196765579463558 0.08684781577753795 -0.7800374480923512
    outer loop
      vertex 5.008888244628906 1.8304287195205688 0.888005793094635
      vertex 4.96073579788208 1.7533280849456787 0.9176747798919678
      vertex 4.946503639221191 1.7537750005722046 0.9290308356285095
    endloop
  endfacet
  facet normal -0.6196769467596344 0.0868483280515172 -0.7800370821757855
    outer loop
      vertex 5.008888244628906 1.8304287195205688 0.888005793094635
      vertex 4.946503639221191 1.7537750005722046 0.9290308356285095
      vertex 4.981317520141602 1.8095182180404663 0.9075803756713867
    endloop
  endfacet
  facet normal -0.6196838636935715 0.08685673027538827 -0.7800306516308674
    outer loop
      vertex 5.002272605895996 1.850815773010254 0.895531415939331
      vertex 4.981317520141602 1.8095182180404663 0.9075803756713867
      vertex 4.972287654876709 1.8182944059371948 0.9157312512397766
    endloop
  endfacet
  facet normal -0.6196789736324343 0.08685299416967364 -0.7800349524486807
    outer loop
      vertex 5.008888244628906 1.8304287195205688 0.888005793094635
      vertex 4.981317520141602 1.8095182180404663 0.9075803756713867
      vertex 5.002272605895996 1.850815773010254 0.895531415939331
    endloop
  endfacet
  facet normal -0.6196745362862939 0.08684651809026153 -0.7800391986137394
    outer loop
      vertex 4.946503639221191 1.7537750005722046 0.9290308356285095
      vertex 4.912583351135254 1.6762274503707886 0.9473437666893005
      vertex 4.876875877380371 1.6422886848449707 0.9719316959381104
    endloop
  endfacet
  facet normal -0.6196830869736816 0.08685516702598131 -0.7800314427506483
    outer loop
      vertex 4.842074871063232 1.6562706232070923 1.0011353492736816
      vertex 4.858815670013428 1.6598409414291382 0.9882334470748901
      vertex 4.824001789093018 1.6040977239608765 1.0096838474273682
    endloop
  endfacet
  facet normal -0.6196724882836501 0.08684443067108255 -0.7800410579743641
    outer loop
      vertex 4.858815670013428 1.6598409414291382 0.9882334470748901
      vertex 4.928443431854248 1.7713273763656616 0.9453325867652893
      vertex 4.937473773956299 1.762551188468933 0.9371817111968994
    endloop
  endfacet
  facet normal -0.6196724882836501 0.08684443067108255 -0.7800410579743641
    outer loop
      vertex 4.858815670013428 1.6598409414291382 0.9882334470748901
      vertex 4.937473773956299 1.762551188468933 0.9371817111968994
      vertex 4.8678460121154785 1.6510647535324097 0.9800825715065002
    endloop
  endfacet
  facet normal -0.6196839229044352 0.08685557281307477 -0.7800307334747028
    outer loop
      vertex 4.824001789093018 1.6040977239608765 1.0096838474273682
      vertex 4.793086051940918 1.5778309106826782 1.0313196182250977
      vertex 4.842074871063232 1.6562706232070923 1.0011353492736816
    endloop
  endfacet
  facet normal -0.6196830933713651 0.08685524795378567 -0.7800314286569372
    outer loop
      vertex 4.858815670013428 1.6598409414291382 0.9882334470748901
      vertex 4.842074871063232 1.6562706232070923 1.0011353492736816
      vertex 4.891063690185547 1.734710454940796 0.9709511399269104
    endloop
  endfacet
  facet normal -0.6196839606778459 0.08685564897511466 -0.7800306949856075
    outer loop
      vertex 4.793086051940918 1.5778309106826782 1.0313196182250977
      vertex 4.824001789093018 1.6040977239608765 1.0096838474273682
      vertex 4.804681777954102 1.5499284267425537 1.0190006494522095
    endloop
  endfacet
  facet normal -0.619684587622736 0.08685618978794858 -0.7800301366988067
    outer loop
      vertex 4.891063690185547 1.734710454940796 0.9709511399269104
      vertex 4.928443431854248 1.7713273763656616 0.9453325867652893
      vertex 4.858815670013428 1.6598409414291382 0.9882334470748901
    endloop
  endfacet
  facet normal -0.6196855698575211 0.08685399844372418 -0.7800296003772529
    outer loop
      vertex 4.995656967163086 1.8712029457092285 0.9030569791793823
      vertex 4.972287654876709 1.8182944059371948 0.9157312512397766
      vertex 4.963257789611816 1.8270705938339233 0.9238821268081665
    endloop
  endfacet
  facet normal -0.6196794568342058 0.08685002914615333 -0.7800348987160611
    outer loop
      vertex 5.002272605895996 1.850815773010254 0.895531415939331
      vertex 4.972287654876709 1.8182944059371948 0.9157312512397766
      vertex 4.995656967163086 1.8712029457092285 0.9030569791793823
    endloop
  endfacet
  facet normal -0.6196762148569078 0.08685315482918485 -0.7800371261913327
    outer loop
      vertex 4.963257789611816 1.8270705938339233 0.9238821268081665
      vertex 4.928443431854248 1.7713273763656616 0.9453325867652893
      vertex 4.940052509307861 1.81315016746521 0.9407668709754944
    endloop
  endfacet
  facet normal -0.6196846269993572 0.08685625711626753 -0.780030097919574
    outer loop
      vertex 4.891063690185547 1.734710454940796 0.9709511399269104
      vertex 4.940052509307861 1.81315016746521 0.9407668709754944
      vertex 4.928443431854248 1.7713273763656616 0.9453325867652893
    endloop
  endfacet
  facet normal -0.6196827815431851 0.08685073468066394 -0.7800321789159278
    outer loop
      vertex 4.995656967163086 1.8712029457092285 0.9030569791793823
      vertex 4.963257789611816 1.8270705938339233 0.9238821268081665
      vertex 4.989041328430176 1.8915899991989136 0.9105826020240784
    endloop
  endfacet
  facet normal -0.6196736966542207 0.08684549620506339 -0.780039979400921
    outer loop
      vertex 4.940052509307861 1.81315016746521 0.9407668709754944
      vertex 4.989041328430176 1.8915899991989136 0.9105826020240784
      vertex 4.963257789611816 1.8270705938339233 0.9238821268081665
    endloop
  endfacet
  facet normal 0.6196826335689352 -0.08685389871426338 0.7800319441735714
    outer loop
      vertex 5.011939525604248 1.8186935186386108 0.9868347644805908
      vertex 4.976292610168457 1.7616163492202759 1.0087984800338745
      vertex 4.98532247543335 1.7528401613235474 1.0006476640701294
    endloop
  endfacet
  facet normal 0.619671358501133 -0.08684730879790017 0.7800416350477215
    outer loop
      vertex 5.011939525604248 1.8186935186386108 0.9868347644805908
      vertex 4.98532247543335 1.7528401613235474 1.0006476640701294
      vertex 5.020969867706299 1.8099174499511719 0.9786838889122009
    endloop
  endfacet
  facet normal 0.6196709429983779 -0.08684690497974895 0.7800420100859566
    outer loop
      vertex 5.020969867706299 1.8099174499511719 0.9786838889122009
      vertex 4.98532247543335 1.7528401613235474 1.0006476640701294
      vertex 4.9943528175354 1.7440639734268188 0.9924967885017395
    endloop
  endfacet
  facet normal 0.6196871006257074 -0.0868563485966866 0.7800281225869712
    outer loop
      vertex 5.020969867706299 1.8099174499511719 0.9786838889122009
      vertex 4.9943528175354 1.7440639734268188 0.9924967885017395
      vertex 5.029999732971191 1.8011412620544434 0.9705329537391663
    endloop
  endfacet
  facet normal 0.6196812658227459 -0.08685439963308861 0.7800329749777858
    outer loop
      vertex 4.733428001403809 1.303043007850647 1.15067720413208
      vertex 4.639612197875977 1.199297308921814 1.2136554718017578
      vertex 4.668432712554932 1.1989744901657104 1.1907236576080322
    endloop
  endfacet
  facet normal 0.6196784854242 -0.08685026504271422 0.7800356441627394
    outer loop
      vertex 4.733428001403809 1.303043007850647 1.15067720413208
      vertex 4.671900749206543 1.2974668741226196 1.1989350318908691
      vertex 4.639612197875977 1.199297308921814 1.2136554718017578
    endloop
  endfacet
  facet normal 0.6196824874752201 -0.08685251654184388 0.7800322141340525
    outer loop
      vertex 4.733428001403809 1.303043007850647 1.15067720413208
      vertex 4.798422813415527 1.407111644744873 1.110630750656128
      vertex 4.733010292053223 1.3953136205673218 1.1612828969955444
    endloop
  endfacet
  facet normal 0.619678490768609 -0.08685289474380065 0.7800353471179119
    outer loop
      vertex 4.733428001403809 1.303043007850647 1.15067720413208
      vertex 4.733010292053223 1.3953136205673218 1.1612828969955444
      vertex 4.671900749206543 1.2974668741226196 1.1989350318908691
    endloop
  endfacet
  facet normal 0.6196802947177079 -0.08685345582710631 0.7800338515407287
    outer loop
      vertex 4.798422813415527 1.407111644744873 1.110630750656128
      vertex 4.863418102264404 1.5111801624298096 1.0705842971801758
      vertex 4.855228900909424 1.591006875038147 1.085978388786316
    endloop
  endfacet
  facet normal 0.6196797315950284 -0.08685321835981356 0.7800343253414277
    outer loop
      vertex 4.798422813415527 1.407111644744873 1.110630750656128
      vertex 4.855228900909424 1.591006875038147 1.085978388786316
      vertex 4.794119358062744 1.4931602478027344 1.1236306428909302
    endloop
  endfacet
  facet normal 0.619676809279094 -0.08685100189998679 0.7800368936855806
    outer loop
      vertex 4.863418102264404 1.5111801624298096 1.0705842971801758
      vertex 4.928413391113281 1.615248680114746 1.0305379629135132
      vertex 4.916337966918945 1.6888536214828491 1.0483262538909912
    endloop
  endfacet
  facet normal 0.6196819006546394 -0.08685305368267222 0.7800326205147119
    outer loop
      vertex 4.863418102264404 1.5111801624298096 1.0705842971801758
      vertex 4.916337966918945 1.6888536214828491 1.0483262538909912
      vertex 4.855228900909424 1.591006875038147 1.085978388786316
    endloop
  endfacet
  facet normal 0.6196812222763435 -0.0868515120527273 0.7800333310905708
    outer loop
      vertex 4.639612197875977 1.199297308921814 1.2136554718017578
      vertex 4.671900749206543 1.2974668741226196 1.1989350318908691
      vertex 4.6107916831970215 1.199620246887207 1.2365872859954834
    endloop
  endfacet
  facet normal 0.6196825013859205 -0.08685275520001066 0.7800321765095691
    outer loop
      vertex 4.794119358062744 1.4931602478027344 1.1236306428909302
      vertex 4.733010292053223 1.3953136205673218 1.1612828969955444
      vertex 4.798422813415527 1.407111644744873 1.110630750656128
    endloop
  endfacet
  facet normal 0.6196788065620252 -0.0868503094068005 0.7800353841037001
    outer loop
      vertex 4.916337966918945 1.6888536214828491 1.0483262538909912
      vertex 4.928413391113281 1.615248680114746 1.0305379629135132
      vertex 4.98532247543335 1.7528401613235474 1.0006476640701294
    endloop
  endfacet
  facet normal 0.6196715421820225 -0.08684594556892193 0.7800416409064286
    outer loop
      vertex 4.928413391113281 1.615248680114746 1.0305379629135132
      vertex 4.9943528175354 1.7440639734268188 0.9924967885017395
      vertex 4.98532247543335 1.7528401613235474 1.0006476640701294
    endloop
  endfacet
  facet normal 0.6196921116526981 -0.08686121878094573 0.7800235992758865
    outer loop
      vertex 5.029999732971191 1.8011412620544434 0.9705329537391663
      vertex 4.9943528175354 1.7440639734268188 0.9924967885017395
      vertex 4.993408203125 1.7193171977996826 0.990491509437561
    endloop
  endfacet
  facet normal 0.6196816458469808 -0.08685548020273648 0.7800325527560559
    outer loop
      vertex 4.916337966918945 1.6888536214828491 1.0483262538909912
      vertex 4.98532247543335 1.7528401613235474 1.0006476640701294
      vertex 4.976292610168457 1.7616163492202759 1.0087984800338745
    endloop
  endfacet
  facet normal 0.6196798191294809 -0.08685249248060346 0.7800343366247158
    outer loop
      vertex 5.051787853240967 1.8437727689743042 0.9579706788063049
      vertex 5.029999732971191 1.8011412620544434 0.9705329537391663
      vertex 5.058403491973877 1.8233857154846191 0.9504450559616089
    endloop
  endfacet
  facet normal 0.6196802215264688 -0.08685338469342484 0.7800339176062809
    outer loop
      vertex 4.993408203125 1.7193171977996826 0.990491509437561
      vertex 5.058403491973877 1.8233857154846191 0.9504450559616089
      vertex 5.029999732971191 1.8011412620544434 0.9705329537391663
    endloop
  endfacet
  facet normal 0.6196863610626485 -0.08685753275449484 0.7800285782692419
    outer loop
      vertex 5.051787853240967 1.8437727689743042 0.9579706788063049
      vertex 5.020969867706299 1.8099174499511719 0.9786838889122009
      vertex 5.029999732971191 1.8011412620544434 0.9705329537391663
    endloop
  endfacet
  facet normal 0.6196827169027911 -0.08685397970516967 0.780031868952384
    outer loop
      vertex 5.011939525604248 1.8186935186386108 0.9868347644805908
      vertex 4.977447509765625 1.7867002487182617 1.010673999786377
      vertex 4.976292610168457 1.7616163492202759 1.0087984800338745
    endloop
  endfacet
  facet normal 0.6196805445721015 -0.08685400848351897 0.7800335915133197
    outer loop
      vertex 4.916337966918945 1.6888536214828491 1.0483262538909912
      vertex 4.976292610168457 1.7616163492202759 1.0087984800338745
      vertex 4.977447509765625 1.7867002487182617 1.010673999786377
    endloop
  endfacet
  facet normal 0.6196801584846046 -0.08685229111869149 0.7800340894524607
    outer loop
      vertex 5.0385565757751465 1.8845469951629639 0.9730218648910522
      vertex 5.011939525604248 1.8186935186386108 0.9868347644805908
      vertex 5.045172214508057 1.8641599416732788 0.9654962420463562
    endloop
  endfacet
  facet normal 0.6196732625713687 -0.08684425996425449 0.7800404618770853
    outer loop
      vertex 5.020969867706299 1.8099174499511719 0.9786838889122009
      vertex 5.045172214508057 1.8641599416732788 0.9654962420463562
      vertex 5.011939525604248 1.8186935186386108 0.9868347644805908
    endloop
  endfacet
  facet normal 0.6196825606230052 -0.08685369509505478 0.7800320247964507
    outer loop
      vertex 4.977447509765625 1.7867002487182617 1.010673999786377
      vertex 5.011939525604248 1.8186935186386108 0.9868347644805908
      vertex 5.0385565757751465 1.8845469951629639 0.9730218648910522
    endloop
  endfacet
  facet normal 0.6196808153709389 -0.08684922304245475 0.7800339092104459
    outer loop
      vertex 5.045172214508057 1.8641599416732788 0.9654962420463562
      vertex 5.020969867706299 1.8099174499511719 0.9786838889122009
      vertex 5.051787853240967 1.8437727689743042 0.9579706788063049
    endloop
  endfacet
  facet normal 0.61969135467961 -0.08686123843987371 0.7800241984656894
    outer loop
      vertex 4.9943528175354 1.7440639734268188 0.9924967885017395
      vertex 4.928413391113281 1.615248680114746 1.0305379629135132
      vertex 4.993408203125 1.7193171977996826 0.990491509437561
    endloop
  endfacet
  facet normal 0.7296272420371932 0.432345941721391 -0.5298311753325228
    outer loop
      vertex 5.021266937255859 1.8286679983139038 0.9036156535148621
      vertex 5.008888244628906 1.8304287195205688 0.888005793094635
      vertex 5.002272605895996 1.850815773010254 0.895531415939331
    endloop
  endfacet
  facet normal 0.7296203595810302 0.4323326085772176 -0.5298515324557121
    outer loop
      vertex 5.033646106719971 1.8269072771072388 0.9192254543304443
      vertex 5.021266937255859 1.8286679983139038 0.9036156535148621
      vertex 5.002272605895996 1.850815773010254 0.895531415939331
    endloop
  endfacet
  facet normal 0.729625605264234 0.4323481158093723 -0.5298316552442724
    outer loop
      vertex 5.051787853240967 1.8437727689743042 0.9579706788063049
      vertex 5.046024799346924 1.8251465559005737 0.9348352551460266
      vertex 5.033646106719971 1.8269072771072388 0.9192254543304443
    endloop
  endfacet
  facet normal 0.7296278595105619 0.43234585448513435 -0.5298303961982125
    outer loop
      vertex 5.046024799346924 1.8251465559005737 0.9348352551460266
      vertex 5.051787853240967 1.8437727689743042 0.9579706788063049
      vertex 5.058403491973877 1.8233857154846191 0.9504450559616089
    endloop
  endfacet
  facet normal 0.7296294120256008 0.4323425018657565 -0.5298309939854732
    outer loop
      vertex 5.045172214508057 1.8641599416732788 0.9654962420463562
      vertex 5.051787853240967 1.8437727689743042 0.9579706788063049
      vertex 5.033646106719971 1.8269072771072388 0.9192254543304443
    endloop
  endfacet
  facet normal 0.729621315750048 0.43234598530531765 -0.5298393007257416
    outer loop
      vertex 5.01379919052124 1.888068437576294 0.9418022036552429
      vertex 5.033646106719971 1.8269072771072388 0.9192254543304443
      vertex 5.002272605895996 1.850815773010254 0.895531415939331
    endloop
  endfacet
  facet normal 0.7296155017821485 0.43234760027592833 -0.5298459890334452
    outer loop
      vertex 5.001420497894287 1.8898292779922485 0.9261924028396606
      vertex 4.995656967163086 1.8712029457092285 0.9030569791793823
      vertex 4.989041328430176 1.8915899991989136 0.9105826020240784
    endloop
  endfacet
  facet normal 0.72963297285295 0.43233007418188457 -0.529836231191915
    outer loop
      vertex 5.01379919052124 1.888068437576294 0.9418022036552429
      vertex 4.995656967163086 1.8712029457092285 0.9030569791793823
      vertex 5.001420497894287 1.8898292779922485 0.9261924028396606
    endloop
  endfacet
  facet normal 0.7296266693115048 0.4323448321757963 -0.5298328694223137
    outer loop
      vertex 5.026177883148193 1.886307716369629 0.9574120044708252
      vertex 5.045172214508057 1.8641599416732788 0.9654962420463562
      vertex 5.01379919052124 1.888068437576294 0.9418022036552429
    endloop
  endfacet
  facet normal 0.7296266973880431 0.4323452250297002 -0.5298325101884885
    outer loop
      vertex 5.01379919052124 1.888068437576294 0.9418022036552429
      vertex 5.045172214508057 1.8641599416732788 0.9654962420463562
      vertex 5.033646106719971 1.8269072771072388 0.9192254543304443
    endloop
  endfacet
  facet normal 0.7296272420371932 0.432345941721391 -0.5298311753325228
    outer loop
      vertex 5.045172214508057 1.8641599416732788 0.9654962420463562
      vertex 5.026177883148193 1.886307716369629 0.9574120044708252
      vertex 5.0385565757751465 1.8845469951629639 0.9730218648910522
    endloop
  endfacet
  facet normal 0.7296240303971295 0.43234326214596935 -0.5298377845567739
    outer loop
      vertex 4.995656967163086 1.8712029457092285 0.9030569791793823
      vertex 5.01379919052124 1.888068437576294 0.9418022036552429
      vertex 5.002272605895996 1.850815773010254 0.895531415939331
    endloop
  endfacet
endsolid beam