solid d22
  facet normal -0.661354143 -0.531865495 -0.528894878
    outer loop
      vertex 0.583778858 2.68715811 1.46240354
      vertex 0.619436502 2.63221455 1.47306776
      vertex 0.608969331 2.62865639 1.48973453
    endloop
  endfacet
  facet normal -0.661354462 -0.531865003 -0.528894974
    outer loop
      vertex 0.619436502 2.63221455 1.47306776
      vertex 0.655094087 2.57727098 1.48373199
      vertex 0.608969331 2.62865639 1.48973453
    endloop
  endfacet
  facet normal -0.661353525 -0.531865285 -0.528895863
    outer loop
      vertex 0.608969331 2.62865639 1.48973453
      vertex 0.644626975 2.57371283 1.50039876
      vertex 0.598502219 2.62509823 1.50640118
    endloop
  endfacet
  facet normal -0.661353839 -0.53186286 -0.528897908
    outer loop
      vertex 0.573311746 2.68360019 1.47907031
      vertex 0.608969331 2.62865639 1.48973453
      vertex 0.562844574 2.68004203 1.49573696
    endloop
  endfacet
  facet normal -0.661354819 -0.531865424 -0.528894105
    outer loop
      vertex 0.466338903 2.84843087 1.44707751
      vertex 0.501996517 2.79348731 1.45774174
      vertex 0.455871761 2.84487271 1.46374428
    endloop
  endfacet
  facet normal -0.661354727 -0.531865434 -0.52889421
    outer loop
      vertex 0.659350336 2.51165295 1.5443964
      vertex 0.613713264 2.58197355 1.53074753
      vertex 0.634159863 2.57015467 1.51706541
    endloop
  endfacet
  facet normal -0.661356885 -0.531866683 -0.528890255
    outer loop
      vertex 0.669604897 2.51553869 1.52766609
      vertex 0.634159863 2.57015467 1.51706541
      vertex 0.679859459 2.5194242 1.51093578
    endloop
  endfacet
  facet normal -0.661354713 -0.531865689 -0.52889397
    outer loop
      vertex 0.634159863 2.57015467 1.51706541
      vertex 0.613713264 2.58197355 1.53074753
      vertex 0.598502219 2.62509823 1.50640118
    endloop
  endfacet
  facet normal -0.661353587 -0.531864047 -0.52889703
    outer loop
      vertex 0.562844574 2.68004203 1.49573696
      vertex 0.568076193 2.65229416 1.51709867
      vertex 0.537269533 2.70054793 1.50709605
    endloop
  endfacet
  facet normal -0.661383839 -0.53187354 -0.528849653
    outer loop
      vertex 0.529854298 2.71158147 1.50527298
      vertex 0.537269533 2.70054793 1.50709605
      vertex 0.568076193 2.65229416 1.51709867
    endloop
  endfacet
  facet normal -0.661354453 -0.531863669 -0.528896327
    outer loop
      vertex 0.568076193 2.65229416 1.51709867
      vertex 0.562844574 2.68004203 1.49573696
      vertex 0.598502219 2.62509823 1.50640118
    endloop
  endfacet
  facet normal -0.661351512 -0.531866447 -0.528897212
    outer loop
      vertex 0.573311746 2.68360019 1.47907031
      vertex 0.562844574 2.68004203 1.49573696
      vertex 0.546913743 2.70503449 1.49052465
    endloop
  endfacet
  facet normal -0.661355172 -0.531865586 -0.528893501
    outer loop
      vertex 0.613713264 2.58197355 1.53074753
      vertex 0.568076193 2.65229416 1.51709867
      vertex 0.598502219 2.62509823 1.50640118
    endloop
  endfacet
  facet normal -0.661353033 -0.531863315 -0.52889846
    outer loop
      vertex 0.690114021 2.52330995 1.49420559
      vertex 0.679859459 2.5194242 1.51093578
      vertex 0.644626975 2.57371283 1.50039876
    endloop
  endfacet
  facet normal -0.661355974 -0.531866151 -0.528891929
    outer loop
      vertex 0.690114021 2.52330995 1.49420559
      vertex 0.655094087 2.57727098 1.48373199
      vertex 0.700368643 2.52719545 1.47747529
    endloop
  endfacet
  facet normal -0.661355157 -0.531865874 -0.52889323
    outer loop
      vertex 0.655094087 2.57727098 1.48373199
      vertex 0.690114021 2.52330995 1.49420559
      vertex 0.644626975 2.57371283 1.50039876
    endloop
  endfacet
  facet normal -0.661354086 -0.531865475 -0.52889497
    outer loop
      vertex 0.629265964 2.63675523 1.45621037
      vertex 0.619436502 2.63221455 1.47306776
      vertex 0.583778858 2.68715811 1.46240354
    endloop
  endfacet
  facet normal -0.661353114 -0.531864304 -0.528897363
    outer loop
      vertex 0.558163285 2.746315 1.43494546
      vertex 0.629265964 2.63675523 1.45621037
      vertex 0.583778858 2.68715811 1.46240354
    endloop
  endfacet
  facet normal -0.661354423 -0.53186499 -0.528895036
    outer loop
      vertex 0.655094087 2.57727098 1.48373199
      vertex 0.619436502 2.63221455 1.47306776
      vertex 0.629265964 2.63675523 1.45621037
    endloop
  endfacet
  facet normal -0.661356823 -0.531869547 -0.528887453
    outer loop
      vertex 0.556557953 2.70952106 1.47395337
      vertex 0.583778858 2.68715811 1.46240354
      vertex 0.573311746 2.68360019 1.47907031
    endloop
  endfacet
  facet normal -0.661354971 -0.531864936 -0.528894405
    outer loop
      vertex 0.700368643 2.52719545 1.47747529
      vertex 0.655094087 2.57727098 1.48373199
      vertex 0.629265964 2.63675523 1.45621037
    endloop
  endfacet
  facet normal -0.661354336 -0.531867326 -0.528892796
    outer loop
      vertex 0.537269533 2.70054793 1.50709605
      vertex 0.546913743 2.70503449 1.49052465
      vertex 0.562844574 2.68004203 1.49573696
    endloop
  endfacet
  facet normal -0.661355192 -0.531864801 -0.528894265
    outer loop
      vertex 0.501579702 2.75475645 1.49721134
      vertex 0.491529375 2.78992915 1.47440851
      vertex 0.519306004 2.76300263 1.46675301
    endloop
  endfacet
  facet normal -0.661286676 -0.531841549 -0.529003307
    outer loop
      vertex 0.568076193 2.65229416 1.51709867
      vertex 0.522439122 2.72261477 1.50344992
      vertex 0.529854298 2.71158147 1.50527298
    endloop
  endfacet
  facet normal -0.661355155 -0.531866222 -0.528892882
    outer loop
      vertex 0.455871761 2.84487271 1.46374428
      vertex 0.459082931 2.82023835 1.48450172
      vertex 0.416586161 2.88572001 1.4717921
    endloop
  endfacet
  facet normal -0.661355969 -0.531865815 -0.528892273
    outer loop
      vertex 0.491529375 2.78992915 1.47440851
      vertex 0.459082931 2.82023835 1.48450172
      vertex 0.455871761 2.84487271 1.46374428
    endloop
  endfacet
  facet normal -0.661354024 -0.531864518 -0.52889601
    outer loop
      vertex 0.416586161 2.88572001 1.4717921
      vertex 0.395023674 2.95831823 1.42574906
      vertex 0.455871761 2.84487271 1.46374428
    endloop
  endfacet
  facet normal -0.661354492 -0.531864377 -0.528895567
    outer loop
      vertex 0.37408939 2.95120192 1.45908248
      vertex 0.395023674 2.95831823 1.42574906
      vertex 0.416586161 2.88572001 1.4717921
    endloop
  endfacet
  facet normal -0.661355475 -0.531864711 -0.528894002
    outer loop
      vertex 0.501579702 2.75475645 1.49721134
      vertex 0.459082931 2.82023835 1.48450172
      vertex 0.491529375 2.78992915 1.47440851
    endloop
  endfacet
  facet normal -0.661354153 -0.531864279 -0.528896089
    outer loop
      vertex 0.501996517 2.79348731 1.45774174
      vertex 0.558163285 2.746315 1.43494546
      vertex 0.537931979 2.73626184 1.47035313
    endloop
  endfacet
  facet normal -0.661356104 -0.531866759 -0.528891156
    outer loop
      vertex 0.556557953 2.70952106 1.47395337
      vertex 0.537931979 2.73626184 1.47035313
      vertex 0.583778858 2.68715811 1.46240354
    endloop
  endfacet
  facet normal -0.661354214 -0.531864194 -0.528896099
    outer loop
      vertex 0.558163285 2.746315 1.43494546
      vertex 0.583778858 2.68715811 1.46240354
      vertex 0.537931979 2.73626184 1.47035313
    endloop
  endfacet
  facet normal -0.661357009 -0.531865103 -0.528891689
    outer loop
      vertex 0.501996517 2.79348731 1.45774174
      vertex 0.537931979 2.73626184 1.47035313
      vertex 0.519306004 2.76300263 1.46675301
    endloop
  endfacet
  facet normal -0.661353519 -0.531864983 -0.528896175
    outer loop
      vertex 0.487060606 2.85587478 1.41368055
      vertex 0.501996517 2.79348731 1.45774174
      vertex 0.466338903 2.84843087 1.44707751
    endloop
  endfacet
  facet normal -0.661355206 -0.531864828 -0.528894221
    outer loop
      vertex 0.491529375 2.78992915 1.47440851
      vertex 0.501996517 2.79348731 1.45774174
      vertex 0.519306004 2.76300263 1.46675301
    endloop
  endfacet
  facet normal -0.661355683 -0.531866146 -0.528892298
    outer loop
      vertex 0.415957928 2.96543431 1.39241564
      vertex 0.487060606 2.85587478 1.41368055
      vertex 0.395023674 2.95831823 1.42574906
    endloop
  endfacet
  facet normal -0.661354273 -0.531864698 -0.528895517
    outer loop
      vertex 0.558163285 2.746315 1.43494546
      vertex 0.501996517 2.79348731 1.45774174
      vertex 0.487060606 2.85587478 1.41368055
    endloop
  endfacet
  facet normal -0.661355332 -0.531864633 -0.528894258
    outer loop
      vertex 0.466338903 2.84843087 1.44707751
      vertex 0.455871761 2.84487271 1.46374428
      vertex 0.395023674 2.95831823 1.42574906
    endloop
  endfacet
  facet normal -0.661351864 -0.531867894 -0.528895316
    outer loop
      vertex 0.573311746 2.68360019 1.47907031
      vertex 0.546913743 2.70503449 1.49052465
      vertex 0.556557953 2.70952106 1.47395337
    endloop
  endfacet
  facet normal -0.661359839 -0.5318649 -0.528888355
    outer loop
      vertex 0.583778858 2.68715811 1.46240354
      vertex 0.608969331 2.62865639 1.48973453
      vertex 0.573311746 2.68360019 1.47907031
    endloop
  endfacet
  facet normal -0.661355175 -0.531865846 -0.528893236
    outer loop
      vertex 0.655094087 2.57727098 1.48373199
      vertex 0.644626975 2.57371283 1.50039876
      vertex 0.608969331 2.62865639 1.48973453
    endloop
  endfacet
  facet normal -0.661353525 -0.531865285 -0.528895863
    outer loop
      vertex 0.644626975 2.57371283 1.50039876
      vertex 0.634159863 2.57015467 1.51706541
      vertex 0.598502219 2.62509823 1.50640118
    endloop
  endfacet
  facet normal -0.661354552 -0.531863703 -0.52889617
    outer loop
      vertex 0.608969331 2.62865639 1.48973453
      vertex 0.598502219 2.62509823 1.50640118
      vertex 0.562844574 2.68004203 1.49573696
    endloop
  endfacet
  facet normal -0.661354819 -0.531865424 -0.528894105
    outer loop
      vertex 0.501996517 2.79348731 1.45774174
      vertex 0.491529375 2.78992915 1.47440851
      vertex 0.455871761 2.84487271 1.46374428
    endloop
  endfacet
  facet normal -0.661353567 -0.531865555 -0.528895539
    outer loop
      vertex 0.659350336 2.51165295 1.5443964
      vertex 0.634159863 2.57015467 1.51706541
      vertex 0.669604897 2.51553869 1.52766609
    endloop
  endfacet
  facet normal -0.661354484 -0.531863808 -0.52889615
    outer loop
      vertex 0.634159863 2.57015467 1.51706541
      vertex 0.644626975 2.57371283 1.50039876
      vertex 0.679859459 2.5194242 1.51093578
    endloop
  endfacet
  facet normal -0.661354037 -0.531864193 -0.528896321
    outer loop
      vertex 0.487060606 2.85587478 1.41368055
      vertex 0.466338903 2.84843087 1.44707751
      vertex 0.395023674 2.95831823 1.42574906
    endloop
  endfacet
  facet normal -0.53731564 0.827930644 -0.160694594
    outer loop
      vertex 0.395023674 2.95831823 1.42574906
      vertex 0.37408939 2.95120192 1.45908248
      vertex 0.413770676 2.98311377 1.49081612
    endloop
  endfacet
  facet normal -0.537315231 0.82792987 -0.160699944
    outer loop
      vertex 0.415957928 2.96543431 1.39241564
      vertex 0.395023674 2.95831823 1.42574906
      vertex 0.455639213 2.9973464 1.42414939
    endloop
  endfacet
  facet normal -0.53731564 0.827930644 -0.160694594
    outer loop
      vertex 0.395023674 2.95831823 1.42574906
      vertex 0.413770676 2.98311377 1.49081612
      vertex 0.434704959 2.99023008 1.4574827
    endloop
  endfacet
  facet normal -0.537315599 0.827930658 -0.16069466
    outer loop
      vertex 0.395023674 2.95831823 1.42574906
      vertex 0.434704959 2.99023008 1.4574827
      vertex 0.455639213 2.9973464 1.42414939
    endloop
  endfacet
  facet normal -0.523356472 -0.177905501 0.833335248
    outer loop
      vertex 0.460985124 2.91036272 1.5049367
      vertex 0.413770676 2.98311377 1.49081612
      vertex 0.416586161 2.88572001 1.4717921
    endloop
  endfacet
  facet normal -0.523355782 -0.177904946 0.8333358
    outer loop
      vertex 0.528496861 2.7598083 1.51519465
      vertex 0.555414021 2.76486039 1.53317785
      vertex 0.508199573 2.83761144 1.51905727
    endloop
  endfacet
  facet normal -0.523356836 -0.177905186 0.833335087
    outer loop
      vertex 0.508199573 2.83761144 1.51905727
      vertex 0.460985124 2.91036272 1.5049367
      vertex 0.528496861 2.7598083 1.51519465
    endloop
  endfacet
  facet normal -0.523356667 -0.177905101 0.833335211
    outer loop
      vertex 0.460985124 2.91036272 1.5049367
      vertex 0.416586161 2.88572001 1.4717921
      vertex 0.528496861 2.7598083 1.51519465
    endloop
  endfacet
  facet normal -0.523358916 -0.177907421 0.833333303
    outer loop
      vertex 0.501579702 2.75475645 1.49721134
      vertex 0.528496861 2.7598083 1.51519465
      vertex 0.459082931 2.82023835 1.48450172
    endloop
  endfacet
  facet normal -0.523359718 -0.177908742 0.833332517
    outer loop
      vertex 0.416586161 2.88572001 1.4717921
      vertex 0.459082931 2.82023835 1.48450172
      vertex 0.528496861 2.7598083 1.51519465
    endloop
  endfacet
  facet normal -0.523356523 -0.177905497 0.833335217
    outer loop
      vertex 0.413770676 2.98311377 1.49081612
      vertex 0.37408939 2.95120192 1.45908248
      vertex 0.416586161 2.88572001 1.4717921
    endloop
  endfacet
  facet normal 0.552606315 0.23948236 -0.79829472
    outer loop
      vertex 0.537269533 2.70054793 1.50709605
      vertex 0.535859406 2.71265411 1.50975168
      vertex 0.54927963 2.7026937 1.51605356
    endloop
  endfacet
  facet normal 0.55260372 0.239482446 -0.79829649
    outer loop
      vertex 0.535859406 2.71265411 1.50975168
      vertex 0.537269533 2.70054793 1.50709605
      vertex 0.529854298 2.71158147 1.50527298
    endloop
  endfacet
  facet normal 0.552603219 0.239484335 -0.798296271
    outer loop
      vertex 0.522439122 2.72261477 1.50344992
      vertex 0.535859406 2.71265411 1.50975168
      vertex 0.529854298 2.71158147 1.50527298
    endloop
  endfacet
  facet normal -0.489769806 -0.227845784 0.841553228
    outer loop
      vertex 0.546614766 2.76823688 1.48406327
      vertex 0.592549562 2.74673033 1.50497377
      vertex 0.573923528 2.77347112 1.50137365
    endloop
  endfacet
  facet normal -0.489767842 -0.227843071 0.841555105
    outer loop
      vertex 0.546614766 2.76823688 1.48406327
      vertex 0.519306004 2.76300263 1.46675301
      vertex 0.537931979 2.73626184 1.47035313
    endloop
  endfacet
  facet normal -0.489768928 -0.227842564 0.841554611
    outer loop
      vertex 0.537931979 2.73626184 1.47035313
      vertex 0.592549562 2.74673033 1.50497377
      vertex 0.546614766 2.76823688 1.48406327
    endloop
  endfacet
  facet normal -0.489768412 -0.227842397 0.841554957
    outer loop
      vertex 0.592969656 2.71650004 1.49703372
      vertex 0.592549562 2.74673033 1.50497377
      vertex 0.574763834 2.71301055 1.48549354
    endloop
  endfacet
  facet normal -0.48976805 -0.227839345 0.841555993
    outer loop
      vertex 0.556557953 2.70952106 1.47395337
      vertex 0.574763834 2.71301055 1.48549354
      vertex 0.537931979 2.73626184 1.47035313
    endloop
  endfacet
  facet normal -0.489769111 -0.227841874 0.841554691
    outer loop
      vertex 0.574763834 2.71301055 1.48549354
      vertex 0.592549562 2.74673033 1.50497377
      vertex 0.537931979 2.73626184 1.47035313
    endloop
  endfacet
  facet normal -0.489771368 -0.227842013 0.84155334
    outer loop
      vertex 0.611175537 2.71998954 1.50857401
      vertex 0.592549562 2.74673033 1.50497377
      vertex 0.592969656 2.71650004 1.49703372
    endloop
  endfacet
  facet normal -0.254897381 0.960494623 0.111702301
    outer loop
      vertex 0.600944042 2.71522975 1.5261544
      vertex 0.569996119 2.70658183 1.52989411
      vertex 0.580354333 2.7085259 1.53681445
    endloop
  endfacet
  facet normal -0.254896191 0.960494668 0.111704628
    outer loop
      vertex 0.600944042 2.71522975 1.5261544
      vertex 0.580354333 2.7085259 1.53681445
      vertex 0.590712607 2.71046996 1.54373467
    endloop
  endfacet
  facet normal -0.254900683 0.96049399 0.111700208
    outer loop
      vertex 0.611175537 2.71998954 1.50857401
      vertex 0.592969656 2.71650004 1.49703372
      vertex 0.600944042 2.71522975 1.5261544
    endloop
  endfacet
  facet normal -0.254900799 0.960493956 0.111700238
    outer loop
      vertex 0.600944042 2.71522975 1.5261544
      vertex 0.592969656 2.71650004 1.49703372
      vertex 0.574763834 2.71301055 1.48549354
    endloop
  endfacet
  facet normal -0.254898156 0.960495049 0.111696869
    outer loop
      vertex 0.546913743 2.70503449 1.49052465
      vertex 0.569996119 2.70658183 1.52989411
      vertex 0.600944042 2.71522975 1.5261544
    endloop
  endfacet
  facet normal -0.254890917 0.96049756 0.111691801
    outer loop
      vertex 0.54927963 2.7026937 1.51605356
      vertex 0.559637845 2.70463777 1.5229739
      vertex 0.546913743 2.70503449 1.49052465
    endloop
  endfacet
  facet normal -0.254909206 0.960492562 0.111693038
    outer loop
      vertex 0.537269533 2.70054793 1.50709605
      vertex 0.54927963 2.7026937 1.51605356
      vertex 0.546913743 2.70503449 1.49052465
    endloop
  endfacet
  facet normal -0.254899754 0.960494283 0.111699808
    outer loop
      vertex 0.556557953 2.70952106 1.47395337
      vertex 0.546913743 2.70503449 1.49052465
      vertex 0.574763834 2.71301055 1.48549354
    endloop
  endfacet
  facet normal -0.2548998 0.960494298 0.111699577
    outer loop
      vertex 0.546913743 2.70503449 1.49052465
      vertex 0.600944042 2.71522975 1.5261544
      vertex 0.574763834 2.71301055 1.48549354
    endloop
  endfacet
  facet normal -0.254887472 0.960498629 0.111690464
    outer loop
      vertex 0.559637845 2.70463777 1.5229739
      vertex 0.569996119 2.70658183 1.52989411
      vertex 0.546913743 2.70503449 1.49052465
    endloop
  endfacet
  facet normal 0.254899842 -0.960494348 -0.111699049
    outer loop
      vertex 0.528496861 2.7598083 1.51519465
      vertex 0.519306004 2.76300263 1.46675301
      vertex 0.546614766 2.76823688 1.48406327
    endloop
  endfacet
  facet normal 0.254892498 -0.960496443 -0.111697794
    outer loop
      vertex 0.501579702 2.75475645 1.49721134
      vertex 0.519306004 2.76300263 1.46675301
      vertex 0.528496861 2.7598083 1.51519465
    endloop
  endfacet
  facet normal 0.254899964 -0.960494384 -0.111698462
    outer loop
      vertex 0.546614766 2.76823688 1.48406327
      vertex 0.573923528 2.77347112 1.50137365
      vertex 0.555414021 2.76486039 1.53317785
    endloop
  endfacet
  facet normal 0.254900606 -0.960494202 -0.111698564
    outer loop
      vertex 0.528496861 2.7598083 1.51519465
      vertex 0.546614766 2.76823688 1.48406327
      vertex 0.555414021 2.76486039 1.53317785
    endloop
  endfacet
  facet normal -0.661353322 -0.531865112 -0.52889629
    outer loop
      vertex 0.70031482 2.47548127 1.53900099
      vertex 0.691094995 2.48968768 1.53624368
      vertex 0.710825801 2.47946405 1.52185249
    endloop
  endfacet
  facet normal -0.661351058 -0.531870377 -0.528893827
    outer loop
      vertex 0.710825801 2.47946405 1.52185249
      vertex 0.701605916 2.49367046 1.51909506
      vertex 0.721336722 2.48344684 1.504704
    endloop
  endfacet
  facet normal -0.66135426 -0.531866571 -0.528893651
    outer loop
      vertex 0.712116897 2.49765325 1.50194657
      vertex 0.703675389 2.52985477 1.48011971
      vertex 0.722115099 2.50144172 1.48563457
    endloop
  endfacet
  facet normal -0.661354339 -0.531863581 -0.528896558
    outer loop
      vertex 0.701605916 2.49367046 1.51909506
      vertex 0.683166265 2.52208352 1.51358032
      vertex 0.712116897 2.49765325 1.50194657
    endloop
  endfacet
  facet normal -0.661357772 -0.531865348 -0.528890489
    outer loop
      vertex 0.703675389 2.52985477 1.48011971
      vertex 0.712116897 2.49765325 1.50194657
      vertex 0.693420827 2.52596927 1.49685001
    endloop
  endfacet
  facet normal -0.661352865 -0.53186867 -0.528893284
    outer loop
      vertex 0.721336722 2.48344684 1.504704
      vertex 0.712116897 2.49765325 1.50194657
      vertex 0.722115099 2.50144172 1.48563457
    endloop
  endfacet
  facet normal -0.66135606 -0.531859898 -0.528898109
    outer loop
      vertex 0.735427499 2.47108579 1.49951458
      vertex 0.721336722 2.48344684 1.504704
      vertex 0.74055481 2.47302866 1.49114943
    endloop
  endfacet
  facet normal -0.661355432 -0.53186697 -0.528891784
    outer loop
      vertex 0.722115099 2.50144172 1.48563457
      vertex 0.74055481 2.47302866 1.49114943
      vertex 0.721336722 2.48344684 1.504704
    endloop
  endfacet
  facet normal -0.661357464 -0.531863942 -0.528892287
    outer loop
      vertex 0.730300188 2.46914315 1.50787961
      vertex 0.721336722 2.48344684 1.504704
      vertex 0.735427499 2.47108579 1.49951458
    endloop
  endfacet
  facet normal -0.661356151 -0.531863568 -0.528894305
    outer loop
      vertex 0.721336722 2.48344684 1.504704
      vertex 0.730300188 2.46914315 1.50787961
      vertex 0.725172937 2.46720028 1.51624477
    endloop
  endfacet
  facet normal -0.661354765 -0.531861848 -0.528897768
    outer loop
      vertex 0.725172937 2.46720028 1.51624477
      vertex 0.720045626 2.46525741 1.52460992
      vertex 0.710825801 2.47946405 1.52185249
    endloop
  endfacet
  facet normal -0.661355389 -0.531863858 -0.528894967
    outer loop
      vertex 0.721336722 2.48344684 1.504704
      vertex 0.725172937 2.46720028 1.51624477
      vertex 0.710825801 2.47946405 1.52185249
    endloop
  endfacet
  facet normal -0.661356017 -0.531865883 -0.528892146
    outer loop
      vertex 0.691094995 2.48968768 1.53624368
      vertex 0.672911644 2.51819801 1.53031051
      vertex 0.701605916 2.49367046 1.51909506
    endloop
  endfacet
  facet normal -0.66135426 -0.531866571 -0.528893651
    outer loop
      vertex 0.681096792 2.48589921 1.55255568
      vertex 0.662657082 2.51431227 1.54704082
      vertex 0.691094995 2.48968768 1.53624368
    endloop
  endfacet
  facet normal -0.661353807 -0.531865193 -0.528895602
    outer loop
      vertex 0.672911644 2.51819801 1.53031051
      vertex 0.691094995 2.48968768 1.53624368
      vertex 0.662657082 2.51431227 1.54704082
    endloop
  endfacet
  facet normal -0.661354877 -0.531865641 -0.528893814
    outer loop
      vertex 0.681096792 2.48589921 1.55255568
      vertex 0.691094995 2.48968768 1.53624368
      vertex 0.70031482 2.47548127 1.53900099
    endloop
  endfacet
  facet normal -0.661356247 -0.531863424 -0.52889433
    outer loop
      vertex 0.709791064 2.46137166 1.54134023
      vertex 0.70031482 2.47548127 1.53900099
      vertex 0.714918315 2.46331453 1.53297508
    endloop
  endfacet
  facet normal -0.661355718 -0.531861506 -0.528896921
    outer loop
      vertex 0.710825801 2.47946405 1.52185249
      vertex 0.714918315 2.46331453 1.53297508
      vertex 0.70031482 2.47548127 1.53900099
    endloop
  endfacet
  facet normal -0.661354765 -0.531861848 -0.528897768
    outer loop
      vertex 0.720045626 2.46525741 1.52460992
      vertex 0.714918315 2.46331453 1.53297508
      vertex 0.710825801 2.47946405 1.52185249
    endloop
  endfacet
  facet normal -0.661344988 -0.531870477 -0.528901317
    outer loop
      vertex 0.704663754 2.45942903 1.54970539
      vertex 0.699536443 2.45748615 1.55807042
      vertex 0.70031482 2.47548127 1.53900099
    endloop
  endfacet
  facet normal -0.661355039 -0.531863818 -0.528895444
    outer loop
      vertex 0.681096792 2.48589921 1.55255568
      vertex 0.70031482 2.47548127 1.53900099
      vertex 0.699536443 2.45748615 1.55807042
    endloop
  endfacet
  facet normal -0.661360681 -0.531865189 -0.528887011
    outer loop
      vertex 0.709791064 2.46137166 1.54134023
      vertex 0.704663754 2.45942903 1.54970539
      vertex 0.70031482 2.47548127 1.53900099
    endloop
  endfacet
  facet normal -0.661352667 -0.531870925 -0.528891264
    outer loop
      vertex 0.691094995 2.48968768 1.53624368
      vertex 0.701605916 2.49367046 1.51909506
      vertex 0.710825801 2.47946405 1.52185249
    endloop
  endfacet
  facet normal -0.66135131 -0.531868141 -0.528895761
    outer loop
      vertex 0.701605916 2.49367046 1.51909506
      vertex 0.712116897 2.49765325 1.50194657
      vertex 0.721336722 2.48344684 1.504704
    endloop
  endfacet
  facet normal -0.661354504 -0.531864144 -0.528895786
    outer loop
      vertex 0.683166265 2.52208352 1.51358032
      vertex 0.693420827 2.52596927 1.49685001
      vertex 0.712116897 2.49765325 1.50194657
    endloop
  endfacet
  facet normal -0.661355416 -0.531863947 -0.528894844
    outer loop
      vertex 0.672911644 2.51819801 1.53031051
      vertex 0.683166265 2.52208352 1.51358032
      vertex 0.701605916 2.49367046 1.51909506
    endloop
  endfacet
  facet normal -0.547557722 0.824252965 -0.144179022
    outer loop
      vertex 0.732406855 2.46923804 1.50042295
      vertex 0.735427499 2.47108579 1.49951458
      vertex 0.74055481 2.47302866 1.49114943
    endloop
  endfacet
  facet normal -0.547622256 0.824201773 -0.144226566
    outer loop
      vertex 0.732406855 2.46923804 1.50042295
      vertex 0.725172937 2.46720028 1.51624477
      vertex 0.730300188 2.46914315 1.50787961
    endloop
  endfacet
  facet normal -0.547574786 0.824237923 -0.144200206
    outer loop
      vertex 0.732406855 2.46923804 1.50042295
      vertex 0.718392253 2.46392775 1.52328765
      vertex 0.725172937 2.46720028 1.51624477
    endloop
  endfacet
  facet normal -0.547561844 0.824244992 -0.144208948
    outer loop
      vertex 0.732406855 2.46923804 1.50042295
      vertex 0.730300188 2.46914315 1.50787961
      vertex 0.735427499 2.47108579 1.49951458
    endloop
  endfacet
  facet normal -0.547557416 0.824253211 -0.144178778
    outer loop
      vertex 0.732120693 2.46842647 1.49687004
      vertex 0.732406855 2.46923804 1.50042295
      vertex 0.737248003 2.47036934 1.48850489
    endloop
  endfacet
  facet normal -0.547557592 0.824253079 -0.144178862
    outer loop
      vertex 0.74055481 2.47302866 1.49114943
      vertex 0.737248003 2.47036934 1.48850489
      vertex 0.732406855 2.46923804 1.50042295
    endloop
  endfacet
  facet normal -0.547561391 0.824250726 -0.14417789
    outer loop
      vertex 0.726993442 2.46648359 1.5052352
      vertex 0.732406855 2.46923804 1.50042295
      vertex 0.732120693 2.46842647 1.49687004
    endloop
  endfacet
  facet normal -0.547594099 0.824219424 -0.144232601
    outer loop
      vertex 0.732406855 2.46923804 1.50042295
      vertex 0.726993442 2.46648359 1.5052352
      vertex 0.721866131 2.46454096 1.51360035
    endloop
  endfacet
  facet normal -0.547538697 0.824266946 -0.144171345
    outer loop
      vertex 0.732406855 2.46923804 1.50042295
      vertex 0.721866131 2.46454096 1.51360035
      vertex 0.718392253 2.46392775 1.52328765
    endloop
  endfacet
  facet normal -0.547568105 0.824245326 -0.144183259
    outer loop
      vertex 0.71673888 2.46259809 1.5219655
      vertex 0.718392253 2.46392775 1.52328765
      vertex 0.721866131 2.46454096 1.51360035
    endloop
  endfacet
  facet normal -0.547561886 0.824249617 -0.144182352
    outer loop
      vertex 0.718392253 2.46392775 1.52328765
      vertex 0.720045626 2.46525741 1.52460992
      vertex 0.725172937 2.46720028 1.51624477
    endloop
  endfacet
  facet normal -0.547567475 0.824245507 -0.144184617
    outer loop
      vertex 0.711384952 2.46127248 1.53472006
      vertex 0.714918315 2.46331453 1.53297508
      vertex 0.718392253 2.46392775 1.52328765
    endloop
  endfacet
  facet normal -0.547566792 0.824246383 -0.144182209
    outer loop
      vertex 0.709791064 2.46137166 1.54134023
      vertex 0.714918315 2.46331453 1.53297508
      vertex 0.711384952 2.46127248 1.53472006
    endloop
  endfacet
  facet normal -0.547537567 0.82426489 -0.144187392
    outer loop
      vertex 0.704663754 2.45942903 1.54970539
      vertex 0.709791064 2.46137166 1.54134023
      vertex 0.704377651 2.45861745 1.54615235
    endloop
  endfacet
  facet normal -0.547559409 0.824251234 -0.144182514
    outer loop
      vertex 0.699536443 2.45748615 1.55807042
      vertex 0.704663754 2.45942903 1.54970539
      vertex 0.704377651 2.45861745 1.54615235
    endloop
  endfacet
  facet normal -0.547555487 0.824254763 -0.144177235
    outer loop
      vertex 0.706484258 2.45871234 1.53869569
      vertex 0.711384952 2.46127248 1.53472006
      vertex 0.711611569 2.46065521 1.53033054
    endloop
  endfacet
  facet normal -0.547565552 0.824246294 -0.144187426
    outer loop
      vertex 0.718392253 2.46392775 1.52328765
      vertex 0.71673888 2.46259809 1.5219655
      vertex 0.711611569 2.46065521 1.53033054
    endloop
  endfacet
  facet normal -0.547571612 0.824238772 -0.14420741
    outer loop
      vertex 0.711384952 2.46127248 1.53472006
      vertex 0.706484258 2.45871234 1.53869569
      vertex 0.704377651 2.45861745 1.54615235
    endloop
  endfacet
  facet normal -0.547562269 0.824249309 -0.144182658
    outer loop
      vertex 0.701357007 2.4567697 1.54706085
      vertex 0.696229696 2.45482683 1.555426
      vertex 0.704377651 2.45861745 1.54615235
    endloop
  endfacet
  facet normal -0.54756387 0.824247898 -0.144184642
    outer loop
      vertex 0.699536443 2.45748615 1.55807042
      vertex 0.704377651 2.45861745 1.54615235
      vertex 0.696229696 2.45482683 1.555426
    endloop
  endfacet
  facet normal -0.547529309 0.824272791 -0.14417358
    outer loop
      vertex 0.704377651 2.45861745 1.54615235
      vertex 0.709791064 2.46137166 1.54134023
      vertex 0.711384952 2.46127248 1.53472006
    endloop
  endfacet
  facet normal -0.547561886 0.824249617 -0.144182352
    outer loop
      vertex 0.714918315 2.46331453 1.53297508
      vertex 0.720045626 2.46525741 1.52460992
      vertex 0.718392253 2.46392775 1.52328765
    endloop
  endfacet
  facet normal -0.547558111 0.824253038 -0.144177128
    outer loop
      vertex 0.718392253 2.46392775 1.52328765
      vertex 0.711611569 2.46065521 1.53033054
      vertex 0.711384952 2.46127248 1.53472006
    endloop
  endfacet
  facet normal -0.54756543 0.824243194 -0.144205607
    outer loop
      vertex 0.706484258 2.45871234 1.53869569
      vertex 0.701357007 2.4567697 1.54706085
      vertex 0.704377651 2.45861745 1.54615235
    endloop
  endfacet
  facet normal 0.547564996 -0.824247471 0.144182806
    outer loop
      vertex 0.662657082 2.51431227 1.54704082
      vertex 0.659350336 2.51165295 1.5443964
      vertex 0.669604897 2.51553869 1.52766609
    endloop
  endfacet
  facet normal 0.547553369 -0.82425468 0.144185752
    outer loop
      vertex 0.679859459 2.5194242 1.51093578
      vertex 0.683166265 2.52208352 1.51358032
      vertex 0.669604897 2.51553869 1.52766609
    endloop
  endfacet
  facet normal 0.547557965 -0.824252938 0.144178254
    outer loop
      vertex 0.683166265 2.52208352 1.51358032
      vertex 0.679859459 2.5194242 1.51093578
      vertex 0.690114021 2.52330995 1.49420559
    endloop
  endfacet
  facet normal 0.54755996 -0.82424938 0.144191022
    outer loop
      vertex 0.700368643 2.52719545 1.47747529
      vertex 0.703675389 2.52985477 1.48011971
      vertex 0.693420827 2.52596927 1.49685001
    endloop
  endfacet
  facet normal 0.547564996 -0.824247471 0.144182806
    outer loop
      vertex 0.662657082 2.51431227 1.54704082
      vertex 0.669604897 2.51553869 1.52766609
      vertex 0.672911644 2.51819801 1.53031051
    endloop
  endfacet
  facet normal 0.547558683 -0.824249863 0.144193105
    outer loop
      vertex 0.683166265 2.52208352 1.51358032
      vertex 0.672911644 2.51819801 1.53031051
      vertex 0.669604897 2.51553869 1.52766609
    endloop
  endfacet
  facet normal 0.547560679 -0.824250943 0.144179353
    outer loop
      vertex 0.683166265 2.52208352 1.51358032
      vertex 0.690114021 2.52330995 1.49420559
      vertex 0.693420827 2.52596927 1.49685001
    endloop
  endfacet
  facet normal 0.547554806 -0.824253168 0.144188934
    outer loop
      vertex 0.700368643 2.52719545 1.47747529
      vertex 0.693420827 2.52596927 1.49685001
      vertex 0.690114021 2.52330995 1.49420559
    endloop
  endfacet
  facet normal 0.47585287 0.24755097 -0.843968342
    outer loop
      vertex 0.814784944 2.4048419 1.57088864
      vertex 0.797523975 2.34161472 1.54261076
      vertex 0.782563329 2.39162302 1.54884386
    endloop
  endfacet
  facet normal 0.475855503 0.247551552 -0.843966688
    outer loop
      vertex 0.797523975 2.34161472 1.54261076
      vertex 0.776809692 2.37054729 1.53941786
      vertex 0.782563329 2.39162302 1.54884386
    endloop
  endfacet
  facet normal 0.475853768 0.247550157 -0.843968075
    outer loop
      vertex 0.826868773 2.34429574 1.5599426
      vertex 0.818238258 2.31268215 1.54580367
      vertex 0.797523975 2.34161472 1.54261076
    endloop
  endfacet
  facet normal 0.475851431 0.247550385 -0.843969326
    outer loop
      vertex 0.814784944 2.4048419 1.57088864
      vertex 0.835499227 2.37590957 1.57408154
      vertex 0.826868773 2.34429574 1.5599426
    endloop
  endfacet
  facet normal 0.475855503 0.247551552 -0.843966688
    outer loop
      vertex 0.794070661 2.43377447 1.56769574
      vertex 0.814784944 2.4048419 1.57088864
      vertex 0.788317025 2.41269875 1.55826974
    endloop
  endfacet
  facet normal 0.47585487 0.247546436 -0.843968545
    outer loop
      vertex 0.814784944 2.4048419 1.57088864
      vertex 0.782563329 2.39162302 1.54884386
      vertex 0.788317025 2.41269875 1.55826974
    endloop
  endfacet
  facet normal 0.475853682 0.247550594 -0.843967995
    outer loop
      vertex 0.826868773 2.34429574 1.5599426
      vertex 0.797523975 2.34161472 1.54261076
      vertex 0.814784944 2.4048419 1.57088864
    endloop
  endfacet
  facet normal 0.845629167 -0.392594899 0.361635947
    outer loop
      vertex 0.786237419 2.3754518 1.52269697
      vertex 0.782563329 2.39162302 1.54884386
      vertex 0.776809692 2.37054729 1.53941786
    endloop
  endfacet
  facet normal 0.845630068 -0.392591047 0.361638021
    outer loop
      vertex 0.800372362 2.39636707 1.5123502
      vertex 0.786237419 2.3754518 1.52269697
      vertex 0.795665205 2.38035631 1.50597596
    endloop
  endfacet
  facet normal 0.845630537 -0.392592905 0.361634907
    outer loop
      vertex 0.782563329 2.39162302 1.54884386
      vertex 0.786237419 2.3754518 1.52269697
      vertex 0.800372362 2.39636707 1.5123502
    endloop
  endfacet
  facet normal 0.845630611 -0.392592685 0.361634971
    outer loop
      vertex 0.800372362 2.39636707 1.5123502
      vertex 0.80507952 2.41237783 1.51872456
      vertex 0.782563329 2.39162302 1.54884386
    endloop
  endfacet
  facet normal 0.845632198 -0.392593322 0.36163057
    outer loop
      vertex 0.804282248 2.43908691 1.54958439
      vertex 0.794070661 2.43377447 1.56769574
      vertex 0.788317025 2.41269875 1.55826974
    endloop
  endfacet
  facet normal 0.845631326 -0.392591456 0.361634635
    outer loop
      vertex 0.809786737 2.4283886 1.5250988
      vertex 0.804282248 2.43908691 1.54958439
      vertex 0.788317025 2.41269875 1.55826974
    endloop
  endfacet
  facet normal 0.845631048 -0.392592809 0.361633816
    outer loop
      vertex 0.80507952 2.41237783 1.51872456
      vertex 0.809786737 2.4283886 1.5250988
      vertex 0.788317025 2.41269875 1.55826974
    endloop
  endfacet
  facet normal 0.845627295 -0.392598242 0.361636694
    outer loop
      vertex 0.814493895 2.44439912 1.53147316
      vertex 0.804282248 2.43908691 1.54958439
      vertex 0.809786737 2.4283886 1.5250988
    endloop
  endfacet
  facet normal 0.845630378 -0.392594501 0.361633545
    outer loop
      vertex 0.782563329 2.39162302 1.54884386
      vertex 0.80507952 2.41237783 1.51872456
      vertex 0.788317025 2.41269875 1.55826974
    endloop
  endfacet
  facet normal -0.845630605 0.392592847 -0.361634812
    outer loop
      vertex 0.835499227 2.37590957 1.57408154
      vertex 0.853025556 2.38502717 1.54299688
      vertex 0.843611181 2.35300565 1.53024828
    endloop
  endfacet
  facet normal -0.8456317 0.392591129 -0.361634117
    outer loop
      vertex 0.826868773 2.34429574 1.5599426
      vertex 0.835499227 2.37590957 1.57408154
      vertex 0.843611181 2.35300565 1.53024828
    endloop
  endfacet
  facet normal -0.845631317 0.39259253 -0.36163349
    outer loop
      vertex 0.843611181 2.35300565 1.53024828
      vertex 0.834196806 2.32098413 1.51749969
      vertex 0.826868773 2.34429574 1.5599426
    endloop
  endfacet
  facet normal -0.845629482 0.392595349 -0.361634721
    outer loop
      vertex 0.818238258 2.31268215 1.54580367
      vertex 0.826868773 2.34429574 1.5599426
      vertex 0.834196806 2.32098413 1.51749969
    endloop
  endfacet
  facet normal 0.523355283 0.177906049 -0.833335878
    outer loop
      vertex 0.69684732 2.57914925 1.48635519
      vertex 0.673115611 2.61571646 1.4792577
      vertex 0.68303591 2.62369442 1.48719108
    endloop
  endfacet
  facet normal 0.523360179 0.177908776 -0.833332221
    outer loop
      vertex 0.730499327 2.55055976 1.50138617
      vertex 0.720579028 2.5425818 1.49345267
      vertex 0.69684732 2.57914925 1.48635519
    endloop
  endfacet
  facet normal 0.52335927 0.177907234 -0.833333121
    outer loop
      vertex 0.68303591 2.62369442 1.48719108
      vertex 0.730499327 2.55055976 1.50138617
      vertex 0.69684732 2.57914925 1.48635519
    endloop
  endfacet
  facet normal 0.523356403 0.177904323 -0.833335543
    outer loop
      vertex 0.673115611 2.61571646 1.4792577
      vertex 0.625652194 2.68885136 1.46506262
      vertex 0.68303591 2.62369442 1.48719108
    endloop
  endfacet
  facet normal 0.523358393 0.177896902 -0.833335878
    outer loop
      vertex 0.696045458 2.53676486 1.47680318
      vertex 0.690112591 2.54590678 1.47502875
      vertex 0.697285533 2.53776217 1.47779489
    endloop
  endfacet
  facet normal 0.523379391 0.177925437 -0.833316598
    outer loop
      vertex 0.692592621 2.54790115 1.47701216
      vertex 0.691352606 2.54690409 1.47602046
      vertex 0.679486752 2.56518769 1.47247171
    endloop
  endfacet
  facet normal 0.523356875 0.177899241 -0.833336332
    outer loop
      vertex 0.681966841 2.5671823 1.474455
      vertex 0.693832695 2.54889846 1.47800386
      vertex 0.692592621 2.54790115 1.47701216
    endloop
  endfacet
  facet normal 0.523344027 0.177890853 -0.833346191
    outer loop
      vertex 0.679486752 2.56518769 1.47247171
      vertex 0.681966841 2.5671823 1.474455
      vertex 0.692592621 2.54790115 1.47701216
    endloop
  endfacet
  facet normal 0.523382839 0.177920122 -0.833315567
    outer loop
      vertex 0.697285533 2.53776217 1.47779489
      vertex 0.691352606 2.54690409 1.47602046
      vertex 0.692592621 2.54790115 1.47701216
    endloop
  endfacet
  facet normal 0.523349977 0.17790987 -0.833338395
    outer loop
      vertex 0.698525548 2.53875947 1.47878647
      vertex 0.692592621 2.54790115 1.47701216
      vertex 0.693832695 2.54889846 1.47800386
    endloop
  endfacet
  facet normal 0.523371836 0.177911273 -0.833324367
    outer loop
      vertex 0.704458475 2.52961755 1.4805609
      vertex 0.698525548 2.53875947 1.47878647
      vertex 0.699765623 2.53975654 1.47977817
    endloop
  endfacet
  facet normal 0.523366408 0.177914996 -0.833326981
    outer loop
      vertex 0.684446931 2.56917667 1.4764384
      vertex 0.681966841 2.5671823 1.474455
      vertex 0.658235133 2.60374951 1.46735752
    endloop
  endfacet
  facet normal 0.523360136 0.177907118 -0.833332602
    outer loop
      vertex 0.663195312 2.60773849 1.47132421
      vertex 0.686927021 2.57117128 1.47842181
      vertex 0.684446931 2.56917667 1.4764384
    endloop
  endfacet
  facet normal 0.52335477 0.177903614 -0.83333672
    outer loop
      vertex 0.658235133 2.60374951 1.46735752
      vertex 0.663195312 2.60773849 1.47132421
      vertex 0.684446931 2.56917667 1.4764384
    endloop
  endfacet
  facet normal 0.523340022 0.177897025 -0.833347389
    outer loop
      vertex 0.699765623 2.53975654 1.47977817
      vertex 0.693832695 2.54889846 1.47800386
      vertex 0.696312785 2.55089307 1.47998714
    endloop
  endfacet
  facet normal 0.523350273 0.177898772 -0.833340578
    outer loop
      vertex 0.708178639 2.53260922 1.48353589
      vertex 0.70569855 2.53061485 1.4815526
      vertex 0.699765623 2.53975654 1.47977817
    endloop
  endfacet
  facet normal 0.523351199 0.177900345 -0.83333966
    outer loop
      vertex 0.696312785 2.55089307 1.47998714
      vertex 0.708178639 2.53260922 1.48353589
      vertex 0.699765623 2.53975654 1.47977817
    endloop
  endfacet
  facet normal 0.523369857 0.177909681 -0.83332595
    outer loop
      vertex 0.693832695 2.54889846 1.47800386
      vertex 0.681966841 2.5671823 1.474455
      vertex 0.684446931 2.56917667 1.4764384
    endloop
  endfacet
  facet normal 0.523371909 0.17791942 -0.833322581
    outer loop
      vertex 0.696312785 2.55089307 1.47998714
      vertex 0.684446931 2.56917667 1.4764384
      vertex 0.698792815 2.55288744 1.48197055
    endloop
  endfacet
  facet normal 0.523365461 0.177911814 -0.833328255
    outer loop
      vertex 0.708178639 2.53260922 1.48353589
      vertex 0.696312785 2.55089307 1.47998714
      vertex 0.710658669 2.53460383 1.48551929
    endloop
  endfacet
  facet normal 0.523365934 0.177913405 -0.833327618
    outer loop
      vertex 0.668155432 2.61172748 1.47529101
      vertex 0.663195312 2.60773849 1.47132421
      vertex 0.615731895 2.68087339 1.45712924
    endloop
  endfacet
  facet normal 0.523355028 0.177903217 -0.833336643
    outer loop
      vertex 0.625652194 2.68885136 1.46506262
      vertex 0.673115611 2.61571646 1.4792577
      vertex 0.668155432 2.61172748 1.47529101
    endloop
  endfacet
  facet normal 0.523356498 0.177904177 -0.833335515
    outer loop
      vertex 0.615731895 2.68087339 1.45712924
      vertex 0.625652194 2.68885136 1.46506262
      vertex 0.668155432 2.61172748 1.47529101
    endloop
  endfacet
  facet normal 0.523358449 0.177904396 -0.833334242
    outer loop
      vertex 0.698792815 2.55288744 1.48197055
      vertex 0.686927021 2.57117128 1.47842181
      vertex 0.69188714 2.57516026 1.4823885
    endloop
  endfacet
  facet normal 0.523353907 0.177904943 -0.833336978
    outer loop
      vertex 0.715618849 2.53859282 1.48948598
      vertex 0.710658669 2.53460383 1.48551929
      vertex 0.698792815 2.55288744 1.48197055
    endloop
  endfacet
  facet normal 0.523352553 0.177902644 -0.833338319
    outer loop
      vertex 0.69188714 2.57516026 1.4823885
      vertex 0.715618849 2.53859282 1.48948598
      vertex 0.698792815 2.55288744 1.48197055
    endloop
  endfacet
  facet normal 0.523366627 0.177912338 -0.833327411
    outer loop
      vertex 0.686927021 2.57117128 1.47842181
      vertex 0.663195312 2.60773849 1.47132421
      vertex 0.668155432 2.61172748 1.47529101
    endloop
  endfacet
  facet normal 0.523353907 0.177904943 -0.833336978
    outer loop
      vertex 0.69188714 2.57516026 1.4823885
      vertex 0.668155432 2.61172748 1.47529101
      vertex 0.673115611 2.61571646 1.4792577
    endloop
  endfacet
  facet normal 0.523354423 0.177904148 -0.833336824
    outer loop
      vertex 0.715618849 2.53859282 1.48948598
      vertex 0.69188714 2.57516026 1.4823885
      vertex 0.69684732 2.57914925 1.48635519
    endloop
  endfacet
  facet normal 0.523357038 0.177906571 -0.833334665
    outer loop
      vertex 0.791774094 2.43287969 1.51474524
      vertex 0.768042445 2.4694469 1.50764775
      vertex 0.773002565 2.47343588 1.51161444
    endloop
  endfacet
  facet normal 0.523353907 0.177904943 -0.833336978
    outer loop
      vertex 0.796734273 2.43686867 1.51871192
      vertex 0.773002565 2.47343588 1.51161444
      vertex 0.801694453 2.44085765 1.52267861
    endloop
  endfacet
  facet normal 0.523357174 0.17790636 -0.833334624
    outer loop
      vertex 0.773002565 2.47343588 1.51161444
      vertex 0.768042445 2.4694469 1.50764775
      vertex 0.744310737 2.50601435 1.50055027
    endloop
  endfacet
  facet normal 0.523361387 0.177906914 -0.83333186
    outer loop
      vertex 0.744310737 2.50601435 1.50055027
      vertex 0.720579028 2.5425818 1.49345267
      vertex 0.730499327 2.55055976 1.50138617
    endloop
  endfacet
  facet normal 0.523350425 0.177901538 -0.833339892
    outer loop
      vertex 0.730499327 2.55055976 1.50138617
      vertex 0.777962744 2.4774251 1.51558113
      vertex 0.773002565 2.47343588 1.51161444
    endloop
  endfacet
  facet normal 0.523356384 0.177905428 -0.833335319
    outer loop
      vertex 0.773002565 2.47343588 1.51161444
      vertex 0.744310737 2.50601435 1.50055027
      vertex 0.730499327 2.55055976 1.50138617
    endloop
  endfacet
  facet normal 0.523354423 0.177904148 -0.833336824
    outer loop
      vertex 0.801694453 2.44085765 1.52267861
      vertex 0.777962744 2.4774251 1.51558113
      vertex 0.782922924 2.48141408 1.51954782
    endloop
  endfacet
  facet normal 0.523334104 0.177887237 -0.833353194
    outer loop
      vertex 0.751921892 2.45648289 1.49475598
      vertex 0.753161967 2.45747995 1.49574757
      vertex 0.765027761 2.43919635 1.49929631
    endloop
  endfacet
  facet normal 0.523364428 0.177913404 -0.833328564
    outer loop
      vertex 0.762547731 2.43720198 1.49731302
      vertex 0.750681877 2.45548558 1.49376428
      vertex 0.751921892 2.45648289 1.49475598
    endloop
  endfacet
  facet normal 0.523353697 0.177906398 -0.8333368
    outer loop
      vertex 0.765027761 2.43919635 1.49929631
      vertex 0.762547731 2.43720198 1.49731302
      vertex 0.751921892 2.45648289 1.49475598
    endloop
  endfacet
  facet normal 0.523365461 0.177911814 -0.833328255
    outer loop
      vertex 0.774413586 2.41891813 1.50086176
      vertex 0.762547731 2.43720198 1.49731302
      vertex 0.776893616 2.42091274 1.50284517
    endloop
  endfacet
  facet normal 0.523365187 0.177912235 -0.833328337
    outer loop
      vertex 0.765027761 2.43919635 1.49929631
      vertex 0.753161967 2.45747995 1.49574757
      vertex 0.755641997 2.45947456 1.49773097
    endloop
  endfacet
  facet normal 0.523366408 0.177914996 -0.833326981
    outer loop
      vertex 0.755641997 2.45947456 1.49773097
      vertex 0.758122087 2.46146894 1.49971437
      vertex 0.781853795 2.42490172 1.50681186
    endloop
  endfacet
  facet normal 0.523356325 0.177901219 -0.833336255
    outer loop
      vertex 0.781853795 2.42490172 1.50681186
      vertex 0.776893616 2.42091274 1.50284517
      vertex 0.765027761 2.43919635 1.49929631
    endloop
  endfacet
  facet normal 0.523361765 0.177910455 -0.833330867
    outer loop
      vertex 0.765027761 2.43919635 1.49929631
      vertex 0.755641997 2.45947456 1.49773097
      vertex 0.781853795 2.42490172 1.50681186
    endloop
  endfacet
  facet normal 0.523356875 0.177899241 -0.833336332
    outer loop
      vertex 0.749441803 2.45448828 1.49277258
      vertex 0.743508875 2.4636302 1.49099815
      vertex 0.750681877 2.45548558 1.49376428
    endloop
  endfacet
  facet normal 0.523382839 0.177920122 -0.833315567
    outer loop
      vertex 0.750681877 2.45548558 1.49376428
      vertex 0.74474895 2.4646275 1.49198985
      vertex 0.745988965 2.46562457 1.49298155
    endloop
  endfacet
  facet normal 0.523356875 0.177899241 -0.833336332
    outer loop
      vertex 0.745988965 2.46562457 1.49298155
      vertex 0.740056038 2.47476649 1.49120712
      vertex 0.74722904 2.46662188 1.49397326
    endloop
  endfacet
  facet normal 0.523354811 0.177902422 -0.833336949
    outer loop
      vertex 0.751921892 2.45648289 1.49475598
      vertex 0.745988965 2.46562457 1.49298155
      vertex 0.74722904 2.46662188 1.49397326
    endloop
  endfacet
  facet normal 0.523354506 0.1779017 -0.833337294
    outer loop
      vertex 0.708178639 2.53260922 1.48353589
      vertex 0.731910288 2.49604201 1.49063349
      vertex 0.717564404 2.51233101 1.48510134
    endloop
  endfacet
  facet normal 0.523364428 0.177913404 -0.833328564
    outer loop
      vertex 0.731910288 2.49604201 1.49063349
      vertex 0.729430258 2.4940474 1.48865008
      vertex 0.717564404 2.51233101 1.48510134
    endloop
  endfacet
  facet normal 0.52334992 0.177899316 -0.833340684
    outer loop
      vertex 0.717564404 2.51233101 1.48510134
      vertex 0.70569855 2.53061485 1.4815526
      vertex 0.708178639 2.53260922 1.48353589
    endloop
  endfacet
  facet normal 0.523364944 0.177912609 -0.83332841
    outer loop
      vertex 0.708178639 2.53260922 1.48353589
      vertex 0.710658669 2.53460383 1.48551929
      vertex 0.734390378 2.49803638 1.49261677
    endloop
  endfacet
  facet normal 0.523375358 0.177914106 -0.83332155
    outer loop
      vertex 0.74722904 2.46662188 1.49397326
      vertex 0.741296113 2.4757638 1.49219882
      vertex 0.743776143 2.47775817 1.49418223
    endloop
  endfacet
  facet normal 0.523363043 0.177915538 -0.833328978
    outer loop
      vertex 0.755641997 2.45947456 1.49773097
      vertex 0.753161967 2.45747995 1.49574757
      vertex 0.74722904 2.46662188 1.49397326
    endloop
  endfacet
  facet normal 0.523359409 0.177909367 -0.833332578
    outer loop
      vertex 0.743776143 2.47775817 1.49418223
      vertex 0.755641997 2.45947456 1.49773097
      vertex 0.74722904 2.46662188 1.49397326
    endloop
  endfacet
  facet normal 0.523371909 0.17791942 -0.833322581
    outer loop
      vertex 0.741296113 2.4757638 1.49219882
      vertex 0.729430258 2.4940474 1.48865008
      vertex 0.743776143 2.47775817 1.49418223
    endloop
  endfacet
  facet normal 0.523342439 0.1778933 -0.833346666
    outer loop
      vertex 0.743776143 2.47775817 1.49418223
      vertex 0.731910288 2.49604201 1.49063349
      vertex 0.746256232 2.47975278 1.49616551
    endloop
  endfacet
  facet normal 0.523341407 0.17789489 -0.833346974
    outer loop
      vertex 0.755641997 2.45947456 1.49773097
      vertex 0.743776143 2.47775817 1.49418223
      vertex 0.746256232 2.47975278 1.49616551
    endloop
  endfacet
  facet normal 0.523353907 0.177904943 -0.833336978
    outer loop
      vertex 0.746256232 2.47975278 1.49616551
      vertex 0.734390378 2.49803638 1.49261677
      vertex 0.739350557 2.50202537 1.49658346
    endloop
  endfacet
  facet normal 0.523357356 0.177899629 -0.833335946
    outer loop
      vertex 0.763082266 2.46545792 1.50368106
      vertex 0.758122087 2.46146894 1.49971437
      vertex 0.746256232 2.47975278 1.49616551
    endloop
  endfacet
  facet normal 0.523361882 0.177907312 -0.833331464
    outer loop
      vertex 0.739350557 2.50202537 1.49658346
      vertex 0.763082266 2.46545792 1.50368106
      vertex 0.746256232 2.47975278 1.49616551
    endloop
  endfacet
  facet normal 0.523354423 0.177904148 -0.833336824
    outer loop
      vertex 0.734390378 2.49803638 1.49261677
      vertex 0.710658669 2.53460383 1.48551929
      vertex 0.715618849 2.53859282 1.48948598
    endloop
  endfacet
  facet normal 0.523354423 0.177904148 -0.833336824
    outer loop
      vertex 0.739350557 2.50202537 1.49658346
      vertex 0.715618849 2.53859282 1.48948598
      vertex 0.720579028 2.5425818 1.49345267
    endloop
  endfacet
  facet normal 0.523364392 0.177909331 -0.833329457
    outer loop
      vertex 0.763082266 2.46545792 1.50368106
      vertex 0.739350557 2.50202537 1.49658346
      vertex 0.744310737 2.50601435 1.50055027
    endloop
  endfacet
  facet normal 0.523353907 0.177904943 -0.833336978
    outer loop
      vertex 0.781853795 2.42490172 1.50681186
      vertex 0.758122087 2.46146894 1.49971437
      vertex 0.763082266 2.46545792 1.50368106
    endloop
  endfacet
  facet normal 0.523353907 0.177904943 -0.833336978
    outer loop
      vertex 0.786813974 2.42889071 1.51077855
      vertex 0.763082266 2.46545792 1.50368106
      vertex 0.768042445 2.4694469 1.50764775
    endloop
  endfacet
  facet normal 0.523356942 0.177906323 -0.833334778
    outer loop
      vertex 0.455639213 2.9973464 1.42414939
      vertex 0.515448332 2.90518856 1.44203663
      vertex 0.415957928 2.96543431 1.39241564
    endloop
  endfacet
  facet normal 0.523357551 0.177905032 -0.833334671
    outer loop
      vertex 0.575257421 2.81303048 1.45992398
      vertex 0.487060606 2.85587478 1.41368055
      vertex 0.515448332 2.90518856 1.44203663
    endloop
  endfacet
  facet normal 0.523353881 0.177904984 -0.833336986
    outer loop
      vertex 0.575257421 2.81303048 1.45992398
      vertex 0.635572553 2.69682932 1.472996
      vertex 0.625652194 2.68885136 1.46506262
    endloop
  endfacet
  facet normal 0.52336024 0.177907675 -0.833332418
    outer loop
      vertex 0.635066569 2.72087264 1.47781122
      vertex 0.694875658 2.6287148 1.49569857
      vertex 0.635572553 2.69682932 1.472996
    endloop
  endfacet
  facet normal 0.523358048 0.177906799 -0.833333982
    outer loop
      vertex 0.487060606 2.85587478 1.41368055
      vertex 0.575257421 2.81303048 1.45992398
      vertex 0.625652194 2.68885136 1.46506262
    endloop
  endfacet
  facet normal 0.523358606 0.177907839 -0.833333409
    outer loop
      vertex 0.635572553 2.69682932 1.472996
      vertex 0.575257421 2.81303048 1.45992398
      vertex 0.635066569 2.72087264 1.47781122
    endloop
  endfacet
  facet normal 0.523356242 0.177904571 -0.833335591
    outer loop
      vertex 0.625652194 2.68885136 1.46506262
      vertex 0.615731895 2.68087339 1.45712924
      vertex 0.558163285 2.746315 1.43494546
    endloop
  endfacet
  facet normal 0.52335794 0.177906164 -0.833334185
    outer loop
      vertex 0.730499327 2.55055976 1.50138617
      vertex 0.68303591 2.62369442 1.48719108
      vertex 0.694875658 2.6287148 1.49569857
    endloop
  endfacet
  facet normal 0.523354423 0.177904148 -0.833336824
    outer loop
      vertex 0.615731895 2.68087339 1.45712924
      vertex 0.663195312 2.60773849 1.47132421
      vertex 0.658235133 2.60374951 1.46735752
    endloop
  endfacet
  facet normal 0.523341407 0.17789489 -0.833346974
    outer loop
      vertex 0.679486752 2.56518769 1.47247171
      vertex 0.658235133 2.60374951 1.46735752
      vertex 0.681966841 2.5671823 1.474455
    endloop
  endfacet
  facet normal 0.523356576 0.177905554 -0.833335171
    outer loop
      vertex 0.629265964 2.63675523 1.45621037
      vertex 0.615731895 2.68087339 1.45712924
      vertex 0.658235133 2.60374951 1.46735752
    endloop
  endfacet
  facet normal 0.523364428 0.177913404 -0.833328564
    outer loop
      vertex 0.690112591 2.54590678 1.47502875
      vertex 0.679486752 2.56518769 1.47247171
      vertex 0.691352606 2.54690409 1.47602046
    endloop
  endfacet
  facet normal 0.52336997 0.177917022 -0.833324311
    outer loop
      vertex 0.629265964 2.63675523 1.45621037
      vertex 0.679486752 2.56518769 1.47247171
      vertex 0.690112591 2.54590678 1.47502875
    endloop
  endfacet
  facet normal 0.523356663 0.177905282 -0.833335175
    outer loop
      vertex 0.625652194 2.68885136 1.46506262
      vertex 0.558163285 2.746315 1.43494546
      vertex 0.487060606 2.85587478 1.41368055
    endloop
  endfacet
  facet normal 0.523357242 0.177905748 -0.833334712
    outer loop
      vertex 0.629265964 2.63675523 1.45621037
      vertex 0.558163285 2.746315 1.43494546
      vertex 0.615731895 2.68087339 1.45712924
    endloop
  endfacet
  facet normal 0.52335512 0.177903843 -0.833336451
    outer loop
      vertex 0.658235133 2.60374951 1.46735752
      vertex 0.679486752 2.56518769 1.47247171
      vertex 0.629265964 2.63675523 1.45621037
    endloop
  endfacet
  facet normal 0.523338179 0.177890418 -0.833349956
    outer loop
      vertex 0.629265964 2.63675523 1.45621037
      vertex 0.690112591 2.54590678 1.47502875
      vertex 0.700368643 2.52719545 1.47747529
    endloop
  endfacet
  facet normal 0.523392269 0.177939944 -0.833305412
    outer loop
      vertex 0.703675389 2.52985477 1.48011971
      vertex 0.704458475 2.52961755 1.4805609
      vertex 0.717564404 2.51233101 1.48510134
    endloop
  endfacet
  facet normal 0.523390417 0.177926216 -0.833309506
    outer loop
      vertex 0.703675389 2.52985477 1.48011971
      vertex 0.698525548 2.53875947 1.47878647
      vertex 0.704458475 2.52961755 1.4805609
    endloop
  endfacet
  facet normal 0.523351693 0.177907226 -0.833337881
    outer loop
      vertex 0.703675389 2.52985477 1.48011971
      vertex 0.696045458 2.53676486 1.47680318
      vertex 0.697285533 2.53776217 1.47779489
    endloop
  endfacet
  facet normal 0.523350827 0.177905869 -0.833338715
    outer loop
      vertex 0.696045458 2.53676486 1.47680318
      vertex 0.703675389 2.52985477 1.48011971
      vertex 0.700368643 2.52719545 1.47747529
    endloop
  endfacet
  facet normal 0.523330013 0.177884262 -0.833356399
    outer loop
      vertex 0.703675389 2.52985477 1.48011971
      vertex 0.697285533 2.53776217 1.47779489
      vertex 0.698525548 2.53875947 1.47878647
    endloop
  endfacet
  facet normal 0.523400869 0.177931062 -0.833301906
    outer loop
      vertex 0.690112591 2.54590678 1.47502875
      vertex 0.696045458 2.53676486 1.47680318
      vertex 0.700368643 2.52719545 1.47747529
    endloop
  endfacet
  facet normal 0.523363668 0.177910373 -0.833329689
    outer loop
      vertex 0.722115099 2.50144172 1.48563457
      vertex 0.703675389 2.52985477 1.48011971
      vertex 0.717564404 2.51233101 1.48510134
    endloop
  endfacet
  facet normal 0.523354458 0.177902966 -0.833337055
    outer loop
      vertex 0.704458475 2.52961755 1.4805609
      vertex 0.70569855 2.53061485 1.4815526
      vertex 0.717564404 2.51233101 1.48510134
    endloop
  endfacet
  facet normal 0.523357495 0.177903784 -0.833334973
    outer loop
      vertex 0.806654632 2.44484663 1.52664542
      vertex 0.782922924 2.48141408 1.51954782
      vertex 0.814493895 2.44439912 1.53147316
    endloop
  endfacet
  facet normal 0.52336261 0.177909581 -0.833330522
    outer loop
      vertex 0.754684806 2.53655696 1.51358581
      vertex 0.814493895 2.44439912 1.53147316
      vertex 0.782922924 2.48141408 1.51954782
    endloop
  endfacet
  facet normal 0.523354165 0.177904546 -0.833336901
    outer loop
      vertex 0.730499327 2.55055976 1.50138617
      vertex 0.782922924 2.48141408 1.51954782
      vertex 0.777962744 2.4774251 1.51558113
    endloop
  endfacet
  facet normal 0.523354228 0.17790445 -0.833336882
    outer loop
      vertex 0.809786737 2.4283886 1.5250988
      vertex 0.796734273 2.43686867 1.51871192
      vertex 0.801694453 2.44085765 1.52267861
    endloop
  endfacet
  facet normal 0.523362987 0.177911495 -0.833329877
    outer loop
      vertex 0.801694453 2.44085765 1.52267861
      vertex 0.806654632 2.44484663 1.52664542
      vertex 0.809786737 2.4283886 1.5250988
    endloop
  endfacet
  facet normal 0.523356772 0.177907247 -0.833334687
    outer loop
      vertex 0.717564404 2.51233101 1.48510134
      vertex 0.729430258 2.4940474 1.48865008
      vertex 0.722115099 2.50144172 1.48563457
    endloop
  endfacet
  facet normal 0.523353463 0.177902618 -0.833337753
    outer loop
      vertex 0.796734273 2.43686867 1.51871192
      vertex 0.809786737 2.4283886 1.5250988
      vertex 0.80507952 2.41237783 1.51872456
    endloop
  endfacet
  facet normal 0.523357121 0.17791074 -0.833333722
    outer loop
      vertex 0.814493895 2.44439912 1.53147316
      vertex 0.809786737 2.4283886 1.5250988
      vertex 0.806654632 2.44484663 1.52664542
    endloop
  endfacet
  facet normal 0.523355063 0.177903163 -0.833336632
    outer loop
      vertex 0.791774094 2.43287969 1.51474524
      vertex 0.796734273 2.43686867 1.51871192
      vertex 0.80507952 2.41237783 1.51872456
    endloop
  endfacet
  facet normal 0.523353879 0.177904987 -0.833336987
    outer loop
      vertex 0.800372362 2.39636707 1.5123502
      vertex 0.781853795 2.42490172 1.50681186
      vertex 0.786813974 2.42889071 1.51077855
    endloop
  endfacet
  facet normal 0.523359057 0.177907327 -0.833333235
    outer loop
      vertex 0.786813974 2.42889071 1.51077855
      vertex 0.80507952 2.41237783 1.51872456
      vertex 0.800372362 2.39636707 1.5123502
    endloop
  endfacet
  facet normal 0.523357813 0.177905375 -0.833334433
    outer loop
      vertex 0.80507952 2.41237783 1.51872456
      vertex 0.786813974 2.42889071 1.51077855
      vertex 0.791774094 2.43287969 1.51474524
    endloop
  endfacet
  facet normal 0.523353879 0.177904987 -0.833336987
    outer loop
      vertex 0.800372362 2.39636707 1.5123502
      vertex 0.776893616 2.42091274 1.50284517
      vertex 0.781853795 2.42490172 1.50681186
    endloop
  endfacet
  facet normal 0.523312064 0.177863205 -0.833372164
    outer loop
      vertex 0.74055481 2.47302866 1.49114943
      vertex 0.740056038 2.47476649 1.49120712
      vertex 0.745988965 2.46562457 1.49298155
    endloop
  endfacet
  facet normal 0.52335606 0.177906275 -0.833335342
    outer loop
      vertex 0.729430258 2.4940474 1.48865008
      vertex 0.740056038 2.47476649 1.49120712
      vertex 0.722115099 2.50144172 1.48563457
    endloop
  endfacet
  facet normal 0.523301564 0.17786043 -0.833379349
    outer loop
      vertex 0.740056038 2.47476649 1.49120712
      vertex 0.74055481 2.47302866 1.49114943
      vertex 0.722115099 2.50144172 1.48563457
    endloop
  endfacet
  facet normal 0.523350207 0.177909515 -0.833338326
    outer loop
      vertex 0.74474895 2.4646275 1.49198985
      vertex 0.743508875 2.4636302 1.49099815
      vertex 0.74055481 2.47302866 1.49114943
    endloop
  endfacet
  facet normal 0.523360211 0.177912548 -0.833331396
    outer loop
      vertex 0.737248003 2.47036934 1.48850489
      vertex 0.74055481 2.47302866 1.49114943
      vertex 0.743508875 2.4636302 1.49099815
    endloop
  endfacet
  facet normal 0.523378994 0.177926048 -0.833316716
    outer loop
      vertex 0.74474895 2.4646275 1.49198985
      vertex 0.74055481 2.47302866 1.49114943
      vertex 0.745988965 2.46562457 1.49298155
    endloop
  endfacet
  facet normal 0.523353426 0.177904556 -0.833337363
    outer loop
      vertex 0.741296113 2.4757638 1.49219882
      vertex 0.740056038 2.47476649 1.49120712
      vertex 0.729430258 2.4940474 1.48865008
    endloop
  endfacet
  facet normal 0.523353426 0.177904556 -0.833337363
    outer loop
      vertex 0.749441803 2.45448828 1.49277258
      vertex 0.750681877 2.45548558 1.49376428
      vertex 0.762547731 2.43720198 1.49731302
    endloop
  endfacet
  facet normal 0.523368343 0.177914409 -0.833325891
    outer loop
      vertex 0.737248003 2.47036934 1.48850489
      vertex 0.749441803 2.45448828 1.49277258
      vertex 0.795665205 2.38035631 1.50597596
    endloop
  endfacet
  facet normal 0.523351021 0.177901167 -0.833339597
    outer loop
      vertex 0.749441803 2.45448828 1.49277258
      vertex 0.774413586 2.41891813 1.50086176
      vertex 0.795665205 2.38035631 1.50597596
    endloop
  endfacet
  facet normal 0.523366017 0.177910957 -0.833328089
    outer loop
      vertex 0.776893616 2.42091274 1.50284517
      vertex 0.795665205 2.38035631 1.50597596
      vertex 0.774413586 2.41891813 1.50086176
    endloop
  endfacet
  facet normal 0.523339498 0.177890935 -0.833349017
    outer loop
      vertex 0.749441803 2.45448828 1.49277258
      vertex 0.762547731 2.43720198 1.49731302
      vertex 0.774413586 2.41891813 1.50086176
    endloop
  endfacet
  facet normal 0.523336953 0.17788322 -0.833352263
    outer loop
      vertex 0.743508875 2.4636302 1.49099815
      vertex 0.749441803 2.45448828 1.49277258
      vertex 0.737248003 2.47036934 1.48850489
    endloop
  endfacet
  facet normal 0.523353446 0.177904422 -0.833337379
    outer loop
      vertex 0.795665205 2.38035631 1.50597596
      vertex 0.776893616 2.42091274 1.50284517
      vertex 0.800372362 2.39636707 1.5123502
    endloop
  endfacet
  facet normal 0.523354222 0.177904601 -0.833336853
    outer loop
      vertex 0.730499327 2.55055976 1.50138617
      vertex 0.754684806 2.53655696 1.51358581
      vertex 0.782922924 2.48141408 1.51954782
    endloop
  endfacet
  facet normal 0.523355217 0.177902925 -0.833336586
    outer loop
      vertex 0.625652194 2.68885136 1.46506262
      vertex 0.635572553 2.69682932 1.472996
      vertex 0.68303591 2.62369442 1.48719108
    endloop
  endfacet
  facet normal 0.523367878 0.17790809 -0.833327532
    outer loop
      vertex 0.690112591 2.54590678 1.47502875
      vertex 0.691352606 2.54690409 1.47602046
      vertex 0.697285533 2.53776217 1.47779489
    endloop
  endfacet
  facet normal 0.523325939 0.177890539 -0.833357617
    outer loop
      vertex 0.697285533 2.53776217 1.47779489
      vertex 0.692592621 2.54790115 1.47701216
      vertex 0.698525548 2.53875947 1.47878647
    endloop
  endfacet
  facet normal 0.523367002 0.177918722 -0.833325812
    outer loop
      vertex 0.698525548 2.53875947 1.47878647
      vertex 0.693832695 2.54889846 1.47800386
      vertex 0.699765623 2.53975654 1.47977817
    endloop
  endfacet
  facet normal 0.523354811 0.177902422 -0.833336949
    outer loop
      vertex 0.704458475 2.52961755 1.4805609
      vertex 0.699765623 2.53975654 1.47977817
      vertex 0.70569855 2.53061485 1.4815526
    endloop
  endfacet
  facet normal 0.523341407 0.17789489 -0.833346974
    outer loop
      vertex 0.693832695 2.54889846 1.47800386
      vertex 0.684446931 2.56917667 1.4764384
      vertex 0.696312785 2.55089307 1.47998714
    endloop
  endfacet
  facet normal 0.523360718 0.17790622 -0.833332428
    outer loop
      vertex 0.684446931 2.56917667 1.4764384
      vertex 0.686927021 2.57117128 1.47842181
      vertex 0.698792815 2.55288744 1.48197055
    endloop
  endfacet
  facet normal 0.523371909 0.17791942 -0.833322581
    outer loop
      vertex 0.696312785 2.55089307 1.47998714
      vertex 0.698792815 2.55288744 1.48197055
      vertex 0.710658669 2.53460383 1.48551929
    endloop
  endfacet
  facet normal 0.523356658 0.177907155 -0.833334778
    outer loop
      vertex 0.686927021 2.57117128 1.47842181
      vertex 0.668155432 2.61172748 1.47529101
      vertex 0.69188714 2.57516026 1.4823885
    endloop
  endfacet
  facet normal 0.523353907 0.177904943 -0.833336978
    outer loop
      vertex 0.69188714 2.57516026 1.4823885
      vertex 0.673115611 2.61571646 1.4792577
      vertex 0.69684732 2.57914925 1.48635519
    endloop
  endfacet
  facet normal 0.523354423 0.177904148 -0.833336824
    outer loop
      vertex 0.715618849 2.53859282 1.48948598
      vertex 0.69684732 2.57914925 1.48635519
      vertex 0.720579028 2.5425818 1.49345267
    endloop
  endfacet
  facet normal 0.523353907 0.177904943 -0.833336978
    outer loop
      vertex 0.791774094 2.43287969 1.51474524
      vertex 0.773002565 2.47343588 1.51161444
      vertex 0.796734273 2.43686867 1.51871192
    endloop
  endfacet
  facet normal 0.523350683 0.17790114 -0.833339815
    outer loop
      vertex 0.773002565 2.47343588 1.51161444
      vertex 0.777962744 2.4774251 1.51558113
      vertex 0.801694453 2.44085765 1.52267861
    endloop
  endfacet
  facet normal 0.523364392 0.177909331 -0.833329457
    outer loop
      vertex 0.801694453 2.44085765 1.52267861
      vertex 0.782922924 2.48141408 1.51954782
      vertex 0.806654632 2.44484663 1.52664542
    endloop
  endfacet
  facet normal 0.523356806 0.177901606 -0.83333587
    outer loop
      vertex 0.762547731 2.43720198 1.49731302
      vertex 0.765027761 2.43919635 1.49929631
      vertex 0.776893616 2.42091274 1.50284517
    endloop
  endfacet
  facet normal 0.523356875 0.177899241 -0.833336332
    outer loop
      vertex 0.743508875 2.4636302 1.49099815
      vertex 0.74474895 2.4646275 1.49198985
      vertex 0.750681877 2.45548558 1.49376428
    endloop
  endfacet
  facet normal 0.523365813 0.17791127 -0.83332815
    outer loop
      vertex 0.750681877 2.45548558 1.49376428
      vertex 0.745988965 2.46562457 1.49298155
      vertex 0.751921892 2.45648289 1.49475598
    endloop
  endfacet
  facet normal 0.523356875 0.177899241 -0.833336332
    outer loop
      vertex 0.740056038 2.47476649 1.49120712
      vertex 0.741296113 2.4757638 1.49219882
      vertex 0.74722904 2.46662188 1.49397326
    endloop
  endfacet
  facet normal 0.52333196 0.177890541 -0.833353835
    outer loop
      vertex 0.751921892 2.45648289 1.49475598
      vertex 0.74722904 2.46662188 1.49397326
      vertex 0.753161967 2.45747995 1.49574757
    endloop
  endfacet
  facet normal 0.523350476 0.177898459 -0.833340517
    outer loop
      vertex 0.708178639 2.53260922 1.48353589
      vertex 0.734390378 2.49803638 1.49261677
      vertex 0.731910288 2.49604201 1.49063349
    endloop
  endfacet
  facet normal 0.523365461 0.177911814 -0.833328255
    outer loop
      vertex 0.729430258 2.4940474 1.48865008
      vertex 0.731910288 2.49604201 1.49063349
      vertex 0.743776143 2.47775817 1.49418223
    endloop
  endfacet
  facet normal 0.523348888 0.177900906 -0.833340992
    outer loop
      vertex 0.731910288 2.49604201 1.49063349
      vertex 0.734390378 2.49803638 1.49261677
      vertex 0.746256232 2.47975278 1.49616551
    endloop
  endfacet
  facet normal 0.523369857 0.177909681 -0.83332595
    outer loop
      vertex 0.755641997 2.45947456 1.49773097
      vertex 0.746256232 2.47975278 1.49616551
      vertex 0.758122087 2.46146894 1.49971437
    endloop
  endfacet
  facet normal 0.523354423 0.177904148 -0.833336824
    outer loop
      vertex 0.734390378 2.49803638 1.49261677
      vertex 0.715618849 2.53859282 1.48948598
      vertex 0.739350557 2.50202537 1.49658346
    endloop
  endfacet
  facet normal 0.523364392 0.177909331 -0.833329457
    outer loop
      vertex 0.739350557 2.50202537 1.49658346
      vertex 0.720579028 2.5425818 1.49345267
      vertex 0.744310737 2.50601435 1.50055027
    endloop
  endfacet
  facet normal 0.523354423 0.177904148 -0.833336824
    outer loop
      vertex 0.763082266 2.46545792 1.50368106
      vertex 0.744310737 2.50601435 1.50055027
      vertex 0.768042445 2.4694469 1.50764775
    endloop
  endfacet
  facet normal 0.523353907 0.177904943 -0.833336978
    outer loop
      vertex 0.781853795 2.42490172 1.50681186
      vertex 0.763082266 2.46545792 1.50368106
      vertex 0.786813974 2.42889071 1.51077855
    endloop
  endfacet
  facet normal 0.523357038 0.177906571 -0.833334665
    outer loop
      vertex 0.786813974 2.42889071 1.51077855
      vertex 0.768042445 2.4694469 1.50764775
      vertex 0.791774094 2.43287969 1.51474524
    endloop
  endfacet
  facet normal 0.523356716 0.177905729 -0.833335047
    outer loop
      vertex 0.515448332 2.90518856 1.44203663
      vertex 0.487060606 2.85587478 1.41368055
      vertex 0.415957928 2.96543431 1.39241564
    endloop
  endfacet
  facet normal 0.523358256 0.177905369 -0.833334156
    outer loop
      vertex 0.694875658 2.6287148 1.49569857
      vertex 0.68303591 2.62369442 1.48719108
      vertex 0.635572553 2.69682932 1.472996
    endloop
  endfacet
  facet normal 0.523354077 0.177904196 -0.833337031
    outer loop
      vertex 0.730499327 2.55055976 1.50138617
      vertex 0.694875658 2.6287148 1.49569857
      vertex 0.754684806 2.53655696 1.51358581
    endloop
  endfacet
  facet normal 0.661355592 0.531865801 0.528892758
    outer loop
      vertex 0.53098309 2.82875395 1.499475
      vertex 0.479354978 2.90830588 1.48403442
      vertex 0.524004996 2.82638192 1.51058614
    endloop
  endfacet
  facet normal 0.661350971 0.53186356 0.52890079
    outer loop
      vertex 0.54493928 2.833498 1.47725284
      vertex 0.493311167 2.91305017 1.46181214
      vertex 0.486333072 2.91067791 1.47292328
    endloop
  endfacet
  facet normal 0.661355592 0.531865801 0.528892758
    outer loop
      vertex 0.537961185 2.83112597 1.48836386
      vertex 0.486333072 2.91067791 1.47292328
      vertex 0.53098309 2.82875395 1.499475
    endloop
  endfacet
  facet normal 0.661356301 0.531864709 0.528892971
    outer loop
      vertex 0.551917374 2.83587003 1.4661417
      vertex 0.500289261 2.9154222 1.45070112
      vertex 0.54493928 2.833498 1.47725284
    endloop
  endfacet
  facet normal 0.661346949 0.531862193 0.528907195
    outer loop
      vertex 0.630750299 2.66846371 1.5359118
      vertex 0.634239376 2.66964984 1.53035629
      vertex 0.608425319 2.70942593 1.52263594
    endloop
  endfacet
  facet normal 0.661359286 0.531867727 0.528886203
    outer loop
      vertex 0.601447225 2.70705366 1.53374708
      vertex 0.627261281 2.66727781 1.54146731
      vertex 0.630750299 2.66846371 1.5359118
    endloop
  endfacet
  facet normal 0.661351186 0.531864974 0.5288991
    outer loop
      vertex 0.627261281 2.66727781 1.54146731
      vertex 0.601447225 2.70705366 1.53374708
      vertex 0.623772204 2.66609168 1.54702294
    endloop
  endfacet
  facet normal 0.661356904 0.531865577 0.528891344
    outer loop
      vertex 0.648195565 2.67439389 1.50813401
      vertex 0.622381508 2.71416998 1.50041366
      vertex 0.644706488 2.673208 1.51368952
    endloop
  endfacet
  facet normal 0.661350308 0.531862838 0.528902346
    outer loop
      vertex 0.622381508 2.71416998 1.50041366
      vertex 0.596567392 2.75394607 1.49269342
      vertex 0.593078375 2.75275993 1.49824893
    endloop
  endfacet
  facet normal 0.661355592 0.531865801 0.528892758
    outer loop
      vertex 0.603545487 2.75631809 1.48158228
      vertex 0.551917374 2.83587003 1.4661417
      vertex 0.596567392 2.75394607 1.49269342
    endloop
  endfacet
  facet normal 0.661350971 0.53186356 0.52890079
    outer loop
      vertex 0.622381508 2.71416998 1.50041366
      vertex 0.648195565 2.67439389 1.50813401
      vertex 0.655173659 2.67676616 1.49702287
    endloop
  endfacet
  facet normal 0.661356213 0.531864845 0.528892944
    outer loop
      vertex 0.603545487 2.75631809 1.48158228
      vertex 0.596567392 2.75394607 1.49269342
      vertex 0.622381508 2.71416998 1.50041366
    endloop
  endfacet
  facet normal 0.661352419 0.531865137 0.528897394
    outer loop
      vertex 0.655173659 2.67676616 1.49702287
      vertex 0.603545487 2.75631809 1.48158228
      vertex 0.622381508 2.71416998 1.50041366
    endloop
  endfacet
  facet normal 0.661355592 0.531865801 0.528892758
    outer loop
      vertex 0.737495601 2.51054573 1.56123745
      vertex 0.685867488 2.59009767 1.54579687
      vertex 0.730517507 2.5081737 1.57234859
    endloop
  endfacet
  facet normal 0.661359999 0.531866629 0.528886416
    outer loop
      vertex 0.630750299 2.66846371 1.5359118
      vertex 0.627261281 2.66727781 1.54146731
      vertex 0.678889394 2.58772564 1.55690801
    endloop
  endfacet
  facet normal 0.661347302 0.53186165 0.5289073
    outer loop
      vertex 0.685867488 2.59009767 1.54579687
      vertex 0.634239376 2.66964984 1.53035629
      vertex 0.630750299 2.66846371 1.5359118
    endloop
  endfacet
  facet normal 0.66135566 0.531865697 0.528892779
    outer loop
      vertex 0.678889394 2.58772564 1.55690801
      vertex 0.685867488 2.59009767 1.54579687
      vertex 0.630750299 2.66846371 1.5359118
    endloop
  endfacet
  facet normal 0.661356301 0.531864709 0.528892971
    outer loop
      vertex 0.75145179 2.51528978 1.53901517
      vertex 0.699823678 2.59484196 1.52357459
      vertex 0.744473696 2.51291776 1.55012631
    endloop
  endfacet
  facet normal 0.661354637 0.531865477 0.52889428
    outer loop
      vertex 0.644706488 2.673208 1.51368952
      vertex 0.64121747 2.67202187 1.51924515
      vertex 0.692845583 2.59246993 1.53468573
    endloop
  endfacet
  facet normal 0.661356548 0.531866126 0.528891237
    outer loop
      vertex 0.699823678 2.59484196 1.52357459
      vertex 0.648195565 2.67439389 1.50813401
      vertex 0.644706488 2.673208 1.51368952
    endloop
  endfacet
  facet normal 0.66135566 0.531865697 0.528892779
    outer loop
      vertex 0.692845583 2.59246993 1.53468573
      vertex 0.699823678 2.59484196 1.52357459
      vertex 0.644706488 2.673208 1.51368952
    endloop
  endfacet
  facet normal 0.661355592 0.531865801 0.528892758
    outer loop
      vertex 0.692845583 2.59246993 1.53468573
      vertex 0.64121747 2.67202187 1.51924515
      vertex 0.634239376 2.66964984 1.53035629
    endloop
  endfacet
  facet normal 0.661360351 0.531866085 0.528886522
    outer loop
      vertex 0.740984678 2.51173186 1.55568182
      vertex 0.744473696 2.51291776 1.55012631
      vertex 0.692845583 2.59246993 1.53468573
    endloop
  endfacet
  facet normal 0.661351542 0.531864425 0.528899207
    outer loop
      vertex 0.685867488 2.59009767 1.54579687
      vertex 0.737495601 2.51054573 1.56123745
      vertex 0.740984678 2.51173186 1.55568182
    endloop
  endfacet
  facet normal 0.661350681 0.531864008 0.528900704
    outer loop
      vertex 0.692845583 2.59246993 1.53468573
      vertex 0.685867488 2.59009767 1.54579687
      vertex 0.740984678 2.51173186 1.55568182
    endloop
  endfacet
  facet normal 0.661351324 0.531863017 0.528900896
    outer loop
      vertex 0.706801772 2.59721398 1.51246345
      vertex 0.655173659 2.67676616 1.49702287
      vertex 0.648195565 2.67439389 1.50813401
    endloop
  endfacet
  facet normal 0.661349687 0.531863794 0.528902161
    outer loop
      vertex 0.754940867 2.51647592 1.53345954
      vertex 0.758429885 2.51766205 1.52790403
      vertex 0.706801772 2.59721398 1.51246345
    endloop
  endfacet
  facet normal 0.661352251 0.531863332 0.528899419
    outer loop
      vertex 0.699823678 2.59484196 1.52357459
      vertex 0.75145179 2.51528978 1.53901517
      vertex 0.754940867 2.51647592 1.53345954
    endloop
  endfacet
  facet normal 0.661356013 0.531865153 0.528892884
    outer loop
      vertex 0.706801772 2.59721398 1.51246345
      vertex 0.699823678 2.59484196 1.52357459
      vertex 0.754940867 2.51647592 1.53345954
    endloop
  endfacet
  facet normal 0.661351324 0.531863017 0.528900896
    outer loop
      vertex 0.840751886 2.35144162 1.59211862
      vertex 0.789123774 2.4309938 1.57667804
      vertex 0.782145679 2.42862153 1.58778918
    endloop
  endfacet
  facet normal 0.661356654 0.531864165 0.528893076
    outer loop
      vertex 0.763309658 2.47076964 1.56895769
      vertex 0.737495601 2.51054573 1.56123745
      vertex 0.730517507 2.5081737 1.57234859
    endloop
  endfacet
  facet normal 0.661349112 0.531866425 0.528900235
    outer loop
      vertex 0.782145679 2.42862153 1.58778918
      vertex 0.789123774 2.4309938 1.57667804
      vertex 0.763309658 2.47076964 1.56895769
    endloop
  endfacet
  facet normal 0.661358092 0.531865732 0.528889702
    outer loop
      vertex 0.730517507 2.5081737 1.57234859
      vertex 0.782145679 2.42862153 1.58778918
      vertex 0.763309658 2.47076964 1.56895769
    endloop
  endfacet
  facet normal 0.661365653 0.531867225 0.528878746
    outer loop
      vertex 0.770287752 2.47314167 1.55784655
      vertex 0.744473696 2.51291776 1.55012631
      vertex 0.766798735 2.47195578 1.56340218
    endloop
  endfacet
  facet normal 0.661351899 0.531863875 0.528899314
    outer loop
      vertex 0.766798735 2.47195578 1.56340218
      vertex 0.740984678 2.51173186 1.55568182
      vertex 0.737495601 2.51054573 1.56123745
    endloop
  endfacet
  facet normal 0.661365653 0.531867225 0.528878746
    outer loop
      vertex 0.792612791 2.43217969 1.57112241
      vertex 0.766798735 2.47195578 1.56340218
      vertex 0.789123774 2.4309938 1.57667804
    endloop
  endfacet
  facet normal 0.661345531 0.531864378 0.528906771
    outer loop
      vertex 0.787733018 2.47907209 1.53006876
      vertex 0.761918962 2.51884794 1.5223484
      vertex 0.784243941 2.47788596 1.53562427
    endloop
  endfacet
  facet normal 0.661350749 0.531862158 0.528902478
    outer loop
      vertex 0.784243941 2.47788596 1.53562427
      vertex 0.758429885 2.51766205 1.52790403
      vertex 0.754940867 2.51647592 1.53345954
    endloop
  endfacet
  facet normal 0.661356904 0.531865577 0.528891344
    outer loop
      vertex 0.780754924 2.47669983 1.5411799
      vertex 0.754940867 2.51647592 1.53345954
      vertex 0.777265847 2.47551394 1.54673541
    endloop
  endfacet
  facet normal 0.661350969 0.531863563 0.52890079
    outer loop
      vertex 0.950986207 2.19470954 1.61188865
      vertex 0.957964301 2.1970818 1.60077751
      vertex 0.847729981 2.35381365 1.58100748
    endloop
  endfacet
  facet normal 0.661355947 0.531865255 0.528892865
    outer loop
      vertex 0.847729981 2.35381365 1.58100748
      vertex 0.840751886 2.35144162 1.59211862
      vertex 0.944008112 2.19233751 1.62299979
    endloop
  endfacet
  facet normal 0.661355372 0.531866141 0.528892693
    outer loop
      vertex 0.995636284 2.11278558 1.63844037
      vertex 0.944008112 2.19233751 1.62299979
      vertex 0.98865819 2.11041355 1.64955151
    endloop
  endfacet
  facet normal 0.661351324 0.531863017 0.528900896
    outer loop
      vertex 1.00959241 2.11752963 1.61621809
      vertex 0.957964301 2.1970818 1.60077751
      vertex 0.950986207 2.19470954 1.61188865
    endloop
  endfacet
  facet normal 0.661355372 0.531866141 0.528892693
    outer loop
      vertex 1.00261438 2.1151576 1.62732923
      vertex 0.950986207 2.19470954 1.61188865
      vertex 0.995636284 2.11278558 1.63844037
    endloop
  endfacet
  facet normal 0.661354534 0.531864522 0.528895368
    outer loop
      vertex 1.01657057 2.11990166 1.60510695
      vertex 0.964942396 2.19945383 1.58966637
      vertex 1.00959241 2.11752963 1.61621809
    endloop
  endfacet
  facet normal 0.661356269 0.531866243 0.528891467
    outer loop
      vertex 0.472376883 2.90593386 1.49514556
      vertex 0.413770676 2.98311377 1.49081612
      vertex 0.460985124 2.91036272 1.5049367
    endloop
  endfacet
  facet normal 0.661352059 0.5318646 0.528898384
    outer loop
      vertex 0.524004996 2.82638192 1.51058614
      vertex 0.472376883 2.90593386 1.49514556
      vertex 0.508199573 2.83761144 1.51905727
    endloop
  endfacet
  facet normal 0.661352082 0.53186482 0.528898136
    outer loop
      vertex 0.555414021 2.76486039 1.53317785
      vertex 0.524004996 2.82638192 1.51058614
      vertex 0.508199573 2.83761144 1.51905727
    endloop
  endfacet
  facet normal 0.661355592 0.531865801 0.528892758
    outer loop
      vertex 0.479354978 2.90830588 1.48403442
      vertex 0.413770676 2.98311377 1.49081612
      vertex 0.472376883 2.90593386 1.49514556
    endloop
  endfacet
  facet normal 0.661354442 0.531864908 0.528895095
    outer loop
      vertex 0.573923528 2.77347112 1.50137365
      vertex 0.524004996 2.82638192 1.51058614
      vertex 0.555414021 2.76486039 1.53317785
    endloop
  endfacet
  facet normal 0.661352389 0.53186665 0.528895911
    outer loop
      vertex 0.608425319 2.70942593 1.52263594
      vertex 0.611175537 2.71998954 1.50857401
      vertex 0.600944042 2.71522975 1.5261544
    endloop
  endfacet
  facet normal 0.661355346 0.53186618 0.528892685
    outer loop
      vertex 0.573923528 2.77347112 1.50137365
      vertex 0.537961185 2.83112597 1.48836386
      vertex 0.53098309 2.82875395 1.499475
    endloop
  endfacet
  facet normal 0.661354406 0.531864509 0.528895542
    outer loop
      vertex 0.434704959 2.99023008 1.4574827
      vertex 0.413770676 2.98311377 1.49081612
      vertex 0.479354978 2.90830588 1.48403442
    endloop
  endfacet
  facet normal 0.661356385 0.531859859 0.528897742
    outer loop
      vertex 0.601447225 2.70705366 1.53374708
      vertex 0.600944042 2.71522975 1.5261544
      vertex 0.590712607 2.71046996 1.54373467
    endloop
  endfacet
  facet normal 0.661352984 0.531864244 0.528897586
    outer loop
      vertex 0.623772204 2.66609168 1.54702294
      vertex 0.597958148 2.70586777 1.53930259
      vertex 0.590712607 2.71046996 1.54373467
    endloop
  endfacet
  facet normal 0.661356591 0.531866147 0.528891162
    outer loop
      vertex 0.646037042 2.62522244 1.5602808
      vertex 0.678889394 2.58772564 1.55690801
      vertex 0.623772204 2.66609168 1.54702294
    endloop
  endfacet
  facet normal 0.66135602 0.531866087 0.528891936
    outer loop
      vertex 0.590712607 2.71046996 1.54373467
      vertex 0.646037042 2.62522244 1.5602808
      vertex 0.623772204 2.66609168 1.54702294
    endloop
  endfacet
  facet normal 0.661355942 0.531865442 0.528892682
    outer loop
      vertex 0.646037042 2.62522244 1.5602808
      vertex 0.701361477 2.53997493 1.57682681
      vertex 0.678889394 2.58772564 1.55690801
    endloop
  endfacet
  facet normal 0.661351633 0.531862686 0.528900842
    outer loop
      vertex 0.608425319 2.70942593 1.52263594
      vertex 0.600944042 2.71522975 1.5261544
      vertex 0.630750299 2.66846371 1.5359118
    endloop
  endfacet
  facet normal 0.661351491 0.531862642 0.528901064
    outer loop
      vertex 0.630750299 2.66846371 1.5359118
      vertex 0.600944042 2.71522975 1.5261544
      vertex 0.601447225 2.70705366 1.53374708
    endloop
  endfacet
  facet normal 0.661351899 0.531863875 0.528899314
    outer loop
      vertex 0.678889394 2.58772564 1.55690801
      vertex 0.627261281 2.66727781 1.54146731
      vertex 0.623772204 2.66609168 1.54702294
    endloop
  endfacet
  facet normal 0.661353066 0.531871491 0.528890196
    outer loop
      vertex 0.590712607 2.71046996 1.54373467
      vertex 0.597958148 2.70586777 1.53930259
      vertex 0.601447225 2.70705366 1.53374708
    endloop
  endfacet
  facet normal 0.661355949 0.531865252 0.528892865
    outer loop
      vertex 0.634239376 2.66964984 1.53035629
      vertex 0.64121747 2.67202187 1.51924515
      vertex 0.608425319 2.70942593 1.52263594
    endloop
  endfacet
  facet normal 0.661351324 0.531863017 0.528900896
    outer loop
      vertex 0.493311167 2.91305017 1.46181214
      vertex 0.434704959 2.99023008 1.4574827
      vertex 0.486333072 2.91067791 1.47292328
    endloop
  endfacet
  facet normal 0.661356301 0.531864709 0.528892971
    outer loop
      vertex 0.486333072 2.91067791 1.47292328
      vertex 0.434704959 2.99023008 1.4574827
      vertex 0.479354978 2.90830588 1.48403442
    endloop
  endfacet
  facet normal 0.661358437 0.531867041 0.528887955
    outer loop
      vertex 0.593078375 2.75275993 1.49824893
      vertex 0.537961185 2.83112597 1.48836386
      vertex 0.573923528 2.77347112 1.50137365
    endloop
  endfacet
  facet normal 0.661353362 0.531864584 0.528896772
    outer loop
      vertex 0.593078375 2.75275993 1.49824893
      vertex 0.54493928 2.833498 1.47725284
      vertex 0.537961185 2.83112597 1.48836386
    endloop
  endfacet
  facet normal 0.66135347 0.531864417 0.528896805
    outer loop
      vertex 0.500289261 2.9154222 1.45070112
      vertex 0.434704959 2.99023008 1.4574827
      vertex 0.493311167 2.91305017 1.46181214
    endloop
  endfacet
  facet normal 0.661354483 0.531864699 0.528895255
    outer loop
      vertex 0.515448332 2.90518856 1.44203663
      vertex 0.455639213 2.9973464 1.42414939
      vertex 0.500289261 2.9154222 1.45070112
    endloop
  endfacet
  facet normal 0.661353648 0.531864611 0.528896387
    outer loop
      vertex 0.434704959 2.99023008 1.4574827
      vertex 0.500289261 2.9154222 1.45070112
      vertex 0.455639213 2.9973464 1.42414939
    endloop
  endfacet
  facet normal 0.661354446 0.531864078 0.528895924
    outer loop
      vertex 0.500289261 2.9154222 1.45070112
      vertex 0.551917374 2.83587003 1.4661417
      vertex 0.515448332 2.90518856 1.44203663
    endloop
  endfacet
  facet normal 0.661355962 0.531865927 0.52889217
    outer loop
      vertex 0.551917374 2.83587003 1.4661417
      vertex 0.603545487 2.75631809 1.48158228
      vertex 0.575257421 2.81303048 1.45992398
    endloop
  endfacet
  facet normal 0.661349687 0.531863794 0.528902161
    outer loop
      vertex 0.593078375 2.75275993 1.49824893
      vertex 0.596567392 2.75394607 1.49269342
      vertex 0.54493928 2.833498 1.47725284
    endloop
  endfacet
  facet normal 0.66136538 0.531868458 0.528877848
    outer loop
      vertex 0.593078375 2.75275993 1.49824893
      vertex 0.611175537 2.71998954 1.50857401
      vertex 0.618892431 2.71298385 1.50596929
    endloop
  endfacet
  facet normal 0.661355346 0.53186618 0.528892685
    outer loop
      vertex 0.573923528 2.77347112 1.50137365
      vertex 0.53098309 2.82875395 1.499475
      vertex 0.524004996 2.82638192 1.51058614
    endloop
  endfacet
  facet normal 0.66135428 0.531866026 0.528894173
    outer loop
      vertex 0.644706488 2.673208 1.51368952
      vertex 0.618892431 2.71298385 1.50596929
      vertex 0.64121747 2.67202187 1.51924515
    endloop
  endfacet
  facet normal 0.661364853 0.53186714 0.528879831
    outer loop
      vertex 0.611175537 2.71998954 1.50857401
      vertex 0.64121747 2.67202187 1.51924515
      vertex 0.618892431 2.71298385 1.50596929
    endloop
  endfacet
  facet normal 0.661355148 0.531864379 0.528894744
    outer loop
      vertex 0.611175537 2.71998954 1.50857401
      vertex 0.608425319 2.70942593 1.52263594
      vertex 0.64121747 2.67202187 1.51924515
    endloop
  endfacet
  facet normal 0.661358841 0.53186732 0.528887169
    outer loop
      vertex 0.635066569 2.72087264 1.47781122
      vertex 0.603545487 2.75631809 1.48158228
      vertex 0.655173659 2.67676616 1.49702287
    endloop
  endfacet
  facet normal 0.661358864 0.53186558 0.528888891
    outer loop
      vertex 0.694875658 2.6287148 1.49569857
      vertex 0.655173659 2.67676616 1.49702287
      vertex 0.706801772 2.59721398 1.51246345
    endloop
  endfacet
  facet normal 0.66135737 0.531865859 0.528890478
    outer loop
      vertex 0.754684806 2.53655696 1.51358581
      vertex 0.694875658 2.6287148 1.49569857
      vertex 0.706801772 2.59721398 1.51246345
    endloop
  endfacet
  facet normal 0.6613607 0.531867206 0.528884959
    outer loop
      vertex 0.635066569 2.72087264 1.47781122
      vertex 0.655173659 2.67676616 1.49702287
      vertex 0.694875658 2.6287148 1.49569857
    endloop
  endfacet
  facet normal 0.661357798 0.531867547 0.528888245
    outer loop
      vertex 0.611175537 2.71998954 1.50857401
      vertex 0.593078375 2.75275993 1.49824893
      vertex 0.592549562 2.74673033 1.50497377
    endloop
  endfacet
  facet normal 0.661358466 0.53186708 0.528887879
    outer loop
      vertex 0.592549562 2.74673033 1.50497377
      vertex 0.593078375 2.75275993 1.49824893
      vertex 0.573923528 2.77347112 1.50137365
    endloop
  endfacet
  facet normal 0.661354492 0.531864508 0.528895435
    outer loop
      vertex 0.782145679 2.42862153 1.58778918
      vertex 0.730517507 2.5081737 1.57234859
      vertex 0.756685972 2.45472717 1.59337294
    endloop
  endfacet
  facet normal 0.661353318 0.531865028 0.52889638
    outer loop
      vertex 0.833773792 2.3490696 1.60322976
      vertex 0.782145679 2.42862153 1.58778918
      vertex 0.812010407 2.36947966 1.60991895
    endloop
  endfacet
  facet normal 0.661353393 0.531865194 0.528896119
    outer loop
      vertex 0.867334843 2.28423214 1.62646508
      vertex 0.833773792 2.3490696 1.60322976
      vertex 0.812010407 2.36947966 1.60991895
    endloop
  endfacet
  facet normal 0.661364464 0.531869056 0.528878391
    outer loop
      vertex 0.794070661 2.43377447 1.56769574
      vertex 0.770287752 2.47314167 1.55784655
      vertex 0.766798735 2.47195578 1.56340218
    endloop
  endfacet
  facet normal 0.661351677 0.531862474 0.528901001
    outer loop
      vertex 0.770287752 2.47314167 1.55784655
      vertex 0.777265847 2.47551394 1.54673541
      vertex 0.744473696 2.51291776 1.55012631
    endloop
  endfacet
  facet normal 0.661351721 0.531862489 0.52890093
    outer loop
      vertex 0.794070661 2.43377447 1.56769574
      vertex 0.766798735 2.47195578 1.56340218
      vertex 0.792612791 2.43217969 1.57112241
    endloop
  endfacet
  facet normal 0.661365301 0.531867768 0.528878641
    outer loop
      vertex 0.789123774 2.4309938 1.57667804
      vertex 0.840751886 2.35144162 1.59211862
      vertex 0.792612791 2.43217969 1.57112241
    endloop
  endfacet
  facet normal 0.66135161 0.531862615 0.528900942
    outer loop
      vertex 0.794070661 2.43377447 1.56769574
      vertex 0.792612791 2.43217969 1.57112241
      vertex 0.814784944 2.4048419 1.57088864
    endloop
  endfacet
  facet normal 0.661351962 0.531862844 0.528900272
    outer loop
      vertex 0.937030017 2.18996549 1.63411093
      vertex 0.867334843 2.28423214 1.62646508
      vertex 0.922659278 2.19898438 1.64301109
    endloop
  endfacet
  facet normal 0.661349943 0.531864296 0.528901336
    outer loop
      vertex 0.98865819 2.11041355 1.64955151
      vertex 0.937030017 2.18996549 1.63411093
      vertex 0.977983773 2.11373687 1.6595571
    endloop
  endfacet
  facet normal 0.661350118 0.531863694 0.528901722
    outer loop
      vertex 1.03330815 2.02848935 1.67610323
      vertex 0.98865819 2.11041355 1.64955151
      vertex 0.977983773 2.11373687 1.6595571
    endloop
  endfacet
  facet normal 0.661355947 0.531865255 0.528892865
    outer loop
      vertex 0.840751886 2.35144162 1.59211862
      vertex 0.833773792 2.3490696 1.60322976
      vertex 0.937030017 2.18996549 1.63411093
    endloop
  endfacet
  facet normal 0.661355212 0.5318656 0.528893436
    outer loop
      vertex 0.814784944 2.4048419 1.57088864
      vertex 0.792612791 2.43217969 1.57112241
      vertex 0.840751886 2.35144162 1.59211862
    endloop
  endfacet
  facet normal 0.661356522 0.531864369 0.528893036
    outer loop
      vertex 1.03330815 2.02848935 1.67610323
      vertex 0.995636284 2.11278558 1.63844037
      vertex 0.98865819 2.11041355 1.64955151
    endloop
  endfacet
  facet normal 0.661355921 0.531865294 0.528892857
    outer loop
      vertex 0.995636284 2.11278558 1.63844037
      vertex 1.05389643 2.03613877 1.64266634
      vertex 1.00261438 2.1151576 1.62732923
    endloop
  endfacet
  facet normal 0.661354721 0.531864508 0.528895149
    outer loop
      vertex 1.05389643 2.03613877 1.64266634
      vertex 0.995636284 2.11278558 1.63844037
      vertex 1.03330815 2.02848935 1.67610323
    endloop
  endfacet
  facet normal 0.661356188 0.531865337 0.52889248
    outer loop
      vertex 0.867334843 2.28423214 1.62646508
      vertex 0.937030017 2.18996549 1.63411093
      vertex 0.833773792 2.3490696 1.60322976
    endloop
  endfacet
  facet normal 0.661355725 0.531865596 0.528892798
    outer loop
      vertex 0.814784944 2.4048419 1.57088864
      vertex 0.840751886 2.35144162 1.59211862
      vertex 0.847729981 2.35381365 1.58100748
    endloop
  endfacet
  facet normal 0.661356817 0.531865711 0.528891318
    outer loop
      vertex 0.780754924 2.47669983 1.5411799
      vertex 0.777265847 2.47551394 1.54673541
      vertex 0.804282248 2.43908691 1.54958439
    endloop
  endfacet
  facet normal 0.661355239 0.531864769 0.528894238
    outer loop
      vertex 0.804282248 2.43908691 1.54958439
      vertex 0.777265847 2.47551394 1.54673541
      vertex 0.794070661 2.43377447 1.56769574
    endloop
  endfacet
  facet normal 0.661354846 0.531865154 0.528894342
    outer loop
      vertex 0.784243941 2.47788596 1.53562427
      vertex 0.780754924 2.47669983 1.5411799
      vertex 0.804282248 2.43908691 1.54958439
    endloop
  endfacet
  facet normal 0.661349643 0.531865607 0.528900393
    outer loop
      vertex 0.770287752 2.47314167 1.55784655
      vertex 0.794070661 2.43377447 1.56769574
      vertex 0.777265847 2.47551394 1.54673541
    endloop
  endfacet
  facet normal 0.661357188 0.531865722 0.528890842
    outer loop
      vertex 0.754684806 2.53655696 1.51358581
      vertex 0.706801772 2.59721398 1.51246345
      vertex 0.761918962 2.51884794 1.5223484
    endloop
  endfacet
  facet normal 0.661361497 0.531867809 0.528883356
    outer loop
      vertex 0.761918962 2.51884794 1.5223484
      vertex 0.706801772 2.59721398 1.51246345
      vertex 0.758429885 2.51766205 1.52790403
    endloop
  endfacet
  facet normal 0.661351737 0.531866488 0.528896889
    outer loop
      vertex 0.787733018 2.47907209 1.53006876
      vertex 0.754684806 2.53655696 1.51358581
      vertex 0.761918962 2.51884794 1.5223484
    endloop
  endfacet
  facet normal 0.661349694 0.531857963 0.528908016
    outer loop
      vertex 0.787733018 2.47907209 1.53006876
      vertex 0.784243941 2.47788596 1.53562427
      vertex 0.814493895 2.44439912 1.53147316
    endloop
  endfacet
  facet normal 0.661355675 0.531865195 0.528893265
    outer loop
      vertex 0.804282248 2.43908691 1.54958439
      vertex 0.814493895 2.44439912 1.53147316
      vertex 0.784243941 2.47788596 1.53562427
    endloop
  endfacet
  facet normal 0.661365278 0.531868762 0.52887767
    outer loop
      vertex 0.754684806 2.53655696 1.51358581
      vertex 0.787733018 2.47907209 1.53006876
      vertex 0.814493895 2.44439912 1.53147316
    endloop
  endfacet
  facet normal 0.661352162 0.531861725 0.528901147
    outer loop
      vertex 0.854708076 2.35618591 1.56989634
      vertex 0.835499227 2.37590957 1.57408154
      vertex 0.847729981 2.35381365 1.58100748
    endloop
  endfacet
  facet normal 0.66135393 0.531865452 0.528895188
    outer loop
      vertex 1.01657057 2.11990166 1.60510695
      vertex 1.00959241 2.11752963 1.61621809
      vertex 1.05389643 2.03613877 1.64266634
    endloop
  endfacet
  facet normal 0.661339273 0.531860141 0.528918856
    outer loop
      vertex 0.835499227 2.37590957 1.57408154
      vertex 0.814784944 2.4048419 1.57088864
      vertex 0.847729981 2.35381365 1.58100748
    endloop
  endfacet
  facet normal 0.661355947 0.531865255 0.528892865
    outer loop
      vertex 0.964942396 2.19945383 1.58966637
      vertex 0.854708076 2.35618591 1.56989634
      vertex 0.957964301 2.1970818 1.60077751
    endloop
  endfacet
  facet normal 0.661356523 0.531865155 0.528892244
    outer loop
      vertex 0.853025556 2.38502717 1.54299688
      vertex 0.854708076 2.35618591 1.56989634
      vertex 0.926845193 2.27128077 1.56507444
    endloop
  endfacet
  facet normal 0.661357294 0.531865907 0.528890524
    outer loop
      vertex 0.964942396 2.19945383 1.58966637
      vertex 0.926845193 2.27128077 1.56507444
      vertex 0.854708076 2.35618591 1.56989634
    endloop
  endfacet
  facet normal 0.661355176 0.531865746 0.528893334
    outer loop
      vertex 1.00066495 2.1575346 1.58715189
      vertex 0.926845193 2.27128077 1.56507444
      vertex 0.964942396 2.19945383 1.58966637
    endloop
  endfacet
  facet normal 0.661353718 0.531864201 0.528896711
    outer loop
      vertex 1.07448459 2.04378819 1.60922945
      vertex 1.00066495 2.1575346 1.58715189
      vertex 1.01657057 2.11990166 1.60510695
    endloop
  endfacet
  facet normal 0.661353622 0.531864213 0.52889682
    outer loop
      vertex 0.964942396 2.19945383 1.58966637
      vertex 1.01657057 2.11990166 1.60510695
      vertex 1.00066495 2.1575346 1.58715189
    endloop
  endfacet
  facet normal 0.661355439 0.531865333 0.528893422
    outer loop
      vertex 1.05389643 2.03613877 1.64266634
      vertex 1.07448459 2.04378819 1.60922945
      vertex 1.01657057 2.11990166 1.60510695
    endloop
  endfacet
  facet normal 0.661354921 0.531866071 0.528893326
    outer loop
      vertex 0.854708076 2.35618591 1.56989634
      vertex 0.853025556 2.38502717 1.54299688
      vertex 0.835499227 2.37590957 1.57408154
    endloop
  endfacet
  facet normal 0.661357469 0.53186582 0.528890393
    outer loop
      vertex 1.05389643 2.03613877 1.64266634
      vertex 1.00959241 2.11752963 1.61621809
      vertex 1.00261438 2.1151576 1.62732923
    endloop
  endfacet
  facet normal 0.661355592 0.531865801 0.528892758
    outer loop
      vertex 0.479354978 2.90830588 1.48403442
      vertex 0.472376883 2.90593386 1.49514556
      vertex 0.524004996 2.82638192 1.51058614
    endloop
  endfacet
  facet normal 0.661353117 0.53186496 0.528896699
    outer loop
      vertex 0.54493928 2.833498 1.47725284
      vertex 0.486333072 2.91067791 1.47292328
      vertex 0.537961185 2.83112597 1.48836386
    endloop
  endfacet
  facet normal 0.661355592 0.531865801 0.528892758
    outer loop
      vertex 0.486333072 2.91067791 1.47292328
      vertex 0.479354978 2.90830588 1.48403442
      vertex 0.53098309 2.82875395 1.499475
    endloop
  endfacet
  facet normal 0.661353474 0.531864411 0.528896806
    outer loop
      vertex 0.500289261 2.9154222 1.45070112
      vertex 0.493311167 2.91305017 1.46181214
      vertex 0.54493928 2.833498 1.47725284
    endloop
  endfacet
  facet normal 0.661356904 0.531865577 0.528891344
    outer loop
      vertex 0.601447225 2.70705366 1.53374708
      vertex 0.597958148 2.70586777 1.53930259
      vertex 0.623772204 2.66609168 1.54702294
    endloop
  endfacet
  facet normal 0.661351186 0.531864974 0.5288991
    outer loop
      vertex 0.622381508 2.71416998 1.50041366
      vertex 0.618892431 2.71298385 1.50596929
      vertex 0.644706488 2.673208 1.51368952
    endloop
  endfacet
  facet normal 0.661351899 0.531863875 0.528899314
    outer loop
      vertex 0.622381508 2.71416998 1.50041366
      vertex 0.593078375 2.75275993 1.49824893
      vertex 0.618892431 2.71298385 1.50596929
    endloop
  endfacet
  facet normal 0.661355592 0.531865801 0.528892758
    outer loop
      vertex 0.551917374 2.83587003 1.4661417
      vertex 0.54493928 2.833498 1.47725284
      vertex 0.596567392 2.75394607 1.49269342
    endloop
  endfacet
  facet normal 0.661355592 0.531865801 0.528892758
    outer loop
      vertex 0.685867488 2.59009767 1.54579687
      vertex 0.678889394 2.58772564 1.55690801
      vertex 0.730517507 2.5081737 1.57234859
    endloop
  endfacet
  facet normal 0.661356301 0.531864709 0.528892971
    outer loop
      vertex 0.699823678 2.59484196 1.52357459
      vertex 0.692845583 2.59246993 1.53468573
      vertex 0.744473696 2.51291776 1.55012631
    endloop
  endfacet
  facet normal 0.661351324 0.531863017 0.528900896
    outer loop
      vertex 0.692845583 2.59246993 1.53468573
      vertex 0.634239376 2.66964984 1.53035629
      vertex 0.685867488 2.59009767 1.54579687
    endloop
  endfacet
  facet normal 0.661355592 0.531865801 0.528892758
    outer loop
      vertex 0.706801772 2.59721398 1.51246345
      vertex 0.648195565 2.67439389 1.50813401
      vertex 0.699823678 2.59484196 1.52357459
    endloop
  endfacet
  facet normal 0.661355592 0.531865801 0.528892758
    outer loop
      vertex 0.840751886 2.35144162 1.59211862
      vertex 0.782145679 2.42862153 1.58778918
      vertex 0.833773792 2.3490696 1.60322976
    endloop
  endfacet
  facet normal 0.661359999 0.531866629 0.528886416
    outer loop
      vertex 0.744473696 2.51291776 1.55012631
      vertex 0.740984678 2.51173186 1.55568182
      vertex 0.766798735 2.47195578 1.56340218
    endloop
  endfacet
  facet normal 0.661347654 0.531861106 0.528907406
    outer loop
      vertex 0.766798735 2.47195578 1.56340218
      vertex 0.737495601 2.51054573 1.56123745
      vertex 0.763309658 2.47076964 1.56895769
    endloop
  endfacet
  facet normal 0.66134509 0.531865057 0.528906639
    outer loop
      vertex 0.766798735 2.47195578 1.56340218
      vertex 0.763309658 2.47076964 1.56895769
      vertex 0.789123774 2.4309938 1.57667804
    endloop
  endfacet
  facet normal 0.661362559 0.531866173 0.528883674
    outer loop
      vertex 0.761918962 2.51884794 1.5223484
      vertex 0.758429885 2.51766205 1.52790403
      vertex 0.784243941 2.47788596 1.53562427
    endloop
  endfacet
  facet normal 0.661354993 0.531864927 0.528894386
    outer loop
      vertex 0.784243941 2.47788596 1.53562427
      vertex 0.754940867 2.51647592 1.53345954
      vertex 0.780754924 2.47669983 1.5411799
    endloop
  endfacet
  facet normal 0.661351186 0.531864974 0.5288991
    outer loop
      vertex 0.754940867 2.51647592 1.53345954
      vertex 0.75145179 2.51528978 1.53901517
      vertex 0.777265847 2.47551394 1.54673541
    endloop
  endfacet
  facet normal 0.661350969 0.531863563 0.52890079
    outer loop
      vertex 0.957964301 2.1970818 1.60077751
      vertex 0.854708076 2.35618591 1.56989634
      vertex 0.847729981 2.35381365 1.58100748
    endloop
  endfacet
  facet normal 0.661355947 0.531865255 0.528892865
    outer loop
      vertex 0.847729981 2.35381365 1.58100748
      vertex 0.944008112 2.19233751 1.62299979
      vertex 0.950986207 2.19470954 1.61188865
    endloop
  endfacet
  facet normal 0.661355372 0.531866141 0.528892693
    outer loop
      vertex 0.944008112 2.19233751 1.62299979
      vertex 0.937030017 2.18996549 1.63411093
      vertex 0.98865819 2.11041355 1.64955151
    endloop
  endfacet
  facet normal 0.661356919 0.531866667 0.528890229
    outer loop
      vertex 1.00959241 2.11752963 1.61621809
      vertex 0.950986207 2.19470954 1.61188865
      vertex 1.00261438 2.1151576 1.62732923
    endloop
  endfacet
  facet normal 0.661355372 0.531866141 0.528892693
    outer loop
      vertex 0.950986207 2.19470954 1.61188865
      vertex 0.944008112 2.19233751 1.62299979
      vertex 0.995636284 2.11278558 1.63844037
    endloop
  endfacet
  facet normal 0.661356301 0.531864709 0.528892971
    outer loop
      vertex 0.964942396 2.19945383 1.58966637
      vertex 0.957964301 2.1970818 1.60077751
      vertex 1.00959241 2.11752963 1.61621809
    endloop
  endfacet
  facet normal 0.661356579 0.53186489 0.52889244
    outer loop
      vertex 0.472376883 2.90593386 1.49514556
      vertex 0.460985124 2.91036272 1.5049367
      vertex 0.508199573 2.83761144 1.51905727
    endloop
  endfacet
  facet normal 0.661354669 0.531865488 0.528894228
    outer loop
      vertex 0.701361477 2.53997493 1.57682681
      vertex 0.730517507 2.5081737 1.57234859
      vertex 0.678889394 2.58772564 1.55690801
    endloop
  endfacet
  facet normal 0.661354996 0.531864115 0.528895199
    outer loop
      vertex 0.551917374 2.83587003 1.4661417
      vertex 0.575257421 2.81303048 1.45992398
      vertex 0.515448332 2.90518856 1.44203663
    endloop
  endfacet
  facet normal 0.661357646 0.531865953 0.528890037
    outer loop
      vertex 0.603545487 2.75631809 1.48158228
      vertex 0.635066569 2.72087264 1.47781122
      vertex 0.575257421 2.81303048 1.45992398
    endloop
  endfacet
  facet normal 0.661353901 0.531864509 0.528896173
    outer loop
      vertex 0.730517507 2.5081737 1.57234859
      vertex 0.701361477 2.53997493 1.57682681
      vertex 0.756685972 2.45472717 1.59337294
    endloop
  endfacet
  facet normal 0.661354846 0.531865069 0.528894427
    outer loop
      vertex 0.782145679 2.42862153 1.58778918
      vertex 0.756685972 2.45472717 1.59337294
      vertex 0.812010407 2.36947966 1.60991895
    endloop
  endfacet
  facet normal 0.661355236 0.531866351 0.528892652
    outer loop
      vertex 0.777265847 2.47551394 1.54673541
      vertex 0.75145179 2.51528978 1.53901517
      vertex 0.744473696 2.51291776 1.55012631
    endloop
  endfacet
  facet normal 0.661351966 0.531864477 0.528898624
    outer loop
      vertex 0.937030017 2.18996549 1.63411093
      vertex 0.922659278 2.19898438 1.64301109
      vertex 0.977983773 2.11373687 1.6595571
    endloop
  endfacet
  facet normal 0.661355947 0.531865255 0.528892865
    outer loop
      vertex 0.840751886 2.35144162 1.59211862
      vertex 0.937030017 2.18996549 1.63411093
      vertex 0.944008112 2.19233751 1.62299979
    endloop
  endfacet
  facet normal 0.523356938 0.177904633 -0.833335141
    outer loop
      vertex 0.843611181 2.35300565 1.53024828
      vertex 0.853025556 2.38502717 1.54299688
      vertex 0.926845193 2.27128077 1.56507444
    endloop
  endfacet
  facet normal 0.523356151 0.177905027 -0.833335551
    outer loop
      vertex 0.834196806 2.32098413 1.51749969
      vertex 0.843611181 2.35300565 1.53024828
      vertex 0.907355011 2.2082572 1.53937936
    endloop
  endfacet
  facet normal 0.523357775 0.177905817 -0.833334363
    outer loop
      vertex 0.926845193 2.27128077 1.56507444
      vertex 0.907355011 2.2082572 1.53937936
      vertex 0.843611181 2.35300565 1.53024828
    endloop
  endfacet
  facet normal 0.523356747 0.177906352 -0.833334894
    outer loop
      vertex 0.926845193 2.27128077 1.56507444
      vertex 1.00066495 2.1575346 1.58715189
      vertex 0.907355011 2.2082572 1.53937936
    endloop
  endfacet
  facet normal 0.523359575 0.177906754 -0.833333032
    outer loop
      vertex 1.06407797 2.01329589 1.59618402
      vertex 1.00066495 2.1575346 1.58715189
      vertex 1.07448459 2.04378819 1.60922945
    endloop
  endfacet
  facet normal 0.523355697 0.177904662 -0.833335914
    outer loop
      vertex 1.05367136 1.98280334 1.5831387
      vertex 0.980513155 2.09553027 1.56125903
      vertex 1.06407797 2.01329589 1.59618402
    endloop
  endfacet
  facet normal 0.523355923 0.177904981 -0.833335704
    outer loop
      vertex 1.00066495 2.1575346 1.58715189
      vertex 1.06407797 2.01329589 1.59618402
      vertex 0.980513155 2.09553027 1.56125903
    endloop
  endfacet
  facet normal 0.52335624 0.17790481 -0.833335541
    outer loop
      vertex 1.00066495 2.1575346 1.58715189
      vertex 0.980513155 2.09553027 1.56125903
      vertex 0.907355011 2.2082572 1.53937936
    endloop
  endfacet
  facet normal -0.523354752 -0.177903642 0.833336725
    outer loop
      vertex 0.588077903 2.67963386 1.53549695
      vertex 0.583117723 2.67564487 1.53153026
      vertex 0.623955727 2.61271906 1.54374385
    endloop
  endfacet
  facet normal -0.523354972 -0.177903302 0.833336659
    outer loop
      vertex 0.633876026 2.62069702 1.55167723
      vertex 0.593038082 2.68362284 1.53946364
      vertex 0.588077903 2.67963386 1.53549695
    endloop
  endfacet
  facet normal -0.523356237 -0.177904578 0.833335593
    outer loop
      vertex 0.623955727 2.61271906 1.54374385
      vertex 0.633876026 2.62069702 1.55167723
      vertex 0.588077903 2.67963386 1.53549695
    endloop
  endfacet
  facet normal -0.523356348 -0.177904408 0.83333556
    outer loop
      vertex 0.991497576 2.04638624 1.65366578
      vertex 1.00141788 2.0543642 1.66159916
      vertex 0.960579932 2.11729002 1.64938557
    endloop
  endfacet
  facet normal -0.523354049 -0.177904724 0.833336935
    outer loop
      vertex 0.578157604 2.67165589 1.52756357
      vertex 0.573197424 2.66766691 1.52359688
      vertex 0.614035428 2.6047411 1.53581035
    endloop
  endfacet
  facet normal -0.523357503 -0.177905854 0.833334526
    outer loop
      vertex 0.623955727 2.61271906 1.54374385
      vertex 0.583117723 2.67564487 1.53153026
      vertex 0.578157604 2.67165589 1.52756357
    endloop
  endfacet
  facet normal -0.523360266 -0.177908642 0.833332195
    outer loop
      vertex 0.614035428 2.6047411 1.53581035
      vertex 0.623955727 2.61271906 1.54374385
      vertex 0.578157604 2.67165589 1.52756357
    endloop
  endfacet
  facet normal -0.523354049 -0.177904724 0.833336935
    outer loop
      vertex 0.573197424 2.66766691 1.52359688
      vertex 0.578157604 2.67165589 1.52756357
      vertex 0.557738602 2.7031188 1.52145684
    endloop
  endfacet
  facet normal -0.523355895 -0.17790188 0.833336383
    outer loop
      vertex 0.547818303 2.69514084 1.51352334
      vertex 0.568237245 2.66367793 1.51963019
      vertex 0.573197424 2.66766691 1.52359688
    endloop
  endfacet
  facet normal -0.523355454 -0.17790256 0.833336515
    outer loop
      vertex 0.690751195 2.47490025 1.55627084
      vertex 0.695711374 2.47888923 1.56023753
      vertex 0.675292373 2.51035213 1.55413067
    endloop
  endfacet
  facet normal -0.523355995 -0.177908177 0.833334976
    outer loop
      vertex 0.660122752 2.52209473 1.54711068
      vertex 0.670332253 2.50636315 1.55016398
      vertex 0.675292373 2.51035213 1.55413067
    endloop
  endfacet
  facet normal -0.523358805 -0.177903848 0.833334136
    outer loop
      vertex 0.654873371 2.54181528 1.54802394
      vertex 0.649913251 2.5378263 1.54405725
      vertex 0.660122752 2.52209473 1.54711068
    endloop
  endfacet
  facet normal -0.52335302 -0.17790249 0.833338059
    outer loop
      vertex 0.675292373 2.51035213 1.55413067
      vertex 0.654873371 2.54181528 1.54802394
      vertex 0.660122752 2.52209473 1.54711068
    endloop
  endfacet
  facet normal -0.523361073 -0.177905673 0.833332322
    outer loop
      vertex 0.657642663 2.52010012 1.54512727
      vertex 0.660122752 2.52209473 1.54711068
      vertex 0.647433162 2.53583169 1.54207385
    endloop
  endfacet
  facet normal -0.523356829 -0.177903666 0.833335415
    outer loop
      vertex 0.675292373 2.51035213 1.55413067
      vertex 0.695711374 2.47888923 1.56023753
      vertex 0.705631673 2.48686719 1.56817091
    endloop
  endfacet
  facet normal -0.523354649 -0.1779038 0.833336756
    outer loop
      vertex 0.66479373 2.54979324 1.55595732
      vertex 0.654873371 2.54181528 1.54802394
      vertex 0.675292373 2.51035213 1.55413067
    endloop
  endfacet
  facet normal -0.523357215 -0.177904403 0.833335016
    outer loop
      vertex 0.705631673 2.48686719 1.56817091
      vertex 0.66479373 2.54979324 1.55595732
      vertex 0.675292373 2.51035213 1.55413067
    endloop
  endfacet
  facet normal -0.523354491 -0.177904045 0.833336804
    outer loop
      vertex 0.634454429 2.57327819 1.5419172
      vertex 0.654873371 2.54181528 1.54802394
      vertex 0.66479373 2.54979324 1.55595732
    endloop
  endfacet
  facet normal -0.523361209 -0.177907188 0.833331913
    outer loop
      vertex 0.623955727 2.61271906 1.54374385
      vertex 0.614035428 2.6047411 1.53581035
      vertex 0.634454429 2.57327819 1.5419172
    endloop
  endfacet
  facet normal -0.523355425 -0.17790583 0.833335836
    outer loop
      vertex 0.66479373 2.54979324 1.55595732
      vertex 0.623955727 2.61271906 1.54374385
      vertex 0.634454429 2.57327819 1.5419172
    endloop
  endfacet
  facet normal -0.5233568 -0.177906936 0.833334736
    outer loop
      vertex 0.649913251 2.5378263 1.54405725
      vertex 0.654873371 2.54181528 1.54802394
      vertex 0.62949425 2.56928921 1.53795052
    endloop
  endfacet
  facet normal -0.523355454 -0.17790256 0.833336515
    outer loop
      vertex 0.62949425 2.56928921 1.53795052
      vertex 0.634454429 2.57327819 1.5419172
      vertex 0.614035428 2.6047411 1.53581035
    endloop
  endfacet
  facet normal -0.523354049 -0.177904724 0.833336935
    outer loop
      vertex 0.777387321 2.3530376 1.58466458
      vertex 0.78730768 2.36101556 1.59259796
      vertex 0.746469676 2.42394137 1.58038449
    endloop
  endfacet
  facet normal -0.523359805 -0.177909353 0.833332333
    outer loop
      vertex 0.716130376 2.44742632 1.56634426
      vertex 0.736549377 2.41596341 1.572451
      vertex 0.746469676 2.42394137 1.58038449
    endloop
  endfacet
  facet normal -0.523355425 -0.17790583 0.833335836
    outer loop
      vertex 0.705631673 2.48686719 1.56817091
      vertex 0.695711374 2.47888923 1.56023753
      vertex 0.716130376 2.44742632 1.56634426
    endloop
  endfacet
  facet normal -0.523358317 -0.177906509 0.833333874
    outer loop
      vertex 0.746469676 2.42394137 1.58038449
      vertex 0.705631673 2.48686719 1.56817091
      vertex 0.716130376 2.44742632 1.56634426
    endloop
  endfacet
  facet normal -0.523354049 -0.177904724 0.833336935
    outer loop
      vertex 0.731589198 2.41197443 1.56848431
      vertex 0.736549377 2.41596341 1.572451
      vertex 0.716130376 2.44742632 1.56634426
    endloop
  endfacet
  facet normal -0.523356054 -0.177901636 0.833336336
    outer loop
      vertex 0.700960696 2.45916891 1.55932415
      vertex 0.711170197 2.44343734 1.56237757
      vertex 0.716130376 2.44742632 1.56634426
    endloop
  endfacet
  facet normal -0.523352045 -0.177907813 0.833337535
    outer loop
      vertex 0.695711374 2.47888923 1.56023753
      vertex 0.690751195 2.47490025 1.55627084
      vertex 0.700960696 2.45916891 1.55932415
    endloop
  endfacet
  facet normal -0.5233603 -0.177909751 0.833331937
    outer loop
      vertex 0.716130376 2.44742632 1.56634426
      vertex 0.695711374 2.47888923 1.56023753
      vertex 0.700960696 2.45916891 1.55932415
    endloop
  endfacet
  facet normal -0.523360507 -0.177908271 0.833332123
    outer loop
      vertex 0.981577277 2.03840828 1.64573228
      vertex 0.991497576 2.04638624 1.65366578
      vertex 0.950659573 2.10931206 1.64145219
    endloop
  endfacet
  facet normal -0.523351845 -0.17790562 0.833338129
    outer loop
      vertex 0.580354333 2.7085259 1.53681445
      vertex 0.593038082 2.68362284 1.53946364
      vertex 0.590712607 2.71046996 1.54373467
    endloop
  endfacet
  facet normal -0.523359652 -0.177910222 0.833332243
    outer loop
      vertex 0.569996119 2.70658183 1.52989411
      vertex 0.593038082 2.68362284 1.53946364
      vertex 0.580354333 2.7085259 1.53681445
    endloop
  endfacet
  facet normal -0.523357464 -0.177905306 0.833334667
    outer loop
      vertex 0.593038082 2.68362284 1.53946364
      vertex 0.633876026 2.62069702 1.55167723
      vertex 0.646037042 2.62522244 1.5602808
    endloop
  endfacet
  facet normal -0.523354829 -0.177903523 0.833336702
    outer loop
      vertex 0.588077903 2.67963386 1.53549695
      vertex 0.593038082 2.68362284 1.53946364
      vertex 0.569996119 2.70658183 1.52989411
    endloop
  endfacet
  facet normal -0.5233571 -0.177906311 0.833334681
    outer loop
      vertex 0.633876026 2.62069702 1.55167723
      vertex 0.701361477 2.53997493 1.57682681
      vertex 0.646037042 2.62522244 1.5602808
    endloop
  endfacet
  facet normal -0.523354829 -0.177903523 0.833336702
    outer loop
      vertex 0.588077903 2.67963386 1.53549695
      vertex 0.569996119 2.70658183 1.52989411
      vertex 0.583117723 2.67564487 1.53153026
    endloop
  endfacet
  facet normal -0.523356788 -0.177906955 0.833334739
    outer loop
      vertex 0.578157604 2.67165589 1.52756357
      vertex 0.583117723 2.67564487 1.53153026
      vertex 0.559637845 2.70463777 1.5229739
    endloop
  endfacet
  facet normal -0.523352576 -0.177902481 0.83333834
    outer loop
      vertex 0.569996119 2.70658183 1.52989411
      vertex 0.559637845 2.70463777 1.5229739
      vertex 0.583117723 2.67564487 1.53153026
    endloop
  endfacet
  facet normal -0.523356996 -0.177907094 0.833334579
    outer loop
      vertex 0.559637845 2.70463777 1.5229739
      vertex 0.557738602 2.7031188 1.52145684
      vertex 0.578157604 2.67165589 1.52756357
    endloop
  endfacet
  facet normal -0.523355425 -0.17790583 0.833335836
    outer loop
      vertex 0.633876026 2.62069702 1.55167723
      vertex 0.623955727 2.61271906 1.54374385
      vertex 0.66479373 2.54979324 1.55595732
    endloop
  endfacet
  facet normal -0.523354049 -0.177904724 0.833336935
    outer loop
      vertex 0.614035428 2.6047411 1.53581035
      vertex 0.573197424 2.66766691 1.52359688
      vertex 0.609075248 2.60075212 1.53184366
    endloop
  endfacet
  facet normal -0.523361061 -0.177908091 0.833331813
    outer loop
      vertex 0.573197424 2.66766691 1.52359688
      vertex 0.557738602 2.7031188 1.52145684
      vertex 0.54927963 2.7026937 1.51605356
    endloop
  endfacet
  facet normal -0.523357618 -0.177906883 0.833334234
    outer loop
      vertex 0.66479373 2.54979324 1.55595732
      vertex 0.701361477 2.53997493 1.57682681
      vertex 0.633876026 2.62069702 1.55167723
    endloop
  endfacet
  facet normal -0.523356338 -0.177905699 0.83333529
    outer loop
      vertex 0.812010407 2.36947966 1.60991895
      vertex 0.756685972 2.45472717 1.59337294
      vertex 0.746469676 2.42394137 1.58038449
    endloop
  endfacet
  facet normal -0.523357374 -0.177906012 0.833334573
    outer loop
      vertex 0.867334843 2.28423214 1.62646508
      vertex 0.950659573 2.10931206 1.64145219
      vertex 0.922659278 2.19898438 1.64301109
    endloop
  endfacet
  facet normal -0.523357816 -0.177905672 0.833334367
    outer loop
      vertex 0.78730768 2.36101556 1.59259796
      vertex 0.867334843 2.28423214 1.62646508
      vertex 0.812010407 2.36947966 1.60991895
    endloop
  endfacet
  facet normal -0.523356917 -0.177906545 0.833334746
    outer loop
      vertex 0.960579932 2.11729002 1.64938557
      vertex 0.977983773 2.11373687 1.6595571
      vertex 0.922659278 2.19898438 1.64301109
    endloop
  endfacet
  facet normal -0.523356814 -0.177904784 0.833335186
    outer loop
      vertex 0.960579932 2.11729002 1.64938557
      vertex 1.00141788 2.0543642 1.66159916
      vertex 0.977983773 2.11373687 1.6595571
    endloop
  endfacet
  facet normal -0.523357593 -0.17790511 0.833334627
    outer loop
      vertex 1.03330815 2.02848935 1.67610323
      vertex 0.977983773 2.11373687 1.6595571
      vertex 1.00141788 2.0543642 1.66159916
    endloop
  endfacet
  facet normal -0.523353892 -0.177904967 0.833336983
    outer loop
      vertex 0.950659573 2.10931206 1.64145219
      vertex 0.960579932 2.11729002 1.64938557
      vertex 0.922659278 2.19898438 1.64301109
    endloop
  endfacet
  facet normal -0.523356578 -0.177904538 0.833335387
    outer loop
      vertex 0.756685972 2.45472717 1.59337294
      vertex 0.701361477 2.53997493 1.57682681
      vertex 0.705631673 2.48686719 1.56817091
    endloop
  endfacet
  facet normal -0.523357643 -0.177905944 0.833334418
    outer loop
      vertex 0.854362309 2.21116567 1.60271919
      vertex 0.950659573 2.10931206 1.64145219
      vertex 0.78730768 2.36101556 1.59259796
    endloop
  endfacet
  facet normal -0.523358449 -0.177906593 0.833333773
    outer loop
      vertex 0.78730768 2.36101556 1.59259796
      vertex 0.950659573 2.10931206 1.64145219
      vertex 0.867334843 2.28423214 1.62646508
    endloop
  endfacet
  facet normal -0.523355791 -0.177905267 0.833335726
    outer loop
      vertex 1.00141788 2.0543642 1.66159916
      vertex 0.991497576 2.04638624 1.65366578
      vertex 1.02290154 1.99799681 1.6630578
    endloop
  endfacet
  facet normal -0.523360171 -0.177908789 0.833332223
    outer loop
      vertex 0.991497576 2.04638624 1.65366578
      vertex 0.981577277 2.03840828 1.64573228
      vertex 1.02290154 1.99799681 1.6630578
    endloop
  endfacet
  facet normal -0.523358219 -0.177906237 0.833333994
    outer loop
      vertex 1.03330815 2.02848935 1.67610323
      vertex 1.00141788 2.0543642 1.66159916
      vertex 1.02290154 1.99799681 1.6630578
    endloop
  endfacet
  facet normal -0.523357363 -0.177904522 0.833334898
    outer loop
      vertex 0.705631673 2.48686719 1.56817091
      vertex 0.701361477 2.53997493 1.57682681
      vertex 0.66479373 2.54979324 1.55595732
    endloop
  endfacet
  facet normal -0.523359381 -0.177907919 0.833332905
    outer loop
      vertex 0.535859406 2.71265411 1.50975168
      vertex 0.547818303 2.69514084 1.51352334
      vertex 0.54927963 2.7026937 1.51605356
    endloop
  endfacet
  facet normal -0.52336307 -0.177911978 0.833329722
    outer loop
      vertex 0.609075248 2.60075212 1.53184366
      vertex 0.568237245 2.66367793 1.51963019
      vertex 0.568076193 2.65229416 1.51709867
    endloop
  endfacet
  facet normal -0.523367621 -0.17791131 0.833327006
    outer loop
      vertex 0.568237245 2.66367793 1.51963019
      vertex 0.547818303 2.69514084 1.51352334
      vertex 0.568076193 2.65229416 1.51709867
    endloop
  endfacet
  facet normal -0.523359069 -0.177908761 0.833332921
    outer loop
      vertex 0.647433162 2.53583169 1.54207385
      vertex 0.649913251 2.5378263 1.54405725
      vertex 0.62949425 2.56928921 1.53795052
    endloop
  endfacet
  facet normal -0.523358003 -0.177909791 0.83333337
    outer loop
      vertex 0.662657082 2.51431227 1.54704082
      vertex 0.670332253 2.50636315 1.55016398
      vertex 0.660122752 2.52209473 1.54711068
    endloop
  endfacet
  facet normal -0.523357342 -0.177904078 0.833335006
    outer loop
      vertex 0.62949425 2.56928921 1.53795052
      vertex 0.609075248 2.60075212 1.53184366
      vertex 0.613713264 2.58197355 1.53074753
    endloop
  endfacet
  facet normal -0.523353114 -0.177903553 0.833337773
    outer loop
      vertex 0.547818303 2.69514084 1.51352334
      vertex 0.522439122 2.72261477 1.50344992
      vertex 0.568076193 2.65229416 1.51709867
    endloop
  endfacet
  facet normal -0.523360359 -0.177909574 0.833331938
    outer loop
      vertex 0.62949425 2.56928921 1.53795052
      vertex 0.613713264 2.58197355 1.53074753
      vertex 0.647433162 2.53583169 1.54207385
    endloop
  endfacet
  facet normal -0.523358332 -0.177909897 0.833333142
    outer loop
      vertex 0.662657082 2.51431227 1.54704082
      vertex 0.660122752 2.52209473 1.54711068
      vertex 0.657642663 2.52010012 1.54512727
    endloop
  endfacet
  facet normal -0.52335255 -0.177903214 0.8333382
    outer loop
      vertex 0.662657082 2.51431227 1.54704082
      vertex 0.657642663 2.52010012 1.54512727
      vertex 0.659350336 2.51165295 1.5443964
    endloop
  endfacet
  facet normal -0.523359221 -0.177904183 0.833333803
    outer loop
      vertex 0.647433162 2.53583169 1.54207385
      vertex 0.659350336 2.51165295 1.5443964
      vertex 0.657642663 2.52010012 1.54512727
    endloop
  endfacet
  facet normal -0.523347494 -0.17789756 0.833342582
    outer loop
      vertex 0.659350336 2.51165295 1.5443964
      vertex 0.647433162 2.53583169 1.54207385
      vertex 0.613713264 2.58197355 1.53074753
    endloop
  endfacet
  facet normal -0.523350348 -0.177899662 0.833340341
    outer loop
      vertex 0.662657082 2.51431227 1.54704082
      vertex 0.681096792 2.48589921 1.55255568
      vertex 0.670332253 2.50636315 1.55016398
    endloop
  endfacet
  facet normal -0.52335056 -0.177900355 0.83334006
    outer loop
      vertex 0.535859406 2.71265411 1.50975168
      vertex 0.522439122 2.72261477 1.50344992
      vertex 0.547818303 2.69514084 1.51352334
    endloop
  endfacet
  facet normal -0.523362284 -0.177898911 0.833333005
    outer loop
      vertex 0.54927963 2.7026937 1.51605356
      vertex 0.557738602 2.7031188 1.52145684
      vertex 0.559637845 2.70463777 1.5229739
    endloop
  endfacet
  facet normal -0.523355691 -0.177910745 0.833334619
    outer loop
      vertex 0.690751195 2.47490025 1.55627084
      vertex 0.699536443 2.45748615 1.55807042
      vertex 0.700960696 2.45916891 1.55932415
    endloop
  endfacet
  facet normal -0.523360569 -0.177909967 0.833331722
    outer loop
      vertex 0.696229696 2.45482683 1.555426
      vertex 0.731589198 2.41197443 1.56848431
      vertex 0.711170197 2.44343734 1.56237757
    endloop
  endfacet
  facet normal -0.523360541 -0.177905245 0.833332747
    outer loop
      vertex 0.711170197 2.44343734 1.56237757
      vertex 0.700960696 2.45916891 1.55932415
      vertex 0.699536443 2.45748615 1.55807042
    endloop
  endfacet
  facet normal -0.523354327 -0.177904296 0.833336852
    outer loop
      vertex 0.777387321 2.3530376 1.58466458
      vertex 0.854362309 2.21116567 1.60271919
      vertex 0.78730768 2.36101556 1.59259796
    endloop
  endfacet
  facet normal -0.523356395 -0.177904336 0.833335545
    outer loop
      vertex 0.854362309 2.21116567 1.60271919
      vertex 0.940739274 2.1013341 1.63351882
      vertex 0.950659573 2.10931206 1.64145219
    endloop
  endfacet
  facet normal -0.523359837 -0.177908209 0.833332557
    outer loop
      vertex 0.748940587 2.37360644 1.57119036
      vertex 0.777387321 2.3530376 1.58466458
      vertex 0.731589198 2.41197443 1.56848431
    endloop
  endfacet
  facet normal -0.523356364 -0.177906586 0.833335084
    outer loop
      vertex 0.981577277 2.03840828 1.64573228
      vertex 0.940739274 2.1013341 1.63351882
      vertex 0.959784031 2.04872489 1.63424802
    endloop
  endfacet
  facet normal -0.523354972 -0.177903302 0.833336659
    outer loop
      vertex 0.777387321 2.3530376 1.58466458
      vertex 0.736549377 2.41596341 1.572451
      vertex 0.731589198 2.41197443 1.56848431
    endloop
  endfacet
  facet normal -0.523374992 -0.177921983 0.833320098
    outer loop
      vertex 0.699536443 2.45748615 1.55807042
      vertex 0.690751195 2.47490025 1.55627084
      vertex 0.681096792 2.48589921 1.55255568
    endloop
  endfacet
  facet normal -0.523358186 -0.177907377 0.833333771
    outer loop
      vertex 0.731589198 2.41197443 1.56848431
      vertex 0.696229696 2.45482683 1.555426
      vertex 0.748940587 2.37360644 1.57119036
    endloop
  endfacet
  facet normal -0.523358916 -0.177906287 0.833333546
    outer loop
      vertex 0.748940587 2.37360644 1.57119036
      vertex 0.801651418 2.29238605 1.58695483
      vertex 0.777387321 2.3530376 1.58466458
    endloop
  endfacet
  facet normal -0.523354468 -0.177904387 0.833336745
    outer loop
      vertex 0.777387321 2.3530376 1.58466458
      vertex 0.801651418 2.29238605 1.58695483
      vertex 0.854362309 2.21116567 1.60271919
    endloop
  endfacet
  facet normal -0.52335787 -0.177905847 0.833334296
    outer loop
      vertex 0.854362309 2.21116567 1.60271919
      vertex 0.9070732 2.12994528 1.61848366
      vertex 0.940739274 2.1013341 1.63351882
    endloop
  endfacet
  facet normal -0.523355594 -0.177903743 0.833336175
    outer loop
      vertex 0.959784031 2.04872489 1.63424802
      vertex 1.01249492 1.96750438 1.65001249
      vertex 0.981577277 2.03840828 1.64573228
    endloop
  endfacet
  facet normal -0.523358851 -0.17790751 0.833333325
    outer loop
      vertex 0.9070732 2.12994528 1.61848366
      vertex 0.959784031 2.04872489 1.63424802
      vertex 0.940739274 2.1013341 1.63351882
    endloop
  endfacet
  facet normal -0.523355093 -0.177899295 0.833337439
    outer loop
      vertex 0.711170197 2.44343734 1.56237757
      vertex 0.699536443 2.45748615 1.55807042
      vertex 0.696229696 2.45482683 1.555426
    endloop
  endfacet
  facet normal -0.523357147 -0.177904489 0.833335041
    outer loop
      vertex 1.02290154 1.99799681 1.6630578
      vertex 0.981577277 2.03840828 1.64573228
      vertex 1.01249492 1.96750438 1.65001249
    endloop
  endfacet
  facet normal -0.523360409 -0.177907532 0.833332342
    outer loop
      vertex 0.547818303 2.69514084 1.51352334
      vertex 0.573197424 2.66766691 1.52359688
      vertex 0.54927963 2.7026937 1.51605356
    endloop
  endfacet
  facet normal -0.523354752 -0.177903642 0.833336725
    outer loop
      vertex 0.991497576 2.04638624 1.65366578
      vertex 0.960579932 2.11729002 1.64938557
      vertex 0.950659573 2.10931206 1.64145219
    endloop
  endfacet
  facet normal -0.523358646 -0.177904093 0.833334184
    outer loop
      vertex 0.690751195 2.47490025 1.55627084
      vertex 0.675292373 2.51035213 1.55413067
      vertex 0.670332253 2.50636315 1.55016398
    endloop
  endfacet
  facet normal -0.523361073 -0.177905673 0.833332322
    outer loop
      vertex 0.660122752 2.52209473 1.54711068
      vertex 0.649913251 2.5378263 1.54405725
      vertex 0.647433162 2.53583169 1.54207385
    endloop
  endfacet
  facet normal -0.523354491 -0.177904045 0.833336804
    outer loop
      vertex 0.654873371 2.54181528 1.54802394
      vertex 0.634454429 2.57327819 1.5419172
      vertex 0.62949425 2.56928921 1.53795052
    endloop
  endfacet
  facet normal -0.523355454 -0.17790256 0.833336515
    outer loop
      vertex 0.62949425 2.56928921 1.53795052
      vertex 0.614035428 2.6047411 1.53581035
      vertex 0.609075248 2.60075212 1.53184366
    endloop
  endfacet
  facet normal -0.523360728 -0.177907931 0.833332057
    outer loop
      vertex 0.777387321 2.3530376 1.58466458
      vertex 0.746469676 2.42394137 1.58038449
      vertex 0.736549377 2.41596341 1.572451
    endloop
  endfacet
  facet normal -0.523354049 -0.177904724 0.833336935
    outer loop
      vertex 0.731589198 2.41197443 1.56848431
      vertex 0.716130376 2.44742632 1.56634426
      vertex 0.711170197 2.44343734 1.56237757
    endloop
  endfacet
  facet normal -0.523355425 -0.17790583 0.833335836
    outer loop
      vertex 0.981577277 2.03840828 1.64573228
      vertex 0.950659573 2.10931206 1.64145219
      vertex 0.940739274 2.1013341 1.63351882
    endloop
  endfacet
  facet normal -0.523357659 -0.177905545 0.833334493
    outer loop
      vertex 0.593038082 2.68362284 1.53946364
      vertex 0.646037042 2.62522244 1.5602808
      vertex 0.590712607 2.71046996 1.54373467
    endloop
  endfacet
  facet normal -0.523354049 -0.177904724 0.833336935
    outer loop
      vertex 0.573197424 2.66766691 1.52359688
      vertex 0.568237245 2.66367793 1.51963019
      vertex 0.609075248 2.60075212 1.53184366
    endloop
  endfacet
  facet normal -0.523357258 -0.177907305 0.833334369
    outer loop
      vertex 0.812010407 2.36947966 1.60991895
      vertex 0.746469676 2.42394137 1.58038449
      vertex 0.78730768 2.36101556 1.59259796
    endloop
  endfacet
  facet normal -0.523356916 -0.177905382 0.833334995
    outer loop
      vertex 0.756685972 2.45472717 1.59337294
      vertex 0.705631673 2.48686719 1.56817091
      vertex 0.746469676 2.42394137 1.58038449
    endloop
  endfacet
  facet normal -0.523354993 -0.17790359 0.833336585
    outer loop
      vertex 0.609075248 2.60075212 1.53184366
      vertex 0.568076193 2.65229416 1.51709867
      vertex 0.613713264 2.58197355 1.53074753
    endloop
  endfacet
  facet normal -0.523362184 -0.177906938 0.833331354
    outer loop
      vertex 0.681096792 2.48589921 1.55255568
      vertex 0.690751195 2.47490025 1.55627084
      vertex 0.670332253 2.50636315 1.55016398
    endloop
  endfacet
  facet normal -0.661355656 -0.531866267 -0.52889221
    outer loop
      vertex 0.751834154 2.43805075 1.50276577
      vertex 0.771653891 2.40751123 1.50869334
      vertex 0.746600568 2.43627167 1.51109922
    endloop
  endfacet
  facet normal -0.661355338 -0.531864431 -0.528894454
    outer loop
      vertex 0.746600568 2.43627167 1.51109922
      vertex 0.766420305 2.40573215 1.51702666
      vertex 0.741367042 2.43449259 1.51943254
    endloop
  endfacet
  facet normal -0.661352931 -0.53186426 -0.528897636
    outer loop
      vertex 0.741367042 2.43449259 1.51943254
      vertex 0.761186719 2.40395308 1.52536011
      vertex 0.736133456 2.43271351 1.52776587
    endloop
  endfacet
  facet normal -0.661352644 -0.531864703 -0.52889755
    outer loop
      vertex 0.845699191 2.2835741 1.54073691
      vertex 0.885338604 2.22249508 1.55259204
      vertex 0.835232019 2.28001595 1.55740356
    endloop
  endfacet
  facet normal -0.661352357 -0.531865145 -0.528897465
    outer loop
      vertex 0.736133456 2.43271351 1.52776587
      vertex 0.755953193 2.402174 1.53369343
      vertex 0.73089987 2.43093443 1.5360992
    endloop
  endfacet
  facet normal -0.661352357 -0.531865145 -0.528897465
    outer loop
      vertex 0.73089987 2.43093443 1.5360992
      vertex 0.750719607 2.40039492 1.54202676
      vertex 0.745486021 2.39861584 1.55036008
    endloop
  endfacet
  facet normal -0.66136084 -0.531864555 -0.52888745
    outer loop
      vertex 0.725666285 2.42915559 1.54443252
      vertex 0.745486021 2.39861584 1.55036008
      vertex 0.740252435 2.396837 1.55869341
    endloop
  endfacet
  facet normal -0.6613555 -0.53186524 -0.528893438
    outer loop
      vertex 1.03308308 1.9751538 1.6165756
      vertex 1.01249492 1.96750438 1.65001249
      vertex 0.959784031 2.04872489 1.63424802
    endloop
  endfacet
  facet normal -0.661355878 -0.531865302 -0.528892903
    outer loop
      vertex 0.9070732 2.12994528 1.61848366
      vertex 0.874871433 2.21893692 1.56925869
      vertex 1.03308308 1.9751538 1.6165756
    endloop
  endfacet
  facet normal -0.661355206 -0.531864738 -0.528894311
    outer loop
      vertex 0.959784031 2.04872489 1.63424802
      vertex 0.9070732 2.12994528 1.61848366
      vertex 1.03308308 1.9751538 1.6165756
    endloop
  endfacet
  facet normal -0.661354574 -0.531865579 -0.528894256
    outer loop
      vertex 0.854362309 2.21116567 1.60271919
      vertex 0.874871433 2.21893692 1.56925869
      vertex 0.9070732 2.12994528 1.61848366
    endloop
  endfacet
  facet normal -0.661356879 -0.531865956 -0.528890993
    outer loop
      vertex 0.748940587 2.37360644 1.57119036
      vertex 0.745486021 2.39861584 1.55036008
      vertex 0.801651418 2.29238605 1.58695483
    endloop
  endfacet
  facet normal -0.661354693 -0.531865399 -0.528894287
    outer loop
      vertex 0.835232019 2.28001595 1.55740356
      vertex 0.874871433 2.21893692 1.56925869
      vertex 0.854362309 2.21116567 1.60271919
    endloop
  endfacet
  facet normal -0.661355368 -0.531865056 -0.528893788
    outer loop
      vertex 0.801651418 2.29238605 1.58695483
      vertex 0.797523975 2.34161472 1.54261076
      vertex 0.835232019 2.28001595 1.55740356
    endloop
  endfacet
  facet normal -0.661354092 -0.531865754 -0.528894682
    outer loop
      vertex 0.797523975 2.34161472 1.54261076
      vertex 0.801651418 2.29238605 1.58695483
      vertex 0.745486021 2.39861584 1.55036008
    endloop
  endfacet
  facet normal -0.661358279 -0.531864351 -0.528890858
    outer loop
      vertex 0.740252435 2.396837 1.55869341
      vertex 0.748940587 2.37360644 1.57119036
      vertex 0.720432758 2.42737651 1.55276597
    endloop
  endfacet
  facet normal -0.661354608 -0.531864871 -0.528894925
    outer loop
      vertex 0.980513155 2.09553027 1.56125903
      vertex 1.03308308 1.9751538 1.6165756
      vertex 0.874871433 2.21893692 1.56925869
    endloop
  endfacet
  facet normal -0.661357154 -0.531866236 -0.528890369
    outer loop
      vertex 0.907355011 2.2082572 1.53937936
      vertex 0.885338604 2.22249508 1.55259204
      vertex 0.845699191 2.2835741 1.54073691
    endloop
  endfacet
  facet normal -0.661353388 -0.531864986 -0.528896334
    outer loop
      vertex 0.980513155 2.09553027 1.56125903
      vertex 1.05367136 1.98280334 1.5831387
      vertex 1.03308308 1.9751538 1.6165756
    endloop
  endfacet
  facet normal -0.661357147 -0.531865971 -0.528890643
    outer loop
      vertex 0.885338604 2.22249508 1.55259204
      vertex 0.907355011 2.2082572 1.53937936
      vertex 0.980513155 2.09553027 1.56125903
    endloop
  endfacet
  facet normal -0.661357212 -0.531866285 -0.528890246
    outer loop
      vertex 0.907355011 2.2082572 1.53937936
      vertex 0.845699191 2.2835741 1.54073691
      vertex 0.834196806 2.32098413 1.51749969
    endloop
  endfacet
  facet normal -0.661353352 -0.531863612 -0.528897762
    outer loop
      vertex 0.980513155 2.09553027 1.56125903
      vertex 0.874871433 2.21893692 1.56925869
      vertex 0.885338604 2.22249508 1.55259204
    endloop
  endfacet
  facet normal -0.661352298 -0.531865236 -0.528897447
    outer loop
      vertex 0.845699191 2.2835741 1.54073691
      vertex 0.835232019 2.28001595 1.55740356
      vertex 0.818238258 2.31268215 1.54580367
    endloop
  endfacet
  facet normal -0.661357175 -0.531865509 -0.528891073
    outer loop
      vertex 0.797523975 2.34161472 1.54261076
      vertex 0.818238258 2.31268215 1.54580367
      vertex 0.835232019 2.28001595 1.55740356
    endloop
  endfacet
  facet normal -0.661353753 -0.531867284 -0.528893566
    outer loop
      vertex 0.834196806 2.32098413 1.51749969
      vertex 0.845699191 2.2835741 1.54073691
      vertex 0.818238258 2.31268215 1.54580367
    endloop
  endfacet
  facet normal -0.661353596 -0.531865748 -0.528895308
    outer loop
      vertex 0.776809692 2.37054729 1.53941786
      vertex 0.761186719 2.40395308 1.52536011
      vertex 0.786237419 2.3754518 1.52269697
    endloop
  endfacet
  facet normal -0.661354217 -0.531865968 -0.52889431
    outer loop
      vertex 0.795665205 2.38035631 1.50597596
      vertex 0.786237419 2.3754518 1.52269697
      vertex 0.771653891 2.40751123 1.50869334
    endloop
  endfacet
  facet normal -0.661351576 -0.531862597 -0.528901004
    outer loop
      vertex 0.776809692 2.37054729 1.53941786
      vertex 0.797523975 2.34161472 1.54261076
      vertex 0.745486021 2.39861584 1.55036008
    endloop
  endfacet
  facet normal -0.66136136 -0.531863754 -0.528887605
    outer loop
      vertex 0.745486021 2.39861584 1.55036008
      vertex 0.748940587 2.37360644 1.57119036
      vertex 0.740252435 2.396837 1.55869341
    endloop
  endfacet
  facet normal -0.661352473 -0.531864965 -0.5288975
    outer loop
      vertex 0.776809692 2.37054729 1.53941786
      vertex 0.750719607 2.40039492 1.54202676
      vertex 0.755953193 2.402174 1.53369343
    endloop
  endfacet
  facet normal -0.661357733 -0.531866947 -0.528888929
    outer loop
      vertex 0.725666285 2.42915559 1.54443252
      vertex 0.720432758 2.42737651 1.55276597
      vertex 0.701357007 2.4567697 1.54706085
    endloop
  endfacet
  facet normal -0.661352473 -0.531864965 -0.5288975
    outer loop
      vertex 0.776809692 2.37054729 1.53941786
      vertex 0.745486021 2.39861584 1.55036008
      vertex 0.750719607 2.40039492 1.54202676
    endloop
  endfacet
  facet normal -0.661360218 -0.531869693 -0.528883061
    outer loop
      vertex 0.701357007 2.4567697 1.54706085
      vertex 0.706484258 2.45871234 1.53869569
      vertex 0.725666285 2.42915559 1.54443252
    endloop
  endfacet
  facet normal -0.661357996 -0.531868938 -0.528886599
    outer loop
      vertex 0.725666285 2.42915559 1.54443252
      vertex 0.706484258 2.45871234 1.53869569
      vertex 0.73089987 2.43093443 1.5360992
    endloop
  endfacet
  facet normal -0.661353212 -0.531863827 -0.52889772
    outer loop
      vertex 0.73089987 2.43093443 1.5360992
      vertex 0.711611569 2.46065521 1.53033054
      vertex 0.736133456 2.43271351 1.52776587
    endloop
  endfacet
  facet normal -0.661353406 -0.531863893 -0.528897411
    outer loop
      vertex 0.706484258 2.45871234 1.53869569
      vertex 0.711611569 2.46065521 1.53033054
      vertex 0.73089987 2.43093443 1.5360992
    endloop
  endfacet
  facet normal -0.661352548 -0.531865185 -0.528897185
    outer loop
      vertex 0.696229696 2.45482683 1.555426
      vertex 0.701357007 2.4567697 1.54706085
      vertex 0.720432758 2.42737651 1.55276597
    endloop
  endfacet
  facet normal -0.661351324 -0.531863825 -0.528900083
    outer loop
      vertex 0.720432758 2.42737651 1.55276597
      vertex 0.748940587 2.37360644 1.57119036
      vertex 0.696229696 2.45482683 1.555426
    endloop
  endfacet
  facet normal -0.661351719 -0.531866127 -0.528897274
    outer loop
      vertex 0.786237419 2.3754518 1.52269697
      vertex 0.766420305 2.40573215 1.51702666
      vertex 0.771653891 2.40751123 1.50869334
    endloop
  endfacet
  facet normal -0.661355515 -0.531864159 -0.528894507
    outer loop
      vertex 0.746600568 2.43627167 1.51109922
      vertex 0.741367042 2.43449259 1.51943254
      vertex 0.721866131 2.46454096 1.51360035
    endloop
  endfacet
  facet normal -0.661354995 -0.531867285 -0.528892013
    outer loop
      vertex 0.786237419 2.3754518 1.52269697
      vertex 0.761186719 2.40395308 1.52536011
      vertex 0.766420305 2.40573215 1.51702666
    endloop
  endfacet
  facet normal -0.661355408 -0.531866648 -0.528892136
    outer loop
      vertex 0.746600568 2.43627167 1.51109922
      vertex 0.726993442 2.46648359 1.5052352
      vertex 0.751834154 2.43805075 1.50276577
    endloop
  endfacet
  facet normal -0.661358919 -0.531867842 -0.528886547
    outer loop
      vertex 0.721866131 2.46454096 1.51360035
      vertex 0.726993442 2.46648359 1.5052352
      vertex 0.746600568 2.43627167 1.51109922
    endloop
  endfacet
  facet normal -0.661352585 -0.531865129 -0.528897194
    outer loop
      vertex 0.737248003 2.47036934 1.48850489
      vertex 0.751834154 2.43805075 1.50276577
      vertex 0.732120693 2.46842647 1.49687004
    endloop
  endfacet
  facet normal -0.661353058 -0.531865096 -0.528896637
    outer loop
      vertex 0.737248003 2.47036934 1.48850489
      vertex 0.795665205 2.38035631 1.50597596
      vertex 0.751834154 2.43805075 1.50276577
    endloop
  endfacet
  facet normal -0.661355714 -0.531864227 -0.52889419
    outer loop
      vertex 0.71673888 2.46259809 1.5219655
      vertex 0.721866131 2.46454096 1.51360035
      vertex 0.741367042 2.43449259 1.51943254
    endloop
  endfacet
  facet normal -0.661354095 -0.531862466 -0.528897984
    outer loop
      vertex 0.741367042 2.43449259 1.51943254
      vertex 0.736133456 2.43271351 1.52776587
      vertex 0.71673888 2.46259809 1.5219655
    endloop
  endfacet
  facet normal -0.661354508 -0.53186571 -0.528894206
    outer loop
      vertex 0.776809692 2.37054729 1.53941786
      vertex 0.755953193 2.402174 1.53369343
      vertex 0.761186719 2.40395308 1.52536011
    endloop
  endfacet
  facet normal -0.661353275 -0.53186373 -0.528897739
    outer loop
      vertex 0.771653891 2.40751123 1.50869334
      vertex 0.766420305 2.40573215 1.51702666
      vertex 0.746600568 2.43627167 1.51109922
    endloop
  endfacet
  facet normal -0.66135623 -0.531865382 -0.528892382
    outer loop
      vertex 0.766420305 2.40573215 1.51702666
      vertex 0.761186719 2.40395308 1.52536011
      vertex 0.741367042 2.43449259 1.51943254
    endloop
  endfacet
  facet normal -0.66135442 -0.531865846 -0.52889418
    outer loop
      vertex 0.761186719 2.40395308 1.52536011
      vertex 0.755953193 2.402174 1.53369343
      vertex 0.736133456 2.43271351 1.52776587
    endloop
  endfacet
  facet normal -0.661352644 -0.531864703 -0.52889755
    outer loop
      vertex 0.885338604 2.22249508 1.55259204
      vertex 0.874871433 2.21893692 1.56925869
      vertex 0.835232019 2.28001595 1.55740356
    endloop
  endfacet
  facet normal -0.661352357 -0.531865145 -0.528897465
    outer loop
      vertex 0.755953193 2.402174 1.53369343
      vertex 0.750719607 2.40039492 1.54202676
      vertex 0.73089987 2.43093443 1.5360992
    endloop
  endfacet
  facet normal -0.66136084 -0.531864555 -0.52888745
    outer loop
      vertex 0.73089987 2.43093443 1.5360992
      vertex 0.745486021 2.39861584 1.55036008
      vertex 0.725666285 2.42915559 1.54443252
    endloop
  endfacet
  facet normal -0.661359212 -0.531864668 -0.528889372
    outer loop
      vertex 0.725666285 2.42915559 1.54443252
      vertex 0.740252435 2.396837 1.55869341
      vertex 0.720432758 2.42737651 1.55276597
    endloop
  endfacet
  facet normal -0.661355336 -0.531865188 -0.528893696
    outer loop
      vertex 0.835232019 2.28001595 1.55740356
      vertex 0.854362309 2.21116567 1.60271919
      vertex 0.801651418 2.29238605 1.58695483
    endloop
  endfacet
  facet normal -0.661351007 -0.531861417 -0.528902902
    outer loop
      vertex 0.711611569 2.46065521 1.53033054
      vertex 0.71673888 2.46259809 1.5219655
      vertex 0.736133456 2.43271351 1.52776587
    endloop
  endfacet
  facet normal -0.661354648 -0.53186583 -0.528893909
    outer loop
      vertex 0.726993442 2.46648359 1.5052352
      vertex 0.732120693 2.46842647 1.49687004
      vertex 0.751834154 2.43805075 1.50276577
    endloop
  endfacet
  facet normal -0.661353973 -0.531865695 -0.52889489
    outer loop
      vertex 0.795665205 2.38035631 1.50597596
      vertex 0.771653891 2.40751123 1.50869334
      vertex 0.751834154 2.43805075 1.50276577
    endloop
  endfacet
  facet normal 0.804983632 -0.443387544 0.394219275
    outer loop
      vertex 1.02290154 1.99799681 1.6630578
      vertex 1.06407797 2.01329589 1.59618402
      vertex 1.05389643 2.03613877 1.64266634
    endloop
  endfacet
  facet normal 0.804983528 -0.44338769 0.394219324
    outer loop
      vertex 1.05389643 2.03613877 1.64266634
      vertex 1.06407797 2.01329589 1.59618402
      vertex 1.07448459 2.04378819 1.60922945
    endloop
  endfacet
  facet normal 0.804983198 -0.443385468 0.394222499
    outer loop
      vertex 1.02290154 1.99799681 1.6630578
      vertex 1.05389643 2.03613877 1.64266634
      vertex 1.03330815 2.02848935 1.67610323
    endloop
  endfacet
  facet normal 0.804984377 -0.443385174 0.394220422
    outer loop
      vertex 1.03308308 1.9751538 1.6165756
      vertex 1.02290154 1.99799681 1.6630578
      vertex 1.01249492 1.96750438 1.65001249
    endloop
  endfacet
  facet normal 0.804984273 -0.443384041 0.394221907
    outer loop
      vertex 1.03308308 1.9751538 1.6165756
      vertex 1.05367136 1.98280334 1.5831387
      vertex 1.06407797 2.01329589 1.59618402
    endloop
  endfacet
  facet normal 0.80498448 -0.443385029 0.394220373
    outer loop
      vertex 1.02290154 1.99799681 1.6630578
      vertex 1.03308308 1.9751538 1.6165756
      vertex 1.06407797 2.01329589 1.59618402
    endloop
  endfacet
endsolid d22
