solid beam
  facet normal 0.9129108951401499 0.17011158670816884 0.37101987224681
    outer loop
      vertex 2.2961277961730957 1.7828820943832397 2.1114864349365234
      vertex 2.3057634830474854 1.7851722240447998 2.0867273807525635
      vertex 2.3000693321228027 1.8146225214004517 2.08723521232605
    endloop
  endfacet
  facet normal 0.9129087301674829 0.17011479996864598 0.37102372594703636
    outer loop
      vertex 2.3000693321228027 1.8146225214004517 2.08723521232605
      vertex 2.286491870880127 1.7805920839309692 2.1362457275390625
      vertex 2.2961277961730957 1.7828820943832397 2.1114864349365234
    endloop
  endfacet
  facet normal 0.9129085054781816 0.17010799115740322 0.3710274005649525
    outer loop
      vertex 2.286491870880127 1.7805920839309692 2.1362457275390625
      vertex 2.2711617946624756 1.807752251625061 2.161512851715088
      vertex 2.276855945587158 1.7783019542694092 2.1610047817230225
    endloop
  endfacet
  facet normal 0.9129095043899118 0.17011296150414737 0.3710226638938033
    outer loop
      vertex 2.2711617946624756 1.807752251625061 2.161512851715088
      vertex 2.286491870880127 1.7805920839309692 2.1362457275390625
      vertex 2.3000693321228027 1.8146225214004517 2.08723521232605
    endloop
  endfacet
  facet normal 0.9129098825079447 0.17010086894606946 0.37102727770761373
    outer loop
      vertex 2.2847394943237305 1.8417826890945435 2.112502336502075
      vertex 2.2751035690307617 1.8394925594329834 2.137261390686035
      vertex 2.3000693321228027 1.8146225214004517 2.08723521232605
    endloop
  endfacet
  facet normal 0.9129090161778529 0.17011183423106277 0.3710243819962886
    outer loop
      vertex 2.265467643737793 1.8372024297714233 2.162020683288574
      vertex 2.2711617946624756 1.807752251625061 2.161512851715088
      vertex 2.2751035690307617 1.8394925594329834 2.137261390686035
    endloop
  endfacet
  facet normal 0.9129100065610365 0.17011036428159249 0.37102261910119744
    outer loop
      vertex 2.2751035690307617 1.8394925594329834 2.137261390686035
      vertex 2.2711617946624756 1.807752251625061 2.161512851715088
      vertex 2.3000693321228027 1.8146225214004517 2.08723521232605
    endloop
  endfacet
  facet normal 0.9129122402473613 0.17011260045226695 0.3710160977288068
    outer loop
      vertex 2.29437518119812 1.844072699546814 2.087743043899536
      vertex 2.2847394943237305 1.8417826890945435 2.112502336502075
      vertex 2.3000693321228027 1.8146225214004517 2.08723521232605
    endloop
  endfacet
  facet normal -0.1898067408882137 0.9816753950322373 0.01693575807855353
    outer loop
      vertex 2.1282997131347656 1.8126318454742432 2.048922300338745
      vertex 2.206519603729248 1.8272072076797485 2.08071231842041
      vertex 2.2113375663757324 1.8283523321151733 2.0683326721191406
    endloop
  endfacet
  facet normal -0.18980481628898926 0.9816759164410476 0.01692710232532617
    outer loop
      vertex 2.1282997131347656 1.8126318454742432 2.048922300338745
      vertex 2.2113375663757324 1.8283523321151733 2.0683326721191406
      vertex 2.13311767578125 1.8137768507003784 2.0365426540374756
    endloop
  endfacet
  facet normal -0.18980492566232465 0.981675890448051 0.016927383357905137
    outer loop
      vertex 2.118663787841797 1.810341715812683 2.073681354522705
      vertex 2.1968836784362793 1.824917197227478 2.10547137260437
      vertex 2.2017016410827637 1.8260622024536133 2.0930919647216797
    endloop
  endfacet
  facet normal -0.18980685031692213 0.9816753690233535 0.016936039254565497
    outer loop
      vertex 2.118663787841797 1.810341715812683 2.073681354522705
      vertex 2.2017016410827637 1.8260622024536133 2.0930919647216797
      vertex 2.1234817504882812 1.811486840248108 2.0613019466400146
    endloop
  endfacet
  facet normal -0.18980356943213622 0.9816761487791906 0.016927609071478583
    outer loop
      vertex 2.1234817504882812 1.811486840248108 2.0613019466400146
      vertex 2.2017016410827637 1.8260622024536133 2.0930919647216797
      vertex 2.206519603729248 1.8272072076797485 2.08071231842041
    endloop
  endfacet
  facet normal -0.18980356943213622 0.9816761487791906 0.016927609071478583
    outer loop
      vertex 2.1234817504882812 1.811486840248108 2.0613019466400146
      vertex 2.206519603729248 1.8272072076797485 2.08071231842041
      vertex 2.1282997131347656 1.8126318454742432 2.048922300338745
    endloop
  endfacet
  facet normal -0.18980722304797945 0.9816753051872763 0.016935562118883737
    outer loop
      vertex 2.1138460636138916 1.8091967105865479 2.0860610008239746
      vertex 2.192065715789795 1.8237720727920532 2.1178510189056396
      vertex 2.1968836784362793 1.824917197227478 2.10547137260437
    endloop
  endfacet
  facet normal -0.18980604268663553 0.9816756249775115 0.01693025353180908
    outer loop
      vertex 2.1138460636138916 1.8091967105865479 2.0860610008239746
      vertex 2.1968836784362793 1.824917197227478 2.10547137260437
      vertex 2.118663787841797 1.810341715812683 2.073681354522705
    endloop
  endfacet
  facet normal -0.1898036788087789 0.9816761227854095 0.01692789011245739
    outer loop
      vertex 1.9622242450714111 1.7811909914016724 2.010101318359375
      vertex 2.0404441356658936 1.7957663536071777 2.04189133644104
      vertex 2.045262098312378 1.796911358833313 2.0295119285583496
    endloop
  endfacet
  facet normal -0.1898036456204262 0.9816761317760686 0.016927740852542617
    outer loop
      vertex 1.9622242450714111 1.7811909914016724 2.010101318359375
      vertex 2.045262098312378 1.796911358833313 2.0295119285583496
      vertex 1.9670422077178955 1.7823359966278076 1.997721791267395
    endloop
  endfacet
  facet normal -0.1898073324756997 0.9816752791786417 0.016935843291529307
    outer loop
      vertex 2.0404441356658936 1.7957663536071777 2.04189133644104
      vertex 2.118663787841797 1.810341715812683 2.073681354522705
      vertex 2.1234817504882812 1.811486840248108 2.0613019466400146
    endloop
  endfacet
  facet normal -0.18980540781625233 0.9816758006034944 0.016927187397636007
    outer loop
      vertex 2.0404441356658936 1.7957663536071777 2.04189133644104
      vertex 2.1234817504882812 1.811486840248108 2.0613019466400146
      vertex 2.045262098312378 1.796911358833313 2.0295119285583496
    endloop
  endfacet
  facet normal -0.18980436808573975 0.9816759971528168 0.016927447226203433
    outer loop
      vertex 1.8106025457382202 1.7531851530075073 1.934141755104065
      vertex 1.8057845830917358 1.752040147781372 1.946521282196045
      vertex 1.9622242450714111 1.7811909914016724 2.010101318359375
    endloop
  endfacet
  facet normal -0.18980436808573975 0.9816759971528168 0.016927447226203433
    outer loop
      vertex 1.8106025457382202 1.7531851530075073 1.934141755104065
      vertex 1.9622242450714111 1.7811909914016724 2.010101318359375
      vertex 1.9670422077178955 1.7823359966278076 1.997721791267395
    endloop
  endfacet
  facet normal -0.18980368996991145 0.9816761263183769 0.01692756008265993
    outer loop
      vertex 1.9670422077178955 1.7823359966278076 1.997721791267395
      vertex 1.9718601703643799 1.7834810018539429 1.9853421449661255
      vertex 1.8154205083847046 1.7543302774429321 1.9217621088027954
    endloop
  endfacet
  facet normal -0.1898074848559856 0.9816752564022281 0.016935455714701193
    outer loop
      vertex 1.9670422077178955 1.7823359966278076 1.997721791267395
      vertex 1.8154205083847046 1.7543302774429321 1.9217621088027954
      vertex 1.8106025457382202 1.7531851530075073 1.934141755104065
    endloop
  endfacet
  facet normal -0.18980381050783648 0.9816761038575176 0.01692751109377876
    outer loop
      vertex 1.4243214130401611 1.6814532279968262 1.7628120183944702
      vertex 1.502541184425354 1.6960285902023315 1.7946020364761353
      vertex 1.5073591470718384 1.6971735954284668 1.7822223901748657
    endloop
  endfacet
  facet normal -0.18980381050783648 0.9816761038575176 0.01692751109377876
    outer loop
      vertex 1.4243214130401611 1.6814532279968262 1.7628120183944702
      vertex 1.5073591470718384 1.6971735954284668 1.7822223901748657
      vertex 1.4291393756866455 1.6825982332229614 1.7504323720932007
    endloop
  endfacet
  facet normal -0.18980481628898926 0.9816759164410476 0.01692710232532617
    outer loop
      vertex 1.4146854877471924 1.6791630983352661 1.7875711917877197
      vertex 1.4929053783416748 1.693738579750061 1.8193612098693848
      vertex 1.4977233409881592 1.6948835849761963 1.8069815635681152
    endloop
  endfacet
  facet normal -0.18980481628898926 0.9816759164410476 0.01692710232532617
    outer loop
      vertex 1.4146854877471924 1.6791630983352661 1.7875711917877197
      vertex 1.4977233409881592 1.6948835849761963 1.8069815635681152
      vertex 1.4195034503936768 1.6803081035614014 1.7751915454864502
    endloop
  endfacet
  facet normal -0.1898054841775388 0.981675757713281 0.016928818452153972
    outer loop
      vertex 1.4195034503936768 1.6803081035614014 1.7751915454864502
      vertex 1.4977233409881592 1.6948835849761963 1.8069815635681152
      vertex 1.502541184425354 1.6960285902023315 1.7946020364761353
    endloop
  endfacet
  facet normal -0.18980703668145216 0.9816753371055876 0.016935800684841212
    outer loop
      vertex 1.4195034503936768 1.6803081035614014 1.7751915454864502
      vertex 1.502541184425354 1.6960285902023315 1.7946020364761353
      vertex 1.4243214130401611 1.6814532279968262 1.7628120183944702
    endloop
  endfacet
  facet normal -0.18980703668145216 0.9816753371055876 0.016935800684841212
    outer loop
      vertex 1.4098676443099976 1.6780180931091309 1.7999507188796997
      vertex 1.4880874156951904 1.6925934553146362 1.8317407369613647
      vertex 1.4929053783416748 1.693738579750061 1.8193612098693848
    endloop
  endfacet
  facet normal -0.1898054841775388 0.981675757713281 0.016928818452153972
    outer loop
      vertex 1.4098676443099976 1.6780180931091309 1.7999507188796997
      vertex 1.4929053783416748 1.693738579750061 1.8193612098693848
      vertex 1.4146854877471924 1.6791630983352661 1.7875711917877197
    endloop
  endfacet
  facet normal -0.18980386278508346 0.9816761100804264 0.016926564011150474
    outer loop
      vertex 2.2113375663757324 1.8283523321151733 2.0683326721191406
      vertex 2.29437518119812 1.844072699546814 2.087743043899536
      vertex 2.2291340827941895 1.8319157361984253 2.061227798461914
    endloop
  endfacet
  facet normal -0.18980549675233227 0.9816757217561354 0.01693076245096892
    outer loop
      vertex 2.2291340827941895 1.8319157361984253 2.061227798461914
      vertex 2.163892984390259 1.8197587728500366 2.034712553024292
      vertex 2.13311767578125 1.8137768507003784 2.0365426540374756
    endloop
  endfacet
  facet normal -0.18980423406155136 0.9816760548080697 0.016925606304394977
    outer loop
      vertex 2.2291340827941895 1.8319157361984253 2.061227798461914
      vertex 2.13311767578125 1.8137768507003784 2.0365426540374756
      vertex 2.2113375663757324 1.8283523321151733 2.0683326721191406
    endloop
  endfacet
  facet normal -0.1898079877433588 0.9816751626944513 0.016935251330861545
    outer loop
      vertex 2.206519603729248 1.8272072076797485 2.08071231842041
      vertex 2.2847394943237305 1.8417826890945435 2.112502336502075
      vertex 2.2113375663757324 1.8283523321151733 2.0683326721191406
    endloop
  endfacet
  facet normal -0.18980442370266642 0.9816759581282262 0.016929086683213433
    outer loop
      vertex 2.29437518119812 1.844072699546814 2.087743043899536
      vertex 2.2113375663757324 1.8283523321151733 2.0683326721191406
      vertex 2.2847394943237305 1.8417826890945435 2.112502336502075
    endloop
  endfacet
  facet normal -0.18980481628898926 0.9816759164410476 0.01692710232532617
    outer loop
      vertex 2.206519603729248 1.8272072076797485 2.08071231842041
      vertex 2.2017016410827637 1.8260622024536133 2.0930919647216797
      vertex 2.2847394943237305 1.8417826890945435 2.112502336502075
    endloop
  endfacet
  facet normal -0.18980549675233227 0.9816757217561354 0.01693076245096892
    outer loop
      vertex 2.13311767578125 1.8137768507003784 2.0365426540374756
      vertex 2.163892984390259 1.8197587728500366 2.034712553024292
      vertex 2.098651885986328 1.807601809501648 2.00819730758667
    endloop
  endfacet
  facet normal -0.18980552105929996 0.9816757165270361 0.01693079314555735
    outer loop
      vertex 2.13311767578125 1.8137768507003784 2.0365426540374756
      vertex 2.098651885986328 1.807601809501648 2.00819730758667
      vertex 2.0937702655792236 1.8062807321548462 2.030069351196289
    endloop
  endfacet
  facet normal -0.18980493934732068 0.9816758935103701 0.01692705231208875
    outer loop
      vertex 2.13311767578125 1.8137768507003784 2.0365426540374756
      vertex 2.0937702655792236 1.8062807321548462 2.030069351196289
      vertex 2.1282997131347656 1.8126318454742432 2.048922300338745
    endloop
  endfacet
  facet normal -0.18980598359100984 0.9816756230340495 0.01693102872716111
    outer loop
      vertex 2.033695697784424 1.7949085235595703 2.015974283218384
      vertex 2.040688991546631 1.7968010902404785 1.9846402406692505
      vertex 1.9718601703643799 1.7834810018539429 1.9853421449661255
    endloop
  endfacet
  facet normal -0.18980596727492033 0.9816756046202006 0.016932279243956738
    outer loop
      vertex 1.9440568685531616 1.778794765472412 1.9453670978546143
      vertex 1.9718601703643799 1.7834810018539429 1.9853421449661255
      vertex 2.040688991546631 1.7968010902404785 1.9846402406692505
    endloop
  endfacet
  facet normal -0.1898036138155926 0.9816761405088512 0.01692759103320743
    outer loop
      vertex 2.063732862472534 1.800594687461853 2.023021936416626
      vertex 2.1234817504882812 1.811486840248108 2.0613019466400146
      vertex 2.1282997131347656 1.8126318454742432 2.048922300338745
    endloop
  endfacet
  facet normal -0.1897992057832971 0.9816771906094579 0.01691611424505246
    outer loop
      vertex 2.063732862472534 1.800594687461853 2.023021936416626
      vertex 2.1282997131347656 1.8126318454742432 2.048922300338745
      vertex 2.0937702655792236 1.8062807321548462 2.030069351196289
    endloop
  endfacet
  facet normal -0.18980423079162953 0.9816760255423159 0.016927340282522962
    outer loop
      vertex 1.9670422077178955 1.7823359966278076 1.997721791267395
      vertex 2.033695697784424 1.7949085235595703 2.015974283218384
      vertex 1.9718601703643799 1.7834810018539429 1.9853421449661255
    endloop
  endfacet
  facet normal -0.18980898467985421 0.9816749570858878 0.016935996139091716
    outer loop
      vertex 2.045262098312378 1.796911358833313 2.0295119285583496
      vertex 2.063732862472534 1.800594687461853 2.023021936416626
      vertex 2.033695697784424 1.7949085235595703 2.015974283218384
    endloop
  endfacet
  facet normal -0.1898036788087789 0.9816761227854095 0.01692789011245739
    outer loop
      vertex 2.2017016410827637 1.8260622024536133 2.0930919647216797
      vertex 2.1968836784362793 1.824917197227478 2.10547137260437
      vertex 2.2751035690307617 1.8394925594329834 2.137261390686035
    endloop
  endfacet
  facet normal -0.18980581178550401 0.9816756467531764 0.016931579494493882
    outer loop
      vertex 2.2847394943237305 1.8417826890945435 2.112502336502075
      vertex 2.2017016410827637 1.8260622024536133 2.0930919647216797
      vertex 2.2751035690307617 1.8394925594329834 2.137261390686035
    endloop
  endfacet
  facet normal -0.18980515516261137 0.9816757719150219 0.01693168357674333
    outer loop
      vertex 2.265467643737793 1.8372024297714233 2.162020683288574
      vertex 2.2751035690307617 1.8394925594329834 2.137261390686035
      vertex 2.1968836784362793 1.824917197227478 2.10547137260437
    endloop
  endfacet
  facet normal -0.1898079877433588 0.9816751626944513 0.016935251330861545
    outer loop
      vertex 2.265467643737793 1.8372024297714233 2.162020683288574
      vertex 2.1968836784362793 1.824917197227478 2.10547137260437
      vertex 2.192065715789795 1.8237720727920532 2.1178510189056396
    endloop
  endfacet
  facet normal -0.18980427697338811 0.9816759908745998 0.0169288328889508
    outer loop
      vertex 2.265467643737793 1.8372024297714233 2.162020683288574
      vertex 2.192065715789795 1.8237720727920532 2.1178510189056396
      vertex 2.157609701156616 1.8171043395996094 2.118185043334961
    endloop
  endfacet
  facet normal -0.18980428720276557 0.9816760029398994 0.01692801853120574
    outer loop
      vertex 2.157609701156616 1.8171043395996094 2.118185043334961
      vertex 2.192065715789795 1.8237720727920532 2.1178510189056396
      vertex 2.1138460636138916 1.8091967105865479 2.0860610008239746
    endloop
  endfacet
  facet normal -0.18980574087495117 0.9816756338138386 0.01693312455246217
    outer loop
      vertex 1.9670422077178955 1.7823359966278076 1.997721791267395
      vertex 2.045262098312378 1.796911358833313 2.0295119285583496
      vertex 2.033695697784424 1.7949085235595703 2.015974283218384
    endloop
  endfacet
  facet normal -0.18980527798032668 0.9816757674726502 0.01693056430819932
    outer loop
      vertex 2.1138460636138916 1.8091967105865479 2.0860610008239746
      vertex 2.118663787841797 1.810341715812683 2.073681354522705
      vertex 2.0404441356658936 1.7957663536071777 2.04189133644104
    endloop
  endfacet
  facet normal -0.18980498913386643 0.9816758500840863 0.016929012421851047
    outer loop
      vertex 2.157609701156616 1.8171043395996094 2.118185043334961
      vertex 2.1138460636138916 1.8091967105865479 2.0860610008239746
      vertex 2.0497515201568604 1.7970061302185059 2.0743494033813477
    endloop
  endfacet
  facet normal -0.18980524908095198 0.9816757739223907 0.016930514321581408
    outer loop
      vertex 2.0497515201568604 1.7970061302185059 2.0743494033813477
      vertex 2.1138460636138916 1.8091967105865479 2.0860610008239746
      vertex 2.0404441356658936 1.7957663536071777 2.04189133644104
    endloop
  endfacet
  facet normal -0.1898058035220708 0.9816756639075775 0.016930677510303416
    outer loop
      vertex 1.941893458366394 1.7769079208374023 2.0305140018463135
      vertex 2.0497515201568604 1.7970061302185059 2.0743494033813477
      vertex 2.0404441356658936 1.7957663536071777 2.04189133644104
    endloop
  endfacet
  facet normal -0.18980620368116788 0.981675522713596 0.01693437773085167
    outer loop
      vertex 1.941893458366394 1.7769079208374023 2.0305140018463135
      vertex 2.0404441356658936 1.7957663536071777 2.04189133644104
      vertex 1.9622242450714111 1.7811909914016724 2.010101318359375
    endloop
  endfacet
  facet normal -0.18980607977288771 0.9816755444635225 0.016934505705661344
    outer loop
      vertex 1.8340352773666382 1.7568098306655884 1.9866783618927002
      vertex 1.941893458366394 1.7769079208374023 2.0305140018463135
      vertex 1.9622242450714111 1.7811909914016724 2.010101318359375
    endloop
  endfacet
  facet normal -0.18980525056998698 0.9816757874239914 0.016929714751015176
    outer loop
      vertex 1.8340352773666382 1.7568098306655884 1.9866783618927002
      vertex 1.9622242450714111 1.7811909914016724 2.010101318359375
      vertex 1.8057845830917358 1.752040147781372 1.946521282196045
    endloop
  endfacet
  facet normal -0.18980891519430076 0.9816749670120982 0.01693619953113539
    outer loop
      vertex 2.045262098312378 1.796911358833313 2.0295119285583496
      vertex 2.1234817504882812 1.811486840248108 2.0613019466400146
      vertex 2.063732862472534 1.800594687461853 2.023021936416626
    endloop
  endfacet
  facet normal -0.18980535515352306 0.9816757305709365 0.016931838738387744
    outer loop
      vertex 1.8154205083847046 1.7543302774429321 1.9217621088027954
      vertex 1.9718601703643799 1.7834810018539429 1.9853421449661255
      vertex 1.9440568685531616 1.778794765472412 1.9453670978546143
    endloop
  endfacet
  facet normal -0.1898049994420485 0.9816758346397024 0.016929792415962923
    outer loop
      vertex 1.8154205083847046 1.7543302774429321 1.9217621088027954
      vertex 1.9440568685531616 1.778794765472412 1.9453670978546143
      vertex 1.8474247455596924 1.7607884407043457 1.906093955039978
    endloop
  endfacet
  facet normal -0.18980501051751658 0.9816758329007974 0.016929769076133288
    outer loop
      vertex 1.7507926225662231 1.7427821159362793 1.8668206930160522
      vertex 1.8154205083847046 1.7543302774429321 1.9217621088027954
      vertex 1.8474247455596924 1.7607884407043457 1.906093955039978
    endloop
  endfacet
  facet normal -0.18980794217406863 0.9816752150019228 0.016932729802782764
    outer loop
      vertex 1.6541603803634644 1.7247756719589233 1.827547550201416
      vertex 1.7019151449203491 1.7330820560455322 1.8812932968139648
      vertex 1.7385183572769165 1.7400034666061401 1.8903292417526245
    endloop
  endfacet
  facet normal -0.18980552856285765 0.9816757218255812 0.01693040180263278
    outer loop
      vertex 1.7385183572769165 1.7400034666061401 1.8903292417526245
      vertex 1.8154205083847046 1.7543302774429321 1.9217621088027954
      vertex 1.7507926225662231 1.7427821159362793 1.8668206930160522
    endloop
  endfacet
  facet normal -0.18980750378208508 0.9816752528755539 0.016935448022743042
    outer loop
      vertex 1.8106025457382202 1.7531851530075073 1.934141755104065
      vertex 1.8154205083847046 1.7543302774429321 1.9217621088027954
      vertex 1.7385183572769165 1.7400034666061401 1.8903292417526245
    endloop
  endfacet
  facet normal -0.1898032001595592 0.9816762535043068 0.016925676203282395
    outer loop
      vertex 1.7019151449203491 1.7330820560455322 1.8812932968139648
      vertex 1.502541184425354 1.6960285902023315 1.7946020364761353
      vertex 1.6653119325637817 1.7261607646942139 1.8722573518753052
    endloop
  endfacet
  facet normal -0.18980312613696224 0.9816762285755511 0.016927951982403953
    outer loop
      vertex 1.8106025457382202 1.7531851530075073 1.934141755104065
      vertex 1.7385183572769165 1.7400034666061401 1.8903292417526245
      vertex 1.8057845830917358 1.752040147781372 1.946521282196045
    endloop
  endfacet
  facet normal -0.1898060658024797 0.9816756229900627 0.016930109617395453
    outer loop
      vertex 1.7507926225662231 1.7427821159362793 1.8668206930160522
      vertex 1.6541603803634644 1.7247756719589233 1.827547550201416
      vertex 1.7385183572769165 1.7400034666061401 1.8903292417526245
    endloop
  endfacet
  facet normal -0.18980578708347476 0.981675647445866 0.016931816245238943
    outer loop
      vertex 1.5073591470718384 1.6971735954284668 1.7822223901748657
      vertex 1.6541603803634644 1.7247756719589233 1.827547550201416
      vertex 1.5575282573699951 1.706769347190857 1.7882744073867798
    endloop
  endfacet
  facet normal -0.18980510165670492 0.9816758003318681 0.016930635778785542
    outer loop
      vertex 1.4291393756866455 1.6825982332229614 1.7504323720932007
      vertex 1.4608961343765259 1.6887630224227905 1.7490012645721436
      vertex 1.364263892173767 1.6707566976547241 1.7097281217575073
    endloop
  endfacet
  facet normal -0.18980512585301176 0.9816758045967241 0.016930117226315718
    outer loop
      vertex 1.5575282573699951 1.706769347190857 1.7882744073867798
      vertex 1.4608961343765259 1.6887630224227905 1.7490012645721436
      vertex 1.4291393756866455 1.6825982332229614 1.7504323720932007
    endloop
  endfacet
  facet normal -0.18980591049823817 0.9816756047703992 0.016932906974467195
    outer loop
      vertex 1.5575282573699951 1.706769347190857 1.7882744073867798
      vertex 1.4291393756866455 1.6825982332229614 1.7504323720932007
      vertex 1.5073591470718384 1.6971735954284668 1.7822223901748657
    endloop
  endfacet
  facet normal -0.18980394232969733 0.9816760792940057 0.01692745751889182
    outer loop
      vertex 1.5073591470718384 1.6971735954284668 1.7822223901748657
      vertex 1.502541184425354 1.6960285902023315 1.7946020364761353
      vertex 1.7019151449203491 1.7330820560455322 1.8812932968139648
    endloop
  endfacet
  facet normal -0.18980492756192044 0.9816758957064613 0.016927057101898776
    outer loop
      vertex 1.4291393756866455 1.6825982332229614 1.7504323720932007
      vertex 1.345546841621399 1.6665271520614624 1.7451342344284058
      vertex 1.4243214130401611 1.6814532279968262 1.7628120183944702
    endloop
  endfacet
  facet normal -0.18980477049254865 0.9816758907009786 0.016929108503149302
    outer loop
      vertex 1.4977233409881592 1.6948835849761963 1.8069815635681152
      vertex 1.6653119325637817 1.7261607646942139 1.8722573518753052
      vertex 1.502541184425354 1.6960285902023315 1.7946020364761353
    endloop
  endfacet
  facet normal -0.1898051383341563 0.9816757921913116 0.016930696604474806
    outer loop
      vertex 1.345546841621399 1.6665271520614624 1.7451342344284058
      vertex 1.4291393756866455 1.6825982332229614 1.7504323720932007
      vertex 1.364263892173767 1.6707566976547241 1.7097281217575073
    endloop
  endfacet
  facet normal -0.18980535371917395 0.9816757565906551 0.016930346177916382
    outer loop
      vertex 1.6541603803634644 1.7247756719589233 1.827547550201416
      vertex 1.5073591470718384 1.6971735954284668 1.7822223901748657
      vertex 1.7019151449203491 1.7330820560455322 1.8812932968139648
    endloop
  endfacet
  facet normal -0.18980554970224395 0.9816757258318639 0.016929932507608072
    outer loop
      vertex 1.8057845830917358 1.752040147781372 1.946521282196045
      vertex 1.7261772155761719 1.7367116212844849 1.942842721939087
      vertex 1.8340352773666382 1.7568098306655884 1.9866783618927002
    endloop
  endfacet
  facet normal -0.189804126979525 0.9816760448865647 0.01692738247372093
    outer loop
      vertex 1.4977233409881592 1.6948835849761963 1.8069815635681152
      vertex 1.4929053783416748 1.693738579750061 1.8193612098693848
      vertex 1.6653119325637817 1.7261607646942139 1.8722573518753052
    endloop
  endfacet
  facet normal -0.18980559469371283 0.9816756983668627 0.01693102061004944
    outer loop
      vertex 1.7385183572769165 1.7400034666061401 1.8903292417526245
      vertex 1.7261772155761719 1.7367116212844849 1.942842721939087
      vertex 1.8057845830917358 1.752040147781372 1.946521282196045
    endloop
  endfacet
  facet normal -0.18980532946491702 0.9816757636148596 0.016930210804840255
    outer loop
      vertex 1.573314905166626 1.7082273960113525 1.8807165622711182
      vertex 1.4880874156951904 1.6925934553146362 1.8317407369613647
      vertex 1.4911532402038574 1.6929174661636353 1.8473244905471802
    endloop
  endfacet
  facet normal -0.18980542341628256 0.9816757412861422 0.016930452210997506
    outer loop
      vertex 1.573314905166626 1.7082273960113525 1.8807165622711182
      vertex 1.6554765701293945 1.7235373258590698 1.9141086339950562
      vertex 1.6653119325637817 1.7261607646942139 1.8722573518753052
    endloop
  endfacet
  facet normal -0.18980532858337382 0.981675741815014 0.01693148467499218
    outer loop
      vertex 1.573314905166626 1.7082273960113525 1.8807165622711182
      vertex 1.6653119325637817 1.7261607646942139 1.8722573518753052
      vertex 1.4929053783416748 1.693738579750061 1.8193612098693848
    endloop
  endfacet
  facet normal -0.1898053442461305 0.9816757543339517 0.016930583229016253
    outer loop
      vertex 1.3268297910690308 1.6622976064682007 1.7805403470993042
      vertex 1.4146854877471924 1.6791630983352661 1.7875711917877197
      vertex 1.345546841621399 1.6665271520614624 1.7451342344284058
    endloop
  endfacet
  facet normal -0.18980358609004164 0.9816761456751845 0.016927602301392657
    outer loop
      vertex 1.4195034503936768 1.6803081035614014 1.7751915454864502
      vertex 1.345546841621399 1.6665271520614624 1.7451342344284058
      vertex 1.4146854877471924 1.6791630983352661 1.7875711917877197
    endloop
  endfacet
  facet normal -0.1898068122571683 0.9816753789244419 0.016935891896371333
    outer loop
      vertex 1.345546841621399 1.6665271520614624 1.7451342344284058
      vertex 1.4195034503936768 1.6803081035614014 1.7751915454864502
      vertex 1.4243214130401611 1.6814532279968262 1.7628120183944702
    endloop
  endfacet
  facet normal -0.18980532946491702 0.9816757636148596 0.016930210804840255
    outer loop
      vertex 1.4089915752410889 1.677607536315918 1.8139324188232422
      vertex 1.4911532402038574 1.6929174661636353 1.8473244905471802
      vertex 1.4880874156951904 1.6925934553146362 1.8317407369613647
    endloop
  endfacet
  facet normal -0.18980590173108214 0.9816756068540876 0.016932884447413227
    outer loop
      vertex 1.4089915752410889 1.677607536315918 1.8139324188232422
      vertex 1.4880874156951904 1.6925934553146362 1.8317407369613647
      vertex 1.4098676443099976 1.6780180931091309 1.7999507188796997
    endloop
  endfacet
  facet normal -0.18980609894541783 0.9816755689552346 0.01693287097744807
    outer loop
      vertex 1.4089915752410889 1.677607536315918 1.8139324188232422
      vertex 1.4098676443099976 1.6780180931091309 1.7999507188796997
      vertex 1.3268297910690308 1.6622976064682007 1.7805403470993042
    endloop
  endfacet
  facet normal -0.18980522159771201 0.9816758066423443 0.016928925168066353
    outer loop
      vertex 1.4146854877471924 1.6791630983352661 1.7875711917877197
      vertex 1.3268297910690308 1.6622976064682007 1.7805403470993042
      vertex 1.4098676443099976 1.6780180931091309 1.7999507188796997
    endloop
  endfacet
  facet normal -0.18980816212377355 0.9816751273915784 0.01693534327740878
    outer loop
      vertex 1.573314905166626 1.7082273960113525 1.8807165622711182
      vertex 1.4929053783416748 1.693738579750061 1.8193612098693848
      vertex 1.4880874156951904 1.6925934553146362 1.8317407369613647
    endloop
  endfacet
  facet normal 0.189804037199634 -0.9816760616160537 -0.016927418961961593
    outer loop
      vertex 1.476723551750183 1.630195140838623 1.7784650325775146
      vertex 1.3947831392288208 1.6149264574050903 1.745162844657898
      vertex 1.3996011018753052 1.6160714626312256 1.7327831983566284
    endloop
  endfacet
  facet normal 0.189804037199634 -0.9816760616160537 -0.016927418961961593
    outer loop
      vertex 1.476723551750183 1.630195140838623 1.7784650325775146
      vertex 1.3996011018753052 1.6160714626312256 1.7327831983566284
      vertex 1.4815415143966675 1.6313401460647583 1.7660853862762451
    endloop
  endfacet
  facet normal 0.189804037199634 -0.9816760616160537 -0.016927418961961593
    outer loop
      vertex 1.4670876264572144 1.627905011177063 1.8032242059707642
      vertex 1.385147213935852 1.6126363277435303 1.7699220180511475
      vertex 1.3899651765823364 1.6137813329696655 1.757542371749878
    endloop
  endfacet
  facet normal 0.18980839890246706 -0.9816750860790435 -0.016935084227266608
    outer loop
      vertex 1.4670876264572144 1.627905011177063 1.8032242059707642
      vertex 1.3899651765823364 1.6137813329696655 1.757542371749878
      vertex 1.4719055891036987 1.6290501356124878 1.7908445596694946
    endloop
  endfacet
  facet normal 0.18980845361428564 -0.9816750730752207 -0.016935224808474023
    outer loop
      vertex 1.4719055891036987 1.6290501356124878 1.7908445596694946
      vertex 1.3899651765823364 1.6137813329696655 1.757542371749878
      vertex 1.3947831392288208 1.6149264574050903 1.745162844657898
    endloop
  endfacet
  facet normal 0.1898040918869985 -0.981676048619408 -0.01692755947966223
    outer loop
      vertex 1.4719055891036987 1.6290501356124878 1.7908445596694946
      vertex 1.3947831392288208 1.6149264574050903 1.745162844657898
      vertex 1.476723551750183 1.630195140838623 1.7784650325775146
    endloop
  endfacet
  facet normal 0.1898047050882235 -0.981675902888356 -0.01692913508432702
    outer loop
      vertex 1.4622697830200195 1.6267600059509277 1.8156037330627441
      vertex 1.3803293704986572 1.611491322517395 1.7823015451431274
      vertex 1.385147213935852 1.6126363277435303 1.7699220180511475
    endloop
  endfacet
  facet normal 0.1898047050882235 -0.981675902888356 -0.01692913508432702
    outer loop
      vertex 1.4622697830200195 1.6267600059509277 1.8156037330627441
      vertex 1.385147213935852 1.6126363277435303 1.7699220180511475
      vertex 1.4670876264572144 1.627905011177063 1.8032242059707642
    endloop
  endfacet
  facet normal 0.18980718812806355 -0.981675311694213 -0.016935576311058402
    outer loop
      vertex 1.5490280389785767 1.6431736946105957 1.8365262746810913
      vertex 1.4670876264572144 1.627905011177063 1.8032242059707642
      vertex 1.4719055891036987 1.6290501356124878 1.7908445596694946
    endloop
  endfacet
  facet normal 0.18980726337515402 -0.9816752948637915 -0.01693570855095819
    outer loop
      vertex 1.5490280389785767 1.6431736946105957 1.8365262746810913
      vertex 1.4719055891036987 1.6290501356124878 1.7908445596694946
      vertex 1.553846001625061 1.6443188190460205 1.8241467475891113
    endloop
  endfacet
  facet normal 0.1898040918869985 -0.981676048619408 -0.01692755947966223
    outer loop
      vertex 1.553846001625061 1.6443188190460205 1.8241467475891113
      vertex 1.4719055891036987 1.6290501356124878 1.7908445596694946
      vertex 1.476723551750183 1.630195140838623 1.7784650325775146
    endloop
  endfacet
  facet normal 0.18980401667580868 -0.98167606544044 -0.01692742730323109
    outer loop
      vertex 1.553846001625061 1.6443188190460205 1.8241467475891113
      vertex 1.476723551750183 1.630195140838623 1.7784650325775146
      vertex 1.5586639642715454 1.6454638242721558 1.8117671012878418
    endloop
  endfacet
  facet normal 0.18980401667580868 -0.98167606544044 -0.01692742730323109
    outer loop
      vertex 1.6357864141464233 1.6595875024795532 1.8574488162994385
      vertex 1.553846001625061 1.6443188190460205 1.8241467475891113
      vertex 1.5586639642715454 1.6454638242721558 1.8117671012878418
    endloop
  endfacet
  facet normal 0.1898040918869985 -0.981676048619408 -0.01692755947966223
    outer loop
      vertex 1.6357864141464233 1.6595875024795532 1.8574488162994385
      vertex 1.5586639642715454 1.6454638242721558 1.8117671012878418
      vertex 1.6406043767929077 1.6607325077056885 1.8450692892074585
    endloop
  endfacet
  facet normal 0.18980462986983887 -0.9816759197112638 -0.016929002894972955
    outer loop
      vertex 1.7948493957519531 1.6889798641204834 1.9364327192306519
      vertex 1.7129089832305908 1.6737111806869507 1.9031306505203247
      vertex 1.7177268266677856 1.674856185913086 1.8907510042190552
    endloop
  endfacet
  facet normal 0.1898047050882235 -0.981675902888356 -0.01692913508432702
    outer loop
      vertex 1.7948493957519531 1.6889798641204834 1.9364327192306519
      vertex 1.7177268266677856 1.674856185913086 1.8907510042190552
      vertex 1.799667239189148 1.6901248693466187 1.9240531921386719
    endloop
  endfacet
  facet normal 0.18980726337515402 -0.9816752948637915 -0.01693570855095819
    outer loop
      vertex 1.7900314331054688 1.6878347396850586 1.9488123655319214
      vertex 1.7080910205841064 1.6725660562515259 1.9155101776123047
      vertex 1.7129089832305908 1.6737111806869507 1.9031306505203247
    endloop
  endfacet
  facet normal 0.18980718812806355 -0.981675311694213 -0.016935576311058402
    outer loop
      vertex 1.7900314331054688 1.6878347396850586 1.9488123655319214
      vertex 1.7129089832305908 1.6737111806869507 1.9031306505203247
      vertex 1.7948493957519531 1.6889798641204834 1.9364327192306519
    endloop
  endfacet
  facet normal 0.1898046948252533 -0.9816759048007474 -0.016929139255332997
    outer loop
      vertex 1.9635480642318726 1.720662236213684 1.9906574487686157
      vertex 1.9587302207946777 1.7195172309875488 2.0030369758605957
      vertex 1.7948493957519531 1.6889798641204834 1.9364327192306519
    endloop
  endfacet
  facet normal 0.1898046948252533 -0.9816759048007474 -0.016929139255332997
    outer loop
      vertex 1.9635480642318726 1.720662236213684 1.9906574487686157
      vertex 1.7948493957519531 1.6889798641204834 1.9364327192306519
      vertex 1.799667239189148 1.6901248693466187 1.9240531921386719
    endloop
  endfacet
  facet normal 0.18980463232091188 -0.981675950721607 -0.016927177093435216
    outer loop
      vertex 1.799667239189148 1.6901248693466187 1.9240531921386719
      vertex 1.8044852018356323 1.691269874572754 1.9116735458374023
      vertex 1.968366026878357 1.7218073606491089 1.9782779216766357
    endloop
  endfacet
  facet normal 0.18980725310823818 -0.9816752967769159 -0.01693571272368485
    outer loop
      vertex 1.799667239189148 1.6901248693466187 1.9240531921386719
      vertex 1.968366026878357 1.7218073606491089 1.9782779216766357
      vertex 1.9635480642318726 1.720662236213684 1.9906574487686157
    endloop
  endfacet
  facet normal 0.18980380707014022 -0.981676104498093 -0.016927512490923235
    outer loop
      vertex 1.968366026878357 1.7218073606491089 1.9782779216766357
      vertex 1.9731839895248413 1.7229523658752441 1.9658982753753662
      vertex 2.055124521255493 1.7382210493087769 1.999200463294983
    endloop
  endfacet
  facet normal 0.18980401667580868 -0.98167606544044 -0.01692742730323109
    outer loop
      vertex 2.1226110458374023 1.7500545978546143 2.069641351699829
      vertex 2.04067063331604 1.7347859144210815 2.036339282989502
      vertex 2.0454885959625244 1.7359309196472168 2.0239596366882324
    endloop
  endfacet
  facet normal 0.18980837836937045 -0.9816750899051865 -0.016935092572343668
    outer loop
      vertex 2.1226110458374023 1.7500545978546143 2.069641351699829
      vertex 2.0454885959625244 1.7359309196472168 2.0239596366882324
      vertex 2.1274290084838867 1.751199722290039 2.0572617053985596
    endloop
  endfacet
  facet normal 0.1898047256141486 -0.981675899063576 -0.016929126742321225
    outer loop
      vertex 2.04067063331604 1.7347859144210815 2.036339282989502
      vertex 1.9587302207946777 1.7195172309875488 2.0030369758605957
      vertex 1.9635480642318726 1.720662236213684 1.9906574487686157
    endloop
  endfacet
  facet normal 0.18980380707014022 -0.981676104498093 -0.016927512490923235
    outer loop
      vertex 2.04067063331604 1.7347859144210815 2.036339282989502
      vertex 1.9635480642318726 1.720662236213684 1.9906574487686157
      vertex 2.0454885959625244 1.7359309196472168 2.0239596366882324
    endloop
  endfacet
  facet normal 0.1898070332421893 -0.9816753377464548 -0.016935802082641973
    outer loop
      vertex 2.0454885959625244 1.7359309196472168 2.0239596366882324
      vertex 1.9635480642318726 1.720662236213684 1.9906574487686157
      vertex 1.968366026878357 1.7218073606491089 1.9782779216766357
    endloop
  endfacet
  facet normal 0.18980084520406273 -0.9816768191122033 -0.016919278281586556
    outer loop
      vertex 2.1346559524536133 1.7529172897338867 2.0386924743652344
      vertex 2.1370649337768555 1.7534897327423096 2.0325026512145996
      vertex 2.2190053462982178 1.7687584161758423 2.0658047199249268
    endloop
  endfacet
  facet normal 0.18980718812806355 -0.981675311694213 -0.016935576311058402
    outer loop
      vertex 2.2141873836517334 1.767613410949707 2.0781843662261963
      vertex 2.132246971130371 1.7523447275161743 2.044882297515869
      vertex 2.1346559524536133 1.7529172897338867 2.0386924743652344
    endloop
  endfacet
  facet normal 0.18980342155401733 -0.9816761763345353 -0.0169276691719248
    outer loop
      vertex 2.2190053462982178 1.7687584161758423 2.0658047199249268
      vertex 2.2141873836517334 1.767613410949707 2.0781843662261963
      vertex 2.1346559524536133 1.7529172897338867 2.0386924743652344
    endloop
  endfacet
  facet normal 0.18980401667580868 -0.98167606544044 -0.01692742730323109
    outer loop
      vertex 2.1997334957122803 1.7641782760620117 2.115323066711426
      vertex 2.117793083190918 1.748909592628479 2.0820209980010986
      vertex 2.1226110458374023 1.7500545978546143 2.069641351699829
    endloop
  endfacet
  facet normal 0.18980401667580868 -0.98167606544044 -0.01692742730323109
    outer loop
      vertex 2.1997334957122803 1.7641782760620117 2.115323066711426
      vertex 2.1226110458374023 1.7500545978546143 2.069641351699829
      vertex 2.2045514583587646 1.765323281288147 2.1029434204101562
    endloop
  endfacet
  facet normal 0.18980561181126543 -0.9816757051414395 -0.016930435907219637
    outer loop
      vertex 1.3996011018753052 1.6160714626312256 1.7327831983566284
      vertex 1.3122880458831787 1.5993070602416992 1.7259728908538818
      vertex 1.3310050964355469 1.603536605834961 1.6905667781829834
    endloop
  endfacet
  facet normal 0.18980421733305133 -0.9816760154245845 -0.016928077938696075
    outer loop
      vertex 1.4364094734191895 1.6231775283813477 1.7334052324295044
      vertex 1.3996011018753052 1.6160714626312256 1.7327831983566284
      vertex 1.3310050964355469 1.603536605834961 1.6905667781829834
    endloop
  endfacet
  facet normal 0.1898042146780697 -0.9816760194375895 -0.01692787498803071
    outer loop
      vertex 1.4815415143966675 1.6313401460647583 1.7660853862762451
      vertex 1.3996011018753052 1.6160714626312256 1.7327831983566284
      vertex 1.4364094734191895 1.6231775283813477 1.7334052324295044
    endloop
  endfacet
  facet normal 0.18980642806634782 -0.9816755366884309 -0.016931052305609214
    outer loop
      vertex 1.541813850402832 1.642818570137024 1.7762435674667358
      vertex 1.4815415143966675 1.6313401460647583 1.7660853862762451
      vertex 1.4364094734191895 1.6231775283813477 1.7334052324295044
    endloop
  endfacet
  facet normal 0.18980535595098225 -0.9816758158803471 -0.016926882996454777
    outer loop
      vertex 1.3947831392288208 1.6149264574050903 1.745162844657898
      vertex 1.3122880458831787 1.5993070602416992 1.7259728908538818
      vertex 1.3996011018753052 1.6160714626312256 1.7327831983566284
    endloop
  endfacet
  facet normal 0.18980401667580868 -0.98167606544044 -0.01692742730323109
    outer loop
      vertex 1.4815415143966675 1.6313401460647583 1.7660853862762451
      vertex 1.5586639642715454 1.6454638242721558 1.8117671012878418
      vertex 1.476723551750183 1.630195140838623 1.7784650325775146
    endloop
  endfacet
  facet normal 0.1898065637371681 -0.9816754957751503 -0.016931903522681358
    outer loop
      vertex 1.5586639642715454 1.6454638242721558 1.8117671012878418
      vertex 1.4815415143966675 1.6313401460647583 1.7660853862762451
      vertex 1.541813850402832 1.642818570137024 1.7762435674667358
    endloop
  endfacet
  facet normal 0.18980730490607353 -0.9816752871249695 -0.016935691671772793
    outer loop
      vertex 1.3899651765823364 1.6137813329696655 1.757542371749878
      vertex 1.3122880458831787 1.5993070602416992 1.7259728908538818
      vertex 1.3947831392288208 1.6149264574050903 1.745162844657898
    endloop
  endfacet
  facet normal 0.18980559873377623 -0.981675690502686 -0.01693143128585549
    outer loop
      vertex 1.6406043767929077 1.6607325077056885 1.8450692892074585
      vertex 1.5586639642715454 1.6454638242721558 1.8117671012878418
      vertex 1.541813850402832 1.642818570137024 1.7762435674667358
    endloop
  endfacet
  facet normal 0.18980537255209715 -0.9816757400564402 -0.016931093733129423
    outer loop
      vertex 1.6406043767929077 1.6607325077056885 1.8450692892074585
      vertex 1.541813850402832 1.642818570137024 1.7762435674667358
      vertex 1.6472182273864746 1.6624594926834106 1.8190819025039673
    endloop
  endfacet
  facet normal 0.18980544766911944 -0.9816757258786569 -0.016931073673490987
    outer loop
      vertex 1.8044852018356323 1.691269874572754 1.9116735458374023
      vertex 1.6406043767929077 1.6607325077056885 1.8450692892074585
      vertex 1.6472182273864746 1.6624594926834106 1.8190819025039673
    endloop
  endfacet
  facet normal 0.1898051817721343 -0.9816757853979289 -0.01693060352752793
    outer loop
      vertex 1.8044852018356323 1.691269874572754 1.9116735458374023
      vertex 1.6472182273864746 1.6624594926834106 1.8190819025039673
      vertex 1.7526226043701172 1.6821004152297974 1.8619202375411987
    endloop
  endfacet
  facet normal 0.1898079488635994 -0.9816751308815138 -0.01693753101711759
    outer loop
      vertex 1.6312482357025146 1.658665657043457 1.8600212335586548
      vertex 1.553846001625061 1.6443188190460205 1.8241467475891113
      vertex 1.6357864141464233 1.6595875024795532 1.8574488162994385
    endloop
  endfacet
  facet normal 0.1898032457317267 -0.981676177629031 -0.016929565421376525
    outer loop
      vertex 1.7129089832305908 1.6737111806869507 1.9031306505203247
      vertex 1.7044546604156494 1.6725083589553833 1.8780930042266846
      vertex 1.7177268266677856 1.674856185913086 1.8907510042190552
    endloop
  endfacet
  facet normal 0.18980248132744437 -0.9816763487275756 -0.016928214047573564
    outer loop
      vertex 1.6406043767929077 1.6607325077056885 1.8450692892074585
      vertex 1.667851448059082 1.6655869483947754 1.8690571784973145
      vertex 1.6357864141464233 1.6595875024795532 1.8574488162994385
    endloop
  endfacet
  facet normal 0.18980849378044545 -0.9816750639532184 -0.01693530339979902
    outer loop
      vertex 1.667851448059082 1.6655869483947754 1.8690571784973145
      vertex 1.6406043767929077 1.6607325077056885 1.8450692892074585
      vertex 1.7044546604156494 1.6725083589553833 1.8780930042266846
    endloop
  endfacet
  facet normal 0.18980371335084936 -0.9816761219616087 -0.01692755058020688
    outer loop
      vertex 1.8044852018356323 1.691269874572754 1.9116735458374023
      vertex 1.799667239189148 1.6901248693466187 1.9240531921386719
      vertex 1.7044546604156494 1.6725083589553833 1.8780930042266846
    endloop
  endfacet
  facet normal 0.18980200855218854 -0.9816765431884226 -0.016922236943858512
    outer loop
      vertex 1.7044546604156494 1.6725083589553833 1.8780930042266846
      vertex 1.6406043767929077 1.6607325077056885 1.8450692892074585
      vertex 1.8044852018356323 1.691269874572754 1.9116735458374023
    endloop
  endfacet
  facet normal 0.18980657463034567 -0.9816753533815787 -0.016940035131244206
    outer loop
      vertex 1.6312482357025146 1.658665657043457 1.8600212335586548
      vertex 1.6357864141464233 1.6595875024795532 1.8574488162994385
      vertex 1.667851448059082 1.6655869483947754 1.8690571784973145
    endloop
  endfacet
  facet normal 0.18980670638481342 -0.9816754621777362 -0.016932252345081895
    outer loop
      vertex 1.8044852018356323 1.691269874572754 1.9116735458374023
      vertex 1.7526226043701172 1.6821004152297974 1.8619202375411987
      vertex 1.8580271005630493 1.7017414569854736 1.9047586917877197
    endloop
  endfacet
  facet normal 0.1898057825184424 -0.9816756737564518 -0.01693034191556547
    outer loop
      vertex 1.2935709953308105 1.5950775146484375 1.7613790035247803
      vertex 1.3122880458831787 1.5993070602416992 1.7259728908538818
      vertex 1.385147213935852 1.6126363277435303 1.7699220180511475
    endloop
  endfacet
  facet normal 0.18980407873296581 -0.9816760538767784 -0.016927402082032486
    outer loop
      vertex 1.385147213935852 1.6126363277435303 1.7699220180511475
      vertex 1.3122880458831787 1.5993070602416992 1.7259728908538818
      vertex 1.3899651765823364 1.6137813329696655 1.757542371749878
    endloop
  endfacet
  facet normal 0.18980468456227806 -0.9816759067131394 -0.01692914342634103
    outer loop
      vertex 1.4622697830200195 1.6267600059509277 1.8156037330627441
      vertex 1.4670876264572144 1.627905011177063 1.8032242059707642
      vertex 1.5490280389785767 1.6431736946105957 1.8365262746810913
    endloop
  endfacet
  facet normal 0.18980589963571137 -0.9816756593514322 -0.016929864158018247
    outer loop
      vertex 1.3759204149246216 1.6104224920272827 1.7948473691940308
      vertex 1.2935709953308105 1.5950775146484375 1.7613790035247803
      vertex 1.3803293704986572 1.611491322517395 1.7823015451431274
    endloop
  endfacet
  facet normal 0.18980564467514216 -0.9816757278061536 -0.01692875322380266
    outer loop
      vertex 1.385147213935852 1.6126363277435303 1.7699220180511475
      vertex 1.3803293704986572 1.611491322517395 1.7823015451431274
      vertex 1.2935709953308105 1.5950775146484375 1.7613790035247803
    endloop
  endfacet
  facet normal 0.18980469955381032 -0.9816758837820112 -0.016930305020731624
    outer loop
      vertex 1.4582698345184326 1.6257673501968384 1.8283157348632812
      vertex 1.3759204149246216 1.6104224920272827 1.7948473691940308
      vertex 1.3803293704986572 1.611491322517395 1.7823015451431274
    endloop
  endfacet
  facet normal 0.18980616833001757 -0.9816755551279754 -0.016932894851694
    outer loop
      vertex 1.4582698345184326 1.6257673501968384 1.8283157348632812
      vertex 1.3803293704986572 1.611491322517395 1.7823015451431274
      vertex 1.4622697830200195 1.6267600059509277 1.8156037330627441
    endloop
  endfacet
  facet normal 0.18980721074230555 -0.9816753594990196 -0.01693255157077362
    outer loop
      vertex 1.4622697830200195 1.6267600059509277 1.8156037330627441
      vertex 1.540619134902954 1.6411123275756836 1.8617841005325317
      vertex 1.4582698345184326 1.6257673501968384 1.8283157348632812
    endloop
  endfacet
  facet normal 0.18980427799157523 -0.9816760158713322 -0.016927371889480514
    outer loop
      vertex 1.540619134902954 1.6411123275756836 1.8617841005325317
      vertex 1.4622697830200195 1.6267600059509277 1.8156037330627441
      vertex 1.5490280389785767 1.6431736946105957 1.8365262746810913
    endloop
  endfacet
  facet normal 0.18980715805604761 -0.9816753144888184 -0.016935751355228058
    outer loop
      vertex 1.5490280389785767 1.6431736946105957 1.8365262746810913
      vertex 1.553846001625061 1.6443188190460205 1.8241467475891113
      vertex 1.6312482357025146 1.658665657043457 1.8600212335586548
    endloop
  endfacet
  facet normal 0.1898060670588838 -0.9816755791970537 -0.016932634637511254
    outer loop
      vertex 1.799667239189148 1.6901248693466187 1.9240531921386719
      vertex 1.7177268266677856 1.674856185913086 1.8907510042190552
      vertex 1.7044546604156494 1.6725083589553833 1.8780930042266846
    endloop
  endfacet
  facet normal 0.18979864742918134 -0.9816769003033463 -0.01693921027873845
    outer loop
      vertex 1.7129089832305908 1.6737111806869507 1.9031306505203247
      vertex 1.7080910205841064 1.6725660562515259 1.9155101776123047
      vertex 1.693669319152832 1.6696314811706543 1.9239866733551025
    endloop
  endfacet
  facet normal 0.18980364395033336 -0.9816761346541734 -0.016927592670439598
    outer loop
      vertex 1.540619134902954 1.6411123275756836 1.8617841005325317
      vertex 1.5490280389785767 1.6431736946105957 1.8365262746810913
      vertex 1.6229685544967651 1.6564571857452393 1.8952524662017822
    endloop
  endfacet
  facet normal 0.1898044671562501 -0.9816759515614764 -0.01692898028239584
    outer loop
      vertex 1.7908670902252197 1.6877431869506836 1.9634896516799927
      vertex 1.693669319152832 1.6696314811706543 1.9239866733551025
      vertex 1.7080910205841064 1.6725660562515259 1.9155101776123047
    endloop
  endfacet
  facet normal 0.18980505757649893 -0.9816758191160058 -0.01693004079443438
    outer loop
      vertex 1.7908670902252197 1.6877431869506836 1.9634896516799927
      vertex 1.7080910205841064 1.6725660562515259 1.9155101776123047
      vertex 1.7900314331054688 1.6878347396850586 1.9488123655319214
    endloop
  endfacet
  facet normal 0.1898056490029253 -0.9816757017586958 -0.01693021509463466
    outer loop
      vertex 1.6312482357025146 1.658665657043457 1.8600212335586548
      vertex 1.6229685544967651 1.6564571857452393 1.8952524662017822
      vertex 1.5490280389785767 1.6431736946105957 1.8365262746810913
    endloop
  endfacet
  facet normal 0.1898072660813679 -0.9816753762252998 -0.01693096145034464
    outer loop
      vertex 1.7129089832305908 1.6737111806869507 1.9031306505203247
      vertex 1.693669319152832 1.6696314811706543 1.9239866733551025
      vertex 1.7044546604156494 1.6725083589553833 1.8780930042266846
    endloop
  endfacet
  facet normal 0.18980541345206028 -0.9816757303359628 -0.016931198824848708
    outer loop
      vertex 1.9731839895248413 1.7229523658752441 1.9658982753753662
      vertex 1.8580271005630493 1.7017414569854736 1.9047586917877197
      vertex 1.963431477546692 1.7213823795318604 1.9475970268249512
    endloop
  endfacet
  facet normal 0.1898051479523512 -0.9816757718043675 -0.016931770819545177
    outer loop
      vertex 2.126798629760742 1.7518240213394165 2.0139925479888916
      vertex 2.1370649337768555 1.7534897327423096 2.0325026512145996
      vertex 2.122527599334717 1.7506681680679321 2.0331287384033203
    endloop
  endfacet
  facet normal 0.18980654889169027 -0.9816754696606459 -0.01693358392003444
    outer loop
      vertex 1.963431477546692 1.7213823795318604 1.9475970268249512
      vertex 2.068835735321045 1.741023302078247 1.9904353618621826
      vertex 2.055124521255493 1.7382210493087769 1.999200463294983
    endloop
  endfacet
  facet normal 0.18980519493352274 -0.9816757746600862 -0.016931078576608954
    outer loop
      vertex 1.963431477546692 1.7213823795318604 1.9475970268249512
      vertex 2.055124521255493 1.7382210493087769 1.999200463294983
      vertex 1.9731839895248413 1.7229523658752441 1.9658982753753662
    endloop
  endfacet
  facet normal 0.18980463232091188 -0.981675950721607 -0.016927177093435216
    outer loop
      vertex 1.9731839895248413 1.7229523658752441 1.9658982753753662
      vertex 1.968366026878357 1.7218073606491089 1.9782779216766357
      vertex 1.8044852018356323 1.691269874572754 1.9116735458374023
    endloop
  endfacet
  facet normal 0.18980429777449176 -0.9816759727506806 -0.0169296506265546
    outer loop
      vertex 2.062453031539917 1.7392959594726562 2.019033670425415
      vertex 1.968366026878357 1.7218073606491089 1.9782779216766357
      vertex 2.055124521255493 1.7382210493087769 1.999200463294983
    endloop
  endfacet
  facet normal 0.18980808934018617 -0.9816752147836079 -0.016931092716807965
    outer loop
      vertex 2.068835735321045 1.741023302078247 1.9904353618621826
      vertex 2.062453031539917 1.7392959594726562 2.019033670425415
      vertex 2.055124521255493 1.7382210493087769 1.999200463294983
    endloop
  endfacet
  facet normal 0.18980586754734755 -0.9816756255608998 -0.016932183090634084
    outer loop
      vertex 2.2190053462982178 1.7687584161758423 2.0658047199249268
      vertex 2.1370649337768555 1.7534897327423096 2.0325026512145996
      vertex 2.126798629760742 1.7518240213394165 2.0139925479888916
    endloop
  endfacet
  facet normal 0.18980557790360042 -0.9816756908216823 -0.016931646300731146
    outer loop
      vertex 2.2190053462982178 1.7687584161758423 2.0658047199249268
      vertex 2.126798629760742 1.7518240213394165 2.0139925479888916
      vertex 2.1864535808563232 1.7629400491714478 2.0382375717163086
    endloop
  endfacet
  facet normal 0.18980907456970686 -0.9816749407856523 -0.016935933528373255
    outer loop
      vertex 2.2461085319519043 1.7740561962127686 2.0624823570251465
      vertex 2.2190053462982178 1.7687584161758423 2.0658047199249268
      vertex 2.1864535808563232 1.7629400491714478 2.0382375717163086
    endloop
  endfacet
  facet normal 0.1898086399864691 -0.9816749630318449 -0.01693951424666575
    outer loop
      vertex 2.3057634830474854 1.7851722240447998 2.0867273807525635
      vertex 2.2190053462982178 1.7687584161758423 2.0658047199249268
      vertex 2.2461085319519043 1.7740561962127686 2.0624823570251465
    endloop
  endfacet
  facet normal 0.18981283922650466 -0.9816742586557052 -0.016933279586205725
    outer loop
      vertex 2.132246971130371 1.7523447275161743 2.044882297515869
      vertex 2.122527599334717 1.7506681680679321 2.0331287384033203
      vertex 2.1346559524536133 1.7529172897338867 2.0386924743652344
    endloop
  endfacet
  facet normal 0.18980579683156237 -0.9816758964165057 -0.016917265854322613
    outer loop
      vertex 2.1346559524536133 1.7529172897338867 2.0386924743652344
      vertex 2.122527599334717 1.7506681680679321 2.0331287384033203
      vertex 2.1370649337768555 1.7534897327423096 2.0325026512145996
    endloop
  endfacet
  facet normal 0.18980401667580868 -0.98167606544044 -0.01692742730323109
    outer loop
      vertex 2.2190053462982178 1.7687584161758423 2.0658047199249268
      vertex 2.2961277961730957 1.7828820943832397 2.1114864349365234
      vertex 2.2141873836517334 1.767613410949707 2.0781843662261963
    endloop
  endfacet
  facet normal 0.18980412605115438 -0.981676039446961 -0.0169277083412419
    outer loop
      vertex 2.1274290084838867 1.751199722290039 2.0572617053985596
      vertex 2.132246971130371 1.7523447275161743 2.044882297515869
      vertex 2.2141873836517334 1.767613410949707 2.0781843662261963
    endloop
  endfacet
  facet normal 0.18980251671435508 -0.9816764070080707 -0.01692443714342664
    outer loop
      vertex 2.0924904346466064 1.744982123374939 2.0260813236236572
      vertex 2.122527599334717 1.7506681680679321 2.0331287384033203
      vertex 2.132246971130371 1.7523447275161743 2.044882297515869
    endloop
  endfacet
  facet normal 0.18980711609393586 -0.9816753722336746 -0.01693287423858315
    outer loop
      vertex 2.2961277961730957 1.7828820943832397 2.1114864349365234
      vertex 2.2190053462982178 1.7687584161758423 2.0658047199249268
      vertex 2.3057634830474854 1.7851722240447998 2.0867273807525635
    endloop
  endfacet
  facet normal 0.18980731117190663 -0.9816752976745906 -0.016935009926037893
    outer loop
      vertex 2.132246971130371 1.7523447275161743 2.044882297515869
      vertex 2.062453031539917 1.7392959594726562 2.019033670425415
      vertex 2.0924904346466064 1.744982123374939 2.0260813236236572
    endloop
  endfacet
  facet normal 0.18980507346640915 -0.9816758290863292 -0.01692928451173335
    outer loop
      vertex 2.04067063331604 1.7347859144210815 2.036339282989502
      vertex 2.117793083190918 1.748909592628479 2.0820209980010986
      vertex 1.9852626323699951 1.7239667177200317 2.0424957275390625
    endloop
  endfacet
  facet normal 0.18980719839491275 -0.9816753097811004 -0.016935572138398965
    outer loop
      vertex 1.7900314331054688 1.6878347396850586 1.9488123655319214
      vertex 1.7948493957519531 1.6889798641204834 1.9364327192306519
      vertex 1.9587302207946777 1.7195172309875488 2.0030369758605957
    endloop
  endfacet
  facet normal 0.1898050102041975 -0.981675831428037 -0.01692985798690274
    outer loop
      vertex 1.9852626323699951 1.7239667177200317 2.0424957275390625
      vertex 1.9587302207946777 1.7195172309875488 2.0030369758605957
      vertex 2.04067063331604 1.7347859144210815 2.036339282989502
    endloop
  endfacet
  facet normal 0.1898060638301356 -0.9816756235913213 -0.016930096866257738
    outer loop
      vertex 1.8880648612976074 1.7058550119400024 2.002992630004883
      vertex 1.7908670902252197 1.6877431869506836 1.9634896516799927
      vertex 1.7900314331054688 1.6878347396850586 1.9488123655319214
    endloop
  endfacet
  facet normal 0.18980476674938912 -0.9816759165324815 -0.016927652504773568
    outer loop
      vertex 1.9587302207946777 1.7195172309875488 2.0030369758605957
      vertex 1.8880648612976074 1.7058550119400024 2.002992630004883
      vertex 1.7900314331054688 1.6878347396850586 1.9488123655319214
    endloop
  endfacet
  facet normal 0.18980476144680322 -0.9816758825087175 -0.016929684960233442
    outer loop
      vertex 1.9852626323699951 1.7239667177200317 2.0424957275390625
      vertex 1.8880648612976074 1.7058550119400024 2.002992630004883
      vertex 1.9587302207946777 1.7195172309875488 2.0030369758605957
    endloop
  endfacet
  facet normal 0.18980634718226463 -0.9816755056328367 -0.01693375947153703
    outer loop
      vertex 2.082460403442383 1.742078423500061 2.081998825073242
      vertex 1.9852626323699951 1.7239667177200317 2.0424957275390625
      vertex 2.117793083190918 1.748909592628479 2.0820209980010986
    endloop
  endfacet
  facet normal 0.18980713160449425 -0.9816753862282044 -0.016931889019829272
    outer loop
      vertex 2.062453031539917 1.7392959594726562 2.019033670425415
      vertex 2.1274290084838867 1.751199722290039 2.0572617053985596
      vertex 2.0454885959625244 1.7359309196472168 2.0239596366882324
    endloop
  endfacet
  facet normal 0.18980635946971106 -0.9816754884474163 -0.016934617987464953
    outer loop
      vertex 2.0454885959625244 1.7359309196472168 2.0239596366882324
      vertex 1.968366026878357 1.7218073606491089 1.9782779216766357
      vertex 2.062453031539917 1.7392959594726562 2.019033670425415
    endloop
  endfacet
  facet normal 0.18980718812806355 -0.981675311694213 -0.016935576311058402
    outer loop
      vertex 2.2045514583587646 1.765323281288147 2.1029434204101562
      vertex 2.1226110458374023 1.7500545978546143 2.069641351699829
      vertex 2.1274290084838867 1.751199722290039 2.0572617053985596
    endloop
  endfacet
  facet normal 0.18980524796518292 -0.9816758360024663 -0.01692692688393476
    outer loop
      vertex 2.2961277961730957 1.7828820943832397 2.1114864349365234
      vertex 2.286491870880127 1.7805920839309692 2.1362457275390625
      vertex 2.2045514583587646 1.765323281288147 2.1029434204101562
    endloop
  endfacet
  facet normal 0.18980565710460995 -0.9816756755762386 -0.016931642360469193
    outer loop
      vertex 2.2961277961730957 1.7828820943832397 2.1114864349365234
      vertex 2.2045514583587646 1.765323281288147 2.1029434204101562
      vertex 2.2141873836517334 1.767613410949707 2.0781843662261963
    endloop
  endfacet
  facet normal 0.18980508251321662 -0.9816757826446901 -0.016931875887983356
    outer loop
      vertex 2.2141873836517334 1.767613410949707 2.0781843662261963
      vertex 2.2045514583587646 1.765323281288147 2.1029434204101562
      vertex 2.1274290084838867 1.751199722290039 2.0572617053985596
    endloop
  endfacet
  facet normal 0.18980464877413628 -0.9816759420432644 -0.01692749589266859
    outer loop
      vertex 2.1274290084838867 1.751199722290039 2.0572617053985596
      vertex 2.062453031539917 1.7392959594726562 2.019033670425415
      vertex 2.132246971130371 1.7523447275161743 2.044882297515869
    endloop
  endfacet
  facet normal 0.18980635492292272 -0.9816755552972999 -0.01693079332492414
    outer loop
      vertex 2.1796581745147705 1.7601902484893799 2.121501922607422
      vertex 2.082460403442383 1.742078423500061 2.081998825073242
      vertex 2.117793083190918 1.748909592628479 2.0820209980010986
    endloop
  endfacet
  facet normal 0.1898035419551642 -0.9816761782585692 -0.01692620751745455
    outer loop
      vertex 2.1796581745147705 1.7601902484893799 2.121501922607422
      vertex 2.117793083190918 1.748909592628479 2.0820209980010986
      vertex 2.1997334957122803 1.7641782760620117 2.115323066711426
    endloop
  endfacet
  facet normal 0.18980627275359369 -0.9816755608567334 -0.01693139214613912
    outer loop
      vertex 2.276855945587158 1.7783019542694092 2.1610047817230225
      vertex 2.1997334957122803 1.7641782760620117 2.115323066711426
      vertex 2.286491870880127 1.7805920839309692 2.1362457275390625
    endloop
  endfacet
  facet normal 0.18980346627736105 -0.981676188536685 -0.01692646003113041
    outer loop
      vertex 2.1796581745147705 1.7601902484893799 2.121501922607422
      vertex 2.1997334957122803 1.7641782760620117 2.115323066711426
      vertex 2.276855945587158 1.7783019542694092 2.1610047817230225
    endloop
  endfacet
  facet normal 0.18980524796518292 -0.9816758360024663 -0.01692692688393476
    outer loop
      vertex 2.1997334957122803 1.7641782760620117 2.115323066711426
      vertex 2.2045514583587646 1.765323281288147 2.1029434204101562
      vertex 2.286491870880127 1.7805920839309692 2.1362457275390625
    endloop
  endfacet
  facet normal 0.18980401667580868 -0.98167606544044 -0.01692742730323109
    outer loop
      vertex 2.04067063331604 1.7347859144210815 2.036339282989502
      vertex 2.1226110458374023 1.7500545978546143 2.069641351699829
      vertex 2.117793083190918 1.748909592628479 2.0820209980010986
    endloop
  endfacet
  facet normal 0.18980655489416173 -0.9816754710049074 -0.016933438708745276
    outer loop
      vertex 1.9731839895248413 1.7229523658752441 1.9658982753753662
      vertex 1.8044852018356323 1.691269874572754 1.9116735458374023
      vertex 1.8580271005630493 1.7017414569854736 1.9047586917877197
    endloop
  endfacet
  facet normal 0.36134539314199127 0.08587522507789018 -0.928469144653112
    outer loop
      vertex 1.9155755043029785 1.742976188659668 1.9309695959091187
      vertex 1.9127284288406372 1.7577013969421387 1.9312235116958618
      vertex 1.9865115880966187 1.7714500427246094 1.9612103700637817
    endloop
  endfacet
  facet normal 0.3613451479727384 0.08587587350239075 -0.9284691800952583
    outer loop
      vertex 1.9155755043029785 1.742976188659668 1.9309695959091187
      vertex 1.9865115880966187 1.7714500427246094 1.9612103700637817
      vertex 1.98935866355896 1.7567249536514282 1.9609564542770386
    endloop
  endfacet
  facet normal 0.36134587969646176 0.08587531574191919 -0.928468946908089
    outer loop
      vertex 1.3990939855575562 1.6467355489730835 1.7210615873336792
      vertex 1.3962469100952148 1.6614607572555542 1.7213155031204224
      vertex 1.4700299501419067 1.675209403038025 1.7513023614883423
    endloop
  endfacet
  facet normal 0.36134587969646176 0.08587531574191919 -0.928468946908089
    outer loop
      vertex 1.3990939855575562 1.6467355489730835 1.7210615873336792
      vertex 1.4700299501419067 1.675209403038025 1.7513023614883423
      vertex 1.472877025604248 1.6604841947555542 1.7510484457015991
    endloop
  endfacet
  facet normal 0.3613437474204976 0.08588311712146071 -0.9284690551621056
    outer loop
      vertex 1.9184225797653198 1.7282510995864868 1.930715560913086
      vertex 1.9155755043029785 1.742976188659668 1.9309695959091187
      vertex 1.98935866355896 1.7567249536514282 1.9609564542770386
    endloop
  endfacet
  facet normal 0.3613439926123037 0.0858824686424216 -0.9284690197216507
    outer loop
      vertex 1.9184225797653198 1.7282510995864868 1.930715560913086
      vertex 1.98935866355896 1.7567249536514282 1.9609564542770386
      vertex 1.9922057390213013 1.7419997453689575 1.9607024192810059
    endloop
  endfacet
  facet normal 0.3613457501592772 0.08587598571408091 -0.9284689353551169
    outer loop
      vertex 1.4019410610198975 1.6320104598999023 1.720807671546936
      vertex 1.3990939855575562 1.6467355489730835 1.7210615873336792
      vertex 1.472877025604248 1.6604841947555542 1.7510484457015991
    endloop
  endfacet
  facet normal 0.3613457501592772 0.08587598571408091 -0.9284689353551169
    outer loop
      vertex 1.4019410610198975 1.6320104598999023 1.720807671546936
      vertex 1.472877025604248 1.6604841947555542 1.7510484457015991
      vertex 1.4757241010665894 1.645759105682373 1.750794529914856
    endloop
  endfacet
  facet normal 0.361344259261481 0.08588255222808422 -0.9284689082147888
    outer loop
      vertex 1.9440568685531616 1.778794765472412 1.9453670978546143
      vertex 2.040688991546631 1.7968010902404785 1.9846402406692505
      vertex 1.9865115880966187 1.7714500427246094 1.9612103700637817
    endloop
  endfacet
  facet normal 0.3613452352822663 0.08588030724121977 -0.9284687360202052
    outer loop
      vertex 2.054762363433838 1.7689121961593628 1.9875377416610718
      vertex 1.9865115880966187 1.7714500427246094 1.9612103700637817
      vertex 2.040688991546631 1.7968010902404785 1.9846402406692505
    endloop
  endfacet
  facet normal 0.36134415044543405 0.08588165233197644 -0.9284690338032804
    outer loop
      vertex 1.9127284288406372 1.7577013969421387 1.9312235116958618
      vertex 1.9440568685531616 1.778794765472412 1.9453670978546143
      vertex 1.9865115880966187 1.7714500427246094 1.9612103700637817
    endloop
  endfacet
  facet normal 0.361343958506612 0.08588246228731608 -0.9284690335828331
    outer loop
      vertex 1.9922057390213013 1.7419997453689575 1.9607024192810059
      vertex 1.98935866355896 1.7567249536514282 1.9609564542770386
      vertex 2.054762363433838 1.7689121961593628 1.9875377416610718
    endloop
  endfacet
  facet normal 0.36134579010552814 0.0858752990476428 -0.9284689833195774
    outer loop
      vertex 1.7507926225662231 1.7427821159362793 1.8668206930160522
      vertex 1.9127284288406372 1.7577013969421387 1.9312235116958618
      vertex 1.9155755043029785 1.742976188659668 1.9309695959091187
    endloop
  endfacet
  facet normal 0.36134522950053544 0.08587588869431484 -0.9284691469608277
    outer loop
      vertex 2.054762363433838 1.7689121961593628 1.9875377416610718
      vertex 1.98935866355896 1.7567249536514282 1.9609564542770386
      vertex 1.9865115880966187 1.7714500427246094 1.9612103700637817
    endloop
  endfacet
  facet normal 0.36134456506694784 0.08588097060866091 -0.9284689354975172
    outer loop
      vertex 1.8474247455596924 1.7607884407043457 1.906093955039978
      vertex 1.9440568685531616 1.778794765472412 1.9453670978546143
      vertex 1.9127284288406372 1.7577013969421387 1.9312235116958618
    endloop
  endfacet
  facet normal 0.36134461442210486 0.0858858302582275 -0.9284684667714868
    outer loop
      vertex 1.7507926225662231 1.7427821159362793 1.8668206930160522
      vertex 1.8474247455596924 1.7607884407043457 1.906093955039978
      vertex 1.9127284288406372 1.7577013969421387 1.9312235116958618
    endloop
  endfacet
  facet normal 0.36134533441006184 0.08587757740084571 -0.9284689499384685
    outer loop
      vertex 1.6204432249069214 1.6879816055297852 1.811022162437439
      vertex 1.4700299501419067 1.675209403038025 1.7513023614883423
      vertex 1.5575282573699951 1.706769347190857 1.7882744073867798
    endloop
  endfacet
  facet normal 0.36134467520372726 0.08587793722213304 -0.9284691732095278
    outer loop
      vertex 1.6541603803634644 1.7247756719589233 1.827547550201416
      vertex 1.7507926225662231 1.7427821159362793 1.8668206930160522
      vertex 1.6204432249069214 1.6879816055297852 1.811022162437439
    endloop
  endfacet
  facet normal 0.3613444098664861 0.08588291771540855 -0.9284688157945474
    outer loop
      vertex 1.4700299501419067 1.675209403038025 1.7513023614883423
      vertex 1.3962469100952148 1.6614607572555542 1.7213155031204224
      vertex 1.364263892173767 1.6707566976547241 1.7097281217575073
    endloop
  endfacet
  facet normal 0.36134473905929326 0.08587808006439299 -0.9284691351459268
    outer loop
      vertex 1.4700299501419067 1.675209403038025 1.7513023614883423
      vertex 1.364263892173767 1.6707566976547241 1.7097281217575073
      vertex 1.4608961343765259 1.6887630224227905 1.7490012645721436
    endloop
  endfacet
  facet normal 0.3613450751039308 0.08587833269685506 -0.9284689809957803
    outer loop
      vertex 1.5575282573699951 1.706769347190857 1.7882744073867798
      vertex 1.4700299501419067 1.675209403038025 1.7513023614883423
      vertex 1.4608961343765259 1.6887630224227905 1.7490012645721436
    endloop
  endfacet
  facet normal 0.3613435884105887 0.08587927270266467 -0.9284694726455041
    outer loop
      vertex 1.3476345539093018 1.6371467113494873 1.7001475095748901
      vertex 1.364263892173767 1.6707566976547241 1.7097281217575073
      vertex 1.3962469100952148 1.6614607572555542 1.7213155031204224
    endloop
  endfacet
  facet normal 0.36134527257144483 0.08587731139087745 -0.9284689986092926
    outer loop
      vertex 1.5575282573699951 1.706769347190857 1.7882744073867798
      vertex 1.6541603803634644 1.7247756719589233 1.827547550201416
      vertex 1.6204432249069214 1.6879816055297852 1.811022162437439
    endloop
  endfacet
  facet normal 0.3613457967626075 0.08587509289227739 -0.9284689997962986
    outer loop
      vertex 1.7507926225662231 1.7427821159362793 1.8668206930160522
      vertex 1.9155755043029785 1.742976188659668 1.9309695959091187
      vertex 1.6204432249069214 1.6879816055297852 1.811022162437439
    endloop
  endfacet
  facet normal 0.36134558589035315 0.08587422817159193 -0.9284691618430257
    outer loop
      vertex 1.963431477546692 1.7213823795318604 1.9475970268249512
      vertex 1.9184225797653198 1.7282510995864868 1.930715560913086
      vertex 1.9922057390213013 1.7419997453689575 1.9607024192810059
    endloop
  endfacet
  facet normal 0.3613462213046773 0.08587684270660689 -0.9284686727270748
    outer loop
      vertex 2.054762363433838 1.7689121961593628 1.9875377416610718
      vertex 2.068835735321045 1.741023302078247 1.9904353618621826
      vertex 1.9922057390213013 1.7419997453689575 1.9607024192810059
    endloop
  endfacet
  facet normal 0.3613449708514744 0.08587936452953386 -0.9284689261296528
    outer loop
      vertex 1.7526226043701172 1.6821004152297974 1.8619202375411987
      vertex 1.6204432249069214 1.6879816055297852 1.811022162437439
      vertex 1.9155755043029785 1.742976188659668 1.9309695959091187
    endloop
  endfacet
  facet normal 0.36134364774280736 0.0858830985478051 -0.9284690956729523
    outer loop
      vertex 1.7526226043701172 1.6821004152297974 1.8619202375411987
      vertex 1.9155755043029785 1.742976188659668 1.9309695959091187
      vertex 1.9184225797653198 1.7282510995864868 1.930715560913086
    endloop
  endfacet
  facet normal 0.36134629603785723 0.08587312617457828 -0.9284689873876921
    outer loop
      vertex 2.068835735321045 1.741023302078247 1.9904353618621826
      vertex 1.963431477546692 1.7213823795318604 1.9475970268249512
      vertex 1.9922057390213013 1.7419997453689575 1.9607024192810059
    endloop
  endfacet
  facet normal 0.36134563598409236 0.08587471500240987 -0.9284690973201567
    outer loop
      vertex 1.9184225797653198 1.7282510995864868 1.930715560913086
      vertex 1.963431477546692 1.7213823795318604 1.9475970268249512
      vertex 1.8580271005630493 1.7017414569854736 1.9047586917877197
    endloop
  endfacet
  facet normal 0.36134496187295045 0.08587820153053456 -0.9284690371955958
    outer loop
      vertex 1.6204432249069214 1.6879816055297852 1.811022162437439
      vertex 1.7526226043701172 1.6821004152297974 1.8619202375411987
      vertex 1.6472182273864746 1.6624594926834106 1.8190819025039673
    endloop
  endfacet
  facet normal 0.36134652514593946 0.08587254679548244 -0.9284689518081972
    outer loop
      vertex 1.9184225797653198 1.7282510995864868 1.930715560913086
      vertex 1.8580271005630493 1.7017414569854736 1.9047586917877197
      vertex 1.7526226043701172 1.6821004152297974 1.8619202375411987
    endloop
  endfacet
  facet normal 0.36134496187295045 0.08587820153053456 -0.9284690371955958
    outer loop
      vertex 1.541813850402832 1.642818570137024 1.7762435674667358
      vertex 1.6204432249069214 1.6879816055297852 1.811022162437439
      vertex 1.6472182273864746 1.6624594926834106 1.8190819025039673
    endloop
  endfacet
  facet normal 0.36134544906578697 0.08587592960819569 -0.9284690577253357
    outer loop
      vertex 1.4757241010665894 1.645759105682373 1.750794529914856
      vertex 1.472877025604248 1.6604841947555542 1.7510484457015991
      vertex 1.6204432249069214 1.6879816055297852 1.811022162437439
    endloop
  endfacet
  facet normal 0.3613454536956003 0.08587523636138389 -0.9284691200429862
    outer loop
      vertex 1.3962469100952148 1.6614607572555542 1.7213155031204224
      vertex 1.3990939855575562 1.6467355489730835 1.7210615873336792
      vertex 1.3476345539093018 1.6371467113494873 1.7001475095748901
    endloop
  endfacet
  facet normal 0.3613453241591163 0.08587590633303453 -0.9284691084897887
    outer loop
      vertex 1.3990939855575562 1.6467355489730835 1.7210615873336792
      vertex 1.4019410610198975 1.6320104598999023 1.720807671546936
      vertex 1.3476345539093018 1.6371467113494873 1.7001475095748901
    endloop
  endfacet
  facet normal 0.3613453238142667 0.0858781907832772 -0.9284688973279362
    outer loop
      vertex 1.4757241010665894 1.645759105682373 1.750794529914856
      vertex 1.4364094734191895 1.6231775283813477 1.7334052324295044
      vertex 1.4019410610198975 1.6320104598999023 1.720807671546936
    endloop
  endfacet
  facet normal 0.3613455252089643 0.08587979274415262 -0.9284686707744526
    outer loop
      vertex 1.3476345539093018 1.6371467113494873 1.7001475095748901
      vertex 1.4019410610198975 1.6320104598999023 1.720807671546936
      vertex 1.3310050964355469 1.603536605834961 1.6905667781829834
    endloop
  endfacet
  facet normal 0.36134559820454004 0.08587959968624204 -0.9284686602228068
    outer loop
      vertex 1.4364094734191895 1.6231775283813477 1.7334052324295044
      vertex 1.3310050964355469 1.603536605834961 1.6905667781829834
      vertex 1.4019410610198975 1.6320104598999023 1.720807671546936
    endloop
  endfacet
  facet normal 0.36134462134834133 0.08587952898967519 -0.928469046938634
    outer loop
      vertex 1.541813850402832 1.642818570137024 1.7762435674667358
      vertex 1.4364094734191895 1.6231775283813477 1.7334052324295044
      vertex 1.4757241010665894 1.645759105682373 1.750794529914856
    endloop
  endfacet
  facet normal 0.36134461618483343 0.0858788600733203 -0.9284691108199251
    outer loop
      vertex 1.4757241010665894 1.645759105682373 1.750794529914856
      vertex 1.6204432249069214 1.6879816055297852 1.811022162437439
      vertex 1.541813850402832 1.642818570137024 1.7762435674667358
    endloop
  endfacet
  facet normal 0.3613455786032508 0.08587525963653948 -0.9284690692781525
    outer loop
      vertex 1.4700299501419067 1.675209403038025 1.7513023614883423
      vertex 1.6204432249069214 1.6879816055297852 1.811022162437439
      vertex 1.472877025604248 1.6604841947555542 1.7510484457015991
    endloop
  endfacet
  facet normal -0.3613474791746613 -0.08587269312292918 0.9284685669800206
    outer loop
      vertex 2.1253652572631836 1.7805845737457275 2.1022582054138184
      vertex 2.19826340675354 1.7941683530807495 2.131885528564453
      vertex 2.1954164505004883 1.8088935613632202 2.1321394443511963
    endloop
  endfacet
  facet normal -0.3613454041278619 -0.08587814777205396 0.9284688700494559
    outer loop
      vertex 2.1253652572631836 1.7805845737457275 2.1022582054138184
      vertex 2.1954164505004883 1.8088935613632202 2.1321394443511963
      vertex 2.1225180625915527 1.7953097820281982 2.1025121212005615
    endloop
  endfacet
  facet normal -0.3613452745860559 -0.08587881776516178 0.9284688584942341
    outer loop
      vertex 2.1282122135162354 1.7658594846725464 2.102004289627075
      vertex 2.201110601425171 1.7794432640075684 2.13163161277771
      vertex 2.19826340675354 1.7941683530807495 2.131885528564453
    endloop
  endfacet
  facet normal -0.3613473496417558 -0.08587336307577358 0.9284685554292806
    outer loop
      vertex 2.1282122135162354 1.7658594846725464 2.102004289627075
      vertex 2.19826340675354 1.7941683530807495 2.131885528564453
      vertex 2.1253652572631836 1.7805845737457275 2.1022582054138184
    endloop
  endfacet
  facet normal -0.36134631211246937 -0.08587609042866524 0.9284687069661559
    outer loop
      vertex 2.1954164505004883 1.8088935613632202 2.1321394443511963
      vertex 2.2711617946624756 1.807752251625061 2.161512851715088
      vertex 2.265467643737793 1.8372024297714233 2.162020683288574
    endloop
  endfacet
  facet normal -0.3613461412026585 -0.08587433558744854 0.9284689357891102
    outer loop
      vertex 2.1225180625915527 1.7953097820281982 2.1025121212005615
      vertex 2.1954164505004883 1.8088935613632202 2.1321394443511963
      vertex 2.157609701156616 1.8171043395996094 2.118185043334961
    endloop
  endfacet
  facet normal -0.36134638950299874 -0.08587588699251143 0.9284686956631314
    outer loop
      vertex 2.265467643737793 1.8372024297714233 2.162020683288574
      vertex 2.157609701156616 1.8171043395996094 2.118185043334961
      vertex 2.1954164505004883 1.8088935613632202 2.1321394443511963
    endloop
  endfacet
  facet normal -0.36134580143050476 -0.08587493770255544 0.9284690123332757
    outer loop
      vertex 2.0497515201568604 1.7970061302185059 2.0743494033813477
      vertex 2.1225180625915527 1.7953097820281982 2.1025121212005615
      vertex 2.157609701156616 1.8171043395996094 2.118185043334961
    endloop
  endfacet
  facet normal -0.3613463772184347 -0.08587248779453367 0.9284690148363005
    outer loop
      vertex 2.19826340675354 1.7941683530807495 2.131885528564453
      vertex 2.2711617946624756 1.807752251625061 2.161512851715088
      vertex 2.1954164505004883 1.8088935613632202 2.1321394443511963
    endloop
  endfacet
  facet normal -0.3613436524563015 -0.08588275234126933 0.9284691258624747
    outer loop
      vertex 2.276855945587158 1.7783019542694092 2.1610047817230225
      vertex 2.2711617946624756 1.807752251625061 2.161512851715088
      vertex 2.201110601425171 1.7794432640075684 2.13163161277771
    endloop
  endfacet
  facet normal -0.36134515754649105 -0.08587879595501538 0.9284689060614891
    outer loop
      vertex 2.19826340675354 1.7941683530807495 2.131885528564453
      vertex 2.201110601425171 1.7794432640075684 2.13163161277771
      vertex 2.2711617946624756 1.807752251625061 2.161512851715088
    endloop
  endfacet
  facet normal -0.3613437400995977 -0.08587790313151779 0.9284695402890544
    outer loop
      vertex 2.1796581745147705 1.7601902484893799 2.121501922607422
      vertex 2.276855945587158 1.7783019542694092 2.1610047817230225
      vertex 2.201110601425171 1.7794432640075684 2.13163161277771
    endloop
  endfacet
  facet normal -0.36134600134095407 -0.08587505896085543 0.9284689233158925
    outer loop
      vertex 2.1796581745147705 1.7601902484893799 2.121501922607422
      vertex 2.201110601425171 1.7794432640075684 2.13163161277771
      vertex 2.1282122135162354 1.7658594846725464 2.102004289627075
    endloop
  endfacet
  facet normal -0.3613467986627623 -0.08587326041058538 0.9284687793580508
    outer loop
      vertex 1.9852626323699951 1.7239667177200317 2.0424957275390625
      vertex 2.1282122135162354 1.7658594846725464 2.102004289627075
      vertex 2.1253652572631836 1.7805845737457275 2.1022582054138184
    endloop
  endfacet
  facet normal -0.36134604287448213 -0.0858756932021402 0.9284688484898159
    outer loop
      vertex 2.082460403442383 1.742078423500061 2.081998825073242
      vertex 2.1796581745147705 1.7601902484893799 2.121501922607422
      vertex 2.1282122135162354 1.7658594846725464 2.102004289627075
    endloop
  endfacet
  facet normal -0.3613457658675615 -0.08587821518115465 0.928468723031037
    outer loop
      vertex 2.1253652572631836 1.7805845737457275 2.1022582054138184
      vertex 2.1225180625915527 1.7953097820281982 2.1025121212005615
      vertex 2.0497515201568604 1.7970061302185059 2.0743494033813477
    endloop
  endfacet
  facet normal -0.3613454917478 -0.08587650244111547 0.9284689881315487
    outer loop
      vertex 1.833771824836731 1.72624933719635 1.9837490320205688
      vertex 2.1253652572631836 1.7805845737457275 2.1022582054138184
      vertex 2.0497515201568604 1.7970061302185059 2.0743494033813477
    endloop
  endfacet
  facet normal -0.3613418142955867 -0.08588817737876178 0.9284693394119852
    outer loop
      vertex 1.833771824836731 1.72624933719635 1.9837490320205688
      vertex 2.0497515201568604 1.7970061302185059 2.0743494033813477
      vertex 1.941893458366394 1.7769079208374023 2.0305140018463135
    endloop
  endfacet
  facet normal -0.36134479490740745 -0.08588192691349361 0.9284687575912014
    outer loop
      vertex 1.833771824836731 1.72624933719635 1.9837490320205688
      vertex 1.8340352773666382 1.7568098306655884 1.9866783618927002
      vertex 1.7261772155761719 1.7367116212844849 1.942842721939087
    endloop
  endfacet
  facet normal -0.3613445902761408 -0.08587814244208329 0.9284691872802593
    outer loop
      vertex 1.709923267364502 1.7031716108322144 1.9334146976470947
      vertex 1.833771824836731 1.72624933719635 1.9837490320205688
      vertex 1.7261772155761719 1.7367116212844849 1.942842721939087
    endloop
  endfacet
  facet normal -0.36134452969945396 -0.08588193898620214 0.9284688596890316
    outer loop
      vertex 1.941893458366394 1.7769079208374023 2.0305140018463135
      vertex 1.8340352773666382 1.7568098306655884 1.9866783618927002
      vertex 1.833771824836731 1.72624933719635 1.9837490320205688
    endloop
  endfacet
  facet normal -0.3613454156851833 -0.08587689583920972 0.9284689813474242
    outer loop
      vertex 1.9852626323699951 1.7239667177200317 2.0424957275390625
      vertex 2.1253652572631836 1.7805845737457275 2.1022582054138184
      vertex 1.833771824836731 1.72624933719635 1.9837490320205688
    endloop
  endfacet
  facet normal -0.3613461954195044 -0.08587537457340357 0.9284688185920554
    outer loop
      vertex 2.082460403442383 1.742078423500061 2.081998825073242
      vertex 2.1282122135162354 1.7658594846725464 2.102004289627075
      vertex 1.9852626323699951 1.7239667177200317 2.0424957275390625
    endloop
  endfacet
  facet normal -0.36134536561321867 -0.08587966635575477 0.9284687445770449
    outer loop
      vertex 1.8880648612976074 1.7058550119400024 2.002992630004883
      vertex 1.9852626323699951 1.7239667177200317 2.0424957275390625
      vertex 1.833771824836731 1.72624933719635 1.9837490320205688
    endloop
  endfacet
  facet normal -0.36134475275278616 -0.08587775087930896 0.928469160264324
    outer loop
      vertex 1.693669319152832 1.6696314811706543 1.9239866733551025
      vertex 1.7908670902252197 1.6877431869506836 1.9634896516799927
      vertex 1.709923267364502 1.7031716108322144 1.9334146976470947
    endloop
  endfacet
  facet normal -0.36134471133239293 -0.08587749475673281 0.9284692000741956
    outer loop
      vertex 1.833771824836731 1.72624933719635 1.9837490320205688
      vertex 1.7908670902252197 1.6877431869506836 1.9634896516799927
      vertex 1.8880648612976074 1.7058550119400024 2.002992630004883
    endloop
  endfacet
  facet normal -0.3613447168451354 -0.08587748782289195 0.9284691985700646
    outer loop
      vertex 1.709923267364502 1.7031716108322144 1.9334146976470947
      vertex 1.7908670902252197 1.6877431869506836 1.9634896516799927
      vertex 1.833771824836731 1.72624933719635 1.9837490320205688
    endloop
  endfacet
  facet normal -0.7916042990534453 0.4941266645229721 -0.3594460642815633
    outer loop
      vertex 1.3102004528045654 1.6286876201629639 1.7709596157073975
      vertex 1.345546841621399 1.6665271520614624 1.7451342344284058
      vertex 1.3476345539093018 1.6371467113494873 1.7001475095748901
    endloop
  endfacet
  facet normal -0.791604750984535 0.4941261633559656 -0.35944575794662825
    outer loop
      vertex 1.3476345539093018 1.6371467113494873 1.7001475095748901
      vertex 1.345546841621399 1.6665271520614624 1.7451342344284058
      vertex 1.364263892173767 1.6707566976547241 1.7097281217575073
    endloop
  endfacet
  facet normal -0.7916039462011377 0.4941279142708457 -0.359445123345873
    outer loop
      vertex 1.3122880458831787 1.5993070602416992 1.7259728908538818
      vertex 1.3476345539093018 1.6371467113494873 1.7001475095748901
      vertex 1.3310050964355469 1.603536605834961 1.6905667781829834
    endloop
  endfacet
  facet normal -0.7916043865501887 0.4941269562331939 -0.35944547057685794
    outer loop
      vertex 1.3102004528045654 1.6286876201629639 1.7709596157073975
      vertex 1.3122880458831787 1.5993070602416992 1.7259728908538818
      vertex 1.2935709953308105 1.5950775146484375 1.7613790035247803
    endloop
  endfacet
  facet normal -0.7916043106342263 0.49412712139861453 -0.3594454107143815
    outer loop
      vertex 1.3102004528045654 1.6286876201629639 1.7709596157073975
      vertex 1.3268297910690308 1.6622976064682007 1.7805403470993042
      vertex 1.345546841621399 1.6665271520614624 1.7451342344284058
    endloop
  endfacet
  facet normal -0.7916039346202528 0.4941274573970252 -0.3594457769122983
    outer loop
      vertex 1.3122880458831787 1.5993070602416992 1.7259728908538818
      vertex 1.3102004528045654 1.6286876201629639 1.7709596157073975
      vertex 1.3476345539093018 1.6371467113494873 1.7001475095748901
    endloop
  endfacet
  facet normal -0.22834866010074986 -0.060909552349801666 0.9716722265572578
    outer loop
      vertex 1.7019151449203491 1.7330820560455322 1.8812932968139648
      vertex 1.667851448059082 1.6655869483947754 1.8690571784973145
      vertex 1.7214864492416382 1.7062559127807617 1.8842110633850098
    endloop
  endfacet
  facet normal -0.2283481814640937 -0.060910210133274245 0.9716722978059844
    outer loop
      vertex 1.667851448059082 1.6655869483947754 1.8690571784973145
      vertex 1.7044546604156494 1.6725083589553833 1.8780930042266846
      vertex 1.7214864492416382 1.7062559127807617 1.8842110633850098
    endloop
  endfacet
  facet normal -0.22835173139810974 -0.06090828913311279 0.971671583963616
    outer loop
      vertex 1.6482800245285034 1.6924132108688354 1.86613929271698
      vertex 1.6312482357025146 1.658665657043457 1.8600212335586548
      vertex 1.667851448059082 1.6655869483947754 1.8690571784973145
    endloop
  endfacet
  facet normal -0.2283519036239874 -0.06090739837222394 0.9716715993250129
    outer loop
      vertex 1.7019151449203491 1.7330820560455322 1.8812932968139648
      vertex 1.6653119325637817 1.7261607646942139 1.8722573518753052
      vertex 1.6482800245285034 1.6924132108688354 1.86613929271698
    endloop
  endfacet
  facet normal -0.2283509613669936 -0.06091130201506847 0.9716715760634346
    outer loop
      vertex 1.7019151449203491 1.7330820560455322 1.8812932968139648
      vertex 1.7214864492416382 1.7062559127807617 1.8842110633850098
      vertex 1.7385183572769165 1.7400034666061401 1.8903292417526245
    endloop
  endfacet
  facet normal -0.2283514249843695 -0.060908056164355455 0.9716716705769948
    outer loop
      vertex 1.6482800245285034 1.6924132108688354 1.86613929271698
      vertex 1.667851448059082 1.6655869483947754 1.8690571784973145
      vertex 1.7019151449203491 1.7330820560455322 1.8812932968139648
    endloop
  endfacet
  facet normal -0.8660478301673021 0.4686501399695345 -0.1741499416280227
    outer loop
      vertex 1.7214864492416382 1.7062559127807617 1.8842110633850098
      vertex 1.693669319152832 1.6696314811706543 1.9239866733551025
      vertex 1.709923267364502 1.7031716108322144 1.9334146976470947
    endloop
  endfacet
  facet normal -0.8660477787887993 0.46865030459550877 -0.17414975411272787
    outer loop
      vertex 1.7044546604156494 1.6725083589553833 1.8780930042266846
      vertex 1.693669319152832 1.6696314811706543 1.9239866733551025
      vertex 1.7214864492416382 1.7062559127807617 1.8842110633850098
    endloop
  endfacet
  facet normal -0.8660468059605917 0.4686516208422563 -0.17415104986012325
    outer loop
      vertex 1.709923267364502 1.7031716108322144 1.9334146976470947
      vertex 1.7261772155761719 1.7367116212844849 1.942842721939087
      vertex 1.7385183572769165 1.7400034666061401 1.8903292417526245
    endloop
  endfacet
  facet normal -0.8660463019223948 0.4686531680904543 -0.17414939266424243
    outer loop
      vertex 1.7214864492416382 1.7062559127807617 1.8842110633850098
      vertex 1.709923267364502 1.7031716108322144 1.9334146976470947
      vertex 1.7385183572769165 1.7400034666061401 1.8903292417526245
    endloop
  endfacet
  facet normal 0.8660470507879218 -0.4686514935427548 0.17415017491144907
    outer loop
      vertex 1.6653119325637817 1.7261607646942139 1.8722573518753052
      vertex 1.6554765701293945 1.7235373258590698 1.9141086339950562
      vertex 1.6392226219177246 1.6899973154067993 1.904680609703064
    endloop
  endfacet
  facet normal 0.8660467386185602 -0.46865263815535496 0.17414864707536826
    outer loop
      vertex 1.6482800245285034 1.6924132108688354 1.86613929271698
      vertex 1.6653119325637817 1.7261607646942139 1.8722573518753052
      vertex 1.6392226219177246 1.6899973154067993 1.904680609703064
    endloop
  endfacet
  facet normal 0.8660466194007781 -0.4686528743769256 0.17414860425145354
    outer loop
      vertex 1.6392226219177246 1.6899973154067993 1.904680609703064
      vertex 1.6229685544967651 1.6564571857452393 1.8952524662017822
      vertex 1.6482800245285034 1.6924132108688354 1.86613929271698
    endloop
  endfacet
  facet normal 0.8660472228829716 -0.46865045287445434 0.17415211958876992
    outer loop
      vertex 1.6312482357025146 1.658665657043457 1.8600212335586548
      vertex 1.6482800245285034 1.6924132108688354 1.86613929271698
      vertex 1.6229685544967651 1.6564571857452393 1.8952524662017822
    endloop
  endfacet
  facet normal -0.3613451606131263 -0.08587781224010031 0.928468995856258
    outer loop
      vertex 1.573314905166626 1.7082273960113525 1.8807165622711182
      vertex 1.6392226219177246 1.6899973154067993 1.904680609703064
      vertex 1.6554765701293945 1.7235373258590698 1.9141086339950562
    endloop
  endfacet
  facet normal -0.3613450609953283 -0.08587832746469926 0.9284689869705656
    outer loop
      vertex 1.4911532402038574 1.6929174661636353 1.8473244905471802
      vertex 1.536739468574524 1.6709007024765015 1.8630294799804688
      vertex 1.573314905166626 1.7082273960113525 1.8807165622711182
    endloop
  endfacet
  facet normal -0.36134523012493514 -0.08587813881743488 0.9284689385968768
    outer loop
      vertex 1.536739468574524 1.6709007024765015 1.8630294799804688
      vertex 1.6392226219177246 1.6899973154067993 1.904680609703064
      vertex 1.573314905166626 1.7082273960113525 1.8807165622711182
    endloop
  endfacet
  facet normal -0.361344947024943 -0.08587960301238863 0.9284689133438855
    outer loop
      vertex 1.6392226219177246 1.6899973154067993 1.904680609703064
      vertex 1.536739468574524 1.6709007024765015 1.8630294799804688
      vertex 1.6229685544967651 1.6564571857452393 1.8952524662017822
    endloop
  endfacet
  facet normal -0.3613448688222799 -0.08587892918924969 0.9284690061047365
    outer loop
      vertex 1.540619134902954 1.6411123275756836 1.8617841005325317
      vertex 1.6229685544967651 1.6564571857452393 1.8952524662017822
      vertex 1.536739468574524 1.6709007024765015 1.8630294799804688
    endloop
  endfacet
  facet normal -0.36134520573307144 -0.08587896743910314 0.9284688714465972
    outer loop
      vertex 1.540619134902954 1.6411123275756836 1.8617841005325317
      vertex 1.536739468574524 1.6709007024765015 1.8630294799804688
      vertex 1.4582698345184326 1.6257673501968384 1.8283157348632812
    endloop
  endfacet
  facet normal -0.36134524112850813 -0.0858787803206087 0.9284688749788143
    outer loop
      vertex 1.3102004528045654 1.6286876201629639 1.7709596157073975
      vertex 1.536739468574524 1.6709007024765015 1.8630294799804688
      vertex 1.4911532402038574 1.6929174661636353 1.8473244905471802
    endloop
  endfacet
  facet normal -0.3613446166293804 -0.08588062572483592 0.9284689473310762
    outer loop
      vertex 1.3102004528045654 1.6286876201629639 1.7709596157073975
      vertex 1.4911532402038574 1.6929174661636353 1.8473244905471802
      vertex 1.4089915752410889 1.677607536315918 1.8139324188232422
    endloop
  endfacet
  facet normal -0.36134383311109575 -0.08588233682701295 0.9284690939895157
    outer loop
      vertex 1.3102004528045654 1.6286876201629639 1.7709596157073975
      vertex 1.4089915752410889 1.677607536315918 1.8139324188232422
      vertex 1.3268297910690308 1.6622976064682007 1.7805403470993042
    endloop
  endfacet
  facet normal -0.36134523130119867 -0.08587705443724335 0.9284690384375055
    outer loop
      vertex 1.3102004528045654 1.6286876201629639 1.7709596157073975
      vertex 1.3759204149246216 1.6104224920272827 1.7948473691940308
      vertex 1.4582698345184326 1.6257673501968384 1.8283157348632812
    endloop
  endfacet
  facet normal -0.36134517490777907 -0.08587679095114698 0.928469084755545
    outer loop
      vertex 1.3759204149246216 1.6104224920272827 1.7948473691940308
      vertex 1.3102004528045654 1.6286876201629639 1.7709596157073975
      vertex 1.2935709953308105 1.5950775146484375 1.7613790035247803
    endloop
  endfacet
  facet normal -0.36134520449335567 -0.08587896979778577 0.9284688717109078
    outer loop
      vertex 1.4582698345184326 1.6257673501968384 1.8283157348632812
      vertex 1.536739468574524 1.6709007024765015 1.8630294799804688
      vertex 1.3102004528045654 1.6286876201629639 1.7709596157073975
    endloop
  endfacet
  facet normal 0.21745739882015055 0.058850082920330615 -0.9742940764669794
    outer loop
      vertex 2.063732862472534 1.800594687461853 2.023021936416626
      vertex 2.0924904346466064 1.744982123374939 2.0260813236236572
      vertex 2.048074245452881 1.7671022415161133 2.0175039768218994
    endloop
  endfacet
  facet normal 0.21745739882015055 0.058850082920330615 -0.9742940764669794
    outer loop
      vertex 2.0924904346466064 1.744982123374939 2.0260813236236572
      vertex 2.062453031539917 1.7392959594726562 2.019033670425415
      vertex 2.048074245452881 1.7671022415161133 2.0175039768218994
    endloop
  endfacet
  facet normal 0.21745275130813474 0.05884574368462505 -0.9742953758479643
    outer loop
      vertex 2.1081490516662598 1.7784744501113892 2.0315990447998047
      vertex 2.122527599334717 1.7506681680679321 2.0331287384033203
      vertex 2.0924904346466064 1.744982123374939 2.0260813236236572
    endloop
  endfacet
  facet normal 0.21745093592307335 0.058846650159703154 -0.974295726271629
    outer loop
      vertex 2.063732862472534 1.800594687461853 2.023021936416626
      vertex 2.0937702655792236 1.8062807321548462 2.030069351196289
      vertex 2.1081490516662598 1.7784744501113892 2.0315990447998047
    endloop
  endfacet
  facet normal 0.21745921425787004 0.05884917641814316 -0.9742937260237572
    outer loop
      vertex 2.063732862472534 1.800594687461853 2.023021936416626
      vertex 2.048074245452881 1.7671022415161133 2.0175039768218994
      vertex 2.033695697784424 1.7949085235595703 2.015974283218384
    endloop
  endfacet
  facet normal 0.21745093592307335 0.058846650159703154 -0.974295726271629
    outer loop
      vertex 2.1081490516662598 1.7784744501113892 2.0315990447998047
      vertex 2.0924904346466064 1.744982123374939 2.0260813236236572
      vertex 2.063732862472534 1.800594687461853 2.023021936416626
    endloop
  endfacet
  facet normal 0.8615314694102949 0.45760114884078795 0.21991979400528983
    outer loop
      vertex 2.048074245452881 1.7671022415161133 2.0175039768218994
      vertex 2.062453031539917 1.7392959594726562 2.019033670425415
      vertex 2.068835735321045 1.741023302078247 1.9904353618621826
    endloop
  endfacet
  facet normal 0.8615321122950446 0.45759845346084965 0.21992288392679168
    outer loop
      vertex 2.054762363433838 1.7689121961593628 1.9875377416610718
      vertex 2.048074245452881 1.7671022415161133 2.0175039768218994
      vertex 2.068835735321045 1.741023302078247 1.9904353618621826
    endloop
  endfacet
  facet normal 0.861533164088568 0.4575977649349879 0.21992019621227252
    outer loop
      vertex 2.040688991546631 1.7968010902404785 1.9846402406692505
      vertex 2.033695697784424 1.7949085235595703 2.015974283218384
      vertex 2.054762363433838 1.7689121961593628 1.9875377416610718
    endloop
  endfacet
  facet normal 0.861533817434093 0.4575951559569243 0.21992306532557468
    outer loop
      vertex 2.048074245452881 1.7671022415161133 2.0175039768218994
      vertex 2.054762363433838 1.7689121961593628 1.9875377416610718
      vertex 2.033695697784424 1.7949085235595703 2.015974283218384
    endloop
  endfacet
  facet normal -0.8615313809557562 -0.4575991677173494 -0.21992426271982105
    outer loop
      vertex 2.098651885986328 1.807601809501648 2.00819730758667
      vertex 2.112725257873535 1.7797129154205322 2.0110950469970703
      vertex 2.0937702655792236 1.8062807321548462 2.030069351196289
    endloop
  endfacet
  facet normal -0.8615311198232469 -0.45760105423592096 -0.2199213603501848
    outer loop
      vertex 2.1081490516662598 1.7784744501113892 2.0315990447998047
      vertex 2.0937702655792236 1.8062807321548462 2.030069351196289
      vertex 2.112725257873535 1.7797129154205322 2.0110950469970703
    endloop
  endfacet
  facet normal -0.8615331492680044 -0.4575949751410897 -0.2199260590243454
    outer loop
      vertex 2.126798629760742 1.7518240213394165 2.0139925479888916
      vertex 2.122527599334717 1.7506681680679321 2.0331287384033203
      vertex 2.1081490516662598 1.7784744501113892 2.0315990447998047
    endloop
  endfacet
  facet normal -0.8615328344176683 -0.4575977384730876 -0.2199215427478044
    outer loop
      vertex 2.112725257873535 1.7797129154205322 2.0110950469970703
      vertex 2.126798629760742 1.7518240213394165 2.0139925479888916
      vertex 2.1081490516662598 1.7784744501113892 2.0315990447998047
    endloop
  endfacet
  facet normal 0.3613454975353917 0.08587482205635884 -0.928469141300716
    outer loop
      vertex 2.3000693321228027 1.8146225214004517 2.08723521232605
      vertex 2.112725257873535 1.7797129154205322 2.0110950469970703
      vertex 2.2291340827941895 1.8319157361984253 2.061227798461914
    endloop
  endfacet
  facet normal 0.361346308262892 0.08587288337479397 -0.928469005086157
    outer loop
      vertex 2.098651885986328 1.807601809501648 2.00819730758667
      vertex 2.163892984390259 1.8197587728500366 2.034712553024292
      vertex 2.112725257873535 1.7797129154205322 2.0110950469970703
    endloop
  endfacet
  facet normal 0.361346308262892 0.08587288337479397 -0.928469005086157
    outer loop
      vertex 2.2291340827941895 1.8319157361984253 2.061227798461914
      vertex 2.112725257873535 1.7797129154205322 2.0110950469970703
      vertex 2.163892984390259 1.8197587728500366 2.034712553024292
    endloop
  endfacet
  facet normal 0.36134570988644577 0.085875978209625 -0.9284689517227814
    outer loop
      vertex 2.3000693321228027 1.8146225214004517 2.08723521232605
      vertex 2.2291340827941895 1.8319157361984253 2.061227798461914
      vertex 2.29437518119812 1.844072699546814 2.087743043899536
    endloop
  endfacet
  facet normal 0.36134705083528196 0.08587588102519275 -0.9284684388339708
    outer loop
      vertex 2.2461085319519043 1.7740561962127686 2.0624823570251465
      vertex 2.3000693321228027 1.8146225214004517 2.08723521232605
      vertex 2.3057634830474854 1.7851722240447998 2.0867273807525635
    endloop
  endfacet
  facet normal 0.36134234994472997 0.08588285671980436 -0.9284696231207922
    outer loop
      vertex 2.3000693321228027 1.8146225214004517 2.08723521232605
      vertex 2.2461085319519043 1.7740561962127686 2.0624823570251465
      vertex 2.1864535808563232 1.7629400491714478 2.0382375717163086
    endloop
  endfacet
  facet normal 0.3613461027314778 0.08588078463816219 -0.9284683542645413
    outer loop
      vertex 2.1864535808563232 1.7629400491714478 2.0382375717163086
      vertex 2.126798629760742 1.7518240213394165 2.0139925479888916
      vertex 2.112725257873535 1.7797129154205322 2.0110950469970703
    endloop
  endfacet
  facet normal 0.36134528225069423 0.08587593551555917 -0.9284691221007263
    outer loop
      vertex 2.3000693321228027 1.8146225214004517 2.08723521232605
      vertex 2.1864535808563232 1.7629400491714478 2.0382375717163086
      vertex 2.112725257873535 1.7797129154205322 2.0110950469970703
    endloop
  endfacet
endsolid beam