solid beam
  facet normal -0.8327969966629832 0.4354619036073495 0.34179247044921657
    outer loop
      vertex 4.5369062423706055 -1.259009838104248 1.8020310401916504
      vertex 4.556770324707031 -1.178629994392395 1.7480227947235107
      vertex 4.546453952789307 -1.1863560676574707 1.7327297925949097
    endloop
  endfacet
  facet normal -0.8327969966629832 0.4354619036073495 0.34179247044921657
    outer loop
      vertex 4.5369062423706055 -1.259009838104248 1.8020310401916504
      vertex 4.546453952789307 -1.1863560676574707 1.7327297925949097
      vertex 4.526589870452881 -1.2667359113693237 1.7867380380630493
    endloop
  endfacet
  facet normal -0.8327969966629832 0.4354619036073495 0.34179247044921657
    outer loop
      vertex 4.526589870452881 -1.2667359113693237 1.7867380380630493
      vertex 4.546453952789307 -1.1863560676574707 1.7327297925949097
      vertex 4.536137580871582 -1.1940821409225464 1.7174367904663086
    endloop
  endfacet
  facet normal -0.8327969966629832 0.4354619036073495 0.34179247044921657
    outer loop
      vertex 4.526589870452881 -1.2667359113693237 1.7867380380630493
      vertex 4.536137580871582 -1.1940821409225464 1.7174367904663086
      vertex 4.516273498535156 -1.2744619846343994 1.7714450359344482
    endloop
  endfacet
  facet normal -0.8328097336239435 0.43545201643719933 0.34177403201822315
    outer loop
      vertex 4.477313995361328 -1.5001494884490967 1.9640558958053589
      vertex 4.487246036529541 -1.4599595069885254 1.937051773071289
      vertex 4.482088088989258 -1.463822603225708 1.9294052124023438
    endloop
  endfacet
  facet normal -0.832806845010639 0.43545487578039366 0.3417774276667602
    outer loop
      vertex 4.477313995361328 -1.5001494884490967 1.9640558958053589
      vertex 4.482088088989258 -1.463822603225708 1.9294052124023438
      vertex 4.472156047821045 -1.5040124654769897 1.9564093351364136
    endloop
  endfacet
  facet normal -0.832806845010639 0.43545487578039366 0.3417774276667602
    outer loop
      vertex 4.487246036529541 -1.4599595069885254 1.937051773071289
      vertex 4.497178077697754 -1.4197696447372437 1.9100476503372192
      vertex 4.492020130157471 -1.4236326217651367 1.902401089668274
    endloop
  endfacet
  facet normal -0.8328097336239435 0.43545201643719933 0.34177403201822315
    outer loop
      vertex 4.487246036529541 -1.4599595069885254 1.937051773071289
      vertex 4.492020130157471 -1.4236326217651367 1.902401089668274
      vertex 4.482088088989258 -1.463822603225708 1.9294052124023438
    endloop
  endfacet
  facet normal -0.8327960286181827 0.4354623554788268 0.34179425343123404
    outer loop
      vertex 4.447133541107178 -1.5882554054260254 2.0027711391448975
      vertex 4.457449913024902 -1.5805293321609497 2.018064022064209
      vertex 4.477313995361328 -1.5001494884490967 1.9640558958053589
    endloop
  endfacet
  facet normal -0.8327969138417549 0.43546223874158946 0.34179224526868907
    outer loop
      vertex 4.51704216003418 -1.339389681816101 1.8560394048690796
      vertex 4.5369062423706055 -1.259009838104248 1.8020310401916504
      vertex 4.526589870452881 -1.2667359113693237 1.7867380380630493
    endloop
  endfacet
  facet normal -0.8327980475156294 0.43546111660547426 0.34179091266279915
    outer loop
      vertex 4.51704216003418 -1.339389681816101 1.8560394048690796
      vertex 4.526589870452881 -1.2667359113693237 1.7867380380630493
      vertex 4.506725788116455 -1.3471157550811768 1.840746283531189
    endloop
  endfacet
  facet normal -0.8328070560513265 0.43545402183120163 0.3417780014309788
    outer loop
      vertex 4.492020130157471 -1.4236326217651367 1.902401089668274
      vertex 4.497178077697754 -1.4197696447372437 1.9100476503372192
      vertex 4.51704216003418 -1.339389681816101 1.8560394048690796
    endloop
  endfacet
  facet normal -0.8327842820319201 0.43547169859526214 0.34181097016207185
    outer loop
      vertex 4.506725788116455 -1.3471157550811768 1.840746283531189
      vertex 4.486861705780029 -1.4274955987930298 1.8947546482086182
      vertex 4.492020130157471 -1.4236326217651367 1.902401089668274
    endloop
  endfacet
  facet normal -0.832798503874323 0.43545926996125767 0.34179215343465363
    outer loop
      vertex 4.51704216003418 -1.339389681816101 1.8560394048690796
      vertex 4.506725788116455 -1.3471157550811768 1.840746283531189
      vertex 4.492020130157471 -1.4236326217651367 1.902401089668274
    endloop
  endfacet
  facet normal -0.8327890616892512 0.43546811922571627 0.34180388509897597
    outer loop
      vertex 4.481703281402588 -1.4313586950302124 1.8871080875396729
      vertex 4.486861705780029 -1.4274955987930298 1.8947546482086182
      vertex 4.506725788116455 -1.3471157550811768 1.840746283531189
    endloop
  endfacet
  facet normal -0.832806950531201 0.43545444880543904 0.3417777145491979
    outer loop
      vertex 4.4964094161987305 -1.3548418283462524 1.825453281402588
      vertex 4.476545333862305 -1.4352216720581055 1.8794615268707275
      vertex 4.481703281402588 -1.4313586950302124 1.8871080875396729
    endloop
  endfacet
  facet normal -0.8327966044133446 0.4354634908309805 0.3417914039745583
    outer loop
      vertex 4.506725788116455 -1.3471157550811768 1.840746283531189
      vertex 4.4964094161987305 -1.3548418283462524 1.825453281402588
      vertex 4.481703281402588 -1.4313586950302124 1.8871080875396729
    endloop
  endfacet
  facet normal -0.8327969966629832 0.4354619036073495 0.34179247044921657
    outer loop
      vertex 4.506725788116455 -1.3471157550811768 1.840746283531189
      vertex 4.526589870452881 -1.2667359113693237 1.7867380380630493
      vertex 4.516273498535156 -1.2744619846343994 1.7714450359344482
    endloop
  endfacet
  facet normal -0.8327969966629832 0.4354619036073495 0.34179247044921657
    outer loop
      vertex 4.506725788116455 -1.3471157550811768 1.840746283531189
      vertex 4.516273498535156 -1.2744619846343994 1.7714450359344482
      vertex 4.4964094161987305 -1.3548418283462524 1.825453281402588
    endloop
  endfacet
  facet normal -0.8327892500300794 0.43546735709767637 0.341804397187489
    outer loop
      vertex 4.447133541107178 -1.5882554054260254 2.0027711391448975
      vertex 4.457065582275391 -1.548065423965454 1.9757670164108276
      vertex 4.451907157897949 -1.5519285202026367 1.9681204557418823
    endloop
  endfacet
  facet normal -0.832786361214385 0.4354702163986208 0.34180779277986345
    outer loop
      vertex 4.447133541107178 -1.5882554054260254 2.0027711391448975
      vertex 4.451907157897949 -1.5519285202026367 1.9681204557418823
      vertex 4.441975116729736 -1.5921183824539185 1.9951245784759521
    endloop
  endfacet
  facet normal -0.832806845010639 0.43545487578039366 0.3417774276667602
    outer loop
      vertex 4.441975116729736 -1.5921183824539185 1.9951245784759521
      vertex 4.451907157897949 -1.5519285202026367 1.9681204557418823
      vertex 4.446749210357666 -1.5557914972305298 1.960473895072937
    endloop
  endfacet
  facet normal -0.8328074664318399 0.4354542606589923 0.341776697171282
    outer loop
      vertex 4.441975116729736 -1.5921183824539185 1.9951245784759521
      vertex 4.446749210357666 -1.5557914972305298 1.960473895072937
      vertex 4.436817169189453 -1.595981478691101 1.9874781370162964
    endloop
  endfacet
  facet normal -0.8327869825575622 0.43546960140662944 0.34180706243935577
    outer loop
      vertex 4.436817169189453 -1.595981478691101 1.9874781370162964
      vertex 4.446749210357666 -1.5557914972305298 1.960473895072937
      vertex 4.441590785980225 -1.5596545934677124 1.9528274536132812
    endloop
  endfacet
  facet normal -0.832786361214385 0.4354702163986208 0.34180779277986345
    outer loop
      vertex 4.436817169189453 -1.595981478691101 1.9874781370162964
      vertex 4.441590785980225 -1.5596545934677124 1.9528274536132812
      vertex 4.431658744812012 -1.5998444557189941 1.979831576347351
    endloop
  endfacet
  facet normal -0.8327981530347602 0.435460689626654 0.34179119955284265
    outer loop
      vertex 4.397857666015625 -1.8216689825057983 2.180088996887207
      vertex 4.417721748352051 -1.7412890195846558 2.1260807514190674
      vertex 4.407405376434326 -1.7490150928497314 2.1107876300811768
    endloop
  endfacet
  facet normal -0.8327981530347602 0.435460689626654 0.34179119955284265
    outer loop
      vertex 4.397857666015625 -1.8216689825057983 2.180088996887207
      vertex 4.407405376434326 -1.7490150928497314 2.1107876300811768
      vertex 4.3875412940979 -1.829395055770874 2.1647958755493164
    endloop
  endfacet
  facet normal -0.8327980475156294 0.43546111660547426 0.34179091266279915
    outer loop
      vertex 4.407405376434326 -1.7490150928497314 2.1107876300811768
      vertex 4.427269458770752 -1.6686352491378784 2.056779384613037
      vertex 4.416953086853027 -1.676361322402954 2.0414862632751465
    endloop
  endfacet
  facet normal -0.8327980475156294 0.43546111660547426 0.34179091266279915
    outer loop
      vertex 4.407405376434326 -1.7490150928497314 2.1107876300811768
      vertex 4.416953086853027 -1.676361322402954 2.0414862632751465
      vertex 4.397089004516602 -1.7567411661148071 2.095494508743286
    endloop
  endfacet
  facet normal -0.8328076093660499 0.43545368227420467 0.3417770857969283
    outer loop
      vertex 4.441975116729736 -1.5921183824539185 1.9951245784759521
      vertex 4.436817169189453 -1.595981478691101 1.9874781370162964
      vertex 4.416953086853027 -1.676361322402954 2.0414862632751465
    endloop
  endfacet
  facet normal -0.8327864667360692 0.4354697894105682 0.3418080796762553
    outer loop
      vertex 4.427269458770752 -1.6686352491378784 2.056779384613037
      vertex 4.447133541107178 -1.5882554054260254 2.0027711391448975
      vertex 4.441975116729736 -1.5921183824539185 1.9951245784759521
    endloop
  endfacet
  facet normal -0.832798503874323 0.43545926996125767 0.34179215343465363
    outer loop
      vertex 4.416953086853027 -1.676361322402954 2.0414862632751465
      vertex 4.427269458770752 -1.6686352491378784 2.056779384613037
      vertex 4.441975116729736 -1.5921183824539185 1.9951245784759521
    endloop
  endfacet
  facet normal -0.8327981530347602 0.435460689626654 0.34179119955284265
    outer loop
      vertex 4.3875412940979 -1.829395055770874 2.1647958755493164
      vertex 4.407405376434326 -1.7490150928497314 2.1107876300811768
      vertex 4.397089004516602 -1.7567411661148071 2.095494508743286
    endloop
  endfacet
  facet normal -0.8327981530347602 0.435460689626654 0.34179119955284265
    outer loop
      vertex 4.3875412940979 -1.829395055770874 2.1647958755493164
      vertex 4.397089004516602 -1.7567411661148071 2.095494508743286
      vertex 4.377224922180176 -1.8371211290359497 2.149502754211426
    endloop
  endfacet
  facet normal -0.8327942488404172 0.4354631610310872 0.3417975636003553
    outer loop
      vertex 4.542355537414551 -1.1349012851715088 1.6571881771087646
      vertex 4.599168300628662 -0.9503671526908875 1.5605096817016602
      vertex 4.585412979125977 -0.9606685638427734 1.5401190519332886
    endloop
  endfacet
  facet normal -0.8327889480280851 0.4354683587497741 0.34180385686831183
    outer loop
      vertex 4.542355537414551 -1.1349012851715088 1.6571881771087646
      vertex 4.499297618865967 -1.3091340065002441 1.7742573022842407
      vertex 4.516273498535156 -1.2744619846343994 1.7714450359344482
    endloop
  endfacet
  facet normal -0.8327920919999936 0.43546557673687053 0.34179974104656496
    outer loop
      vertex 4.542355537414551 -1.1349012851715088 1.6571881771087646
      vertex 4.516273498535156 -1.2744619846343994 1.7714450359344482
      vertex 4.536137580871582 -1.1940821409225464 1.7174367904663086
    endloop
  endfacet
  facet normal -0.83279373994283 0.43546387257044755 0.3417978970063787
    outer loop
      vertex 4.536137580871582 -1.1940821409225464 1.7174367904663086
      vertex 4.560570240020752 -1.1238347291946411 1.687469244003296
      vertex 4.542355537414551 -1.1349012851715088 1.6571881771087646
    endloop
  endfacet
  facet normal -0.8328186398553044 0.4354421611601716 0.3417648861333184
    outer loop
      vertex 4.580031394958496 -1.0566825866699219 1.649332880973816
      vertex 4.599168300628662 -0.9503671526908875 1.5605096817016602
      vertex 4.570301055908203 -1.0902587175369263 1.6684011220932007
    endloop
  endfacet
  facet normal -0.83279265505164 0.4354640868534557 0.3418002673388746
    outer loop
      vertex 4.570301055908203 -1.0902587175369263 1.6684011220932007
      vertex 4.599168300628662 -0.9503671526908875 1.5605096817016602
      vertex 4.542355537414551 -1.1349012851715088 1.6571881771087646
    endloop
  endfacet
  facet normal -0.8327961474918086 0.4354632475580285 0.34179282723459375
    outer loop
      vertex 4.582095146179199 -1.110172986984253 1.7225099802017212
      vertex 4.560570240020752 -1.1238347291946411 1.687469244003296
      vertex 4.556770324707031 -1.178629994392395 1.7480227947235107
    endloop
  endfacet
  facet normal -0.8327933159952392 0.43546529012825563 0.34179712393050915
    outer loop
      vertex 4.560570240020752 -1.1238347291946411 1.687469244003296
      vertex 4.570301055908203 -1.0902587175369263 1.6684011220932007
      vertex 4.542355537414551 -1.1349012851715088 1.6571881771087646
    endloop
  endfacet
  facet normal -0.832796855019597 0.435462476763737 0.3417920853388212
    outer loop
      vertex 4.560570240020752 -1.1238347291946411 1.687469244003296
      vertex 4.536137580871582 -1.1940821409225464 1.7174367904663086
      vertex 4.546453952789307 -1.1863560676574707 1.7327297925949097
    endloop
  endfacet
  facet normal -0.832796855019597 0.435462476763737 0.3417920853388212
    outer loop
      vertex 4.560570240020752 -1.1238347291946411 1.687469244003296
      vertex 4.546453952789307 -1.1863560676574707 1.7327297925949097
      vertex 4.556770324707031 -1.178629994392395 1.7480227947235107
    endloop
  endfacet
  facet normal -0.8327885262087018 0.43546824711778126 0.34180502683153346
    outer loop
      vertex 4.499297618865967 -1.3091340065002441 1.7742573022842407
      vertex 4.4964094161987305 -1.3548418283462524 1.825453281402588
      vertex 4.516273498535156 -1.2744619846343994 1.7714450359344482
    endloop
  endfacet
  facet normal -0.8327919740716218 0.43546515112961687 0.3418005706161876
    outer loop
      vertex 4.499297618865967 -1.3091340065002441 1.7742573022842407
      vertex 4.456240177154541 -1.48336660861969 1.8913265466690063
      vertex 4.476545333862305 -1.4352216720581055 1.8794615268707275
    endloop
  endfacet
  facet normal -0.8327885262087018 0.43546824711778126 0.34180502683153346
    outer loop
      vertex 4.499297618865967 -1.3091340065002441 1.7742573022842407
      vertex 4.476545333862305 -1.4352216720581055 1.8794615268707275
      vertex 4.4964094161987305 -1.3548418283462524 1.825453281402588
    endloop
  endfacet
  facet normal -0.8327896402164133 0.43546577818378807 0.3418054580883762
    outer loop
      vertex 4.481703281402588 -1.4313586950302124 1.8871080875396729
      vertex 4.477194309234619 -1.4696943759918213 1.9249625205993652
      vertex 4.486861705780029 -1.4274955987930298 1.8947546482086182
    endloop
  endfacet
  facet normal -0.8328089990639941 0.4354461594813502 0.34178328407189673
    outer loop
      vertex 4.481703281402588 -1.4313586950302124 1.8871080875396729
      vertex 4.476545333862305 -1.4352216720581055 1.8794615268707275
      vertex 4.477194309234619 -1.4696943759918213 1.9249625205993652
    endloop
  endfacet
  facet normal -0.8327934184953395 0.4354649546789671 0.34179730156525706
    outer loop
      vertex 4.456240177154541 -1.48336660861969 1.8913265466690063
      vertex 4.477194309234619 -1.4696943759918213 1.9249625205993652
      vertex 4.476545333862305 -1.4352216720581055 1.8794615268707275
    endloop
  endfacet
  facet normal -0.8327932401455205 0.4354664414160794 0.34179584194127033
    outer loop
      vertex 4.580031394958496 -1.0566825866699219 1.649332880973816
      vertex 4.612418174743652 -0.9874714016914368 1.6400651931762695
      vertex 4.612924098968506 -0.9400656819343567 1.5809004306793213
    endloop
  endfacet
  facet normal -0.8327872591032904 0.43547036929302824 0.34180541034779216
    outer loop
      vertex 4.599168300628662 -0.9503671526908875 1.5605096817016602
      vertex 4.580031394958496 -1.0566825866699219 1.649332880973816
      vertex 4.612924098968506 -0.9400656819343567 1.5809004306793213
    endloop
  endfacet
  facet normal -0.8327935187020499 0.43546611552270864 0.3417955784374947
    outer loop
      vertex 4.612924098968506 -0.9400656819343567 1.5809004306793213
      vertex 4.612418174743652 -0.9874714016914368 1.6400651931762695
      vertex 4.626679420471191 -0.9297642707824707 1.6012910604476929
    endloop
  endfacet
  facet normal -0.8327892807134926 0.4354659621781994 0.3418060995841337
    outer loop
      vertex 4.5981574058532715 -1.0451785326004028 1.6788394451141357
      vertex 4.612418174743652 -0.9874714016914368 1.6400651931762695
      vertex 4.580031394958496 -1.0566825866699219 1.649332880973816
    endloop
  endfacet
  facet normal -0.8327938331683311 0.43546409198835556 0.3417973903141377
    outer loop
      vertex 4.53364896774292 -1.3062103986740112 1.8542300462722778
      vertex 4.582095146179199 -1.110172986984253 1.7225099802017212
      vertex 4.556770324707031 -1.178629994392395 1.7480227947235107
    endloop
  endfacet
  facet normal -0.8327926073584323 0.4354651907865581 0.3417989770938038
    outer loop
      vertex 4.53364896774292 -1.3062103986740112 1.8542300462722778
      vertex 4.556770324707031 -1.178629994392395 1.7480227947235107
      vertex 4.5369062423706055 -1.259009838104248 1.8020310401916504
    endloop
  endfacet
  facet normal -0.8327898666482202 0.43546689532177096 0.3418034831403237
    outer loop
      vertex 4.492020130157471 -1.4236326217651367 1.902401089668274
      vertex 4.477194309234619 -1.4696943759918213 1.9249625205993652
      vertex 4.482088088989258 -1.463822603225708 1.9294052124023438
    endloop
  endfacet
  facet normal -0.8327912380157155 0.43546586832017825 0.3418014502783814
    outer loop
      vertex 4.497178077697754 -1.4197696447372437 1.9100476503372192
      vertex 4.53364896774292 -1.3062103986740112 1.8542300462722778
      vertex 4.51704216003418 -1.339389681816101 1.8560394048690796
    endloop
  endfacet
  facet normal -0.8327918064239529 0.43546606371931124 0.34179981641589313
    outer loop
      vertex 4.5369062423706055 -1.259009838104248 1.8020310401916504
      vertex 4.51704216003418 -1.339389681816101 1.8560394048690796
      vertex 4.53364896774292 -1.3062103986740112 1.8542300462722778
    endloop
  endfacet
  facet normal -0.8327913547095639 0.4354658054292177 0.34180124608153767
    outer loop
      vertex 4.485202789306641 -1.502247929573059 1.9859501123428345
      vertex 4.53364896774292 -1.3062103986740112 1.8542300462722778
      vertex 4.497178077697754 -1.4197696447372437 1.9100476503372192
    endloop
  endfacet
  facet normal -0.8327882518287889 0.43546880055947196 0.3418049902433322
    outer loop
      vertex 4.487246036529541 -1.4599595069885254 1.937051773071289
      vertex 4.485202789306641 -1.502247929573059 1.9859501123428345
      vertex 4.497178077697754 -1.4197696447372437 1.9100476503372192
    endloop
  endfacet
  facet normal -0.8327898201896983 0.43546344627643874 0.3418079904646138
    outer loop
      vertex 4.471712112426758 -1.489027738571167 1.9362362623214722
      vertex 4.482088088989258 -1.463822603225708 1.9294052124023438
      vertex 4.477194309234619 -1.4696943759918213 1.9249625205993652
    endloop
  endfacet
  facet normal -0.8327847966820415 0.43546961605068996 0.34181236945423027
    outer loop
      vertex 4.486861705780029 -1.4274955987930298 1.8947546482086182
      vertex 4.477194309234619 -1.4696943759918213 1.9249625205993652
      vertex 4.492020130157471 -1.4236326217651367 1.902401089668274
    endloop
  endfacet
  facet normal -0.8327944950793755 0.4354592256576224 0.34180197740088036
    outer loop
      vertex 4.4515299797058105 -1.5337083339691162 1.94398832321167
      vertex 4.442312717437744 -1.5397224426269531 1.9291926622390747
      vertex 4.441590785980225 -1.5596545934677124 1.9528274536132812
    endloop
  endfacet
  facet normal -0.8327818478497144 0.4354735962996884 0.3418144830428215
    outer loop
      vertex 4.431658744812012 -1.5998444557189941 1.979831576347351
      vertex 4.441590785980225 -1.5596545934677124 1.9528274536132812
      vertex 4.442312717437744 -1.5397224426269531 1.9291926622390747
    endloop
  endfacet
  facet normal -0.8327891336229367 0.43546089671985433 0.3418129113235757
    outer loop
      vertex 4.446749210357666 -1.5557914972305298 1.960473895072937
      vertex 4.4515299797058105 -1.5337083339691162 1.94398832321167
      vertex 4.441590785980225 -1.5596545934677124 1.9528274536132812
    endloop
  endfacet
  facet normal -0.8327856356945728 0.43546892631582557 0.34181120402077003
    outer loop
      vertex 4.460747241973877 -1.5276942253112793 1.9587839841842651
      vertex 4.457065582275391 -1.548065423965454 1.9757670164108276
      vertex 4.466229438781738 -1.5083609819412231 1.9475101232528687
    endloop
  endfacet
  facet normal -0.8327931690739475 0.4354639019162647 0.3417992505428197
    outer loop
      vertex 4.451907157897949 -1.5519285202026367 1.9681204557418823
      vertex 4.460747241973877 -1.5276942253112793 1.9587839841842651
      vertex 4.4515299797058105 -1.5337083339691162 1.94398832321167
    endloop
  endfacet
  facet normal -0.8328094884372065 0.43544417918937545 0.3417846146026025
    outer loop
      vertex 4.451907157897949 -1.5519285202026367 1.9681204557418823
      vertex 4.4515299797058105 -1.5337083339691162 1.94398832321167
      vertex 4.446749210357666 -1.5557914972305298 1.960473895072937
    endloop
  endfacet
  facet normal -0.8327897816373363 0.4354652059114602 0.34180584260794517
    outer loop
      vertex 4.451907157897949 -1.5519285202026367 1.9681204557418823
      vertex 4.457065582275391 -1.548065423965454 1.9757670164108276
      vertex 4.460747241973877 -1.5276942253112793 1.9587839841842651
    endloop
  endfacet
  facet normal -0.8327939686142716 0.43546297070720125 0.34179848885352143
    outer loop
      vertex 4.410556793212891 -1.6682239770889282 2.0155344009399414
      vertex 4.416953086853027 -1.676361322402954 2.0414862632751465
      vertex 4.431658744812012 -1.5998444557189941 1.979831576347351
    endloop
  endfacet
  facet normal -0.8327929352397684 0.4354635686631276 0.34180024485348803
    outer loop
      vertex 4.442312717437744 -1.5397224426269531 1.9291926622390747
      vertex 4.410556793212891 -1.6682239770889282 2.0155344009399414
      vertex 4.431658744812012 -1.5998444557189941 1.979831576347351
    endloop
  endfacet
  facet normal -0.8327904376567297 0.435467274915898 0.34180160828298384
    outer loop
      vertex 4.410556793212891 -1.6682239770889282 2.0155344009399414
      vertex 4.378800392150879 -1.7967255115509033 2.1018762588500977
      vertex 4.397089004516602 -1.7567411661148071 2.095494508743286
    endloop
  endfacet
  facet normal -0.8327926927843251 0.4354651268112736 0.3417988504607262
    outer loop
      vertex 4.410556793212891 -1.6682239770889282 2.0155344009399414
      vertex 4.397089004516602 -1.7567411661148071 2.095494508743286
      vertex 4.416953086853027 -1.676361322402954 2.0414862632751465
    endloop
  endfacet
  facet normal -0.8327873316416262 0.43546960095880727 0.3418062124918116
    outer loop
      vertex 4.347043991088867 -1.9252270460128784 2.188218116760254
      vertex 4.377224922180176 -1.8371211290359497 2.149502754211426
      vertex 4.378800392150879 -1.7967255115509033 2.1018762588500977
    endloop
  endfacet
  facet normal -0.8327865495617517 0.4354694542599801 0.3418083048662613
    outer loop
      vertex 4.431658744812012 -1.5998444557189941 1.979831576347351
      vertex 4.416953086853027 -1.676361322402954 2.0414862632751465
      vertex 4.436817169189453 -1.595981478691101 1.9874781370162964
    endloop
  endfacet
  facet normal -0.8327894359346898 0.43546721787671294 0.34180412161104257
    outer loop
      vertex 4.378800392150879 -1.7967255115509033 2.1018762588500977
      vertex 4.377224922180176 -1.8371211290359497 2.149502754211426
      vertex 4.397089004516602 -1.7567411661148071 2.095494508743286
    endloop
  endfacet
  facet normal -0.8327913892791952 0.43546770700103654 0.341798739175099
    outer loop
      vertex 4.377224922180176 -1.8371211290359497 2.149502754211426
      vertex 4.347043991088867 -1.9252270460128784 2.188218116760254
      vertex 4.367677211761475 -1.909774899482727 2.218804121017456
    endloop
  endfacet
  facet normal -0.832777690702857 0.4354858946069271 0.3418089429286791
    outer loop
      vertex 4.472156047821045 -1.5040124654769897 1.9564093351364136
      vertex 4.471712112426758 -1.489027738571167 1.9362362623214722
      vertex 4.466229438781738 -1.5083609819412231 1.9475101232528687
    endloop
  endfacet
  facet normal -0.8327810764908515 0.43547252051334245 0.3418177328877119
    outer loop
      vertex 4.457065582275391 -1.548065423965454 1.9757670164108276
      vertex 4.472156047821045 -1.5040124654769897 1.9564093351364136
      vertex 4.466229438781738 -1.5083609819412231 1.9475101232528687
    endloop
  endfacet
  facet normal -0.8327844703768699 0.435470936455614 0.34181148225533164
    outer loop
      vertex 4.472156047821045 -1.5040124654769897 1.9564093351364136
      vertex 4.457065582275391 -1.548065423965454 1.9757670164108276
      vertex 4.447133541107178 -1.5882554054260254 2.0027711391448975
    endloop
  endfacet
  facet normal -0.8327900107392419 0.4354668426021163 0.3418031992347017
    outer loop
      vertex 4.436756610870361 -1.6982853412628174 2.1176700592041016
      vertex 4.485202789306641 -1.502247929573059 1.9859501123428345
      vertex 4.457449913024902 -1.5805293321609497 2.018064022064209
    endloop
  endfacet
  facet normal -0.8327864398732062 0.43547008265147497 0.341807771530766
    outer loop
      vertex 4.436756610870361 -1.6982853412628174 2.1176700592041016
      vertex 4.457449913024902 -1.5805293321609497 2.018064022064209
      vertex 4.417721748352051 -1.7412890195846558 2.1260807514190674
    endloop
  endfacet
  facet normal -0.8327900711609987 0.4354668170073432 0.3418030846279062
    outer loop
      vertex 4.477313995361328 -1.5001494884490967 1.9640558958053589
      vertex 4.457449913024902 -1.5805293321609497 2.018064022064209
      vertex 4.485202789306641 -1.502247929573059 1.9859501123428345
    endloop
  endfacet
  facet normal -0.8328061659959293 0.4354576232982291 0.3417755816184328
    outer loop
      vertex 4.447133541107178 -1.5882554054260254 2.0027711391448975
      vertex 4.477313995361328 -1.5001494884490967 1.9640558958053589
      vertex 4.472156047821045 -1.5040124654769897 1.9564093351364136
    endloop
  endfacet
  facet normal -0.8327901290551748 0.43546669880875233 0.341803094159302
    outer loop
      vertex 4.477313995361328 -1.5001494884490967 1.9640558958053589
      vertex 4.485202789306641 -1.502247929573059 1.9859501123428345
      vertex 4.487246036529541 -1.4599595069885254 1.937051773071289
    endloop
  endfacet
  facet normal -0.8327959457973017 0.43546269061459125 0.3417940282484153
    outer loop
      vertex 4.457449913024902 -1.5805293321609497 2.018064022064209
      vertex 4.447133541107178 -1.5882554054260254 2.0027711391448975
      vertex 4.427269458770752 -1.6686352491378784 2.056779384613037
    endloop
  endfacet
  facet normal -0.8327972303973007 0.4354620765146418 0.3417916806479373
    outer loop
      vertex 4.472156047821045 -1.5040124654769897 1.9564093351364136
      vertex 4.482088088989258 -1.463822603225708 1.9294052124023438
      vertex 4.471712112426758 -1.489027738571167 1.9362362623214722
    endloop
  endfacet
  facet normal -0.8327980475156294 0.43546111660547426 0.34179091266279915
    outer loop
      vertex 4.417721748352051 -1.7412890195846558 2.1260807514190674
      vertex 4.427269458770752 -1.6686352491378784 2.056779384613037
      vertex 4.407405376434326 -1.7490150928497314 2.1107876300811768
    endloop
  endfacet
  facet normal -0.8327980475156294 0.43546111660547426 0.34179091266279915
    outer loop
      vertex 4.397857666015625 -1.8216689825057983 2.180088996887207
      vertex 4.3875412940979 -1.829395055770874 2.1647958755493164
      vertex 4.367677211761475 -1.909774899482727 2.218804121017456
    endloop
  endfacet
  facet normal -0.8327980475156294 0.43546111660547426 0.34179091266279915
    outer loop
      vertex 4.377224922180176 -1.8371211290359497 2.149502754211426
      vertex 4.367677211761475 -1.909774899482727 2.218804121017456
      vertex 4.3875412940979 -1.829395055770874 2.1647958755493164
    endloop
  endfacet
  facet normal -0.832785579337703 0.43547010599179875 0.3418098384111518
    outer loop
      vertex 4.397857666015625 -1.8216689825057983 2.180088996887207
      vertex 4.436756610870361 -1.6982853412628174 2.1176700592041016
      vertex 4.417721748352051 -1.7412890195846558 2.1260807514190674
    endloop
  endfacet
  facet normal -0.8327864542400165 0.43546961798054024 0.3418083285267099
    outer loop
      vertex 4.436756610870361 -1.6982853412628174 2.1176700592041016
      vertex 4.397857666015625 -1.8216689825057983 2.180088996887207
      vertex 4.388310432434082 -1.8943227529525757 2.249390125274658
    endloop
  endfacet
  facet normal -0.8327923621089255 0.4354637704438651 0.34180138420411493
    outer loop
      vertex 4.367677211761475 -1.909774899482727 2.218804121017456
      vertex 4.388310432434082 -1.8943227529525757 2.249390125274658
      vertex 4.397857666015625 -1.8216689825057983 2.180088996887207
    endloop
  endfacet
  facet normal -0.8327969138417549 0.43546223874158946 0.34179224526868907
    outer loop
      vertex 4.427269458770752 -1.6686352491378784 2.056779384613037
      vertex 4.417721748352051 -1.7412890195846558 2.1260807514190674
      vertex 4.457449913024902 -1.5805293321609497 2.018064022064209
    endloop
  endfacet
  facet normal -0.2009394508987396 -0.8131050913991076 0.5463363866825656
    outer loop
      vertex 4.367677211761475 -1.909774899482727 2.218804121017456
      vertex 4.347043991088867 -1.9252270460128784 2.188218116760254
      vertex 4.37202787399292 -1.9382909536361694 2.177964210510254
    endloop
  endfacet
  facet normal -0.2009394508987396 -0.8131050913991076 0.5463363866825656
    outer loop
      vertex 4.367677211761475 -1.909774899482727 2.218804121017456
      vertex 4.413294315338135 -1.9073866605758667 2.239136219024658
      vertex 4.388310432434082 -1.8943227529525757 2.249390125274658
    endloop
  endfacet
  facet normal -0.2009394508987396 -0.8131050913991076 0.5463363866825656
    outer loop
      vertex 4.413294315338135 -1.9073866605758667 2.239136219024658
      vertex 4.367677211761475 -1.909774899482727 2.218804121017456
      vertex 4.37202787399292 -1.9382909536361694 2.177964210510254
    endloop
  endfacet
  facet normal -0.20094214163125845 -0.8131036844164826 0.5463374910300266
    outer loop
      vertex 4.37202787399292 -1.9382909536361694 2.177964210510254
      vertex 4.41764497756958 -1.9359028339385986 2.198296308517456
      vertex 4.413294315338135 -1.9073866605758667 2.239136219024658
    endloop
  endfacet
  facet normal -0.20094603715979242 -0.8131032189310329 0.5463367510187908
    outer loop
      vertex 4.41764497756958 -1.9359028339385986 2.198296308517456
      vertex 4.438277721405029 -1.9204506874084473 2.228882312774658
      vertex 4.413294315338135 -1.9073866605758667 2.239136219024658
    endloop
  endfacet
  facet normal -0.20094070086899252 -0.8131060275094718 0.546334533744705
    outer loop
      vertex 4.397011756896973 -1.9513548612594604 2.167710304260254
      vertex 4.41764497756958 -1.9359028339385986 2.198296308517456
      vertex 4.37202787399292 -1.9382909536361694 2.177964210510254
    endloop
  endfacet
  facet normal 0.832795731948468 -0.4354635559536671 -0.34179344681342705
    outer loop
      vertex 4.46531867980957 -1.7429910898208618 2.068676471710205
      vertex 4.441481590270996 -1.8394469022750854 2.133486270904541
      vertex 4.4311652183532715 -1.8471729755401611 2.1181933879852295
    endloop
  endfacet
  facet normal 0.8327881263958324 -0.43546748876255326 -0.3418069671100265
    outer loop
      vertex 4.46531867980957 -1.7429910898208618 2.068676471710205
      vertex 4.4311652183532715 -1.8471729755401611 2.1181933879852295
      vertex 4.4550018310546875 -1.7507171630859375 2.0533833503723145
    endloop
  endfacet
  facet normal 0.8327881263958324 -0.43546748876255326 -0.3418069671100265
    outer loop
      vertex 4.475635051727295 -1.7352650165557861 2.0839693546295166
      vertex 4.451798439025879 -1.8317208290100098 2.1487793922424316
      vertex 4.441481590270996 -1.8394469022750854 2.133486270904541
    endloop
  endfacet
  facet normal 0.832795731948468 -0.4354635559536671 -0.34179344681342705
    outer loop
      vertex 4.475635051727295 -1.7352650165557861 2.0839693546295166
      vertex 4.441481590270996 -1.8394469022750854 2.133486270904541
      vertex 4.46531867980957 -1.7429910898208618 2.068676471710205
    endloop
  endfacet
  facet normal 0.832804810928253 -0.4354561765458943 -0.34178072678661653
    outer loop
      vertex 4.501073837280273 -1.5983072519302368 1.971461534500122
      vertex 4.489155292510986 -1.6465352773666382 2.00386643409729
      vertex 4.483997344970703 -1.6503982543945312 1.9962199926376343
    endloop
  endfacet
  facet normal 0.8328073126940225 -0.4354548827585423 -0.3417762791726555
    outer loop
      vertex 4.501073837280273 -1.5983072519302368 1.971461534500122
      vertex 4.483997344970703 -1.6503982543945312 1.9962199926376343
      vertex 4.49591588973999 -1.6021703481674194 1.9638150930404663
    endloop
  endfacet
  facet normal 0.8327889306686508 -0.4354686494033884 -0.34180352886205495
    outer loop
      vertex 4.49591588973999 -1.6021703481674194 1.9638150930404663
      vertex 4.483997344970703 -1.6503982543945312 1.9962199926376343
      vertex 4.478838920593262 -1.6542613506317139 1.988573431968689
    endloop
  endfacet
  facet normal 0.8327864287586111 -0.4354699430845151 -0.341807976421628
    outer loop
      vertex 4.49591588973999 -1.6021703481674194 1.9638150930404663
      vertex 4.478838920593262 -1.6542613506317139 1.988573431968689
      vertex 4.490757465362549 -1.6060333251953125 1.956168532371521
    endloop
  endfacet
  facet normal 0.8328051697087487 -0.43545472476187563 -0.3417817022441975
    outer loop
      vertex 4.483997344970703 -1.6503982543945312 1.9962199926376343
      vertex 4.489155292510986 -1.6465352773666382 2.00386643409729
      vertex 4.46531867980957 -1.7429910898208618 2.068676471710205
    endloop
  endfacet
  facet normal 0.8327888616495479 -0.43546892869001996 -0.341803341203705
    outer loop
      vertex 4.4550018310546875 -1.7507171630859375 2.0533833503723145
      vertex 4.478838920593262 -1.6542613506317139 1.988573431968689
      vertex 4.483997344970703 -1.6503982543945312 1.9962199926376343
    endloop
  endfacet
  facet normal 0.8327875667312764 -0.43546975344421796 -0.3418054454408703
    outer loop
      vertex 4.46531867980957 -1.7429910898208618 2.068676471710205
      vertex 4.4550018310546875 -1.7507171630859375 2.0533833503723145
      vertex 4.483997344970703 -1.6503982543945312 1.9962199926376343
    endloop
  endfacet
  facet normal 0.832784326882 -0.43547151710928617 -0.3418110921053191
    outer loop
      vertex 4.490757465362549 -1.6060333251953125 1.956168532371521
      vertex 4.478838920593262 -1.6542613506317139 1.988573431968689
      vertex 4.47368049621582 -1.658124327659607 1.9809269905090332
    endloop
  endfacet
  facet normal 0.8327887926304225 -0.43546920797629346 -0.34180315354552065
    outer loop
      vertex 4.490757465362549 -1.6060333251953125 1.956168532371521
      vertex 4.47368049621582 -1.658124327659607 1.9809269905090332
      vertex 4.485599040985107 -1.6098964214324951 1.9485219717025757
    endloop
  endfacet
  facet normal 0.832795731948468 -0.4354635559536671 -0.34179344681342705
    outer loop
      vertex 4.499472141265869 -1.6388092041015625 2.0191595554351807
      vertex 4.475635051727295 -1.7352650165557861 2.0839693546295166
      vertex 4.46531867980957 -1.7429910898208618 2.068676471710205
    endloop
  endfacet
  facet normal 0.8327881263958324 -0.43546748876255326 -0.3418069671100265
    outer loop
      vertex 4.499472141265869 -1.6388092041015625 2.0191595554351807
      vertex 4.46531867980957 -1.7429910898208618 2.068676471710205
      vertex 4.489155292510986 -1.6465352773666382 2.00386643409729
    endloop
  endfacet
  facet normal 0.8327882833477991 -0.4354668536513894 -0.3418073938486197
    outer loop
      vertex 4.523308753967285 -1.5423532724380493 1.9543496370315552
      vertex 4.499472141265869 -1.6388092041015625 2.0191595554351807
      vertex 4.489155292510986 -1.6465352773666382 2.00386643409729
    endloop
  endfacet
  facet normal 0.8327840819935587 -0.4354725080487509 -0.34181042627731006
    outer loop
      vertex 4.531671047210693 -1.457486629486084 1.8666001558303833
      vertex 4.526512622833252 -1.461349606513977 1.8589537143707275
      vertex 4.550349712371826 -1.3648937940597534 1.794143795967102
    endloop
  endfacet
  facet normal 0.8327895342936132 -0.43546620680857334 -0.34180517008784306
    outer loop
      vertex 4.560666084289551 -1.3571677207946777 1.8094367980957031
      vertex 4.536829471588135 -1.4536235332489014 1.8742467164993286
      vertex 4.531671047210693 -1.457486629486084 1.8666001558303833
    endloop
  endfacet
  facet normal 0.8327971286004071 -0.4354613697241929 -0.34179282917119086
    outer loop
      vertex 4.550349712371826 -1.3648937940597534 1.794143795967102
      vertex 4.560666084289551 -1.3571677207946777 1.8094367980957031
      vertex 4.531671047210693 -1.457486629486084 1.8666001558303833
    endloop
  endfacet
  facet normal 0.8327868288460477 -0.43547022341221364 -0.3418066444963594
    outer loop
      vertex 4.536829471588135 -1.4536235332489014 1.8742467164993286
      vertex 4.524910926818848 -1.5018514394760132 1.9066516160964966
      vertex 4.519752502441406 -1.5057145357131958 1.8990051746368408
    endloop
  endfacet
  facet normal 0.8327887926304225 -0.43546920797629346 -0.34180315354552065
    outer loop
      vertex 4.536829471588135 -1.4536235332489014 1.8742467164993286
      vertex 4.519752502441406 -1.5057145357131958 1.8990051746368408
      vertex 4.531671047210693 -1.457486629486084 1.8666001558303833
    endloop
  endfacet
  facet normal 0.8327861148456958 -0.43547121331273064 -0.3418071229453091
    outer loop
      vertex 4.531671047210693 -1.457486629486084 1.8666001558303833
      vertex 4.519752502441406 -1.5057145357131958 1.8990051746368408
      vertex 4.514594078063965 -1.5095775127410889 1.8913586139678955
    endloop
  endfacet
  facet normal 0.8327841510146559 -0.4354722287559082 -0.34181061393871476
    outer loop
      vertex 4.531671047210693 -1.457486629486084 1.8666001558303833
      vertex 4.514594078063965 -1.5095775127410889 1.8913586139678955
      vertex 4.526512622833252 -1.461349606513977 1.8589537143707275
    endloop
  endfacet
  facet normal 0.8327967137938875 -0.4354630482281235 -0.34179170136498727
    outer loop
      vertex 4.536829471588135 -1.4536235332489014 1.8742467164993286
      vertex 4.547145843505859 -1.4458974599838257 1.8895397186279297
      vertex 4.523308753967285 -1.5423532724380493 1.9543496370315552
    endloop
  endfacet
  facet normal 0.8327967137938875 -0.4354630482281235 -0.34179170136498727
    outer loop
      vertex 4.570982933044434 -1.349441647529602 1.8247298002243042
      vertex 4.547145843505859 -1.4458974599838257 1.8895397186279297
      vertex 4.536829471588135 -1.4536235332489014 1.8742467164993286
    endloop
  endfacet
  facet normal 0.8327871444917658 -0.43546799648608947 -0.3418087125946935
    outer loop
      vertex 4.570982933044434 -1.349441647529602 1.8247298002243042
      vertex 4.536829471588135 -1.4536235332489014 1.8742467164993286
      vertex 4.560666084289551 -1.3571677207946777 1.8094367980957031
    endloop
  endfacet
  facet normal 0.8327861148456958 -0.43547121331273064 -0.3418071229453091
    outer loop
      vertex 4.627018451690674 -1.0716631412506104 1.607360601425171
      vertex 4.638936996459961 -1.0234352350234985 1.5749555826187134
      vertex 4.644095420837402 -1.0195722579956055 1.5826021432876587
    endloop
  endfacet
  facet normal 0.8328092762174935 -0.435453867306206 -0.34177278840505104
    outer loop
      vertex 4.638936996459961 -1.0234352350234985 1.5749555826187134
      vertex 4.627018451690674 -1.0716631412506104 1.607360601425171
      vertex 4.621860504150391 -1.075526237487793 1.5997140407562256
    endloop
  endfacet
  facet normal 0.83278817409898 -0.43546477966618563 -0.3418103022893948
    outer loop
      vertex 4.638936996459961 -1.0234352350234985 1.5749555826187134
      vertex 4.621860504150391 -1.075526237487793 1.5997140407562256
      vertex 4.6337785720825195 -1.0272983312606812 1.5673091411590576
    endloop
  endfacet
  facet normal 0.8327875981969313 -0.43546521094659085 -0.34181115596865386
    outer loop
      vertex 4.6337785720825195 -1.0272983312606812 1.5673091411590576
      vertex 4.621860504150391 -1.075526237487793 1.5997140407562256
      vertex 4.616702079772949 -1.079389214515686 1.5920674800872803
    endloop
  endfacet
  facet normal 0.8328067366673106 -0.435455314176206 -0.3417771331105207
    outer loop
      vertex 4.6337785720825195 -1.0272983312606812 1.5673091411590576
      vertex 4.616702079772949 -1.079389214515686 1.5920674800872803
      vertex 4.628620624542236 -1.0311613082885742 1.5596625804901123
    endloop
  endfacet
  facet normal 0.8327895352865714 -0.4354667602460373 -0.3418044625776507
    outer loop
      vertex 4.4311652183532715 -1.8471729755401611 2.1181933879852295
      vertex 4.397011756896973 -1.9513548612594604 2.167710304260254
      vertex 4.426471710205078 -1.8321442604064941 2.087610960006714
    endloop
  endfacet
  facet normal 0.832794886615018 -0.4354639444790361 -0.3417950115005168
    outer loop
      vertex 4.426471710205078 -1.8321442604064941 2.087610960006714
      vertex 4.455932140350342 -1.7129335403442383 2.007511854171753
      vertex 4.4550018310546875 -1.7507171630859375 2.0533833503723145
    endloop
  endfacet
  facet normal 0.8327899900537601 -0.43546609309660816 -0.34180420452275645
    outer loop
      vertex 4.426471710205078 -1.8321442604064941 2.087610960006714
      vertex 4.4550018310546875 -1.7507171630859375 2.0533833503723145
      vertex 4.4311652183532715 -1.8471729755401611 2.1181933879852295
    endloop
  endfacet
  facet normal 0.8327840819935587 -0.4354725080487509 -0.34181042627731006
    outer loop
      vertex 4.4550018310546875 -1.7507171630859375 2.0533833503723145
      vertex 4.47368049621582 -1.658124327659607 1.9809269905090332
      vertex 4.478838920593262 -1.6542613506317139 1.988573431968689
    endloop
  endfacet
  facet normal 0.8327971028925096 -0.43546139167256553 -0.34179286384656327
    outer loop
      vertex 4.4550018310546875 -1.7507171630859375 2.0533833503723145
      vertex 4.455932140350342 -1.7129335403442383 2.007511854171753
      vertex 4.47368049621582 -1.658124327659607 1.9809269905090332
    endloop
  endfacet
  facet normal 0.8327996495531623 -0.4354605615852014 -0.3417877162918979
    outer loop
      vertex 4.455932140350342 -1.7129335403442383 2.007511854171753
      vertex 4.4853925704956055 -1.5937228202819824 1.9274126291275024
      vertex 4.485599040985107 -1.6098964214324951 1.9485219717025757
    endloop
  endfacet
  facet normal 0.8328043885138193 -0.4354575279813216 -0.34178003422745473
    outer loop
      vertex 4.455932140350342 -1.7129335403442383 2.007511854171753
      vertex 4.485599040985107 -1.6098964214324951 1.9485219717025757
      vertex 4.47368049621582 -1.658124327659607 1.9809269905090332
    endloop
  endfacet
  facet normal 0.8327913036848258 -0.43546584582274184 -0.3418013189395448
    outer loop
      vertex 4.41764497756958 -1.9359028339385986 2.198296308517456
      vertex 4.397011756896973 -1.9513548612594604 2.167710304260254
      vertex 4.4311652183532715 -1.8471729755401611 2.1181933879852295
    endloop
  endfacet
  facet normal 0.8327964654831469 -0.43546437945029176 -0.3417906103285315
    outer loop
      vertex 4.485599040985107 -1.6098964214324951 1.9485219717025757
      vertex 4.4853925704956055 -1.5937228202819824 1.9274126291275024
      vertex 4.4939866065979 -1.5881152153015137 1.9412081241607666
    endloop
  endfacet
  facet normal 0.8327866559000673 -0.43546902396557885 -0.3418085939838976
    outer loop
      vertex 4.4939866065979 -1.5881152153015137 1.9412081241607666
      vertex 4.49591588973999 -1.6021703481674194 1.9638150930404663
      vertex 4.490757465362549 -1.6060333251953125 1.956168532371521
    endloop
  endfacet
  facet normal 0.8327967673224274 -0.4354555732177128 -0.34180109433842976
    outer loop
      vertex 4.49591588973999 -1.6021703481674194 1.9638150930404663
      vertex 4.4939866065979 -1.5881152153015137 1.9412081241607666
      vertex 4.502580642700195 -1.5825077295303345 1.9550034999847412
    endloop
  endfacet
  facet normal 0.8327894608481987 -0.43546650401049153 -0.3418049703925429
    outer loop
      vertex 4.4939866065979 -1.5881152153015137 1.9412081241607666
      vertex 4.490757465362549 -1.6060333251953125 1.956168532371521
      vertex 4.485599040985107 -1.6098964214324951 1.9485219717025757
    endloop
  endfacet
  facet normal 0.8328085360750054 -0.4354499322899332 -0.34177960546132485
    outer loop
      vertex 4.49591588973999 -1.6021703481674194 1.9638150930404663
      vertex 4.502580642700195 -1.5825077295303345 1.9550034999847412
      vertex 4.501073837280273 -1.5983072519302368 1.971461534500122
    endloop
  endfacet
  facet normal 0.8327882143280799 -0.4354671329421808 -0.34180720618992944
    outer loop
      vertex 4.451798439025879 -1.8317208290100098 2.1487793922424316
      vertex 4.41764497756958 -1.9359028339385986 2.198296308517456
      vertex 4.441481590270996 -1.8394469022750854 2.133486270904541
    endloop
  endfacet
  facet normal 0.8327963544993184 -0.43546103679032955 -0.34179513947705104
    outer loop
      vertex 4.441481590270996 -1.8394469022750854 2.133486270904541
      vertex 4.41764497756958 -1.9359028339385986 2.198296308517456
      vertex 4.4311652183532715 -1.8471729755401611 2.1181933879852295
    endloop
  endfacet
  facet normal 0.8327968017266569 -0.4354626924117846 -0.34179194044232636
    outer loop
      vertex 4.438277721405029 -1.9204506874084473 2.228882312774658
      vertex 4.41764497756958 -1.9359028339385986 2.198296308517456
      vertex 4.451798439025879 -1.8317208290100098 2.1487793922424316
    endloop
  endfacet
  facet normal 0.8327996424404572 -0.4354599876332445 -0.3417884648748421
    outer loop
      vertex 4.472331523895264 -1.7826523780822754 2.136293888092041
      vertex 4.438277721405029 -1.9204506874084473 2.228882312774658
      vertex 4.451798439025879 -1.8317208290100098 2.1487793922424316
    endloop
  endfacet
  facet normal 0.8327944558847106 -0.4354638719246792 -0.34179615342489655
    outer loop
      vertex 4.506385326385498 -1.6448540687561035 2.043705463409424
      vertex 4.472331523895264 -1.7826523780822754 2.136293888092041
      vertex 4.475635051727295 -1.7352650165557861 2.0839693546295166
    endloop
  endfacet
  facet normal 0.8327967938273506 -0.43546276070043966 -0.3417918726857576
    outer loop
      vertex 4.506385326385498 -1.6448540687561035 2.043705463409424
      vertex 4.475635051727295 -1.7352650165557861 2.0839693546295166
      vertex 4.499472141265869 -1.6388092041015625 2.0191595554351807
    endloop
  endfacet
  facet normal 0.8327977600391292 -0.4354602741201456 -0.3417926864884861
    outer loop
      vertex 4.472331523895264 -1.7826523780822754 2.136293888092041
      vertex 4.451798439025879 -1.8317208290100098 2.1487793922424316
      vertex 4.475635051727295 -1.7352650165557861 2.0839693546295166
    endloop
  endfacet
  facet normal 0.8328006149701725 -0.4354579433889434 -0.34178869970315595
    outer loop
      vertex 4.513545036315918 -1.5438411235809326 1.9324558973312378
      vertex 4.501073837280273 -1.5983072519302368 1.971461534500122
      vertex 4.508062839508057 -1.5631743669509888 1.9437296390533447
    endloop
  endfacet
  facet normal 0.8329050064659532 -0.43538192292826 -0.34163113352158225
    outer loop
      vertex 4.501073837280273 -1.5983072519302368 1.971461534500122
      vertex 4.5190277099609375 -1.5245078802108765 1.9211820363998413
      vertex 4.524910926818848 -1.5018514394760132 1.9066516160964966
    endloop
  endfacet
  facet normal 0.8327956198207096 -0.43546306000035695 -0.3417943518880407
    outer loop
      vertex 4.501073837280273 -1.5983072519302368 1.971461534500122
      vertex 4.523308753967285 -1.5423532724380493 1.9543496370315552
      vertex 4.489155292510986 -1.6465352773666382 2.00386643409729
    endloop
  endfacet
  facet normal 0.8327974095024 -0.43546165992805375 -0.3417917750016752
    outer loop
      vertex 4.540439128875732 -1.5070557594299316 1.9511170387268066
      vertex 4.506385326385498 -1.6448540687561035 2.043705463409424
      vertex 4.499472141265869 -1.6388092041015625 2.0191595554351807
    endloop
  endfacet
  facet normal 0.8327881651275975 -0.43546694218411347 -0.341807569091481
    outer loop
      vertex 4.540439128875732 -1.5070557594299316 1.9511170387268066
      vertex 4.499472141265869 -1.6388092041015625 2.0191595554351807
      vertex 4.523308753967285 -1.5423532724380493 1.9543496370315552
    endloop
  endfacet
  facet normal 0.8327907148800548 -0.4354675408299439 -0.3418005940502271
    outer loop
      vertex 4.523308753967285 -1.5423532724380493 1.9543496370315552
      vertex 4.547145843505859 -1.4458974599838257 1.8895397186279297
      vertex 4.540439128875732 -1.5070557594299316 1.9511170387268066
    endloop
  endfacet
  facet normal 0.8327079258187884 -0.43553140166206267 -0.34192090963386573
    outer loop
      vertex 4.501073837280273 -1.5983072519302368 1.971461534500122
      vertex 4.513545036315918 -1.5438411235809326 1.9324558973312378
      vertex 4.5190277099609375 -1.5245078802108765 1.9211820363998413
    endloop
  endfacet
  facet normal 0.8327972392205195 -0.43546265472796014 -0.3417909224715575
    outer loop
      vertex 4.524910926818848 -1.5018514394760132 1.9066516160964966
      vertex 4.523308753967285 -1.5423532724380493 1.9543496370315552
      vertex 4.501073837280273 -1.5983072519302368 1.971461534500122
    endloop
  endfacet
  facet normal 0.8328022139421846 -0.4354565686625687 -0.3417865551212009
    outer loop
      vertex 4.508062839508057 -1.5631743669509888 1.9437296390533447
      vertex 4.501073837280273 -1.5983072519302368 1.971461534500122
      vertex 4.502580642700195 -1.5825077295303345 1.9550034999847412
    endloop
  endfacet
  facet normal 0.8327941959703886 -0.4354565299076016 -0.3418061405517224
    outer loop
      vertex 4.514594078063965 -1.5095775127410889 1.8913586139678955
      vertex 4.5190277099609375 -1.5245078802108765 1.9211820363998413
      vertex 4.499319553375244 -1.5373669862747192 1.8895463943481445
    endloop
  endfacet
  facet normal 0.8327895565829205 -0.43546713744725996 -0.341803930126486
    outer loop
      vertex 4.550349712371826 -1.3648937940597534 1.794143795967102
      vertex 4.533334732055664 -1.3997243642807007 1.797062635421753
      vertex 4.567349910736084 -1.2620817422866821 1.7045787572860718
    endloop
  endfacet
  facet normal 0.8327914871646219 -0.4354653465814397 -0.34180150794407527
    outer loop
      vertex 4.567349910736084 -1.2620817422866821 1.7045787572860718
      vertex 4.623305320739746 -1.1059072017669678 1.641941785812378
      vertex 4.550349712371826 -1.3648937940597534 1.794143795967102
    endloop
  endfacet
  facet normal 0.8327872391236825 -0.43546666395197275 -0.3418101796893912
    outer loop
      vertex 4.514594078063965 -1.5095775127410889 1.8913586139678955
      vertex 4.519752502441406 -1.5057145357131958 1.8990051746368408
      vertex 4.5190277099609375 -1.5245078802108765 1.9211820363998413
    endloop
  endfacet
  facet normal 0.8327908200865328 -0.4354674620417792 -0.34180043809581584
    outer loop
      vertex 4.533334732055664 -1.3997243642807007 1.797062635421753
      vertex 4.550349712371826 -1.3648937940597534 1.794143795967102
      vertex 4.526512622833252 -1.461349606513977 1.8589537143707275
    endloop
  endfacet
  facet normal 0.8327995692843747 -0.43546068210776556 -0.34178775832086133
    outer loop
      vertex 4.514594078063965 -1.5095775127410889 1.8913586139678955
      vertex 4.499319553375244 -1.5373669862747192 1.8895463943481445
      vertex 4.526512622833252 -1.461349606513977 1.8589537143707275
    endloop
  endfacet
  facet normal 0.8327950522711267 -0.4354644166632107 -0.34179400628580525
    outer loop
      vertex 4.621860504150391 -1.075526237487793 1.5997140407562256
      vertex 4.567349910736084 -1.2620817422866821 1.7045787572860718
      vertex 4.601365566253662 -1.1244391202926636 1.6120949983596802
    endloop
  endfacet
  facet normal 0.8327960022320594 -0.435462150818217 -0.3417945784693959
    outer loop
      vertex 4.533334732055664 -1.3997243642807007 1.797062635421753
      vertex 4.526512622833252 -1.461349606513977 1.8589537143707275
      vertex 4.499319553375244 -1.5373669862747192 1.8895463943481445
    endloop
  endfacet
  facet normal 0.8327875160503405 -0.43546554335738413 -0.34181093262088896
    outer loop
      vertex 4.601365566253662 -1.1244391202926636 1.6120949983596802
      vertex 4.616702079772949 -1.079389214515686 1.5920674800872803
      vertex 4.621860504150391 -1.075526237487793 1.5997140407562256
    endloop
  endfacet
  facet normal 0.8327933493276122 -0.4354668008861106 -0.34179511793136297
    outer loop
      vertex 4.635380744934082 -0.9867964386940002 1.519611120223999
      vertex 4.649136066436768 -0.9764950275421143 1.5400017499923706
      vertex 4.6337785720825195 -1.0272983312606812 1.5673091411590576
    endloop
  endfacet
  facet normal 0.8328079941105118 -0.4354502260437079 -0.3417805517932662
    outer loop
      vertex 4.635380744934082 -0.9867964386940002 1.519611120223999
      vertex 4.6337785720825195 -1.0272983312606812 1.5673091411590576
      vertex 4.628620624542236 -1.0311613082885742 1.5596625804901123
    endloop
  endfacet
  facet normal 0.83280267817443 -0.435458353764326 -0.3417831496173557
    outer loop
      vertex 4.601365566253662 -1.1244391202926636 1.6120949983596802
      vertex 4.628620624542236 -1.0311613082885742 1.5596625804901123
      vertex 4.616702079772949 -1.079389214515686 1.5920674800872803
    endloop
  endfacet
  facet normal 0.8327932249699556 -0.43546428861716246 -0.341798621681378
    outer loop
      vertex 4.628620624542236 -1.0311613082885742 1.5596625804901123
      vertex 4.601365566253662 -1.1244391202926636 1.6120949983596802
      vertex 4.635380744934082 -0.9867964386940002 1.519611120223999
    endloop
  endfacet
  facet normal 0.8327861022365235 -0.43547126433473277 -0.34180708866319265
    outer loop
      vertex 4.644095420837402 -1.0195722579956055 1.5826021432876587
      vertex 4.638936996459961 -1.0234352350234985 1.5749555826187134
      vertex 4.649136066436768 -0.9764950275421143 1.5400017499923706
    endloop
  endfacet
  facet normal 0.8327866908088688 -0.43547078198848177 -0.34180626917298274
    outer loop
      vertex 4.6337785720825195 -1.0272983312606812 1.5673091411590576
      vertex 4.649136066436768 -0.9764950275421143 1.5400017499923706
      vertex 4.638936996459961 -1.0234352350234985 1.5749555826187134
    endloop
  endfacet
  facet normal 0.8327974833439649 -0.4354628904181576 -0.34179002736273967
    outer loop
      vertex 4.623305320739746 -1.1059072017669678 1.641941785812378
      vertex 4.567349910736084 -1.2620817422866821 1.7045787572860718
      vertex 4.621860504150391 -1.075526237487793 1.5997140407562256
    endloop
  endfacet
  facet normal 0.8328112688619618 -0.43544580404031485 -0.34177820615161075
    outer loop
      vertex 4.623305320739746 -1.1059072017669678 1.641941785812378
      vertex 4.621860504150391 -1.075526237487793 1.5997140407562256
      vertex 4.627018451690674 -1.0716631412506104 1.607360601425171
    endloop
  endfacet
  facet normal 0.8327931068788196 -0.43546508516805416 -0.34179789457324383
    outer loop
      vertex 4.574492931365967 -1.3692575693130493 1.8585286140441895
      vertex 4.540439128875732 -1.5070557594299316 1.9511170387268066
      vertex 4.547145843505859 -1.4458974599838257 1.8895397186279297
    endloop
  endfacet
  facet normal 0.8327950969083449 -0.43546425913191894 -0.3417940982289037
    outer loop
      vertex 4.574492931365967 -1.3692575693130493 1.8585286140441895
      vertex 4.547145843505859 -1.4458974599838257 1.8895397186279297
      vertex 4.570982933044434 -1.349441647529602 1.8247298002243042
    endloop
  endfacet
  facet normal 0.8327965033564434 -0.43546233855437444 -0.3417931182719114
    outer loop
      vertex 4.574492931365967 -1.3692575693130493 1.8585286140441895
      vertex 4.570982933044434 -1.349441647529602 1.8247298002243042
      vertex 4.608546733856201 -1.2314592599868774 1.7659401893615723
    endloop
  endfacet
  facet normal 0.8327927742842172 -0.4354643816722502 -0.3417996012209519
    outer loop
      vertex 4.570982933044434 -1.349441647529602 1.8247298002243042
      vertex 4.623305320739746 -1.1059072017669678 1.641941785812378
      vertex 4.608546733856201 -1.2314592599868774 1.7659401893615723
    endloop
  endfacet
  facet normal 0.8327868248677388 -0.4354692898586717 -0.3418078435564259
    outer loop
      vertex 4.623305320739746 -1.1059072017669678 1.641941785812378
      vertex 4.570982933044434 -1.349441647529602 1.8247298002243042
      vertex 4.560666084289551 -1.3571677207946777 1.8094367980957031
    endloop
  endfacet
  facet normal 0.832797833662038 -0.4354619819520119 -0.3417903312298962
    outer loop
      vertex 4.524910926818848 -1.5018514394760132 1.9066516160964966
      vertex 4.536829471588135 -1.4536235332489014 1.8742467164993286
      vertex 4.523308753967285 -1.5423532724380493 1.9543496370315552
    endloop
  endfacet
  facet normal 0.8327889435489706 -0.43546876931502293 -0.34180334470839935
    outer loop
      vertex 4.633036136627197 -1.072331190109253 1.6228735446929932
      vertex 4.623305320739746 -1.1059072017669678 1.641941785812378
      vertex 4.627018451690674 -1.0716631412506104 1.607360601425171
    endloop
  endfacet
  facet normal 0.8327999348216684 -0.4354596940675171 -0.3417881264813762
    outer loop
      vertex 4.662891387939453 -0.9661935567855835 1.5603924989700317
      vertex 4.642766952514648 -1.0387550592422485 1.6038053035736084
      vertex 4.644095420837402 -1.0195722579956055 1.5826021432876587
    endloop
  endfacet
  facet normal 0.8327972919378219 -0.4354625736738117 -0.34179089729015644
    outer loop
      vertex 4.633036136627197 -1.072331190109253 1.6228735446929932
      vertex 4.644095420837402 -1.0195722579956055 1.5826021432876587
      vertex 4.642766952514648 -1.0387550592422485 1.6038053035736084
    endloop
  endfacet
  facet normal 0.8327970500211543 -0.4354616876943662 -0.34179261552356144
    outer loop
      vertex 4.623305320739746 -1.1059072017669678 1.641941785812378
      vertex 4.560666084289551 -1.3571677207946777 1.8094367980957031
      vertex 4.550349712371826 -1.3648937940597534 1.794143795967102
    endloop
  endfacet
  facet normal 0.8327951290615773 -0.43546219824379023 -0.3417966455540442
    outer loop
      vertex 4.65866231918335 -1.0286664962768555 1.6296812295913696
      vertex 4.662891387939453 -0.9661935567855835 1.5603924989700317
      vertex 4.676646709442139 -0.9558921456336975 1.5807832479476929
    endloop
  endfacet
  facet normal 0.8327934349953776 -0.43546404788849064 -0.34179841665105787
    outer loop
      vertex 4.65866231918335 -1.0286664962768555 1.6296812295913696
      vertex 4.642766952514648 -1.0387550592422485 1.6038053035736084
      vertex 4.662891387939453 -0.9661935567855835 1.5603924989700317
    endloop
  endfacet
  facet normal 0.8327957050362486 -0.43546152318111886 -0.34179610223341866
    outer loop
      vertex 4.662891387939453 -0.9661935567855835 1.5603924989700317
      vertex 4.644095420837402 -1.0195722579956055 1.5826021432876587
      vertex 4.649136066436768 -0.9764950275421143 1.5400017499923706
    endloop
  endfacet
  facet normal 0.832789941504015 -0.43546725272670816 -0.341802845412955
    outer loop
      vertex 4.608546733856201 -1.2314592599868774 1.7659401893615723
      vertex 4.623305320739746 -1.1059072017669678 1.641941785812378
      vertex 4.6426005363464355 -1.0936609506607056 1.673351764678955
    endloop
  endfacet
  facet normal 0.8327883405092622 -0.4354700624652567 -0.3418031664691456
    outer loop
      vertex 4.627018451690674 -1.0716631412506104 1.607360601425171
      vertex 4.644095420837402 -1.0195722579956055 1.5826021432876587
      vertex 4.633036136627197 -1.072331190109253 1.6228735446929932
    endloop
  endfacet
  facet normal 0.8327878909813183 -0.43546592535386514 -0.3418095324747245
    outer loop
      vertex 4.5190277099609375 -1.5245078802108765 1.9211820363998413
      vertex 4.519752502441406 -1.5057145357131958 1.8990051746368408
      vertex 4.524910926818848 -1.5018514394760132 1.9066516160964966
    endloop
  endfacet
  facet normal 0.20094116638692933 0.8131052533929265 -0.5463355146390222
    outer loop
      vertex 4.649136066436768 -0.9764950275421143 1.5400017499923706
      vertex 4.610396862030029 -0.9737324714660645 1.529865026473999
      vertex 4.662891387939453 -0.9661935567855835 1.5603924989700317
    endloop
  endfacet
  facet normal 0.20094054837493486 0.8131067688289223 -0.5463334865294001
    outer loop
      vertex 4.676646709442139 -0.9558921456336975 1.5807832479476929
      vertex 4.662891387939453 -0.9661935567855835 1.5603924989700317
      vertex 4.6599907875061035 -0.9471828937530518 1.5876191854476929
    endloop
  endfacet
  facet normal 0.20093983582048608 0.8131068539699416 -0.5463336218900866
    outer loop
      vertex 4.662891387939453 -0.9661935567855835 1.5603924989700317
      vertex 4.610396862030029 -0.9737324714660645 1.529865026473999
      vertex 4.6599907875061035 -0.9471828937530518 1.5876191854476929
    endloop
  endfacet
  facet normal 0.20094130662932205 0.8131047701218067 -0.5463361823046909
    outer loop
      vertex 4.610396862030029 -0.9737324714660645 1.529865026473999
      vertex 4.649136066436768 -0.9764950275421143 1.5400017499923706
      vertex 4.635380744934082 -0.9867964386940002 1.519611120223999
    endloop
  endfacet
  facet normal 0.20093815331375844 0.8131064189720225 -0.5463348881129139
    outer loop
      vertex 4.599168300628662 -0.9503671526908875 1.5605096817016602
      vertex 4.610396862030029 -0.9737324714660645 1.529865026473999
      vertex 4.585412979125977 -0.9606685638427734 1.5401190519332886
    endloop
  endfacet
  facet normal 0.20093442510161574 0.813106421253589 -0.5463362559132098
    outer loop
      vertex 4.612924098968506 -0.9400656819343567 1.5809004306793213
      vertex 4.610396862030029 -0.9737324714660645 1.529865026473999
      vertex 4.599168300628662 -0.9503671526908875 1.5605096817016602
    endloop
  endfacet
  facet normal 0.20094130662932208 0.8131047701218067 -0.5463361823046909
    outer loop
      vertex 4.626679420471191 -0.9297642707824707 1.6012910604476929
      vertex 4.643335342407227 -0.9384735822677612 1.5944551229476929
      vertex 4.612924098968506 -0.9400656819343567 1.5809004306793213
    endloop
  endfacet
  facet normal 0.2009410872335838 0.813105126921023 -0.5463357319781788
    outer loop
      vertex 4.610396862030029 -0.9737324714660645 1.529865026473999
      vertex 4.612924098968506 -0.9400656819343567 1.5809004306793213
      vertex 4.643335342407227 -0.9384735822677612 1.5944551229476929
    endloop
  endfacet
  facet normal 0.2009458274332975 0.8131030814819376 -0.5463370327203941
    outer loop
      vertex 4.6599907875061035 -0.9471828937530518 1.5876191854476929
      vertex 4.610396862030029 -0.9737324714660645 1.529865026473999
      vertex 4.643335342407227 -0.9384735822677612 1.5944551229476929
    endloop
  endfacet
  facet normal -0.5158182565223266 -0.3863071858861595 -0.7646556639239543
    outer loop
      vertex 4.576381683349609 -1.111375093460083 1.6223489046096802
      vertex 4.563889503479004 -1.1048431396484375 1.6274758577346802
      vertex 4.580897331237793 -1.0360218286514282 1.5812339782714844
    endloop
  endfacet
  facet normal -0.5158324963111652 -0.3863024082187293 -0.7646484716219616
    outer loop
      vertex 4.576381683349609 -1.111375093460083 1.6223489046096802
      vertex 4.580897331237793 -1.0360218286514282 1.5812339782714844
      vertex 4.59338903427124 -1.0425537824630737 1.5761070251464844
    endloop
  endfacet
  facet normal -0.5158324963111652 -0.3863024082187293 -0.7646484716219616
    outer loop
      vertex 4.588873386383057 -1.1179070472717285 1.6172219514846802
      vertex 4.576381683349609 -1.111375093460083 1.6223489046096802
      vertex 4.59338903427124 -1.0425537824630737 1.5761070251464844
    endloop
  endfacet
  facet normal -0.5158235336867818 -0.38630541533468576 -0.7646529985411534
    outer loop
      vertex 4.588873386383057 -1.1179070472717285 1.6172219514846802
      vertex 4.59338903427124 -1.0425537824630737 1.5761070251464844
      vertex 4.605881214141846 -1.0490857362747192 1.5709799528121948
    endloop
  endfacet
  facet normal -0.5158324963111652 -0.3863024082187293 -0.7646484716219616
    outer loop
      vertex 4.503835201263428 -1.4620137214660645 1.8484314680099487
      vertex 4.4913434982299805 -1.455481767654419 1.8535584211349487
      vertex 4.508350849151611 -1.3866604566574097 1.807316541671753
    endloop
  endfacet
  facet normal -0.5158182565223266 -0.3863071858861595 -0.7646556639239543
    outer loop
      vertex 4.503835201263428 -1.4620137214660645 1.8484314680099487
      vertex 4.508350849151611 -1.3866604566574097 1.807316541671753
      vertex 4.520843029022217 -1.3931924104690552 1.802189588546753
    endloop
  endfacet
  facet normal -0.5158260903789649 -0.3863040784501175 -0.7646519492273315
    outer loop
      vertex 4.4913434982299805 -1.455481767654419 1.8535584211349487
      vertex 4.478851318359375 -1.4489496946334839 1.8586854934692383
      vertex 4.495859146118164 -1.3801283836364746 1.812443494796753
    endloop
  endfacet
  facet normal -0.5158350530449233 -0.3863010713062171 -0.7646474222527728
    outer loop
      vertex 4.4913434982299805 -1.455481767654419 1.8535584211349487
      vertex 4.495859146118164 -1.3801283836364746 1.812443494796753
      vertex 4.508350849151611 -1.3866604566574097 1.807316541671753
    endloop
  endfacet
  facet normal -0.5158274689927904 -0.38630409497882146 -0.7646510108769132
    outer loop
      vertex 4.542355537414551 -1.1349012851715088 1.6571881771087646
      vertex 4.585412979125977 -0.9606685638427734 1.5401190519332886
      vertex 4.580897331237793 -1.0360218286514282 1.5812339782714844
    endloop
  endfacet
  facet normal -0.515840623449823 -0.3862954902146575 -0.7646464839641359
    outer loop
      vertex 4.542355537414551 -1.1349012851715088 1.6571881771087646
      vertex 4.580897331237793 -1.0360218286514282 1.5812339782714844
      vertex 4.563889503479004 -1.1048431396484375 1.6274758577346802
    endloop
  endfacet
  facet normal -0.5158280149363919 -0.38630391180538665 -0.7646507351272458
    outer loop
      vertex 4.610396862030029 -0.9737324714660645 1.529865026473999
      vertex 4.580897331237793 -1.0360218286514282 1.5812339782714844
      vertex 4.585412979125977 -0.9606685638427734 1.5401190519332886
    endloop
  endfacet
  facet normal -0.5158321287684539 -0.3863009209747916 -0.7646494709239214
    outer loop
      vertex 4.610396862030029 -0.9737324714660645 1.529865026473999
      vertex 4.59338903427124 -1.0425537824630737 1.5761070251464844
      vertex 4.580897331237793 -1.0360218286514282 1.5812339782714844
    endloop
  endfacet
  facet normal -0.5158235336867818 -0.38630541533468576 -0.7646529985411534
    outer loop
      vertex 4.605881214141846 -1.0490857362747192 1.5709799528121948
      vertex 4.59338903427124 -1.0425537824630737 1.5761070251464844
      vertex 4.610396862030029 -0.9737324714660645 1.529865026473999
    endloop
  endfacet
  facet normal -0.5158389411804416 -0.38629704219741734 -0.7646468347880397
    outer loop
      vertex 4.499297618865967 -1.3091340065002441 1.7742573022842407
      vertex 4.542355537414551 -1.1349012851715088 1.6571881771087646
      vertex 4.563889503479004 -1.1048431396484375 1.6274758577346802
    endloop
  endfacet
  facet normal -0.5158285614465643 -0.38630411165026934 -0.764650265492705
    outer loop
      vertex 4.456240177154541 -1.48336660861969 1.8913265466690063
      vertex 4.499297618865967 -1.3091340065002441 1.7742573022842407
      vertex 4.495859146118164 -1.3801283836364746 1.812443494796753
    endloop
  endfacet
  facet normal -0.5158390903984466 -0.38629728069397945 -0.7646466136362209
    outer loop
      vertex 4.456240177154541 -1.48336660861969 1.8913265466690063
      vertex 4.495859146118164 -1.3801283836364746 1.812443494796753
      vertex 4.478851318359375 -1.4489496946334839 1.8586854934692383
    endloop
  endfacet
  facet normal -0.5158352683749332 -0.38630194260505923 -0.7646468368077632
    outer loop
      vertex 4.495859146118164 -1.3801283836364746 1.812443494796753
      vertex 4.499297618865967 -1.3091340065002441 1.7742573022842407
      vertex 4.508350849151611 -1.3866604566574097 1.807316541671753
    endloop
  endfacet
  facet normal -0.5158277800547607 -0.3863029954657048 -0.7646513565135429
    outer loop
      vertex 4.499297618865967 -1.3091340065002441 1.7742573022842407
      vertex 4.576381683349609 -1.111375093460083 1.6223489046096802
      vertex 4.508350849151611 -1.3866604566574097 1.807316541671753
    endloop
  endfacet
  facet normal -0.5158186903184856 -0.38630894127061927 -0.7646544844650396
    outer loop
      vertex 4.499297618865967 -1.3091340065002441 1.7742573022842407
      vertex 4.563889503479004 -1.1048431396484375 1.6274758577346802
      vertex 4.576381683349609 -1.111375093460083 1.6223489046096802
    endloop
  endfacet
  facet normal -0.5158310438018351 -0.3863043352412248 -0.7646484779453527
    outer loop
      vertex 4.477779865264893 -1.5103667974472046 1.8904365301132202
      vertex 4.456240177154541 -1.48336660861969 1.8913265466690063
      vertex 4.478851318359375 -1.4489496946334839 1.8586854934692383
    endloop
  endfacet
  facet normal -0.5158321496730215 -0.38630100556396835 -0.7646494140872511
    outer loop
      vertex 4.576381683349609 -1.111375093460083 1.6223489046096802
      vertex 4.588873386383057 -1.1179070472717285 1.6172219514846802
      vertex 4.567349910736084 -1.2620817422866821 1.7045787572860718
    endloop
  endfacet
  facet normal -0.5158210296505504 -0.3863067246796651 -0.764654026235078
    outer loop
      vertex 4.601365566253662 -1.1244391202926636 1.6120949983596802
      vertex 4.588873386383057 -1.1179070472717285 1.6172219514846802
      vertex 4.605881214141846 -1.0490857362747192 1.5709799528121948
    endloop
  endfacet
  facet normal -0.515830575487066 -0.38630153373838005 -0.7646502091963734
    outer loop
      vertex 4.508350849151611 -1.3866604566574097 1.807316541671753
      vertex 4.576381683349609 -1.111375093460083 1.6223489046096802
      vertex 4.567349910736084 -1.2620817422866821 1.7045787572860718
    endloop
  endfacet
  facet normal -0.5158248443576834 -0.3863054447933457 -0.7646520994977959
    outer loop
      vertex 4.605881214141846 -1.0490857362747192 1.5709799528121948
      vertex 4.635380744934082 -0.9867964386940002 1.519611120223999
      vertex 4.601365566253662 -1.1244391202926636 1.6120949983596802
    endloop
  endfacet
  facet normal -0.5158208132430926 -0.386305849000241 -0.7646546146159308
    outer loop
      vertex 4.588873386383057 -1.1179070472717285 1.6172219514846802
      vertex 4.601365566253662 -1.1244391202926636 1.6120949983596802
      vertex 4.567349910736084 -1.2620817422866821 1.7045787572860718
    endloop
  endfacet
  facet normal -0.5158260428524001 -0.3863045734722882 -0.7646517312016153
    outer loop
      vertex 4.635380744934082 -0.9867964386940002 1.519611120223999
      vertex 4.605881214141846 -1.0490857362747192 1.5709799528121948
      vertex 4.610396862030029 -0.9737324714660645 1.529865026473999
    endloop
  endfacet
  facet normal -0.515818948640409 -0.3863099865909026 -0.7646537821024884
    outer loop
      vertex 4.520843029022217 -1.3931924104690552 1.802189588546753
      vertex 4.508350849151611 -1.3866604566574097 1.807316541671753
      vertex 4.567349910736084 -1.2620817422866821 1.7045787572860718
    endloop
  endfacet
  facet normal -0.5158325196232053 -0.38630250254997234 -0.7646484082392406
    outer loop
      vertex 4.503835201263428 -1.4620137214660645 1.8484314680099487
      vertex 4.477779865264893 -1.5103667974472046 1.8904365301132202
      vertex 4.4913434982299805 -1.455481767654419 1.8535584211349487
    endloop
  endfacet
  facet normal -0.5158264812253585 -0.38630566002306627 -0.7646508865494163
    outer loop
      vertex 4.478851318359375 -1.4489496946334839 1.8586854934692383
      vertex 4.4913434982299805 -1.455481767654419 1.8535584211349487
      vertex 4.477779865264893 -1.5103667974472046 1.8904365301132202
    endloop
  endfacet
  facet normal -0.5158253763363522 -0.3863047970988089 -0.7646520678491028
    outer loop
      vertex 4.499319553375244 -1.5373669862747192 1.8895463943481445
      vertex 4.503835201263428 -1.4620137214660645 1.8484314680099487
      vertex 4.533334732055664 -1.3997243642807007 1.797062635421753
    endloop
  endfacet
  facet normal -0.5158319123623517 -0.3863000453005495 -0.7646500593012417
    outer loop
      vertex 4.520843029022217 -1.3931924104690552 1.802189588546753
      vertex 4.533334732055664 -1.3997243642807007 1.797062635421753
      vertex 4.503835201263428 -1.4620137214660645 1.8484314680099487
    endloop
  endfacet
  facet normal -0.5158327485302603 -0.3863023235939586 -0.7646483442273485
    outer loop
      vertex 4.477779865264893 -1.5103667974472046 1.8904365301132202
      vertex 4.503835201263428 -1.4620137214660645 1.8484314680099487
      vertex 4.499319553375244 -1.5373669862747192 1.8895463943481445
    endloop
  endfacet
  facet normal -0.5158323125398505 -0.386301664596215 -0.7646489712737363
    outer loop
      vertex 4.533334732055664 -1.3997243642807007 1.797062635421753
      vertex 4.520843029022217 -1.3931924104690552 1.802189588546753
      vertex 4.567349910736084 -1.2620817422866821 1.7045787572860718
    endloop
  endfacet
  facet normal 0.5158319490250951 0.38630019365399054 0.7646499596206497
    outer loop
      vertex 4.596054553985596 -1.224927306175232 1.7710671424865723
      vertex 4.613081455230713 -1.156028151512146 1.7247730493545532
      vertex 4.600589752197266 -1.1494961977005005 1.7299000024795532
    endloop
  endfacet
  facet normal 0.5158372259965167 0.38629842202536957 0.764647294781671
    outer loop
      vertex 4.596054553985596 -1.224927306175232 1.7710671424865723
      vertex 4.600589752197266 -1.1494961977005005 1.7299000024795532
      vertex 4.583562850952148 -1.2183953523635864 1.7761942148208618
    endloop
  endfacet
  facet normal 0.5158321651867784 0.3863010683395396 0.7646493719074454
    outer loop
      vertex 4.583562850952148 -1.2183953523635864 1.7761942148208618
      vertex 4.600589752197266 -1.1494961977005005 1.7299000024795532
      vertex 4.588098049163818 -1.142964243888855 1.7350269556045532
    endloop
  endfacet
  facet normal 0.5158321651867784 0.3863010683395396 0.7646493719074454
    outer loop
      vertex 4.583562850952148 -1.2183953523635864 1.7761942148208618
      vertex 4.588098049163818 -1.142964243888855 1.7350269556045532
      vertex 4.571071147918701 -1.211863398551941 1.7813211679458618
    endloop
  endfacet
  facet normal 0.5158185093351305 0.38630820890870116 0.7646549765463083
    outer loop
      vertex 4.442812919616699 -1.8450195789337158 2.1877150535583496
      vertex 4.459839820861816 -1.7761204242706299 2.141420841217041
      vertex 4.447347640991211 -1.7695884704589844 2.146547794342041
    endloop
  endfacet
  facet normal 0.5158354144230664 0.38630253356685157 0.7646464397267634
    outer loop
      vertex 4.442812919616699 -1.8450195789337158 2.1877150535583496
      vertex 4.447347640991211 -1.7695884704589844 2.146547794342041
      vertex 4.430321216583252 -1.8384875059127808 2.1928420066833496
    endloop
  endfacet
  facet normal 0.5158354144230664 0.38630253356685157 0.7646464397267634
    outer loop
      vertex 4.430321216583252 -1.8384875059127808 2.1928420066833496
      vertex 4.447347640991211 -1.7695884704589844 2.146547794342041
      vertex 4.434855937957764 -1.7630563974380493 2.151674747467041
    endloop
  endfacet
  facet normal 0.5158185093351305 0.38630820890870116 0.7646549765463083
    outer loop
      vertex 4.430321216583252 -1.8384875059127808 2.1928420066833496
      vertex 4.434855937957764 -1.7630563974380493 2.151674747467041
      vertex 4.4178290367126465 -1.8319555521011353 2.1979689598083496
    endloop
  endfacet
  facet normal 0.5158207152194888 0.3863092032994175 0.7646529861294102
    outer loop
      vertex 4.588098049163818 -1.142964243888855 1.7350269556045532
      vertex 4.6123480796813965 -1.101917028427124 1.697930932044983
      vertex 4.582095146179199 -1.110172986984253 1.7225099802017212
    endloop
  endfacet
  facet normal 0.5158160509875376 0.3863094943463007 0.764655985474205
    outer loop
      vertex 4.571071147918701 -1.211863398551941 1.7813211679458618
      vertex 4.588098049163818 -1.142964243888855 1.7350269556045532
      vertex 4.582095146179199 -1.110172986984253 1.7225099802017212
    endloop
  endfacet
  facet normal 0.5158318979587116 0.3862999870171586 0.764650098462595
    outer loop
      vertex 4.600589752197266 -1.1494961977005005 1.7299000024795532
      vertex 4.6123480796813965 -1.101917028427124 1.697930932044983
      vertex 4.588098049163818 -1.142964243888855 1.7350269556045532
    endloop
  endfacet
  facet normal 0.5158190264900757 0.3863083463612566 0.7646545582434345
    outer loop
      vertex 4.582095146179199 -1.110172986984253 1.7225099802017212
      vertex 4.53364896774292 -1.3062103986740112 1.8542300462722778
      vertex 4.571071147918701 -1.211863398551941 1.7813211679458618
    endloop
  endfacet
  facet normal 0.5158318685508264 0.3862998680200945 0.7646501784182231
    outer loop
      vertex 4.53364896774292 -1.3062103986740112 1.8542300462722778
      vertex 4.583562850952148 -1.2183953523635864 1.7761942148208618
      vertex 4.571071147918701 -1.211863398551941 1.7813211679458618
    endloop
  endfacet
  facet normal 0.5158318979587116 0.3862999870171586 0.764650098462595
    outer loop
      vertex 4.613081455230713 -1.156028151512146 1.7247730493545532
      vertex 4.6123480796813965 -1.101917028427124 1.697930932044983
      vertex 4.600589752197266 -1.1494961977005005 1.7299000024795532
    endloop
  endfacet
  facet normal 0.515823570099386 0.3863055626836852 0.7646528995364926
    outer loop
      vertex 4.608546733856201 -1.2314592599868774 1.7659401893615723
      vertex 4.6426005363464355 -1.0936609506607056 1.673351764678955
      vertex 4.613081455230713 -1.156028151512146 1.7247730493545532
    endloop
  endfacet
  facet normal 0.5158182931775853 0.3863073342137487 0.7646555642614719
    outer loop
      vertex 4.608546733856201 -1.2314592599868774 1.7659401893615723
      vertex 4.613081455230713 -1.156028151512146 1.7247730493545532
      vertex 4.596054553985596 -1.224927306175232 1.7710671424865723
    endloop
  endfacet
  facet normal 0.5158308834829582 0.38630024747694236 0.7646506512417576
    outer loop
      vertex 4.6123480796813965 -1.101917028427124 1.697930932044983
      vertex 4.613081455230713 -1.156028151512146 1.7247730493545532
      vertex 4.6426005363464355 -1.0936609506607056 1.673351764678955
    endloop
  endfacet
  facet normal 0.5158185093351305 0.38630820890870116 0.7646549765463083
    outer loop
      vertex 4.574492931365967 -1.3692575693130493 1.8585286140441895
      vertex 4.608546733856201 -1.2314592599868774 1.7659401893615723
      vertex 4.596054553985596 -1.224927306175232 1.7710671424865723
    endloop
  endfacet
  facet normal 0.5158376257160987 0.3863000395052214 0.7646462079771548
    outer loop
      vertex 4.583562850952148 -1.2183953523635864 1.7761942148208618
      vertex 4.574492931365967 -1.3692575693130493 1.8585286140441895
      vertex 4.596054553985596 -1.224927306175232 1.7710671424865723
    endloop
  endfacet
  facet normal 0.5158273940783291 0.3863034745163057 0.7646513748728828
    outer loop
      vertex 4.583562850952148 -1.2183953523635864 1.7761942148208618
      vertex 4.53364896774292 -1.3062103986740112 1.8542300462722778
      vertex 4.574492931365967 -1.3692575693130493 1.8585286140441895
    endloop
  endfacet
  facet normal 0.5158277001610513 0.3863036525946551 0.7646510784263555
    outer loop
      vertex 4.540439128875732 -1.5070557594299316 1.9511170387268066
      vertex 4.574492931365967 -1.3692575693130493 1.8585286140441895
      vertex 4.53364896774292 -1.3062103986740112 1.8542300462722778
    endloop
  endfacet
  facet normal 0.5158276412049505 0.38630366641811675 0.7646511112140341
    outer loop
      vertex 4.540439128875732 -1.5070557594299316 1.9511170387268066
      vertex 4.53364896774292 -1.3062103986740112 1.8542300462722778
      vertex 4.485202789306641 -1.502247929573059 1.9859501123428345
    endloop
  endfacet
  facet normal 0.515827827277045 0.3863033973566548 0.7646511216217168
    outer loop
      vertex 4.485202789306641 -1.502247929573059 1.9859501123428345
      vertex 4.436756610870361 -1.6982853412628174 2.1176700592041016
      vertex 4.506385326385498 -1.6448540687561035 2.043705463409424
    endloop
  endfacet
  facet normal 0.5158276824779264 0.3863034123426083 0.764651211731145
    outer loop
      vertex 4.485202789306641 -1.502247929573059 1.9859501123428345
      vertex 4.506385326385498 -1.6448540687561035 2.043705463409424
      vertex 4.540439128875732 -1.5070557594299316 1.9511170387268066
    endloop
  endfacet
  facet normal 0.5158262189947395 0.38630417759209124 0.764651812377692
    outer loop
      vertex 4.4178290367126465 -1.8319555521011353 2.1979689598083496
      vertex 4.434855937957764 -1.7630563974380493 2.151674747467041
      vertex 4.436756610870361 -1.6982853412628174 2.1176700592041016
    endloop
  endfacet
  facet normal 0.5158351515805417 0.3863014700147768 0.7646471543517976
    outer loop
      vertex 4.434855937957764 -1.7630563974380493 2.151674747467041
      vertex 4.447347640991211 -1.7695884704589844 2.146547794342041
      vertex 4.436756610870361 -1.6982853412628174 2.1176700592041016
    endloop
  endfacet
  facet normal 0.51583016460044 0.38630252231838114 0.7646499869474528
    outer loop
      vertex 4.388310432434082 -1.8943227529525757 2.249390125274658
      vertex 4.4178290367126465 -1.8319555521011353 2.1979689598083496
      vertex 4.436756610870361 -1.6982853412628174 2.1176700592041016
    endloop
  endfacet
  facet normal 0.5158256288243578 0.3863058187948667 0.7646513813583177
    outer loop
      vertex 4.413294315338135 -1.9073866605758667 2.239136219024658
      vertex 4.4178290367126465 -1.8319555521011353 2.1979689598083496
      vertex 4.388310432434082 -1.8943227529525757 2.249390125274658
    endloop
  endfacet
  facet normal 0.5158287913274138 0.3863021283035376 0.7646511124073885
    outer loop
      vertex 4.447347640991211 -1.7695884704589844 2.146547794342041
      vertex 4.506385326385498 -1.6448540687561035 2.043705463409424
      vertex 4.436756610870361 -1.6982853412628174 2.1176700592041016
    endloop
  endfacet
  facet normal 0.5158321651867784 0.3863010683395396 0.7646493719074454
    outer loop
      vertex 4.472331523895264 -1.7826523780822754 2.136293888092041
      vertex 4.506385326385498 -1.6448540687561035 2.043705463409424
      vertex 4.459839820861816 -1.7761204242706299 2.141420841217041
    endloop
  endfacet
  facet normal 0.5158188009638568 0.38630938900560186 0.7646541836270352
    outer loop
      vertex 4.459839820861816 -1.7761204242706299 2.141420841217041
      vertex 4.506385326385498 -1.6448540687561035 2.043705463409424
      vertex 4.447347640991211 -1.7695884704589844 2.146547794342041
    endloop
  endfacet
  facet normal 0.5158321651867784 0.3863010683395396 0.7646493719074454
    outer loop
      vertex 4.442812919616699 -1.8450195789337158 2.1877150535583496
      vertex 4.472331523895264 -1.7826523780822754 2.136293888092041
      vertex 4.459839820861816 -1.7761204242706299 2.141420841217041
    endloop
  endfacet
  facet normal 0.5158347219096971 0.3862997314236874 0.7646483225472561
    outer loop
      vertex 4.442812919616699 -1.8450195789337158 2.1877150535583496
      vertex 4.430321216583252 -1.8384875059127808 2.1928420066833496
      vertex 4.413294315338135 -1.9073866605758667 2.239136219024658
    endloop
  endfacet
  facet normal 0.5158185093351305 0.38630820890870116 0.7646549765463083
    outer loop
      vertex 4.4178290367126465 -1.8319555521011353 2.1979689598083496
      vertex 4.413294315338135 -1.9073866605758667 2.239136219024658
      vertex 4.430321216583252 -1.8384875059127808 2.1928420066833496
    endloop
  endfacet
  facet normal 0.5158321651867784 0.3863010683395396 0.7646493719074454
    outer loop
      vertex 4.472331523895264 -1.7826523780822754 2.136293888092041
      vertex 4.442812919616699 -1.8450195789337158 2.1877150535583496
      vertex 4.438277721405029 -1.9204506874084473 2.228882312774658
    endloop
  endfacet
  facet normal 0.5158334981540593 0.38630062082572036 0.7646486987707551
    outer loop
      vertex 4.413294315338135 -1.9073866605758667 2.239136219024658
      vertex 4.438277721405029 -1.9204506874084473 2.228882312774658
      vertex 4.442812919616699 -1.8450195789337158 2.1877150535583496
    endloop
  endfacet
  facet normal 0.4967286795174474 0.3152716036650277 0.8086188439971795
    outer loop
      vertex 4.570301055908203 -1.0902587175369263 1.6684011220932007
      vertex 4.611399173736572 -1.04771888256073 1.6265690326690674
      vertex 4.580031394958496 -1.0566825866699219 1.649332880973816
    endloop
  endfacet
  facet normal 0.49672957386251315 0.3152639263662381 0.8086212878613259
    outer loop
      vertex 4.570301055908203 -1.0902587175369263 1.6684011220932007
      vertex 4.560570240020752 -1.1238347291946411 1.687469244003296
      vertex 4.591938018798828 -1.1148710250854492 1.664705514907837
    endloop
  endfacet
  facet normal 0.49673072864040513 0.31526927787663683 0.8086184920291621
    outer loop
      vertex 4.633036136627197 -1.072331190109253 1.6228735446929932
      vertex 4.611399173736572 -1.04771888256073 1.6265690326690674
      vertex 4.570301055908203 -1.0902587175369263 1.6684011220932007
    endloop
  endfacet
  facet normal 0.4967318926210915 0.3152663187450647 0.8086189307195347
    outer loop
      vertex 4.570301055908203 -1.0902587175369263 1.6684011220932007
      vertex 4.591938018798828 -1.1148710250854492 1.664705514907837
      vertex 4.633036136627197 -1.072331190109253 1.6228735446929932
    endloop
  endfacet
  facet normal 0.49673394180285985 0.3152639928740691 0.8086185787242907
    outer loop
      vertex 4.633036136627197 -1.072331190109253 1.6228735446929932
      vertex 4.591938018798828 -1.1148710250854492 1.664705514907837
      vertex 4.623305320739746 -1.1059072017669678 1.641941785812378
    endloop
  endfacet
  facet normal 0.49672782041634395 0.3152662773312777 0.8086214483935645
    outer loop
      vertex 4.642766952514648 -1.0387550592422485 1.6038053035736084
      vertex 4.611399173736572 -1.04771888256073 1.6265690326690674
      vertex 4.633036136627197 -1.072331190109253 1.6228735446929932
    endloop
  endfacet
  facet normal -0.36261483931850763 0.9218632569741441 -0.13666972505656136
    outer loop
      vertex 4.582095146179199 -1.110172986984253 1.7225099802017212
      vertex 4.591938018798828 -1.1148710250854492 1.664705514907837
      vertex 4.560570240020752 -1.1238347291946411 1.687469244003296
    endloop
  endfacet
  facet normal -0.3626120011115476 0.9218644308817289 -0.13666933717913876
    outer loop
      vertex 4.6123480796813965 -1.101917028427124 1.697930932044983
      vertex 4.591938018798828 -1.1148710250854492 1.664705514907837
      vertex 4.582095146179199 -1.110172986984253 1.7225099802017212
    endloop
  endfacet
  facet normal -0.3626168926738517 0.9218633651582531 -0.1366635471757609
    outer loop
      vertex 4.6426005363464355 -1.0936609506607056 1.673351764678955
      vertex 4.623305320739746 -1.1059072017669678 1.641941785812378
      vertex 4.6123480796813965 -1.101917028427124 1.697930932044983
    endloop
  endfacet
  facet normal -0.3626194051414213 0.9218623150713329 -0.13666396403662678
    outer loop
      vertex 4.591938018798828 -1.1148710250854492 1.664705514907837
      vertex 4.6123480796813965 -1.101917028427124 1.697930932044983
      vertex 4.623305320739746 -1.1059072017669678 1.641941785812378
    endloop
  endfacet
  facet normal 0.36261745430379694 -0.9218629214011609 0.13666505032359527
    outer loop
      vertex 4.65866231918335 -1.0286664962768555 1.6296812295913696
      vertex 4.6284098625183105 -1.036922574043274 1.654260277748108
      vertex 4.642766952514648 -1.0387550592422485 1.6038053035736084
    endloop
  endfacet
  facet normal 0.3626146548025526 -0.9218641341536781 0.13666429776468722
    outer loop
      vertex 4.611399173736572 -1.04771888256073 1.6265690326690674
      vertex 4.642766952514648 -1.0387550592422485 1.6038053035736084
      vertex 4.6284098625183105 -1.036922574043274 1.654260277748108
    endloop
  endfacet
  facet normal 0.36261176202647005 -0.9218653227591631 0.13666395550474383
    outer loop
      vertex 4.5981574058532715 -1.0451785326004028 1.6788394451141357
      vertex 4.580031394958496 -1.0566825866699219 1.649332880973816
      vertex 4.611399173736572 -1.04771888256073 1.6265690326690674
    endloop
  endfacet
  facet normal 0.36261430998133065 -0.921864232691097 0.1366645480057597
    outer loop
      vertex 4.6284098625183105 -1.036922574043274 1.654260277748108
      vertex 4.5981574058532715 -1.0451785326004028 1.6788394451141357
      vertex 4.611399173736572 -1.04771888256073 1.6265690326690674
    endloop
  endfacet
  facet normal 0.5158256384701274 0.3863029371515688 0.7646528306656273
    outer loop
      vertex 4.612418174743652 -0.9874714016914368 1.6400651931762695
      vertex 4.643335342407227 -0.9384735822677612 1.5944551229476929
      vertex 4.626679420471191 -0.9297642707824707 1.6012910604476929
    endloop
  endfacet
  facet normal 0.5158251850390307 0.38630548336134646 0.7646518501935415
    outer loop
      vertex 4.65866231918335 -1.0286664962768555 1.6296812295913696
      vertex 4.676646709442139 -0.9558921456336975 1.5807832479476929
      vertex 4.6599907875061035 -0.9471828937530518 1.5876191854476929
    endloop
  endfacet
  facet normal 0.5158362695062344 0.3862991555910592 0.7646475694406711
    outer loop
      vertex 4.6599907875061035 -0.9471828937530518 1.5876191854476929
      vertex 4.643335342407227 -0.9384735822677612 1.5944551229476929
      vertex 4.6284098625183105 -1.036922574043274 1.654260277748108
    endloop
  endfacet
  facet normal 0.5158296892471388 0.3863051804231568 0.764648964734428
    outer loop
      vertex 4.6284098625183105 -1.036922574043274 1.654260277748108
      vertex 4.612418174743652 -0.9874714016914368 1.6400651931762695
      vertex 4.5981574058532715 -1.0451785326004028 1.6788394451141357
    endloop
  endfacet
  facet normal 0.5158268366882327 0.38630500582408883 0.7646509772618236
    outer loop
      vertex 4.6284098625183105 -1.036922574043274 1.654260277748108
      vertex 4.65866231918335 -1.0286664962768555 1.6296812295913696
      vertex 4.6599907875061035 -0.9471828937530518 1.5876191854476929
    endloop
  endfacet
  facet normal 0.5158237981841478 0.38630451291653073 0.7646532760194006
    outer loop
      vertex 4.612418174743652 -0.9874714016914368 1.6400651931762695
      vertex 4.6284098625183105 -1.036922574043274 1.654260277748108
      vertex 4.643335342407227 -0.9384735822677612 1.5944551229476929
    endloop
  endfacet
  facet normal -0.49985522149875616 -0.32613910517098393 -0.8023578014942581
    outer loop
      vertex 4.488636493682861 -1.5642365217208862 1.9562636613845825
      vertex 4.508062839508057 -1.5631743669509888 1.9437296390533447
      vertex 4.502580642700195 -1.5825077295303345 1.9550034999847412
    endloop
  endfacet
  facet normal -0.4998532402483626 -0.3261478690056945 -0.8023554734382118
    outer loop
      vertex 4.466229438781738 -1.5083609819412231 1.9475101232528687
      vertex 4.508062839508057 -1.5631743669509888 1.9437296390533447
      vertex 4.488636493682861 -1.5642365217208862 1.9562636613845825
    endloop
  endfacet
  facet normal -0.4998464989286896 -0.32614529183909335 -0.8023607206985672
    outer loop
      vertex 4.460747241973877 -1.5276942253112793 1.9587839841842651
      vertex 4.466229438781738 -1.5083609819412231 1.9475101232528687
      vertex 4.474691867828369 -1.5459654331207275 1.9575238227844238
    endloop
  endfacet
  facet normal -0.4998436778618348 -0.32614514127636307 -0.8023625393320499
    outer loop
      vertex 4.488636493682861 -1.5642365217208862 1.9562636613845825
      vertex 4.474691867828369 -1.5459654331207275 1.9575238227844238
      vertex 4.466229438781738 -1.5083609819412231 1.9475101232528687
    endloop
  endfacet
  facet normal -0.49984577039022676 -0.3261416733841182 -0.8023626453825026
    outer loop
      vertex 4.466229438781738 -1.5083609819412231 1.9475101232528687
      vertex 4.513545036315918 -1.5438411235809326 1.9324558973312378
      vertex 4.508062839508057 -1.5631743669509888 1.9437296390533447
    endloop
  endfacet
  facet normal -0.4998391294240226 -0.3261391794226929 -0.8023677961771195
    outer loop
      vertex 4.505083084106445 -1.5062366724014282 1.9224421977996826
      vertex 4.5190277099609375 -1.5245078802108765 1.9211820363998413
      vertex 4.513545036315918 -1.5438411235809326 1.9324558973312378
    endloop
  endfacet
  facet normal -0.49984646467739646 -0.32613957083855855 -0.8023630674967219
    outer loop
      vertex 4.471712112426758 -1.489027738571167 1.9362362623214722
      vertex 4.505083084106445 -1.5062366724014282 1.9224421977996826
      vertex 4.513545036315918 -1.5438411235809326 1.9324558973312378
    endloop
  endfacet
  facet normal -0.49985226401526084 -0.32613665225051663 -0.8023606409948356
    outer loop
      vertex 4.477194309234619 -1.4696943759918213 1.9249625205993652
      vertex 4.491138458251953 -1.4879655838012695 1.923702359199524
      vertex 4.471712112426758 -1.489027738571167 1.9362362623214722
    endloop
  endfacet
  facet normal -0.4998492921707914 -0.3261497979352401 -0.8023571489200809
    outer loop
      vertex 4.505083084106445 -1.5062366724014282 1.9224421977996826
      vertex 4.471712112426758 -1.489027738571167 1.9362362623214722
      vertex 4.491138458251953 -1.4879655838012695 1.923702359199524
    endloop
  endfacet
  facet normal -0.4998433388486277 -0.32613697826436056 -0.8023660685854356
    outer loop
      vertex 4.466229438781738 -1.5083609819412231 1.9475101232528687
      vertex 4.471712112426758 -1.489027738571167 1.9362362623214722
      vertex 4.513545036315918 -1.5438411235809326 1.9324558973312378
    endloop
  endfacet
  facet normal -0.6190135528876589 -0.5134228005811603 0.5943225127696203
    outer loop
      vertex 4.505083084106445 -1.5062366724014282 1.9224421977996826
      vertex 4.499319553375244 -1.5373669862747192 1.8895463943481445
      vertex 4.5190277099609375 -1.5245078802108765 1.9211820363998413
    endloop
  endfacet
  facet normal -0.619016760136342 -0.5134206447893268 0.5943210346053874
    outer loop
      vertex 4.477779865264893 -1.5103667974472046 1.8904365301132202
      vertex 4.499319553375244 -1.5373669862747192 1.8895463943481445
      vertex 4.505083084106445 -1.5062366724014282 1.9224421977996826
    endloop
  endfacet
  facet normal -0.6190199465748765 -0.5134204586995402 0.5943178765031311
    outer loop
      vertex 4.491138458251953 -1.4879655838012695 1.923702359199524
      vertex 4.456240177154541 -1.48336660861969 1.8913265466690063
      vertex 4.477779865264893 -1.5103667974472046 1.8904365301132202
    endloop
  endfacet
  facet normal -0.6190223799913009 -0.5134133135118053 0.5943215144841504
    outer loop
      vertex 4.456240177154541 -1.48336660861969 1.8913265466690063
      vertex 4.491138458251953 -1.4879655838012695 1.923702359199524
      vertex 4.477194309234619 -1.4696943759918213 1.9249625205993652
    endloop
  endfacet
  facet normal -0.6190138663209815 -0.5134261665432276 0.5943192785120436
    outer loop
      vertex 4.505083084106445 -1.5062366724014282 1.9224421977996826
      vertex 4.491138458251953 -1.4879655838012695 1.923702359199524
      vertex 4.477779865264893 -1.5103667974472046 1.8904365301132202
    endloop
  endfacet
  facet normal 0.6190171002097937 0.5134183458717766 -0.5943226663775723
    outer loop
      vertex 4.4515299797058105 -1.5337083339691162 1.94398832321167
      vertex 4.45308256149292 -1.5532225370407104 1.9287476539611816
      vertex 4.442312717437744 -1.5397224426269531 1.9291926622390747
    endloop
  endfacet
  facet normal 0.61901365135868 0.5134228648325786 -0.594322354702145
    outer loop
      vertex 4.460747241973877 -1.5276942253112793 1.9587839841842651
      vertex 4.474691867828369 -1.5459654331207275 1.9575238227844238
      vertex 4.4515299797058105 -1.5337083339691162 1.94398832321167
    endloop
  endfacet
  facet normal 0.6190136061233242 0.5134198770678386 -0.5943249828720341
    outer loop
      vertex 4.45308256149292 -1.5532225370407104 1.9287476539611816
      vertex 4.4515299797058105 -1.5337083339691162 1.94398832321167
      vertex 4.474691867828369 -1.5459654331207275 1.9575238227844238
    endloop
  endfacet
  facet normal 0.6190063100448064 0.5134315950064515 -0.5943224590858434
    outer loop
      vertex 4.474691867828369 -1.5459654331207275 1.9575238227844238
      vertex 4.463852882385254 -1.5667226314544678 1.9283026456832886
      vertex 4.45308256149292 -1.5532225370407104 1.9287476539611816
    endloop
  endfacet
  facet normal 0.6190167183095557 0.5134180623909802 -0.5943233090363862
    outer loop
      vertex 4.47462272644043 -1.580222725868225 1.9278576374053955
      vertex 4.463852882385254 -1.5667226314544678 1.9283026456832886
      vertex 4.488636493682861 -1.5642365217208862 1.9562636613845825
    endloop
  endfacet
  facet normal 0.6190191243537806 0.5134198483734054 -0.5943192601460163
    outer loop
      vertex 4.4853925704956055 -1.5937228202819824 1.9274126291275024
      vertex 4.47462272644043 -1.580222725868225 1.9278576374053955
      vertex 4.4939866065979 -1.5881152153015137 1.9412081241607666
    endloop
  endfacet
  facet normal 0.6190232556614971 0.5134138848562769 -0.5943201088529869
    outer loop
      vertex 4.502580642700195 -1.5825077295303345 1.9550034999847412
      vertex 4.4939866065979 -1.5881152153015137 1.9412081241607666
      vertex 4.488636493682861 -1.5642365217208862 1.9562636613845825
    endloop
  endfacet
  facet normal 0.619019666941672 0.5134148900309561 -0.5943229783829016
    outer loop
      vertex 4.47462272644043 -1.580222725868225 1.9278576374053955
      vertex 4.488636493682861 -1.5642365217208862 1.9562636613845825
      vertex 4.4939866065979 -1.5881152153015137 1.9412081241607666
    endloop
  endfacet
  facet normal 0.6190129943462273 0.5134255975849201 -0.5943206782327914
    outer loop
      vertex 4.474691867828369 -1.5459654331207275 1.9575238227844238
      vertex 4.488636493682861 -1.5642365217208862 1.9562636613845825
      vertex 4.463852882385254 -1.5667226314544678 1.9283026456832886
    endloop
  endfacet
  facet normal -0.5158229178286491 -0.3863029231819326 -0.7646546730281798
    outer loop
      vertex 4.443479537963867 -1.6491625308990479 1.9836950302124023
      vertex 4.430987358093262 -1.6426305770874023 1.988822102546692
      vertex 4.442896366119385 -1.5944424867630005 1.9564439058303833
    endloop
  endfacet
  facet normal -0.5158320377952226 -0.3863005528568567 -0.7646497182674659
    outer loop
      vertex 4.443479537963867 -1.6491625308990479 1.9836950302124023
      vertex 4.442896366119385 -1.5944424867630005 1.9564439058303833
      vertex 4.455388069152832 -1.600974440574646 1.9513169527053833
    endloop
  endfacet
  facet normal -0.5158320377952226 -0.3863005528568567 -0.7646497182674659
    outer loop
      vertex 4.4559712409973145 -1.6556944847106934 1.9785680770874023
      vertex 4.443479537963867 -1.6491625308990479 1.9836950302124023
      vertex 4.455388069152832 -1.600974440574646 1.9513169527053833
    endloop
  endfacet
  facet normal -0.5158374076697596 -0.3862991571719312 -0.764646800828198
    outer loop
      vertex 4.4559712409973145 -1.6556944847106934 1.9785680770874023
      vertex 4.455388069152832 -1.600974440574646 1.9513169527053833
      vertex 4.467879772186279 -1.6075063943862915 1.9461898803710938
    endloop
  endfacet
  facet normal -0.5158188276090141 -0.38630890853098615 -0.764654408392223
    outer loop
      vertex 4.410556793212891 -1.6682239770889282 2.0155344009399414
      vertex 4.442312717437744 -1.5397224426269531 1.9291926622390747
      vertex 4.442896366119385 -1.5944424867630005 1.9564439058303833
    endloop
  endfacet
  facet normal -0.5158409606154523 -0.38629348847526535 -0.7646472677731462
    outer loop
      vertex 4.410556793212891 -1.6682239770889282 2.0155344009399414
      vertex 4.442896366119385 -1.5944424867630005 1.9564439058303833
      vertex 4.430987358093262 -1.6426305770874023 1.988822102546692
    endloop
  endfacet
  facet normal -0.5158323222366937 -0.3863054013084362 -0.7646470769288455
    outer loop
      vertex 4.45308256149292 -1.5532225370407104 1.9287476539611816
      vertex 4.442896366119385 -1.5944424867630005 1.9564439058303833
      vertex 4.442312717437744 -1.5397224426269531 1.9291926622390747
    endloop
  endfacet
  facet normal -0.5158318885924685 -0.38629994911727067 -0.7646501239280102
    outer loop
      vertex 4.455388069152832 -1.600974440574646 1.9513169527053833
      vertex 4.442896366119385 -1.5944424867630005 1.9564439058303833
      vertex 4.463852882385254 -1.5667226314544678 1.9283026456832886
    endloop
  endfacet
  facet normal -0.5158186664375899 -0.3863125417447767 -0.7646526815785298
    outer loop
      vertex 4.45308256149292 -1.5532225370407104 1.9287476539611816
      vertex 4.463852882385254 -1.5667226314544678 1.9283026456832886
      vertex 4.442896366119385 -1.5944424867630005 1.9564439058303833
    endloop
  endfacet
  facet normal -0.5158290634579641 -0.38630265686230436 -0.764650661801325
    outer loop
      vertex 4.410556793212891 -1.6682239770889282 2.0155344009399414
      vertex 4.443479537963867 -1.6491625308990479 1.9836950302124023
      vertex 4.378800392150879 -1.7967255115509033 2.1018762588500977
    endloop
  endfacet
  facet normal -0.5158253298856279 -0.38630460913563036 -0.7646521941438155
    outer loop
      vertex 4.347043991088867 -1.9252270460128784 2.188218116760254
      vertex 4.378800392150879 -1.7967255115509033 2.1018762588500977
      vertex 4.37202787399292 -1.9382909536361694 2.177964210510254
    endloop
  endfacet
  facet normal -0.5158305200784441 -0.38630293388006004 -0.7646495392212433
    outer loop
      vertex 4.378800392150879 -1.7967255115509033 2.1018762588500977
      vertex 4.426471710205078 -1.8321442604064941 2.087610960006714
      vertex 4.37202787399292 -1.9382909536361694 2.177964210510254
    endloop
  endfacet
  facet normal -0.5158245705375617 -0.38630961112689854 -0.7646501793504822
    outer loop
      vertex 4.443479537963867 -1.6491625308990479 1.9836950302124023
      vertex 4.410556793212891 -1.6682239770889282 2.0155344009399414
      vertex 4.430987358093262 -1.6426305770874023 1.988822102546692
    endloop
  endfacet
  facet normal -0.5158359988405743 -0.3862934563361927 -0.7646506312637067
    outer loop
      vertex 4.455388069152832 -1.600974440574646 1.9513169527053833
      vertex 4.47462272644043 -1.580222725868225 1.9278576374053955
      vertex 4.467879772186279 -1.6075063943862915 1.9461898803710938
    endloop
  endfacet
  facet normal -0.5158166189045523 -0.3863100275041718 -0.7646553330171719
    outer loop
      vertex 4.4559712409973145 -1.6556944847106934 1.9785680770874023
      vertex 4.467879772186279 -1.6075063943862915 1.9461898803710938
      vertex 4.4853925704956055 -1.5937228202819824 1.9274126291275024
    endloop
  endfacet
  facet normal -0.5158249353956194 -0.3862992415378778 -0.7646551719640464
    outer loop
      vertex 4.47462272644043 -1.580222725868225 1.9278576374053955
      vertex 4.4853925704956055 -1.5937228202819824 1.9274126291275024
      vertex 4.467879772186279 -1.6075063943862915 1.9461898803710938
    endloop
  endfacet
  facet normal -0.5158326912227892 -0.3863031969215683 -0.7646479416790649
    outer loop
      vertex 4.455932140350342 -1.7129335403442383 2.007511854171753
      vertex 4.443479537963867 -1.6491625308990479 1.9836950302124023
      vertex 4.4559712409973145 -1.6556944847106934 1.9785680770874023
    endloop
  endfacet
  facet normal -0.5158258539303712 -0.38630352290634645 -0.7646523893947819
    outer loop
      vertex 4.443479537963867 -1.6491625308990479 1.9836950302124023
      vertex 4.455932140350342 -1.7129335403442383 2.007511854171753
      vertex 4.426471710205078 -1.8321442604064941 2.087610960006714
    endloop
  endfacet
  facet normal -0.5158258022235463 -0.3863065204585346 -0.7646509099004947
    outer loop
      vertex 4.426471710205078 -1.8321442604064941 2.087610960006714
      vertex 4.397011756896973 -1.9513548612594604 2.167710304260254
      vertex 4.37202787399292 -1.9382909536361694 2.177964210510254
    endloop
  endfacet
  facet normal -0.5158220054073971 -0.3863061061393266 -0.7646536804965779
    outer loop
      vertex 4.455932140350342 -1.7129335403442383 2.007511854171753
      vertex 4.4559712409973145 -1.6556944847106934 1.9785680770874023
      vertex 4.4853925704956055 -1.5937228202819824 1.9274126291275024
    endloop
  endfacet
  facet normal -0.5158300464534599 -0.38630197201015515 -0.7646503446653815
    outer loop
      vertex 4.443479537963867 -1.6491625308990479 1.9836950302124023
      vertex 4.426471710205078 -1.8321442604064941 2.087610960006714
      vertex 4.378800392150879 -1.7967255115509033 2.1018762588500977
    endloop
  endfacet
  facet normal -0.5158281366605008 -0.3863019110214479 -0.764651663812048
    outer loop
      vertex 4.47462272644043 -1.580222725868225 1.9278576374053955
      vertex 4.455388069152832 -1.600974440574646 1.9513169527053833
      vertex 4.463852882385254 -1.5667226314544678 1.9283026456832886
    endloop
  endfacet
endsolid beam