solid beam
  facet normal 0.5472746772696454 -0.6998300433371211 0.4590515636202199
    outer loop
      vertex 0.44236665964126587 0.6470388770103455 1.1470754146575928
      vertex 0.4686790406703949 0.6478608846664429 1.1169593334197998
      vertex 0.4997273087501526 0.6907017230987549 1.145255446434021
    endloop
  endfacet
  facet normal 0.5472750034981948 -0.6998305183024439 0.4590504506027454
    outer loop
      vertex 0.44236665964126587 0.6470388770103455 1.1470754146575928
      vertex 0.4997273087501526 0.6907017230987549 1.145255446434021
      vertex 0.47341492772102356 0.6898796558380127 1.175371527671814
    endloop
  endfacet
  facet normal 0.5472759034310957 -0.699830490187048 0.4590494205728116
    outer loop
      vertex 0.41605427861213684 0.6462168097496033 1.1771916151046753
      vertex 0.44236665964126587 0.6470388770103455 1.1470754146575928
      vertex 0.47341492772102356 0.6898796558380127 1.175371527671814
    endloop
  endfacet
  facet normal 0.5472754496492229 -0.6998298295085886 0.4590509687836642
    outer loop
      vertex 0.41605427861213684 0.6462168097496033 1.1771916151046753
      vertex 0.47341492772102356 0.6898796558380127 1.175371527671814
      vertex 0.44710251688957214 0.6890576481819153 1.2054877281188965
    endloop
  endfacet
  facet normal 0.5174716646351747 0.7140135751517541 0.4716011988944808
    outer loop
      vertex 0.38034409284591675 0.785914957523346 1.1320955753326416
      vertex 0.4181087017059326 0.7376232743263245 1.1637723445892334
      vertex 0.42687949538230896 0.7378972768783569 1.1537336111068726
    endloop
  endfacet
  facet normal 0.5174693368712651 0.7140129183334842 0.47160474748555536
    outer loop
      vertex 0.38034409284591675 0.785914957523346 1.1320955753326416
      vertex 0.42687949538230896 0.7378972768783569 1.1537336111068726
      vertex 0.3891148865222931 0.7861889600753784 1.1220569610595703
    endloop
  endfacet
  facet normal 0.5174730994349859 0.7140136199718613 0.47159955667475745
    outer loop
      vertex 0.35707640647888184 0.8099237680435181 1.121276617050171
      vertex 0.37595871090888977 0.7857779264450073 1.1371150016784668
      vertex 0.38034409284591675 0.785914957523346 1.1320955753326416
    endloop
  endfacet
  facet normal 0.5174719682071935 0.7140133007781388 0.47160128120233136
    outer loop
      vertex 0.35707640647888184 0.8099237680435181 1.121276617050171
      vertex 0.38034409284591675 0.785914957523346 1.1320955753326416
      vertex 0.3614617884159088 0.8100607395172119 1.1162573099136353
    endloop
  endfacet
  facet normal 0.5174689993425365 0.7140133499520183 0.4716044643657761
    outer loop
      vertex 0.22928565740585327 0.9790815114974976 1.005388855934143
      vertex 0.26705026626586914 0.9307898879051208 1.0370655059814453
      vertex 0.2758210599422455 0.9310638904571533 1.027026891708374
    endloop
  endfacet
  facet normal 0.5174713271044783 0.7140140067699322 0.4716009157763345
    outer loop
      vertex 0.22928565740585327 0.9790815114974976 1.005388855934143
      vertex 0.2758210599422455 0.9310638904571533 1.027026891708374
      vertex 0.23805645108222961 0.97935551404953 0.9953501224517822
    endloop
  endfacet
  facet normal 0.517468286502062 0.7140133276789443 0.4716052802518864
    outer loop
      vertex 0.20029184222221375 1.0276471376419067 0.96367347240448
      vertex 0.23805645108222961 0.97935551404953 0.9953501224517822
      vertex 0.24682724475860596 0.9796295762062073 0.9853114485740662
    endloop
  endfacet
  facet normal 0.5174694503856171 0.7140136560927891 0.47160350595666245
    outer loop
      vertex 0.20029184222221375 1.0276471376419067 0.96367347240448
      vertex 0.24682724475860596 0.9796295762062073 0.9853114485740662
      vertex 0.2090626358985901 1.027921199798584 0.9536347389221191
    endloop
  endfacet
  facet normal 0.5174715500412262 0.7140137216890962 0.4716011027739618
    outer loop
      vertex 0.2090626358985901 1.027921199798584 0.9536347389221191
      vertex 0.24682724475860596 0.9796295762062073 0.9853114485740662
      vertex 0.2555980384349823 0.9799035787582397 0.9752727150917053
    endloop
  endfacet
  facet normal 0.5174697879174207 0.7140132244745121 0.47160378907321077
    outer loop
      vertex 0.2090626358985901 1.027921199798584 0.9536347389221191
      vertex 0.2555980384349823 0.9799035787582397 0.9752727150917053
      vertex 0.21783342957496643 1.0281952619552612 0.9435960054397583
    endloop
  endfacet
  facet normal 0.5174697879174207 0.7140132244745121 0.47160378907321077
    outer loop
      vertex 0.17129802703857422 1.0762128829956055 0.9219580292701721
      vertex 0.2090626358985901 1.027921199798584 0.9536347389221191
      vertex 0.21783342957496643 1.0281952619552612 0.9435960054397583
    endloop
  endfacet
  facet normal 0.5174733121620168 0.7140142188968264 0.47159841646598727
    outer loop
      vertex 0.17129802703857422 1.0762128829956055 0.9219580292701721
      vertex 0.21783342957496643 1.0281952619552612 0.9435960054397583
      vertex 0.18006882071495056 1.0764868259429932 0.9119192957878113
    endloop
  endfacet
  facet normal 0.5174718875717916 0.7140132900707398 0.47160138589198886
    outer loop
      vertex 0.1915210485458374 1.027373194694519 0.973712146282196
      vertex 0.22928565740585327 0.9790815114974976 1.005388855934143
      vertex 0.23805645108222961 0.97935551404953 0.9953501224517822
    endloop
  endfacet
  facet normal 0.5174724858252885 0.714013458877192 0.47160047387171355
    outer loop
      vertex 0.1915210485458374 1.027373194694519 0.973712146282196
      vertex 0.23805645108222961 0.97935551404953 0.9953501224517822
      vertex 0.20029184222221375 1.0276471376419067 0.96367347240448
    endloop
  endfacet
  facet normal 0.5174697573398448 0.714013263575562 0.4716037634252053
    outer loop
      vertex 0.0782272070646286 1.172248125076294 0.8786820769309998
      vertex 0.11599182337522507 1.1239564418792725 0.9103587865829468
      vertex 0.12476261705160141 1.1242305040359497 0.9003200531005859
    endloop
  endfacet
  facet normal 0.5174731219500635 0.7140142129552605 0.471598634176494
    outer loop
      vertex 0.0782272070646286 1.172248125076294 0.8786820769309998
      vertex 0.12476261705160141 1.1242305040359497 0.9003200531005859
      vertex 0.08699800819158554 1.1725220680236816 0.8686433434486389
    endloop
  endfacet
  facet normal 0.51747328158439 0.7140142579981479 0.47159839081748034
    outer loop
      vertex 0.06677498668432236 1.221361756324768 0.816889226436615
      vertex 0.10453960299491882 1.1730701923370361 0.848565936088562
      vertex 0.11331039667129517 1.1733441352844238 0.8385272026062012
    endloop
  endfacet
  facet normal 0.517468433820873 0.7140128901170807 0.471605781077402
    outer loop
      vertex 0.06677498668432236 1.221361756324768 0.816889226436615
      vertex 0.11331039667129517 1.1733441352844238 0.8385272026062012
      vertex 0.0755457878112793 1.2216358184814453 0.8068505525588989
    endloop
  endfacet
  facet normal 0.5174686087441654 0.7140129156109883 0.4716055505452343
    outer loop
      vertex 0.04923339560627937 1.2208137512207031 0.8369666934013367
      vertex 0.08699800819158554 1.1725220680236816 0.8686433434486389
      vertex 0.09576880186796188 1.1727961301803589 0.8586046695709229
    endloop
  endfacet
  facet normal 0.5174696928116168 0.7140132215031015 0.4716038979272902
    outer loop
      vertex 0.04923339560627937 1.2208137512207031 0.8369666934013367
      vertex 0.09576880186796188 1.1727961301803589 0.8586046695709229
      vertex 0.058004193007946014 1.2210878133773804 0.8269279599189758
    endloop
  endfacet
  facet normal 0.517469597705837 0.714013218531677 0.47160400678131964
    outer loop
      vertex 0.058004193007946014 1.2210878133773804 0.8269279599189758
      vertex 0.09576880186796188 1.1727961301803589 0.8586046695709229
      vertex 0.10453960299491882 1.1730701923370361 0.848565936088562
    endloop
  endfacet
  facet normal 0.51747328158439 0.7140142579981479 0.47159839081748034
    outer loop
      vertex 0.058004193007946014 1.2210878133773804 0.8269279599189758
      vertex 0.10453960299491882 1.1730701923370361 0.848565936088562
      vertex 0.06677498668432236 1.221361756324768 0.816889226436615
    endloop
  endfacet
  facet normal 0.517473797009069 0.7140133497181387 0.47159920041630665
    outer loop
      vertex 0.04046259820461273 1.2205398082733154 0.8470053672790527
      vertex 0.0782272070646286 1.172248125076294 0.8786820769309998
      vertex 0.08699800819158554 1.1725220680236816 0.8686433434486389
    endloop
  endfacet
  facet normal 0.517472712958584 0.7140130438381731 0.4716008530232213
    outer loop
      vertex 0.04046259820461273 1.2205398082733154 0.8470053672790527
      vertex 0.08699800819158554 1.1725220680236816 0.8686433434486389
      vertex 0.04923339560627937 1.2208137512207031 0.8369666934013367
    endloop
  endfacet
  facet normal 0.5174701867493632 0.7140133370125664 0.47160318106831983
    outer loop
      vertex 0.40665650367736816 0.7867369651794434 1.1019794940948486
      vertex 0.47341492772102356 0.6898796558380127 1.175371527671814
      vertex 0.4997273087501526 0.6907017230987549 1.145255446434021
    endloop
  endfacet
  facet normal 0.5174705747087803 0.7140134464824348 0.4716025896375462
    outer loop
      vertex 0.4997273087501526 0.6907017230987549 1.145255446434021
      vertex 0.4430803954601288 0.7631391882896423 1.0977404117584229
      vertex 0.40665650367736816 0.7867369651794434 1.1019794940948486
    endloop
  endfacet
  facet normal 0.5174709523587635 0.7140136529961417 0.47160186259176234
    outer loop
      vertex 0.3436114490032196 0.8551304340362549 1.0676075220108032
      vertex 0.36037150025367737 0.8339471817016602 1.0812891721725464
      vertex 0.40665650367736816 0.7867369651794434 1.1019794940948486
    endloop
  endfacet
  facet normal 0.517470637603403 0.7140133071579018 0.47160273156520566
    outer loop
      vertex 0.42687949538230896 0.7378972768783569 1.1537336111068726
      vertex 0.47341492772102356 0.6898796558380127 1.175371527671814
      vertex 0.40665650367736816 0.7867369651794434 1.1019794940948486
    endloop
  endfacet
  facet normal 0.517471730084847 0.7140129931046557 0.47160200830862253
    outer loop
      vertex 0.3891148865222931 0.7861889600753784 1.1220569610595703
      vertex 0.42687949538230896 0.7378972768783569 1.1537336111068726
      vertex 0.40665650367736816 0.7867369651794434 1.1019794940948486
    endloop
  endfacet
  facet normal 0.5174710396619884 0.7140137348308765 0.4716016428979056
    outer loop
      vertex 0.3891148865222931 0.7861889600753784 1.1220569610595703
      vertex 0.36037150025367737 0.8339471817016602 1.0812891721725464
      vertex 0.347553014755249 0.8334124684333801 1.0961639881134033
    endloop
  endfacet
  facet normal 0.5174711642797918 0.7140137166306181 0.47160153371490215
    outer loop
      vertex 0.3891148865222931 0.7861889600753784 1.1220569610595703
      vertex 0.40665650367736816 0.7867369651794434 1.1019794940948486
      vertex 0.36037150025367737 0.8339471817016602 1.0812891721725464
    endloop
  endfacet
  facet normal 0.5174695667513437 0.7140135107126299 0.4716035983810998
    outer loop
      vertex 0.347553014755249 0.8334124684333801 1.0961639881134033
      vertex 0.3614617884159088 0.8100607395172119 1.1162573099136353
      vertex 0.3891148865222931 0.7861889600753784 1.1220569610595703
    endloop
  endfacet
  facet normal 0.5174705747087803 0.7140134464824348 0.4716025896375462
    outer loop
      vertex 0.386433482170105 0.8355766534805298 1.0502253770828247
      vertex 0.40665650367736816 0.7867369651794434 1.1019794940948486
      vertex 0.4430803954601288 0.7631391882896423 1.0977404117584229
    endloop
  endfacet
  facet normal 0.5174716506676174 0.7140135930128115 0.4716011871786017
    outer loop
      vertex 0.4181087017059326 0.7376232743263245 1.1637723445892334
      vertex 0.47341492772102356 0.6898796558380127 1.175371527671814
      vertex 0.42687949538230896 0.7378972768783569 1.1537336111068726
    endloop
  endfacet
  facet normal 0.5174706038897994 0.7140134380938586 0.47160257031881603
    outer loop
      vertex 0.2555980384349823 0.9799035787582397 0.9752727150917053
      vertex 0.40665650367736816 0.7867369651794434 1.1019794940948486
      vertex 0.386433482170105 0.8355766534805298 1.0502253770828247
    endloop
  endfacet
  facet normal 0.5174706630350518 0.7140134492419065 0.47160248854277603
    outer loop
      vertex 0.2555980384349823 0.9799035787582397 0.9752727150917053
      vertex 0.386433482170105 0.8355766534805298 1.0502253770828247
      vertex 0.3297865688800812 0.9080141186714172 1.0027103424072266
    endloop
  endfacet
  facet normal 0.5174715066989977 0.71401377711308 0.47160106641883476
    outer loop
      vertex 0.3297865688800812 0.9080141186714172 1.0027103424072266
      vertex 0.273139625787735 0.9804515838623047 0.9551952481269836
      vertex 0.2555980384349823 0.9799035787582397 0.9752727150917053
    endloop
  endfacet
  facet normal 0.5174718875717916 0.7140132900707398 0.47160138589198886
    outer loop
      vertex 0.21783342957496643 1.0281952619552612 0.9435960054397583
      vertex 0.2555980384349823 0.9799035787582397 0.9752727150917053
      vertex 0.273139625787735 0.9804515838623047 0.9551952481269836
    endloop
  endfacet
  facet normal 0.5174716447114182 0.7140131317264854 0.47160189211006814
    outer loop
      vertex 0.21783342957496643 1.0281952619552612 0.9435960054397583
      vertex 0.273139625787735 0.9804515838623047 0.9551952481269836
      vertex 0.21649272739887238 1.052889108657837 0.9076802134513855
    endloop
  endfacet
  facet normal 0.5174694474243385 0.7140134019626591 0.4716038939619349
    outer loop
      vertex 0.32685139775276184 0.8763136863708496 1.05392587184906
      vertex 0.40665650367736816 0.7867369651794434 1.1019794940948486
      vertex 0.2555980384349823 0.9799035787582397 0.9752727150917053
    endloop
  endfacet
  facet normal 0.5174709523587635 0.7140136529961417 0.47160186259176234
    outer loop
      vertex 0.3436114490032196 0.8551304340362549 1.0676075220108032
      vertex 0.40665650367736816 0.7867369651794434 1.1019794940948486
      vertex 0.32685139775276184 0.8763136863708496 1.05392587184906
    endloop
  endfacet
  facet normal 0.5174678406241257 0.7140138978457675 0.4716049062540575
    outer loop
      vertex 0.23805645108222961 0.97935551404953 0.9953501224517822
      vertex 0.2758210599422455 0.9310638904571533 1.027026891708374
      vertex 0.24682724475860596 0.9796295762062073 0.9853114485740662
    endloop
  endfacet
  facet normal 0.5174722169091097 0.7140132406094859 0.47160109940659767
    outer loop
      vertex 0.32685139775276184 0.8763136863708496 1.05392587184906
      vertex 0.24682724475860596 0.9796295762062073 0.9853114485740662
      vertex 0.2758210599422455 0.9310638904571533 1.027026891708374
    endloop
  endfacet
  facet normal 0.5174731795898553 0.7140134575438165 0.47159971464313866
    outer loop
      vertex 0.2758210599422455 0.9310638904571533 1.027026891708374
      vertex 0.3141723871231079 0.8757848143577576 1.0686389207839966
      vertex 0.32685139775276184 0.8763136863708496 1.05392587184906
    endloop
  endfacet
  facet normal 0.5174719313550638 0.7140132340826937 0.4716014226170577
    outer loop
      vertex 0.32685139775276184 0.8763136863708496 1.05392587184906
      vertex 0.2555980384349823 0.9799035787582397 0.9752727150917053
      vertex 0.24682724475860596 0.9796295762062073 0.9853114485740662
    endloop
  endfacet
  facet normal 0.5174730994349859 0.7140136199718613 0.47159955667475745
    outer loop
      vertex 0.37595871090888977 0.7857779264450073 1.1371150016784668
      vertex 0.4181087017059326 0.7376232743263245 1.1637723445892334
      vertex 0.38034409284591675 0.785914957523346 1.1320955753326416
    endloop
  endfacet
  facet normal 0.5174691076882173 0.7140132114038572 0.47160455524635353
    outer loop
      vertex 0.38034409284591675 0.785914957523346 1.1320955753326416
      vertex 0.3891148865222931 0.7861889600753784 1.1220569610595703
      vertex 0.3614617884159088 0.8100607395172119 1.1162573099136353
    endloop
  endfacet
  facet normal 0.5174715454677402 0.7140133935029874 0.4716016046723935
    outer loop
      vertex 0.40420883893966675 0.7439081072807312 1.1695088148117065
      vertex 0.4181087017059326 0.7376232743263245 1.1637723445892334
      vertex 0.37595871090888977 0.7857779264450073 1.1371150016784668
    endloop
  endfacet
  facet normal 0.5174715361161318 0.7140134721806344 0.4716014958141728
    outer loop
      vertex 0.40420883893966675 0.7439081072807312 1.1695088148117065
      vertex 0.44710251688957214 0.6890576481819153 1.2054877281188965
      vertex 0.4181087017059326 0.7376232743263245 1.1637723445892334
    endloop
  endfacet
  facet normal 0.5174697462040404 0.7140139485442988 0.47160273859224505
    outer loop
      vertex 0.33473455905914307 0.8328777551651001 1.1110386848449707
      vertex 0.36131516098976135 0.7987585663795471 1.1335299015045166
      vertex 0.35707640647888184 0.8099237680435181 1.121276617050171
    endloop
  endfacet
  facet normal 0.5174708370556123 0.7140134503413339 0.47160229593231134
    outer loop
      vertex 0.37595871090888977 0.7857779264450073 1.1371150016784668
      vertex 0.36131516098976135 0.7987585663795471 1.1335299015045166
      vertex 0.40420883893966675 0.7439081072807312 1.1695088148117065
    endloop
  endfacet
  facet normal 0.5174710168005381 0.7140135549136843 0.4716019403808051
    outer loop
      vertex 0.37595871090888977 0.7857779264450073 1.1371150016784668
      vertex 0.35707640647888184 0.8099237680435181 1.121276617050171
      vertex 0.36131516098976135 0.7987585663795471 1.1335299015045166
    endloop
  endfacet
  facet normal 0.5174721043926481 0.7140131266290937 0.4716013954355842
    outer loop
      vertex 0.3614617884159088 0.8100607395172119 1.1162573099136353
      vertex 0.347553014755249 0.8334124684333801 1.0961639881134033
      vertex 0.35707640647888184 0.8099237680435181 1.121276617050171
    endloop
  endfacet
  facet normal 0.5174714785923101 0.7140134808197428 0.47160154585323727
    outer loop
      vertex 0.47341492772102356 0.6898796558380127 1.175371527671814
      vertex 0.4181087017059326 0.7376232743263245 1.1637723445892334
      vertex 0.44710251688957214 0.6890576481819153 1.2054877281188965
    endloop
  endfacet
  facet normal 0.5174695218034276 0.7140138837223375 0.47160308295883346
    outer loop
      vertex 0.33473455905914307 0.8328777551651001 1.1110386848449707
      vertex 0.35707640647888184 0.8099237680435181 1.121276617050171
      vertex 0.347553014755249 0.8334124684333801 1.0961639881134033
    endloop
  endfacet
  facet normal 0.5174694603612761 0.714013826840583 0.4716032364963962
    outer loop
      vertex 0.26705026626586914 0.9307898879051208 1.0370655059814453
      vertex 0.301493376493454 0.8752558827400208 1.0833518505096436
      vertex 0.3141723871231079 0.8757848143577576 1.0686389207839966
    endloop
  endfacet
  facet normal 0.5174686987042858 0.7140137343960118 0.47160421218979204
    outer loop
      vertex 0.2758210599422455 0.9310638904571533 1.027026891708374
      vertex 0.26705026626586914 0.9307898879051208 1.0370655059814453
      vertex 0.3141723871231079 0.8757848143577576 1.0686389207839966
    endloop
  endfacet
  facet normal 0.5174716181160832 0.714013431769934 0.47160146702109
    outer loop
      vertex 0.26705026626586914 0.9307898879051208 1.0370655059814453
      vertex 0.22928565740585327 0.9790815114974976 1.005388855934143
      vertex 0.2129049450159073 0.9885387420654297 1.0090444087982178
    endloop
  endfacet
  facet normal 0.5174730326915615 0.714013762188526 0.4715994145907997
    outer loop
      vertex 0.26705026626586914 0.9307898879051208 1.0370655059814453
      vertex 0.2129049450159073 0.9885387420654297 1.0090444087982178
      vertex 0.25719916820526123 0.9318973422050476 1.0461981296539307
    endloop
  endfacet
  facet normal 0.5174345252141096 0.714012314842004 0.47164385543587
    outer loop
      vertex 0.32385918498039246 0.8466986417770386 1.1020468473434448
      vertex 0.31842148303985596 0.853609025478363 1.0975509881973267
      vertex 0.36131516098976135 0.7987585663795471 1.1335299015045166
    endloop
  endfacet
  facet normal 0.5174733121186095 0.7140133256331552 0.4715997689389573
    outer loop
      vertex 0.301493376493454 0.8752558827400208 1.0833518505096436
      vertex 0.26705026626586914 0.9307898879051208 1.0370655059814453
      vertex 0.25719916820526123 0.9318973422050476 1.0461981296539307
    endloop
  endfacet
  facet normal 0.5174547513572607 0.7140129315079132 0.4716207310300002
    outer loop
      vertex 0.32385918498039246 0.8466986417770386 1.1020468473434448
      vertex 0.36131516098976135 0.7987585663795471 1.1335299015045166
      vertex 0.32929685711860657 0.8397881984710693 1.1065428256988525
    endloop
  endfacet
  facet normal 0.517856771723627 0.7140246258243285 0.4711615409776259
    outer loop
      vertex 0.32929685711860657 0.8397881984710693 1.1065428256988525
      vertex 0.36131516098976135 0.7987585663795471 1.1335299015045166
      vertex 0.33473455905914307 0.8328777551651001 1.1110386848449707
    endloop
  endfacet
  facet normal 0.5174696257676101 0.7140141037361772 0.47160263577905615
    outer loop
      vertex 0.21649272739887238 1.052889108657837 0.9076802134513855
      vertex 0.18006882071495056 1.0764868259429932 0.9119192957878113
      vertex 0.21783342957496643 1.0281952619552612 0.9435960054397583
    endloop
  endfacet
  facet normal 0.5174694822240319 0.7140137605348003 0.4716033128952185
    outer loop
      vertex 0.15984579920768738 1.1253265142440796 0.8601651787757874
      vertex 0.18006882071495056 1.0764868259429932 0.9119192957878113
      vertex 0.21649272739887238 1.052889108657837 0.9076802134513855
    endloop
  endfacet
  facet normal 0.5174693999571459 0.7140131150038116 0.4716043805039825
    outer loop
      vertex 0.10319888591766357 1.1977640390396118 0.8126501441001892
      vertex 0.11331039667129517 1.1733441352844238 0.8385272026062012
      vertex 0.15984579920768738 1.1253265142440796 0.8601651787757874
    endloop
  endfacet
  facet normal 0.5174705747087803 0.7140134464824348 0.4716025896375462
    outer loop
      vertex 0.11331039667129517 1.1733441352844238 0.8385272026062012
      vertex 0.18006882071495056 1.0764868259429932 0.9119192957878113
      vertex 0.15984579920768738 1.1253265142440796 0.8601651787757874
    endloop
  endfacet
  facet normal 0.5174702624753029 0.7140126176334622 0.4716041871251277
    outer loop
      vertex 0.20029184222221375 1.0276471376419067 0.96367347240448
      vertex 0.2090626358985901 1.027921199798584 0.9536347389221191
      vertex 0.18662193417549133 1.0460833311080933 0.9507603049278259
    endloop
  endfacet
  facet normal 0.5174710156375283 0.7140132628311203 0.4716023838747238
    outer loop
      vertex 0.17129802703857422 1.0762128829956055 0.9219580292701721
      vertex 0.18662193417549133 1.0460833311080933 0.9507603049278259
      vertex 0.2090626358985901 1.027921199798584 0.9536347389221191
    endloop
  endfacet
  facet normal 0.5174740986886316 0.714013213119782 0.47159907620430414
    outer loop
      vertex 0.17129802703857422 1.0762128829956055 0.9219580292701721
      vertex 0.18006882071495056 1.0764868259429932 0.9119192957878113
      vertex 0.10453960299491882 1.1730701923370361 0.848565936088562
    endloop
  endfacet
  facet normal 0.5174693563547773 0.7140135271591443 0.4716038043395435
    outer loop
      vertex 0.17129802703857422 1.0762128829956055 0.9219580292701721
      vertex 0.10453960299491882 1.1730701923370361 0.848565936088562
      vertex 0.09576880186796188 1.1727961301803589 0.8586046695709229
    endloop
  endfacet
  facet normal 0.5174670940681286 0.7140141286321692 0.4716053759981227
    outer loop
      vertex 0.18662193417549133 1.0460833311080933 0.9507603049278259
      vertex 0.17129802703857422 1.0762128829956055 0.9219580292701721
      vertex 0.16549605131149292 1.0725407600402832 0.9338838458061218
    endloop
  endfacet
  facet normal 0.5174740986886316 0.714013213119782 0.47159907620430414
    outer loop
      vertex 0.11331039667129517 1.1733441352844238 0.8385272026062012
      vertex 0.10453960299491882 1.1730701923370361 0.848565936088562
      vertex 0.18006882071495056 1.0764868259429932 0.9119192957878113
    endloop
  endfacet
  facet normal 0.5174712742277799 0.7140137631117818 0.47160134269956244
    outer loop
      vertex 0.04655197262763977 1.2702014446258545 0.7651351094245911
      vertex 0.0755457878112793 1.2216358184814453 0.8068505525588989
      vertex 0.10319888591766357 1.1977640390396118 0.8126501441001892
    endloop
  endfacet
  facet normal 0.5174701363941361 0.714013933994723 0.4716023324810994
    outer loop
      vertex 0.0755457878112793 1.2216358184814453 0.8068505525588989
      vertex 0.04655197262763977 1.2702014446258545 0.7651351094245911
      vertex 0.03377016633749008 1.2693116664886475 0.7805072069168091
    endloop
  endfacet
  facet normal 0.5174678771844421 0.7140136019174206 0.4716053141761004
    outer loop
      vertex 0.06677498668432236 1.221361756324768 0.816889226436615
      vertex 0.0755457878112793 1.2216358184814453 0.8068505525588989
      vertex 0.03377016633749008 1.2693116664886475 0.7805072069168091
    endloop
  endfacet
  facet normal 0.5174735405238317 0.7140139268776671 0.47159860801582526
    outer loop
      vertex 0.058004193007946014 1.2210878133773804 0.8269279599189758
      vertex 0.06677498668432236 1.221361756324768 0.816889226436615
      vertex 0.020988360047340393 1.2684218883514404 0.7958793640136719
    endloop
  endfacet
  facet normal 0.5174715563684695 0.7140133549702667 0.47160165105064866
    outer loop
      vertex 0.03377016633749008 1.2693116664886475 0.7805072069168091
      vertex 0.020988360047340393 1.2684218883514404 0.7958793640136719
      vertex 0.06677498668432236 1.221361756324768 0.816889226436615
    endloop
  endfacet
  facet normal 0.5174708577103032 0.7140135740654582 0.47160208594834857
    outer loop
      vertex 0.09576880186796188 1.1727961301803589 0.8586046695709229
      vertex 0.12476261705160141 1.1242305040359497 0.9003200531005859
      vertex 0.17129802703857422 1.0762128829956055 0.9219580292701721
    endloop
  endfacet
  facet normal 0.517470010856103 0.7140129393917266 0.47160397607078225
    outer loop
      vertex 0.10319888591766357 1.1977640390396118 0.8126501441001892
      vertex 0.0755457878112793 1.2216358184814453 0.8068505525588989
      vertex 0.11331039667129517 1.1733441352844238 0.8385272026062012
    endloop
  endfacet
  facet normal 0.5174692461128155 0.714013792718505 0.47160352324295707
    outer loop
      vertex 0.020988360047340393 1.2684218883514404 0.7958793640136719
      vertex 0.04923339560627937 1.2208137512207031 0.8369666934013367
      vertex 0.058004193007946014 1.2210878133773804 0.8269279599189758
    endloop
  endfacet
  facet normal 0.5174731736003911 0.7140125793755773 0.47160105078060877
    outer loop
      vertex 0.1915210485458374 1.027373194694519 0.973712146282196
      vertex 0.20029184222221375 1.0276471376419067 0.96367347240448
      vertex 0.18662193417549133 1.0460833311080933 0.9507603049278259
    endloop
  endfacet
  facet normal 0.5174693083798834 0.714014063840696 0.47160304443731027
    outer loop
      vertex 0.11599182337522507 1.1239564418792725 0.9103587865829468
      vertex 0.1271977573633194 1.0981371402740479 0.9371538162231445
      vertex 0.1443701833486557 1.0989983081817627 0.9170074462890625
    endloop
  endfacet
  facet normal 0.5174696231902031 0.7140119301217568 0.4716059294784076
    outer loop
      vertex 0.17129802703857422 1.0762128829956055 0.9219580292701721
      vertex 0.1443701833486557 1.0989983081817627 0.9170074462890625
      vertex 0.16549605131149292 1.0725407600402832 0.9338838458061218
    endloop
  endfacet
  facet normal 0.5174726522985441 0.7140140804367319 0.47159935014925375
    outer loop
      vertex 0.17129802703857422 1.0762128829956055 0.9219580292701721
      vertex 0.12476261705160141 1.1242305040359497 0.9003200531005859
      vertex 0.1443701833486557 1.0989983081817627 0.9170074462890625
    endloop
  endfacet
  facet normal 0.5174715523658735 0.7140130899696404 0.47160205665800387
    outer loop
      vertex 0.16861072182655334 1.0451802015304565 0.9718907475471497
      vertex 0.2129049450159073 0.9885387420654297 1.0090444087982178
      vertex 0.22928565740585327 0.9790815114974976 1.005388855934143
    endloop
  endfacet
  facet normal 0.5174726452290576 0.7140133137392988 0.4716005187048331
    outer loop
      vertex 0.16861072182655334 1.0451802015304565 0.9718907475471497
      vertex 0.22928565740585327 0.9790815114974976 1.005388855934143
      vertex 0.1915210485458374 1.027373194694519 0.973712146282196
    endloop
  endfacet
  facet normal 0.5174722628878955 0.7140129249443276 0.47160152687849405
    outer loop
      vertex 0.18662193417549133 1.0460833311080933 0.9507603049278259
      vertex 0.16861072182655334 1.0451802015304565 0.9718907475471497
      vertex 0.1915210485458374 1.027373194694519 0.973712146282196
    endloop
  endfacet
  facet normal 0.5174691881277736 0.7140139914542434 0.4716032859787584
    outer loop
      vertex 0.11599182337522507 1.1239564418792725 0.9103587865829468
      vertex 0.1443701833486557 1.0989983081817627 0.9170074462890625
      vertex 0.12476261705160141 1.1242305040359497 0.9003200531005859
    endloop
  endfacet
  facet normal 0.5174703951159219 0.714013616537588 0.4716025292314343
    outer loop
      vertex 0.020988360047340393 1.2684218883514404 0.7958793640136719
      vertex 0.008206553757190704 1.2675321102142334 0.8112514615058899
      vertex 0.04923339560627937 1.2208137512207031 0.8369666934013367
    endloop
  endfacet
  facet normal 0.5174677260314928 0.7140140443810552 0.47160481013493116
    outer loop
      vertex 0.12476261705160141 1.1242305040359497 0.9003200531005859
      vertex 0.09576880186796188 1.1727961301803589 0.8586046695709229
      vertex 0.08699800819158554 1.1725220680236816 0.8686433434486389
    endloop
  endfacet
  facet normal 0.5174720692919298 0.7140138669346588 0.4716003131124316
    outer loop
      vertex 0.008206553757190704 1.2675321102142334 0.8112514615058899
      vertex 0.04046259820461273 1.2205398082733154 0.8470053672790527
      vertex 0.04923339560627937 1.2208137512207031 0.8369666934013367
    endloop
  endfacet
  facet normal 0.5174717904401869 0.7140133382924463 0.4716014194625626
    outer loop
      vertex 0.03934908285737038 1.2104740142822266 0.8634669780731201
      vertex 0.08327341824769974 1.1543055772781372 0.9003103971481323
      vertex 0.0782272070646286 1.172248125076294 0.8786820769309998
    endloop
  endfacet
  facet normal 0.5174716355241752 0.7140132821967846 0.47160167437627903
    outer loop
      vertex 0.03934908285737038 1.2104740142822266 0.8634669780731201
      vertex 0.0782272070646286 1.172248125076294 0.8786820769309998
      vertex 0.04046259820461273 1.2205398082733154 0.8470053672790527
    endloop
  endfacet
  facet normal 0.5174718184475653 0.7140133279677604 0.47160140436280856
    outer loop
      vertex 0.11599182337522507 1.1239564418792725 0.9103587865829468
      vertex 0.0782272070646286 1.172248125076294 0.8786820769309998
      vertex 0.08327341824769974 1.1543055772781372 0.9003103971481323
    endloop
  endfacet
  facet normal 0.5174715470458373 0.7140133306887229 0.4716016980427281
    outer loop
      vertex -0.004575252532958984 1.266642451286316 0.8266235589981079
      vertex 0.03934908285737038 1.2104740142822266 0.8634669780731201
      vertex 0.04046259820461273 1.2205398082733154 0.8470053672790527
    endloop
  endfacet
  facet normal 0.5174731209871244 0.7140137943877821 0.47159926895597176
    outer loop
      vertex 0.008206553757190704 1.2675321102142334 0.8112514615058899
      vertex -0.004575252532958984 1.266642451286316 0.8266235589981079
      vertex 0.04046259820461273 1.2205398082733154 0.8470053672790527
    endloop
  endfacet
  facet normal 0.5174718823301121 0.7140133583826719 0.4716012882179487
    outer loop
      vertex 0.1271977573633194 1.0981371402740479 0.9371538162231445
      vertex 0.11599182337522507 1.1239564418792725 0.9103587865829468
      vertex 0.08327341824769974 1.1543055772781372 0.9003103971481323
    endloop
  endfacet
  facet normal -0.5174693883081398 -0.7140136731803904 -0.47160354820065337
    outer loop
      vertex 0.05589687451720238 1.1527283191680908 0.8055117130279541
      vertex 0.016372816637158394 1.2032698392868042 0.7723591923713684
      vertex 0.025143612176179886 1.2035439014434814 0.7623204588890076
    endloop
  endfacet
  facet normal -0.5174693334511766 -0.7140136810347822 -0.47160359650108175
    outer loop
      vertex 0.05589687451720238 1.1527283191680908 0.8055117130279541
      vertex 0.025143612176179886 1.2035439014434814 0.7623204588890076
      vertex 0.06466767191886902 1.153002381324768 0.7954729795455933
    endloop
  endfacet
  facet normal -0.5174679623922415 -0.7140136292264931 -0.47160517933588664
    outer loop
      vertex 0.038355279713869095 1.1521803140640259 0.825589120388031
      vertex -0.0011687782825902104 1.2027218341827393 0.7924365997314453
      vertex 0.007602018769830465 1.2029958963394165 0.7823979258537292
    endloop
  endfacet
  facet normal -0.517469551943764 -0.71401340163775 -0.4716037797694261
    outer loop
      vertex 0.038355279713869095 1.1521803140640259 0.825589120388031
      vertex 0.007602018769830465 1.2029958963394165 0.7823979258537292
      vertex 0.047126077115535736 1.1524543762207031 0.8155503869056702
    endloop
  endfacet
  facet normal -0.517473739357736 -0.7140135324552953 -0.4715989870067925
    outer loop
      vertex 0.047126077115535736 1.1524543762207031 0.8155503869056702
      vertex 0.007602018769830465 1.2029958963394165 0.7823979258537292
      vertex 0.016372816637158394 1.2032698392868042 0.7723591923713684
    endloop
  endfacet
  facet normal -0.5174721532594049 -0.7140137595603467 -0.4716003835447702
    outer loop
      vertex 0.047126077115535736 1.1524543762207031 0.8155503869056702
      vertex 0.016372816637158394 1.2032698392868042 0.7723591923713684
      vertex 0.05589687451720238 1.1527283191680908 0.8055117130279541
    endloop
  endfacet
  facet normal -0.5174741880405828 -0.7140129781647314 -0.4715993338884933
    outer loop
      vertex 0.029584482312202454 1.1519062519073486 0.8356278538703918
      vertex -0.00993957556784153 1.2024478912353516 0.8024753332138062
      vertex -0.0011687782825902104 1.2027218341827393 0.7924365997314453
    endloop
  endfacet
  facet normal -0.5174693402987692 -0.7140136722784379 -0.471603602244741
    outer loop
      vertex 0.029584482312202454 1.1519062519073486 0.8356278538703918
      vertex -0.0011687782825902104 1.2027218341827393 0.7924365997314453
      vertex 0.038355279713869095 1.1521803140640259 0.825589120388031
    endloop
  endfacet
  facet normal -0.5174695610738915 -0.7140133899626099 -0.4716037874276416
    outer loop
      vertex 0.06910853832960129 1.1013647317886353 0.8687803149223328
      vertex 0.029584482312202454 1.1519062519073486 0.8356278538703918
      vertex 0.038355279713869095 1.1521803140640259 0.825589120388031
    endloop
  endfacet
  facet normal -0.5174678515225706 -0.7140136347325738 -0.4716052926511677
    outer loop
      vertex 0.06910853832960129 1.1013647317886353 0.8687803149223328
      vertex 0.038355279713869095 1.1521803140640259 0.825589120388031
      vertex 0.07787933945655823 1.1016387939453125 0.8587416410446167
    endloop
  endfacet
  facet normal -0.5174680271263293 -0.7140136593560132 -0.47160506269019153
    outer loop
      vertex 0.19645151495933533 0.9500141143798828 0.958199143409729
      vertex 0.1569274514913559 1.0005556344985962 0.9250466227531433
      vertex 0.16569824516773224 1.0008296966552734 0.9150079488754272
    endloop
  endfacet
  facet normal -0.5174720491219386 -0.714013083487756 -0.4716015213989972
    outer loop
      vertex 0.19645151495933533 0.9500141143798828 0.958199143409729
      vertex 0.16569824516773224 1.0008296966552734 0.9150079488754272
      vertex 0.20522230863571167 0.9502881169319153 0.9481604099273682
    endloop
  endfacet
  facet normal -0.5174694723815195 -0.7140136279655784 -0.4716035244064916
    outer loop
      vertex 0.16569824516773224 1.0008296966552734 0.9150079488754272
      vertex 0.126174196600914 1.0513712167739868 0.8818554282188416
      vertex 0.13494499027729034 1.051645278930664 0.8718166947364807
    endloop
  endfacet
  facet normal -0.5174738778378943 -0.7140129971800252 -0.4715996454763397
    outer loop
      vertex 0.16569824516773224 1.0008296966552734 0.9150079488754272
      vertex 0.13494499027729034 1.051645278930664 0.8718166947364807
      vertex 0.17446905374526978 1.0011036396026611 0.9049692153930664
    endloop
  endfacet
  facet normal -0.5174737683453629 -0.71401313719481 -0.4715995536338804
    outer loop
      vertex 0.20522230863571167 0.9502881169319153 0.9481604099273682
      vertex 0.16569824516773224 1.0008296966552734 0.9150079488754272
      vertex 0.17446905374526978 1.0011036396026611 0.9049692153930664
    endloop
  endfacet
  facet normal -0.5174677630527997 -0.7140139970400788 -0.4716048411880243
    outer loop
      vertex 0.20522230863571167 0.9502881169319153 0.9481604099273682
      vertex 0.17446905374526978 1.0011036396026611 0.9049692153930664
      vertex 0.213993102312088 0.9505621790885925 0.9381217360496521
    endloop
  endfacet
  facet normal -0.5174739357589722 -0.7140134214675883 -0.47159893953895515
    outer loop
      vertex 0.18768072128295898 0.9497401118278503 0.9682378768920898
      vertex 0.14815665781497955 1.0002816915512085 0.9350853562355042
      vertex 0.1569274514913559 1.0005556344985962 0.9250466227531433
    endloop
  endfacet
  facet normal -0.5174715136042981 -0.7140137682829102 -0.47160107221094755
    outer loop
      vertex 0.18768072128295898 0.9497401118278503 0.9682378768920898
      vertex 0.1569274514913559 1.0005556344985962 0.9250466227531433
      vertex 0.19645151495933533 0.9500141143798828 0.958199143409729
    endloop
  endfacet
  facet normal -0.5174695752019427 -0.7140134964841649 -0.47160361065070155
    outer loop
      vertex 0.28427043557167053 0.8492050766944885 1.0144654512405396
      vertex 0.2754996418952942 0.8489310145378113 1.0245041847229004
      vertex 0.19645151495933533 0.9500141143798828 0.958199143409729
    endloop
  endfacet
  facet normal -0.5174715136042981 -0.7140137682829102 -0.47160107221094755
    outer loop
      vertex 0.28427043557167053 0.8492050766944885 1.0144654512405396
      vertex 0.19645151495933533 0.9500141143798828 0.958199143409729
      vertex 0.20522230863571167 0.9502881169319153 0.9481604099273682
    endloop
  endfacet
  facet normal -0.5174682948864611 -0.7140133169573776 -0.4716052872846339
    outer loop
      vertex 0.20522230863571167 0.9502881169319153 0.9481604099273682
      vertex 0.213993102312088 0.9505621790885925 0.9381217360496521
      vertex 0.2930412292480469 0.849479079246521 1.0044267177581787
    endloop
  endfacet
  facet normal -0.5174715136042981 -0.7140137682829102 -0.47160107221094755
    outer loop
      vertex 0.20522230863571167 0.9502881169319153 0.9481604099273682
      vertex 0.2930412292480469 0.849479079246521 1.0044267177581787
      vertex 0.28427043557167053 0.8492050766944885 1.0144654512405396
    endloop
  endfacet
  facet normal -0.5174701202770309 -0.7140133181905042 -0.47160328250242367
    outer loop
      vertex 0.025143612176179886 1.2035439014434814 0.7623204588890076
      vertex -0.005609648302197456 1.254359483718872 0.7191292643547058
      vertex 0.053676437586545944 1.1785471439361572 0.768858015537262
    endloop
  endfacet
  facet normal -0.5174707066913656 -0.7140132342275207 -0.47160276617540564
    outer loop
      vertex -0.018391454592347145 1.253469705581665 0.7345013618469238
      vertex -0.005609648302197456 1.254359483718872 0.7191292643547058
      vertex 0.025143612176179886 1.2035439014434814 0.7623204588890076
    endloop
  endfacet
  facet normal -0.5174708608539158 -0.7140130450664599 -0.4716028834114873
    outer loop
      vertex 0.016372816637158394 1.2032698392868042 0.7723591923713684
      vertex -0.031173260882496834 1.252579927444458 0.7498734593391418
      vertex -0.018391454592347145 1.253469705581665 0.7345013618469238
    endloop
  endfacet
  facet normal -0.5174735445924117 -0.7140137815130648 -0.4715988236376111
    outer loop
      vertex -0.031173260882496834 1.252579927444458 0.7498734593391418
      vertex 0.016372816637158394 1.2032698392868042 0.7723591923713684
      vertex 0.007602018769830465 1.2029958963394165 0.7823979258537292
    endloop
  endfacet
  facet normal -0.5174698286334258 -0.7140131101149779 -0.4716039175388911
    outer loop
      vertex 0.016372816637158394 1.2032698392868042 0.7723591923713684
      vertex -0.018391454592347145 1.253469705581665 0.7345013618469238
      vertex 0.025143612176179886 1.2035439014434814 0.7623204588890076
    endloop
  endfacet
  facet normal -0.5174679792674088 -0.7140136076473541 -0.4716051934906091
    outer loop
      vertex 0.007602018769830465 1.2029958963394165 0.7823979258537292
      vertex -0.0011687782825902104 1.2027218341827393 0.7924365997314453
      vertex -0.031173260882496834 1.252579927444458 0.7498734593391418
    endloop
  endfacet
  facet normal -0.5174707872549414 -0.7140137264548009 -0.4716019325362013
    outer loop
      vertex 0.053676437586545944 1.1785471439361572 0.768858015537262
      vertex 0.06466767191886902 1.153002381324768 0.7954729795455933
      vertex 0.025143612176179886 1.2035439014434814 0.7623204588890076
    endloop
  endfacet
  facet normal -0.5174694472625221 -0.7140135354987411 -0.4716036919643524
    outer loop
      vertex 0.13494499027729034 1.051645278930664 0.8718166947364807
      vertex 0.05589687451720238 1.1527283191680908 0.8055117130279541
      vertex 0.06466767191886902 1.153002381324768 0.7954729795455933
    endloop
  endfacet
  facet normal -0.5174719835619901 -0.7140133955385349 -0.4716011208849604
    outer loop
      vertex 0.053676437586545944 1.1785471439361572 0.768858015537262
      vertex 0.11296252906322479 1.1027348041534424 0.8185867667198181
      vertex 0.06466767191886902 1.153002381324768 0.7954729795455933
    endloop
  endfacet
  facet normal -0.5174719298967474 -0.7140133811042696 -0.471601201623771
    outer loop
      vertex 0.11296252906322479 1.1027348041534424 0.8185867667198181
      vertex 0.13494499027729034 1.051645278930664 0.8718166947364807
      vertex 0.06466767191886902 1.153002381324768 0.7954729795455933
    endloop
  endfacet
  facet normal -0.5174697510632361 -0.7140132716017698 -0.47160375816048145
    outer loop
      vertex 0.13494499027729034 1.051645278930664 0.8718166947364807
      vertex 0.126174196600914 1.0513712167739868 0.8818554282188416
      vertex 0.047126077115535736 1.1524543762207031 0.8155503869056702
    endloop
  endfacet
  facet normal -0.5174722597648609 -0.7140136233653026 -0.4716004728820786
    outer loop
      vertex 0.13494499027729034 1.051645278930664 0.8718166947364807
      vertex 0.047126077115535736 1.1524543762207031 0.8155503869056702
      vertex 0.05589687451720238 1.1527283191680908 0.8055117130279541
    endloop
  endfacet
  facet normal -0.5174717556117006 -0.7140133342270262 -0.47160146383376456
    outer loop
      vertex 0.07787933945655823 1.1016387939453125 0.8587416410446167
      vertex 0.047126077115535736 1.1524543762207031 0.8155503869056702
      vertex 0.126174196600914 1.0513712167739868 0.8818554282188416
    endloop
  endfacet
  facet normal -0.5174700418063923 -0.7140136457559161 -0.47160287266643713
    outer loop
      vertex 0.126174196600914 1.0513712167739868 0.8818554282188416
      vertex 0.16569824516773224 1.0008296966552734 0.9150079488754272
      vertex 0.12990343570709229 1.0353912115097046 0.9019574522972107
    endloop
  endfacet
  facet normal -0.5174719298967474 -0.7140133811042696 -0.471601201623771
    outer loop
      vertex 0.13494499027729034 1.051645278930664 0.8718166947364807
      vertex 0.11296252906322479 1.1027348041534424 0.8185867667198181
      vertex 0.17224861681461334 1.0269224643707275 0.8683155179023743
    endloop
  endfacet
  facet normal -0.5174701722358628 -0.7140135942530217 -0.47160280752776246
    outer loop
      vertex 0.10877756774425507 1.0618486404418945 0.8850810527801514
      vertex 0.126174196600914 1.0513712167739868 0.8818554282188416
      vertex 0.12990343570709229 1.0353912115097046 0.9019574522972107
    endloop
  endfacet
  facet normal -0.5174736862153692 -0.7140136198785014 -0.47159891295747974
    outer loop
      vertex -0.0011687782825902104 1.2027218341827393 0.7924365997314453
      vertex -0.00993957556784153 1.2024478912353516 0.8024753332138062
      vertex -0.04395506531000137 1.251690149307251 0.7652455568313599
    endloop
  endfacet
  facet normal -0.517470766752748 -0.7140132004203319 -0.4716027514570266
    outer loop
      vertex -0.031173260882496834 1.252579927444458 0.7498734593391418
      vertex -0.0011687782825902104 1.2027218341827393 0.7924365997314453
      vertex -0.04395506531000137 1.251690149307251 0.7652455568313599
    endloop
  endfacet
  facet normal -0.517470794353803 -0.7140136637797857 -0.47160201963796866
    outer loop
      vertex -0.01416162122040987 1.1963571310043335 0.8163295388221741
      vertex -0.05673687160015106 1.250800371170044 0.7806177139282227
      vertex -0.00993957556784153 1.2024478912353516 0.8024753332138062
    endloop
  endfacet
  facet normal -0.5174712098437354 -0.7140137801631546 -0.4716013875297475
    outer loop
      vertex -0.04395506531000137 1.251690149307251 0.7652455568313599
      vertex -0.00993957556784153 1.2024478912353516 0.8024753332138062
      vertex -0.05673687160015106 1.250800371170044 0.7806177139282227
    endloop
  endfacet
  facet normal -0.5174707824925875 -0.7140136722918231 -0.47160201976545235
    outer loop
      vertex 0.02841363102197647 1.141913890838623 0.8520413637161255
      vertex -0.01416162122040987 1.1963571310043335 0.8163295388221741
      vertex -0.00993957556784153 1.2024478912353516 0.8024753332138062
    endloop
  endfacet
  facet normal -0.5174761369762948 -0.7140130390396637 -0.4715971031944902
    outer loop
      vertex 0.02841363102197647 1.141913890838623 0.8520413637161255
      vertex -0.00993957556784153 1.2024478912353516 0.8024753332138062
      vertex 0.029584482312202454 1.1519062519073486 0.8356278538703918
    endloop
  endfacet
  facet normal -0.517475358318529 -0.7140143032309905 -0.4715960435740246
    outer loop
      vertex 0.07787933945655823 1.1016387939453125 0.8587416410446167
      vertex 0.126174196600914 1.0513712167739868 0.8818554282188416
      vertex 0.08765169233083725 1.088306188583374 0.868204653263092
    endloop
  endfacet
  facet normal -0.5174697490967892 -0.7140120105672203 -0.4716056695327801
    outer loop
      vertex 0.10877756774425507 1.0618486404418945 0.8850810527801514
      vertex 0.08765169233083725 1.088306188583374 0.868204653263092
      vertex 0.126174196600914 1.0513712167739868 0.8818554282188416
    endloop
  endfacet
  facet normal -0.5174671875805572 -0.7140144837482778 -0.47160473574291945
    outer loop
      vertex 0.06910853832960129 1.1013647317886353 0.8687803149223328
      vertex 0.07787933945655823 1.1016387939453125 0.8587416410446167
      vertex 0.08765169233083725 1.088306188583374 0.868204653263092
    endloop
  endfacet
  facet normal -0.5174761474570122 -0.714013033269998 -0.47159710042962016
    outer loop
      vertex 0.07098887860774994 1.087470531463623 0.8877531886100769
      vertex 0.02841363102197647 1.141913890838623 0.8520413637161255
      vertex 0.029584482312202454 1.1519062519073486 0.8356278538703918
    endloop
  endfacet
  facet normal -0.5174721695936071 -0.714013471457729 -0.4716008018154423
    outer loop
      vertex 0.07098887860774994 1.087470531463623 0.8877531886100769
      vertex 0.029584482312202454 1.1519062519073486 0.8356278538703918
      vertex 0.06910853832960129 1.1013647317886353 0.8687803149223328
    endloop
  endfacet
  facet normal -0.5174677830274367 -0.7140154206146334 -0.4716026639589493
    outer loop
      vertex 0.08765169233083725 1.088306188583374 0.868204653263092
      vertex 0.07098887860774994 1.087470531463623 0.8877531886100769
      vertex 0.06910853832960129 1.1013647317886353 0.8687803149223328
    endloop
  endfacet
  facet normal -0.5174693334511766 -0.7140136810347822 -0.47160359650108175
    outer loop
      vertex 0.07787933945655823 1.1016387939453125 0.8587416410446167
      vertex 0.038355279713869095 1.1521803140640259 0.825589120388031
      vertex 0.047126077115535736 1.1524543762207031 0.8155503869056702
    endloop
  endfacet
  facet normal -0.5174713215968758 -0.7140137719923293 -0.4716012772778173
    outer loop
      vertex 0.11240184307098389 1.0345135927200317 0.9224900603294373
      vertex 0.12990343570709229 1.0353912115097046 0.9019574522972107
      vertex 0.14815665781497955 1.0002816915512085 0.9350853562355042
    endloop
  endfacet
  facet normal -0.5174714138743549 -0.7140136466368088 -0.4716013658157516
    outer loop
      vertex 0.17224861681461334 1.0269224643707275 0.8683155179023743
      vertex 0.2315347045660019 0.9511101841926575 0.9180442690849304
      vertex 0.213993102312088 0.9505621790885925 0.9381217360496521
    endloop
  endfacet
  facet normal -0.5174693280855951 -0.7140140459381116 -0.4716030499198781
    outer loop
      vertex 0.17224861681461334 1.0269224643707275 0.8683155179023743
      vertex 0.213993102312088 0.9505621790885925 0.9381217360496521
      vertex 0.17446905374526978 1.0011036396026611 0.9049692153930664
    endloop
  endfacet
  facet normal -0.5174721670643927 -0.7140133374822011 -0.47160100743235234
    outer loop
      vertex 0.2315347045660019 0.9511101841926575 0.9180442690849304
      vertex 0.29082077741622925 0.8752978444099426 0.9677730202674866
      vertex 0.2930412292480469 0.849479079246521 1.0044267177581787
    endloop
  endfacet
  facet normal -0.5174715911514151 -0.7140134199431023 -0.47160151451450805
    outer loop
      vertex 0.2315347045660019 0.9511101841926575 0.9180442690849304
      vertex 0.2930412292480469 0.849479079246521 1.0044267177581787
      vertex 0.213993102312088 0.9505621790885925 0.9381217360496521
    endloop
  endfacet
  facet normal -0.517471691562401 -0.7140135596886988 -0.47160119275953943
    outer loop
      vertex 0.2930412292480469 0.849479079246521 1.0044267177581787
      vertex 0.29082077741622925 0.8752978444099426 0.9677730202674866
      vertex 0.3501068651676178 0.7994855046272278 1.0175018310546875
    endloop
  endfacet
  facet normal -0.5174685110241419 -0.7140130405707816 -0.47160546857868924
    outer loop
      vertex 0.12990343570709229 1.0353912115097046 0.9019574522972107
      vertex 0.16569824516773224 1.0008296966552734 0.9150079488754272
      vertex 0.1569274514913559 1.0005556344985962 0.9250466227531433
    endloop
  endfacet
  facet normal -0.5174709633233178 -0.7140136325612745 -0.4716018814995235
    outer loop
      vertex 0.3336086869239807 0.7856899499893188 1.0564913749694824
      vertex 0.3501068651676178 0.7994855046272278 1.0175018310546875
      vertex 0.40939295291900635 0.7236732244491577 1.0672305822372437
    endloop
  endfacet
  facet normal -0.5174708945491692 -0.7140133487593036 -0.4716023866436723
    outer loop
      vertex 0.44236665964126587 0.6470388770103455 1.1470754146575928
      vertex 0.40939295291900635 0.7236732244491577 1.0672305822372437
      vertex 0.4686790406703949 0.6478608846664429 1.1169593334197998
    endloop
  endfacet
  facet normal -0.5174725463261358 -0.7140124476848789 -0.47160193844999526
    outer loop
      vertex 0.3000885844230652 0.8280564546585083 1.029128074645996
      vertex 0.28427043557167053 0.8492050766944885 1.0144654512405396
      vertex 0.2930412292480469 0.849479079246521 1.0044267177581787
    endloop
  endfacet
  facet normal -0.5174692230035514 -0.7140135808562479 -0.47160386936171245
    outer loop
      vertex 0.31684863567352295 0.8068732023239136 1.0428097248077393
      vertex 0.2930412292480469 0.849479079246521 1.0044267177581787
      vertex 0.3336086869239807 0.7856899499893188 1.0564913749694824
    endloop
  endfacet
  facet normal -0.5174706865778657 -0.714013406286976 -0.47160252774460604
    outer loop
      vertex 0.3336086869239807 0.7856899499893188 1.0564913749694824
      vertex 0.40939295291900635 0.7236732244491577 1.0672305822372437
      vertex 0.44236665964126587 0.6470388770103455 1.1470754146575928
    endloop
  endfacet
  facet normal -0.5174705236706321 -0.71401340075601 -0.4716027148701322
    outer loop
      vertex 0.44236665964126587 0.6470388770103455 1.1470754146575928
      vertex 0.3207172155380249 0.7851521968841553 1.0714508295059204
      vertex 0.3336086869239807 0.7856899499893188 1.0564913749694824
    endloop
  endfacet
  facet normal -0.5174713269966936 -0.7140133365348602 -0.47160193064345834
    outer loop
      vertex 0.3336086869239807 0.7856899499893188 1.0564913749694824
      vertex 0.2930412292480469 0.849479079246521 1.0044267177581787
      vertex 0.3501068651676178 0.7994855046272278 1.0175018310546875
    endloop
  endfacet
  facet normal -0.5174692230035514 -0.7140135808562479 -0.47160386936171245
    outer loop
      vertex 0.2930412292480469 0.849479079246521 1.0044267177581787
      vertex 0.31684863567352295 0.8068732023239136 1.0428097248077393
      vertex 0.3000885844230652 0.8280564546585083 1.029128074645996
    endloop
  endfacet
  facet normal -0.517471674856943 -0.7140135620806356 -0.47160120746842105
    outer loop
      vertex 0.18768072128295898 0.9497401118278503 0.9682378768920898
      vertex 0.19645151495933533 0.9500141143798828 0.958199143409729
      vertex 0.2754996418952942 0.8489310145378113 1.0245041847229004
    endloop
  endfacet
  facet normal -0.5174702634019687 -0.7140133365259956 -0.4716030976973249
    outer loop
      vertex 0.16649536788463593 0.9653412699699402 0.9678633213043213
      vertex 0.11240184307098389 1.0345135927200317 0.9224900603294373
      vertex 0.14815665781497955 1.0002816915512085 0.9350853562355042
    endloop
  endfacet
  facet normal -0.5174703876521388 -0.7140133106271446 -0.47160300057401017
    outer loop
      vertex 0.16649536788463593 0.9653412699699402 0.9678633213043213
      vertex 0.14815665781497955 1.0002816915512085 0.9350853562355042
      vertex 0.18768072128295898 0.9497401118278503 0.9682378768920898
    endloop
  endfacet
  facet normal -0.517470574043808 -0.7140135501194509 -0.4716024334591481
    outer loop
      vertex 0.16649536788463593 0.9653412699699402 0.9678633213043213
      vertex 0.18768072128295898 0.9497401118278503 0.9682378768920898
      vertex 0.22058889269828796 0.8961689472198486 1.01323664188385
    endloop
  endfacet
  facet normal -0.5174710908402391 -0.7140134801917316 -0.4716019722701599
    outer loop
      vertex 0.2754996418952942 0.8489310145378113 1.0245041847229004
      vertex 0.22058889269828796 0.8961689472198486 1.01323664188385
      vertex 0.18768072128295898 0.9497401118278503 0.9682378768920898
    endloop
  endfacet
  facet normal -0.5174714645777008 -0.7140137275044157 -0.47160118774559856
    outer loop
      vertex 0.22058889269828796 0.8961689472198486 1.01323664188385
      vertex 0.2754996418952942 0.8489310145378113 1.0245041847229004
      vertex 0.287385493516922 0.8275265693664551 1.0438690185546875
    endloop
  endfacet
  facet normal -0.5174741273273273 -0.7140131764977727 -0.47159910022643314
    outer loop
      vertex 0.1569274514913559 1.0005556344985962 0.9250466227531433
      vertex 0.14815665781497955 1.0002816915512085 0.9350853562355042
      vertex 0.12990343570709229 1.0353912115097046 0.9019574522972107
    endloop
  endfacet
  facet normal -0.5174720415090976 -0.7140136210140192 -0.47160071592699626
    outer loop
      vertex 0.3000885844230652 0.8280564546585083 1.029128074645996
      vertex 0.287385493516922 0.8275265693664551 1.0438690185546875
      vertex 0.2754996418952942 0.8489310145378113 1.0245041847229004
    endloop
  endfacet
  facet normal -0.5174690808289296 -0.7140130397588416 -0.47160484458962204
    outer loop
      vertex 0.22058889269828796 0.8961689472198486 1.01323664188385
      vertex 0.287385493516922 0.8275265693664551 1.0438690185546875
      vertex 0.2746824026107788 0.8269966244697571 1.0586098432540894
    endloop
  endfacet
  facet normal -0.5174711495705011 -0.7140132747904635 -0.4716022188085867
    outer loop
      vertex 0.3207172155380249 0.7851521968841553 1.0714508295059204
      vertex 0.34390193223953247 0.738481879234314 1.1166707277297974
      vertex 0.3078257739543915 0.7846144437789917 1.0864102840423584
    endloop
  endfacet
  facet normal -0.5174710886299783 -0.7140134872399486 -0.47160196402427423
    outer loop
      vertex 0.44236665964126587 0.6470388770103455 1.1470754146575928
      vertex 0.37997809052467346 0.692349374294281 1.1469311714172363
      vertex 0.3207172155380249 0.7851521968841553 1.0714508295059204
    endloop
  endfacet
  facet normal -0.5174693750044822 -0.7140136822070771 -0.47160354913164254
    outer loop
      vertex 0.37997809052467346 0.692349374294281 1.1469311714172363
      vertex 0.34390193223953247 0.738481879234314 1.1166707277297974
      vertex 0.3207172155380249 0.7851521968841553 1.0714508295059204
    endloop
  endfacet
  facet normal -0.517471053717554 -0.7140134395205598 -0.4716020745803224
    outer loop
      vertex 0.44236665964126587 0.6470388770103455 1.1470754146575928
      vertex 0.41605427861213684 0.6462168097496033 1.1771916151046753
      vertex 0.37997809052467346 0.692349374294281 1.1469311714172363
    endloop
  endfacet
  facet normal -0.5174703848266441 -0.7140124611764763 -0.4716042897515627
    outer loop
      vertex 0.28427043557167053 0.8492050766944885 1.0144654512405396
      vertex 0.3000885844230652 0.8280564546585083 1.029128074645996
      vertex 0.2754996418952942 0.8489310145378113 1.0245041847229004
    endloop
  endfacet
  facet normal -0.5174717168056838 -0.7140129296719803 -0.4716021189174342
    outer loop
      vertex 0.13494499027729034 1.051645278930664 0.8718166947364807
      vertex 0.17224861681461334 1.0269224643707275 0.8683155179023743
      vertex 0.17446905374526978 1.0011036396026611 0.9049692153930664
    endloop
  endfacet
  facet normal 0.6578100991933473 0.0205519314513515 -0.752903374619119
    outer loop
      vertex 0.04167647287249565 1.2145280838012695 0.7593557834625244
      vertex 0.049438539892435074 1.22523832321167 0.7664298415184021
      vertex 0.0889625996351242 1.1746968030929565 0.799582302570343
    endloop
  endfacet
  facet normal 0.6578088911125732 0.020549360423074526 -0.7529045002916701
    outer loop
      vertex 0.04167647287249565 1.2145280838012695 0.7593557834625244
      vertex 0.0889625996351242 1.1746968030929565 0.799582302570343
      vertex 0.08120053261518478 1.1639865636825562 0.7925083041191101
    endloop
  endfacet
  facet normal 0.6578090127846903 0.020549429586057762 -0.7529043920996337
    outer loop
      vertex 0.049438539892435074 1.22523832321167 0.7664298415184021
      vertex 0.0572006031870842 1.2359485626220703 0.773503839969635
      vertex 0.09672465920448303 1.1854069232940674 0.8066563606262207
    endloop
  endfacet
  facet normal 0.6578103527906636 0.020552281368964653 -0.7529031434998487
    outer loop
      vertex 0.049438539892435074 1.22523832321167 0.7664298415184021
      vertex 0.09672465920448303 1.1854069232940674 0.8066563606262207
      vertex 0.0889625996351242 1.1746968030929565 0.799582302570343
    endloop
  endfacet
  facet normal 0.6578095744916989 0.020550531035589976 -0.7529038712752149
    outer loop
      vertex 0.386433482170105 0.8355766534805298 1.0502253770828247
      vertex 0.4430803954601288 0.7631391882896423 1.0977404117584229
      vertex 0.40939295291900635 0.7236732244491577 1.0672305822372437
    endloop
  endfacet
  facet normal 0.657809519484094 0.020550512368787317 -0.752903919844681
    outer loop
      vertex 0.386433482170105 0.8355766534805298 1.0502253770828247
      vertex 0.40939295291900635 0.7236732244491577 1.0672305822372437
      vertex 0.3501068651676178 0.7994855046272278 1.0175018310546875
    endloop
  endfacet
  facet normal 0.6578095377399471 0.020550480325049643 -0.7529039047692387
    outer loop
      vertex 0.3297865688800812 0.9080141186714172 1.0027103424072266
      vertex 0.386433482170105 0.8355766534805298 1.0502253770828247
      vertex 0.3501068651676178 0.7994855046272278 1.0175018310546875
    endloop
  endfacet
  facet normal 0.6578100617742121 0.020550641442213594 -0.752903442524286
    outer loop
      vertex 0.3297865688800812 0.9080141186714172 1.0027103424072266
      vertex 0.3501068651676178 0.7994855046272278 1.0175018310546875
      vertex 0.29082077741622925 0.8752978444099426 0.9677730202674866
    endloop
  endfacet
  facet normal 0.6578097795609593 0.020550658989188692 -0.7529036886143353
    outer loop
      vertex 0.21649272739887238 1.052889108657837 0.9076802134513855
      vertex 0.273139625787735 0.9804515838623047 0.9551952481269836
      vertex 0.2315347045660019 0.9511101841926575 0.9180442690849304
    endloop
  endfacet
  facet normal 0.6578095937783285 0.020550614880984752 -0.7529038521359842
    outer loop
      vertex 0.21649272739887238 1.052889108657837 0.9076802134513855
      vertex 0.2315347045660019 0.9511101841926575 0.9180442690849304
      vertex 0.17224861681461334 1.0269224643707275 0.8683155179023743
    endloop
  endfacet
  facet normal 0.6578095709767174 0.020550681189218833 -0.75290387024778
    outer loop
      vertex 0.21649272739887238 1.052889108657837 0.9076802134513855
      vertex 0.17224861681461334 1.0269224643707275 0.8683155179023743
      vertex 0.15984579920768738 1.1253265142440796 0.8601651787757874
    endloop
  endfacet
  facet normal 0.6578100017490658 0.020550765326593223 -0.7529034915866611
    outer loop
      vertex 0.273139625787735 0.9804515838623047 0.9551952481269836
      vertex 0.3297865688800812 0.9080141186714172 1.0027103424072266
      vertex 0.29082077741622925 0.8752978444099426 0.9677730202674866
    endloop
  endfacet
  facet normal 0.65780976277071 0.020550699955372675 -0.7529037021657461
    outer loop
      vertex 0.273139625787735 0.9804515838623047 0.9551952481269836
      vertex 0.29082077741622925 0.8752978444099426 0.9677730202674866
      vertex 0.2315347045660019 0.9511101841926575 0.9180442690849304
    endloop
  endfacet
  facet normal 0.6578092083548432 0.02055000861775743 -0.7529042054268155
    outer loop
      vertex 0.09672465920448303 1.1854069232940674 0.8066563606262207
      vertex 0.10319888591766357 1.1977640390396118 0.8126501441001892
      vertex 0.15984579920768738 1.1253265142440796 0.8601651787757874
    endloop
  endfacet
  facet normal 0.657809193480845 0.020550022529821247 -0.752904218042444
    outer loop
      vertex 0.04655197262763977 1.2702014446258545 0.7651351094245911
      vertex 0.10319888591766357 1.1977640390396118 0.8126501441001892
      vertex 0.09672465920448303 1.1854069232940674 0.8066563606262207
    endloop
  endfacet
  facet normal 0.6578101852196137 0.020551047323835014 -0.7529033235915692
    outer loop
      vertex 0.04655197262763977 1.2702014446258545 0.7651351094245911
      vertex 0.09672465920448303 1.1854069232940674 0.8066563606262207
      vertex 0.0572006031870842 1.2359485626220703 0.773503839969635
    endloop
  endfacet
  facet normal 0.6578103932990608 0.020552229568267646 -0.752903109521742
    outer loop
      vertex 0.15984579920768738 1.1253265142440796 0.8601651787757874
      vertex 0.0889625996351242 1.1746968030929565 0.799582302570343
      vertex 0.09672465920448303 1.1854069232940674 0.8066563606262207
    endloop
  endfacet
  facet normal 0.6578091553749491 0.020550503703504745 -0.7529042382019299
    outer loop
      vertex 0.04655197262763977 1.2702014446258545 0.7651351094245911
      vertex 0.0572006031870842 1.2359485626220703 0.773503839969635
      vertex 0.029164765030145645 1.2649208307266235 0.7497998476028442
    endloop
  endfacet
  facet normal 0.6578087365121136 0.020549782868737425 -0.7529046238351739
    outer loop
      vertex 0.0572006031870842 1.2359485626220703 0.773503839969635
      vertex 0.049438539892435074 1.22523832321167 0.7664298415184021
      vertex 0.029164765030145645 1.2649208307266235 0.7497998476028442
    endloop
  endfacet
  facet normal 0.657809815295375 0.020550729772819274 -0.7529036554612213
    outer loop
      vertex 0.17224861681461334 1.0269224643707275 0.8683155179023743
      vertex 0.0889625996351242 1.1746968030929565 0.799582302570343
      vertex 0.15984579920768738 1.1253265142440796 0.8601651787757874
    endloop
  endfacet
  facet normal 0.6578096006792218 0.020550567169474118 -0.7529038474089873
    outer loop
      vertex 0.4430803954601288 0.7631391882896423 1.0977404117584229
      vertex 0.4997273087501526 0.6907017230987549 1.145255446434021
      vertex 0.4686790406703949 0.6478608846664429 1.1169593334197998
    endloop
  endfacet
  facet normal 0.6578095603177074 0.02055055225988577 -0.7529038830796653
    outer loop
      vertex 0.4430803954601288 0.7631391882896423 1.0977404117584229
      vertex 0.4686790406703949 0.6478608846664429 1.1169593334197998
      vertex 0.40939295291900635 0.7236732244491577 1.0672305822372437
    endloop
  endfacet
  facet normal 0.6578093766298269 0.02055029880510468 -0.7529040504851194
    outer loop
      vertex 0.11296252906322479 1.1027348041534424 0.8185867667198181
      vertex 0.0889625996351242 1.1746968030929565 0.799582302570343
      vertex 0.17224861681461334 1.0269224643707275 0.8683155179023743
    endloop
  endfacet
  facet normal 0.6578104929271067 0.02055142796366551 -0.7529030443580708
    outer loop
      vertex 0.04167647287249565 1.2145280838012695 0.7593557834625244
      vertex 0.011777558363974094 1.259640097618103 0.7344645261764526
      vertex 0.049438539892435074 1.22523832321167 0.7664298415184021
    endloop
  endfacet
  facet normal 0.6578104117139704 0.02055126909664031 -0.7529031196503401
    outer loop
      vertex 0.029164765030145645 1.2649208307266235 0.7497998476028442
      vertex 0.049438539892435074 1.22523832321167 0.7664298415184021
      vertex 0.011777558363974094 1.259640097618103 0.7344645261764526
    endloop
  endfacet
  facet normal 0.6578097497161123 0.020550545135299865 -0.7529037177973473
    outer loop
      vertex 0.08120053261518478 1.1639865636825562 0.7925083041191101
      vertex 0.053676437586545944 1.1785471439361572 0.768858015537262
      vertex 0.04167647287249565 1.2145280838012695 0.7593557834625244
    endloop
  endfacet
  facet normal 0.6578092677957702 0.02055000392929129 -0.7529041536214943
    outer loop
      vertex 0.011777558363974094 1.259640097618103 0.7344645261764526
      vertex 0.04167647287249565 1.2145280838012695 0.7593557834625244
      vertex -0.005609648302197456 1.254359483718872 0.7191292643547058
    endloop
  endfacet
  facet normal 0.6578094391661963 0.020550368637081276 -0.7529039939412822
    outer loop
      vertex 0.053676437586545944 1.1785471439361572 0.768858015537262
      vertex -0.005609648302197456 1.254359483718872 0.7191292643547058
      vertex 0.04167647287249565 1.2145280838012695 0.7593557834625244
    endloop
  endfacet
  facet normal 0.6578098943872296 0.020551046126335897 -0.7529035777238512
    outer loop
      vertex 0.11296252906322479 1.1027348041534424 0.8185867667198181
      vertex 0.053676437586545944 1.1785471439361572 0.768858015537262
      vertex 0.08120053261518478 1.1639865636825562 0.7925083041191101
    endloop
  endfacet
  facet normal 0.6578085324702209 0.020549819035884872 -0.7529048011182867
    outer loop
      vertex 0.08120053261518478 1.1639865636825562 0.7925083041191101
      vertex 0.0889625996351242 1.1746968030929565 0.799582302570343
      vertex 0.11296252906322479 1.1027348041534424 0.8185867667198181
    endloop
  endfacet
  facet normal -0.6578056014220989 -0.020544885819659242 0.7529074965786752
    outer loop
      vertex 0.25351741909980774 0.9056513905525208 1.0422650575637817
      vertex 0.25739845633506775 0.911006510257721 1.0458019971847534
      vertex 0.21682831645011902 0.9628857374191284 1.0117720365524292
    endloop
  endfacet
  facet normal -0.6578124703622703 -0.020554363659921058 0.7529012365313414
    outer loop
      vertex 0.2090662568807602 0.952175498008728 1.0046980381011963
      vertex 0.24963639676570892 0.9002962708473206 1.0387279987335205
      vertex 0.25351741909980774 0.9056513905525208 1.0422650575637817
    endloop
  endfacet
  facet normal -0.6578094034033158 -0.0205491548344561 0.7529040583167043
    outer loop
      vertex 0.21682831645011902 0.9628857374191284 1.0117720365524292
      vertex 0.2090662568807602 0.952175498008728 1.0046980381011963
      vertex 0.25351741909980774 0.9056513905525208 1.0422650575637817
    endloop
  endfacet
  facet normal -0.6578117248103638 -0.020553743750316173 0.7529019048454192
    outer loop
      vertex 0.24963639676570892 0.9002962708473206 1.0387279987335205
      vertex 0.2699214816093445 0.8743566870689392 1.0557429790496826
      vertex 0.2738025188446045 0.8797117471694946 1.0592800378799438
    endloop
  endfacet
  facet normal -0.6578121899480643 -0.020554722240737483 0.7529014717407172
    outer loop
      vertex 0.24963639676570892 0.9002962708473206 1.0387279987335205
      vertex 0.2738025188446045 0.8797117471694946 1.0592800378799438
      vertex 0.25351741909980774 0.9056513905525208 1.0422650575637817
    endloop
  endfacet
  facet normal -0.6578066736322296 -0.020547110756713862 0.7529064990850143
    outer loop
      vertex 0.25351741909980774 0.9056513905525208 1.0422650575637817
      vertex 0.2738025188446045 0.8797117471694946 1.0592800378799438
      vertex 0.2776835262775421 0.8850668668746948 1.0628169775009155
    endloop
  endfacet
  facet normal -0.6578056104625682 -0.02054487425925933 0.7529074889955865
    outer loop
      vertex 0.25351741909980774 0.9056513905525208 1.0422650575637817
      vertex 0.2776835262775421 0.8850668668746948 1.0628169775009155
      vertex 0.25739845633506775 0.911006510257721 1.0458019971847534
    endloop
  endfacet
  facet normal -0.6578118031018211 -0.020553418915037154 0.7529018453097548
    outer loop
      vertex 0.25739845633506775 0.911006510257721 1.0458019971847534
      vertex 0.2776835262775421 0.8850668668746948 1.0628169775009155
      vertex 0.2815645635128021 0.890421986579895 1.0663540363311768
    endloop
  endfacet
  facet normal -0.6578118695388935 -0.020553558675671366 0.7529017834482208
    outer loop
      vertex 0.25739845633506775 0.911006510257721 1.0458019971847534
      vertex 0.2815645635128021 0.890421986579895 1.0663540363311768
      vertex 0.26127949357032776 0.9163615703582764 1.0493390560150146
    endloop
  endfacet
  facet normal -0.6578118695388935 -0.020553558675671366 0.7529017834482208
    outer loop
      vertex 0.2379932999610901 0.8842309713363647 1.0281169414520264
      vertex 0.25827836990356445 0.8582913875579834 1.0451319217681885
      vertex 0.26215940713882446 0.8636464476585388 1.0486689805984497
    endloop
  endfacet
  facet normal -0.6578118031018211 -0.020553418915037154 0.7529018453097548
    outer loop
      vertex 0.2379932999610901 0.8842309713363647 1.0281169414520264
      vertex 0.26215940713882446 0.8636464476585388 1.0486689805984497
      vertex 0.2418743371963501 0.8895860910415649 1.0316540002822876
    endloop
  endfacet
  facet normal -0.6578056104625682 -0.02054487425925933 0.7529074889955865
    outer loop
      vertex 0.2418743371963501 0.8895860910415649 1.0316540002822876
      vertex 0.26215940713882446 0.8636464476585388 1.0486689805984497
      vertex 0.2660404443740845 0.869001567363739 1.0522059202194214
    endloop
  endfacet
  facet normal -0.6578056104625682 -0.02054487425925933 0.7529074889955865
    outer loop
      vertex 0.2418743371963501 0.8895860910415649 1.0316540002822876
      vertex 0.2660404443740845 0.869001567363739 1.0522059202194214
      vertex 0.2457553744316101 0.8949412107467651 1.0351909399032593
    endloop
  endfacet
  facet normal -0.6578118031018211 -0.020553418915037154 0.7529018453097548
    outer loop
      vertex 0.2457553744316101 0.8949412107467651 1.0351909399032593
      vertex 0.2660404443740845 0.869001567363739 1.0522059202194214
      vertex 0.2699214816093445 0.8743566870689392 1.0557429790496826
    endloop
  endfacet
  facet normal -0.6578124011180464 -0.02055467693581414 0.7529012884776959
    outer loop
      vertex 0.2457553744316101 0.8949412107467651 1.0351909399032593
      vertex 0.2699214816093445 0.8743566870689392 1.0557429790496826
      vertex 0.24963639676570892 0.9002962708473206 1.0387279987335205
    endloop
  endfacet
  facet normal -0.6578125548914748 -0.020554480295233834 0.7529011594936903
    outer loop
      vertex 0.2457553744316101 0.8949412107467651 1.0351909399032593
      vertex 0.24963639676570892 0.9002962708473206 1.0387279987335205
      vertex 0.2090662568807602 0.952175498008728 1.0046980381011963
    endloop
  endfacet
  facet normal -0.6578059327277145 -0.020544462166123607 0.7529072186813766
    outer loop
      vertex 0.20130419731140137 0.9414653182029724 0.9976239800453186
      vertex 0.2418743371963501 0.8895860910415649 1.0316540002822876
      vertex 0.2457553744316101 0.8949412107467651 1.0351909399032593
    endloop
  endfacet
  facet normal -0.6578104199742885 -0.020552083104859457 0.752903090213675
    outer loop
      vertex 0.2090662568807602 0.952175498008728 1.0046980381011963
      vertex 0.20130419731140137 0.9414653182029724 0.9976239800453186
      vertex 0.2457553744316101 0.8949412107467651 1.0351909399032593
    endloop
  endfacet
  facet normal -0.6578115524871336 -0.020553333037081106 0.7529020666165912
    outer loop
      vertex 0.2815645635128021 0.890421986579895 1.0663540363311768
      vertex 0.294790655374527 0.8631910681724548 1.0771663188934326
      vertex 0.301493376493454 0.8752558827400208 1.0833518505096436
    endloop
  endfacet
  facet normal -0.6578092476767384 -0.020549940983489844 0.7529041729174694
    outer loop
      vertex 0.25719916820526123 0.9318973422050476 1.0461981296539307
      vertex 0.26127949357032776 0.9163615703582764 1.0493390560150146
      vertex 0.2815645635128021 0.890421986579895 1.0663540363311768
    endloop
  endfacet
  facet normal -0.6578117441186135 -0.020553494340237368 0.7529018947844623
    outer loop
      vertex 0.2776835262775421 0.8850668668746948 1.0628169775009155
      vertex 0.294790655374527 0.8631910681724548 1.0771663188934326
      vertex 0.2815645635128021 0.890421986579895 1.0663540363311768
    endloop
  endfacet
  facet normal -0.6578069041110413 -0.02054681603586174 0.752906305760973
    outer loop
      vertex 0.294790655374527 0.8631910681724548 1.0771663188934326
      vertex 0.2776835262775421 0.8850668668746948 1.0628169775009155
      vertex 0.2738025188446045 0.8797117471694946 1.0592800378799438
    endloop
  endfacet
  facet normal -0.6578107852390445 -0.020551518008267888 0.752902786507493
    outer loop
      vertex 0.25719916820526123 0.9318973422050476 1.0461981296539307
      vertex 0.2815645635128021 0.890421986579895 1.0663540363311768
      vertex 0.301493376493454 0.8752558827400208 1.0833518505096436
    endloop
  endfacet
  facet normal -0.6578098107465092 -0.02055345426161722 0.7529035850648855
    outer loop
      vertex 0.2880879044532776 0.8511262536048889 1.0709807872772217
      vertex 0.294790655374527 0.8631910681724548 1.0771663188934326
      vertex 0.2738025188446045 0.8797117471694946 1.0592800378799438
    endloop
  endfacet
  facet normal -0.6578080354754106 -0.020547874564332956 0.7529052884094183
    outer loop
      vertex 0.2660404443740845 0.869001567363739 1.0522059202194214
      vertex 0.2813851535320282 0.839061439037323 1.0647953748703003
      vertex 0.2880879044532776 0.8511262536048889 1.0709807872772217
    endloop
  endfacet
  facet normal -0.6578107843920609 -0.02055249069413725 0.7529027606960734
    outer loop
      vertex 0.25827836990356445 0.8582913875579834 1.0451319217681885
      vertex 0.2746824026107788 0.8269966244697571 1.0586098432540894
      vertex 0.2813851535320282 0.839061439037323 1.0647953748703003
    endloop
  endfacet
  facet normal -0.6578110017785312 -0.020554443612092063 0.7529025174529054
    outer loop
      vertex 0.2880879044532776 0.8511262536048889 1.0709807872772217
      vertex 0.2699214816093445 0.8743566870689392 1.0557429790496826
      vertex 0.2660404443740845 0.869001567363739 1.0522059202194214
    endloop
  endfacet
  facet normal -0.6578114995013248 -0.02055403186885808 0.7529020938327589
    outer loop
      vertex 0.2813851535320282 0.839061439037323 1.0647953748703003
      vertex 0.26215940713882446 0.8636464476585388 1.0486689805984497
      vertex 0.25827836990356445 0.8582913875579834 1.0451319217681885
    endloop
  endfacet
  facet normal -0.6578052223315923 -0.0205453705772289 0.7529078145570868
    outer loop
      vertex 0.2813851535320282 0.839061439037323 1.0647953748703003
      vertex 0.2660404443740845 0.869001567363739 1.0522059202194214
      vertex 0.26215940713882446 0.8636464476585388 1.0486689805984497
    endloop
  endfacet
  facet normal -0.6578110863082937 -0.02055456024751853 0.7529024404150473
    outer loop
      vertex 0.2699214816093445 0.8743566870689392 1.0557429790496826
      vertex 0.2880879044532776 0.8511262536048889 1.0709807872772217
      vertex 0.2738025188446045 0.8797117471694946 1.0592800378799438
    endloop
  endfacet
  facet normal -0.6578100904390222 -0.02055185838372354 0.752903384262271
    outer loop
      vertex 0.22058889269828796 0.8961689472198486 1.01323664188385
      vertex 0.2746824026107788 0.8269966244697571 1.0586098432540894
      vertex 0.25827836990356445 0.8582913875579834 1.0451319217681885
    endloop
  endfacet
  facet normal -0.6578081638235419 -0.020548445470164003 0.7529051606914777
    outer loop
      vertex 0.22058889269828796 0.8961689472198486 1.01323664188385
      vertex 0.25827836990356445 0.8582913875579834 1.0451319217681885
      vertex 0.2379932999610901 0.8842309713363647 1.0281169414520264
    endloop
  endfacet
  facet normal -0.6578118785830744 -0.0205535471102331 0.7529017758620269
    outer loop
      vertex 0.25739845633506775 0.911006510257721 1.0458019971847534
      vertex 0.26127949357032776 0.9163615703582764 1.0493390560150146
      vertex 0.21682831645011902 0.9628857374191284 1.0117720365524292
    endloop
  endfacet
  facet normal -0.6578099337202252 -0.020550244020383527 0.7529035652523473
    outer loop
      vertex 0.25719916820526123 0.9318973422050476 1.0461981296539307
      vertex 0.21682831645011902 0.9628857374191284 1.0117720365524292
      vertex 0.26127949357032776 0.9163615703582764 1.0493390560150146
    endloop
  endfacet
  facet normal -0.6578102418881313 -0.020550966516008087 0.7529032762860951
    outer loop
      vertex 0.2129049450159073 0.9885387420654297 1.0090444087982178
      vertex 0.21682831645011902 0.9628857374191284 1.0117720365524292
      vertex 0.25719916820526123 0.9318973422050476 1.0461981296539307
    endloop
  endfacet
  facet normal -0.6578097721347707 -0.020551023569111794 0.7529036851512038
    outer loop
      vertex 0.21682831645011902 0.9628857374191284 1.0117720365524292
      vertex 0.16861072182655334 1.0451802015304565 0.9718907475471497
      vertex 0.14050628244876862 1.0398468971252441 0.9471904039382935
    endloop
  endfacet
  facet normal -0.6578095494468192 -0.02055079579188116 0.7529038859302648
    outer loop
      vertex 0.2129049450159073 0.9885387420654297 1.0090444087982178
      vertex 0.16861072182655334 1.0451802015304565 0.9718907475471497
      vertex 0.21682831645011902 0.9628857374191284 1.0117720365524292
    endloop
  endfacet
  facet normal -0.6578090033361504 -0.02054966641921711 0.7529043938907246
    outer loop
      vertex 0.14050628244876862 1.0398468971252441 0.9471904039382935
      vertex 0.2090662568807602 0.952175498008728 1.0046980381011963
      vertex 0.21682831645011902 0.9628857374191284 1.0117720365524292
    endloop
  endfacet
  facet normal -0.6578082385808189 -0.020548642577340678 0.7529050899970255
    outer loop
      vertex 0.22058889269828796 0.8961689472198486 1.01323664188385
      vertex 0.2379932999610901 0.8842309713363647 1.0281169414520264
      vertex 0.20130419731140137 0.9414653182029724 0.9976239800453186
    endloop
  endfacet
  facet normal -0.6578121253585006 -0.020553006826817363 0.752901575002808
    outer loop
      vertex 0.2418743371963501 0.8895860910415649 1.0316540002822876
      vertex 0.20130419731140137 0.9414653182029724 0.9976239800453186
      vertex 0.2379932999610901 0.8842309713363647 1.0281169414520264
    endloop
  endfacet
  facet normal -0.6578105937482472 -0.020551860890030874 0.7529029444533571
    outer loop
      vertex 0.20130419731140137 0.9414653182029724 0.9976239800453186
      vertex 0.2090662568807602 0.952175498008728 1.0046980381011963
      vertex 0.14050628244876862 1.0398468971252441 0.9471904039382935
    endloop
  endfacet
  facet normal -0.6578096483892988 -0.02055083896393761 0.7529037983061484
    outer loop
      vertex 0.14050628244876862 1.0398468971252441 0.9471904039382935
      vertex 0.16649536788463593 0.9653412699699402 0.9678633213043213
      vertex 0.20130419731140137 0.9414653182029724 0.9976239800453186
    endloop
  endfacet
  facet normal -0.657809784640993 -0.020550920136606227 0.7529036770478076
    outer loop
      vertex 0.14050628244876862 1.0398468971252441 0.9471904039382935
      vertex 0.11240184307098389 1.0345135927200317 0.9224900603294373
      vertex 0.16649536788463593 0.9653412699699402 0.9678633213043213
    endloop
  endfacet
  facet normal -0.6578090377888008 -0.020549229028964472 0.7529043757275469
    outer loop
      vertex 0.22058889269828796 0.8961689472198486 1.01323664188385
      vertex 0.20130419731140137 0.9414653182029724 0.9976239800453186
      vertex 0.16649536788463593 0.9653412699699402 0.9678633213043213
    endloop
  endfacet
  facet normal -0.1993056123888784 0.9738158181262992 -0.10936190030033485
    outer loop
      vertex -0.02196246013045311 1.2613617181777954 0.8112882971763611
      vertex -0.004575252532958984 1.266642451286316 0.8266235589981079
      vertex 0.008206553757190704 1.2675321102142334 0.8112514615058899
    endloop
  endfacet
  facet normal -0.1993057682909047 0.9738166249686112 -0.10935443137210049
    outer loop
      vertex -0.02196246013045311 1.2613617181777954 0.8112882971763611
      vertex 0.008206553757190704 1.2675321102142334 0.8112514615058899
      vertex 0.020988360047340393 1.2684218883514404 0.7958793640136719
    endloop
  endfacet
  facet normal -0.1993056707877806 0.9738166781813383 -0.1093541352107757
    outer loop
      vertex -0.039349667727947235 1.2560811042785645 0.7959529757499695
      vertex -0.02196246013045311 1.2613617181777954 0.8112882971763611
      vertex 0.020988360047340393 1.2684218883514404 0.7958793640136719
    endloop
  endfacet
  facet normal -0.19930963303565916 0.9738155135111891 -0.10935728519001386
    outer loop
      vertex -0.039349667727947235 1.2560811042785645 0.7959529757499695
      vertex -0.04395506531000137 1.251690149307251 0.7652455568313599
      vertex -0.05673687160015106 1.250800371170044 0.7806177139282227
    endloop
  endfacet
  facet normal -0.19930924046144774 0.973815586081712 -0.10935735444409961
    outer loop
      vertex -0.04395506531000137 1.251690149307251 0.7652455568313599
      vertex -0.039349667727947235 1.2560811042785645 0.7959529757499695
      vertex -0.031173260882496834 1.252579927444458 0.7498734593391418
    endloop
  endfacet
  facet normal -0.1993056157354205 0.9738163932809928 -0.10935677260016183
    outer loop
      vertex -0.031173260882496834 1.252579927444458 0.7498734593391418
      vertex -0.039349667727947235 1.2560811042785645 0.7959529757499695
      vertex 0.020988360047340393 1.2684218883514404 0.7958793640136719
    endloop
  endfacet
  facet normal -0.1993057682909047 0.9738166249686112 -0.10935443137210049
    outer loop
      vertex 0.029164765030145645 1.2649208307266235 0.7497998476028442
      vertex 0.03377016633749008 1.2693116664886475 0.7805072069168091
      vertex 0.04655197262763977 1.2702014446258545 0.7651351094245911
    endloop
  endfacet
  facet normal -0.19930751424805648 0.9738162519091851 -0.10935457138047457
    outer loop
      vertex 0.020988360047340393 1.2684218883514404 0.7958793640136719
      vertex 0.029164765030145645 1.2649208307266235 0.7497998476028442
      vertex -0.031173260882496834 1.252579927444458 0.7498734593391418
    endloop
  endfacet
  facet normal -0.19930577409350037 0.973816623227909 -0.10935443629768025
    outer loop
      vertex 0.011777558363974094 1.259640097618103 0.7344645261764526
      vertex -0.018391454592347145 1.253469705581665 0.7345013618469238
      vertex -0.031173260882496834 1.252579927444458 0.7498734593391418
    endloop
  endfacet
  facet normal -0.19930577409350037 0.973816623227909 -0.10935443629768025
    outer loop
      vertex -0.018391454592347145 1.253469705581665 0.7345013618469238
      vertex 0.011777558363974094 1.259640097618103 0.7344645261764526
      vertex -0.005609648302197456 1.254359483718872 0.7191292643547058
    endloop
  endfacet
  facet normal -0.1993074131439559 0.9738157286932063 -0.10935941484656928
    outer loop
      vertex 0.011777558363974094 1.259640097618103 0.7344645261764526
      vertex -0.031173260882496834 1.252579927444458 0.7498734593391418
      vertex 0.029164765030145645 1.2649208307266235 0.7497998476028442
    endloop
  endfacet
  facet normal -0.1993061845636471 0.9738165480185303 -0.10935435793764539
    outer loop
      vertex 0.03377016633749008 1.2693116664886475 0.7805072069168091
      vertex 0.029164765030145645 1.2649208307266235 0.7497998476028442
      vertex 0.020988360047340393 1.2684218883514404 0.7958793640136719
    endloop
  endfacet
  facet normal 0.6366803249873404 -0.0006950349658776384 -0.7711275385436646
    outer loop
      vertex 0.32385918498039246 0.8466986417770386 1.1020468473434448
      vertex 0.3255447745323181 0.8414695858955383 1.1034432649612427
      vertex 0.32198312878608704 0.8475393056869507 1.1004971265792847
    endloop
  endfacet
  facet normal 0.6366803249873404 -0.0006950349658776384 -0.7711275385436646
    outer loop
      vertex 0.32198312878608704 0.8475393056869507 1.1004971265792847
      vertex 0.31842148303985596 0.853609025478363 1.0975509881973267
      vertex 0.32385918498039246 0.8466986417770386 1.1020468473434448
    endloop
  endfacet
  facet normal 0.6367008647222967 -0.0006838877188051637 -0.7711105894484057
    outer loop
      vertex 0.32385918498039246 0.8466986417770386 1.1020468473434448
      vertex 0.32929685711860657 0.8397881984710693 1.1065428256988525
      vertex 0.3255447745323181 0.8414695858955383 1.1034432649612427
    endloop
  endfacet
  facet normal 0.6366989380801845 -0.0006766614503857475 -0.7711121866348936
    outer loop
      vertex 0.33473455905914307 0.8328777551651001 1.1110386848449707
      vertex 0.33266809582710266 0.8293301463127136 1.1093355417251587
      vertex 0.3291064500808716 0.835399866104126 1.1063894033432007
    endloop
  endfacet
  facet normal 0.6367015215579483 -0.0006669796703801254 -0.7711100619132866
    outer loop
      vertex 0.3291064500808716 0.835399866104126 1.1063894033432007
      vertex 0.32929685711860657 0.8397881984710693 1.1065428256988525
      vertex 0.33473455905914307 0.8328777551651001 1.1110386848449707
    endloop
  endfacet
  facet normal 0.6367053034737803 -0.0006672529485127772 -0.7711069389532582
    outer loop
      vertex 0.3255447745323181 0.8414695858955383 1.1034432649612427
      vertex 0.32929685711860657 0.8397881984710693 1.1065428256988525
      vertex 0.3291064500808716 0.835399866104126 1.1063894033432007
    endloop
  endfacet
  facet normal -0.6525637782456165 -0.027221773868321253 0.7572446700698975
    outer loop
      vertex 0.31684863567352295 0.8068732023239136 1.0428097248077393
      vertex 0.30900952219963074 0.8441421985626221 1.0373940467834473
      vertex 0.3000885844230652 0.8280564546585083 1.029128074645996
    endloop
  endfacet
  facet normal -0.6525639459740407 -0.02722200530282168 0.7572445172083339
    outer loop
      vertex 0.31684863567352295 0.8068732023239136 1.0428097248077393
      vertex 0.3336086869239807 0.7856899499893188 1.0564913749694824
      vertex 0.34699007868766785 0.8098185658454895 1.0688903331756592
    endloop
  endfacet
  facet normal -0.6525637782456165 -0.027221773868321253 0.7572446700698975
    outer loop
      vertex 0.3179304599761963 0.8602279424667358 1.0456600189208984
      vertex 0.30900952219963074 0.8441421985626221 1.0373940467834473
      vertex 0.31684863567352295 0.8068732023239136 1.0428097248077393
    endloop
  endfacet
  facet normal -0.6525614426179663 -0.027218551139542687 0.757246798660927
    outer loop
      vertex 0.3436114490032196 0.8551304340362549 1.0676075220108032
      vertex 0.32685139775276184 0.8763136863708496 1.05392587184906
      vertex 0.3179304599761963 0.8602279424667358 1.0456600189208984
    endloop
  endfacet
  facet normal -0.6525620534344955 -0.02721939395025125 0.757246241991557
    outer loop
      vertex 0.36037150025367737 0.8339471817016602 1.0812891721725464
      vertex 0.3436114490032196 0.8551304340362549 1.0676075220108032
      vertex 0.34699007868766785 0.8098185658454895 1.0688903331756592
    endloop
  endfacet
  facet normal -0.6525641235474845 -0.027219599019212167 0.7572444506815066
    outer loop
      vertex 0.3436114490032196 0.8551304340362549 1.0676075220108032
      vertex 0.31684863567352295 0.8068732023239136 1.0428097248077393
      vertex 0.34699007868766785 0.8098185658454895 1.0688903331756592
    endloop
  endfacet
  facet normal -0.6525617668506234 -0.02722190699341798 0.7572463986209736
    outer loop
      vertex 0.3179304599761963 0.8602279424667358 1.0456600189208984
      vertex 0.31684863567352295 0.8068732023239136 1.0428097248077393
      vertex 0.3436114490032196 0.8551304340362549 1.0676075220108032
    endloop
  endfacet
  facet normal 0.6151918950719502 -0.6024757360770385 0.5084898422547036
    outer loop
      vertex 0.287385493516922 0.8275265693664551 1.0438690185546875
      vertex 0.2813851535320282 0.839061439037323 1.0647953748703003
      vertex 0.2746824026107788 0.8269966244697571 1.0586098432540894
    endloop
  endfacet
  facet normal 0.6151931382102835 -0.6024749533653939 0.5084892656353223
    outer loop
      vertex 0.30900952219963074 0.8441421985626221 1.0373940467834473
      vertex 0.287385493516922 0.8275265693664551 1.0438690185546875
      vertex 0.3000885844230652 0.8280564546585083 1.029128074645996
    endloop
  endfacet
  facet normal 0.6151931382102835 -0.6024749533653939 0.5084892656353223
    outer loop
      vertex 0.287385493516922 0.8275265693664551 1.0438690185546875
      vertex 0.30900952219963074 0.8441421985626221 1.0373940467834473
      vertex 0.3179304599761963 0.8602279424667358 1.0456600189208984
    endloop
  endfacet
  facet normal 0.6151956984038963 -0.6024724573591561 0.508489125536586
    outer loop
      vertex 0.2880879044532776 0.8511262536048889 1.0709807872772217
      vertex 0.2813851535320282 0.839061439037323 1.0647953748703003
      vertex 0.287385493516922 0.8275265693664551 1.0438690185546875
    endloop
  endfacet
  facet normal 0.6151930757946779 -0.6024747431711902 0.5084895901934396
    outer loop
      vertex 0.3141723871231079 0.8757848143577576 1.0686389207839966
      vertex 0.301493376493454 0.8752558827400208 1.0833518505096436
      vertex 0.294790655374527 0.8631910681724548 1.0771663188934326
    endloop
  endfacet
  facet normal 0.6151931547962729 -0.6024756853612263 0.5084883782745969
    outer loop
      vertex 0.3141723871231079 0.8757848143577576 1.0686389207839966
      vertex 0.294790655374527 0.8631910681724548 1.0771663188934326
      vertex 0.2880879044532776 0.8511262536048889 1.0709807872772217
    endloop
  endfacet
  facet normal 0.6151951145292619 -0.6024725286536431 0.5084897474649942
    outer loop
      vertex 0.32685139775276184 0.8763136863708496 1.05392587184906
      vertex 0.3141723871231079 0.8757848143577576 1.0686389207839966
      vertex 0.3179304599761963 0.8602279424667358 1.0456600189208984
    endloop
  endfacet
  facet normal 0.6151923237896223 -0.602474587251264 0.5084906847393996
    outer loop
      vertex 0.2880879044532776 0.8511262536048889 1.0709807872772217
      vertex 0.3179304599761963 0.8602279424667358 1.0456600189208984
      vertex 0.3141723871231079 0.8757848143577576 1.0686389207839966
    endloop
  endfacet
  facet normal 0.6151924040261351 -0.6024743550672309 0.508490862764385
    outer loop
      vertex 0.287385493516922 0.8275265693664551 1.0438690185546875
      vertex 0.3179304599761963 0.8602279424667358 1.0456600189208984
      vertex 0.2880879044532776 0.8511262536048889 1.0709807872772217
    endloop
  endfacet
  facet normal -0.6151905095559494 0.6024734640000828 -0.5084942105157463
    outer loop
      vertex 0.3406968116760254 0.8213532567024231 1.0901708602905273
      vertex 0.3342013955116272 0.821082353591919 1.0977082252502441
      vertex 0.3376796245574951 0.8271259069442749 1.1006606817245483
    endloop
  endfacet
  facet normal -0.615191111495406 0.6024729445113552 -0.5084940977719058
    outer loop
      vertex 0.3406968116760254 0.8213532567024231 1.0901708602905273
      vertex 0.3376796245574951 0.8271259069442749 1.1006606817245483
      vertex 0.34413185715675354 0.8273950815200806 1.0931735038757324
    endloop
  endfacet
  facet normal -0.6152001698660811 0.6024675073010058 -0.5084895806634167
    outer loop
      vertex 0.3376796245574951 0.8271259069442749 1.1006606817245483
      vertex 0.33266809582710266 0.8293301463127136 1.1093355417251587
      vertex 0.33473455905914307 0.8328777551651001 1.1110386848449707
    endloop
  endfacet
  facet normal -0.6151954137427792 0.6024734158046219 -0.508488334338716
    outer loop
      vertex 0.3342013955116272 0.821082353591919 1.0977082252502441
      vertex 0.33266809582710266 0.8293301463127136 1.1093355417251587
      vertex 0.3376796245574951 0.8271259069442749 1.1006606817245483
    endloop
  endfacet
  facet normal -0.6151914664629363 0.6024749824051289 -0.5084912537764259
    outer loop
      vertex 0.347553014755249 0.8334124684333801 1.0961639881134033
      vertex 0.3376796245574951 0.8271259069442749 1.1006606817245483
      vertex 0.33473455905914307 0.8328777551651001 1.1110386848449707
    endloop
  endfacet
  facet normal -0.6151942061302418 0.6024725165968965 -0.5084908607725253
    outer loop
      vertex 0.34413185715675354 0.8273950815200806 1.0931735038757324
      vertex 0.347553014755249 0.8334124684333801 1.0961639881134033
      vertex 0.36037150025367737 0.8339471817016602 1.0812891721725464
    endloop
  endfacet
  facet normal -0.6151913158060516 0.6024725761045834 -0.5084942870856328
    outer loop
      vertex 0.3376796245574951 0.8271259069442749 1.1006606817245483
      vertex 0.347553014755249 0.8334124684333801 1.0961639881134033
      vertex 0.34413185715675354 0.8273950815200806 1.0931735038757324
    endloop
  endfacet
  facet normal -0.6151941161215224 0.6024728826428198 -0.5084905359684777
    outer loop
      vertex 0.3406968116760254 0.8213532567024231 1.0901708602905273
      vertex 0.34413185715675354 0.8273950815200806 1.0931735038757324
      vertex 0.36037150025367737 0.8339471817016602 1.0812891721725464
    endloop
  endfacet
  facet normal -0.6151899630818864 0.6024744493696356 -0.5084937041695418
    outer loop
      vertex 0.32024693489074707 0.806972324848175 1.0978728532791138
      vertex 0.3342013955116272 0.821082353591919 1.0977082252502441
      vertex 0.3406968116760254 0.8213532567024231 1.0901708602905273
    endloop
  endfacet
  facet normal -0.6151916016545946 0.6024761160460631 -0.5084897470428534
    outer loop
      vertex 0.33266809582710266 0.8293301463127136 1.1093355417251587
      vertex 0.3342013955116272 0.821082353591919 1.0977082252502441
      vertex 0.32024693489074707 0.806972324848175 1.0978728532791138
    endloop
  endfacet
  facet normal -0.6151933252147256 0.6024733608115186 -0.5084909262943859
    outer loop
      vertex 0.3078257739543915 0.7846144437789917 1.0864102840423584
      vertex 0.32024693489074707 0.806972324848175 1.0978728532791138
      vertex 0.3207172155380249 0.7851521968841553 1.0714508295059204
    endloop
  endfacet
  facet normal -0.6151941639444578 0.6024735852138452 -0.5084896456844085
    outer loop
      vertex 0.36037150025367737 0.8339471817016602 1.0812891721725464
      vertex 0.34699007868766785 0.8098185658454895 1.0688903331756592
      vertex 0.3406968116760254 0.8213532567024231 1.0901708602905273
    endloop
  endfacet
  facet normal -0.6151903912220708 0.6024768744737419 -0.5084903128599271
    outer loop
      vertex 0.34699007868766785 0.8098185658454895 1.0688903331756592
      vertex 0.32024693489074707 0.806972324848175 1.0978728532791138
      vertex 0.3406968116760254 0.8213532567024231 1.0901708602905273
    endloop
  endfacet
  facet normal -0.6151919539575308 0.6024747666198126 -0.5084909196557176
    outer loop
      vertex 0.34699007868766785 0.8098185658454895 1.0688903331756592
      vertex 0.3336086869239807 0.7856899499893188 1.0564913749694824
      vertex 0.3207172155380249 0.7851521968841553 1.0714508295059204
    endloop
  endfacet
  facet normal -0.6151916650910891 0.6024743744253617 -0.5084917338199535
    outer loop
      vertex 0.34699007868766785 0.8098185658454895 1.0688903331756592
      vertex 0.3207172155380249 0.7851521968841553 1.0714508295059204
      vertex 0.32024693489074707 0.806972324848175 1.0978728532791138
    endloop
  endfacet
  facet normal -0.6578087853646656 -0.020549046146232434 0.7529046012607064
    outer loop
      vertex 0.33506760001182556 0.7910507917404175 1.1103870868682861
      vertex 0.3672378659248352 0.7499129176139832 1.137371301651001
      vertex 0.3749999403953552 0.7606231570243835 1.1444453001022339
    endloop
  endfacet
  facet normal -0.6578088162154511 -0.02054911903080113 0.7529045723172924
    outer loop
      vertex 0.33506760001182556 0.7910507917404175 1.1103870868682861
      vertex 0.3749999403953552 0.7606231570243835 1.1444453001022339
      vertex 0.3428296744823456 0.8017609715461731 1.117461085319519
    endloop
  endfacet
  facet normal -0.6578095039299198 -0.02055003763036055 0.7529039463921434
    outer loop
      vertex 0.32730555534362793 0.7803406119346619 1.1033130884170532
      vertex 0.3594758212566376 0.7392027378082275 1.130297303199768
      vertex 0.3672378659248352 0.7499129176139832 1.137371301651001
    endloop
  endfacet
  facet normal -0.6578095039299198 -0.02055003763036055 0.7529039463921434
    outer loop
      vertex 0.32730555534362793 0.7803406119346619 1.1033130884170532
      vertex 0.3672378659248352 0.7499129176139832 1.137371301651001
      vertex 0.33506760001182556 0.7910507917404175 1.1103870868682861
    endloop
  endfacet
  facet normal -0.6578105449544608 -0.020551923285481295 0.7529029853812396
    outer loop
      vertex 0.3749999403953552 0.7606231570243835 1.1444453001022339
      vertex 0.44710251688957214 0.6890576481819153 1.2054877281188965
      vertex 0.40420883893966675 0.7439081072807312 1.1695088148117065
    endloop
  endfacet
  facet normal -0.6578105449544608 -0.020551923285481295 0.7529029853812396
    outer loop
      vertex 0.40420883893966675 0.7439081072807312 1.1695088148117065
      vertex 0.36131516098976135 0.7987585663795471 1.1335299015045166
      vertex 0.3749999403953552 0.7606231570243835 1.1444453001022339
    endloop
  endfacet
  facet normal -0.6578088766240054 -0.020548929448493014 0.752904524712918
    outer loop
      vertex 0.3672378659248352 0.7499129176139832 1.137371301651001
      vertex 0.44710251688957214 0.6890576481819153 1.2054877281188965
      vertex 0.3749999403953552 0.7606231570243835 1.1444453001022339
    endloop
  endfacet
  facet normal -0.6578101097747431 -0.020551447015581682 0.7529033785976167
    outer loop
      vertex 0.3594758212566376 0.7392027378082275 1.130297303199768
      vertex 0.37997809052467346 0.692349374294281 1.1469311714172363
      vertex 0.41605427861213684 0.6462168097496033 1.1771916151046753
    endloop
  endfacet
  facet normal -0.657810545482001 -0.020551474778250933 0.752902997163055
    outer loop
      vertex 0.3594758212566376 0.7392027378082275 1.130297303199768
      vertex 0.32730555534362793 0.7803406119346619 1.1033130884170532
      vertex 0.3078257739543915 0.7846144437789917 1.0864102840423584
    endloop
  endfacet
  facet normal -0.6578107601345534 -0.020551911689122047 0.7529027976951098
    outer loop
      vertex 0.3594758212566376 0.7392027378082275 1.130297303199768
      vertex 0.3078257739543915 0.7846144437789917 1.0864102840423584
      vertex 0.34390193223953247 0.738481879234314 1.1166707277297974
    endloop
  endfacet
  facet normal -0.6578107591152268 -0.020551937320473137 0.7529027978860382
    outer loop
      vertex 0.37997809052467346 0.692349374294281 1.1469311714172363
      vertex 0.3594758212566376 0.7392027378082275 1.130297303199768
      vertex 0.34390193223953247 0.738481879234314 1.1166707277297974
    endloop
  endfacet
  facet normal -0.6578091773811315 -0.020550455205311825 0.7529042202989789
    outer loop
      vertex 0.41605427861213684 0.6462168097496033 1.1771916151046753
      vertex 0.3672378659248352 0.7499129176139832 1.137371301651001
      vertex 0.3594758212566376 0.7392027378082275 1.130297303199768
    endloop
  endfacet
  facet normal -0.6578097041192532 -0.020550884398178395 0.7529037483749123
    outer loop
      vertex 0.3672378659248352 0.7499129176139832 1.137371301651001
      vertex 0.41605427861213684 0.6462168097496033 1.1771916151046753
      vertex 0.44710251688957214 0.6890576481819153 1.2054877281188965
    endloop
  endfacet
  facet normal -0.6578110917700787 -0.02055225887656643 0.7529024984679807
    outer loop
      vertex 0.36131516098976135 0.7987585663795471 1.1335299015045166
      vertex 0.3428296744823456 0.8017609715461731 1.117461085319519
      vertex 0.3749999403953552 0.7606231570243835 1.1444453001022339
    endloop
  endfacet
  facet normal -0.6578056165864614 -0.0205447591591898 0.7529074867859904
    outer loop
      vertex 0.36131516098976135 0.7987585663795471 1.1335299015045166
      vertex 0.3291064500808716 0.835399866104126 1.1063894033432007
      vertex 0.33266809582710266 0.8293301463127136 1.1093355417251587
    endloop
  endfacet
  facet normal -0.657804592510906 -0.020543710066115 0.7529084101325209
    outer loop
      vertex 0.36131516098976135 0.7987585663795471 1.1335299015045166
      vertex 0.32198312878608704 0.8475393056869507 1.1004971265792847
      vertex 0.3255447745323181 0.8414695858955383 1.1034432649612427
    endloop
  endfacet
  facet normal -0.657804592510906 -0.020543710066115 0.7529084101325209
    outer loop
      vertex 0.36131516098976135 0.7987585663795471 1.1335299015045166
      vertex 0.31842148303985596 0.853609025478363 1.0975509881973267
      vertex 0.32198312878608704 0.8475393056869507 1.1004971265792847
    endloop
  endfacet
  facet normal -0.6578117550196059 -0.02055432081713352 0.7529018626977704
    outer loop
      vertex 0.3255447745323181 0.8414695858955383 1.1034432649612427
      vertex 0.3291064500808716 0.835399866104126 1.1063894033432007
      vertex 0.36131516098976135 0.7987585663795471 1.1335299015045166
    endloop
  endfacet
  facet normal -0.6578095384230475 -0.020548195503274864 0.7529039665330608
    outer loop
      vertex 0.32024693489074707 0.806972324848175 1.0978728532791138
      vertex 0.33506760001182556 0.7910507917404175 1.1103870868682861
      vertex 0.3428296744823456 0.8017609715461731 1.117461085319519
    endloop
  endfacet
  facet normal -0.6578103006829094 -0.020549275728841354 0.7529032710663969
    outer loop
      vertex 0.3078257739543915 0.7846144437789917 1.0864102840423584
      vertex 0.32730555534362793 0.7803406119346619 1.1033130884170532
      vertex 0.32024693489074707 0.806972324848175 1.0978728532791138
    endloop
  endfacet
  facet normal -0.6578101517063117 -0.02054920928402591 0.75290340304047
    outer loop
      vertex 0.33506760001182556 0.7910507917404175 1.1103870868682861
      vertex 0.32024693489074707 0.806972324848175 1.0978728532791138
      vertex 0.32730555534362793 0.7803406119346619 1.1033130884170532
    endloop
  endfacet
  facet normal -0.6578101553955508 -0.02055343252774372 0.7529032845391292
    outer loop
      vertex 0.32024693489074707 0.806972324848175 1.0978728532791138
      vertex 0.3428296744823456 0.8017609715461731 1.117461085319519
      vertex 0.33266809582710266 0.8293301463127136 1.1093355417251587
    endloop
  endfacet
  facet normal -0.6578112381513344 -0.020554115931994674 0.7529023198795862
    outer loop
      vertex 0.36131516098976135 0.7987585663795471 1.1335299015045166
      vertex 0.33266809582710266 0.8293301463127136 1.1093355417251587
      vertex 0.3428296744823456 0.8017609715461731 1.117461085319519
    endloop
  endfacet
  facet normal -0.6483569601069588 -0.032512878495034266 0.7606419427120953
    outer loop
      vertex 0.10877756774425507 1.0618486404418945 0.8850810527801514
      vertex 0.10655785351991653 1.0918701887130737 0.8844722509384155
      vertex 0.08765169233083725 1.088306188583374 0.868204653263092
    endloop
  endfacet
  facet normal -0.6483572384607772 -0.03251322547215217 0.760641690617147
    outer loop
      vertex 0.10877756774425507 1.0618486404418945 0.8850810527801514
      vertex 0.12990343570709229 1.0353912115097046 0.9019574522972107
      vertex 0.1582626849412918 1.040737271308899 0.9263588786125183
    endloop
  endfacet
  facet normal -0.6483569211474537 -0.03251287493796131 0.7606419760724903
    outer loop
      vertex 0.16549605131149292 1.0725407600402832 0.9338838458061218
      vertex 0.10655785351991653 1.0918701887130737 0.8844722509384155
      vertex 0.10877756774425507 1.0618486404418945 0.8850810527801514
    endloop
  endfacet
  facet normal -0.6483568805111717 -0.03251258096994391 0.7606420232754006
    outer loop
      vertex 0.16549605131149292 1.0725407600402832 0.9338838458061218
      vertex 0.1443701833486557 1.0989983081817627 0.9170074462890625
      vertex 0.12546402215957642 1.0954341888427734 0.900739848613739
    endloop
  endfacet
  facet normal -0.6483573912320755 -0.032512050023333454 0.7606416106406602
    outer loop
      vertex 0.18662193417549133 1.0460833311080933 0.9507603049278259
      vertex 0.16549605131149292 1.0725407600402832 0.9338838458061218
      vertex 0.1582626849412918 1.040737271308899 0.9263588786125183
    endloop
  endfacet
  facet normal -0.648357007154024 -0.03251221318873771 0.7606419310476165
    outer loop
      vertex 0.16549605131149292 1.0725407600402832 0.9338838458061218
      vertex 0.10877756774425507 1.0618486404418945 0.8850810527801514
      vertex 0.1582626849412918 1.040737271308899 0.9263588786125183
    endloop
  endfacet
  facet normal -0.6483568598948887 -0.03251251542233267 0.7606420436500684
    outer loop
      vertex 0.12546402215957642 1.0954341888427734 0.900739848613739
      vertex 0.10655785351991653 1.0918701887130737 0.8844722509384155
      vertex 0.16549605131149292 1.0725407600402832 0.9338838458061218
    endloop
  endfacet
  facet normal -0.12859163997462755 0.9894100252730179 -0.0673200714340209
    outer loop
      vertex 0.1582626849412918 1.040737271308899 0.9263588786125183
      vertex 0.11240184307098389 1.0345135927200317 0.9224900603294373
      vertex 0.14050628244876862 1.0398468971252441 0.9471904039382935
    endloop
  endfacet
  facet normal -0.12859173559291595 0.9894100835837699 -0.06731903178120441
    outer loop
      vertex 0.12990343570709229 1.0353912115097046 0.9019574522972107
      vertex 0.11240184307098389 1.0345135927200317 0.9224900603294373
      vertex 0.1582626849412918 1.040737271308899 0.9263588786125183
    endloop
  endfacet
  facet normal -0.1285910974425873 0.9894100533701154 -0.06732069480224015
    outer loop
      vertex 0.14050628244876862 1.0398468971252441 0.9471904039382935
      vertex 0.16861072182655334 1.0451802015304565 0.9718907475471497
      vertex 0.18662193417549133 1.0460833311080933 0.9507603049278259
    endloop
  endfacet
  facet normal -0.12859118390386493 0.9894101112479964 -0.06731967901312037
    outer loop
      vertex 0.1582626849412918 1.040737271308899 0.9263588786125183
      vertex 0.14050628244876862 1.0398468971252441 0.9471904039382935
      vertex 0.18662193417549133 1.0460833311080933 0.9507603049278259
    endloop
  endfacet
  facet normal 0.12859276755347984 -0.9894096996381319 0.06732270341362166
    outer loop
      vertex 0.11314553767442703 1.0954705476760864 0.9248036742210388
      vertex 0.12546402215957642 1.0954341888427734 0.900739848613739
      vertex 0.1443701833486557 1.0989983081817627 0.9170074462890625
    endloop
  endfacet
  facet normal 0.12859118135798783 -0.9894103583212016 0.06731605249618058
    outer loop
      vertex 0.1443701833486557 1.0989983081817627 0.9170074462890625
      vertex 0.1271977573633194 1.0981371402740479 0.9371538162231445
      vertex 0.11314553767442703 1.0954705476760864 0.9248036742210388
    endloop
  endfacet
  facet normal 0.12859313987538637 -0.9894096382852721 0.06732289391578809
    outer loop
      vertex 0.11314553767442703 1.0954705476760864 0.9248036742210388
      vertex 0.09909331798553467 1.0928038358688354 0.9124534726142883
      vertex 0.12546402215957642 1.0954341888427734 0.900739848613739
    endloop
  endfacet
  facet normal 0.12859050532482744 -0.9894102991536716 0.0673182135008628
    outer loop
      vertex 0.0850410982966423 1.090137243270874 0.9001033306121826
      vertex 0.08765169233083725 1.088306188583374 0.868204653263092
      vertex 0.10655785351991653 1.0918701887130737 0.8844722509384155
    endloop
  endfacet
  facet normal 0.12858996259526598 -0.9894104214433608 0.06731745285599794
    outer loop
      vertex 0.10655785351991653 1.0918701887130737 0.8844722509384155
      vertex 0.09909331798553467 1.0928038358688354 0.9124534726142883
      vertex 0.0850410982966423 1.090137243270874 0.9001033306121826
    endloop
  endfacet
  facet normal 0.1285970687965798 -0.9894094130113635 0.06731869979015322
    outer loop
      vertex 0.08765169233083725 1.088306188583374 0.868204653263092
      vertex 0.0850410982966423 1.090137243270874 0.9001033306121826
      vertex 0.07098887860774994 1.087470531463623 0.8877531886100769
    endloop
  endfacet
  facet normal 0.12859089591645664 -0.9894102835155549 0.06731769723536667
    outer loop
      vertex 0.12546402215957642 1.0954341888427734 0.900739848613739
      vertex 0.09909331798553467 1.0928038358688354 0.9124534726142883
      vertex 0.10655785351991653 1.0918701887130737 0.8844722509384155
    endloop
  endfacet
  facet normal -0.6578101759385006 -0.02055194568878424 0.7529033071783948
    outer loop
      vertex -0.010753216221928596 1.212634563446045 0.8197517395019531
      vertex 0.027468377724289894 1.1637585163116455 0.8518117070198059
      vertex 0.03523044288158417 1.174468755722046 0.8588857650756836
    endloop
  endfacet
  facet normal -0.6578089876122492 -0.020549377493663656 0.7529044155144602
    outer loop
      vertex -0.010753216221928596 1.212634563446045 0.8197517395019531
      vertex 0.03523044288158417 1.174468755722046 0.8588857650756836
      vertex -0.0029911515302956104 1.2233448028564453 0.826825737953186
    endloop
  endfacet
  facet normal -0.6578107101245819 -0.02055182442290176 0.7529028437708838
    outer loop
      vertex 0.027468377724289894 1.1637585163116455 0.8518117070198059
      vertex 0.06568997353315353 1.1148825883865356 0.8838717341423035
      vertex 0.07345203310251236 1.1255927085876465 0.8909457921981812
    endloop
  endfacet
  facet normal -0.657810546800662 -0.020551471448230066 0.7529029961018396
    outer loop
      vertex 0.027468377724289894 1.1637585163116455 0.8518117070198059
      vertex 0.07345203310251236 1.1255927085876465 0.8909457921981812
      vertex 0.03523044288158417 1.174468755722046 0.8588857650756836
    endloop
  endfacet
  facet normal -0.6578089563786754 -0.020549276964206376 0.7529044455468744
    outer loop
      vertex 0.03523044288158417 1.174468755722046 0.8588857650756836
      vertex 0.07345203310251236 1.1255927085876465 0.8909457921981812
      vertex 0.08121410012245178 1.1363029479980469 0.8980197906494141
    endloop
  endfacet
  facet normal -0.6578102182076881 -0.02055200401240464 0.7529032686558265
    outer loop
      vertex 0.03523044288158417 1.174468755722046 0.8588857650756836
      vertex 0.08121410012245178 1.1363029479980469 0.8980197906494141
      vertex 0.04299250617623329 1.1851789951324463 0.8659598231315613
    endloop
  endfacet
  facet normal -0.6578105674667469 -0.020551557396921716 0.7529029756998159
    outer loop
      vertex -0.0029911515302956104 1.2233448028564453 0.826825737953186
      vertex 0.03523044288158417 1.174468755722046 0.8588857650756836
      vertex 0.04299250617623329 1.1851789951324463 0.8659598231315613
    endloop
  endfacet
  facet normal -0.6578106164528285 -0.020551663265339047 0.7529029300108866
    outer loop
      vertex -0.0029911515302956104 1.2233448028564453 0.826825737953186
      vertex 0.04299250617623329 1.1851789951324463 0.8659598231315613
      vertex 0.004770912695676088 1.2340549230575562 0.8338997960090637
    endloop
  endfacet
  facet normal -0.6578090503869766 -0.020549930470690134 0.7529043455756076
    outer loop
      vertex 0.08327341824769974 1.1543055772781372 0.9003103971481323
      vertex 0.11314553767442703 1.0954705476760864 0.9248036742210388
      vertex 0.1271977573633194 1.0981371402740479 0.9371538162231445
    endloop
  endfacet
  facet normal -0.6578098863615143 -0.020550667354126875 0.7529035950746628
    outer loop
      vertex 0.11314553767442703 1.0954705476760864 0.9248036742210388
      vertex 0.08327341824769974 1.1543055772781372 0.9003103971481323
      vertex 0.08121410012245178 1.1363029479980469 0.8980197906494141
    endloop
  endfacet
  facet normal -0.6578105571955634 -0.02055159298228411 0.7529029837023845
    outer loop
      vertex 0.09909331798553467 1.0928038358688354 0.9124534726142883
      vertex 0.11314553767442703 1.0954705476760864 0.9248036742210388
      vertex 0.08121410012245178 1.1363029479980469 0.8980197906494141
    endloop
  endfacet
  facet normal -0.6578083603814799 -0.020550039093704165 0.7529049454648816
    outer loop
      vertex 0.07345203310251236 1.1255927085876465 0.8909457921981812
      vertex 0.09909331798553467 1.0928038358688354 0.9124534726142883
      vertex 0.08121410012245178 1.1363029479980469 0.8980197906494141
    endloop
  endfacet
  facet normal -0.6578089404752412 -0.020550839513388434 0.7529044167928194
    outer loop
      vertex 0.0850410982966423 1.090137243270874 0.9001033306121826
      vertex 0.09909331798553467 1.0928038358688354 0.9124534726142883
      vertex 0.07345203310251236 1.1255927085876465 0.8909457921981812
    endloop
  endfacet
  facet normal -0.6578088487219007 -0.020549423732722588 0.752904535600245
    outer loop
      vertex 0.02841363102197647 1.141913890838623 0.8520413637161255
      vertex 0.07098887860774994 1.087470531463623 0.8877531886100769
      vertex 0.06568997353315353 1.1148825883865356 0.8838717341423035
    endloop
  endfacet
  facet normal -0.6578086973589845 -0.02054904717678245 0.7529046781226706
    outer loop
      vertex 0.02841363102197647 1.141913890838623 0.8520413637161255
      vertex 0.06568997353315353 1.1148825883865356 0.8838717341423035
      vertex 0.027468377724289894 1.1637585163116455 0.8518117070198059
    endloop
  endfacet
  facet normal -0.6578090069584689 -0.020549474091166385 0.7529043959752724
    outer loop
      vertex 0.0850410982966423 1.090137243270874 0.9001033306121826
      vertex 0.06568997353315353 1.1148825883865356 0.8838717341423035
      vertex 0.07098887860774994 1.087470531463623 0.8877531886100769
    endloop
  endfacet
  facet normal -0.6578107102303666 -0.02055182428762786 0.7529028436821522
    outer loop
      vertex 0.06568997353315353 1.1148825883865356 0.8838717341423035
      vertex 0.0850410982966423 1.090137243270874 0.9001033306121826
      vertex 0.07345203310251236 1.1255927085876465 0.8909457921981812
    endloop
  endfacet
  facet normal -0.6578093386992429 -0.020550790455488976 0.752904070205308
    outer loop
      vertex 0.04299250617623329 1.1851789951324463 0.8659598231315613
      vertex 0.08121410012245178 1.1363029479980469 0.8980197906494141
      vertex 0.08327341824769974 1.1543055772781372 0.9003103971481323
    endloop
  endfacet
  facet normal -0.657808815526192 -0.020549561983781887 0.7529045608297926
    outer loop
      vertex 0.04299250617623329 1.1851789951324463 0.8659598231315613
      vertex 0.08327341824769974 1.1543055772781372 0.9003103971481323
      vertex 0.03934908285737038 1.2104740142822266 0.8634669780731201
    endloop
  endfacet
  facet normal -0.6578091494237197 -0.020549639034401646 0.7529042670021191
    outer loop
      vertex 0.004770912695676088 1.2340549230575562 0.8338997960090637
      vertex 0.04299250617623329 1.1851789951324463 0.8659598231315613
      vertex 0.03934908285737038 1.2104740142822266 0.8634669780731201
    endloop
  endfacet
  facet normal -0.6578094508509761 -0.02055043861190713 0.7529039818223805
    outer loop
      vertex 0.004770912695676088 1.2340549230575562 0.8338997960090637
      vertex 0.03934908285737038 1.2104740142822266 0.8634669780731201
      vertex -0.004575252532958984 1.266642451286316 0.8266235589981079
    endloop
  endfacet
  facet normal -0.6578091177472956 -0.0205502771105599 0.75290427726186
    outer loop
      vertex -0.02196246013045311 1.2613617181777954 0.8112882971763611
      vertex 0.004770912695676088 1.2340549230575562 0.8338997960090637
      vertex -0.004575252532958984 1.266642451286316 0.8266235589981079
    endloop
  endfacet
  facet normal -0.6578102111204317 -0.0205521815903293 0.7529032700005832
    outer loop
      vertex -0.02196246013045311 1.2613617181777954 0.8112882971763611
      vertex -0.0029911515302956104 1.2233448028564453 0.826825737953186
      vertex 0.004770912695676088 1.2340549230575562 0.8338997960090637
    endloop
  endfacet
  facet normal -0.6578091344538484 -0.02055050863546806 0.752904256345986
    outer loop
      vertex 0.027468377724289894 1.1637585163116455 0.8518117070198059
      vertex -0.010753216221928596 1.212634563446045 0.8197517395019531
      vertex -0.01416162122040987 1.1963571310043335 0.8163295388221741
    endloop
  endfacet
  facet normal -0.6578084933355667 -0.020549036471258664 0.7529048566689515
    outer loop
      vertex 0.027468377724289894 1.1637585163116455 0.8518117070198059
      vertex -0.01416162122040987 1.1963571310043335 0.8163295388221741
      vertex 0.02841363102197647 1.141913890838623 0.8520413637161255
    endloop
  endfacet
  facet normal -0.6578092650994319 -0.02054991113799346 0.7529041585099433
    outer loop
      vertex -0.05673687160015106 1.250800371170044 0.7806177139282227
      vertex -0.010753216221928596 1.212634563446045 0.8197517395019531
      vertex -0.039349667727947235 1.2560811042785645 0.7959529757499695
    endloop
  endfacet
  facet normal -0.6578088998882187 -0.020549489670525535 0.7529044890968126
    outer loop
      vertex -0.0029911515302956104 1.2233448028564453 0.826825737953186
      vertex -0.039349667727947235 1.2560811042785645 0.7959529757499695
      vertex -0.010753216221928596 1.212634563446045 0.8197517395019531
    endloop
  endfacet
  facet normal -0.6578094792181287 -0.02055037388803849 0.752903958804731
    outer loop
      vertex -0.01416162122040987 1.1963571310043335 0.8163295388221741
      vertex -0.010753216221928596 1.212634563446045 0.8197517395019531
      vertex -0.05673687160015106 1.250800371170044 0.7806177139282227
    endloop
  endfacet
  facet normal -0.6578102898490698 -0.020552249750463856 0.7529031993549221
    outer loop
      vertex -0.039349667727947235 1.2560811042785645 0.7959529757499695
      vertex -0.0029911515302956104 1.2233448028564453 0.826825737953186
      vertex -0.02196246013045311 1.2613617181777954 0.8112882971763611
    endloop
  endfacet
endsolid beam