solid f22
  facet normal -0.99918548 0.0403531422 0
    outer loop
      vertex 5.7432127 0.629520774 0.0350000001
      vertex 5.74522781 0.679417074 0.0350000001
      vertex 5.74522781 0.679417074 0
    endloop
  endfacet
  facet normal -0.99918548 0.0403531422 0
    outer loop
      vertex 5.7432127 0.629520774 0.0350000001
      vertex 5.74522781 0.679417074 0
      vertex 5.7432127 0.629520774 0
    endloop
  endfacet
  facet normal -0.999185482 0.040353094 0
    outer loop
      vertex 5.74522781 0.679417074 -0.0700000003
      vertex 5.74724293 0.729313433 -0.0233333334
      vertex 5.74724293 0.729313433 -0.0700000003
    endloop
  endfacet
  facet normal -0.999185482 0.040353094 0
    outer loop
      vertex 5.74724293 0.729313433 -0.0233333334
      vertex 5.74522781 0.679417074 -0.0700000003
      vertex 5.74522781 0.679417074 0
    endloop
  endfacet
  facet normal -0.99918548 0.0403531422 0
    outer loop
      vertex 5.74522781 0.679417074 -0.0700000003
      vertex 5.7432127 0.629520774 -0.0700000003
      vertex 5.7432127 0.629520774 0
    endloop
  endfacet
  facet normal -0.99918548 0.0403531422 0
    outer loop
      vertex 5.74522781 0.679417074 -0.0700000003
      vertex 5.7432127 0.629520774 0
      vertex 5.74522781 0.679417074 0
    endloop
  endfacet
  facet normal -0.999185482 0.040353094 0
    outer loop
      vertex 5.74724293 0.729313433 0.0233333334
      vertex 5.74724293 0.729313433 -0.0233333334
      vertex 5.74522781 0.679417074 0
    endloop
  endfacet
  facet normal -0.999185482 0.040353094 0
    outer loop
      vertex 5.74724293 0.729313433 0.0233333334
      vertex 5.74522781 0.679417074 0
      vertex 5.74522781 0.679417074 0.0350000001
    endloop
  endfacet
  facet normal -0.999185593 0.040350358 0
    outer loop
      vertex 5.74624205 0.704528868 0.0549999997
      vertex 5.74724293 0.729313433 0.0700000003
      vertex 5.74724293 0.729313433 0.0233333334
    endloop
  endfacet
  facet normal -0.999185457 0.0403537069 2.62532511e-06
    outer loop
      vertex 5.74724293 0.729313433 0.0233333334
      vertex 5.74522781 0.679417074 0.0350000001
      vertex 5.74624205 0.704528868 0.0549999997
    endloop
  endfacet
  facet normal -0.999185353 0.0403562813 -6.12333794e-07
    outer loop
      vertex 5.74522781 0.679417074 0.0350000001
      vertex 5.74378681 0.643739462 0.0549999997
      vertex 5.74624205 0.704528868 0.0549999997
    endloop
  endfacet
  facet normal -0.999185593 0.040350358 0
    outer loop
      vertex 5.74724293 0.729313433 0.0700000003
      vertex 5.74624205 0.704528868 0.0549999997
      vertex 5.74624205 0.704528868 0.0700000003
    endloop
  endfacet
  facet normal -0.999185482 0.040353094 0
    outer loop
      vertex 5.74119759 0.579624414 -0.0700000003
      vertex 5.7432127 0.629520774 0
      vertex 5.7432127 0.629520774 -0.0700000003
    endloop
  endfacet
  facet normal -0.999185097 0.0403626272 0
    outer loop
      vertex 5.739182 0.529728055 0
      vertex 5.74119759 0.579624414 -0.0700000003
      vertex 5.739182 0.529728055 -0.0700000003
    endloop
  endfacet
  facet normal -0.99918529 0.0403578606 -3.4032048e-06
    outer loop
      vertex 5.7432127 0.629520774 0
      vertex 5.74119759 0.579624414 -0.0700000003
      vertex 5.739182 0.529728055 0
    endloop
  endfacet
  facet normal -0.99918529 0.0403578606 0
    outer loop
      vertex 5.7432127 0.629520774 0.0350000001
      vertex 5.7432127 0.629520774 0
      vertex 5.739182 0.529728055 0
    endloop
  endfacet
  facet normal -0.999185526 0.0403520105 0
    outer loop
      vertex 5.74148464 0.586733758 0.0700000003
      vertex 5.74378681 0.643739462 0.0700000003
      vertex 5.74378681 0.643739462 0.0549999997
    endloop
  endfacet
  facet normal -0.99918533 0.0403568634 2.84785631e-06
    outer loop
      vertex 5.7432127 0.629520774 0.0350000001
      vertex 5.739182 0.529728055 0
      vertex 5.74148464 0.586733758 0.0700000003
    endloop
  endfacet
  facet normal -0.999185189 0.0403603548 0
    outer loop
      vertex 5.739182 0.529728055 0.0700000003
      vertex 5.74148464 0.586733758 0.0700000003
      vertex 5.739182 0.529728055 0
    endloop
  endfacet
  facet normal -0.999185574 0.040350812 -4.56200225e-06
    outer loop
      vertex 5.74378681 0.643739462 0.0549999997
      vertex 5.7432127 0.629520774 0.0350000001
      vertex 5.74148464 0.586733758 0.0700000003
    endloop
  endfacet
  facet normal -0.99918548 0.0403531422 -6.22128256e-06
    outer loop
      vertex 5.74378681 0.643739462 0.0549999997
      vertex 5.74522781 0.679417074 0.0350000001
      vertex 5.7432127 0.629520774 0.0350000001
    endloop
  endfacet
  facet normal 0.00362834248 -0.999993418 0
    outer loop
      vertex 5.76170397 0.529809833 -0.0612500012
      vertex 5.76921129 0.529837072 -0.0612500012
      vertex 5.76921129 0.529837072 -0.0524999984
    endloop
  endfacet
  facet normal 0.00362834248 -0.999993418 0
    outer loop
      vertex 5.76170397 0.529809833 -0.0612500012
      vertex 5.76921129 0.529837072 -0.0524999984
      vertex 5.76170397 0.529809833 -0.0524999984
    endloop
  endfacet
  facet normal 0.00362834248 -0.999993418 0
    outer loop
      vertex 5.75419664 0.529782593 -0.0612500012
      vertex 5.76170397 0.529809833 -0.0612500012
      vertex 5.76170397 0.529809833 -0.0524999984
    endloop
  endfacet
  facet normal 0.00362834248 -0.999993418 0
    outer loop
      vertex 5.75419664 0.529782593 -0.0612500012
      vertex 5.76170397 0.529809833 -0.0524999984
      vertex 5.75419664 0.529782593 -0.0524999984
    endloop
  endfacet
  facet normal 0.00362834248 -0.999993418 0
    outer loop
      vertex 5.76170397 0.529809833 -0.0524999984
      vertex 5.76921129 0.529837072 -0.0524999984
      vertex 5.76921129 0.529837072 -0.0350000001
    endloop
  endfacet
  facet normal 0.00362834248 -0.999993418 0
    outer loop
      vertex 5.75419664 0.529782593 -0.0350000001
      vertex 5.75419664 0.529782593 -0.0524999984
      vertex 5.76170397 0.529809833 -0.0524999984
    endloop
  endfacet
  facet normal 0.00362834248 -0.999993418 0
    outer loop
      vertex 5.76921129 0.529837072 -0.0350000001
      vertex 5.75419664 0.529782593 -0.0350000001
      vertex 5.76170397 0.529809833 -0.0524999984
    endloop
  endfacet
  facet normal 0.00363628185 -0.999993389 0
    outer loop
      vertex 5.77296448 0.529850662 -0.065624997
      vertex 5.77671814 0.529864311 -0.065624997
      vertex 5.77671814 0.529864311 -0.0612500012
    endloop
  endfacet
  facet normal 0.00363628185 -0.999993389 0
    outer loop
      vertex 5.77296448 0.529850662 -0.065624997
      vertex 5.77671814 0.529864311 -0.0612500012
      vertex 5.77296448 0.529850662 -0.0612500012
    endloop
  endfacet
  facet normal 0.00362086306 -0.999993445 0
    outer loop
      vertex 5.76921129 0.529837072 -0.065624997
      vertex 5.77296448 0.529850662 -0.065624997
      vertex 5.77296448 0.529850662 -0.0612500012
    endloop
  endfacet
  facet normal 0.00362086306 -0.999993445 0
    outer loop
      vertex 5.76921129 0.529837072 -0.065624997
      vertex 5.77296448 0.529850662 -0.0612500012
      vertex 5.76921129 0.529837072 -0.0612500012
    endloop
  endfacet
  facet normal 0.00362834248 -0.999993418 0
    outer loop
      vertex 5.77671814 0.529864311 -0.0612500012
      vertex 5.78422546 0.529891551 -0.0612500012
      vertex 5.78422546 0.529891551 -0.0524999984
    endloop
  endfacet
  facet normal 0.00362834248 -0.999993418 0
    outer loop
      vertex 5.77671814 0.529864311 -0.0612500012
      vertex 5.78422546 0.529891551 -0.0524999984
      vertex 5.77671814 0.529864311 -0.0524999984
    endloop
  endfacet
  facet normal 0.00363628185 -0.999993389 0
    outer loop
      vertex 5.77296448 0.529850662 -0.0612500012
      vertex 5.77671814 0.529864311 -0.0612500012
      vertex 5.77671814 0.529864311 -0.0524999984
    endloop
  endfacet
  facet normal 0.00362086306 -0.999993445 0
    outer loop
      vertex 5.76921129 0.529837072 -0.0524999984
      vertex 5.76921129 0.529837072 -0.0612500012
      vertex 5.77296448 0.529850662 -0.0612500012
    endloop
  endfacet
  facet normal 0.00362857295 -0.999993417 3.30708544e-06
    outer loop
      vertex 5.77671814 0.529864311 -0.0524999984
      vertex 5.76921129 0.529837072 -0.0524999984
      vertex 5.77296448 0.529850662 -0.0612500012
    endloop
  endfacet
  facet normal 0.00362834248 -0.999993418 0
    outer loop
      vertex 5.78422546 0.529891551 -0.0524999984
      vertex 5.79924011 0.529946029 -0.0524999984
      vertex 5.79924011 0.529946029 -0.0350000001
    endloop
  endfacet
  facet normal 0.00362834248 -0.999993418 0
    outer loop
      vertex 5.78422546 0.529891551 -0.0524999984
      vertex 5.79924011 0.529946029 -0.0350000001
      vertex 5.78422546 0.529891551 -0.0350000001
    endloop
  endfacet
  facet normal 0.00362834248 -0.999993418 0
    outer loop
      vertex 5.77671814 0.529864311 -0.0524999984
      vertex 5.78422546 0.529891551 -0.0524999984
      vertex 5.78422546 0.529891551 -0.0350000001
    endloop
  endfacet
  facet normal 0.00362857295 -0.999993417 0
    outer loop
      vertex 5.76921129 0.529837072 -0.0350000001
      vertex 5.76921129 0.529837072 -0.0524999984
      vertex 5.77671814 0.529864311 -0.0524999984
    endloop
  endfacet
  facet normal 0.00362845771 -0.999993417 -4.94338183e-08
    outer loop
      vertex 5.78422546 0.529891551 -0.0350000001
      vertex 5.76921129 0.529837072 -0.0350000001
      vertex 5.77671814 0.529864311 -0.0524999984
    endloop
  endfacet
  facet normal 0.00362834248 -0.999993418 0
    outer loop
      vertex 5.78422546 0.529891551 -0.0350000001
      vertex 5.79924011 0.529946029 -0.0350000001
      vertex 5.79924011 0.529946029 6.24500451e-17
    endloop
  endfacet
  facet normal 0.00362845771 -0.999993417 0
    outer loop
      vertex 5.76921129 0.529837072 6.59194921e-17
      vertex 5.76921129 0.529837072 -0.0350000001
      vertex 5.78422546 0.529891551 -0.0350000001
    endloop
  endfacet
  facet normal 0.00362840009 -0.999993417 -2.4716514e-08
    outer loop
      vertex 5.79924011 0.529946029 6.24500451e-17
      vertex 5.76921129 0.529837072 6.59194921e-17
      vertex 5.78422546 0.529891551 -0.0350000001
    endloop
  endfacet
  facet normal 0.00363628185 -0.999993389 0
    outer loop
      vertex 5.82551527 0.530041397 -0.065624997
      vertex 5.82926893 0.530055046 -0.065624997
      vertex 5.82926893 0.530055046 -0.0612500012
    endloop
  endfacet
  facet normal 0.00363628185 -0.999993389 0
    outer loop
      vertex 5.82551527 0.530041397 -0.065624997
      vertex 5.82926893 0.530055046 -0.0612500012
      vertex 5.82551527 0.530041397 -0.0612500012
    endloop
  endfacet
  facet normal 0.0036204031 -0.999993446 0
    outer loop
      vertex 5.82176161 0.530027807 -0.065624997
      vertex 5.82551527 0.530041397 -0.065624997
      vertex 5.82551527 0.530041397 -0.0612500012
    endloop
  endfacet
  facet normal 0.0036204031 -0.999993446 0
    outer loop
      vertex 5.82176161 0.530027807 -0.065624997
      vertex 5.82551527 0.530041397 -0.0612500012
      vertex 5.82176161 0.530027807 -0.0612500012
    endloop
  endfacet
  facet normal 0.00363628185 -0.999993389 0
    outer loop
      vertex 5.82551527 0.530041397 -0.0612500012
      vertex 5.82926893 0.530055046 -0.0612500012
      vertex 5.82926893 0.530055046 -0.0524999984
    endloop
  endfacet
  facet normal 0.0036204031 -0.999993446 0
    outer loop
      vertex 5.82176161 0.530027807 -0.0524999984
      vertex 5.82176161 0.530027807 -0.0612500012
      vertex 5.82551527 0.530041397 -0.0612500012
    endloop
  endfacet
  facet normal 0.00362834248 -0.999993418 3.40595618e-06
    outer loop
      vertex 5.82926893 0.530055046 -0.0524999984
      vertex 5.82176161 0.530027807 -0.0524999984
      vertex 5.82551527 0.530041397 -0.0612500012
    endloop
  endfacet
  facet normal 0.00362834248 -0.999993418 0
    outer loop
      vertex 5.81425428 0.530000567 -0.0612500012
      vertex 5.82176161 0.530027807 -0.0612500012
      vertex 5.82176161 0.530027807 -0.0524999984
    endloop
  endfacet
  facet normal 0.00362834248 -0.999993418 0
    outer loop
      vertex 5.81425428 0.530000567 -0.0612500012
      vertex 5.82176161 0.530027807 -0.0524999984
      vertex 5.81425428 0.530000567 -0.0524999984
    endloop
  endfacet
  facet normal 0.00362834248 -0.999993418 0
    outer loop
      vertex 5.82176161 0.530027807 -0.0524999984
      vertex 5.82926893 0.530055046 -0.0524999984
      vertex 5.82926893 0.530055046 -0.0350000001
    endloop
  endfacet
  facet normal 0.00362834248 -0.999993418 0
    outer loop
      vertex 5.81425428 0.530000567 -0.0350000001
      vertex 5.81425428 0.530000567 -0.0524999984
      vertex 5.82176161 0.530027807 -0.0524999984
    endloop
  endfacet
  facet normal 0.00362834248 -0.999993418 0
    outer loop
      vertex 5.82926893 0.530055046 -0.0350000001
      vertex 5.81425428 0.530000567 -0.0350000001
      vertex 5.82176161 0.530027807 -0.0524999984
    endloop
  endfacet
  facet normal 0.00363242752 -0.999993403 0
    outer loop
      vertex 5.79924011 0.529946029 -0.0524999984
      vertex 5.81425428 0.530000567 -0.0524999984
      vertex 5.81425428 0.530000567 -0.0350000001
    endloop
  endfacet
  facet normal 0.00363242752 -0.999993403 0
    outer loop
      vertex 5.79924011 0.529946029 -0.0524999984
      vertex 5.81425428 0.530000567 -0.0350000001
      vertex 5.79924011 0.529946029 -0.0350000001
    endloop
  endfacet
  facet normal 0.00362834248 -0.999993418 0
    outer loop
      vertex 5.83677578 0.530082285 -0.0612500012
      vertex 5.8442831 0.530109525 -0.0612500012
      vertex 5.8442831 0.530109525 -0.0524999984
    endloop
  endfacet
  facet normal 0.00362834248 -0.999993418 0
    outer loop
      vertex 5.83677578 0.530082285 -0.0612500012
      vertex 5.8442831 0.530109525 -0.0524999984
      vertex 5.83677578 0.530082285 -0.0524999984
    endloop
  endfacet
  facet normal 0.00362857295 -0.999993417 0
    outer loop
      vertex 5.82926893 0.530055046 -0.0612500012
      vertex 5.83677578 0.530082285 -0.0612500012
      vertex 5.83677578 0.530082285 -0.0524999984
    endloop
  endfacet
  facet normal 0.00362857295 -0.999993417 0
    outer loop
      vertex 5.82926893 0.530055046 -0.0612500012
      vertex 5.83677578 0.530082285 -0.0524999984
      vertex 5.82926893 0.530055046 -0.0524999984
    endloop
  endfacet
  facet normal 0.00362834248 -0.999993418 0
    outer loop
      vertex 5.83677578 0.530082285 -0.0524999984
      vertex 5.8442831 0.530109525 -0.0524999984
      vertex 5.8442831 0.530109525 -0.0350000001
    endloop
  endfacet
  facet normal 0.00362857295 -0.999993417 0
    outer loop
      vertex 5.82926893 0.530055046 -0.0350000001
      vertex 5.82926893 0.530055046 -0.0524999984
      vertex 5.83677578 0.530082285 -0.0524999984
    endloop
  endfacet
  facet normal 0.00362845771 -0.999993417 -4.94338183e-08
    outer loop
      vertex 5.8442831 0.530109525 -0.0350000001
      vertex 5.82926893 0.530055046 -0.0350000001
      vertex 5.83677578 0.530082285 -0.0524999984
    endloop
  endfacet
  facet normal 0.00362834248 -0.999993418 0
    outer loop
      vertex 5.81425428 0.530000567 -0.0350000001
      vertex 5.82926893 0.530055046 -0.0350000001
      vertex 5.82926893 0.530055046 5.89805982e-17
    endloop
  endfacet
  facet normal 0.00363242752 -0.999993403 0
    outer loop
      vertex 5.79924011 0.529946029 6.24500451e-17
      vertex 5.79924011 0.529946029 -0.0350000001
      vertex 5.81425428 0.530000567 -0.0350000001
    endloop
  endfacet
  facet normal 0.00363038497 -0.99999341 -8.76219345e-07
    outer loop
      vertex 5.82926893 0.530055046 5.89805982e-17
      vertex 5.79924011 0.529946029 6.24500451e-17
      vertex 5.81425428 0.530000567 -0.0350000001
    endloop
  endfacet
  facet normal 0.00363242752 -0.999993403 0
    outer loop
      vertex 5.81425428 0.530000567 0.0350000001
      vertex 5.79924011 0.529946029 0.0350000001
      vertex 5.79924011 0.529946029 6.24500451e-17
    endloop
  endfacet
  facet normal 0.00362834248 -0.999993418 0
    outer loop
      vertex 5.82926893 0.530055046 5.89805982e-17
      vertex 5.82926893 0.530055046 0.0350000001
      vertex 5.81425428 0.530000567 0.0350000001
    endloop
  endfacet
  facet normal 0.00363038497 -0.99999341 8.76219345e-07
    outer loop
      vertex 5.79924011 0.529946029 6.24500451e-17
      vertex 5.82926893 0.530055046 5.89805982e-17
      vertex 5.81425428 0.530000567 0.0350000001
    endloop
  endfacet
  facet normal 0.00362857295 -0.999993417 0
    outer loop
      vertex 5.83677578 0.530082285 0.0524999984
      vertex 5.82926893 0.530055046 0.0524999984
      vertex 5.82926893 0.530055046 0.0350000001
    endloop
  endfacet
  facet normal 0.00362834248 -0.999993418 0
    outer loop
      vertex 5.8442831 0.530109525 0.0350000001
      vertex 5.8442831 0.530109525 0.0524999984
      vertex 5.83677578 0.530082285 0.0524999984
    endloop
  endfacet
  facet normal 0.00362845771 -0.999993417 4.94338183e-08
    outer loop
      vertex 5.82926893 0.530055046 0.0350000001
      vertex 5.8442831 0.530109525 0.0350000001
      vertex 5.83677578 0.530082285 0.0524999984
    endloop
  endfacet
  facet normal 0.00362857295 -0.999993417 0
    outer loop
      vertex 5.82926893 0.530055046 0.0524999984
      vertex 5.83677578 0.530082285 0.0524999984
      vertex 5.83677578 0.530082285 0.0612500012
    endloop
  endfacet
  facet normal 0.00362857295 -0.999993417 0
    outer loop
      vertex 5.82926893 0.530055046 0.0524999984
      vertex 5.83677578 0.530082285 0.0612500012
      vertex 5.82926893 0.530055046 0.0612500012
    endloop
  endfacet
  facet normal 0.00362834248 -0.999993418 0
    outer loop
      vertex 5.83677578 0.530082285 0.0524999984
      vertex 5.8442831 0.530109525 0.0524999984
      vertex 5.8442831 0.530109525 0.0612500012
    endloop
  endfacet
  facet normal 0.00362834248 -0.999993418 0
    outer loop
      vertex 5.83677578 0.530082285 0.0524999984
      vertex 5.8442831 0.530109525 0.0612500012
      vertex 5.83677578 0.530082285 0.0612500012
    endloop
  endfacet
  facet normal 0.00363242752 -0.999993403 0
    outer loop
      vertex 5.79924011 0.529946029 0.0350000001
      vertex 5.81425428 0.530000567 0.0350000001
      vertex 5.81425428 0.530000567 0.0524999984
    endloop
  endfacet
  facet normal 0.00363242752 -0.999993403 0
    outer loop
      vertex 5.79924011 0.529946029 0.0350000001
      vertex 5.81425428 0.530000567 0.0524999984
      vertex 5.79924011 0.529946029 0.0524999984
    endloop
  endfacet
  facet normal 0.00362834248 -0.999993418 0
    outer loop
      vertex 5.82176161 0.530027807 0.0524999984
      vertex 5.81425428 0.530000567 0.0524999984
      vertex 5.81425428 0.530000567 0.0350000001
    endloop
  endfacet
  facet normal 0.00362834248 -0.999993418 0
    outer loop
      vertex 5.82926893 0.530055046 0.0350000001
      vertex 5.82926893 0.530055046 0.0524999984
      vertex 5.82176161 0.530027807 0.0524999984
    endloop
  endfacet
  facet normal 0.00362834248 -0.999993418 0
    outer loop
      vertex 5.81425428 0.530000567 0.0350000001
      vertex 5.82926893 0.530055046 0.0350000001
      vertex 5.82176161 0.530027807 0.0524999984
    endloop
  endfacet
  facet normal 0.00362834248 -0.999993418 0
    outer loop
      vertex 5.81425428 0.530000567 0.0524999984
      vertex 5.82176161 0.530027807 0.0524999984
      vertex 5.82176161 0.530027807 0.0612500012
    endloop
  endfacet
  facet normal 0.00362834248 -0.999993418 0
    outer loop
      vertex 5.81425428 0.530000567 0.0524999984
      vertex 5.82176161 0.530027807 0.0612500012
      vertex 5.81425428 0.530000567 0.0612500012
    endloop
  endfacet
  facet normal 0.0036204031 -0.999993446 0
    outer loop
      vertex 5.82551527 0.530041397 0.0612500012
      vertex 5.82176161 0.530027807 0.0612500012
      vertex 5.82176161 0.530027807 0.0524999984
    endloop
  endfacet
  facet normal 0.00363628185 -0.999993389 0
    outer loop
      vertex 5.82926893 0.530055046 0.0524999984
      vertex 5.82926893 0.530055046 0.0612500012
      vertex 5.82551527 0.530041397 0.0612500012
    endloop
  endfacet
  facet normal 0.00362834248 -0.999993418 -3.40595618e-06
    outer loop
      vertex 5.82176161 0.530027807 0.0524999984
      vertex 5.82926893 0.530055046 0.0524999984
      vertex 5.82551527 0.530041397 0.0612500012
    endloop
  endfacet
  facet normal 0.0036204031 -0.999993446 0
    outer loop
      vertex 5.82176161 0.530027807 0.0612500012
      vertex 5.82551527 0.530041397 0.0612500012
      vertex 5.82551527 0.530041397 0.065624997
    endloop
  endfacet
  facet normal 0.0036204031 -0.999993446 0
    outer loop
      vertex 5.82176161 0.530027807 0.0612500012
      vertex 5.82551527 0.530041397 0.065624997
      vertex 5.82176161 0.530027807 0.065624997
    endloop
  endfacet
  facet normal 0.00363628185 -0.999993389 0
    outer loop
      vertex 5.82551527 0.530041397 0.0612500012
      vertex 5.82926893 0.530055046 0.0612500012
      vertex 5.82926893 0.530055046 0.065624997
    endloop
  endfacet
  facet normal 0.00363628185 -0.999993389 0
    outer loop
      vertex 5.82551527 0.530041397 0.0612500012
      vertex 5.82926893 0.530055046 0.065624997
      vertex 5.82551527 0.530041397 0.065624997
    endloop
  endfacet
  facet normal 0.00362845771 -0.999993417 0
    outer loop
      vertex 5.78422546 0.529891551 0.0350000001
      vertex 5.76921129 0.529837072 0.0350000001
      vertex 5.76921129 0.529837072 6.59194921e-17
    endloop
  endfacet
  facet normal 0.00362834248 -0.999993418 0
    outer loop
      vertex 5.79924011 0.529946029 6.24500451e-17
      vertex 5.79924011 0.529946029 0.0350000001
      vertex 5.78422546 0.529891551 0.0350000001
    endloop
  endfacet
  facet normal 0.00362840009 -0.999993417 2.4716514e-08
    outer loop
      vertex 5.76921129 0.529837072 6.59194921e-17
      vertex 5.79924011 0.529946029 6.24500451e-17
      vertex 5.78422546 0.529891551 0.0350000001
    endloop
  endfacet
  facet normal 0.00362857295 -0.999993417 0
    outer loop
      vertex 5.77671814 0.529864311 0.0524999984
      vertex 5.76921129 0.529837072 0.0524999984
      vertex 5.76921129 0.529837072 0.0350000001
    endloop
  endfacet
  facet normal 0.00362834248 -0.999993418 0
    outer loop
      vertex 5.78422546 0.529891551 0.0350000001
      vertex 5.78422546 0.529891551 0.0524999984
      vertex 5.77671814 0.529864311 0.0524999984
    endloop
  endfacet
  facet normal 0.00362845771 -0.999993417 4.94338183e-08
    outer loop
      vertex 5.76921129 0.529837072 0.0350000001
      vertex 5.78422546 0.529891551 0.0350000001
      vertex 5.77671814 0.529864311 0.0524999984
    endloop
  endfacet
  facet normal 0.00362834248 -0.999993418 0
    outer loop
      vertex 5.78422546 0.529891551 0.0350000001
      vertex 5.79924011 0.529946029 0.0350000001
      vertex 5.79924011 0.529946029 0.0524999984
    endloop
  endfacet
  facet normal 0.00362834248 -0.999993418 0
    outer loop
      vertex 5.78422546 0.529891551 0.0350000001
      vertex 5.79924011 0.529946029 0.0524999984
      vertex 5.78422546 0.529891551 0.0524999984
    endloop
  endfacet
  facet normal 0.00362086306 -0.999993445 0
    outer loop
      vertex 5.77296448 0.529850662 0.0612500012
      vertex 5.76921129 0.529837072 0.0612500012
      vertex 5.76921129 0.529837072 0.0524999984
    endloop
  endfacet
  facet normal 0.00363628185 -0.999993389 0
    outer loop
      vertex 5.77671814 0.529864311 0.0524999984
      vertex 5.77671814 0.529864311 0.0612500012
      vertex 5.77296448 0.529850662 0.0612500012
    endloop
  endfacet
  facet normal 0.00362857295 -0.999993417 -3.30708544e-06
    outer loop
      vertex 5.76921129 0.529837072 0.0524999984
      vertex 5.77671814 0.529864311 0.0524999984
      vertex 5.77296448 0.529850662 0.0612500012
    endloop
  endfacet
  facet normal 0.00362834248 -0.999993418 0
    outer loop
      vertex 5.77671814 0.529864311 0.0524999984
      vertex 5.78422546 0.529891551 0.0524999984
      vertex 5.78422546 0.529891551 0.0612500012
    endloop
  endfacet
  facet normal 0.00362834248 -0.999993418 0
    outer loop
      vertex 5.77671814 0.529864311 0.0524999984
      vertex 5.78422546 0.529891551 0.0612500012
      vertex 5.77671814 0.529864311 0.0612500012
    endloop
  endfacet
  facet normal 0.00362086306 -0.999993445 0
    outer loop
      vertex 5.76921129 0.529837072 0.0612500012
      vertex 5.77296448 0.529850662 0.0612500012
      vertex 5.77296448 0.529850662 0.065624997
    endloop
  endfacet
  facet normal 0.00362086306 -0.999993445 0
    outer loop
      vertex 5.76921129 0.529837072 0.0612500012
      vertex 5.77296448 0.529850662 0.065624997
      vertex 5.76921129 0.529837072 0.065624997
    endloop
  endfacet
  facet normal 0.00363628185 -0.999993389 0
    outer loop
      vertex 5.77296448 0.529850662 0.0612500012
      vertex 5.77671814 0.529864311 0.0612500012
      vertex 5.77671814 0.529864311 0.065624997
    endloop
  endfacet
  facet normal 0.00363628185 -0.999993389 0
    outer loop
      vertex 5.77296448 0.529850662 0.0612500012
      vertex 5.77671814 0.529864311 0.065624997
      vertex 5.77296448 0.529850662 0.065624997
    endloop
  endfacet
  facet normal 0.00362834248 -0.999993418 0
    outer loop
      vertex 5.76170397 0.529809833 0.0524999984
      vertex 5.75419664 0.529782593 0.0524999984
      vertex 5.75419664 0.529782593 0.0350000001
    endloop
  endfacet
  facet normal 0.00362834248 -0.999993418 0
    outer loop
      vertex 5.76921129 0.529837072 0.0350000001
      vertex 5.76921129 0.529837072 0.0524999984
      vertex 5.76170397 0.529809833 0.0524999984
    endloop
  endfacet
  facet normal 0.00362834248 -0.999993418 0
    outer loop
      vertex 5.75419664 0.529782593 0.0350000001
      vertex 5.76921129 0.529837072 0.0350000001
      vertex 5.76170397 0.529809833 0.0524999984
    endloop
  endfacet
  facet normal 0.00362834248 -0.999993418 0
    outer loop
      vertex 5.75419664 0.529782593 0.0524999984
      vertex 5.76170397 0.529809833 0.0524999984
      vertex 5.76170397 0.529809833 0.0612500012
    endloop
  endfacet
  facet normal 0.00362834248 -0.999993418 0
    outer loop
      vertex 5.75419664 0.529782593 0.0524999984
      vertex 5.76170397 0.529809833 0.0612500012
      vertex 5.75419664 0.529782593 0.0612500012
    endloop
  endfacet
  facet normal 0.00362834248 -0.999993418 0
    outer loop
      vertex 5.76170397 0.529809833 0.0524999984
      vertex 5.76921129 0.529837072 0.0524999984
      vertex 5.76921129 0.529837072 0.0612500012
    endloop
  endfacet
  facet normal 0.00362834248 -0.999993418 0
    outer loop
      vertex 5.76170397 0.529809833 0.0524999984
      vertex 5.76921129 0.529837072 0.0612500012
      vertex 5.76170397 0.529809833 0.0612500012
    endloop
  endfacet
  facet normal 0.00362834248 -0.999993418 0
    outer loop
      vertex 5.8442831 0.530109525 0.0524999984
      vertex 5.85929775 0.530164003 0.0700000003
      vertex 5.8442831 0.530109525 0.0612500012
    endloop
  endfacet
  facet normal 0.0036284193 -0.999993417 -1.31822157e-07
    outer loop
      vertex 5.82926893 0.530055046 0.065624997
      vertex 5.8442831 0.530109525 0.0612500012
      vertex 5.85929775 0.530164003 0.0700000003
    endloop
  endfacet
  facet normal 0.00362857295 -0.999993417 0
    outer loop
      vertex 5.82926893 0.530055046 0.0612500012
      vertex 5.83677578 0.530082285 0.0612500012
      vertex 5.82926893 0.530055046 0.065624997
    endloop
  endfacet
  facet normal 0.00362834248 -0.999993418 -3.95458324e-07
    outer loop
      vertex 5.8442831 0.530109525 0.0612500012
      vertex 5.82926893 0.530055046 0.065624997
      vertex 5.83677578 0.530082285 0.0612500012
    endloop
  endfacet
  facet normal 0.00362811752 -0.999993418 1.93954119e-06
    outer loop
      vertex 5.82926893 0.530055046 0.065624997
      vertex 5.85929775 0.530164003 0.0700000003
      vertex 5.82476521 0.530038714 0.0700000003
    endloop
  endfacet
  facet normal 0.00362834248 -0.999993418 0
    outer loop
      vertex 5.85929775 0.530164003 0.0700000003
      vertex 5.8442831 0.530109525 0.0524999984
      vertex 5.8442831 0.530109525 0.0350000001
    endloop
  endfacet
  facet normal 0.00362845771 -0.999993417 0
    outer loop
      vertex 5.82926893 0.530055046 5.89805982e-17
      vertex 5.8442831 0.530109525 0.0350000001
      vertex 5.82926893 0.530055046 0.0350000001
    endloop
  endfacet
  facet normal 0.00362834248 -0.999993418 0
    outer loop
      vertex 5.85929775 0.530164003 5.55111512e-17
      vertex 5.85929775 0.530164003 0.0700000003
      vertex 5.8442831 0.530109525 0.0350000001
    endloop
  endfacet
  facet normal 0.0036204031 -0.999993446 1.77961852e-05
    outer loop
      vertex 5.82176161 0.530027807 0.065624997
      vertex 5.82551527 0.530041397 0.065624997
      vertex 5.82476521 0.530038714 0.067498751
    endloop
  endfacet
  facet normal 0.00363628185 -0.999993388 2.41525416e-05
    outer loop
      vertex 5.82476521 0.530038714 0.067498751
      vertex 5.82551527 0.530041397 0.065624997
      vertex 5.82926893 0.530055046 0.065624997
    endloop
  endfacet
  facet normal 0.00362970413 -0.999993413 2.88659003e-06
    outer loop
      vertex 5.77671814 0.529864311 0.065624997
      vertex 5.82176161 0.530027807 0.065624997
      vertex 5.82476521 0.530038714 0.067498751
    endloop
  endfacet
  facet normal 0.00362623344 -0.999993425 0
    outer loop
      vertex 5.82476521 0.530038714 0.067498751
      vertex 5.82926893 0.530055046 0.065624997
      vertex 5.82476521 0.530038714 0.0700000003
    endloop
  endfacet
  facet normal 0.00362834248 -0.999993418 0
    outer loop
      vertex 5.82176161 0.530027807 0.065624997
      vertex 5.81425428 0.530000567 0.0612500012
      vertex 5.82176161 0.530027807 0.0612500012
    endloop
  endfacet
  facet normal 0.00363242752 -0.999993403 0
    outer loop
      vertex 5.81425428 0.530000567 0.0612500012
      vertex 5.79924011 0.529946029 0.0524999984
      vertex 5.81425428 0.530000567 0.0524999984
    endloop
  endfacet
  facet normal 0.00363038497 -0.99999341 0
    outer loop
      vertex 5.81425428 0.530000567 0.0612500012
      vertex 5.78422546 0.529891551 0.0612500012
      vertex 5.78422546 0.529891551 0.0524999984
    endloop
  endfacet
  facet normal 0.00362834248 -0.999993418 7.00964127e-06
    outer loop
      vertex 5.81425428 0.530000567 0.0612500012
      vertex 5.78422546 0.529891551 0.0524999984
      vertex 5.79924011 0.529946029 0.0524999984
    endloop
  endfacet
  facet normal 0.00362970413 -0.999993413 2.3365748e-06
    outer loop
      vertex 5.82176161 0.530027807 0.065624997
      vertex 5.77671814 0.529864311 0.065624997
      vertex 5.78422546 0.529891551 0.0612500012
    endloop
  endfacet
  facet normal 0.00363038497 -0.99999341 -3.50488074e-06
    outer loop
      vertex 5.82176161 0.530027807 0.065624997
      vertex 5.78422546 0.529891551 0.0612500012
      vertex 5.81425428 0.530000567 0.0612500012
    endloop
  endfacet
  facet normal 0.00362834248 -0.999993418 0
    outer loop
      vertex 5.85929775 0.530164003 -0.0700000003
      vertex 5.85929775 0.530164003 5.55111512e-17
      vertex 5.8442831 0.530109525 -0.0350000001
    endloop
  endfacet
  facet normal 0.00362840009 -0.999993417 -2.4716514e-08
    outer loop
      vertex 5.82926893 0.530055046 5.89805982e-17
      vertex 5.8442831 0.530109525 -0.0350000001
      vertex 5.85929775 0.530164003 5.55111512e-17
    endloop
  endfacet
  facet normal 0.00362845771 -0.999993417 0
    outer loop
      vertex 5.8442831 0.530109525 -0.0350000001
      vertex 5.82926893 0.530055046 5.89805982e-17
      vertex 5.82926893 0.530055046 -0.0350000001
    endloop
  endfacet
  facet normal 0.00362840009 -0.999993417 2.4716514e-08
    outer loop
      vertex 5.82926893 0.530055046 5.89805982e-17
      vertex 5.85929775 0.530164003 5.55111512e-17
      vertex 5.8442831 0.530109525 0.0350000001
    endloop
  endfacet
  facet normal 0.00362834248 -0.999993418 0
    outer loop
      vertex 5.8442831 0.530109525 -0.0612500012
      vertex 5.85929775 0.530164003 -0.0700000003
      vertex 5.8442831 0.530109525 -0.0524999984
    endloop
  endfacet
  facet normal 0.00362834248 -0.999993418 0
    outer loop
      vertex 5.8442831 0.530109525 -0.0350000001
      vertex 5.8442831 0.530109525 -0.0524999984
      vertex 5.85929775 0.530164003 -0.0700000003
    endloop
  endfacet
  facet normal 0.0036284193 -0.999993417 1.31822157e-07
    outer loop
      vertex 5.82926893 0.530055046 -0.065624997
      vertex 5.85929775 0.530164003 -0.0700000003
      vertex 5.8442831 0.530109525 -0.0612500012
    endloop
  endfacet
  facet normal 0.00362834248 -0.999993418 3.95458324e-07
    outer loop
      vertex 5.83677578 0.530082285 -0.0612500012
      vertex 5.82926893 0.530055046 -0.065624997
      vertex 5.8442831 0.530109525 -0.0612500012
    endloop
  endfacet
  facet normal 0.00363242752 -0.999993403 0
    outer loop
      vertex 5.81425428 0.530000567 -0.0524999984
      vertex 5.79924011 0.529946029 -0.0524999984
      vertex 5.81425428 0.530000567 -0.0612500012
    endloop
  endfacet
  facet normal 0.00362834248 -0.999993418 0
    outer loop
      vertex 5.82176161 0.530027807 -0.065624997
      vertex 5.82176161 0.530027807 -0.0612500012
      vertex 5.81425428 0.530000567 -0.0612500012
    endloop
  endfacet
  facet normal 0.00363628185 -0.999993388 -2.41525416e-05
    outer loop
      vertex 5.82476521 0.530038714 -0.067498751
      vertex 5.82926893 0.530055046 -0.065624997
      vertex 5.82551527 0.530041397 -0.065624997
    endloop
  endfacet
  facet normal 0.00362970413 -0.999993413 2.88659003e-06
    outer loop
      vertex 5.82176161 0.530027807 -0.065624997
      vertex 5.77671814 0.529864311 -0.065624997
      vertex 5.77371454 0.529853404 -0.067498751
    endloop
  endfacet
  facet normal 0.00362991603 -0.999993412 -2.54692141e-06
    outer loop
      vertex 5.82176161 0.530027807 -0.065624997
      vertex 5.77371454 0.529853404 -0.067498751
      vertex 5.82476521 0.530038714 -0.067498751
    endloop
  endfacet
  facet normal 0.0036204031 -0.999993446 -1.77961852e-05
    outer loop
      vertex 5.82551527 0.530041397 -0.065624997
      vertex 5.82176161 0.530027807 -0.065624997
      vertex 5.82476521 0.530038714 -0.067498751
    endloop
  endfacet
  facet normal 0.00362970413 -0.999993413 2.3365748e-06
    outer loop
      vertex 5.77671814 0.529864311 -0.065624997
      vertex 5.82176161 0.530027807 -0.065624997
      vertex 5.81425428 0.530000567 -0.0612500012
    endloop
  endfacet
  facet normal 0.00363038497 -0.99999341 -3.50488074e-06
    outer loop
      vertex 5.77671814 0.529864311 -0.065624997
      vertex 5.81425428 0.530000567 -0.0612500012
      vertex 5.78422546 0.529891551 -0.0612500012
    endloop
  endfacet
  facet normal 0.00362623344 -0.999993425 0
    outer loop
      vertex 5.82926893 0.530055046 -0.065624997
      vertex 5.82476521 0.530038714 -0.067498751
      vertex 5.82476521 0.530038714 -0.0700000003
    endloop
  endfacet
  facet normal 0.00362811752 -0.999993418 -1.93954119e-06
    outer loop
      vertex 5.85929775 0.530164003 -0.0700000003
      vertex 5.82926893 0.530055046 -0.065624997
      vertex 5.82476521 0.530038714 -0.0700000003
    endloop
  endfacet
  facet normal 0.00362857295 -0.999993417 0
    outer loop
      vertex 5.83677578 0.530082285 -0.0612500012
      vertex 5.82926893 0.530055046 -0.0612500012
      vertex 5.82926893 0.530055046 -0.065624997
    endloop
  endfacet
  facet normal 0.00363628185 -0.999993389 7.65753159e-06
    outer loop
      vertex 5.77296448 0.529850662 0.065624997
      vertex 5.77671814 0.529864311 0.065624997
      vertex 5.77371454 0.529853404 0.067498751
    endloop
  endfacet
  facet normal 0.00362991603 -0.999993412 -2.54692141e-06
    outer loop
      vertex 5.77371454 0.529853404 0.067498751
      vertex 5.77671814 0.529864311 0.065624997
      vertex 5.82476521 0.530038714 0.067498751
    endloop
  endfacet
  facet normal 0.00362086306 -0.999993445 1.38297645e-05
    outer loop
      vertex 5.77296448 0.529850662 0.065624997
      vertex 5.77371454 0.529853404 0.067498751
      vertex 5.76921129 0.529837072 0.065624997
    endloop
  endfacet
  facet normal 0.0036266174 -0.999993424 0
    outer loop
      vertex 5.77371454 0.529853404 0.0700000003
      vertex 5.76921129 0.529837072 0.065624997
      vertex 5.77371454 0.529853404 0.067498751
    endloop
  endfacet
  facet normal 0.00362834248 -0.999993418 0
    outer loop
      vertex 5.77671814 0.529864311 0.065624997
      vertex 5.77671814 0.529864311 0.0612500012
      vertex 5.78422546 0.529891551 0.0612500012
    endloop
  endfacet
  facet normal 0.00362984353 -0.999993412 -3.3207353e-06
    outer loop
      vertex 5.76921129 0.529837072 0.065624997
      vertex 5.77371454 0.529853404 0.0700000003
      vertex 5.739182 0.529728055 0.0700000003
    endloop
  endfacet
  facet normal 0.00362834248 -0.999993418 0
    outer loop
      vertex 5.76170397 0.529809833 0.0612500012
      vertex 5.76921129 0.529837072 0.0612500012
      vertex 5.76921129 0.529837072 0.065624997
    endloop
  endfacet
  facet normal 0.00363231217 -0.999993403 0
    outer loop
      vertex 5.75419664 0.529782593 0.0524999984
      vertex 5.75419664 0.529782593 0.0612500012
      vertex 5.739182 0.529728055 0.0700000003
    endloop
  endfacet
  facet normal 0.00362834248 -0.999993418 0
    outer loop
      vertex 5.76921129 0.529837072 0.065624997
      vertex 5.75419664 0.529782593 0.0612500012
      vertex 5.76170397 0.529809833 0.0612500012
    endloop
  endfacet
  facet normal 0.00362966571 -0.999993413 -4.54127811e-06
    outer loop
      vertex 5.76921129 0.529837072 0.065624997
      vertex 5.739182 0.529728055 0.0700000003
      vertex 5.75419664 0.529782593 0.0612500012
    endloop
  endfacet
  facet normal 0.00362834248 -0.999993418 0
    outer loop
      vertex 5.75419664 0.529782593 0.0350000001
      vertex 5.76921129 0.529837072 6.59194921e-17
      vertex 5.76921129 0.529837072 0.0350000001
    endloop
  endfacet
  facet normal 0.00363231217 -0.999993403 0
    outer loop
      vertex 5.739182 0.529728055 0.0700000003
      vertex 5.75419664 0.529782593 0.0350000001
      vertex 5.75419664 0.529782593 0.0524999984
    endloop
  endfacet
  facet normal 0.00363032732 -0.99999341 8.51489311e-07
    outer loop
      vertex 5.739182 0.529728055 0
      vertex 5.76921129 0.529837072 6.59194921e-17
      vertex 5.75419664 0.529782593 0.0350000001
    endloop
  endfacet
  facet normal 0.00363231217 -0.999993403 0
    outer loop
      vertex 5.75419664 0.529782593 0.0350000001
      vertex 5.739182 0.529728055 0.0700000003
      vertex 5.739182 0.529728055 0
    endloop
  endfacet
  facet normal 0.00362834248 -0.999993418 0
    outer loop
      vertex 5.78422546 0.529891551 -0.0612500012
      vertex 5.79924011 0.529946029 -0.0524999984
      vertex 5.78422546 0.529891551 -0.0524999984
    endloop
  endfacet
  facet normal 0.00362834248 -0.999993418 0
    outer loop
      vertex 5.77671814 0.529864311 -0.065624997
      vertex 5.78422546 0.529891551 -0.0612500012
      vertex 5.77671814 0.529864311 -0.0612500012
    endloop
  endfacet
  facet normal 0.0036266174 -0.999993424 0
    outer loop
      vertex 5.76921129 0.529837072 -0.065624997
      vertex 5.77371454 0.529853404 -0.0700000003
      vertex 5.77371454 0.529853404 -0.067498751
    endloop
  endfacet
  facet normal 0.00363628185 -0.999993389 -7.65753159e-06
    outer loop
      vertex 5.77671814 0.529864311 -0.065624997
      vertex 5.77296448 0.529850662 -0.065624997
      vertex 5.77371454 0.529853404 -0.067498751
    endloop
  endfacet
  facet normal 0.00362086306 -0.999993445 -1.38297645e-05
    outer loop
      vertex 5.77296448 0.529850662 -0.065624997
      vertex 5.76921129 0.529837072 -0.065624997
      vertex 5.77371454 0.529853404 -0.067498751
    endloop
  endfacet
  facet normal 0.00363038497 -0.99999341 -3.50487626e-06
    outer loop
      vertex 5.79924011 0.529946029 -0.0524999984
      vertex 5.78422546 0.529891551 -0.0612500012
      vertex 5.81425428 0.530000567 -0.0612500012
    endloop
  endfacet
  facet normal 0.00362834248 -0.999993418 0
    outer loop
      vertex 5.75419664 0.529782593 -0.0350000001
      vertex 5.76921129 0.529837072 -0.0350000001
      vertex 5.76921129 0.529837072 6.59194921e-17
    endloop
  endfacet
  facet normal 0.00363231217 -0.999993403 0
    outer loop
      vertex 5.739182 0.529728055 0
      vertex 5.739182 0.529728055 -0.0700000003
      vertex 5.75419664 0.529782593 -0.0524999984
    endloop
  endfacet
  facet normal 0.00363231217 -0.999993403 0
    outer loop
      vertex 5.739182 0.529728055 0
      vertex 5.75419664 0.529782593 -0.0524999984
      vertex 5.75419664 0.529782593 -0.0350000001
    endloop
  endfacet
  facet normal 0.00362834248 -0.999993418 0
    outer loop
      vertex 5.76170397 0.529809833 -0.0612500012
      vertex 5.76921129 0.529837072 -0.065624997
      vertex 5.76921129 0.529837072 -0.0612500012
    endloop
  endfacet
  facet normal 0.00362966571 -0.999993413 4.54127811e-06
    outer loop
      vertex 5.76921129 0.529837072 -0.065624997
      vertex 5.75419664 0.529782593 -0.0612500012
      vertex 5.739182 0.529728055 -0.0700000003
    endloop
  endfacet
  facet normal 0.00363231217 -0.999993403 0
    outer loop
      vertex 5.75419664 0.529782593 -0.0524999984
      vertex 5.739182 0.529728055 -0.0700000003
      vertex 5.75419664 0.529782593 -0.0612500012
    endloop
  endfacet
  facet normal 0.00362834248 -0.999993418 0
    outer loop
      vertex 5.76170397 0.529809833 -0.0612500012
      vertex 5.75419664 0.529782593 -0.0612500012
      vertex 5.76921129 0.529837072 -0.065624997
    endloop
  endfacet
  facet normal 0.00362984353 -0.999993412 3.3207353e-06
    outer loop
      vertex 5.77371454 0.529853404 -0.0700000003
      vertex 5.76921129 0.529837072 -0.065624997
      vertex 5.739182 0.529728055 -0.0700000003
    endloop
  endfacet
  facet normal 0.00363032732 -0.99999341 -8.51489311e-07
    outer loop
      vertex 5.76921129 0.529837072 6.59194921e-17
      vertex 5.739182 0.529728055 0
      vertex 5.75419664 0.529782593 -0.0350000001
    endloop
  endfacet
  facet normal 0 -0 1
    outer loop
      vertex 5.86411476 0.64943552 0.0549999997
      vertex 5.86657 0.710224926 0.0549999997
      vertex 5.82646084 0.70832628 0.0549999997
    endloop
  endfacet
  facet normal 0 0 1
    outer loop
      vertex 5.86411476 0.64943552 0.0549999997
      vertex 5.82646084 0.70832628 0.0549999997
      vertex 5.8240056 0.647536814 0.0549999997
    endloop
  endfacet
  facet normal 0 -0 1
    outer loop
      vertex 5.8240056 0.647536814 0.0549999997
      vertex 5.82646084 0.70832628 0.0549999997
      vertex 5.7863512 0.706427574 0.0549999997
    endloop
  endfacet
  facet normal 0 0 1
    outer loop
      vertex 5.8240056 0.647536814 0.0549999997
      vertex 5.7863512 0.706427574 0.0549999997
      vertex 5.78389645 0.645638108 0.0549999997
    endloop
  endfacet
  facet normal 0 -0 1
    outer loop
      vertex 5.78389645 0.645638108 0.0549999997
      vertex 5.7863512 0.706427574 0.0549999997
      vertex 5.74624205 0.704528868 0.0549999997
    endloop
  endfacet
  facet normal 0 0 1
    outer loop
      vertex 5.78389645 0.645638108 0.0549999997
      vertex 5.74624205 0.704528868 0.0549999997
      vertex 5.74378681 0.643739462 0.0549999997
    endloop
  endfacet
  facet normal 0.047284032 -0.998881485 0
    outer loop
      vertex 5.86657 0.710224926 0.0549999997
      vertex 5.86657 0.710224926 0.0700000003
      vertex 5.82646084 0.70832628 0.0700000003
    endloop
  endfacet
  facet normal 0.047284032 -0.998881485 0
    outer loop
      vertex 5.86657 0.710224926 0.0549999997
      vertex 5.82646084 0.70832628 0.0700000003
      vertex 5.82646084 0.70832628 0.0549999997
    endloop
  endfacet
  facet normal 0.0472849522 -0.998881441 0
    outer loop
      vertex 5.82646084 0.70832628 0.0549999997
      vertex 5.82646084 0.70832628 0.0700000003
      vertex 5.7863512 0.706427574 0.0700000003
    endloop
  endfacet
  facet normal 0.0472849522 -0.998881441 0
    outer loop
      vertex 5.82646084 0.70832628 0.0549999997
      vertex 5.7863512 0.706427574 0.0700000003
      vertex 5.7863512 0.706427574 0.0549999997
    endloop
  endfacet
  facet normal 0.0472855131 -0.998881415 0
    outer loop
      vertex 5.7863512 0.706427574 0.0549999997
      vertex 5.7863512 0.706427574 0.0700000003
      vertex 5.74624205 0.704528868 0.0700000003
    endloop
  endfacet
  facet normal 0.0472855131 -0.998881415 0
    outer loop
      vertex 5.7863512 0.706427574 0.0549999997
      vertex 5.74624205 0.704528868 0.0700000003
      vertex 5.74624205 0.704528868 0.0549999997
    endloop
  endfacet
  facet normal -0.0472834711 0.998881511 0
    outer loop
      vertex 5.74378681 0.643739462 0.0549999997
      vertex 5.74378681 0.643739462 0.0700000003
      vertex 5.78389645 0.645638108 0.0700000003
    endloop
  endfacet
  facet normal -0.0472834711 0.998881511 0
    outer loop
      vertex 5.74378681 0.643739462 0.0549999997
      vertex 5.78389645 0.645638108 0.0700000003
      vertex 5.78389645 0.645638108 0.0549999997
    endloop
  endfacet
  facet normal -0.0472855131 0.998881415 0
    outer loop
      vertex 5.78389645 0.645638108 0.0549999997
      vertex 5.78389645 0.645638108 0.0700000003
      vertex 5.8240056 0.647536814 0.0700000003
    endloop
  endfacet
  facet normal -0.0472855131 0.998881415 0
    outer loop
      vertex 5.78389645 0.645638108 0.0549999997
      vertex 5.8240056 0.647536814 0.0700000003
      vertex 5.8240056 0.647536814 0.0549999997
    endloop
  endfacet
  facet normal -0.0472855131 0.998881415 0
    outer loop
      vertex 5.8240056 0.647536814 0.0549999997
      vertex 5.8240056 0.647536814 0.0700000003
      vertex 5.86411476 0.64943552 0.0700000003
    endloop
  endfacet
  facet normal -0.0472855131 0.998881415 0
    outer loop
      vertex 5.8240056 0.647536814 0.0549999997
      vertex 5.86411476 0.64943552 0.0700000003
      vertex 5.86411476 0.64943552 0.0549999997
    endloop
  endfacet
  facet normal 0 0 1
    outer loop
      vertex 5.8247304 0.539598167 0.0700000003
      vertex 5.82476521 0.530038714 0.0700000003
      vertex 5.85929775 0.530164003 0.0700000003
    endloop
  endfacet
  facet normal 0 0 1
    outer loop
      vertex 5.85929775 0.530164003 0.0700000003
      vertex 5.82469606 0.549157679 0.0700000003
      vertex 5.8247304 0.539598167 0.0700000003
    endloop
  endfacet
  facet normal -0 -0 1
    outer loop
      vertex 5.82469606 0.549157679 0.0700000003
      vertex 5.85929775 0.530164003 0.0700000003
      vertex 5.82466125 0.558717132 0.0700000003
    endloop
  endfacet
  facet normal 0 -0 1
    outer loop
      vertex 5.82466125 0.558717132 0.0700000003
      vertex 5.86170626 0.589799762 0.0700000003
      vertex 5.82462645 0.568276644 0.0700000003
    endloop
  endfacet
  facet normal 0 -0 1
    outer loop
      vertex 5.82462645 0.568276644 0.0700000003
      vertex 5.86170626 0.589799762 0.0700000003
      vertex 5.82459164 0.577836096 0.0700000003
    endloop
  endfacet
  facet normal -0 0 1
    outer loop
      vertex 5.8245573 0.587395608 0.0700000003
      vertex 5.82459164 0.577836096 0.0700000003
      vertex 5.86170626 0.589799762 0.0700000003
    endloop
  endfacet
  facet normal -0 0 1
    outer loop
      vertex 5.82466125 0.558717132 0.0700000003
      vertex 5.85929775 0.530164003 0.0700000003
      vertex 5.86170626 0.589799762 0.0700000003
    endloop
  endfacet
  facet normal 0 0 1
    outer loop
      vertex 5.739182 0.529728055 0.0700000003
      vertex 5.77371454 0.529853404 0.0700000003
      vertex 5.77367973 0.539412916 0.0700000003
    endloop
  endfacet
  facet normal 0 0 1
    outer loop
      vertex 5.77361059 0.55853188 0.0700000003
      vertex 5.739182 0.529728055 0.0700000003
      vertex 5.7736454 0.548972368 0.0700000003
    endloop
  endfacet
  facet normal 0 0 1
    outer loop
      vertex 5.77367973 0.539412916 0.0700000003
      vertex 5.7736454 0.548972368 0.0700000003
      vertex 5.739182 0.529728055 0.0700000003
    endloop
  endfacet
  facet normal 0 0 1
    outer loop
      vertex 5.74148464 0.586733758 0.0700000003
      vertex 5.77361059 0.55853188 0.0700000003
      vertex 5.77357578 0.568091333 0.0700000003
    endloop
  endfacet
  facet normal -0 0 1
    outer loop
      vertex 5.74148464 0.586733758 0.0700000003
      vertex 5.77354097 0.577650845 0.0700000003
      vertex 5.77350664 0.587210298 0.0700000003
    endloop
  endfacet
  facet normal 0 0 1
    outer loop
      vertex 5.77347183 0.59676981 0.0700000003
      vertex 5.74148464 0.586733758 0.0700000003
      vertex 5.77350664 0.587210298 0.0700000003
    endloop
  endfacet
  facet normal 0 0 1
    outer loop
      vertex 5.77357578 0.568091333 0.0700000003
      vertex 5.77354097 0.577650845 0.0700000003
      vertex 5.74148464 0.586733758 0.0700000003
    endloop
  endfacet
  facet normal 0 0 1
    outer loop
      vertex 5.739182 0.529728055 0.0700000003
      vertex 5.77361059 0.55853188 0.0700000003
      vertex 5.74148464 0.586733758 0.0700000003
    endloop
  endfacet
  facet normal 0 0 1
    outer loop
      vertex 5.82448769 0.606514573 0.0700000003
      vertex 5.8245225 0.596955121 0.0700000003
      vertex 5.86170626 0.589799762 0.0700000003
    endloop
  endfacet
  facet normal 0 0 1
    outer loop
      vertex 5.86170626 0.589799762 0.0700000003
      vertex 5.82445288 0.616074085 0.0700000003
      vertex 5.82448769 0.606514573 0.0700000003
    endloop
  endfacet
  facet normal -0 0 1
    outer loop
      vertex 5.82445288 0.616074085 0.0700000003
      vertex 5.86170626 0.589799762 0.0700000003
      vertex 5.86411476 0.64943552 0.0700000003
    endloop
  endfacet
  facet normal -0 0 1
    outer loop
      vertex 5.8240056 0.647536814 0.0700000003
      vertex 5.82441807 0.625633538 0.0700000003
      vertex 5.86411476 0.64943552 0.0700000003
    endloop
  endfacet
  facet normal 0 -0 1
    outer loop
      vertex 5.82445288 0.616074085 0.0700000003
      vertex 5.86411476 0.64943552 0.0700000003
      vertex 5.82441807 0.625633538 0.0700000003
    endloop
  endfacet
  facet normal 0 0 1
    outer loop
      vertex 5.8240056 0.647536814 0.0700000003
      vertex 5.80740118 0.625571787 0.0700000003
      vertex 5.81590986 0.625602663 0.0700000003
    endloop
  endfacet
  facet normal 0 0 1
    outer loop
      vertex 5.82441807 0.625633538 0.0700000003
      vertex 5.8240056 0.647536814 0.0700000003
      vertex 5.81590986 0.625602663 0.0700000003
    endloop
  endfacet
  facet normal -0 0 1
    outer loop
      vertex 5.78389645 0.645638108 0.0700000003
      vertex 5.80740118 0.625571787 0.0700000003
      vertex 5.8240056 0.647536814 0.0700000003
    endloop
  endfacet
  facet normal 0 0 1
    outer loop
      vertex 5.74148464 0.586733758 0.0700000003
      vertex 5.77343702 0.606329322 0.0700000003
      vertex 5.77340221 0.615888774 0.0700000003
    endloop
  endfacet
  facet normal 0 0 1
    outer loop
      vertex 5.74378681 0.643739462 0.0700000003
      vertex 5.77340221 0.615888774 0.0700000003
      vertex 5.7733674 0.625448287 0.0700000003
    endloop
  endfacet
  facet normal 0 0 1
    outer loop
      vertex 5.74378681 0.643739462 0.0700000003
      vertex 5.74148464 0.586733758 0.0700000003
      vertex 5.77340221 0.615888774 0.0700000003
    endloop
  endfacet
  facet normal 0 0 1
    outer loop
      vertex 5.78389645 0.645638108 0.0700000003
      vertex 5.79038429 0.625510037 0.0700000003
      vertex 5.79889297 0.625540912 0.0700000003
    endloop
  endfacet
  facet normal 0 -0 1
    outer loop
      vertex 5.7733674 0.625448287 0.0700000003
      vertex 5.78389645 0.645638108 0.0700000003
      vertex 5.74378681 0.643739462 0.0700000003
    endloop
  endfacet
  facet normal 0 0 1
    outer loop
      vertex 5.79038429 0.625510037 0.0700000003
      vertex 5.78389645 0.645638108 0.0700000003
      vertex 5.78187609 0.625479162 0.0700000003
    endloop
  endfacet
  facet normal 0 -0 1
    outer loop
      vertex 5.78187609 0.625479162 0.0700000003
      vertex 5.78389645 0.645638108 0.0700000003
      vertex 5.7733674 0.625448287 0.0700000003
    endloop
  endfacet
  facet normal 0 0 1
    outer loop
      vertex 5.78389645 0.645638108 0.0700000003
      vertex 5.79889297 0.625540912 0.0700000003
      vertex 5.80740118 0.625571787 0.0700000003
    endloop
  endfacet
  facet normal 0 0 1
    outer loop
      vertex 5.77347183 0.59676981 0.0700000003
      vertex 5.77343702 0.606329322 0.0700000003
      vertex 5.74148464 0.586733758 0.0700000003
    endloop
  endfacet
  facet normal 0 0 1
    outer loop
      vertex 5.86170626 0.589799762 0.0700000003
      vertex 5.8245225 0.596955121 0.0700000003
      vertex 5.8245573 0.587395608 0.0700000003
    endloop
  endfacet
  facet normal 0.999184712 -0.0403721604 0
    outer loop
      vertex 5.86613798 0.699522614 0.0524999984
      vertex 5.86512995 0.674574435 0.0524999984
      vertex 5.86512995 0.674574435 0.0350000001
    endloop
  endfacet
  facet normal 0.999184712 -0.0403721604 0
    outer loop
      vertex 5.86613798 0.699522614 0.0524999984
      vertex 5.86512995 0.674574435 0.0350000001
      vertex 5.86613798 0.699522614 0.0350000001
    endloop
  endfacet
  facet normal 0.999185482 -0.040353094 0
    outer loop
      vertex 5.86512995 0.674574435 0.0350000001
      vertex 5.86311483 0.624678075 0.0350000001
      vertex 5.86311483 0.624678075 0
    endloop
  endfacet
  facet normal 0.999185482 -0.040353094 0
    outer loop
      vertex 5.86512995 0.674574435 0.0350000001
      vertex 5.86311483 0.624678075 0
      vertex 5.86512995 0.674574435 0
    endloop
  endfacet
  facet normal 0.999185574 -0.0403508244 0
    outer loop
      vertex 5.86125946 0.578740716 -0.0700000003
      vertex 5.85929775 0.530164003 5.55111512e-17
      vertex 5.85929775 0.530164003 -0.0700000003
    endloop
  endfacet
  facet normal 0.999185482 -0.040353094 3.12075211e-06
    outer loop
      vertex 5.86512995 0.674574435 0
      vertex 5.86311483 0.624678075 0
      vertex 5.86322165 0.627317429 -0.0700000003
    endloop
  endfacet
  facet normal 0.999185572 -0.0403508739 1.61947931e-06
    outer loop
      vertex 5.86512995 0.674574435 0
      vertex 5.86322165 0.627317429 -0.0700000003
      vertex 5.86518335 0.675894082 -0.0700000003
    endloop
  endfacet
  facet normal 0.999185178 -0.0403606166 2.83664815e-06
    outer loop
      vertex 5.86125946 0.578740716 -0.0700000003
      vertex 5.86322165 0.627317429 -0.0700000003
      vertex 5.86311483 0.624678075 0
    endloop
  endfacet
  facet normal 0.999185466 -0.0403534863 -1.85023726e-06
    outer loop
      vertex 5.86311483 0.624678075 0
      vertex 5.85929775 0.530164003 5.55111512e-17
      vertex 5.86125946 0.578740716 -0.0700000003
    endloop
  endfacet
  facet normal 0.999185445 -0.0403540207 0
    outer loop
      vertex 5.86170626 0.589799762 0.0700000003
      vertex 5.85929775 0.530164003 0.0700000003
      vertex 5.85929775 0.530164003 5.55111512e-17
    endloop
  endfacet
  facet normal 0.999185476 -0.0403532401 -6.66097962e-07
    outer loop
      vertex 5.86311483 0.624678075 0.0350000001
      vertex 5.86170626 0.589799762 0.0700000003
      vertex 5.85929775 0.530164003 5.55111512e-17
    endloop
  endfacet
  facet normal 0.999185445 -0.0403540207 0
    outer loop
      vertex 5.86170626 0.589799762 0.0700000003
      vertex 5.86411476 0.64943552 0.0549999997
      vertex 5.86411476 0.64943552 0.0700000003
    endloop
  endfacet
  facet normal 0.999185482 -0.040353094 -3.67808106e-06
    outer loop
      vertex 5.86311483 0.624678075 0.0350000001
      vertex 5.86512995 0.674574435 0.0350000001
      vertex 5.86411476 0.64943552 0.0549999997
    endloop
  endfacet
  facet normal 0.999185352 -0.0403562812 -6.1526443e-05
    outer loop
      vertex 5.86512995 0.674574435 0.0524999984
      vertex 5.86657 0.710224926 0.0549999997
      vertex 5.86411476 0.64943552 0.0549999997
    endloop
  endfacet
  facet normal 0.999185425 -0.040354505 -1.92866485e-06
    outer loop
      vertex 5.86311483 0.624678075 0.0350000001
      vertex 5.86411476 0.64943552 0.0549999997
      vertex 5.86170626 0.589799762 0.0700000003
    endloop
  endfacet
  facet normal 0.999185466 -0.0403534863 0
    outer loop
      vertex 5.86311483 0.624678075 0.0350000001
      vertex 5.85929775 0.530164003 5.55111512e-17
      vertex 5.86311483 0.624678075 0
    endloop
  endfacet
  facet normal 0.999185097 -0.0403626272 0
    outer loop
      vertex 5.86512995 0.674574435 0
      vertex 5.86714554 0.724470794 -0.0233333334
      vertex 5.86714554 0.724470794 0.0233333334
    endloop
  endfacet
  facet normal 0.999185124 -0.040361969 1.40997167e-06
    outer loop
      vertex 5.86518335 0.675894082 -0.0700000003
      vertex 5.86714554 0.724470794 -0.0233333334
      vertex 5.86512995 0.674574435 0
    endloop
  endfacet
  facet normal 0.999185178 -0.0403606166 0
    outer loop
      vertex 5.86518335 0.675894082 -0.0700000003
      vertex 5.86714554 0.724470794 -0.0700000003
      vertex 5.86714554 0.724470794 -0.0233333334
    endloop
  endfacet
  facet normal 0.99918529 -0.0403578606 -1.02096144e-05
    outer loop
      vertex 5.86714554 0.724470794 0.0233333334
      vertex 5.86613798 0.699522614 0.0350000001
      vertex 5.86512995 0.674574435 0
    endloop
  endfacet
  facet normal 0.999184712 -0.0403721604 0
    outer loop
      vertex 5.86512995 0.674574435 0.0350000001
      vertex 5.86512995 0.674574435 0
      vertex 5.86613798 0.699522614 0.0350000001
    endloop
  endfacet
  facet normal 0.999186269 -0.0403336141 0
    outer loop
      vertex 5.86657 0.710224926 0.0549999997
      vertex 5.86613798 0.699522614 0.0524999984
      vertex 5.86613798 0.699522614 0.0350000001
    endloop
  endfacet
  facet normal 0.999184698 -0.0403721599 0.000165283033
    outer loop
      vertex 5.86512995 0.674574435 0.0524999984
      vertex 5.86613798 0.699522614 0.0524999984
      vertex 5.86657 0.710224926 0.0549999997
    endloop
  endfacet
  facet normal 0.999184891 -0.0403677285 0
    outer loop
      vertex 5.86657 0.710224926 0.0700000003
      vertex 5.86657 0.710224926 0.0549999997
      vertex 5.86714554 0.724470794 0.0700000003
    endloop
  endfacet
  facet normal 0.99918564 -0.0403491951 8.35121616e-06
    outer loop
      vertex 5.86714554 0.724470794 0.0233333334
      vertex 5.86657 0.710224926 0.0549999997
      vertex 5.86613798 0.699522614 0.0350000001
    endloop
  endfacet
  facet normal 0.999184891 -0.0403677285 0
    outer loop
      vertex 5.86657 0.710224926 0.0549999997
      vertex 5.86714554 0.724470794 0.0233333334
      vertex 5.86714554 0.724470794 0.0700000003
    endloop
  endfacet
  facet normal 0.9991856 -0.0403501726 0
    outer loop
      vertex 5.86411476 0.64943552 0.0549999997
      vertex 5.86512995 0.674574435 0.0350000001
      vertex 5.86512995 0.674574435 0.0524999984
    endloop
  endfacet
  facet normal 0 0 -1
    outer loop
      vertex 5.82739401 0.589840055 -0.0700000003
      vertex 5.82824993 0.6110304 -0.0700000003
      vertex 5.8368144 0.610684514 -0.0700000003
    endloop
  endfacet
  facet normal 0 0 -1
    outer loop
      vertex 5.83510256 0.568303823 -0.0700000003
      vertex 5.82653856 0.568649709 -0.0700000003
      vertex 5.82739401 0.589840055 -0.0700000003
    endloop
  endfacet
  facet normal 0 0 -1
    outer loop
      vertex 5.8368144 0.610684514 -0.0700000003
      vertex 5.83510256 0.568303823 -0.0700000003
      vertex 5.82739401 0.589840055 -0.0700000003
    endloop
  endfacet
  facet normal 0 0 -1
    outer loop
      vertex 5.8368144 0.610684514 -0.0700000003
      vertex 5.84537888 0.610338628 -0.0700000003
      vertex 5.84366703 0.567957938 -0.0700000003
    endloop
  endfacet
  facet normal 0 -0 -1
    outer loop
      vertex 5.8368144 0.610684514 -0.0700000003
      vertex 5.84366703 0.567957938 -0.0700000003
      vertex 5.83510256 0.568303823 -0.0700000003
    endloop
  endfacet
  facet normal 0 0 -1
    outer loop
      vertex 5.83167362 0.695791781 -0.0700000003
      vertex 5.84023809 0.695445895 -0.0700000003
      vertex 5.83852625 0.653065205 -0.0700000003
    endloop
  endfacet
  facet normal 0 -0 -1
    outer loop
      vertex 5.83167362 0.695791781 -0.0700000003
      vertex 5.83852625 0.653065205 -0.0700000003
      vertex 5.82996178 0.65341109 -0.0700000003
    endloop
  endfacet
  facet normal 0 0 -1
    outer loop
      vertex 5.84023809 0.695445895 -0.0700000003
      vertex 5.84880209 0.695100009 -0.0700000003
      vertex 5.84709072 0.652719319 -0.0700000003
    endloop
  endfacet
  facet normal 0 -0 -1
    outer loop
      vertex 5.84023809 0.695445895 -0.0700000003
      vertex 5.84709072 0.652719319 -0.0700000003
      vertex 5.83852625 0.653065205 -0.0700000003
    endloop
  endfacet
  facet normal 0 0 -1
    outer loop
      vertex 5.83852625 0.653065205 -0.0700000003
      vertex 5.84709072 0.652719319 -0.0700000003
      vertex 5.84537888 0.610338628 -0.0700000003
    endloop
  endfacet
  facet normal 0 -0 -1
    outer loop
      vertex 5.83852625 0.653065205 -0.0700000003
      vertex 5.84537888 0.610338628 -0.0700000003
      vertex 5.8368144 0.610684514 -0.0700000003
    endloop
  endfacet
  facet normal 0 0 -1
    outer loop
      vertex 5.82910585 0.632220745 -0.0700000003
      vertex 5.82996178 0.65341109 -0.0700000003
      vertex 5.83852625 0.653065205 -0.0700000003
    endloop
  endfacet
  facet normal 0 0 -1
    outer loop
      vertex 5.8368144 0.610684514 -0.0700000003
      vertex 5.82824993 0.6110304 -0.0700000003
      vertex 5.82910585 0.632220745 -0.0700000003
    endloop
  endfacet
  facet normal 0 0 -1
    outer loop
      vertex 5.83852625 0.653065205 -0.0700000003
      vertex 5.8368144 0.610684514 -0.0700000003
      vertex 5.82910585 0.632220745 -0.0700000003
    endloop
  endfacet
  facet normal 0 0 -1
    outer loop
      vertex 5.83509684 0.780553222 -0.0700000003
      vertex 5.83852005 0.865314603 -0.0700000003
      vertex 5.85564899 0.864622772 -0.0700000003
    endloop
  endfacet
  facet normal 0 0 -1
    outer loop
      vertex 5.85564899 0.864622772 -0.0700000003
      vertex 5.83852005 0.865314603 -0.0700000003
      vertex 5.84194374 0.950075984 -0.0700000003
    endloop
  endfacet
  facet normal 0 0 -1
    outer loop
      vertex 5.84451103 1.01364696 -0.0700000003
      vertex 5.84536695 1.03483737 -0.0700000003
      vertex 5.85393143 1.03449142 -0.0700000003
    endloop
  endfacet
  facet normal 0 0 -1
    outer loop
      vertex 5.85221958 0.992110789 -0.0700000003
      vertex 5.84365511 0.992456675 -0.0700000003
      vertex 5.84451103 1.01364696 -0.0700000003
    endloop
  endfacet
  facet normal 0 0 -1
    outer loop
      vertex 5.85393143 1.03449142 -0.0700000003
      vertex 5.85221958 0.992110789 -0.0700000003
      vertex 5.84451103 1.01364696 -0.0700000003
    endloop
  endfacet
  facet normal 0 0 -1
    outer loop
      vertex 5.85050821 0.949730039 -0.0700000003
      vertex 5.85221958 0.992110789 -0.0700000003
      vertex 5.86078405 0.991764843 -0.0700000003
    endloop
  endfacet
  facet normal 0 0 -1
    outer loop
      vertex 5.84365511 0.992456675 -0.0700000003
      vertex 5.85221958 0.992110789 -0.0700000003
      vertex 5.85050821 0.949730039 -0.0700000003
    endloop
  endfacet
  facet normal 0 -0 -1
    outer loop
      vertex 5.84365511 0.992456675 -0.0700000003
      vertex 5.85050821 0.949730039 -0.0700000003
      vertex 5.84194374 0.950075984 -0.0700000003
    endloop
  endfacet
  facet normal 0 0 -1
    outer loop
      vertex 5.84622288 1.05602765 -0.0700000003
      vertex 5.8470788 1.07721806 -0.0700000003
      vertex 5.85564327 1.07687211 -0.0700000003
    endloop
  endfacet
  facet normal 0 0 -1
    outer loop
      vertex 5.85393143 1.03449142 -0.0700000003
      vertex 5.84536695 1.03483737 -0.0700000003
      vertex 5.84622288 1.05602765 -0.0700000003
    endloop
  endfacet
  facet normal 0 0 -1
    outer loop
      vertex 5.85564327 1.07687211 -0.0700000003
      vertex 5.85393143 1.03449142 -0.0700000003
      vertex 5.84622288 1.05602765 -0.0700000003
    endloop
  endfacet
  facet normal 0 0 -1
    outer loop
      vertex 5.81711483 0.653929949 -0.0700000003
      vertex 5.81283283 0.654102921 -0.0700000003
      vertex 5.81454468 0.696483612 -0.0700000003
    endloop
  endfacet
  facet normal 0 0 -1
    outer loop
      vertex 5.82310915 0.696137726 -0.0700000003
      vertex 5.8213973 0.653757036 -0.0700000003
      vertex 5.81711483 0.653929949 -0.0700000003
    endloop
  endfacet
  facet normal 0 0 -1
    outer loop
      vertex 5.81454468 0.696483612 -0.0700000003
      vertex 5.82310915 0.696137726 -0.0700000003
      vertex 5.81711483 0.653929949 -0.0700000003
    endloop
  endfacet
  facet normal 0 0 -1
    outer loop
      vertex 5.8256793 0.653584063 -0.0700000003
      vertex 5.8213973 0.653757036 -0.0700000003
      vertex 5.82310915 0.696137726 -0.0700000003
    endloop
  endfacet
  facet normal 0 0 -1
    outer loop
      vertex 5.83167362 0.695791781 -0.0700000003
      vertex 5.82996178 0.65341109 -0.0700000003
      vertex 5.8256793 0.653584063 -0.0700000003
    endloop
  endfacet
  facet normal 0 0 -1
    outer loop
      vertex 5.82310915 0.696137726 -0.0700000003
      vertex 5.83167362 0.695791781 -0.0700000003
      vertex 5.8256793 0.653584063 -0.0700000003
    endloop
  endfacet
  facet normal 0 0 -1
    outer loop
      vertex 5.8213973 0.653757036 -0.0700000003
      vertex 5.8256793 0.653584063 -0.0700000003
      vertex 5.82482386 0.632393718 -0.0700000003
    endloop
  endfacet
  facet normal 0 -0 -1
    outer loop
      vertex 5.8213973 0.653757036 -0.0700000003
      vertex 5.82482386 0.632393718 -0.0700000003
      vertex 5.82054138 0.63256669 -0.0700000003
    endloop
  endfacet
  facet normal 0 0 -1
    outer loop
      vertex 5.8256793 0.653584063 -0.0700000003
      vertex 5.82996178 0.65341109 -0.0700000003
      vertex 5.82910585 0.632220745 -0.0700000003
    endloop
  endfacet
  facet normal 0 -0 -1
    outer loop
      vertex 5.8256793 0.653584063 -0.0700000003
      vertex 5.82910585 0.632220745 -0.0700000003
      vertex 5.82482386 0.632393718 -0.0700000003
    endloop
  endfacet
  facet normal 0 0 -1
    outer loop
      vertex 5.81283283 0.654102921 -0.0700000003
      vertex 5.81711483 0.653929949 -0.0700000003
      vertex 5.81625938 0.632739604 -0.0700000003
    endloop
  endfacet
  facet normal 0 -0 -1
    outer loop
      vertex 5.81283283 0.654102921 -0.0700000003
      vertex 5.81625938 0.632739604 -0.0700000003
      vertex 5.81197691 0.632912576 -0.0700000003
    endloop
  endfacet
  facet normal 0 0 -1
    outer loop
      vertex 5.81711483 0.653929949 -0.0700000003
      vertex 5.8213973 0.653757036 -0.0700000003
      vertex 5.82054138 0.63256669 -0.0700000003
    endloop
  endfacet
  facet normal 0 -0 -1
    outer loop
      vertex 5.81711483 0.653929949 -0.0700000003
      vertex 5.82054138 0.63256669 -0.0700000003
      vertex 5.81625938 0.632739604 -0.0700000003
    endloop
  endfacet
  facet normal 0 0 -1
    outer loop
      vertex 5.82310915 0.696137726 -0.0700000003
      vertex 5.81454468 0.696483612 -0.0700000003
      vertex 5.81796789 0.781244993 -0.0700000003
    endloop
  endfacet
  facet normal 0 0 -1
    outer loop
      vertex 5.83509684 0.780553222 -0.0700000003
      vertex 5.83167362 0.695791781 -0.0700000003
      vertex 5.82310915 0.696137726 -0.0700000003
    endloop
  endfacet
  facet normal 0 0 -1
    outer loop
      vertex 5.81796789 0.781244993 -0.0700000003
      vertex 5.83509684 0.780553222 -0.0700000003
      vertex 5.82310915 0.696137726 -0.0700000003
    endloop
  endfacet
  facet normal 0 0 -1
    outer loop
      vertex 5.82139111 0.866006374 -0.0700000003
      vertex 5.83852005 0.865314603 -0.0700000003
      vertex 5.83509684 0.780553222 -0.0700000003
    endloop
  endfacet
  facet normal 0 -0 -1
    outer loop
      vertex 5.82139111 0.866006374 -0.0700000003
      vertex 5.83509684 0.780553222 -0.0700000003
      vertex 5.81796789 0.781244993 -0.0700000003
    endloop
  endfacet
  facet normal 0 0 -1
    outer loop
      vertex 5.83337927 0.95042187 -0.0700000003
      vertex 5.84194374 0.950075984 -0.0700000003
      vertex 5.83852005 0.865314603 -0.0700000003
    endloop
  endfacet
  facet normal 0 0 -1
    outer loop
      vertex 5.82139111 0.866006374 -0.0700000003
      vertex 5.8248148 0.950767756 -0.0700000003
      vertex 5.83337927 0.95042187 -0.0700000003
    endloop
  endfacet
  facet normal 0 0 -1
    outer loop
      vertex 5.83852005 0.865314603 -0.0700000003
      vertex 5.82139111 0.866006374 -0.0700000003
      vertex 5.83337927 0.95042187 -0.0700000003
    endloop
  endfacet
  facet normal 0 0 -1
    outer loop
      vertex 5.83166456 1.01416588 -0.0700000003
      vertex 5.83594656 1.01399291 -0.0700000003
      vertex 5.83509064 0.99280256 -0.0700000003
    endloop
  endfacet
  facet normal 0 -0 -1
    outer loop
      vertex 5.83166456 1.01416588 -0.0700000003
      vertex 5.83509064 0.99280256 -0.0700000003
      vertex 5.83080864 0.992975533 -0.0700000003
    endloop
  endfacet
  facet normal 0 0 -1
    outer loop
      vertex 5.82738209 1.01433885 -0.0700000003
      vertex 5.83166456 1.01416588 -0.0700000003
      vertex 5.83080864 0.992975533 -0.0700000003
    endloop
  endfacet
  facet normal 0 -0 -1
    outer loop
      vertex 5.82738209 1.01433885 -0.0700000003
      vertex 5.83080864 0.992975533 -0.0700000003
      vertex 5.82652617 0.993148446 -0.0700000003
    endloop
  endfacet
  facet normal 0 0 -1
    outer loop
      vertex 5.84022903 1.01381993 -0.0700000003
      vertex 5.84451103 1.01364696 -0.0700000003
      vertex 5.84365511 0.992456675 -0.0700000003
    endloop
  endfacet
  facet normal 0 -0 -1
    outer loop
      vertex 5.84022903 1.01381993 -0.0700000003
      vertex 5.84365511 0.992456675 -0.0700000003
      vertex 5.83937311 0.992629588 -0.0700000003
    endloop
  endfacet
  facet normal 0 0 -1
    outer loop
      vertex 5.83594656 1.01399291 -0.0700000003
      vertex 5.84022903 1.01381993 -0.0700000003
      vertex 5.83937311 0.992629588 -0.0700000003
    endloop
  endfacet
  facet normal 0 -0 -1
    outer loop
      vertex 5.83594656 1.01399291 -0.0700000003
      vertex 5.83937311 0.992629588 -0.0700000003
      vertex 5.83509064 0.99280256 -0.0700000003
    endloop
  endfacet
  facet normal 0 0 -1
    outer loop
      vertex 5.83937311 0.992629588 -0.0700000003
      vertex 5.84365511 0.992456675 -0.0700000003
      vertex 5.84194374 0.950075984 -0.0700000003
    endloop
  endfacet
  facet normal 0 0 -1
    outer loop
      vertex 5.83337927 0.95042187 -0.0700000003
      vertex 5.83509064 0.99280256 -0.0700000003
      vertex 5.83937311 0.992629588 -0.0700000003
    endloop
  endfacet
  facet normal 0 0 -1
    outer loop
      vertex 5.84194374 0.950075984 -0.0700000003
      vertex 5.83337927 0.95042187 -0.0700000003
      vertex 5.83937311 0.992629588 -0.0700000003
    endloop
  endfacet
  facet normal 0 0 -1
    outer loop
      vertex 5.83080864 0.992975533 -0.0700000003
      vertex 5.83509064 0.99280256 -0.0700000003
      vertex 5.83337927 0.95042187 -0.0700000003
    endloop
  endfacet
  facet normal 0 0 -1
    outer loop
      vertex 5.8248148 0.950767756 -0.0700000003
      vertex 5.82652617 0.993148446 -0.0700000003
      vertex 5.83080864 0.992975533 -0.0700000003
    endloop
  endfacet
  facet normal 0 0 -1
    outer loop
      vertex 5.83337927 0.95042187 -0.0700000003
      vertex 5.8248148 0.950767756 -0.0700000003
      vertex 5.83080864 0.992975533 -0.0700000003
    endloop
  endfacet
  facet normal 0 0 -1
    outer loop
      vertex 5.79998636 0.65462178 -0.0700000003
      vertex 5.79570389 0.654794753 -0.0700000003
      vertex 5.79741573 0.697175443 -0.0700000003
    endloop
  endfacet
  facet normal 0 0 -1
    outer loop
      vertex 5.80598021 0.696829498 -0.0700000003
      vertex 5.80426836 0.654448807 -0.0700000003
      vertex 5.79998636 0.65462178 -0.0700000003
    endloop
  endfacet
  facet normal 0 0 -1
    outer loop
      vertex 5.79741573 0.697175443 -0.0700000003
      vertex 5.80598021 0.696829498 -0.0700000003
      vertex 5.79998636 0.65462178 -0.0700000003
    endloop
  endfacet
  facet normal 0 0 -1
    outer loop
      vertex 5.80855083 0.654275894 -0.0700000003
      vertex 5.80426836 0.654448807 -0.0700000003
      vertex 5.80598021 0.696829498 -0.0700000003
    endloop
  endfacet
  facet normal 0 0 -1
    outer loop
      vertex 5.81454468 0.696483612 -0.0700000003
      vertex 5.81283283 0.654102921 -0.0700000003
      vertex 5.80855083 0.654275894 -0.0700000003
    endloop
  endfacet
  facet normal 0 0 -1
    outer loop
      vertex 5.80598021 0.696829498 -0.0700000003
      vertex 5.81454468 0.696483612 -0.0700000003
      vertex 5.80855083 0.654275894 -0.0700000003
    endloop
  endfacet
  facet normal 0 0 -1
    outer loop
      vertex 5.80426836 0.654448807 -0.0700000003
      vertex 5.80855083 0.654275894 -0.0700000003
      vertex 5.80769491 0.633085549 -0.0700000003
    endloop
  endfacet
  facet normal 0 -0 -1
    outer loop
      vertex 5.80426836 0.654448807 -0.0700000003
      vertex 5.80769491 0.633085549 -0.0700000003
      vertex 5.80341244 0.633258462 -0.0700000003
    endloop
  endfacet
  facet normal 0 0 -1
    outer loop
      vertex 5.80855083 0.654275894 -0.0700000003
      vertex 5.81283283 0.654102921 -0.0700000003
      vertex 5.81197691 0.632912576 -0.0700000003
    endloop
  endfacet
  facet normal 0 -0 -1
    outer loop
      vertex 5.80855083 0.654275894 -0.0700000003
      vertex 5.81197691 0.632912576 -0.0700000003
      vertex 5.80769491 0.633085549 -0.0700000003
    endloop
  endfacet
  facet normal 0 0 -1
    outer loop
      vertex 5.79570389 0.654794753 -0.0700000003
      vertex 5.79998636 0.65462178 -0.0700000003
      vertex 5.79913044 0.633431435 -0.0700000003
    endloop
  endfacet
  facet normal 0 -0 -1
    outer loop
      vertex 5.79570389 0.654794753 -0.0700000003
      vertex 5.79913044 0.633431435 -0.0700000003
      vertex 5.79484797 0.633604407 -0.0700000003
    endloop
  endfacet
  facet normal 0 0 -1
    outer loop
      vertex 5.79998636 0.65462178 -0.0700000003
      vertex 5.80426836 0.654448807 -0.0700000003
      vertex 5.80341244 0.633258462 -0.0700000003
    endloop
  endfacet
  facet normal 0 -0 -1
    outer loop
      vertex 5.79998636 0.65462178 -0.0700000003
      vertex 5.80341244 0.633258462 -0.0700000003
      vertex 5.79913044 0.633431435 -0.0700000003
    endloop
  endfacet
  facet normal 0 0 -1
    outer loop
      vertex 5.80598021 0.696829498 -0.0700000003
      vertex 5.79741573 0.697175443 -0.0700000003
      vertex 5.80083895 0.781936824 -0.0700000003
    endloop
  endfacet
  facet normal 0 0 -1
    outer loop
      vertex 5.81796789 0.781244993 -0.0700000003
      vertex 5.81454468 0.696483612 -0.0700000003
      vertex 5.80598021 0.696829498 -0.0700000003
    endloop
  endfacet
  facet normal 0 0 -1
    outer loop
      vertex 5.80083895 0.781936824 -0.0700000003
      vertex 5.81796789 0.781244993 -0.0700000003
      vertex 5.80598021 0.696829498 -0.0700000003
    endloop
  endfacet
  facet normal 0 0 -1
    outer loop
      vertex 5.80426216 0.866698205 -0.0700000003
      vertex 5.82139111 0.866006374 -0.0700000003
      vertex 5.81796789 0.781244993 -0.0700000003
    endloop
  endfacet
  facet normal 0 -0 -1
    outer loop
      vertex 5.80426216 0.866698205 -0.0700000003
      vertex 5.81796789 0.781244993 -0.0700000003
      vertex 5.80083895 0.781936824 -0.0700000003
    endloop
  endfacet
  facet normal 0 0 -1
    outer loop
      vertex 5.81625032 0.951113701 -0.0700000003
      vertex 5.8248148 0.950767756 -0.0700000003
      vertex 5.82139111 0.866006374 -0.0700000003
    endloop
  endfacet
  facet normal 0 0 -1
    outer loop
      vertex 5.80426216 0.866698205 -0.0700000003
      vertex 5.80768585 0.951459587 -0.0700000003
      vertex 5.81625032 0.951113701 -0.0700000003
    endloop
  endfacet
  facet normal 0 0 -1
    outer loop
      vertex 5.82139111 0.866006374 -0.0700000003
      vertex 5.80426216 0.866698205 -0.0700000003
      vertex 5.81625032 0.951113701 -0.0700000003
    endloop
  endfacet
  facet normal 0 0 -1
    outer loop
      vertex 5.81453562 1.01485765 -0.0700000003
      vertex 5.81881762 1.01468468 -0.0700000003
      vertex 5.81796169 0.993494391 -0.0700000003
    endloop
  endfacet
  facet normal 0 -0 -1
    outer loop
      vertex 5.81453562 1.01485765 -0.0700000003
      vertex 5.81796169 0.993494391 -0.0700000003
      vertex 5.8136797 0.993667305 -0.0700000003
    endloop
  endfacet
  facet normal 0 0 -1
    outer loop
      vertex 5.81025314 1.01503062 -0.0700000003
      vertex 5.81453562 1.01485765 -0.0700000003
      vertex 5.8136797 0.993667305 -0.0700000003
    endloop
  endfacet
  facet normal 0 -0 -1
    outer loop
      vertex 5.81025314 1.01503062 -0.0700000003
      vertex 5.8136797 0.993667305 -0.0700000003
      vertex 5.8093977 0.993840277 -0.0700000003
    endloop
  endfacet
  facet normal 0 0 -1
    outer loop
      vertex 5.82310009 1.01451182 -0.0700000003
      vertex 5.82738209 1.01433885 -0.0700000003
      vertex 5.82652617 0.993148446 -0.0700000003
    endloop
  endfacet
  facet normal 0 -0 -1
    outer loop
      vertex 5.82310009 1.01451182 -0.0700000003
      vertex 5.82652617 0.993148446 -0.0700000003
      vertex 5.82224417 0.993321419 -0.0700000003
    endloop
  endfacet
  facet normal 0 0 -1
    outer loop
      vertex 5.81881762 1.01468468 -0.0700000003
      vertex 5.82310009 1.01451182 -0.0700000003
      vertex 5.82224417 0.993321419 -0.0700000003
    endloop
  endfacet
  facet normal 0 -0 -1
    outer loop
      vertex 5.81881762 1.01468468 -0.0700000003
      vertex 5.82224417 0.993321419 -0.0700000003
      vertex 5.81796169 0.993494391 -0.0700000003
    endloop
  endfacet
  facet normal 0 0 -1
    outer loop
      vertex 5.82224417 0.993321419 -0.0700000003
      vertex 5.82652617 0.993148446 -0.0700000003
      vertex 5.8248148 0.950767756 -0.0700000003
    endloop
  endfacet
  facet normal 0 0 -1
    outer loop
      vertex 5.81625032 0.951113701 -0.0700000003
      vertex 5.81796169 0.993494391 -0.0700000003
      vertex 5.82224417 0.993321419 -0.0700000003
    endloop
  endfacet
  facet normal 0 0 -1
    outer loop
      vertex 5.8248148 0.950767756 -0.0700000003
      vertex 5.81625032 0.951113701 -0.0700000003
      vertex 5.82224417 0.993321419 -0.0700000003
    endloop
  endfacet
  facet normal 0 0 -1
    outer loop
      vertex 5.8136797 0.993667305 -0.0700000003
      vertex 5.81796169 0.993494391 -0.0700000003
      vertex 5.81625032 0.951113701 -0.0700000003
    endloop
  endfacet
  facet normal 0 0 -1
    outer loop
      vertex 5.80768585 0.951459587 -0.0700000003
      vertex 5.8093977 0.993840277 -0.0700000003
      vertex 5.8136797 0.993667305 -0.0700000003
    endloop
  endfacet
  facet normal 0 0 -1
    outer loop
      vertex 5.81625032 0.951113701 -0.0700000003
      vertex 5.80768585 0.951459587 -0.0700000003
      vertex 5.8136797 0.993667305 -0.0700000003
    endloop
  endfacet
  facet normal 0 0 -1
    outer loop
      vertex 5.78285742 0.655313611 -0.0700000003
      vertex 5.77857494 0.655486524 -0.0700000003
      vertex 5.78028679 0.697867215 -0.0700000003
    endloop
  endfacet
  facet normal 0 0 -1
    outer loop
      vertex 5.78885126 0.697521329 -0.0700000003
      vertex 5.78713942 0.655140638 -0.0700000003
      vertex 5.78285742 0.655313611 -0.0700000003
    endloop
  endfacet
  facet normal 0 0 -1
    outer loop
      vertex 5.78028679 0.697867215 -0.0700000003
      vertex 5.78885126 0.697521329 -0.0700000003
      vertex 5.78285742 0.655313611 -0.0700000003
    endloop
  endfacet
  facet normal 0 0 -1
    outer loop
      vertex 5.79142189 0.654967666 -0.0700000003
      vertex 5.78713942 0.655140638 -0.0700000003
      vertex 5.78885126 0.697521329 -0.0700000003
    endloop
  endfacet
  facet normal 0 0 -1
    outer loop
      vertex 5.79741573 0.697175443 -0.0700000003
      vertex 5.79570389 0.654794753 -0.0700000003
      vertex 5.79142189 0.654967666 -0.0700000003
    endloop
  endfacet
  facet normal 0 0 -1
    outer loop
      vertex 5.78885126 0.697521329 -0.0700000003
      vertex 5.79741573 0.697175443 -0.0700000003
      vertex 5.79142189 0.654967666 -0.0700000003
    endloop
  endfacet
  facet normal 0 0 -1
    outer loop
      vertex 5.78713942 0.655140638 -0.0700000003
      vertex 5.79142189 0.654967666 -0.0700000003
      vertex 5.79056597 0.63377732 -0.0700000003
    endloop
  endfacet
  facet normal 0 -0 -1
    outer loop
      vertex 5.78713942 0.655140638 -0.0700000003
      vertex 5.79056597 0.63377732 -0.0700000003
      vertex 5.78628349 0.633950293 -0.0700000003
    endloop
  endfacet
  facet normal 0 0 -1
    outer loop
      vertex 5.79142189 0.654967666 -0.0700000003
      vertex 5.79570389 0.654794753 -0.0700000003
      vertex 5.79484797 0.633604407 -0.0700000003
    endloop
  endfacet
  facet normal 0 -0 -1
    outer loop
      vertex 5.79142189 0.654967666 -0.0700000003
      vertex 5.79484797 0.633604407 -0.0700000003
      vertex 5.79056597 0.63377732 -0.0700000003
    endloop
  endfacet
  facet normal 0 0 -1
    outer loop
      vertex 5.77857494 0.655486524 -0.0700000003
      vertex 5.78285742 0.655313611 -0.0700000003
      vertex 5.7820015 0.634123266 -0.0700000003
    endloop
  endfacet
  facet normal 0 -0 -1
    outer loop
      vertex 5.77857494 0.655486524 -0.0700000003
      vertex 5.7820015 0.634123266 -0.0700000003
      vertex 5.77771902 0.634296179 -0.0700000003
    endloop
  endfacet
  facet normal 0 0 -1
    outer loop
      vertex 5.78285742 0.655313611 -0.0700000003
      vertex 5.78713942 0.655140638 -0.0700000003
      vertex 5.78628349 0.633950293 -0.0700000003
    endloop
  endfacet
  facet normal 0 -0 -1
    outer loop
      vertex 5.78285742 0.655313611 -0.0700000003
      vertex 5.78628349 0.633950293 -0.0700000003
      vertex 5.7820015 0.634123266 -0.0700000003
    endloop
  endfacet
  facet normal 0 0 -1
    outer loop
      vertex 5.78885126 0.697521329 -0.0700000003
      vertex 5.78028679 0.697867215 -0.0700000003
      vertex 5.78371 0.782628596 -0.0700000003
    endloop
  endfacet
  facet normal 0 0 -1
    outer loop
      vertex 5.80083895 0.781936824 -0.0700000003
      vertex 5.79741573 0.697175443 -0.0700000003
      vertex 5.78885126 0.697521329 -0.0700000003
    endloop
  endfacet
  facet normal 0 0 -1
    outer loop
      vertex 5.78371 0.782628596 -0.0700000003
      vertex 5.80083895 0.781936824 -0.0700000003
      vertex 5.78885126 0.697521329 -0.0700000003
    endloop
  endfacet
  facet normal 0 0 -1
    outer loop
      vertex 5.78713369 0.867390037 -0.0700000003
      vertex 5.80426216 0.866698205 -0.0700000003
      vertex 5.80083895 0.781936824 -0.0700000003
    endloop
  endfacet
  facet normal 0 -0 -1
    outer loop
      vertex 5.78713369 0.867390037 -0.0700000003
      vertex 5.80083895 0.781936824 -0.0700000003
      vertex 5.78371 0.782628596 -0.0700000003
    endloop
  endfacet
  facet normal 0 0 -1
    outer loop
      vertex 5.79912138 0.951805472 -0.0700000003
      vertex 5.80768585 0.951459587 -0.0700000003
      vertex 5.80426216 0.866698205 -0.0700000003
    endloop
  endfacet
  facet normal 0 0 -1
    outer loop
      vertex 5.78713369 0.867390037 -0.0700000003
      vertex 5.79055691 0.952151418 -0.0700000003
      vertex 5.79912138 0.951805472 -0.0700000003
    endloop
  endfacet
  facet normal 0 0 -1
    outer loop
      vertex 5.80426216 0.866698205 -0.0700000003
      vertex 5.78713369 0.867390037 -0.0700000003
      vertex 5.79912138 0.951805472 -0.0700000003
    endloop
  endfacet
  facet normal 0 0 -1
    outer loop
      vertex 5.79740667 1.01554954 -0.0700000003
      vertex 5.80168867 1.01537657 -0.0700000003
      vertex 5.80083323 0.994186163 -0.0700000003
    endloop
  endfacet
  facet normal 0 -0 -1
    outer loop
      vertex 5.79740667 1.01554954 -0.0700000003
      vertex 5.80083323 0.994186163 -0.0700000003
      vertex 5.79655075 0.994359136 -0.0700000003
    endloop
  endfacet
  facet normal 0 0 -1
    outer loop
      vertex 5.7931242 1.01572239 -0.0700000003
      vertex 5.79740667 1.01554954 -0.0700000003
      vertex 5.79655075 0.994359136 -0.0700000003
    endloop
  endfacet
  facet normal 0 -0 -1
    outer loop
      vertex 5.7931242 1.01572239 -0.0700000003
      vertex 5.79655075 0.994359136 -0.0700000003
      vertex 5.79226875 0.994532108 -0.0700000003
    endloop
  endfacet
  facet normal 0 0 -1
    outer loop
      vertex 5.80597115 1.0152036 -0.0700000003
      vertex 5.81025314 1.01503062 -0.0700000003
      vertex 5.8093977 0.993840277 -0.0700000003
    endloop
  endfacet
  facet normal 0 -0 -1
    outer loop
      vertex 5.80597115 1.0152036 -0.0700000003
      vertex 5.8093977 0.993840277 -0.0700000003
      vertex 5.80511522 0.99401325 -0.0700000003
    endloop
  endfacet
  facet normal 0 0 -1
    outer loop
      vertex 5.80168867 1.01537657 -0.0700000003
      vertex 5.80597115 1.0152036 -0.0700000003
      vertex 5.80511522 0.99401325 -0.0700000003
    endloop
  endfacet
  facet normal 0 -0 -1
    outer loop
      vertex 5.80168867 1.01537657 -0.0700000003
      vertex 5.80511522 0.99401325 -0.0700000003
      vertex 5.80083323 0.994186163 -0.0700000003
    endloop
  endfacet
  facet normal 0 0 -1
    outer loop
      vertex 5.80511522 0.99401325 -0.0700000003
      vertex 5.8093977 0.993840277 -0.0700000003
      vertex 5.80768585 0.951459587 -0.0700000003
    endloop
  endfacet
  facet normal 0 0 -1
    outer loop
      vertex 5.79912138 0.951805472 -0.0700000003
      vertex 5.80083323 0.994186163 -0.0700000003
      vertex 5.80511522 0.99401325 -0.0700000003
    endloop
  endfacet
  facet normal 0 0 -1
    outer loop
      vertex 5.80768585 0.951459587 -0.0700000003
      vertex 5.79912138 0.951805472 -0.0700000003
      vertex 5.80511522 0.99401325 -0.0700000003
    endloop
  endfacet
  facet normal 0 0 -1
    outer loop
      vertex 5.79655075 0.994359136 -0.0700000003
      vertex 5.80083323 0.994186163 -0.0700000003
      vertex 5.79912138 0.951805472 -0.0700000003
    endloop
  endfacet
  facet normal 0 0 -1
    outer loop
      vertex 5.79055691 0.952151418 -0.0700000003
      vertex 5.79226875 0.994532108 -0.0700000003
      vertex 5.79655075 0.994359136 -0.0700000003
    endloop
  endfacet
  facet normal 0 0 -1
    outer loop
      vertex 5.79912138 0.951805472 -0.0700000003
      vertex 5.79055691 0.952151418 -0.0700000003
      vertex 5.79655075 0.994359136 -0.0700000003
    endloop
  endfacet
  facet normal 0 0 -1
    outer loop
      vertex 5.76744318 0.592261374 -0.0700000003
      vertex 5.76658726 0.571071029 -0.0700000003
      vertex 5.75802279 0.571416974 -0.0700000003
    endloop
  endfacet
  facet normal 0 0 -1
    outer loop
      vertex 5.75973463 0.613797665 -0.0700000003
      vertex 5.7682991 0.613451719 -0.0700000003
      vertex 5.76744318 0.592261374 -0.0700000003
    endloop
  endfacet
  facet normal 0 0 -1
    outer loop
      vertex 5.75802279 0.571416974 -0.0700000003
      vertex 5.75973463 0.613797665 -0.0700000003
      vertex 5.76744318 0.592261374 -0.0700000003
    endloop
  endfacet
  facet normal 0 0 -1
    outer loop
      vertex 5.77172518 0.592088461 -0.0700000003
      vertex 5.76744318 0.592261374 -0.0700000003
      vertex 5.7682991 0.613451719 -0.0700000003
    endloop
  endfacet
  facet normal 0 0 -1
    outer loop
      vertex 5.76744318 0.592261374 -0.0700000003
      vertex 5.77172518 0.592088461 -0.0700000003
      vertex 5.77086926 0.570898116 -0.0700000003
    endloop
  endfacet
  facet normal 0 -0 -1
    outer loop
      vertex 5.76744318 0.592261374 -0.0700000003
      vertex 5.77086926 0.570898116 -0.0700000003
      vertex 5.76658726 0.571071029 -0.0700000003
    endloop
  endfacet
  facet normal 0 0 -1
    outer loop
      vertex 5.76658726 0.571071029 -0.0700000003
      vertex 5.77086926 0.570898116 -0.0700000003
      vertex 5.77001381 0.54970777 -0.0700000003
    endloop
  endfacet
  facet normal 0 -0 -1
    outer loop
      vertex 5.76658726 0.571071029 -0.0700000003
      vertex 5.77001381 0.54970777 -0.0700000003
      vertex 5.76573133 0.549880683 -0.0700000003
    endloop
  endfacet
  facet normal 0 0 -1
    outer loop
      vertex 5.76315784 0.698559046 -0.0700000003
      vertex 5.77172232 0.69821316 -0.0700000003
      vertex 5.77001047 0.655832469 -0.0700000003
    endloop
  endfacet
  facet normal 0 -0 -1
    outer loop
      vertex 5.76315784 0.698559046 -0.0700000003
      vertex 5.77001047 0.655832469 -0.0700000003
      vertex 5.761446 0.656178355 -0.0700000003
    endloop
  endfacet
  facet normal 0 0 -1
    outer loop
      vertex 5.77429295 0.655659497 -0.0700000003
      vertex 5.77001047 0.655832469 -0.0700000003
      vertex 5.77172232 0.69821316 -0.0700000003
    endloop
  endfacet
  facet normal 0 0 -1
    outer loop
      vertex 5.78028679 0.697867215 -0.0700000003
      vertex 5.77857494 0.655486524 -0.0700000003
      vertex 5.77429295 0.655659497 -0.0700000003
    endloop
  endfacet
  facet normal 0 0 -1
    outer loop
      vertex 5.77172232 0.69821316 -0.0700000003
      vertex 5.78028679 0.697867215 -0.0700000003
      vertex 5.77429295 0.655659497 -0.0700000003
    endloop
  endfacet
  facet normal 0 0 -1
    outer loop
      vertex 5.77001047 0.655832469 -0.0700000003
      vertex 5.77429295 0.655659497 -0.0700000003
      vertex 5.77343702 0.634469151 -0.0700000003
    endloop
  endfacet
  facet normal 0 -0 -1
    outer loop
      vertex 5.77001047 0.655832469 -0.0700000003
      vertex 5.77343702 0.634469151 -0.0700000003
      vertex 5.76915455 0.634642124 -0.0700000003
    endloop
  endfacet
  facet normal 0 0 -1
    outer loop
      vertex 5.77429295 0.655659497 -0.0700000003
      vertex 5.77857494 0.655486524 -0.0700000003
      vertex 5.77771902 0.634296179 -0.0700000003
    endloop
  endfacet
  facet normal 0 -0 -1
    outer loop
      vertex 5.77429295 0.655659497 -0.0700000003
      vertex 5.77771902 0.634296179 -0.0700000003
      vertex 5.77343702 0.634469151 -0.0700000003
    endloop
  endfacet
  facet normal 0 0 -1
    outer loop
      vertex 5.76915455 0.634642124 -0.0700000003
      vertex 5.7682991 0.613451719 -0.0700000003
      vertex 5.75973463 0.613797665 -0.0700000003
    endloop
  endfacet
  facet normal 0 0 -1
    outer loop
      vertex 5.761446 0.656178355 -0.0700000003
      vertex 5.77001047 0.655832469 -0.0700000003
      vertex 5.76915455 0.634642124 -0.0700000003
    endloop
  endfacet
  facet normal 0 0 -1
    outer loop
      vertex 5.75973463 0.613797665 -0.0700000003
      vertex 5.761446 0.656178355 -0.0700000003
      vertex 5.76915455 0.634642124 -0.0700000003
    endloop
  endfacet
  facet normal 0 0 -1
    outer loop
      vertex 5.79055691 0.952151418 -0.0700000003
      vertex 5.78713369 0.867390037 -0.0700000003
      vertex 5.77000475 0.868081808 -0.0700000003
    endloop
  endfacet
  facet normal 0 0 -1
    outer loop
      vertex 5.7888422 1.01589537 -0.0700000003
      vertex 5.7931242 1.01572239 -0.0700000003
      vertex 5.79226875 0.994532108 -0.0700000003
    endloop
  endfacet
  facet normal 0 -0 -1
    outer loop
      vertex 5.7888422 1.01589537 -0.0700000003
      vertex 5.79226875 0.994532108 -0.0700000003
      vertex 5.78798628 0.994705021 -0.0700000003
    endloop
  endfacet
  facet normal 0 0 -1
    outer loop
      vertex 5.7845602 1.01606834 -0.0700000003
      vertex 5.7888422 1.01589537 -0.0700000003
      vertex 5.78798628 0.994705021 -0.0700000003
    endloop
  endfacet
  facet normal 0 -0 -1
    outer loop
      vertex 5.7845602 1.01606834 -0.0700000003
      vertex 5.78798628 0.994705021 -0.0700000003
      vertex 5.78370428 0.994877994 -0.0700000003
    endloop
  endfacet
  facet normal 0 0 -1
    outer loop
      vertex 5.78798628 0.994705021 -0.0700000003
      vertex 5.79226875 0.994532108 -0.0700000003
      vertex 5.79055691 0.952151418 -0.0700000003
    endloop
  endfacet
  facet normal 0 0 -1
    outer loop
      vertex 5.78199244 0.952497303 -0.0700000003
      vertex 5.78370428 0.994877994 -0.0700000003
      vertex 5.78798628 0.994705021 -0.0700000003
    endloop
  endfacet
  facet normal 0 0 -1
    outer loop
      vertex 5.79055691 0.952151418 -0.0700000003
      vertex 5.78199244 0.952497303 -0.0700000003
      vertex 5.78798628 0.994705021 -0.0700000003
    endloop
  endfacet
  facet normal 0 0 -1
    outer loop
      vertex 5.77513981 0.99522388 -0.0700000003
      vertex 5.78370428 0.994877994 -0.0700000003
      vertex 5.78199244 0.952497303 -0.0700000003
    endloop
  endfacet
  facet normal 0 0 -1
    outer loop
      vertex 5.78798342 1.10082972 -0.0700000003
      vertex 5.79226542 1.10065675 -0.0700000003
      vertex 5.79140949 1.07946646 -0.0700000003
    endloop
  endfacet
  facet normal 0 -0 -1
    outer loop
      vertex 5.78798342 1.10082972 -0.0700000003
      vertex 5.79140949 1.07946646 -0.0700000003
      vertex 5.78712749 1.07963943 -0.0700000003
    endloop
  endfacet
  facet normal 0 0 -1
    outer loop
      vertex 5.78712749 1.07963943 -0.0700000003
      vertex 5.79140949 1.07946646 -0.0700000003
      vertex 5.79055405 1.05827606 -0.0700000003
    endloop
  endfacet
  facet normal 0 -0 -1
    outer loop
      vertex 5.78712749 1.07963943 -0.0700000003
      vertex 5.79055405 1.05827606 -0.0700000003
      vertex 5.78627157 1.05844903 -0.0700000003
    endloop
  endfacet
  facet normal 0 0 -1
    outer loop
      vertex 5.78541565 1.03725874 -0.0700000003
      vertex 5.78627157 1.05844903 -0.0700000003
      vertex 5.79055405 1.05827606 -0.0700000003
    endloop
  endfacet
  facet normal 0 0 -1
    outer loop
      vertex 5.86125946 0.578740716 -0.0700000003
      vertex 5.85929775 0.530164003 -0.0700000003
      vertex 5.84366703 0.567957938 -0.0700000003
    endloop
  endfacet
  facet normal 0 0 -1
    outer loop
      vertex 5.82476521 0.530038714 -0.0700000003
      vertex 5.84366703 0.567957938 -0.0700000003
      vertex 5.85929775 0.530164003 -0.0700000003
    endloop
  endfacet
  facet normal 0 0 -1
    outer loop
      vertex 5.86322165 0.627317429 -0.0700000003
      vertex 5.86125946 0.578740716 -0.0700000003
      vertex 5.84366703 0.567957938 -0.0700000003
    endloop
  endfacet
  facet normal 0 0 -1
    outer loop
      vertex 5.86322165 0.627317429 -0.0700000003
      vertex 5.84366703 0.567957938 -0.0700000003
      vertex 5.84537888 0.610338628 -0.0700000003
    endloop
  endfacet
  facet normal 0 0 -1
    outer loop
      vertex 5.84537888 0.610338628 -0.0700000003
      vertex 5.84709072 0.652719319 -0.0700000003
      vertex 5.86322165 0.627317429 -0.0700000003
    endloop
  endfacet
  facet normal 0 0 -1
    outer loop
      vertex 5.82469606 0.549157679 -0.0700000003
      vertex 5.82653856 0.568649709 -0.0700000003
      vertex 5.83510256 0.568303823 -0.0700000003
    endloop
  endfacet
  facet normal -0 0 -1
    outer loop
      vertex 5.84366703 0.567957938 -0.0700000003
      vertex 5.82476521 0.530038714 -0.0700000003
      vertex 5.83510256 0.568303823 -0.0700000003
    endloop
  endfacet
  facet normal 0 0 -1
    outer loop
      vertex 5.82653856 0.568649709 -0.0700000003
      vertex 5.82459164 0.577836096 -0.0700000003
      vertex 5.82739401 0.589840055 -0.0700000003
    endloop
  endfacet
  facet normal 0 0 -1
    outer loop
      vertex 5.82739401 0.589840055 -0.0700000003
      vertex 5.8245225 0.596955121 -0.0700000003
      vertex 5.82824993 0.6110304 -0.0700000003
    endloop
  endfacet
  facet normal 0 0 -1
    outer loop
      vertex 5.82910585 0.632220745 -0.0700000003
      vertex 5.82824993 0.6110304 -0.0700000003
      vertex 5.82445288 0.616074085 -0.0700000003
    endloop
  endfacet
  facet normal 0 0 -1
    outer loop
      vertex 5.84880209 0.695100009 -0.0700000003
      vertex 5.85214996 0.725076437 -0.0700000003
      vertex 5.86518335 0.675894082 -0.0700000003
    endloop
  endfacet
  facet normal 0 0 -1
    outer loop
      vertex 5.86322165 0.627317429 -0.0700000003
      vertex 5.84709072 0.652719319 -0.0700000003
      vertex 5.86518335 0.675894082 -0.0700000003
    endloop
  endfacet
  facet normal 0 0 -1
    outer loop
      vertex 5.86518335 0.675894082 -0.0700000003
      vertex 5.85214996 0.725076437 -0.0700000003
      vertex 5.86714554 0.724470794 -0.0700000003
    endloop
  endfacet
  facet normal 0 0 -1
    outer loop
      vertex 5.85214996 0.725076437 -0.0700000003
      vertex 5.83509684 0.780553222 -0.0700000003
      vertex 5.85416985 0.775085628 -0.0700000003
    endloop
  endfacet
  facet normal 0 0 -1
    outer loop
      vertex 5.84709072 0.652719319 -0.0700000003
      vertex 5.84880209 0.695100009 -0.0700000003
      vertex 5.86518335 0.675894082 -0.0700000003
    endloop
  endfacet
  facet normal 0 -0 -1
    outer loop
      vertex 5.83509684 0.780553222 -0.0700000003
      vertex 5.84023809 0.695445895 -0.0700000003
      vertex 5.83167362 0.695791781 -0.0700000003
    endloop
  endfacet
  facet normal 0 0 -1
    outer loop
      vertex 5.84023809 0.695445895 -0.0700000003
      vertex 5.83509684 0.780553222 -0.0700000003
      vertex 5.85214996 0.725076437 -0.0700000003
    endloop
  endfacet
  facet normal 0 0 -1
    outer loop
      vertex 5.84880209 0.695100009 -0.0700000003
      vertex 5.84023809 0.695445895 -0.0700000003
      vertex 5.85214996 0.725076437 -0.0700000003
    endloop
  endfacet
  facet normal 0 0 -1
    outer loop
      vertex 5.85618973 0.825094879 -0.0700000003
      vertex 5.85416985 0.775085628 -0.0700000003
      vertex 5.83509684 0.780553222 -0.0700000003
    endloop
  endfacet
  facet normal 0 0 -1
    outer loop
      vertex 5.83510256 0.568303823 -0.0700000003
      vertex 5.82476521 0.530038714 -0.0700000003
      vertex 5.8247304 0.539598167 -0.0700000003
    endloop
  endfacet
  facet normal 0 0 -1
    outer loop
      vertex 5.82653856 0.568649709 -0.0700000003
      vertex 5.82469606 0.549157679 -0.0700000003
      vertex 5.82466125 0.558717132 -0.0700000003
    endloop
  endfacet
  facet normal 0 0 -1
    outer loop
      vertex 5.82739401 0.589840055 -0.0700000003
      vertex 5.82459164 0.577836096 -0.0700000003
      vertex 5.8245573 0.587395608 -0.0700000003
    endloop
  endfacet
  facet normal 0 0 -1
    outer loop
      vertex 5.82462645 0.568276644 -0.0700000003
      vertex 5.82459164 0.577836096 -0.0700000003
      vertex 5.82653856 0.568649709 -0.0700000003
    endloop
  endfacet
  facet normal 0 0 -1
    outer loop
      vertex 5.82653856 0.568649709 -0.0700000003
      vertex 5.82466125 0.558717132 -0.0700000003
      vertex 5.82462645 0.568276644 -0.0700000003
    endloop
  endfacet
  facet normal -0 0 -1
    outer loop
      vertex 5.82739401 0.589840055 -0.0700000003
      vertex 5.8245573 0.587395608 -0.0700000003
      vertex 5.8245225 0.596955121 -0.0700000003
    endloop
  endfacet
  facet normal 0 0 -1
    outer loop
      vertex 5.82448769 0.606514573 -0.0700000003
      vertex 5.82445288 0.616074085 -0.0700000003
      vertex 5.82824993 0.6110304 -0.0700000003
    endloop
  endfacet
  facet normal 0 0 -1
    outer loop
      vertex 5.82910585 0.632220745 -0.0700000003
      vertex 5.82445288 0.616074085 -0.0700000003
      vertex 5.82441807 0.625633538 -0.0700000003
    endloop
  endfacet
  facet normal 0 0 -1
    outer loop
      vertex 5.82824993 0.6110304 -0.0700000003
      vertex 5.8245225 0.596955121 -0.0700000003
      vertex 5.82448769 0.606514573 -0.0700000003
    endloop
  endfacet
  facet normal 0 -0 -1
    outer loop
      vertex 5.82054138 0.63256669 -0.0700000003
      vertex 5.82441807 0.625633538 -0.0700000003
      vertex 5.81590986 0.625602663 -0.0700000003
    endloop
  endfacet
  facet normal 0 0 -1
    outer loop
      vertex 5.82441807 0.625633538 -0.0700000003
      vertex 5.82054138 0.63256669 -0.0700000003
      vertex 5.82482386 0.632393718 -0.0700000003
    endloop
  endfacet
  facet normal 0 0 -1
    outer loop
      vertex 5.81590986 0.625602663 -0.0700000003
      vertex 5.81625938 0.632739604 -0.0700000003
      vertex 5.82054138 0.63256669 -0.0700000003
    endloop
  endfacet
  facet normal -0 0 -1
    outer loop
      vertex 5.81625938 0.632739604 -0.0700000003
      vertex 5.81590986 0.625602663 -0.0700000003
      vertex 5.81197691 0.632912576 -0.0700000003
    endloop
  endfacet
  facet normal 0 0 -1
    outer loop
      vertex 5.82441807 0.625633538 -0.0700000003
      vertex 5.82482386 0.632393718 -0.0700000003
      vertex 5.82910585 0.632220745 -0.0700000003
    endloop
  endfacet
  facet normal 0 -0 -1
    outer loop
      vertex 5.80769491 0.633085549 -0.0700000003
      vertex 5.81197691 0.632912576 -0.0700000003
      vertex 5.80740118 0.625571787 -0.0700000003
    endloop
  endfacet
  facet normal -0 0 -1
    outer loop
      vertex 5.81590986 0.625602663 -0.0700000003
      vertex 5.80740118 0.625571787 -0.0700000003
      vertex 5.81197691 0.632912576 -0.0700000003
    endloop
  endfacet
  facet normal 0 0 -1
    outer loop
      vertex 5.80341244 0.633258462 -0.0700000003
      vertex 5.80769491 0.633085549 -0.0700000003
      vertex 5.80740118 0.625571787 -0.0700000003
    endloop
  endfacet
  facet normal 0 0 -1
    outer loop
      vertex 5.79889297 0.625540912 -0.0700000003
      vertex 5.80341244 0.633258462 -0.0700000003
      vertex 5.80740118 0.625571787 -0.0700000003
    endloop
  endfacet
  facet normal 0 -0 -1
    outer loop
      vertex 5.79913044 0.633431435 -0.0700000003
      vertex 5.80341244 0.633258462 -0.0700000003
      vertex 5.79889297 0.625540912 -0.0700000003
    endloop
  endfacet
  facet normal -0 0 -1
    outer loop
      vertex 5.79913044 0.633431435 -0.0700000003
      vertex 5.79889297 0.625540912 -0.0700000003
      vertex 5.79484797 0.633604407 -0.0700000003
    endloop
  endfacet
  facet normal 0 -0 -1
    outer loop
      vertex 5.79484797 0.633604407 -0.0700000003
      vertex 5.79889297 0.625540912 -0.0700000003
      vertex 5.79038429 0.625510037 -0.0700000003
    endloop
  endfacet
  facet normal 0 0 -1
    outer loop
      vertex 5.8247304 0.539598167 -0.0700000003
      vertex 5.82469606 0.549157679 -0.0700000003
      vertex 5.83510256 0.568303823 -0.0700000003
    endloop
  endfacet
  facet normal 0 0 -1
    outer loop
      vertex 5.87290335 0.86703372 -0.0700000003
      vertex 5.87118483 0.824489236 -0.0700000003
      vertex 5.85618973 0.825094879 -0.0700000003
    endloop
  endfacet
  facet normal -0 0 -1
    outer loop
      vertex 5.87290335 0.86703372 -0.0700000003
      vertex 5.85564899 0.864622772 -0.0700000003
      vertex 5.87462139 0.909578204 -0.0700000003
    endloop
  endfacet
  facet normal 0 0 -1
    outer loop
      vertex 5.87462139 0.909578204 -0.0700000003
      vertex 5.86134481 0.952728271 -0.0700000003
      vertex 5.87633991 0.952122629 -0.0700000003
    endloop
  endfacet
  facet normal 0 0 -1
    outer loop
      vertex 5.85618973 0.825094879 -0.0700000003
      vertex 5.85564899 0.864622772 -0.0700000003
      vertex 5.87290335 0.86703372 -0.0700000003
    endloop
  endfacet
  facet normal 0 0 -1
    outer loop
      vertex 5.86134481 0.952728271 -0.0700000003
      vertex 5.85564899 0.864622772 -0.0700000003
      vertex 5.85050821 0.949730039 -0.0700000003
    endloop
  endfacet
  facet normal 0 0 -1
    outer loop
      vertex 5.84194374 0.950075984 -0.0700000003
      vertex 5.85050821 0.949730039 -0.0700000003
      vertex 5.85564899 0.864622772 -0.0700000003
    endloop
  endfacet
  facet normal -0 0 -1
    outer loop
      vertex 5.86134481 0.952728271 -0.0700000003
      vertex 5.85050821 0.949730039 -0.0700000003
      vertex 5.86078405 0.991764843 -0.0700000003
    endloop
  endfacet
  facet normal 0 -0 -1
    outer loop
      vertex 5.85564899 0.864622772 -0.0700000003
      vertex 5.85618973 0.825094879 -0.0700000003
      vertex 5.83509684 0.780553222 -0.0700000003
    endloop
  endfacet
  facet normal -0 0 -1
    outer loop
      vertex 5.87462139 0.909578204 -0.0700000003
      vertex 5.85564899 0.864622772 -0.0700000003
      vertex 5.86134481 0.952728271 -0.0700000003
    endloop
  endfacet
  facet normal 0 0 -1
    outer loop
      vertex 5.86078405 0.991764843 -0.0700000003
      vertex 5.86336422 1.00273752 -0.0700000003
      vertex 5.86134481 0.952728271 -0.0700000003
    endloop
  endfacet
  facet normal 0 0 -1
    outer loop
      vertex 5.85393143 1.03449142 -0.0700000003
      vertex 5.8653841 1.05274677 -0.0700000003
      vertex 5.86336422 1.00273752 -0.0700000003
    endloop
  endfacet
  facet normal 0 0 -1
    outer loop
      vertex 5.85221958 0.992110789 -0.0700000003
      vertex 5.85393143 1.03449142 -0.0700000003
      vertex 5.86078405 0.991764843 -0.0700000003
    endloop
  endfacet
  facet normal 0 0 -1
    outer loop
      vertex 5.88284922 1.11328888 -0.0700000003
      vertex 5.88037968 1.05214107 -0.0700000003
      vertex 5.8653841 1.05274677 -0.0700000003
    endloop
  endfacet
  facet normal 0 0 -1
    outer loop
      vertex 5.85564327 1.07687211 -0.0700000003
      vertex 5.88284922 1.11328888 -0.0700000003
      vertex 5.8653841 1.05274677 -0.0700000003
    endloop
  endfacet
  facet normal -0 0 -1
    outer loop
      vertex 5.86336422 1.00273752 -0.0700000003
      vertex 5.86078405 0.991764843 -0.0700000003
      vertex 5.85393143 1.03449142 -0.0700000003
    endloop
  endfacet
  facet normal 0 0 -1
    outer loop
      vertex 5.8414402 1.03034627 -0.0700000003
      vertex 5.84536695 1.03483737 -0.0700000003
      vertex 5.84451103 1.01364696 -0.0700000003
    endloop
  endfacet
  facet normal 0 0 -1
    outer loop
      vertex 5.84455061 1.06845784 -0.0700000003
      vertex 5.8470788 1.07721806 -0.0700000003
      vertex 5.84622288 1.05602765 -0.0700000003
    endloop
  endfacet
  facet normal 0 0 -1
    outer loop
      vertex 5.84843826 1.11609721 -0.0700000003
      vertex 5.88284922 1.11328888 -0.0700000003
      vertex 5.85564327 1.07687211 -0.0700000003
    endloop
  endfacet
  facet normal 0 0 -1
    outer loop
      vertex 5.84622288 1.05602765 -0.0700000003
      vertex 5.84536695 1.03483737 -0.0700000003
      vertex 5.84299564 1.049402 -0.0700000003
    endloop
  endfacet
  facet normal -0 0 -1
    outer loop
      vertex 5.8653841 1.05274677 -0.0700000003
      vertex 5.85393143 1.03449142 -0.0700000003
      vertex 5.85564327 1.07687211 -0.0700000003
    endloop
  endfacet
  facet normal 0 0 -1
    outer loop
      vertex 5.8470788 1.07721806 -0.0700000003
      vertex 5.8468833 1.09704137 -0.0700000003
      vertex 5.85564327 1.07687211 -0.0700000003
    endloop
  endfacet
  facet normal 0 0 -1
    outer loop
      vertex 5.84066296 1.02081835 -0.0700000003
      vertex 5.84022903 1.01381993 -0.0700000003
      vertex 5.83594656 1.01399291 -0.0700000003
    endloop
  endfacet
  facet normal -0 0 -1
    outer loop
      vertex 5.84066296 1.02081835 -0.0700000003
      vertex 5.83594656 1.01399291 -0.0700000003
      vertex 5.83218241 1.02151048 -0.0700000003
    endloop
  endfacet
  facet normal 0 0 -1
    outer loop
      vertex 5.83166456 1.01416588 -0.0700000003
      vertex 5.83218241 1.02151048 -0.0700000003
      vertex 5.83594656 1.01399291 -0.0700000003
    endloop
  endfacet
  facet normal 0 0 -1
    outer loop
      vertex 5.82738209 1.01433885 -0.0700000003
      vertex 5.83218241 1.02151048 -0.0700000003
      vertex 5.83166456 1.01416588 -0.0700000003
    endloop
  endfacet
  facet normal 0 0 -1
    outer loop
      vertex 5.84451103 1.01364696 -0.0700000003
      vertex 5.84066296 1.02081835 -0.0700000003
      vertex 5.8414402 1.03034627 -0.0700000003
    endloop
  endfacet
  facet normal 0 -0 -1
    outer loop
      vertex 5.82370234 1.02220249 -0.0700000003
      vertex 5.82738209 1.01433885 -0.0700000003
      vertex 5.82310009 1.01451182 -0.0700000003
    endloop
  endfacet
  facet normal 0 0 -1
    outer loop
      vertex 5.81881762 1.01468468 -0.0700000003
      vertex 5.81522179 1.02289462 -0.0700000003
      vertex 5.82370234 1.02220249 -0.0700000003
    endloop
  endfacet
  facet normal 0 0 -1
    outer loop
      vertex 5.82310009 1.01451182 -0.0700000003
      vertex 5.81881762 1.01468468 -0.0700000003
      vertex 5.82370234 1.02220249 -0.0700000003
    endloop
  endfacet
  facet normal 0 0 -1
    outer loop
      vertex 5.81453562 1.01485765 -0.0700000003
      vertex 5.81522179 1.02289462 -0.0700000003
      vertex 5.81881762 1.01468468 -0.0700000003
    endloop
  endfacet
  facet normal -0 0 -1
    outer loop
      vertex 5.83218241 1.02151048 -0.0700000003
      vertex 5.82738209 1.01433885 -0.0700000003
      vertex 5.82370234 1.02220249 -0.0700000003
    endloop
  endfacet
  facet normal 0 -0 -1
    outer loop
      vertex 5.84610558 1.08751357 -0.0700000003
      vertex 5.8470788 1.07721806 -0.0700000003
      vertex 5.84532833 1.07798564 -0.0700000003
    endloop
  endfacet
  facet normal 0 0 -1
    outer loop
      vertex 5.85564327 1.07687211 -0.0700000003
      vertex 5.84766102 1.10656929 -0.0700000003
      vertex 5.84843826 1.11609721 -0.0700000003
    endloop
  endfacet
  facet normal 0 0 -1
    outer loop
      vertex 5.85564327 1.07687211 -0.0700000003
      vertex 5.8468833 1.09704137 -0.0700000003
      vertex 5.84766102 1.10656929 -0.0700000003
    endloop
  endfacet
  facet normal 0 0 -1
    outer loop
      vertex 5.8470788 1.07721806 -0.0700000003
      vertex 5.84610558 1.08751357 -0.0700000003
      vertex 5.8468833 1.09704137 -0.0700000003
    endloop
  endfacet
  facet normal 0 0 -1
    outer loop
      vertex 5.84221792 1.0398742 -0.0700000003
      vertex 5.84299564 1.049402 -0.0700000003
      vertex 5.84536695 1.03483737 -0.0700000003
    endloop
  endfacet
  facet normal 0 -0 -1
    outer loop
      vertex 5.84455061 1.06845784 -0.0700000003
      vertex 5.84622288 1.05602765 -0.0700000003
      vertex 5.84377289 1.05892992 -0.0700000003
    endloop
  endfacet
  facet normal 0 -0 -1
    outer loop
      vertex 5.84377289 1.05892992 -0.0700000003
      vertex 5.84622288 1.05602765 -0.0700000003
      vertex 5.84299564 1.049402 -0.0700000003
    endloop
  endfacet
  facet normal 0 -0 -1
    outer loop
      vertex 5.84532833 1.07798564 -0.0700000003
      vertex 5.8470788 1.07721806 -0.0700000003
      vertex 5.84455061 1.06845784 -0.0700000003
    endloop
  endfacet
  facet normal 0 0 -1
    outer loop
      vertex 5.8414402 1.03034627 -0.0700000003
      vertex 5.84221792 1.0398742 -0.0700000003
      vertex 5.84536695 1.03483737 -0.0700000003
    endloop
  endfacet
  facet normal 0 0 -1
    outer loop
      vertex 5.81522179 1.02289462 -0.0700000003
      vertex 5.81453562 1.01485765 -0.0700000003
      vertex 5.81025314 1.01503062 -0.0700000003
    endloop
  endfacet
  facet normal 0 0 -1
    outer loop
      vertex 5.84022903 1.01381993 -0.0700000003
      vertex 5.84066296 1.02081835 -0.0700000003
      vertex 5.84451103 1.01364696 -0.0700000003
    endloop
  endfacet
  facet normal 0 0 -1
    outer loop
      vertex 5.77367973 0.539412916 -0.0700000003
      vertex 5.77001381 0.54970777 -0.0700000003
      vertex 5.7736454 0.548972368 -0.0700000003
    endloop
  endfacet
  facet normal 0 0 -1
    outer loop
      vertex 5.77086926 0.570898116 -0.0700000003
      vertex 5.77357578 0.568091333 -0.0700000003
      vertex 5.77361059 0.55853188 -0.0700000003
    endloop
  endfacet
  facet normal 0 -0 -1
    outer loop
      vertex 5.77361059 0.55853188 -0.0700000003
      vertex 5.7736454 0.548972368 -0.0700000003
      vertex 5.77001381 0.54970777 -0.0700000003
    endloop
  endfacet
  facet normal 0 0 -1
    outer loop
      vertex 5.77001381 0.54970777 -0.0700000003
      vertex 5.77367973 0.539412916 -0.0700000003
      vertex 5.77371454 0.529853404 -0.0700000003
    endloop
  endfacet
  facet normal 0 0 -1
    outer loop
      vertex 5.77086926 0.570898116 -0.0700000003
      vertex 5.77350664 0.587210298 -0.0700000003
      vertex 5.77354097 0.577650845 -0.0700000003
    endloop
  endfacet
  facet normal 0 -0 -1
    outer loop
      vertex 5.77354097 0.577650845 -0.0700000003
      vertex 5.77357578 0.568091333 -0.0700000003
      vertex 5.77086926 0.570898116 -0.0700000003
    endloop
  endfacet
  facet normal 0 -0 -1
    outer loop
      vertex 5.77347183 0.59676981 -0.0700000003
      vertex 5.77350664 0.587210298 -0.0700000003
      vertex 5.77172518 0.592088461 -0.0700000003
    endloop
  endfacet
  facet normal 0 0 -1
    outer loop
      vertex 5.77172518 0.592088461 -0.0700000003
      vertex 5.77343702 0.606329322 -0.0700000003
      vertex 5.77347183 0.59676981 -0.0700000003
    endloop
  endfacet
  facet normal 0 -0 -1
    outer loop
      vertex 5.77340221 0.615888774 -0.0700000003
      vertex 5.77343702 0.606329322 -0.0700000003
      vertex 5.7682991 0.613451719 -0.0700000003
    endloop
  endfacet
  facet normal -0 -0 -1
    outer loop
      vertex 5.77001381 0.54970777 -0.0700000003
      vertex 5.77371454 0.529853404 -0.0700000003
      vertex 5.76573133 0.549880683 -0.0700000003
    endloop
  endfacet
  facet normal 0 -0 -1
    outer loop
      vertex 5.78628349 0.633950293 -0.0700000003
      vertex 5.79038429 0.625510037 -0.0700000003
      vertex 5.78187609 0.625479162 -0.0700000003
    endloop
  endfacet
  facet normal 0 0 -1
    outer loop
      vertex 5.79038429 0.625510037 -0.0700000003
      vertex 5.78628349 0.633950293 -0.0700000003
      vertex 5.79056597 0.63377732 -0.0700000003
    endloop
  endfacet
  facet normal 0 0 -1
    outer loop
      vertex 5.78187609 0.625479162 -0.0700000003
      vertex 5.7820015 0.634123266 -0.0700000003
      vertex 5.78628349 0.633950293 -0.0700000003
    endloop
  endfacet
  facet normal -0 0 -1
    outer loop
      vertex 5.7820015 0.634123266 -0.0700000003
      vertex 5.78187609 0.625479162 -0.0700000003
      vertex 5.77771902 0.634296179 -0.0700000003
    endloop
  endfacet
  facet normal -0 0 -1
    outer loop
      vertex 5.78187609 0.625479162 -0.0700000003
      vertex 5.7733674 0.625448287 -0.0700000003
      vertex 5.77771902 0.634296179 -0.0700000003
    endloop
  endfacet
  facet normal -0 0 -1
    outer loop
      vertex 5.77340221 0.615888774 -0.0700000003
      vertex 5.7682991 0.613451719 -0.0700000003
      vertex 5.7733674 0.625448287 -0.0700000003
    endloop
  endfacet
  facet normal 0 0 -1
    outer loop
      vertex 5.78028679 0.697867215 -0.0700000003
      vertex 5.77172232 0.69821316 -0.0700000003
      vertex 5.78371 0.782628596 -0.0700000003
    endloop
  endfacet
  facet normal 0 0 -1
    outer loop
      vertex 5.7733674 0.625448287 -0.0700000003
      vertex 5.77343702 0.634469151 -0.0700000003
      vertex 5.77771902 0.634296179 -0.0700000003
    endloop
  endfacet
  facet normal 0 -0 -1
    outer loop
      vertex 5.77086926 0.570898116 -0.0700000003
      vertex 5.77361059 0.55853188 -0.0700000003
      vertex 5.77001381 0.54970777 -0.0700000003
    endloop
  endfacet
  facet normal 0 0 -1
    outer loop
      vertex 5.7682991 0.613451719 -0.0700000003
      vertex 5.76915455 0.634642124 -0.0700000003
      vertex 5.7733674 0.625448287 -0.0700000003
    endloop
  endfacet
  facet normal -0 0 -1
    outer loop
      vertex 5.76658726 0.571071029 -0.0700000003
      vertex 5.76573133 0.549880683 -0.0700000003
      vertex 5.75802279 0.571416974 -0.0700000003
    endloop
  endfacet
  facet normal -0 0 -1
    outer loop
      vertex 5.77350664 0.587210298 -0.0700000003
      vertex 5.77086926 0.570898116 -0.0700000003
      vertex 5.77172518 0.592088461 -0.0700000003
    endloop
  endfacet
  facet normal 0 -0 -1
    outer loop
      vertex 5.74119759 0.579624414 -0.0700000003
      vertex 5.75802279 0.571416974 -0.0700000003
      vertex 5.739182 0.529728055 -0.0700000003
    endloop
  endfacet
  facet normal -0 0 -1
    outer loop
      vertex 5.76573133 0.549880683 -0.0700000003
      vertex 5.739182 0.529728055 -0.0700000003
      vertex 5.75802279 0.571416974 -0.0700000003
    endloop
  endfacet
  facet normal 0 0 -1
    outer loop
      vertex 5.74119759 0.579624414 -0.0700000003
      vertex 5.7432127 0.629520774 -0.0700000003
      vertex 5.75973463 0.613797665 -0.0700000003
    endloop
  endfacet
  facet normal 0 0 -1
    outer loop
      vertex 5.74119759 0.579624414 -0.0700000003
      vertex 5.75973463 0.613797665 -0.0700000003
      vertex 5.75802279 0.571416974 -0.0700000003
    endloop
  endfacet
  facet normal 0 0 -1
    outer loop
      vertex 5.739182 0.529728055 -0.0700000003
      vertex 5.76573133 0.549880683 -0.0700000003
      vertex 5.77371454 0.529853404 -0.0700000003
    endloop
  endfacet
  facet normal 0 0 -1
    outer loop
      vertex 5.7432127 0.629520774 -0.0700000003
      vertex 5.761446 0.656178355 -0.0700000003
      vertex 5.75973463 0.613797665 -0.0700000003
    endloop
  endfacet
  facet normal 0 0 -1
    outer loop
      vertex 5.76915455 0.634642124 -0.0700000003
      vertex 5.77343702 0.634469151 -0.0700000003
      vertex 5.7733674 0.625448287 -0.0700000003
    endloop
  endfacet
  facet normal 0 0 -1
    outer loop
      vertex 5.74522781 0.679417074 -0.0700000003
      vertex 5.76315784 0.698559046 -0.0700000003
      vertex 5.761446 0.656178355 -0.0700000003
    endloop
  endfacet
  facet normal 0 0 -1
    outer loop
      vertex 5.7622385 0.72870779 -0.0700000003
      vertex 5.77172232 0.69821316 -0.0700000003
      vertex 5.76315784 0.698559046 -0.0700000003
    endloop
  endfacet
  facet normal 0 -0 -1
    outer loop
      vertex 5.74724293 0.729313433 -0.0700000003
      vertex 5.7622385 0.72870779 -0.0700000003
      vertex 5.74522781 0.679417074 -0.0700000003
    endloop
  endfacet
  facet normal -0 0 -1
    outer loop
      vertex 5.76315784 0.698559046 -0.0700000003
      vertex 5.74522781 0.679417074 -0.0700000003
      vertex 5.7622385 0.72870779 -0.0700000003
    endloop
  endfacet
  facet normal 0 0 -1
    outer loop
      vertex 5.76425838 0.778717041 -0.0700000003
      vertex 5.76627779 0.828726292 -0.0700000003
      vertex 5.78371 0.782628596 -0.0700000003
    endloop
  endfacet
  facet normal 0 -0 -1
    outer loop
      vertex 5.75300121 0.871876359 -0.0700000003
      vertex 5.76627779 0.828726292 -0.0700000003
      vertex 5.75128269 0.829331875 -0.0700000003
    endloop
  endfacet
  facet normal 0 0 -1
    outer loop
      vertex 5.7622385 0.72870779 -0.0700000003
      vertex 5.76425838 0.778717041 -0.0700000003
      vertex 5.78371 0.782628596 -0.0700000003
    endloop
  endfacet
  facet normal -0 0 -1
    outer loop
      vertex 5.761446 0.656178355 -0.0700000003
      vertex 5.7432127 0.629520774 -0.0700000003
      vertex 5.74522781 0.679417074 -0.0700000003
    endloop
  endfacet
  facet normal 0 0 -1
    outer loop
      vertex 5.7622385 0.72870779 -0.0700000003
      vertex 5.78371 0.782628596 -0.0700000003
      vertex 5.77172232 0.69821316 -0.0700000003
    endloop
  endfacet
  facet normal 0 0 -1
    outer loop
      vertex 5.77172518 0.592088461 -0.0700000003
      vertex 5.7682991 0.613451719 -0.0700000003
      vertex 5.77343702 0.606329322 -0.0700000003
    endloop
  endfacet
  facet normal 0 0 -1
    outer loop
      vertex 5.78713369 0.867390037 -0.0700000003
      vertex 5.78371 0.782628596 -0.0700000003
      vertex 5.76627779 0.828726292 -0.0700000003
    endloop
  endfacet
  facet normal 0 -0 -1
    outer loop
      vertex 5.80674171 1.02358663 -0.0700000003
      vertex 5.81025314 1.01503062 -0.0700000003
      vertex 5.80597115 1.0152036 -0.0700000003
    endloop
  endfacet
  facet normal 0 0 -1
    outer loop
      vertex 5.79826117 1.02427876 -0.0700000003
      vertex 5.80674171 1.02358663 -0.0700000003
      vertex 5.80168867 1.01537657 -0.0700000003
    endloop
  endfacet
  facet normal 0 0 -1
    outer loop
      vertex 5.80597115 1.0152036 -0.0700000003
      vertex 5.80168867 1.01537657 -0.0700000003
      vertex 5.80674171 1.02358663 -0.0700000003
    endloop
  endfacet
  facet normal 0 0 -1
    outer loop
      vertex 5.79740667 1.01554954 -0.0700000003
      vertex 5.79826117 1.02427876 -0.0700000003
      vertex 5.80168867 1.01537657 -0.0700000003
    endloop
  endfacet
  facet normal 0 0 -1
    outer loop
      vertex 5.79826117 1.02427876 -0.0700000003
      vertex 5.79740667 1.01554954 -0.0700000003
      vertex 5.7931242 1.01572239 -0.0700000003
    endloop
  endfacet
  facet normal -0 0 -1
    outer loop
      vertex 5.79826117 1.02427876 -0.0700000003
      vertex 5.7931242 1.01572239 -0.0700000003
      vertex 5.78978109 1.02497077 -0.0700000003
    endloop
  endfacet
  facet normal 0 0 -1
    outer loop
      vertex 5.7888422 1.01589537 -0.0700000003
      vertex 5.78978109 1.02497077 -0.0700000003
      vertex 5.7931242 1.01572239 -0.0700000003
    endloop
  endfacet
  facet normal 0 0 -1
    outer loop
      vertex 5.79140949 1.07946646 -0.0700000003
      vertex 5.79444647 1.08213806 -0.0700000003
      vertex 5.79366875 1.07261014 -0.0700000003
    endloop
  endfacet
  facet normal -0 0 -1
    outer loop
      vertex 5.79600143 1.10119379 -0.0700000003
      vertex 5.79226542 1.10065675 -0.0700000003
      vertex 5.79677916 1.11072171 -0.0700000003
    endloop
  endfacet
  facet normal 0 0 -1
    outer loop
      vertex 5.79226542 1.10065675 -0.0700000003
      vertex 5.7975564 1.12024963 -0.0700000003
      vertex 5.79677916 1.11072171 -0.0700000003
    endloop
  endfacet
  facet normal 0 0 -1
    outer loop
      vertex 5.79522371 1.09166598 -0.0700000003
      vertex 5.79444647 1.08213806 -0.0700000003
      vertex 5.79140949 1.07946646 -0.0700000003
    endloop
  endfacet
  facet normal 0 0 -1
    outer loop
      vertex 5.78978109 1.02497077 -0.0700000003
      vertex 5.78541565 1.03725874 -0.0700000003
      vertex 5.79055834 1.03449869 -0.0700000003
    endloop
  endfacet
  facet normal 0 0 -1
    outer loop
      vertex 5.78541565 1.03725874 -0.0700000003
      vertex 5.79133606 1.04402661 -0.0700000003
      vertex 5.79055834 1.03449869 -0.0700000003
    endloop
  endfacet
  facet normal 0 0 -1
    outer loop
      vertex 5.79211378 1.05355442 -0.0700000003
      vertex 5.79055405 1.05827606 -0.0700000003
      vertex 5.79289103 1.06308234 -0.0700000003
    endloop
  endfacet
  facet normal -0 0 -1
    outer loop
      vertex 5.79366875 1.07261014 -0.0700000003
      vertex 5.79289103 1.06308234 -0.0700000003
      vertex 5.79140949 1.07946646 -0.0700000003
    endloop
  endfacet
  facet normal -0 0 -1
    outer loop
      vertex 5.79211378 1.05355442 -0.0700000003
      vertex 5.79133606 1.04402661 -0.0700000003
      vertex 5.79055405 1.05827606 -0.0700000003
    endloop
  endfacet
  facet normal 0 0 -1
    outer loop
      vertex 5.79226542 1.10065675 -0.0700000003
      vertex 5.79600143 1.10119379 -0.0700000003
      vertex 5.79522371 1.09166598 -0.0700000003
    endloop
  endfacet
  facet normal 0 0 -1
    outer loop
      vertex 5.7845602 1.01606834 -0.0700000003
      vertex 5.78978109 1.02497077 -0.0700000003
      vertex 5.7888422 1.01589537 -0.0700000003
    endloop
  endfacet
  facet normal 0 0 -1
    outer loop
      vertex 5.81025314 1.01503062 -0.0700000003
      vertex 5.80674171 1.02358663 -0.0700000003
      vertex 5.81522179 1.02289462 -0.0700000003
    endloop
  endfacet
  facet normal 0 0 -1
    outer loop
      vertex 5.77143288 0.956359684 -0.0700000003
      vertex 5.77513981 0.99522388 -0.0700000003
      vertex 5.78199244 0.952497303 -0.0700000003
    endloop
  endfacet
  facet normal 0 0 -1
    outer loop
      vertex 5.77000475 0.868081808 -0.0700000003
      vertex 5.78199244 0.952497303 -0.0700000003
      vertex 5.79055691 0.952151418 -0.0700000003
    endloop
  endfacet
  facet normal 0 0 -1
    outer loop
      vertex 5.7845602 1.01606834 -0.0700000003
      vertex 5.78370428 0.994877994 -0.0700000003
      vertex 5.77513981 0.99522388 -0.0700000003
    endloop
  endfacet
  facet normal 0 0 -1
    outer loop
      vertex 5.77345276 1.00636888 -0.0700000003
      vertex 5.7845602 1.01606834 -0.0700000003
      vertex 5.77513981 0.99522388 -0.0700000003
    endloop
  endfacet
  facet normal 0 0 -1
    outer loop
      vertex 5.7845602 1.01606834 -0.0700000003
      vertex 5.78541565 1.03725874 -0.0700000003
      vertex 5.78978109 1.02497077 -0.0700000003
    endloop
  endfacet
  facet normal 0 -0 -1
    outer loop
      vertex 5.77143288 0.956359684 -0.0700000003
      vertex 5.78199244 0.952497303 -0.0700000003
      vertex 5.77000475 0.868081808 -0.0700000003
    endloop
  endfacet
  facet normal 0 0 -1
    outer loop
      vertex 5.77000475 0.868081808 -0.0700000003
      vertex 5.75471926 0.914420843 -0.0700000003
      vertex 5.77143288 0.956359684 -0.0700000003
    endloop
  endfacet
  facet normal -0 0 -1
    outer loop
      vertex 5.77513981 0.99522388 -0.0700000003
      vertex 5.77143288 0.956359684 -0.0700000003
      vertex 5.77345276 1.00636888 -0.0700000003
    endloop
  endfacet
  facet normal 0 0 -1
    outer loop
      vertex 5.75471926 0.914420843 -0.0700000003
      vertex 5.75643778 0.956965327 -0.0700000003
      vertex 5.77143288 0.956359684 -0.0700000003
    endloop
  endfacet
  facet normal 0 0 -1
    outer loop
      vertex 5.75300121 0.871876359 -0.0700000003
      vertex 5.75471926 0.914420843 -0.0700000003
      vertex 5.77000475 0.868081808 -0.0700000003
    endloop
  endfacet
  facet normal 0 0 -1
    outer loop
      vertex 5.75300121 0.871876359 -0.0700000003
      vertex 5.77000475 0.868081808 -0.0700000003
      vertex 5.76627779 0.828726292 -0.0700000003
    endloop
  endfacet
  facet normal 0 0 -1
    outer loop
      vertex 5.78541565 1.03725874 -0.0700000003
      vertex 5.7845602 1.01606834 -0.0700000003
      vertex 5.77345276 1.00636888 -0.0700000003
    endloop
  endfacet
  facet normal 0 0 -1
    outer loop
      vertex 5.78541565 1.03725874 -0.0700000003
      vertex 5.79055405 1.05827606 -0.0700000003
      vertex 5.79133606 1.04402661 -0.0700000003
    endloop
  endfacet
  facet normal -0 0 -1
    outer loop
      vertex 5.79522371 1.09166598 -0.0700000003
      vertex 5.79140949 1.07946646 -0.0700000003
      vertex 5.79226542 1.10065675 -0.0700000003
    endloop
  endfacet
  facet normal 0 0 -1
    outer loop
      vertex 5.78627157 1.05844903 -0.0700000003
      vertex 5.78541565 1.03725874 -0.0700000003
      vertex 5.77547264 1.05637813 -0.0700000003
    endloop
  endfacet
  facet normal -0 0 -1
    outer loop
      vertex 5.79289103 1.06308234 -0.0700000003
      vertex 5.79055405 1.05827606 -0.0700000003
      vertex 5.79140949 1.07946646 -0.0700000003
    endloop
  endfacet
  facet normal 0 0 -1
    outer loop
      vertex 5.77547264 1.05637813 -0.0700000003
      vertex 5.78798342 1.10082972 -0.0700000003
      vertex 5.78712749 1.07963943 -0.0700000003
    endloop
  endfacet
  facet normal -0 0 -1
    outer loop
      vertex 5.78627157 1.05844903 -0.0700000003
      vertex 5.77547264 1.05637813 -0.0700000003
      vertex 5.78712749 1.07963943 -0.0700000003
    endloop
  endfacet
  facet normal 0 0 -1
    outer loop
      vertex 5.77345276 1.00636888 -0.0700000003
      vertex 5.77547264 1.05637813 -0.0700000003
      vertex 5.78541565 1.03725874 -0.0700000003
    endloop
  endfacet
  facet normal 0 0 -1
    outer loop
      vertex 5.76047707 1.05698371 -0.0700000003
      vertex 5.76181173 1.09002078 -0.0700000003
      vertex 5.77547264 1.05637813 -0.0700000003
    endloop
  endfacet
  facet normal -0 0 -1
    outer loop
      vertex 5.78798342 1.10082972 -0.0700000003
      vertex 5.77547264 1.05637813 -0.0700000003
      vertex 5.76314592 1.12305784 -0.0700000003
    endloop
  endfacet
  facet normal 0 0 -1
    outer loop
      vertex 5.76181173 1.09002078 -0.0700000003
      vertex 5.76314592 1.12305784 -0.0700000003
      vertex 5.77547264 1.05637813 -0.0700000003
    endloop
  endfacet
  facet normal 0 0 -1
    outer loop
      vertex 5.78798342 1.10082972 -0.0700000003
      vertex 5.76314592 1.12305784 -0.0700000003
      vertex 5.7975564 1.12024963 -0.0700000003
    endloop
  endfacet
  facet normal 0 0 -1
    outer loop
      vertex 5.79226542 1.10065675 -0.0700000003
      vertex 5.78798342 1.10082972 -0.0700000003
      vertex 5.7975564 1.12024963 -0.0700000003
    endloop
  endfacet
  facet normal 0 -0 -1
    outer loop
      vertex 5.77000475 0.868081808 -0.0700000003
      vertex 5.78713369 0.867390037 -0.0700000003
      vertex 5.76627779 0.828726292 -0.0700000003
    endloop
  endfacet
  facet normal 0 0 -1
    outer loop
      vertex 5.79038429 0.625510037 -0.0700000003
      vertex 5.79056597 0.63377732 -0.0700000003
      vertex 5.79484797 0.633604407 -0.0700000003
    endloop
  endfacet
  facet normal 0 -0 1
    outer loop
      vertex 5.84717131 0.973310947 0.0700000003
      vertex 5.84835148 1.00253391 0.0700000003
      vertex 5.83336353 1.00313926 0.0700000003
    endloop
  endfacet
  facet normal 0 0 1
    outer loop
      vertex 5.83336353 1.00313926 0.0700000003
      vertex 5.81837606 1.0037446 0.0700000003
      vertex 5.81601524 0.945298672 0.0700000003
    endloop
  endfacet
  facet normal -0 0 1
    outer loop
      vertex 5.81601524 0.945298672 0.0700000003
      vertex 5.84599113 0.944087982 0.0700000003
      vertex 5.84717131 0.973310947 0.0700000003
    endloop
  endfacet
  facet normal 0 0 1
    outer loop
      vertex 5.84717131 0.973310947 0.0700000003
      vertex 5.83336353 1.00313926 0.0700000003
      vertex 5.81601524 0.945298672 0.0700000003
    endloop
  endfacet
  facet normal 0 0 1
    outer loop
      vertex 5.80338812 1.00434995 0.0700000003
      vertex 5.78840017 1.00495529 0.0700000003
      vertex 5.78722 0.975732267 0.0700000003
    endloop
  endfacet
  facet normal 0 0 1
    outer loop
      vertex 5.78722 0.975732267 0.0700000003
      vertex 5.78603983 0.946509302 0.0700000003
      vertex 5.81601524 0.945298672 0.0700000003
    endloop
  endfacet
  facet normal 0 -0 1
    outer loop
      vertex 5.81601524 0.945298672 0.0700000003
      vertex 5.81837606 1.0037446 0.0700000003
      vertex 5.80338812 1.00434995 0.0700000003
    endloop
  endfacet
  facet normal 0 0 1
    outer loop
      vertex 5.80338812 1.00434995 0.0700000003
      vertex 5.78722 0.975732267 0.0700000003
      vertex 5.81601524 0.945298672 0.0700000003
    endloop
  endfacet
  facet normal 0 0 1
    outer loop
      vertex 5.86134481 0.952728271 0.0700000003
      vertex 5.87611341 0.946512222 0.0700000003
      vertex 5.87633991 0.952122629 0.0700000003
    endloop
  endfacet
  facet normal 0 0 1
    outer loop
      vertex 5.86269093 0.986067772 0.0700000003
      vertex 5.84717131 0.973310947 0.0700000003
      vertex 5.86134481 0.952728271 0.0700000003
    endloop
  endfacet
  facet normal 0 0 1
    outer loop
      vertex 5.84551096 0.932202697 0.0700000003
      vertex 5.87611341 0.946512222 0.0700000003
      vertex 5.86134481 0.952728271 0.0700000003
    endloop
  endfacet
  facet normal 0 0 1
    outer loop
      vertex 5.81601524 0.945298672 0.0700000003
      vertex 5.84551096 0.932202697 0.0700000003
      vertex 5.84599113 0.944087982 0.0700000003
    endloop
  endfacet
  facet normal -0 0 1
    outer loop
      vertex 5.84599113 0.944087982 0.0700000003
      vertex 5.84551096 0.932202697 0.0700000003
      vertex 5.86134481 0.952728271 0.0700000003
    endloop
  endfacet
  facet normal 0 0 1
    outer loop
      vertex 5.84599113 0.944087982 0.0700000003
      vertex 5.86134481 0.952728271 0.0700000003
      vertex 5.84717131 0.973310947 0.0700000003
    endloop
  endfacet
  facet normal 0 0 1
    outer loop
      vertex 5.8149085 0.917893171 0.0700000003
      vertex 5.84551096 0.932202697 0.0700000003
      vertex 5.81601524 0.945298672 0.0700000003
    endloop
  endfacet
  facet normal -0 0 1
    outer loop
      vertex 5.84835148 1.00253391 0.0700000003
      vertex 5.86269093 0.986067772 0.0700000003
      vertex 5.86403751 1.01940727 0.0700000003
    endloop
  endfacet
  facet normal 0 0 1
    outer loop
      vertex 5.8414402 1.03034627 0.0700000003
      vertex 5.84066296 1.02081835 0.0700000003
      vertex 5.84835148 1.00253391 0.0700000003
    endloop
  endfacet
  facet normal 0 0 1
    outer loop
      vertex 5.83218241 1.02151048 0.0700000003
      vertex 5.83336353 1.00313926 0.0700000003
      vertex 5.84066296 1.02081835 0.0700000003
    endloop
  endfacet
  facet normal 0 0 1
    outer loop
      vertex 5.84835148 1.00253391 0.0700000003
      vertex 5.84066296 1.02081835 0.0700000003
      vertex 5.83336353 1.00313926 0.0700000003
    endloop
  endfacet
  facet normal 0 0 1
    outer loop
      vertex 5.83336353 1.00313926 0.0700000003
      vertex 5.83218241 1.02151048 0.0700000003
      vertex 5.82370234 1.02220249 0.0700000003
    endloop
  endfacet
  facet normal 0 0 1
    outer loop
      vertex 5.86269093 0.986067772 0.0700000003
      vertex 5.84835148 1.00253391 0.0700000003
      vertex 5.84717131 0.973310947 0.0700000003
    endloop
  endfacet
  facet normal 0 0 1
    outer loop
      vertex 5.82370234 1.02220249 0.0700000003
      vertex 5.81837606 1.0037446 0.0700000003
      vertex 5.83336353 1.00313926 0.0700000003
    endloop
  endfacet
  facet normal 0 0 1
    outer loop
      vertex 5.78603983 0.946509302 0.0700000003
      vertex 5.78430605 0.903583586 0.0700000003
      vertex 5.8149085 0.917893171 0.0700000003
    endloop
  endfacet
  facet normal 0 0 1
    outer loop
      vertex 5.78603983 0.946509302 0.0700000003
      vertex 5.8149085 0.917893171 0.0700000003
      vertex 5.81601524 0.945298672 0.0700000003
    endloop
  endfacet
  facet normal 0 0 1
    outer loop
      vertex 5.77143288 0.956359684 0.0700000003
      vertex 5.78430605 0.903583586 0.0700000003
      vertex 5.78603983 0.946509302 0.0700000003
    endloop
  endfacet
  facet normal 0 0 1
    outer loop
      vertex 5.75507069 0.923119664 0.0700000003
      vertex 5.75370359 0.889274061 0.0700000003
      vertex 5.78430605 0.903583586 0.0700000003
    endloop
  endfacet
  facet normal 0 0 1
    outer loop
      vertex 5.75507069 0.923119664 0.0700000003
      vertex 5.77143288 0.956359684 0.0700000003
      vertex 5.75643778 0.956965327 0.0700000003
    endloop
  endfacet
  facet normal -0 0 1
    outer loop
      vertex 5.75507069 0.923119664 0.0700000003
      vertex 5.78430605 0.903583586 0.0700000003
      vertex 5.77143288 0.956359684 0.0700000003
    endloop
  endfacet
  facet normal -0 0 1
    outer loop
      vertex 5.77143288 0.956359684 0.0700000003
      vertex 5.78603983 0.946509302 0.0700000003
      vertex 5.78722 0.975732267 0.0700000003
    endloop
  endfacet
  facet normal 0 0 1
    outer loop
      vertex 5.81522179 1.02289462 0.0700000003
      vertex 5.80338812 1.00434995 0.0700000003
      vertex 5.81837606 1.0037446 0.0700000003
    endloop
  endfacet
  facet normal 0 0 1
    outer loop
      vertex 5.80338812 1.00434995 0.0700000003
      vertex 5.81522179 1.02289462 0.0700000003
      vertex 5.80674171 1.02358663 0.0700000003
    endloop
  endfacet
  facet normal 0 0 1
    outer loop
      vertex 5.81522179 1.02289462 0.0700000003
      vertex 5.81837606 1.0037446 0.0700000003
      vertex 5.82370234 1.02220249 0.0700000003
    endloop
  endfacet
  facet normal 0 0 1
    outer loop
      vertex 5.79826117 1.02427876 0.0700000003
      vertex 5.78840017 1.00495529 0.0700000003
      vertex 5.80338812 1.00434995 0.0700000003
    endloop
  endfacet
  facet normal 0 0 1
    outer loop
      vertex 5.77143288 0.956359684 0.0700000003
      vertex 5.78722 0.975732267 0.0700000003
      vertex 5.77277946 0.989699185 0.0700000003
    endloop
  endfacet
  facet normal 0 0 1
    outer loop
      vertex 5.78840017 1.00495529 0.0700000003
      vertex 5.77277946 0.989699185 0.0700000003
      vertex 5.78722 0.975732267 0.0700000003
    endloop
  endfacet
  facet normal 0 0 1
    outer loop
      vertex 5.77277946 0.989699185 0.0700000003
      vertex 5.78840017 1.00495529 0.0700000003
      vertex 5.77412605 1.02303863 0.0700000003
    endloop
  endfacet
  facet normal 0 -0 1
    outer loop
      vertex 5.78840017 1.00495529 0.0700000003
      vertex 5.78978109 1.02497077 0.0700000003
      vertex 5.77412605 1.02303863 0.0700000003
    endloop
  endfacet
  facet normal 0 0 1
    outer loop
      vertex 5.80674171 1.02358663 0.0700000003
      vertex 5.79826117 1.02427876 0.0700000003
      vertex 5.80338812 1.00434995 0.0700000003
    endloop
  endfacet
  facet normal 0 0 1
    outer loop
      vertex 5.86403751 1.01940727 0.0700000003
      vertex 5.8414402 1.03034627 0.0700000003
      vertex 5.84835148 1.00253391 0.0700000003
    endloop
  endfacet
  facet normal 0 0 1
    outer loop
      vertex 5.84455061 1.06845784 0.0700000003
      vertex 5.84377289 1.05892992 0.0700000003
      vertex 5.8653841 1.05274677 0.0700000003
    endloop
  endfacet
  facet normal 0 0 1
    outer loop
      vertex 5.8653841 1.05274677 0.0700000003
      vertex 5.84221792 1.0398742 0.0700000003
      vertex 5.86403751 1.01940727 0.0700000003
    endloop
  endfacet
  facet normal 0 -0 1
    outer loop
      vertex 5.88037968 1.05214107 0.0700000003
      vertex 5.88161421 1.08271503 0.0700000003
      vertex 5.8653841 1.05274677 0.0700000003
    endloop
  endfacet
  facet normal 0 0 1
    outer loop
      vertex 5.84299564 1.049402 0.0700000003
      vertex 5.8653841 1.05274677 0.0700000003
      vertex 5.84377289 1.05892992 0.0700000003
    endloop
  endfacet
  facet normal 0 0 1
    outer loop
      vertex 5.8653841 1.05274677 0.0700000003
      vertex 5.84299564 1.049402 0.0700000003
      vertex 5.84221792 1.0398742 0.0700000003
    endloop
  endfacet
  facet normal -0 0 1
    outer loop
      vertex 5.8414402 1.03034627 0.0700000003
      vertex 5.86403751 1.01940727 0.0700000003
      vertex 5.84221792 1.0398742 0.0700000003
    endloop
  endfacet
  facet normal -0 0 1
    outer loop
      vertex 5.8468833 1.09704137 0.0700000003
      vertex 5.88161421 1.08271503 0.0700000003
      vertex 5.84766102 1.10656929 0.0700000003
    endloop
  endfacet
  facet normal 0 0 1
    outer loop
      vertex 5.88284922 1.11328888 0.0700000003
      vertex 5.84766102 1.10656929 0.0700000003
      vertex 5.88161421 1.08271503 0.0700000003
    endloop
  endfacet
  facet normal 0 0 1
    outer loop
      vertex 5.84766102 1.10656929 0.0700000003
      vertex 5.88284922 1.11328888 0.0700000003
      vertex 5.84843826 1.11609721 0.0700000003
    endloop
  endfacet
  facet normal 0 0 1
    outer loop
      vertex 5.84532833 1.07798564 0.0700000003
      vertex 5.84455061 1.06845784 0.0700000003
      vertex 5.8653841 1.05274677 0.0700000003
    endloop
  endfacet
  facet normal 0 0 1
    outer loop
      vertex 5.84610558 1.08751357 0.0700000003
      vertex 5.84532833 1.07798564 0.0700000003
      vertex 5.8653841 1.05274677 0.0700000003
    endloop
  endfacet
  facet normal -0 0 1
    outer loop
      vertex 5.84610558 1.08751357 0.0700000003
      vertex 5.88161421 1.08271503 0.0700000003
      vertex 5.8468833 1.09704137 0.0700000003
    endloop
  endfacet
  facet normal 0 0 1
    outer loop
      vertex 5.84610558 1.08751357 0.0700000003
      vertex 5.8653841 1.05274677 0.0700000003
      vertex 5.88161421 1.08271503 0.0700000003
    endloop
  endfacet
  facet normal 0 0 1
    outer loop
      vertex 5.79211378 1.05355442 0.0700000003
      vertex 5.77547264 1.05637813 0.0700000003
      vertex 5.79133606 1.04402661 0.0700000003
    endloop
  endfacet
  facet normal 0 0 1
    outer loop
      vertex 5.79289103 1.06308234 0.0700000003
      vertex 5.77547264 1.05637813 0.0700000003
      vertex 5.79211378 1.05355442 0.0700000003
    endloop
  endfacet
  facet normal 0 0 1
    outer loop
      vertex 5.77412605 1.02303863 0.0700000003
      vertex 5.79055834 1.03449869 0.0700000003
      vertex 5.77547264 1.05637813 0.0700000003
    endloop
  endfacet
  facet normal 0 0 1
    outer loop
      vertex 5.77547264 1.05637813 0.0700000003
      vertex 5.76181173 1.09002078 0.0700000003
      vertex 5.76047707 1.05698371 0.0700000003
    endloop
  endfacet
  facet normal 0 0 1
    outer loop
      vertex 5.77547264 1.05637813 0.0700000003
      vertex 5.79055834 1.03449869 0.0700000003
      vertex 5.79133606 1.04402661 0.0700000003
    endloop
  endfacet
  facet normal 0 0 1
    outer loop
      vertex 5.79055834 1.03449869 0.0700000003
      vertex 5.77412605 1.02303863 0.0700000003
      vertex 5.78978109 1.02497077 0.0700000003
    endloop
  endfacet
  facet normal 0 0 1
    outer loop
      vertex 5.79366875 1.07261014 0.0700000003
      vertex 5.77547264 1.05637813 0.0700000003
      vertex 5.79289103 1.06308234 0.0700000003
    endloop
  endfacet
  facet normal 0 0 1
    outer loop
      vertex 5.79600143 1.10119379 0.0700000003
      vertex 5.76181173 1.09002078 0.0700000003
      vertex 5.79522371 1.09166598 0.0700000003
    endloop
  endfacet
  facet normal 0 0 1
    outer loop
      vertex 5.76314592 1.12305784 0.0700000003
      vertex 5.79600143 1.10119379 0.0700000003
      vertex 5.79677916 1.11072171 0.0700000003
    endloop
  endfacet
  facet normal 0 -0 1
    outer loop
      vertex 5.79677916 1.11072171 0.0700000003
      vertex 5.7975564 1.12024963 0.0700000003
      vertex 5.76314592 1.12305784 0.0700000003
    endloop
  endfacet
  facet normal 0 -0 1
    outer loop
      vertex 5.77547264 1.05637813 0.0700000003
      vertex 5.79444647 1.08213806 0.0700000003
      vertex 5.76181173 1.09002078 0.0700000003
    endloop
  endfacet
  facet normal 0 0 1
    outer loop
      vertex 5.79522371 1.09166598 0.0700000003
      vertex 5.76181173 1.09002078 0.0700000003
      vertex 5.79444647 1.08213806 0.0700000003
    endloop
  endfacet
  facet normal 0 0 1
    outer loop
      vertex 5.76181173 1.09002078 0.0700000003
      vertex 5.79600143 1.10119379 0.0700000003
      vertex 5.76314592 1.12305784 0.0700000003
    endloop
  endfacet
  facet normal 0 -0 1
    outer loop
      vertex 5.79366875 1.07261014 0.0700000003
      vertex 5.79444647 1.08213806 0.0700000003
      vertex 5.77547264 1.05637813 0.0700000003
    endloop
  endfacet
  facet normal 0 0 1
    outer loop
      vertex 5.78840017 1.00495529 0.0700000003
      vertex 5.79826117 1.02427876 0.0700000003
      vertex 5.78978109 1.02497077 0.0700000003
    endloop
  endfacet
  facet normal 0.0813420482 0.996686245 0
    outer loop
      vertex 5.78559017 1.12122619 0.0612500012
      vertex 5.79307175 1.1206156 0.0612500012
      vertex 5.79307175 1.1206156 0.0524999984
    endloop
  endfacet
  facet normal 0.0813420482 0.996686245 0
    outer loop
      vertex 5.78559017 1.12122619 0.0612500012
      vertex 5.79307175 1.1206156 0.0524999984
      vertex 5.78559017 1.12122619 0.0524999984
    endloop
  endfacet
  facet normal 0.0813262724 0.996687532 0
    outer loop
      vertex 5.7781086 1.12183666 0.0612500012
      vertex 5.78559017 1.12122619 0.0612500012
      vertex 5.78559017 1.12122619 0.0524999984
    endloop
  endfacet
  facet normal 0.0813262724 0.996687532 0
    outer loop
      vertex 5.7781086 1.12183666 0.0612500012
      vertex 5.78559017 1.12122619 0.0524999984
      vertex 5.7781086 1.12183666 0.0524999984
    endloop
  endfacet
  facet normal 0.0813420482 0.996686245 0
    outer loop
      vertex 5.78559017 1.12122619 0.0524999984
      vertex 5.79307175 1.1206156 0.0524999984
      vertex 5.79307175 1.1206156 0.0350000001
    endloop
  endfacet
  facet normal 0.0813262724 0.996687532 -0
    outer loop
      vertex 5.7781086 1.12183666 0.0350000001
      vertex 5.7781086 1.12183666 0.0524999984
      vertex 5.78559017 1.12122619 0.0524999984
    endloop
  endfacet
  facet normal 0.0813341603 0.996686889 -3.39469566e-06
    outer loop
      vertex 5.79307175 1.1206156 0.0350000001
      vertex 5.7781086 1.12183666 0.0350000001
      vertex 5.78559017 1.12122619 0.0524999984
    endloop
  endfacet
  facet normal 0.0813420482 0.996686245 0
    outer loop
      vertex 5.79681253 1.12031031 0.065624997
      vertex 5.80055332 1.12000501 0.065624997
      vertex 5.80055332 1.12000501 0.0612500012
    endloop
  endfacet
  facet normal 0.0813420482 0.996686245 0
    outer loop
      vertex 5.79681253 1.12031031 0.065624997
      vertex 5.80055332 1.12000501 0.0612500012
      vertex 5.79681253 1.12031031 0.0612500012
    endloop
  endfacet
  facet normal 0.0813420482 0.996686245 0
    outer loop
      vertex 5.79307175 1.1206156 0.065624997
      vertex 5.79681253 1.12031031 0.065624997
      vertex 5.79681253 1.12031031 0.0612500012
    endloop
  endfacet
  facet normal 0.0813420482 0.996686245 0
    outer loop
      vertex 5.79307175 1.1206156 0.065624997
      vertex 5.79681253 1.12031031 0.0612500012
      vertex 5.79307175 1.1206156 0.0612500012
    endloop
  endfacet
  facet normal 0.0813471986 0.996685825 0
    outer loop
      vertex 5.80055332 1.12000501 0.0612500012
      vertex 5.80803442 1.11939442 0.0612500012
      vertex 5.80803442 1.11939442 0.0524999984
    endloop
  endfacet
  facet normal 0.0813471986 0.996685825 0
    outer loop
      vertex 5.80055332 1.12000501 0.0612500012
      vertex 5.80803442 1.11939442 0.0524999984
      vertex 5.80055332 1.12000501 0.0524999984
    endloop
  endfacet
  facet normal 0.0813420482 0.996686245 0
    outer loop
      vertex 5.79681253 1.12031031 0.0612500012
      vertex 5.80055332 1.12000501 0.0612500012
      vertex 5.80055332 1.12000501 0.0524999984
    endloop
  endfacet
  facet normal 0.0813420482 0.996686245 -0
    outer loop
      vertex 5.79307175 1.1206156 0.0524999984
      vertex 5.79307175 1.1206156 0.0612500012
      vertex 5.79681253 1.12031031 0.0612500012
    endloop
  endfacet
  facet normal 0.0813420482 0.996686245 0
    outer loop
      vertex 5.80055332 1.12000501 0.0524999984
      vertex 5.79307175 1.1206156 0.0524999984
      vertex 5.79681253 1.12031031 0.0612500012
    endloop
  endfacet
  facet normal 0.0813341603 0.996686889 0
    outer loop
      vertex 5.80803442 1.11939442 0.0524999984
      vertex 5.82299757 1.11817336 0.0524999984
      vertex 5.82299757 1.11817336 0.0350000001
    endloop
  endfacet
  facet normal 0.0813341603 0.996686889 0
    outer loop
      vertex 5.80803442 1.11939442 0.0524999984
      vertex 5.82299757 1.11817336 0.0350000001
      vertex 5.80803442 1.11939442 0.0350000001
    endloop
  endfacet
  facet normal 0.0813471986 0.996685825 0
    outer loop
      vertex 5.80055332 1.12000501 0.0524999984
      vertex 5.80803442 1.11939442 0.0524999984
      vertex 5.80803442 1.11939442 0.0350000001
    endloop
  endfacet
  facet normal 0.0813420482 0.996686245 -0
    outer loop
      vertex 5.79307175 1.1206156 0.0350000001
      vertex 5.79307175 1.1206156 0.0524999984
      vertex 5.80055332 1.12000501 0.0524999984
    endloop
  endfacet
  facet normal 0.0813446233 0.996686035 -1.10823266e-06
    outer loop
      vertex 5.80803442 1.11939442 0.0350000001
      vertex 5.79307175 1.1206156 0.0350000001
      vertex 5.80055332 1.12000501 0.0524999984
    endloop
  endfacet
  facet normal 0.0813341603 0.996686889 0
    outer loop
      vertex 5.80803442 1.11939442 0.0350000001
      vertex 5.82299757 1.11817336 0.0350000001
      vertex 5.82299757 1.11817336 6.9388939e-17
    endloop
  endfacet
  facet normal 0.0813446233 0.996686035 -0
    outer loop
      vertex 5.79307175 1.1206156 6.9388939e-17
      vertex 5.79307175 1.1206156 0.0350000001
      vertex 5.80803442 1.11939442 0.0350000001
    endloop
  endfacet
  facet normal 0.0813393917 0.996686462 2.25142755e-06
    outer loop
      vertex 5.82299757 1.11817336 6.9388939e-17
      vertex 5.79307175 1.1206156 6.9388939e-17
      vertex 5.80803442 1.11939442 0.0350000001
    endloop
  endfacet
  facet normal 0.0813420482 0.996686245 0
    outer loop
      vertex 5.84918261 1.11603642 0.065624997
      vertex 5.85292339 1.11573112 0.065624997
      vertex 5.85292339 1.11573112 0.0612500012
    endloop
  endfacet
  facet normal 0.0813420482 0.996686245 0
    outer loop
      vertex 5.84918261 1.11603642 0.065624997
      vertex 5.85292339 1.11573112 0.0612500012
      vertex 5.84918261 1.11603642 0.0612500012
    endloop
  endfacet
  facet normal 0.0813420482 0.996686245 0
    outer loop
      vertex 5.84544182 1.11634171 0.065624997
      vertex 5.84918261 1.11603642 0.065624997
      vertex 5.84918261 1.11603642 0.0612500012
    endloop
  endfacet
  facet normal 0.0813420482 0.996686245 0
    outer loop
      vertex 5.84544182 1.11634171 0.065624997
      vertex 5.84918261 1.11603642 0.0612500012
      vertex 5.84544182 1.11634171 0.0612500012
    endloop
  endfacet
  facet normal 0.0813420482 0.996686245 0
    outer loop
      vertex 5.84918261 1.11603642 0.0612500012
      vertex 5.85292339 1.11573112 0.0612500012
      vertex 5.85292339 1.11573112 0.0524999984
    endloop
  endfacet
  facet normal 0.0813420482 0.996686245 -0
    outer loop
      vertex 5.84544182 1.11634171 0.0524999984
      vertex 5.84544182 1.11634171 0.0612500012
      vertex 5.84918261 1.11603642 0.0612500012
    endloop
  endfacet
  facet normal 0.0813420482 0.996686245 0
    outer loop
      vertex 5.85292339 1.11573112 0.0524999984
      vertex 5.84544182 1.11634171 0.0524999984
      vertex 5.84918261 1.11603642 0.0612500012
    endloop
  endfacet
  facet normal 0.0813420482 0.996686245 0
    outer loop
      vertex 5.83796024 1.1169523 0.0612500012
      vertex 5.84544182 1.11634171 0.0612500012
      vertex 5.84544182 1.11634171 0.0524999984
    endloop
  endfacet
  facet normal 0.0813420482 0.996686245 0
    outer loop
      vertex 5.83796024 1.1169523 0.0612500012
      vertex 5.84544182 1.11634171 0.0524999984
      vertex 5.83796024 1.1169523 0.0524999984
    endloop
  endfacet
  facet normal 0.0813420482 0.996686245 0
    outer loop
      vertex 5.84544182 1.11634171 0.0524999984
      vertex 5.85292339 1.11573112 0.0524999984
      vertex 5.85292339 1.11573112 0.0350000001
    endloop
  endfacet
  facet normal 0.0813420482 0.996686245 -0
    outer loop
      vertex 5.83796024 1.1169523 0.0350000001
      vertex 5.83796024 1.1169523 0.0524999984
      vertex 5.84544182 1.11634171 0.0524999984
    endloop
  endfacet
  facet normal 0.0813420482 0.996686245 0
    outer loop
      vertex 5.85292339 1.11573112 0.0350000001
      vertex 5.83796024 1.1169523 0.0350000001
      vertex 5.84544182 1.11634171 0.0524999984
    endloop
  endfacet
  facet normal 0.0813367352 0.996686679 0
    outer loop
      vertex 5.82299757 1.11817336 0.0524999984
      vertex 5.83796024 1.1169523 0.0524999984
      vertex 5.83796024 1.1169523 0.0350000001
    endloop
  endfacet
  facet normal 0.0813367352 0.996686679 0
    outer loop
      vertex 5.82299757 1.11817336 0.0524999984
      vertex 5.83796024 1.1169523 0.0350000001
      vertex 5.82299757 1.11817336 0.0350000001
    endloop
  endfacet
  facet normal 0.0813471986 0.996685825 0
    outer loop
      vertex 5.86040497 1.11512065 0.0612500012
      vertex 5.86788607 1.11451006 0.0612500012
      vertex 5.86788607 1.11451006 0.0524999984
    endloop
  endfacet
  facet normal 0.0813471986 0.996685825 0
    outer loop
      vertex 5.86040497 1.11512065 0.0612500012
      vertex 5.86788607 1.11451006 0.0524999984
      vertex 5.86040497 1.11512065 0.0524999984
    endloop
  endfacet
  facet normal 0.0813262724 0.996687532 0
    outer loop
      vertex 5.85292339 1.11573112 0.0612500012
      vertex 5.86040497 1.11512065 0.0612500012
      vertex 5.86040497 1.11512065 0.0524999984
    endloop
  endfacet
  facet normal 0.0813262724 0.996687532 0
    outer loop
      vertex 5.85292339 1.11573112 0.0612500012
      vertex 5.86040497 1.11512065 0.0524999984
      vertex 5.85292339 1.11573112 0.0524999984
    endloop
  endfacet
  facet normal 0.0813471986 0.996685825 0
    outer loop
      vertex 5.86040497 1.11512065 0.0524999984
      vertex 5.86788607 1.11451006 0.0524999984
      vertex 5.86788607 1.11451006 0.0350000001
    endloop
  endfacet
  facet normal 0.0813262724 0.996687532 -0
    outer loop
      vertex 5.85292339 1.11573112 0.0350000001
      vertex 5.85292339 1.11573112 0.0524999984
      vertex 5.86040497 1.11512065 0.0524999984
    endloop
  endfacet
  facet normal 0.0813367352 0.996686679 -4.50282013e-06
    outer loop
      vertex 5.86788607 1.11451006 0.0350000001
      vertex 5.85292339 1.11573112 0.0350000001
      vertex 5.86040497 1.11512065 0.0524999984
    endloop
  endfacet
  facet normal 0.0813420482 0.996686245 0
    outer loop
      vertex 5.83796024 1.1169523 0.0350000001
      vertex 5.85292339 1.11573112 0.0350000001
      vertex 5.85292339 1.11573112 6.9388939e-17
    endloop
  endfacet
  facet normal 0.0813367352 0.996686679 -0
    outer loop
      vertex 5.82299757 1.11817336 6.9388939e-17
      vertex 5.82299757 1.11817336 0.0350000001
      vertex 5.83796024 1.1169523 0.0350000001
    endloop
  endfacet
  facet normal 0.0813393917 0.996686462 -1.14326629e-06
    outer loop
      vertex 5.85292339 1.11573112 6.9388939e-17
      vertex 5.82299757 1.11817336 6.9388939e-17
      vertex 5.83796024 1.1169523 0.0350000001
    endloop
  endfacet
  facet normal 0.0813367352 0.996686679 0
    outer loop
      vertex 5.83796024 1.1169523 -0.0350000001
      vertex 5.82299757 1.11817336 -0.0350000001
      vertex 5.82299757 1.11817336 6.9388939e-17
    endloop
  endfacet
  facet normal 0.0813420482 0.996686245 0
    outer loop
      vertex 5.85292339 1.11573112 6.9388939e-17
      vertex 5.85292339 1.11573112 -0.0350000001
      vertex 5.83796024 1.1169523 -0.0350000001
    endloop
  endfacet
  facet normal 0.0813393917 0.996686462 1.14326629e-06
    outer loop
      vertex 5.82299757 1.11817336 6.9388939e-17
      vertex 5.85292339 1.11573112 6.9388939e-17
      vertex 5.83796024 1.1169523 -0.0350000001
    endloop
  endfacet
  facet normal 0.0813262724 0.996687532 0
    outer loop
      vertex 5.86040497 1.11512065 -0.0524999984
      vertex 5.85292339 1.11573112 -0.0524999984
      vertex 5.85292339 1.11573112 -0.0350000001
    endloop
  endfacet
  facet normal 0.0813471986 0.996685825 0
    outer loop
      vertex 5.86788607 1.11451006 -0.0350000001
      vertex 5.86788607 1.11451006 -0.0524999984
      vertex 5.86040497 1.11512065 -0.0524999984
    endloop
  endfacet
  facet normal 0.0813367352 0.996686679 4.50282013e-06
    outer loop
      vertex 5.85292339 1.11573112 -0.0350000001
      vertex 5.86788607 1.11451006 -0.0350000001
      vertex 5.86040497 1.11512065 -0.0524999984
    endloop
  endfacet
  facet normal 0.0813262724 0.996687532 0
    outer loop
      vertex 5.85292339 1.11573112 -0.0524999984
      vertex 5.86040497 1.11512065 -0.0524999984
      vertex 5.86040497 1.11512065 -0.0612500012
    endloop
  endfacet
  facet normal 0.0813262724 0.996687532 0
    outer loop
      vertex 5.85292339 1.11573112 -0.0524999984
      vertex 5.86040497 1.11512065 -0.0612500012
      vertex 5.85292339 1.11573112 -0.0612500012
    endloop
  endfacet
  facet normal 0.0813471986 0.996685825 0
    outer loop
      vertex 5.86040497 1.11512065 -0.0524999984
      vertex 5.86788607 1.11451006 -0.0524999984
      vertex 5.86788607 1.11451006 -0.0612500012
    endloop
  endfacet
  facet normal 0.0813471986 0.996685825 0
    outer loop
      vertex 5.86040497 1.11512065 -0.0524999984
      vertex 5.86788607 1.11451006 -0.0612500012
      vertex 5.86040497 1.11512065 -0.0612500012
    endloop
  endfacet
  facet normal 0.0813367352 0.996686679 0
    outer loop
      vertex 5.82299757 1.11817336 -0.0350000001
      vertex 5.83796024 1.1169523 -0.0350000001
      vertex 5.83796024 1.1169523 -0.0524999984
    endloop
  endfacet
  facet normal 0.0813367352 0.996686679 0
    outer loop
      vertex 5.82299757 1.11817336 -0.0350000001
      vertex 5.83796024 1.1169523 -0.0524999984
      vertex 5.82299757 1.11817336 -0.0524999984
    endloop
  endfacet
  facet normal 0.0813420482 0.996686245 0
    outer loop
      vertex 5.84544182 1.11634171 -0.0524999984
      vertex 5.83796024 1.1169523 -0.0524999984
      vertex 5.83796024 1.1169523 -0.0350000001
    endloop
  endfacet
  facet normal 0.0813420482 0.996686245 0
    outer loop
      vertex 5.85292339 1.11573112 -0.0350000001
      vertex 5.85292339 1.11573112 -0.0524999984
      vertex 5.84544182 1.11634171 -0.0524999984
    endloop
  endfacet
  facet normal 0.0813420482 0.996686245 0
    outer loop
      vertex 5.83796024 1.1169523 -0.0350000001
      vertex 5.85292339 1.11573112 -0.0350000001
      vertex 5.84544182 1.11634171 -0.0524999984
    endloop
  endfacet
  facet normal 0.0813420482 0.996686245 0
    outer loop
      vertex 5.83796024 1.1169523 -0.0524999984
      vertex 5.84544182 1.11634171 -0.0524999984
      vertex 5.84544182 1.11634171 -0.0612500012
    endloop
  endfacet
  facet normal 0.0813420482 0.996686245 0
    outer loop
      vertex 5.83796024 1.1169523 -0.0524999984
      vertex 5.84544182 1.11634171 -0.0612500012
      vertex 5.83796024 1.1169523 -0.0612500012
    endloop
  endfacet
  facet normal 0.0813420482 0.996686245 0
    outer loop
      vertex 5.84918261 1.11603642 -0.0612500012
      vertex 5.84544182 1.11634171 -0.0612500012
      vertex 5.84544182 1.11634171 -0.0524999984
    endloop
  endfacet
  facet normal 0.0813420482 0.996686245 0
    outer loop
      vertex 5.85292339 1.11573112 -0.0524999984
      vertex 5.85292339 1.11573112 -0.0612500012
      vertex 5.84918261 1.11603642 -0.0612500012
    endloop
  endfacet
  facet normal 0.0813420482 0.996686245 0
    outer loop
      vertex 5.84544182 1.11634171 -0.0524999984
      vertex 5.85292339 1.11573112 -0.0524999984
      vertex 5.84918261 1.11603642 -0.0612500012
    endloop
  endfacet
  facet normal 0.0813420482 0.996686245 0
    outer loop
      vertex 5.84544182 1.11634171 -0.0612500012
      vertex 5.84918261 1.11603642 -0.0612500012
      vertex 5.84918261 1.11603642 -0.065624997
    endloop
  endfacet
  facet normal 0.0813420482 0.996686245 0
    outer loop
      vertex 5.84544182 1.11634171 -0.0612500012
      vertex 5.84918261 1.11603642 -0.065624997
      vertex 5.84544182 1.11634171 -0.065624997
    endloop
  endfacet
  facet normal 0.0813420482 0.996686245 0
    outer loop
      vertex 5.84918261 1.11603642 -0.0612500012
      vertex 5.85292339 1.11573112 -0.0612500012
      vertex 5.85292339 1.11573112 -0.065624997
    endloop
  endfacet
  facet normal 0.0813420482 0.996686245 0
    outer loop
      vertex 5.84918261 1.11603642 -0.0612500012
      vertex 5.85292339 1.11573112 -0.065624997
      vertex 5.84918261 1.11603642 -0.065624997
    endloop
  endfacet
  facet normal 0.0813446233 0.996686035 0
    outer loop
      vertex 5.80803442 1.11939442 -0.0350000001
      vertex 5.79307175 1.1206156 -0.0350000001
      vertex 5.79307175 1.1206156 6.9388939e-17
    endloop
  endfacet
  facet normal 0.0813341603 0.996686889 0
    outer loop
      vertex 5.82299757 1.11817336 6.9388939e-17
      vertex 5.82299757 1.11817336 -0.0350000001
      vertex 5.80803442 1.11939442 -0.0350000001
    endloop
  endfacet
  facet normal 0.0813393917 0.996686462 -2.25142755e-06
    outer loop
      vertex 5.79307175 1.1206156 6.9388939e-17
      vertex 5.82299757 1.11817336 6.9388939e-17
      vertex 5.80803442 1.11939442 -0.0350000001
    endloop
  endfacet
  facet normal 0.0813420482 0.996686245 0
    outer loop
      vertex 5.80055332 1.12000501 -0.0524999984
      vertex 5.79307175 1.1206156 -0.0524999984
      vertex 5.79307175 1.1206156 -0.0350000001
    endloop
  endfacet
  facet normal 0.0813471986 0.996685825 0
    outer loop
      vertex 5.80803442 1.11939442 -0.0350000001
      vertex 5.80803442 1.11939442 -0.0524999984
      vertex 5.80055332 1.12000501 -0.0524999984
    endloop
  endfacet
  facet normal 0.0813446233 0.996686035 1.10823266e-06
    outer loop
      vertex 5.79307175 1.1206156 -0.0350000001
      vertex 5.80803442 1.11939442 -0.0350000001
      vertex 5.80055332 1.12000501 -0.0524999984
    endloop
  endfacet
  facet normal 0.0813341603 0.996686889 0
    outer loop
      vertex 5.80803442 1.11939442 -0.0350000001
      vertex 5.82299757 1.11817336 -0.0350000001
      vertex 5.82299757 1.11817336 -0.0524999984
    endloop
  endfacet
  facet normal 0.0813341603 0.996686889 0
    outer loop
      vertex 5.80803442 1.11939442 -0.0350000001
      vertex 5.82299757 1.11817336 -0.0524999984
      vertex 5.80803442 1.11939442 -0.0524999984
    endloop
  endfacet
  facet normal 0.0813420482 0.996686245 0
    outer loop
      vertex 5.79681253 1.12031031 -0.0612500012
      vertex 5.79307175 1.1206156 -0.0612500012
      vertex 5.79307175 1.1206156 -0.0524999984
    endloop
  endfacet
  facet normal 0.0813420482 0.996686245 0
    outer loop
      vertex 5.80055332 1.12000501 -0.0524999984
      vertex 5.80055332 1.12000501 -0.0612500012
      vertex 5.79681253 1.12031031 -0.0612500012
    endloop
  endfacet
  facet normal 0.0813420482 0.996686245 0
    outer loop
      vertex 5.79307175 1.1206156 -0.0524999984
      vertex 5.80055332 1.12000501 -0.0524999984
      vertex 5.79681253 1.12031031 -0.0612500012
    endloop
  endfacet
  facet normal 0.0813471986 0.996685825 0
    outer loop
      vertex 5.80055332 1.12000501 -0.0524999984
      vertex 5.80803442 1.11939442 -0.0524999984
      vertex 5.80803442 1.11939442 -0.0612500012
    endloop
  endfacet
  facet normal 0.0813471986 0.996685825 0
    outer loop
      vertex 5.80055332 1.12000501 -0.0524999984
      vertex 5.80803442 1.11939442 -0.0612500012
      vertex 5.80055332 1.12000501 -0.0612500012
    endloop
  endfacet
  facet normal 0.0813420482 0.996686245 0
    outer loop
      vertex 5.79307175 1.1206156 -0.0612500012
      vertex 5.79681253 1.12031031 -0.0612500012
      vertex 5.79681253 1.12031031 -0.065624997
    endloop
  endfacet
  facet normal 0.0813420482 0.996686245 0
    outer loop
      vertex 5.79307175 1.1206156 -0.0612500012
      vertex 5.79681253 1.12031031 -0.065624997
      vertex 5.79307175 1.1206156 -0.065624997
    endloop
  endfacet
  facet normal 0.0813420482 0.996686245 0
    outer loop
      vertex 5.79681253 1.12031031 -0.0612500012
      vertex 5.80055332 1.12000501 -0.0612500012
      vertex 5.80055332 1.12000501 -0.065624997
    endloop
  endfacet
  facet normal 0.0813420482 0.996686245 0
    outer loop
      vertex 5.79681253 1.12031031 -0.0612500012
      vertex 5.80055332 1.12000501 -0.065624997
      vertex 5.79681253 1.12031031 -0.065624997
    endloop
  endfacet
  facet normal 0.0813262724 0.996687532 0
    outer loop
      vertex 5.78559017 1.12122619 -0.0524999984
      vertex 5.7781086 1.12183666 -0.0524999984
      vertex 5.7781086 1.12183666 -0.0350000001
    endloop
  endfacet
  facet normal 0.0813420482 0.996686245 0
    outer loop
      vertex 5.79307175 1.1206156 -0.0350000001
      vertex 5.79307175 1.1206156 -0.0524999984
      vertex 5.78559017 1.12122619 -0.0524999984
    endloop
  endfacet
  facet normal 0.0813341603 0.996686889 3.39469566e-06
    outer loop
      vertex 5.7781086 1.12183666 -0.0350000001
      vertex 5.79307175 1.1206156 -0.0350000001
      vertex 5.78559017 1.12122619 -0.0524999984
    endloop
  endfacet
  facet normal 0.0813262724 0.996687532 0
    outer loop
      vertex 5.7781086 1.12183666 -0.0524999984
      vertex 5.78559017 1.12122619 -0.0524999984
      vertex 5.78559017 1.12122619 -0.0612500012
    endloop
  endfacet
  facet normal 0.0813262724 0.996687532 0
    outer loop
      vertex 5.7781086 1.12183666 -0.0524999984
      vertex 5.78559017 1.12122619 -0.0612500012
      vertex 5.7781086 1.12183666 -0.0612500012
    endloop
  endfacet
  facet normal 0.0813420482 0.996686245 0
    outer loop
      vertex 5.78559017 1.12122619 -0.0524999984
      vertex 5.79307175 1.1206156 -0.0524999984
      vertex 5.79307175 1.1206156 -0.0612500012
    endloop
  endfacet
  facet normal 0.0813420482 0.996686245 0
    outer loop
      vertex 5.78559017 1.12122619 -0.0524999984
      vertex 5.79307175 1.1206156 -0.0612500012
      vertex 5.78559017 1.12122619 -0.0612500012
    endloop
  endfacet
  facet normal 0.0813420482 0.996686245 0
    outer loop
      vertex 5.86788607 1.11451006 -0.0524999984
      vertex 5.88284922 1.11328888 -0.0700000003
      vertex 5.86788607 1.11451006 -0.0612500012
    endloop
  endfacet
  facet normal 0.0813385062 0.996686534 -6.09745542e-06
    outer loop
      vertex 5.85292339 1.11573112 -0.065624997
      vertex 5.86788607 1.11451006 -0.0612500012
      vertex 5.88284922 1.11328888 -0.0700000003
    endloop
  endfacet
  facet normal 0.0813262724 0.996687532 0
    outer loop
      vertex 5.85292339 1.11573112 -0.0612500012
      vertex 5.86040497 1.11512065 -0.0612500012
      vertex 5.85292339 1.11573112 -0.065624997
    endloop
  endfacet
  facet normal 0.0813471985 0.996685824 -3.60237089e-05
    outer loop
      vertex 5.86788607 1.11451006 -0.0612500012
      vertex 5.85292339 1.11573112 -0.065624997
      vertex 5.86040497 1.11512065 -0.0612500012
    endloop
  endfacet
  facet normal 0.0813411498 0.996686318 1.2105261e-05
    outer loop
      vertex 5.85292339 1.11573112 -0.065624997
      vertex 5.88284922 1.11328888 -0.0700000003
      vertex 5.84843826 1.11609721 -0.0700000003
    endloop
  endfacet
  facet normal 0.0813420482 0.996686245 0
    outer loop
      vertex 5.88284922 1.11328888 -0.0700000003
      vertex 5.86788607 1.11451006 -0.0524999984
      vertex 5.86788607 1.11451006 -0.0350000001
    endloop
  endfacet
  facet normal 0.0813367352 0.996686679 0
    outer loop
      vertex 5.85292339 1.11573112 6.9388939e-17
      vertex 5.86788607 1.11451006 -0.0350000001
      vertex 5.85292339 1.11573112 -0.0350000001
    endloop
  endfacet
  facet normal 0.0813420482 0.996686245 0
    outer loop
      vertex 5.88284922 1.11328888 1.11022302e-16
      vertex 5.88284922 1.11328888 -0.0700000003
      vertex 5.86788607 1.11451006 -0.0350000001
    endloop
  endfacet
  facet normal 0.0813420482 0.996686245 2.60994344e-05
    outer loop
      vertex 5.84918261 1.11603642 -0.065624997
      vertex 5.85292339 1.11573112 -0.065624997
      vertex 5.84843826 1.11609721 -0.067498751
    endloop
  endfacet
  facet normal 0.0813528796 0.996685361 -0
    outer loop
      vertex 5.84843826 1.11609721 -0.0700000003
      vertex 5.84843826 1.11609721 -0.067498751
      vertex 5.85292339 1.11573112 -0.065624997
    endloop
  endfacet
  facet normal 0.0813420482 0.996686245 2.60994344e-05
    outer loop
      vertex 5.84918261 1.11603642 -0.065624997
      vertex 5.84843826 1.11609721 -0.067498751
      vertex 5.84544182 1.11634171 -0.065624997
    endloop
  endfacet
  facet normal 0.0813385062 0.996686534 2.03974423e-05
    outer loop
      vertex 5.84544182 1.11634171 -0.065624997
      vertex 5.84843826 1.11609721 -0.067498751
      vertex 5.80055332 1.12000501 -0.065624997
    endloop
  endfacet
  facet normal 0.0813420482 0.996686245 -0
    outer loop
      vertex 5.84544182 1.11634171 -0.065624997
      vertex 5.83796024 1.1169523 -0.0612500012
      vertex 5.84544182 1.11634171 -0.0612500012
    endloop
  endfacet
  facet normal 0.0813367352 0.996686679 -0
    outer loop
      vertex 5.83796024 1.1169523 -0.0612500012
      vertex 5.82299757 1.11817336 -0.0524999984
      vertex 5.83796024 1.1169523 -0.0524999984
    endloop
  endfacet
  facet normal 0.0813354477 0.996686784 0
    outer loop
      vertex 5.83796024 1.1169523 -0.0612500012
      vertex 5.80803442 1.11939442 -0.0612500012
      vertex 5.80803442 1.11939442 -0.0524999984
    endloop
  endfacet
  facet normal 0.0813341603 0.996686889 -4.43235855e-06
    outer loop
      vertex 5.83796024 1.1169523 -0.0612500012
      vertex 5.80803442 1.11939442 -0.0524999984
      vertex 5.82299757 1.11817336 -0.0524999984
    endloop
  endfacet
  facet normal 0.0813420482 0.996686245 0
    outer loop
      vertex 5.88284922 1.11328888 0.0700000003
      vertex 5.88284922 1.11328888 1.11022302e-16
      vertex 5.86788607 1.11451006 0.0350000001
    endloop
  endfacet
  facet normal 0.0813420482 0.996686245 0
    outer loop
      vertex 5.88284922 1.11328888 0.0700000003
      vertex 5.86788607 1.11451006 0.0350000001
      vertex 5.86788607 1.11451006 0.0524999984
    endloop
  endfacet
  facet normal 0.0813393917 0.996686462 -1.14326629e-06
    outer loop
      vertex 5.85292339 1.11573112 6.9388939e-17
      vertex 5.86788607 1.11451006 0.0350000001
      vertex 5.88284922 1.11328888 1.11022302e-16
    endloop
  endfacet
  facet normal 0.0813367352 0.996686679 0
    outer loop
      vertex 5.86788607 1.11451006 0.0350000001
      vertex 5.85292339 1.11573112 6.9388939e-17
      vertex 5.85292339 1.11573112 0.0350000001
    endloop
  endfacet
  facet normal 0.0813393917 0.996686462 1.14326629e-06
    outer loop
      vertex 5.85292339 1.11573112 6.9388939e-17
      vertex 5.88284922 1.11328888 1.11022302e-16
      vertex 5.86788607 1.11451006 -0.0350000001
    endloop
  endfacet
  facet normal 0.0813420482 0.996686245 0
    outer loop
      vertex 5.86788607 1.11451006 0.0612500012
      vertex 5.88284922 1.11328888 0.0700000003
      vertex 5.86788607 1.11451006 0.0524999984
    endloop
  endfacet
  facet normal 0.0813385062 0.996686534 6.09745542e-06
    outer loop
      vertex 5.85292339 1.11573112 0.065624997
      vertex 5.88284922 1.11328888 0.0700000003
      vertex 5.86788607 1.11451006 0.0612500012
    endloop
  endfacet
  facet normal 0.0813471985 0.996685824 3.60237089e-05
    outer loop
      vertex 5.86040497 1.11512065 0.0612500012
      vertex 5.85292339 1.11573112 0.065624997
      vertex 5.86788607 1.11451006 0.0612500012
    endloop
  endfacet
  facet normal 0.0813367352 0.996686679 -0
    outer loop
      vertex 5.83796024 1.1169523 0.0524999984
      vertex 5.82299757 1.11817336 0.0524999984
      vertex 5.83796024 1.1169523 0.0612500012
    endloop
  endfacet
  facet normal 0.0813420482 0.996686245 0
    outer loop
      vertex 5.84544182 1.11634171 0.065624997
      vertex 5.84544182 1.11634171 0.0612500012
      vertex 5.83796024 1.1169523 0.0612500012
    endloop
  endfacet
  facet normal 0.0813420482 0.996686245 -2.60994344e-05
    outer loop
      vertex 5.84843826 1.11609721 0.067498751
      vertex 5.85292339 1.11573112 0.065624997
      vertex 5.84918261 1.11603642 0.065624997
    endloop
  endfacet
  facet normal 0.0813385763 0.996686528 -2.05102564e-05
    outer loop
      vertex 5.7975564 1.12024963 0.067498751
      vertex 5.84843826 1.11609721 0.067498751
      vertex 5.84544182 1.11634171 0.065624997
    endloop
  endfacet
  facet normal 0.0813385062 0.996686534 -2.23131125e-05
    outer loop
      vertex 5.7975564 1.12024963 0.067498751
      vertex 5.84544182 1.11634171 0.065624997
      vertex 5.80055332 1.12000501 0.065624997
    endloop
  endfacet
  facet normal 0.0813528796 0.996685361 0
    outer loop
      vertex 5.85292339 1.11573112 0.065624997
      vertex 5.84843826 1.11609721 0.067498751
      vertex 5.84843826 1.11609721 0.0700000003
    endloop
  endfacet
  facet normal 0.0813420482 0.996686245 -2.60994344e-05
    outer loop
      vertex 5.84918261 1.11603642 0.065624997
      vertex 5.84544182 1.11634171 0.065624997
      vertex 5.84843826 1.11609721 0.067498751
    endloop
  endfacet
  facet normal 0.0813385062 0.996686534 6.09745888e-06
    outer loop
      vertex 5.80055332 1.12000501 0.065624997
      vertex 5.84544182 1.11634171 0.065624997
      vertex 5.83796024 1.1169523 0.0612500012
    endloop
  endfacet
  facet normal 0.0813354477 0.996686784 -2.02274443e-05
    outer loop
      vertex 5.80055332 1.12000501 0.065624997
      vertex 5.83796024 1.1169523 0.0612500012
      vertex 5.80803442 1.11939442 0.0612500012
    endloop
  endfacet
  facet normal 0.0813411498 0.996686318 -1.2105261e-05
    outer loop
      vertex 5.88284922 1.11328888 0.0700000003
      vertex 5.85292339 1.11573112 0.065624997
      vertex 5.84843826 1.11609721 0.0700000003
    endloop
  endfacet
  facet normal 0.0813262724 0.996687532 0
    outer loop
      vertex 5.86040497 1.11512065 0.0612500012
      vertex 5.85292339 1.11573112 0.0612500012
      vertex 5.85292339 1.11573112 0.065624997
    endloop
  endfacet
  facet normal 0.0813385763 0.996686528 2.22002802e-05
    outer loop
      vertex 5.80055332 1.12000501 -0.065624997
      vertex 5.84843826 1.11609721 -0.067498751
      vertex 5.7975564 1.12024963 -0.067498751
    endloop
  endfacet
  facet normal 0.0813385062 0.996686534 1.4962661e-05
    outer loop
      vertex 5.84544182 1.11634171 -0.065624997
      vertex 5.80055332 1.12000501 -0.065624997
      vertex 5.80803442 1.11939442 -0.0612500012
    endloop
  endfacet
  facet normal 0.0813354477 0.996686784 -1.13625756e-05
    outer loop
      vertex 5.84544182 1.11634171 -0.065624997
      vertex 5.80803442 1.11939442 -0.0612500012
      vertex 5.83796024 1.1169523 -0.0612500012
    endloop
  endfacet
  facet normal 0.0813420482 0.996686245 1.66102006e-05
    outer loop
      vertex 5.80055332 1.12000501 -0.065624997
      vertex 5.7975564 1.12024963 -0.067498751
      vertex 5.79681253 1.12031031 -0.065624997
    endloop
  endfacet
  facet normal 0.0813420482 0.996686245 1.66102006e-05
    outer loop
      vertex 5.7975564 1.12024963 -0.067498751
      vertex 5.79307175 1.1206156 -0.065624997
      vertex 5.79681253 1.12031031 -0.065624997
    endloop
  endfacet
  facet normal 0.0813351542 0.996686808 0
    outer loop
      vertex 5.79307175 1.1206156 -0.065624997
      vertex 5.7975564 1.12024963 -0.067498751
      vertex 5.7975564 1.12024963 -0.0700000003
    endloop
  endfacet
  facet normal 0.0813471986 0.996685825 -0
    outer loop
      vertex 5.80055332 1.12000501 -0.065624997
      vertex 5.80055332 1.12000501 -0.0612500012
      vertex 5.80803442 1.11939442 -0.0612500012
    endloop
  endfacet
  facet normal 0.0813388395 0.996686507 3.80282216e-06
    outer loop
      vertex 5.79307175 1.1206156 -0.065624997
      vertex 5.7975564 1.12024963 -0.0700000003
      vertex 5.76314592 1.12305784 -0.0700000003
    endloop
  endfacet
  facet normal 0.0813420482 0.996686245 0
    outer loop
      vertex 5.78559017 1.12122619 -0.0612500012
      vertex 5.79307175 1.1206156 -0.0612500012
      vertex 5.79307175 1.1206156 -0.065624997
    endloop
  endfacet
  facet normal 0.0813446233 0.996686035 0
    outer loop
      vertex 5.7781086 1.12183666 -0.0524999984
      vertex 5.7781086 1.12183666 -0.0612500012
      vertex 5.76314592 1.12305784 -0.0700000003
    endloop
  endfacet
  facet normal 0.0813262723 0.996687532 -2.71576059e-05
    outer loop
      vertex 5.79307175 1.1206156 -0.065624997
      vertex 5.7781086 1.12183666 -0.0612500012
      vertex 5.78559017 1.12122619 -0.0612500012
    endloop
  endfacet
  facet normal 0.0813376479 0.996686604 1.20075562e-05
    outer loop
      vertex 5.79307175 1.1206156 -0.065624997
      vertex 5.76314592 1.12305784 -0.0700000003
      vertex 5.7781086 1.12183666 -0.0612500012
    endloop
  endfacet
  facet normal 0.0813341603 0.996686889 0
    outer loop
      vertex 5.79307175 1.1206156 6.9388939e-17
      vertex 5.79307175 1.1206156 -0.0350000001
      vertex 5.7781086 1.12183666 -0.0350000001
    endloop
  endfacet
  facet normal 0.0813446233 0.996686035 0
    outer loop
      vertex 5.76314592 1.12305784 -0.0700000003
      vertex 5.7781086 1.12183666 -0.0350000001
      vertex 5.7781086 1.12183666 -0.0524999984
    endloop
  endfacet
  facet normal 0.0813446233 0.996686035 0
    outer loop
      vertex 5.7781086 1.12183666 -0.0350000001
      vertex 5.76314592 1.12305784 -0.0700000003
      vertex 5.76314592 1.12305784 0
    endloop
  endfacet
  facet normal 0.0813393917 0.996686462 -2.25142755e-06
    outer loop
      vertex 5.76314592 1.12305784 0
      vertex 5.79307175 1.1206156 6.9388939e-17
      vertex 5.7781086 1.12183666 -0.0350000001
    endloop
  endfacet
  facet normal 0.0813341603 0.996686889 0
    outer loop
      vertex 5.80803442 1.11939442 0.0612500012
      vertex 5.82299757 1.11817336 0.0524999984
      vertex 5.80803442 1.11939442 0.0524999984
    endloop
  endfacet
  facet normal 0.0813471986 0.996685825 0
    outer loop
      vertex 5.80055332 1.12000501 0.065624997
      vertex 5.80803442 1.11939442 0.0612500012
      vertex 5.80055332 1.12000501 0.0612500012
    endloop
  endfacet
  facet normal 0.0813420482 0.996686245 -1.66102006e-05
    outer loop
      vertex 5.79681253 1.12031031 0.065624997
      vertex 5.7975564 1.12024963 0.067498751
      vertex 5.80055332 1.12000501 0.065624997
    endloop
  endfacet
  facet normal 0.0813420482 0.996686245 -1.66102006e-05
    outer loop
      vertex 5.79681253 1.12031031 0.065624997
      vertex 5.79307175 1.1206156 0.065624997
      vertex 5.7975564 1.12024963 0.067498751
    endloop
  endfacet
  facet normal 0.0813351542 0.996686808 0
    outer loop
      vertex 5.7975564 1.12024963 0.0700000003
      vertex 5.7975564 1.12024963 0.067498751
      vertex 5.79307175 1.1206156 0.065624997
    endloop
  endfacet
  facet normal 0.0813354477 0.996686784 2.21621435e-06
    outer loop
      vertex 5.82299757 1.11817336 0.0524999984
      vertex 5.80803442 1.11939442 0.0612500012
      vertex 5.83796024 1.1169523 0.0612500012
    endloop
  endfacet
  facet normal 0.0813341603 0.996686889 0
    outer loop
      vertex 5.7781086 1.12183666 0.0350000001
      vertex 5.79307175 1.1206156 0.0350000001
      vertex 5.79307175 1.1206156 6.9388939e-17
    endloop
  endfacet
  facet normal 0.0813446233 0.996686035 0
    outer loop
      vertex 5.76314592 1.12305784 0.0700000003
      vertex 5.7781086 1.12183666 0.0524999984
      vertex 5.7781086 1.12183666 0.0350000001
    endloop
  endfacet
  facet normal 0.0813393917 0.996686462 2.25142755e-06
    outer loop
      vertex 5.79307175 1.1206156 6.9388939e-17
      vertex 5.76314592 1.12305784 0
      vertex 5.7781086 1.12183666 0.0350000001
    endloop
  endfacet
  facet normal 0.0813420482 0.996686245 0
    outer loop
      vertex 5.78559017 1.12122619 0.0612500012
      vertex 5.79307175 1.1206156 0.065624997
      vertex 5.79307175 1.1206156 0.0612500012
    endloop
  endfacet
  facet normal 0.0813376479 0.996686604 -1.20075562e-05
    outer loop
      vertex 5.79307175 1.1206156 0.065624997
      vertex 5.7781086 1.12183666 0.0612500012
      vertex 5.76314592 1.12305784 0.0700000003
    endloop
  endfacet
  facet normal 0.0813446233 0.996686035 -0
    outer loop
      vertex 5.7781086 1.12183666 0.0524999984
      vertex 5.76314592 1.12305784 0.0700000003
      vertex 5.7781086 1.12183666 0.0612500012
    endloop
  endfacet
  facet normal 0.0813262723 0.996687532 2.71576059e-05
    outer loop
      vertex 5.78559017 1.12122619 0.0612500012
      vertex 5.7781086 1.12183666 0.0612500012
      vertex 5.79307175 1.1206156 0.065624997
    endloop
  endfacet
  facet normal 0.0813388395 0.996686507 -3.80282216e-06
    outer loop
      vertex 5.7975564 1.12024963 0.0700000003
      vertex 5.79307175 1.1206156 0.065624997
      vertex 5.76314592 1.12305784 0.0700000003
    endloop
  endfacet
  facet normal 0.0813446233 0.996686035 0
    outer loop
      vertex 5.7781086 1.12183666 0.0350000001
      vertex 5.76314592 1.12305784 0
      vertex 5.76314592 1.12305784 0.0700000003
    endloop
  endfacet
  facet normal 0 0 1
    outer loop
      vertex 5.87439013 0.903847992 0.0549999997
      vertex 5.83696699 0.844490469 0.0549999997
      vertex 5.87266684 0.861183763 0.0549999997
    endloop
  endfacet
  facet normal -0 0 1
    outer loop
      vertex 5.83530998 0.927432835 0.0549999997
      vertex 5.87439013 0.903847992 0.0549999997
      vertex 5.87611341 0.946512222 0.0549999997
    endloop
  endfacet
  facet normal 0 -0 1
    outer loop
      vertex 5.83696699 0.844490469 0.0549999997
      vertex 5.87439013 0.903847992 0.0549999997
      vertex 5.83530998 0.927432835 0.0549999997
    endloop
  endfacet
  facet normal 0 0 1
    outer loop
      vertex 5.83696699 0.844490469 0.0549999997
      vertex 5.83530998 0.927432835 0.0549999997
      vertex 5.79450703 0.908353448 0.0549999997
    endloop
  endfacet
  facet normal 0 0 1
    outer loop
      vertex 5.83696699 0.844490469 0.0549999997
      vertex 5.79450703 0.908353448 0.0549999997
      vertex 5.80126667 0.827797174 0.0549999997
    endloop
  endfacet
  facet normal 0 0 1
    outer loop
      vertex 5.76627779 0.828726292 0.0549999997
      vertex 5.76556635 0.81110394 0.0549999997
      vertex 5.80126667 0.827797174 0.0549999997
    endloop
  endfacet
  facet normal 0 0 1
    outer loop
      vertex 5.79450703 0.908353448 0.0549999997
      vertex 5.76627779 0.828726292 0.0549999997
      vertex 5.80126667 0.827797174 0.0549999997
    endloop
  endfacet
  facet normal 0 0 1
    outer loop
      vertex 5.79450703 0.908353448 0.0549999997
      vertex 5.75370359 0.889274061 0.0549999997
      vertex 5.76627779 0.828726292 0.0549999997
    endloop
  endfacet
  facet normal -0 0 1
    outer loop
      vertex 5.75128269 0.829331875 0.0549999997
      vertex 5.76627779 0.828726292 0.0549999997
      vertex 5.75370359 0.889274061 0.0549999997
    endloop
  endfacet
  facet normal 0.423575179 -0.905860954 0
    outer loop
      vertex 5.87611341 0.946512222 0.0549999997
      vertex 5.87611341 0.946512222 0.0700000003
      vertex 5.84551096 0.932202697 0.0700000003
    endloop
  endfacet
  facet normal 0.423574187 -0.905861418 -2.46637263e-06
    outer loop
      vertex 5.87611341 0.946512222 0.0549999997
      vertex 5.84551096 0.932202697 0.0700000003
      vertex 5.83530998 0.927432835 0.0549999997
    endloop
  endfacet
  facet normal 0.423575179 -0.905860954 -3.28850796e-06
    outer loop
      vertex 5.84551096 0.932202697 0.0700000003
      vertex 5.8149085 0.917893171 0.0700000003
      vertex 5.83530998 0.927432835 0.0549999997
    endloop
  endfacet
  facet normal 0.423575179 -0.905860954 3.28850796e-06
    outer loop
      vertex 5.79450703 0.908353448 0.0549999997
      vertex 5.78430605 0.903583586 0.0700000003
      vertex 5.75370359 0.889274061 0.0700000003
    endloop
  endfacet
  facet normal 0.423574187 -0.905861418 0
    outer loop
      vertex 5.79450703 0.908353448 0.0549999997
      vertex 5.75370359 0.889274061 0.0700000003
      vertex 5.75370359 0.889274061 0.0549999997
    endloop
  endfacet
  facet normal 0.423576627 -0.905860277 4.48837927e-06
    outer loop
      vertex 5.79450703 0.908353448 0.0549999997
      vertex 5.8149085 0.917893171 0.0700000003
      vertex 5.78430605 0.903583586 0.0700000003
    endloop
  endfacet
  facet normal 0.423578249 -0.905859518 1.79978109e-06
    outer loop
      vertex 5.83530998 0.927432835 0.0549999997
      vertex 5.8149085 0.917893171 0.0700000003
      vertex 5.79450703 0.908353448 0.0549999997
    endloop
  endfacet
  facet normal -0.423574704 0.905861176 0
    outer loop
      vertex 5.76556635 0.81110394 0.0549999997
      vertex 5.76556635 0.81110394 0.0700000003
      vertex 5.80126667 0.827797174 0.0700000003
    endloop
  endfacet
  facet normal -0.423574704 0.905861176 0
    outer loop
      vertex 5.76556635 0.81110394 0.0549999997
      vertex 5.80126667 0.827797174 0.0700000003
      vertex 5.80126667 0.827797174 0.0549999997
    endloop
  endfacet
  facet normal -0.423575945 0.905860596 0
    outer loop
      vertex 5.80126667 0.827797174 0.0549999997
      vertex 5.80126667 0.827797174 0.0700000003
      vertex 5.83696699 0.844490469 0.0700000003
    endloop
  endfacet
  facet normal -0.423575945 0.905860596 0
    outer loop
      vertex 5.80126667 0.827797174 0.0549999997
      vertex 5.83696699 0.844490469 0.0700000003
      vertex 5.83696699 0.844490469 0.0549999997
    endloop
  endfacet
  facet normal -0.423580588 0.905858425 0
    outer loop
      vertex 5.83696699 0.844490469 0.0549999997
      vertex 5.83696699 0.844490469 0.0700000003
      vertex 5.87266684 0.861183763 0.0700000003
    endloop
  endfacet
  facet normal -0.423580588 0.905858425 0
    outer loop
      vertex 5.83696699 0.844490469 0.0549999997
      vertex 5.87266684 0.861183763 0.0700000003
      vertex 5.87266684 0.861183763 0.0549999997
    endloop
  endfacet
  facet normal 0 0 1
    outer loop
      vertex 5.77947903 0.784066975 0.0700000003
      vertex 5.77784824 0.743692577 0.0700000003
      vertex 5.80782413 0.742481947 0.0700000003
    endloop
  endfacet
  facet normal 0 0 1
    outer loop
      vertex 5.77947903 0.784066975 0.0700000003
      vertex 5.80782413 0.742481947 0.0700000003
      vertex 5.80945444 0.782856286 0.0700000003
    endloop
  endfacet
  facet normal 0 0 1
    outer loop
      vertex 5.80945444 0.782856286 0.0700000003
      vertex 5.80782413 0.742481947 0.0700000003
      vertex 5.83779955 0.741271257 0.0700000003
    endloop
  endfacet
  facet normal 0 0 1
    outer loop
      vertex 5.80945444 0.782856286 0.0700000003
      vertex 5.83779955 0.741271257 0.0700000003
      vertex 5.83943033 0.781645656 0.0700000003
    endloop
  endfacet
  facet normal -0 0 1
    outer loop
      vertex 5.80945444 0.782856286 0.0700000003
      vertex 5.83943033 0.781645656 0.0700000003
      vertex 5.84106064 0.822020054 0.0700000003
    endloop
  endfacet
  facet normal 0 0 1
    outer loop
      vertex 5.85214996 0.725076437 0.0700000003
      vertex 5.82646084 0.70832628 0.0700000003
      vertex 5.86657 0.710224926 0.0700000003
    endloop
  endfacet
  facet normal 0 -0 1
    outer loop
      vertex 5.86657 0.710224926 0.0700000003
      vertex 5.86714554 0.724470794 0.0700000003
      vertex 5.85214996 0.725076437 0.0700000003
    endloop
  endfacet
  facet normal -0 0 1
    outer loop
      vertex 5.83779955 0.741271257 0.0700000003
      vertex 5.85214996 0.725076437 0.0700000003
      vertex 5.83943033 0.781645656 0.0700000003
    endloop
  endfacet
  facet normal 0 0 1
    outer loop
      vertex 5.82646084 0.70832628 0.0700000003
      vertex 5.85214996 0.725076437 0.0700000003
      vertex 5.83779955 0.741271257 0.0700000003
    endloop
  endfacet
  facet normal 0 0 1
    outer loop
      vertex 5.80782413 0.742481947 0.0700000003
      vertex 5.82646084 0.70832628 0.0700000003
      vertex 5.83779955 0.741271257 0.0700000003
    endloop
  endfacet
  facet normal 0 0 1
    outer loop
      vertex 5.7622385 0.72870779 0.0700000003
      vertex 5.74624205 0.704528868 0.0700000003
      vertex 5.7863512 0.706427574 0.0700000003
    endloop
  endfacet
  facet normal 0 0 1
    outer loop
      vertex 5.77947903 0.784066975 0.0700000003
      vertex 5.7622385 0.72870779 0.0700000003
      vertex 5.77784824 0.743692577 0.0700000003
    endloop
  endfacet
  facet normal 0 0 1
    outer loop
      vertex 5.74624205 0.704528868 0.0700000003
      vertex 5.7622385 0.72870779 0.0700000003
      vertex 5.74724293 0.729313433 0.0700000003
    endloop
  endfacet
  facet normal -0 0 1
    outer loop
      vertex 5.7622385 0.72870779 0.0700000003
      vertex 5.7863512 0.706427574 0.0700000003
      vertex 5.77784824 0.743692577 0.0700000003
    endloop
  endfacet
  facet normal 0 -0 1
    outer loop
      vertex 5.7863512 0.706427574 0.0700000003
      vertex 5.80782413 0.742481947 0.0700000003
      vertex 5.77784824 0.743692577 0.0700000003
    endloop
  endfacet
  facet normal 0 0 1
    outer loop
      vertex 5.80782413 0.742481947 0.0700000003
      vertex 5.7863512 0.706427574 0.0700000003
      vertex 5.82646084 0.70832628 0.0700000003
    endloop
  endfacet
  facet normal 0 0 1
    outer loop
      vertex 5.85618973 0.825094879 0.0700000003
      vertex 5.84106064 0.822020054 0.0700000003
      vertex 5.83943033 0.781645656 0.0700000003
    endloop
  endfacet
  facet normal 0 0 1
    outer loop
      vertex 5.87266684 0.861183763 0.0700000003
      vertex 5.85618973 0.825094879 0.0700000003
      vertex 5.87118483 0.824489236 0.0700000003
    endloop
  endfacet
  facet normal 0 -0 1
    outer loop
      vertex 5.85214996 0.725076437 0.0700000003
      vertex 5.85618973 0.825094879 0.0700000003
      vertex 5.83943033 0.781645656 0.0700000003
    endloop
  endfacet
  facet normal 0 0 1
    outer loop
      vertex 5.83696699 0.844490469 0.0700000003
      vertex 5.84106064 0.822020054 0.0700000003
      vertex 5.85618973 0.825094879 0.0700000003
    endloop
  endfacet
  facet normal 0 0 1
    outer loop
      vertex 5.87266684 0.861183763 0.0700000003
      vertex 5.83696699 0.844490469 0.0700000003
      vertex 5.85618973 0.825094879 0.0700000003
    endloop
  endfacet
  facet normal 0 0 1
    outer loop
      vertex 5.80126667 0.827797174 0.0700000003
      vertex 5.77947903 0.784066975 0.0700000003
      vertex 5.80945444 0.782856286 0.0700000003
    endloop
  endfacet
  facet normal -0 0 1
    outer loop
      vertex 5.76556635 0.81110394 0.0700000003
      vertex 5.77947903 0.784066975 0.0700000003
      vertex 5.80126667 0.827797174 0.0700000003
    endloop
  endfacet
  facet normal 0 0 1
    outer loop
      vertex 5.80126667 0.827797174 0.0700000003
      vertex 5.80945444 0.782856286 0.0700000003
      vertex 5.84106064 0.822020054 0.0700000003
    endloop
  endfacet
  facet normal -0 0 1
    outer loop
      vertex 5.80126667 0.827797174 0.0700000003
      vertex 5.84106064 0.822020054 0.0700000003
      vertex 5.83696699 0.844490469 0.0700000003
    endloop
  endfacet
  facet normal 0 0 1
    outer loop
      vertex 5.76556635 0.81110394 0.0700000003
      vertex 5.7622385 0.72870779 0.0700000003
      vertex 5.77947903 0.784066975 0.0700000003
    endloop
  endfacet
  facet normal -0.0403512356 -0.999185557 0
    outer loop
      vertex 5.77547264 1.05637813 -0.0700000003
      vertex 5.76047707 1.05698371 -0.0233333334
      vertex 5.76047707 1.05698371 -0.0700000003
    endloop
  endfacet
  facet normal -0.0403512356 -0.999185557 0
    outer loop
      vertex 5.76047707 1.05698371 -0.0233333334
      vertex 5.77547264 1.05637813 -0.0700000003
      vertex 5.77547264 1.05637813 -0.0233333334
    endloop
  endfacet
  facet normal -0.0403512356 -0.999185557 0
    outer loop
      vertex 5.77547264 1.05637813 -0.0233333334
      vertex 5.76047707 1.05698371 0.0233333334
      vertex 5.76047707 1.05698371 -0.0233333334
    endloop
  endfacet
  facet normal -0.0403512356 -0.999185557 0
    outer loop
      vertex 5.77547264 1.05637813 0.0233333334
      vertex 5.76047707 1.05698371 0.0700000003
      vertex 5.76047707 1.05698371 0.0233333334
    endloop
  endfacet
  facet normal -0.0403512356 -0.999185557 0
    outer loop
      vertex 5.76047707 1.05698371 0.0700000003
      vertex 5.77547264 1.05637813 0.0233333334
      vertex 5.77547264 1.05637813 0.0700000003
    endloop
  endfacet
  facet normal -0.0403512356 -0.999185557 0
    outer loop
      vertex 5.77547264 1.05637813 -0.0233333334
      vertex 5.77547264 1.05637813 0.0233333334
      vertex 5.76047707 1.05698371 0.0233333334
    endloop
  endfacet
  facet normal 0.0403564819 0.999185345 0
    outer loop
      vertex 5.77143288 0.956359684 0.0700000003
      vertex 5.75643778 0.956965327 0.0233333334
      vertex 5.75643778 0.956965327 0.0700000003
    endloop
  endfacet
  facet normal 0.0403564819 0.999185345 0
    outer loop
      vertex 5.75643778 0.956965327 0.0233333334
      vertex 5.77143288 0.956359684 0.0700000003
      vertex 5.77143288 0.956359684 0.0233333334
    endloop
  endfacet
  facet normal 0.0403564819 0.999185345 0
    outer loop
      vertex 5.77143288 0.956359684 0.0233333334
      vertex 5.75643778 0.956965327 -0.0233333334
      vertex 5.75643778 0.956965327 0.0233333334
    endloop
  endfacet
  facet normal 0.0403564819 0.999185345 0
    outer loop
      vertex 5.77143288 0.956359684 -0.0233333334
      vertex 5.75643778 0.956965327 -0.0700000003
      vertex 5.75643778 0.956965327 -0.0233333334
    endloop
  endfacet
  facet normal 0.0403564819 0.999185345 0
    outer loop
      vertex 5.75643778 0.956965327 -0.0700000003
      vertex 5.77143288 0.956359684 -0.0233333334
      vertex 5.77143288 0.956359684 -0.0700000003
    endloop
  endfacet
  facet normal 0.0403564819 0.999185345 0
    outer loop
      vertex 5.77143288 0.956359684 0.0233333334
      vertex 5.77143288 0.956359684 -0.0233333334
      vertex 5.75643778 0.956965327 -0.0233333334
    endloop
  endfacet
  facet normal -0.999185312 0.040357302 -1.28865142e-08
    outer loop
      vertex 5.77345276 1.00636888 -0.0700000003
      vertex 5.77143288 0.956359684 -0.0233333334
      vertex 5.77277946 0.989699185 0.0700000003
    endloop
  endfacet
  facet normal -0.999185314 0.040357266 0
    outer loop
      vertex 5.77143288 0.956359684 0.0700000003
      vertex 5.77277946 0.989699185 0.0700000003
      vertex 5.77143288 0.956359684 0.0233333334
    endloop
  endfacet
  facet normal -0.999185314 0.040357266 0
    outer loop
      vertex 5.77143288 0.956359684 -0.0233333334
      vertex 5.77143288 0.956359684 0.0233333334
      vertex 5.77277946 0.989699185 0.0700000003
    endloop
  endfacet
  facet normal -0.999185312 0.040357314 0
    outer loop
      vertex 5.77345276 1.00636888 -0.0700000003
      vertex 5.77143288 0.956359684 -0.0700000003
      vertex 5.77143288 0.956359684 -0.0233333334
    endloop
  endfacet
  facet normal -0.999185314 0.040357266 0
    outer loop
      vertex 5.77547264 1.05637813 -0.0233333334
      vertex 5.77547264 1.05637813 -0.0700000003
      vertex 5.77345276 1.00636888 -0.0700000003
    endloop
  endfacet
  facet normal -0.999185314 0.040357266 0
    outer loop
      vertex 5.77412605 1.02303863 0.0700000003
      vertex 5.77547264 1.05637813 -0.0233333334
      vertex 5.77345276 1.00636888 -0.0700000003
    endloop
  endfacet
  facet normal -0.999185314 0.040357266 0
    outer loop
      vertex 5.77547264 1.05637813 0.0700000003
      vertex 5.77547264 1.05637813 0.0233333334
      vertex 5.77412605 1.02303863 0.0700000003
    endloop
  endfacet
  facet normal -0.999185314 0.040357266 0
    outer loop
      vertex 5.77547264 1.05637813 -0.0233333334
      vertex 5.77412605 1.02303863 0.0700000003
      vertex 5.77547264 1.05637813 0.0233333334
    endloop
  endfacet
  facet normal -0.999185311 0.0403573381 -8.5910171e-09
    outer loop
      vertex 5.77277946 0.989699185 0.0700000003
      vertex 5.77412605 1.02303863 0.0700000003
      vertex 5.77345276 1.00636888 -0.0700000003
    endloop
  endfacet
  facet normal -0.999185536 0.0403517582 0
    outer loop
      vertex 5.76181173 1.09002078 -0.0700000003
      vertex 5.76181173 1.09002078 0.0700000003
      vertex 5.76314592 1.12305784 0
    endloop
  endfacet
  facet normal -0.999185536 0.0403517582 0
    outer loop
      vertex 5.76314592 1.12305784 0
      vertex 5.76181173 1.09002078 0.0700000003
      vertex 5.76314592 1.12305784 0.0700000003
    endloop
  endfacet
  facet normal -0.999185536 0.0403517582 0
    outer loop
      vertex 5.76181173 1.09002078 -0.0700000003
      vertex 5.76314592 1.12305784 0
      vertex 5.76314592 1.12305784 -0.0700000003
    endloop
  endfacet
  facet normal -0.999184955 0.0403661564 0
    outer loop
      vertex 5.76047707 1.05698371 -0.0233333334
      vertex 5.76181173 1.09002078 -0.0700000003
      vertex 5.76047707 1.05698371 -0.0700000003
    endloop
  endfacet
  facet normal -0.999184955 0.0403661564 0
    outer loop
      vertex 5.76047707 1.05698371 -0.0233333334
      vertex 5.76047707 1.05698371 0.0233333334
      vertex 5.76181173 1.09002078 0.0700000003
    endloop
  endfacet
  facet normal -0.999184955 0.0403661564 0
    outer loop
      vertex 5.76047707 1.05698371 0.0233333334
      vertex 5.76047707 1.05698371 0.0700000003
      vertex 5.76181173 1.09002078 0.0700000003
    endloop
  endfacet
  facet normal -0.999184955 0.0403661564 0
    outer loop
      vertex 5.76047707 1.05698371 -0.0233333334
      vertex 5.76181173 1.09002078 0.0700000003
      vertex 5.76181173 1.09002078 -0.0700000003
    endloop
  endfacet
  facet normal -0.0403591658 -0.999185237 0
    outer loop
      vertex 5.88037968 1.05214107 -0.0700000003
      vertex 5.8653841 1.05274677 -0.0233333334
      vertex 5.8653841 1.05274677 -0.0700000003
    endloop
  endfacet
  facet normal -0.0403591658 -0.999185237 0
    outer loop
      vertex 5.8653841 1.05274677 -0.0233333334
      vertex 5.88037968 1.05214107 -0.0700000003
      vertex 5.88037968 1.05214107 -0.0233333334
    endloop
  endfacet
  facet normal -0.0403591658 -0.999185237 0
    outer loop
      vertex 5.88037968 1.05214107 -0.0233333334
      vertex 5.8653841 1.05274677 0.0233333334
      vertex 5.8653841 1.05274677 -0.0233333334
    endloop
  endfacet
  facet normal -0.0403591658 -0.999185237 0
    outer loop
      vertex 5.88037968 1.05214107 0.0233333334
      vertex 5.8653841 1.05274677 0.0700000003
      vertex 5.8653841 1.05274677 0.0233333334
    endloop
  endfacet
  facet normal -0.0403591658 -0.999185237 0
    outer loop
      vertex 5.8653841 1.05274677 0.0700000003
      vertex 5.88037968 1.05214107 0.0233333334
      vertex 5.88037968 1.05214107 0.0700000003
    endloop
  endfacet
  facet normal -0.0403591658 -0.999185237 0
    outer loop
      vertex 5.88037968 1.05214107 -0.0233333334
      vertex 5.88037968 1.05214107 0.0233333334
      vertex 5.8653841 1.05274677 0.0233333334
    endloop
  endfacet
  facet normal 0.0403564819 0.999185345 0
    outer loop
      vertex 5.87633991 0.952122629 0.0233333334
      vertex 5.86134481 0.952728271 0.0233333334
      vertex 5.86134481 0.952728271 0.0700000003
    endloop
  endfacet
  facet normal 0.0403564819 0.999185345 0
    outer loop
      vertex 5.86134481 0.952728271 0.0700000003
      vertex 5.87633991 0.952122629 0.0700000003
      vertex 5.87633991 0.952122629 0.0233333334
    endloop
  endfacet
  facet normal 0.0403564819 0.999185345 0
    outer loop
      vertex 5.87633991 0.952122629 0.0233333334
      vertex 5.87633991 0.952122629 -0.0233333334
      vertex 5.86134481 0.952728271 0.0233333334
    endloop
  endfacet
  facet normal 0.0403564819 0.999185345 0
    outer loop
      vertex 5.87633991 0.952122629 -0.0700000003
      vertex 5.86134481 0.952728271 -0.0700000003
      vertex 5.86134481 0.952728271 -0.0233333334
    endloop
  endfacet
  facet normal 0.0403564819 0.999185345 0
    outer loop
      vertex 5.86134481 0.952728271 -0.0233333334
      vertex 5.87633991 0.952122629 -0.0233333334
      vertex 5.87633991 0.952122629 -0.0700000003
    endloop
  endfacet
  facet normal 0.0403564819 0.999185345 0
    outer loop
      vertex 5.86134481 0.952728271 0.0233333334
      vertex 5.87633991 0.952122629 -0.0233333334
      vertex 5.86134481 0.952728271 -0.0233333334
    endloop
  endfacet
  facet normal 0.999185698 -0.0403477543 0
    outer loop
      vertex 5.86336422 1.00273752 -0.0700000003
      vertex 5.86134481 0.952728271 -0.0233333334
      vertex 5.86134481 0.952728271 -0.0700000003
    endloop
  endfacet
  facet normal 0.999185314 -0.040357266 0
    outer loop
      vertex 5.8653841 1.05274677 -0.0700000003
      vertex 5.8653841 1.05274677 -0.0233333334
      vertex 5.86336422 1.00273752 -0.0700000003
    endloop
  endfacet
  facet normal 0.999185314 -0.040357266 0
    outer loop
      vertex 5.86336422 1.00273752 -0.0700000003
      vertex 5.8653841 1.05274677 -0.0233333334
      vertex 5.8653841 1.05274677 0.0233333334
    endloop
  endfacet
  facet normal 0.999185698 -0.0403477543 0
    outer loop
      vertex 5.86134481 0.952728271 0.0233333334
      vertex 5.86134481 0.952728271 -0.0233333334
      vertex 5.86336422 1.00273752 -0.0700000003
    endloop
  endfacet
  facet normal 0.99918589 -0.0403429985 0
    outer loop
      vertex 5.86269093 0.986067772 0.0700000003
      vertex 5.86134481 0.952728271 0.0700000003
      vertex 5.86134481 0.952728271 0.0233333334
    endloop
  endfacet
  facet normal 0.999185314 -0.040357266 0
    outer loop
      vertex 5.86336422 1.00273752 -0.0700000003
      vertex 5.86403751 1.01940727 0.0700000003
      vertex 5.86269093 0.986067772 0.0700000003
    endloop
  endfacet
  facet normal 0.999185314 -0.040357266 0
    outer loop
      vertex 5.8653841 1.05274677 0.0700000003
      vertex 5.86403751 1.01940727 0.0700000003
      vertex 5.8653841 1.05274677 0.0233333334
    endloop
  endfacet
  facet normal 0.999185314 -0.040357266 0
    outer loop
      vertex 5.86403751 1.01940727 0.0700000003
      vertex 5.86336422 1.00273752 -0.0700000003
      vertex 5.8653841 1.05274677 0.0233333334
    endloop
  endfacet
  facet normal 0.999185808 -0.0403450367 1.4585171e-06
    outer loop
      vertex 5.86269093 0.986067772 0.0700000003
      vertex 5.86134481 0.952728271 0.0233333334
      vertex 5.86336422 1.00273752 -0.0700000003
    endloop
  endfacet
  facet normal 0.999185466 -0.0403535001 0
    outer loop
      vertex 5.88284922 1.11328888 -0.0700000003
      vertex 5.88037968 1.05214107 -0.0233333334
      vertex 5.88037968 1.05214107 -0.0700000003
    endloop
  endfacet
  facet normal 0.999185783 -0.0403456425 0
    outer loop
      vertex 5.88161421 1.08271503 0.0700000003
      vertex 5.88037968 1.05214107 0.0700000003
      vertex 5.88037968 1.05214107 0.0233333334
    endloop
  endfacet
  facet normal 0.999185466 -0.0403535001 0
    outer loop
      vertex 5.88037968 1.05214107 0.0233333334
      vertex 5.88037968 1.05214107 -0.0233333334
      vertex 5.88284922 1.11328888 1.11022302e-16
    endloop
  endfacet
  facet normal 0.999185529 -0.0403519286 4.12507809e-06
    outer loop
      vertex 5.88037968 1.05214107 0.0233333334
      vertex 5.88284922 1.11328888 1.11022302e-16
      vertex 5.88161421 1.08271503 0.0700000003
    endloop
  endfacet
  facet normal 0.999185148 -0.0403613577 0
    outer loop
      vertex 5.88284922 1.11328888 1.11022302e-16
      vertex 5.88284922 1.11328888 0.0700000003
      vertex 5.88161421 1.08271503 0.0700000003
    endloop
  endfacet
  facet normal 0.999185466 -0.0403535001 0
    outer loop
      vertex 5.88284922 1.11328888 -0.0700000003
      vertex 5.88284922 1.11328888 1.11022302e-16
      vertex 5.88037968 1.05214107 -0.0233333334
    endloop
  endfacet
  facet normal -0.0403525167 -0.999185505 0
    outer loop
      vertex 5.76627779 0.828726292 -0.0700000003
      vertex 5.75128269 0.829331875 -0.0283333343
      vertex 5.75128269 0.829331875 -0.0700000003
    endloop
  endfacet
  facet normal -0.0403525167 -0.999185505 0
    outer loop
      vertex 5.75128269 0.829331875 -0.0283333343
      vertex 5.76627779 0.828726292 -0.0700000003
      vertex 5.76627779 0.828726292 -0.0283333343
    endloop
  endfacet
  facet normal -0.0403525167 -0.999185505 0
    outer loop
      vertex 5.76627779 0.828726292 -0.0283333343
      vertex 5.76627779 0.828726292 0.0133333337
      vertex 5.75128269 0.829331875 -0.0283333343
    endloop
  endfacet
  facet normal -0.0403525167 -0.999185505 0
    outer loop
      vertex 5.76627779 0.828726292 0.0133333337
      vertex 5.76627779 0.828726292 0.0549999997
      vertex 5.75128269 0.829331875 0.0549999997
    endloop
  endfacet
  facet normal -0.0403525167 -0.999185505 0
    outer loop
      vertex 5.76627779 0.828726292 0.0133333337
      vertex 5.75128269 0.829331875 0.0549999997
      vertex 5.75128269 0.829331875 0.0133333337
    endloop
  endfacet
  facet normal -0.0403525167 -0.999185505 0
    outer loop
      vertex 5.75128269 0.829331875 -0.0283333343
      vertex 5.76627779 0.828726292 0.0133333337
      vertex 5.75128269 0.829331875 0.0133333337
    endloop
  endfacet
  facet normal 0.0403552007 0.999185397 0
    outer loop
      vertex 5.7622385 0.72870779 0.0700000003
      vertex 5.74724293 0.729313433 0.0233333334
      vertex 5.74724293 0.729313433 0.0700000003
    endloop
  endfacet
  facet normal 0.0403552007 0.999185397 0
    outer loop
      vertex 5.74724293 0.729313433 0.0233333334
      vertex 5.7622385 0.72870779 0.0700000003
      vertex 5.7622385 0.72870779 0.0233333334
    endloop
  endfacet
  facet normal 0.0403552007 0.999185397 0
    outer loop
      vertex 5.7622385 0.72870779 0.0233333334
      vertex 5.74724293 0.729313433 -0.0233333334
      vertex 5.74724293 0.729313433 0.0233333334
    endloop
  endfacet
  facet normal 0.0403552007 0.999185397 0
    outer loop
      vertex 5.7622385 0.72870779 -0.0233333334
      vertex 5.74724293 0.729313433 -0.0700000003
      vertex 5.74724293 0.729313433 -0.0233333334
    endloop
  endfacet
  facet normal 0.0403552007 0.999185397 0
    outer loop
      vertex 5.74724293 0.729313433 -0.0700000003
      vertex 5.7622385 0.72870779 -0.0233333334
      vertex 5.7622385 0.72870779 -0.0700000003
    endloop
  endfacet
  facet normal 0.0403552007 0.999185397 0
    outer loop
      vertex 5.7622385 0.72870779 0.0233333334
      vertex 5.7622385 0.72870779 -0.0233333334
      vertex 5.74724293 0.729313433 -0.0233333334
    endloop
  endfacet
  facet normal -0.99918578 0.0403457284 0
    outer loop
      vertex 5.75257158 0.861240268 0.0350000001
      vertex 5.75386 0.893148601 0.0350000001
      vertex 5.75386 0.893148601 0
    endloop
  endfacet
  facet normal -0.99918578 0.0403457284 0
    outer loop
      vertex 5.75257158 0.861240268 0.0350000001
      vertex 5.75386 0.893148601 0
      vertex 5.75257158 0.861240268 0
    endloop
  endfacet
  facet normal -0.999185179 0.0403605982 0
    outer loop
      vertex 5.75471926 0.914420843 -0.0700000003
      vertex 5.75643778 0.956965327 -0.0233333334
      vertex 5.75643778 0.956965327 -0.0700000003
    endloop
  endfacet
  facet normal -0.999185179 0.0403605982 0
    outer loop
      vertex 5.75643778 0.956965327 -0.0233333334
      vertex 5.75471926 0.914420843 -0.0700000003
      vertex 5.75386 0.893148601 0
    endloop
  endfacet
  facet normal -0.999185631 0.0403494176 -3.40320596e-06
    outer loop
      vertex 5.75300121 0.871876359 -0.0700000003
      vertex 5.75386 0.893148601 0
      vertex 5.75471926 0.914420843 -0.0700000003
    endloop
  endfacet
  facet normal -0.999185179 0.0403605982 0
    outer loop
      vertex 5.75643778 0.956965327 0.0233333334
      vertex 5.75643778 0.956965327 -0.0233333334
      vertex 5.75386 0.893148601 0
    endloop
  endfacet
  facet normal -0.999185242 0.0403590345 0
    outer loop
      vertex 5.75507069 0.923119664 0.0700000003
      vertex 5.75643778 0.956965327 0.0700000003
      vertex 5.75643778 0.956965327 0.0233333334
    endloop
  endfacet
  facet normal -0.99918532 0.0403571124 4.50448279e-06
    outer loop
      vertex 5.75370359 0.889274061 0.0549999997
      vertex 5.75507069 0.923119664 0.0700000003
      vertex 5.75386 0.893148601 0.0350000001
    endloop
  endfacet
  facet normal -0.999185169 0.0403608373 1.30960494e-06
    outer loop
      vertex 5.75643778 0.956965327 0.0233333334
      vertex 5.75386 0.893148601 0.0350000001
      vertex 5.75507069 0.923119664 0.0700000003
    endloop
  endfacet
  facet normal -0.999185179 0.0403605982 0
    outer loop
      vertex 5.75386 0.893148601 0.0350000001
      vertex 5.75643778 0.956965327 0.0233333334
      vertex 5.75386 0.893148601 0
    endloop
  endfacet
  facet normal -0.99918518 0.0403605785 -2.01875071e-08
    outer loop
      vertex 5.75128269 0.829331875 -0.0283333343
      vertex 5.75257158 0.861240268 0
      vertex 5.75300121 0.871876359 -0.0700000003
    endloop
  endfacet
  facet normal -0.999185179 0.0403605982 0
    outer loop
      vertex 5.75300121 0.871876359 -0.0700000003
      vertex 5.75128269 0.829331875 -0.0700000003
      vertex 5.75128269 0.829331875 -0.0283333343
    endloop
  endfacet
  facet normal -0.999185181 0.0403605606 0
    outer loop
      vertex 5.75128269 0.829331875 0.0133333337
      vertex 5.75257158 0.861240268 0
      vertex 5.75128269 0.829331875 -0.0283333343
    endloop
  endfacet
  facet normal -0.99918543 0.0403543885 -9.86311732e-06
    outer loop
      vertex 5.75128269 0.829331875 0.0549999997
      vertex 5.75370359 0.889274061 0.0549999997
      vertex 5.75257158 0.861240268 0.0350000001
    endloop
  endfacet
  facet normal -0.999185239 0.0403591055 0
    outer loop
      vertex 5.75507069 0.923119664 0.0700000003
      vertex 5.75370359 0.889274061 0.0549999997
      vertex 5.75370359 0.889274061 0.0700000003
    endloop
  endfacet
  facet normal -0.999185181 0.0403605606 0
    outer loop
      vertex 5.75128269 0.829331875 0.0133333337
      vertex 5.75128269 0.829331875 0.0549999997
      vertex 5.75257158 0.861240268 0.0350000001
    endloop
  endfacet
  facet normal -0.999185181 0.0403605606 0
    outer loop
      vertex 5.75128269 0.829331875 0.0133333337
      vertex 5.75257158 0.861240268 0.0350000001
      vertex 5.75257158 0.861240268 0
    endloop
  endfacet
  facet normal -0.99918578 0.0403457284 2.29550028e-06
    outer loop
      vertex 5.75370359 0.889274061 0.0549999997
      vertex 5.75386 0.893148601 0.0350000001
      vertex 5.75257158 0.861240268 0.0350000001
    endloop
  endfacet
  facet normal -0.99918578 0.0403457284 -2.28025571e-06
    outer loop
      vertex 5.75300121 0.871876359 -0.0700000003
      vertex 5.75257158 0.861240268 0
      vertex 5.75386 0.893148601 0
    endloop
  endfacet
  facet normal -0.99918685 0.0403192192 0
    outer loop
      vertex 5.76577282 0.816223979 0.0350349993
      vertex 5.76577282 0.816223979 0
      vertex 5.76526833 0.803721666 0
    endloop
  endfacet
  facet normal -0.99918685 0.0403192192 0
    outer loop
      vertex 5.76577282 0.816223979 0.0350349993
      vertex 5.76526833 0.803721666 0
      vertex 5.76526833 0.803721666 0.0350349993
    endloop
  endfacet
  facet normal -0.999185314 0.040357266 0
    outer loop
      vertex 5.7622385 0.72870779 -0.0233333334
      vertex 5.76425838 0.778717041 -0.0700000003
      vertex 5.7622385 0.72870779 -0.0700000003
    endloop
  endfacet
  facet normal -0.999185314 0.040357266 0
    outer loop
      vertex 5.7622385 0.72870779 0.0233333334
      vertex 5.76425838 0.778717041 -0.0700000003
      vertex 5.7622385 0.72870779 -0.0233333334
    endloop
  endfacet
  facet normal -0.999185314 0.040357266 0
    outer loop
      vertex 5.76526833 0.803721666 0.0350349993
      vertex 5.7622385 0.72870779 0.0233333334
      vertex 5.7622385 0.72870779 0.0700000003
    endloop
  endfacet
  facet normal -0.999185314 0.040357266 0
    outer loop
      vertex 5.76425838 0.778717041 -0.0700000003
      vertex 5.7622385 0.72870779 0.0233333334
      vertex 5.76526833 0.803721666 0.0350349993
    endloop
  endfacet
  facet normal -0.999185314 0.040357266 0
    outer loop
      vertex 5.76526833 0.803721666 0.0350349993
      vertex 5.76526833 0.803721666 0
      vertex 5.76425838 0.778717041 -0.0700000003
    endloop
  endfacet
  facet normal -0.999185386 0.0403554733 -3.85237132e-06
    outer loop
      vertex 5.76556635 0.81110394 0.0700000003
      vertex 5.76526833 0.803721666 0.0350349993
      vertex 5.7622385 0.72870779 0.0700000003
    endloop
  endfacet
  facet normal -0.999185698 0.0403477543 3.40320619e-06
    outer loop
      vertex 5.76526833 0.803721666 0
      vertex 5.76627779 0.828726292 -0.0700000003
      vertex 5.76425838 0.778717041 -0.0700000003
    endloop
  endfacet
  facet normal -0.999185314 0.040357266 0
    outer loop
      vertex 5.76627779 0.828726292 -0.0283333343
      vertex 5.76627779 0.828726292 -0.0700000003
      vertex 5.76577282 0.816223979 0
    endloop
  endfacet
  facet normal -0.99918685 0.0403192192 -6.80642023e-06
    outer loop
      vertex 5.76526833 0.803721666 0
      vertex 5.76577282 0.816223979 0
      vertex 5.76627779 0.828726292 -0.0700000003
    endloop
  endfacet
  facet normal -0.999185314 0.040357266 0
    outer loop
      vertex 5.76577282 0.816223979 0
      vertex 5.76627779 0.828726292 0.0133333337
      vertex 5.76627779 0.828726292 -0.0283333343
    endloop
  endfacet
  facet normal -0.999185314 0.040357266 0
    outer loop
      vertex 5.76577282 0.816223979 0.0350349993
      vertex 5.76627779 0.828726292 0.0133333337
      vertex 5.76577282 0.816223979 0
    endloop
  endfacet
  facet normal -0.999186122 0.0403372568 0
    outer loop
      vertex 5.76526833 0.803721666 0.0350349993
      vertex 5.76556635 0.81110394 0.0700000003
      vertex 5.76556635 0.81110394 0.0549999997
    endloop
  endfacet
  facet normal -0.999186065 0.0403386556 1.16730871e-05
    outer loop
      vertex 5.76556635 0.81110394 0.0549999997
      vertex 5.76627779 0.828726292 0.0549999997
      vertex 5.76577282 0.816223979 0.0350349993
    endloop
  endfacet
  facet normal -0.999185314 0.040357266 0
    outer loop
      vertex 5.76627779 0.828726292 0.0133333337
      vertex 5.76577282 0.816223979 0.0350349993
      vertex 5.76627779 0.828726292 0.0549999997
    endloop
  endfacet
  facet normal -0.99918685 0.0403192192 6.68049248e-06
    outer loop
      vertex 5.76556635 0.81110394 0.0549999997
      vertex 5.76577282 0.816223979 0.0350349993
      vertex 5.76526833 0.803721666 0.0350349993
    endloop
  endfacet
  facet normal -0.0403564819 -0.999185345 0
    outer loop
      vertex 5.87118483 0.824489236 -0.0700000003
      vertex 5.85618973 0.825094879 -0.0233333334
      vertex 5.85618973 0.825094879 -0.0700000003
    endloop
  endfacet
  facet normal -0.0403564819 -0.999185345 0
    outer loop
      vertex 5.85618973 0.825094879 -0.0233333334
      vertex 5.87118483 0.824489236 -0.0700000003
      vertex 5.87118483 0.824489236 -0.0233333334
    endloop
  endfacet
  facet normal -0.0403564819 -0.999185345 0
    outer loop
      vertex 5.87118483 0.824489236 -0.0233333334
      vertex 5.85618973 0.825094879 0.0233333334
      vertex 5.85618973 0.825094879 -0.0233333334
    endloop
  endfacet
  facet normal -0.0403564819 -0.999185345 0
    outer loop
      vertex 5.87118483 0.824489236 0.0233333334
      vertex 5.85618973 0.825094879 0.0700000003
      vertex 5.85618973 0.825094879 0.0233333334
    endloop
  endfacet
  facet normal -0.0403564819 -0.999185345 0
    outer loop
      vertex 5.85618973 0.825094879 0.0700000003
      vertex 5.87118483 0.824489236 0.0233333334
      vertex 5.87118483 0.824489236 0.0700000003
    endloop
  endfacet
  facet normal -0.0403564819 -0.999185345 0
    outer loop
      vertex 5.87118483 0.824489236 -0.0233333334
      vertex 5.87118483 0.824489236 0.0233333334
      vertex 5.85618973 0.825094879 0.0233333334
    endloop
  endfacet
  facet normal 0.0403552007 0.999185397 0
    outer loop
      vertex 5.86714554 0.724470794 0.0233333334
      vertex 5.85214996 0.725076437 0.0233333334
      vertex 5.85214996 0.725076437 0.0700000003
    endloop
  endfacet
  facet normal 0.0403552007 0.999185397 0
    outer loop
      vertex 5.85214996 0.725076437 0.0700000003
      vertex 5.86714554 0.724470794 0.0700000003
      vertex 5.86714554 0.724470794 0.0233333334
    endloop
  endfacet
  facet normal 0.0403552007 0.999185397 0
    outer loop
      vertex 5.86714554 0.724470794 0.0233333334
      vertex 5.86714554 0.724470794 -0.0233333334
      vertex 5.85214996 0.725076437 0.0233333334
    endloop
  endfacet
  facet normal 0.0403552007 0.999185397 0
    outer loop
      vertex 5.86714554 0.724470794 -0.0233333334
      vertex 5.85214996 0.725076437 -0.0700000003
      vertex 5.85214996 0.725076437 -0.0233333334
    endloop
  endfacet
  facet normal 0.0403552007 0.999185397 0
    outer loop
      vertex 5.85214996 0.725076437 -0.0700000003
      vertex 5.86714554 0.724470794 -0.0233333334
      vertex 5.86714554 0.724470794 -0.0700000003
    endloop
  endfacet
  facet normal 0.0403552007 0.999185397 0
    outer loop
      vertex 5.85214996 0.725076437 0.0233333334
      vertex 5.86714554 0.724470794 -0.0233333334
      vertex 5.85214996 0.725076437 -0.0233333334
    endloop
  endfacet
  facet normal 0.999185312 -0.040357314 0
    outer loop
      vertex 5.85416985 0.775085628 -0.0700000003
      vertex 5.85214996 0.725076437 -0.0233333334
      vertex 5.85214996 0.725076437 -0.0700000003
    endloop
  endfacet
  facet normal 0.999185314 -0.040357266 0
    outer loop
      vertex 5.85416985 0.775085628 -0.0700000003
      vertex 5.85618973 0.825094879 -0.0700000003
      vertex 5.85618973 0.825094879 -0.0233333334
    endloop
  endfacet
  facet normal 0.999185312 -0.040357314 0
    outer loop
      vertex 5.85214996 0.725076437 0.0233333334
      vertex 5.85214996 0.725076437 -0.0233333334
      vertex 5.85416985 0.775085628 -0.0700000003
    endloop
  endfacet
  facet normal 0.999185313 -0.04035729 8.59100688e-09
    outer loop
      vertex 5.85214996 0.725076437 0.0700000003
      vertex 5.85416985 0.775085628 -0.0700000003
      vertex 5.85618973 0.825094879 0.0700000003
    endloop
  endfacet
  facet normal 0.999185314 -0.040357266 0
    outer loop
      vertex 5.85618973 0.825094879 0.0233333334
      vertex 5.85416985 0.775085628 -0.0700000003
      vertex 5.85618973 0.825094879 -0.0233333334
    endloop
  endfacet
  facet normal 0.999185314 -0.040357266 0
    outer loop
      vertex 5.85618973 0.825094879 0.0700000003
      vertex 5.85416985 0.775085628 -0.0700000003
      vertex 5.85618973 0.825094879 0.0233333334
    endloop
  endfacet
  facet normal 0.999185312 -0.040357314 0
    outer loop
      vertex 5.85214996 0.725076437 0.0700000003
      vertex 5.85214996 0.725076437 0.0233333334
      vertex 5.85416985 0.775085628 -0.0700000003
    endloop
  endfacet
  facet normal 0.999184578 -0.040375468 0
    outer loop
      vertex 5.87569571 0.936168492 0.0524999984
      vertex 5.87505102 0.920214295 0.0524999984
      vertex 5.87505102 0.920214295 0.0350000001
    endloop
  endfacet
  facet normal 0.999184578 -0.040375468 0
    outer loop
      vertex 5.87569571 0.936168492 0.0524999984
      vertex 5.87505102 0.920214295 0.0350000001
      vertex 5.87569571 0.936168492 0.0350000001
    endloop
  endfacet
  facet normal 0.99918578 -0.0403457284 0
    outer loop
      vertex 5.87505102 0.920214295 0.0350000001
      vertex 5.87376261 0.888305962 0.0350000001
      vertex 5.87376261 0.888305962 0
    endloop
  endfacet
  facet normal 0.99918578 -0.0403457284 0
    outer loop
      vertex 5.87505102 0.920214295 0.0350000001
      vertex 5.87376261 0.888305962 0
      vertex 5.87505102 0.920214295 0
    endloop
  endfacet
  facet normal 0.999185181 -0.0403605606 0
    outer loop
      vertex 5.87376261 0.888305962 0.0350000001
      vertex 5.87247372 0.856397569 0.0350000001
      vertex 5.87247372 0.856397569 0
    endloop
  endfacet
  facet normal 0.999185181 -0.0403605606 0
    outer loop
      vertex 5.87376261 0.888305962 0.0350000001
      vertex 5.87247372 0.856397569 0
      vertex 5.87376261 0.888305962 0
    endloop
  endfacet
  facet normal 0.999185179 -0.0403605982 0
    outer loop
      vertex 5.87290335 0.86703372 -0.0700000003
      vertex 5.87118483 0.824489236 -0.0233333334
      vertex 5.87118483 0.824489236 -0.0700000003
    endloop
  endfacet
  facet normal 0.999185178 -0.0403606359 0
    outer loop
      vertex 5.87118483 0.824489236 0.0233333334
      vertex 5.87118483 0.824489236 -0.0233333334
      vertex 5.87247372 0.856397569 0
    endloop
  endfacet
  facet normal 0.999185178 -0.0403606359 0
    outer loop
      vertex 5.87118483 0.824489236 0.0233333334
      vertex 5.87247372 0.856397569 0
      vertex 5.87247372 0.856397569 0.0350000001
    endloop
  endfacet
  facet normal 0.999185181 -0.0403605606 -1.14556041e-08
    outer loop
      vertex 5.87376261 0.888305962 0
      vertex 5.87247372 0.856397569 0
      vertex 5.87290335 0.86703372 -0.0700000003
    endloop
  endfacet
  facet normal 0.999185178 -0.0403606208 -2.06201182e-08
    outer loop
      vertex 5.87118483 0.824489236 -0.0233333334
      vertex 5.87290335 0.86703372 -0.0700000003
      vertex 5.87247372 0.856397569 0
    endloop
  endfacet
  facet normal 0.999185631 -0.0403494176 -3.40320596e-06
    outer loop
      vertex 5.87462139 0.909578204 -0.0700000003
      vertex 5.87376261 0.888305962 0
      vertex 5.87290335 0.86703372 -0.0700000003
    endloop
  endfacet
  facet normal 0.999185411 -0.0403548647 0
    outer loop
      vertex 5.87266684 0.861183763 0.0549999997
      vertex 5.87266684 0.861183763 0.0700000003
      vertex 5.87118483 0.824489236 0.0700000003
    endloop
  endfacet
  facet normal 0.999185178 -0.0403606359 0
    outer loop
      vertex 5.87118483 0.824489236 0.0233333334
      vertex 5.87247372 0.856397569 0.0350000001
      vertex 5.87118483 0.824489236 0.0700000003
    endloop
  endfacet
  facet normal 0.999185549 -0.0403514362 8.40067668e-06
    outer loop
      vertex 5.87247372 0.856397569 0.0350000001
      vertex 5.87266684 0.861183763 0.0549999997
      vertex 5.87118483 0.824489236 0.0700000003
    endloop
  endfacet
  facet normal 0.999185244 -0.0403589947 1.02124479e-05
    outer loop
      vertex 5.87439013 0.903847992 0.0549999997
      vertex 5.87266684 0.861183763 0.0549999997
      vertex 5.87247372 0.856397569 0.0350000001
    endloop
  endfacet
  facet normal 0.999185181 -0.0403605606 1.39335241e-05
    outer loop
      vertex 5.87439013 0.903847992 0.0549999997
      vertex 5.87247372 0.856397569 0.0350000001
      vertex 5.87376261 0.888305962 0.0350000001
    endloop
  endfacet
  facet normal 0.99918578 -0.0403457284 2.38859478e-06
    outer loop
      vertex 5.87376261 0.888305962 0.0350000001
      vertex 5.87505102 0.920214295 0.0350000001
      vertex 5.87439013 0.903847992 0.0549999997
    endloop
  endfacet
  facet normal 0.999185177 -0.0403606434 -1.03100649e-08
    outer loop
      vertex 5.87633991 0.952122629 -0.0233333334
      vertex 5.87505102 0.920214295 0
      vertex 5.87462139 0.909578204 -0.0700000003
    endloop
  endfacet
  facet normal 0.999184578 -0.040375468 0
    outer loop
      vertex 5.87505102 0.920214295 0
      vertex 5.87569571 0.936168492 0.0350000001
      vertex 5.87505102 0.920214295 0.0350000001
    endloop
  endfacet
  facet normal 0.999185662 -0.0403486425 0
    outer loop
      vertex 5.87439013 0.903847992 0.0549999997
      vertex 5.87505102 0.920214295 0.0350000001
      vertex 5.87505102 0.920214295 0.0524999984
    endloop
  endfacet
  facet normal 0.999185177 -0.0403606547 0
    outer loop
      vertex 5.87462139 0.909578204 -0.0700000003
      vertex 5.87633991 0.952122629 -0.0700000003
      vertex 5.87633991 0.952122629 -0.0233333334
    endloop
  endfacet
  facet normal 0.999185178 -0.0403606359 0
    outer loop
      vertex 5.87505102 0.920214295 0
      vertex 5.87633991 0.952122629 -0.0233333334
      vertex 5.87633991 0.952122629 0.0233333334
    endloop
  endfacet
  facet normal 0.999185477 -0.0403532198 -1.01580755e-05
    outer loop
      vertex 5.87633991 0.952122629 0.0233333334
      vertex 5.87569571 0.936168492 0.0350000001
      vertex 5.87505102 0.920214295 0
    endloop
  endfacet
  facet normal 0.999185609 -0.040349966 0
    outer loop
      vertex 5.87611341 0.946512222 0.0549999997
      vertex 5.87569571 0.936168492 0.0524999984
      vertex 5.87569571 0.936168492 0.0350000001
    endloop
  endfacet
  facet normal 0.999184573 -0.0403754678 0.000105686613
    outer loop
      vertex 5.87505102 0.920214295 0.0524999984
      vertex 5.87569571 0.936168492 0.0524999984
      vertex 5.87611341 0.946512222 0.0549999997
    endloop
  endfacet
  facet normal 0.999186086 -0.0403381296 0
    outer loop
      vertex 5.87633991 0.952122629 0.0700000003
      vertex 5.87611341 0.946512222 0.0700000003
      vertex 5.87611341 0.946512222 0.0549999997
    endloop
  endfacet
  facet normal 0.999186086 -0.0403381296 0
    outer loop
      vertex 5.87633991 0.952122629 0.0233333334
      vertex 5.87633991 0.952122629 0.0700000003
      vertex 5.87611341 0.946512222 0.0549999997
    endloop
  endfacet
  facet normal 0.99918573 -0.0403469458 -1.56451864e-06
    outer loop
      vertex 5.87611341 0.946512222 0.0549999997
      vertex 5.87569571 0.936168492 0.0350000001
      vertex 5.87633991 0.952122629 0.0233333334
    endloop
  endfacet
  facet normal 0.999185242 -0.0403589947 -6.78813509e-05
    outer loop
      vertex 5.87505102 0.920214295 0.0524999984
      vertex 5.87611341 0.946512222 0.0549999997
      vertex 5.87439013 0.903847992 0.0549999997
    endloop
  endfacet
  facet normal 0.99918578 -0.0403457284 -2.28025571e-06
    outer loop
      vertex 5.87505102 0.920214295 0
      vertex 5.87376261 0.888305962 0
      vertex 5.87462139 0.909578204 -0.0700000003
    endloop
  endfacet
  facet normal -0.99999337 -0.00364130494 -0
    outer loop
      vertex 5.8247304 0.539598167 0.0700000003
      vertex 5.8247304 0.539598167 0.067498751
      vertex 5.82476521 0.530038714 0.067498751
    endloop
  endfacet
  facet normal -0.99999337 -0.00364130494 -0
    outer loop
      vertex 5.82466125 0.558717132 0.0700000003
      vertex 5.82466125 0.558717132 0.067498751
      vertex 5.82469606 0.549157679 0.067498751
    endloop
  endfacet
  facet normal -0.999993371 -0.00364128224 -0
    outer loop
      vertex 5.82462645 0.568276644 0.0700000003
      vertex 5.82462645 0.568276644 0.067498751
      vertex 5.82466125 0.558717132 0.067498751
    endloop
  endfacet
  facet normal -0.999993551 -0.00359140231 -0
    outer loop
      vertex 5.82469606 0.549157679 0.0700000003
      vertex 5.82469606 0.549157679 0.067498751
      vertex 5.8247304 0.539598167 0.067498751
    endloop
  endfacet
  facet normal -0.999993551 -0.00359140231 -0
    outer loop
      vertex 5.8247304 0.539598167 0.0700000003
      vertex 5.82469606 0.549157679 0.0700000003
      vertex 5.8247304 0.539598167 0.067498751
    endloop
  endfacet
  facet normal -0.99999337 -0.00364130494 0
    outer loop
      vertex 5.82476521 0.530038714 0.067498751
      vertex 5.82476521 0.530038714 0.0700000003
      vertex 5.8247304 0.539598167 0.0700000003
    endloop
  endfacet
  facet normal -0.999993371 -0.00364128224 -0
    outer loop
      vertex 5.82466125 0.558717132 0.0700000003
      vertex 5.82462645 0.568276644 0.0700000003
      vertex 5.82466125 0.558717132 0.067498751
    endloop
  endfacet
  facet normal -0.99999337 -0.00364130494 0
    outer loop
      vertex 5.82469606 0.549157679 0.067498751
      vertex 5.82469606 0.549157679 0.0700000003
      vertex 5.82466125 0.558717132 0.0700000003
    endloop
  endfacet
  facet normal -0.99999337 -0.00364130494 0
    outer loop
      vertex 5.82459164 0.577836096 0.067498751
      vertex 5.82462645 0.568276644 0.067498751
      vertex 5.82459164 0.577836096 0.0700000003
    endloop
  endfacet
  facet normal -0.99999337 -0.00364130494 0
    outer loop
      vertex 5.82459164 0.577836096 0.0700000003
      vertex 5.82462645 0.568276644 0.067498751
      vertex 5.82462645 0.568276644 0.0700000003
    endloop
  endfacet
  facet normal -0.999993371 -0.00364128224 -0
    outer loop
      vertex 5.8245225 0.596955121 0.0700000003
      vertex 5.8245225 0.596955121 0.067498751
      vertex 5.8245573 0.587395608 0.067498751
    endloop
  endfacet
  facet normal -0.999993371 -0.00364128224 -0
    outer loop
      vertex 5.82445288 0.616074085 0.0700000003
      vertex 5.82445288 0.616074085 0.067498751
      vertex 5.82448769 0.606514573 0.067498751
    endloop
  endfacet
  facet normal -0.99999337 -0.00364130494 -0
    outer loop
      vertex 5.82441807 0.625633538 0.0700000003
      vertex 5.82441807 0.625633538 0.067498751
      vertex 5.82445288 0.616074085 0.067498751
    endloop
  endfacet
  facet normal -0.99999337 -0.00364130494 0
    outer loop
      vertex 5.82448769 0.606514573 0.067498751
      vertex 5.8245225 0.596955121 0.067498751
      vertex 5.8245225 0.596955121 0.0700000003
    endloop
  endfacet
  facet normal -0.99999337 -0.00364130494 0
    outer loop
      vertex 5.82448769 0.606514573 0.067498751
      vertex 5.8245225 0.596955121 0.0700000003
      vertex 5.82448769 0.606514573 0.0700000003
    endloop
  endfacet
  facet normal -0.999993551 -0.00359140231 0
    outer loop
      vertex 5.82459164 0.577836096 0.067498751
      vertex 5.82459164 0.577836096 0.0700000003
      vertex 5.8245573 0.587395608 0.0700000003
    endloop
  endfacet
  facet normal -0.999993371 -0.00364128224 -0
    outer loop
      vertex 5.8245573 0.587395608 0.0700000003
      vertex 5.8245225 0.596955121 0.0700000003
      vertex 5.8245573 0.587395608 0.067498751
    endloop
  endfacet
  facet normal -0.999993371 -0.00364128224 -0
    outer loop
      vertex 5.82448769 0.606514573 0.0700000003
      vertex 5.82445288 0.616074085 0.0700000003
      vertex 5.82448769 0.606514573 0.067498751
    endloop
  endfacet
  facet normal -0.99999337 -0.00364130494 0
    outer loop
      vertex 5.82441807 0.625633538 0.0700000003
      vertex 5.82445288 0.616074085 0.067498751
      vertex 5.82445288 0.616074085 0.0700000003
    endloop
  endfacet
  facet normal -0.999993551 -0.00359140231 0
    outer loop
      vertex 5.8245573 0.587395608 0.067498751
      vertex 5.82459164 0.577836096 0.067498751
      vertex 5.8245573 0.587395608 0.0700000003
    endloop
  endfacet
  facet normal 0.00362885017 -0.999993416 0
    outer loop
      vertex 5.82441807 0.625633538 0.067498751
      vertex 5.82441807 0.625633538 0.0700000003
      vertex 5.81590986 0.625602663 0.0700000003
    endloop
  endfacet
  facet normal 0.00362885017 -0.999993416 0
    outer loop
      vertex 5.82441807 0.625633538 0.067498751
      vertex 5.81590986 0.625602663 0.0700000003
      vertex 5.81590986 0.625602663 0.067498751
    endloop
  endfacet
  facet normal 0.00362864681 -0.999993416 0
    outer loop
      vertex 5.81590986 0.625602663 0.067498751
      vertex 5.81590986 0.625602663 0.0700000003
      vertex 5.80740118 0.625571787 0.0700000003
    endloop
  endfacet
  facet normal 0.00362864681 -0.999993416 0
    outer loop
      vertex 5.81590986 0.625602663 0.067498751
      vertex 5.80740118 0.625571787 0.0700000003
      vertex 5.80740118 0.625571787 0.067498751
    endloop
  endfacet
  facet normal 0.00362885017 -0.999993416 0
    outer loop
      vertex 5.80740118 0.625571787 0.067498751
      vertex 5.80740118 0.625571787 0.0700000003
      vertex 5.79889297 0.625540912 0.0700000003
    endloop
  endfacet
  facet normal 0.00362885017 -0.999993416 0
    outer loop
      vertex 5.80740118 0.625571787 0.067498751
      vertex 5.79889297 0.625540912 0.0700000003
      vertex 5.79889297 0.625540912 0.067498751
    endloop
  endfacet
  facet normal 0.00362885017 -0.999993416 0
    outer loop
      vertex 5.79038429 0.625510037 0.067498751
      vertex 5.79038429 0.625510037 0.0700000003
      vertex 5.78187609 0.625479162 0.0700000003
    endloop
  endfacet
  facet normal 0.00362885017 -0.999993416 0
    outer loop
      vertex 5.79038429 0.625510037 0.067498751
      vertex 5.78187609 0.625479162 0.0700000003
      vertex 5.78187609 0.625479162 0.067498751
    endloop
  endfacet
  facet normal 0.00362864681 -0.999993416 0
    outer loop
      vertex 5.78187609 0.625479162 0.067498751
      vertex 5.78187609 0.625479162 0.0700000003
      vertex 5.7733674 0.625448287 0.0700000003
    endloop
  endfacet
  facet normal 0.00362864681 -0.999993416 0
    outer loop
      vertex 5.78187609 0.625479162 0.067498751
      vertex 5.7733674 0.625448287 0.0700000003
      vertex 5.7733674 0.625448287 0.067498751
    endloop
  endfacet
  facet normal 0.00362864681 -0.999993416 0
    outer loop
      vertex 5.79038429 0.625510037 0.0700000003
      vertex 5.79038429 0.625510037 0.067498751
      vertex 5.79889297 0.625540912 0.067498751
    endloop
  endfacet
  facet normal 0.00362864681 -0.999993416 0
    outer loop
      vertex 5.79038429 0.625510037 0.0700000003
      vertex 5.79889297 0.625540912 0.067498751
      vertex 5.79889297 0.625540912 0.0700000003
    endloop
  endfacet
  facet normal 0.999993371 0.00364128224 0
    outer loop
      vertex 5.7733674 0.625448287 0.0700000003
      vertex 5.77340221 0.615888774 0.067498751
      vertex 5.7733674 0.625448287 0.067498751
    endloop
  endfacet
  facet normal 0.999993371 0.00364128224 0
    outer loop
      vertex 5.77343702 0.606329322 0.0700000003
      vertex 5.77347183 0.59676981 0.067498751
      vertex 5.77343702 0.606329322 0.067498751
    endloop
  endfacet
  facet normal 0.999993371 0.00364128224 0
    outer loop
      vertex 5.77347183 0.59676981 0.0700000003
      vertex 5.77350664 0.587210298 0.067498751
      vertex 5.77347183 0.59676981 0.067498751
    endloop
  endfacet
  facet normal 0.99999337 0.00364130494 0
    outer loop
      vertex 5.77340221 0.615888774 0.0700000003
      vertex 5.77343702 0.606329322 0.067498751
      vertex 5.77340221 0.615888774 0.067498751
    endloop
  endfacet
  facet normal 0.99999337 0.00364130494 0
    outer loop
      vertex 5.77340221 0.615888774 0.0700000003
      vertex 5.77343702 0.606329322 0.0700000003
      vertex 5.77343702 0.606329322 0.067498751
    endloop
  endfacet
  facet normal 0.999993371 0.00364128224 -0
    outer loop
      vertex 5.77340221 0.615888774 0.067498751
      vertex 5.7733674 0.625448287 0.0700000003
      vertex 5.77340221 0.615888774 0.0700000003
    endloop
  endfacet
  facet normal 0.999993371 0.00364128224 0
    outer loop
      vertex 5.77347183 0.59676981 0.0700000003
      vertex 5.77350664 0.587210298 0.0700000003
      vertex 5.77350664 0.587210298 0.067498751
    endloop
  endfacet
  facet normal 0.999993371 0.00364128224 -0
    outer loop
      vertex 5.77347183 0.59676981 0.067498751
      vertex 5.77343702 0.606329322 0.0700000003
      vertex 5.77347183 0.59676981 0.0700000003
    endloop
  endfacet
  facet normal 0.999993551 0.0035914247 0
    outer loop
      vertex 5.77354097 0.577650845 0.0700000003
      vertex 5.77354097 0.577650845 0.067498751
      vertex 5.77350664 0.587210298 0.0700000003
    endloop
  endfacet
  facet normal 0.999993551 0.0035914247 0
    outer loop
      vertex 5.77350664 0.587210298 0.0700000003
      vertex 5.77354097 0.577650845 0.067498751
      vertex 5.77350664 0.587210298 0.067498751
    endloop
  endfacet
  facet normal 0.99999337 0.00364130494 0
    outer loop
      vertex 5.77357578 0.568091333 0.0700000003
      vertex 5.77361059 0.55853188 0.067498751
      vertex 5.77357578 0.568091333 0.067498751
    endloop
  endfacet
  facet normal 0.999993551 0.0035914247 0
    outer loop
      vertex 5.7736454 0.548972368 0.0700000003
      vertex 5.77367973 0.539412916 0.067498751
      vertex 5.7736454 0.548972368 0.067498751
    endloop
  endfacet
  facet normal 0.999993371 0.00364128224 0
    outer loop
      vertex 5.77367973 0.539412916 0.0700000003
      vertex 5.77371454 0.529853404 0.067498751
      vertex 5.77367973 0.539412916 0.067498751
    endloop
  endfacet
  facet normal 0.999993371 0.00364128224 0
    outer loop
      vertex 5.77361059 0.55853188 0.0700000003
      vertex 5.7736454 0.548972368 0.067498751
      vertex 5.77361059 0.55853188 0.067498751
    endloop
  endfacet
  facet normal 0.999993371 0.00364128224 0
    outer loop
      vertex 5.77354097 0.577650845 0.0700000003
      vertex 5.77357578 0.568091333 0.0700000003
      vertex 5.77357578 0.568091333 0.067498751
    endloop
  endfacet
  facet normal 0.99999337 0.00364130494 0
    outer loop
      vertex 5.77357578 0.568091333 0.0700000003
      vertex 5.77361059 0.55853188 0.0700000003
      vertex 5.77361059 0.55853188 0.067498751
    endloop
  endfacet
  facet normal 0.999993551 0.0035914247 0
    outer loop
      vertex 5.7736454 0.548972368 0.0700000003
      vertex 5.77367973 0.539412916 0.0700000003
      vertex 5.77367973 0.539412916 0.067498751
    endloop
  endfacet
  facet normal 0.999993371 0.00364128224 0
    outer loop
      vertex 5.77371454 0.529853404 0.0700000003
      vertex 5.77371454 0.529853404 0.067498751
      vertex 5.77367973 0.539412916 0.0700000003
    endloop
  endfacet
  facet normal 0.999993371 0.00364128224 0
    outer loop
      vertex 5.77361059 0.55853188 0.0700000003
      vertex 5.7736454 0.548972368 0.0700000003
      vertex 5.7736454 0.548972368 0.067498751
    endloop
  endfacet
  facet normal 0.999993371 0.00364128224 -0
    outer loop
      vertex 5.77354097 0.577650845 0.067498751
      vertex 5.77354097 0.577650845 0.0700000003
      vertex 5.77357578 0.568091333 0.067498751
    endloop
  endfacet
  facet normal 0 0 1
    outer loop
      vertex 5.78621721 0.601595879 0.067498751
      vertex 5.786304 0.577697158 0.067498751
      vertex 5.79906654 0.577743471 0.067498751
    endloop
  endfacet
  facet normal -0 0 1
    outer loop
      vertex 5.78621721 0.601595879 0.067498751
      vertex 5.79906654 0.577743471 0.067498751
      vertex 5.79897976 0.601642191 0.067498751
    endloop
  endfacet
  facet normal 0 0 1
    outer loop
      vertex 5.79897976 0.601642191 0.067498751
      vertex 5.79906654 0.577743471 0.067498751
      vertex 5.81182909 0.577789783 0.067498751
    endloop
  endfacet
  facet normal -0 0 1
    outer loop
      vertex 5.79897976 0.601642191 0.067498751
      vertex 5.81182909 0.577789783 0.067498751
      vertex 5.81174231 0.601688504 0.067498751
    endloop
  endfacet
  facet normal 0 0 1
    outer loop
      vertex 5.79906654 0.577743471 0.067498751
      vertex 5.79915333 0.55384475 0.067498751
      vertex 5.81191587 0.553891063 0.067498751
    endloop
  endfacet
  facet normal -0 0 1
    outer loop
      vertex 5.79906654 0.577743471 0.067498751
      vertex 5.81191587 0.553891063 0.067498751
      vertex 5.81182909 0.577789783 0.067498751
    endloop
  endfacet
  facet normal 0 0 1
    outer loop
      vertex 5.786304 0.577697158 0.067498751
      vertex 5.7863903 0.553798437 0.067498751
      vertex 5.79915333 0.55384475 0.067498751
    endloop
  endfacet
  facet normal -0 0 1
    outer loop
      vertex 5.786304 0.577697158 0.067498751
      vertex 5.79915333 0.55384475 0.067498751
      vertex 5.79906654 0.577743471 0.067498751
    endloop
  endfacet
  facet normal 0 0 1
    outer loop
      vertex 5.81191587 0.553891063 0.067498751
      vertex 5.82476521 0.530038714 0.067498751
      vertex 5.8247304 0.539598167 0.067498751
    endloop
  endfacet
  facet normal -0 0 1
    outer loop
      vertex 5.81191587 0.553891063 0.067498751
      vertex 5.82469606 0.549157679 0.067498751
      vertex 5.82466125 0.558717132 0.067498751
    endloop
  endfacet
  facet normal 0 0 1
    outer loop
      vertex 5.82469606 0.549157679 0.067498751
      vertex 5.81191587 0.553891063 0.067498751
      vertex 5.8247304 0.539598167 0.067498751
    endloop
  endfacet
  facet normal 0 0 1
    outer loop
      vertex 5.81191587 0.553891063 0.067498751
      vertex 5.82466125 0.558717132 0.067498751
      vertex 5.82462645 0.568276644 0.067498751
    endloop
  endfacet
  facet normal 0 -0 1
    outer loop
      vertex 5.81191587 0.553891063 0.067498751
      vertex 5.82462645 0.568276644 0.067498751
      vertex 5.81182909 0.577789783 0.067498751
    endloop
  endfacet
  facet normal 0 0 1
    outer loop
      vertex 5.8245573 0.587395608 0.067498751
      vertex 5.81182909 0.577789783 0.067498751
      vertex 5.82459164 0.577836096 0.067498751
    endloop
  endfacet
  facet normal 0 0 1
    outer loop
      vertex 5.82462645 0.568276644 0.067498751
      vertex 5.82459164 0.577836096 0.067498751
      vertex 5.81182909 0.577789783 0.067498751
    endloop
  endfacet
  facet normal 0 0 1
    outer loop
      vertex 5.81191587 0.553891063 0.067498751
      vertex 5.79915333 0.55384475 0.067498751
      vertex 5.82476521 0.530038714 0.067498751
    endloop
  endfacet
  facet normal 0 0 1
    outer loop
      vertex 5.81174231 0.601688504 0.067498751
      vertex 5.8245573 0.587395608 0.067498751
      vertex 5.8245225 0.596955121 0.067498751
    endloop
  endfacet
  facet normal 0 0 1
    outer loop
      vertex 5.81174231 0.601688504 0.067498751
      vertex 5.82448769 0.606514573 0.067498751
      vertex 5.82445288 0.616074085 0.067498751
    endloop
  endfacet
  facet normal 0 0 1
    outer loop
      vertex 5.82448769 0.606514573 0.067498751
      vertex 5.81174231 0.601688504 0.067498751
      vertex 5.8245225 0.596955121 0.067498751
    endloop
  endfacet
  facet normal 0 0 1
    outer loop
      vertex 5.82441807 0.625633538 0.067498751
      vertex 5.81590986 0.625602663 0.067498751
      vertex 5.82445288 0.616074085 0.067498751
    endloop
  endfacet
  facet normal 0 0 1
    outer loop
      vertex 5.81174231 0.601688504 0.067498751
      vertex 5.82445288 0.616074085 0.067498751
      vertex 5.81590986 0.625602663 0.067498751
    endloop
  endfacet
  facet normal 0 -0 1
    outer loop
      vertex 5.81174231 0.601688504 0.067498751
      vertex 5.81590986 0.625602663 0.067498751
      vertex 5.80740118 0.625571787 0.067498751
    endloop
  endfacet
  facet normal 0 0 1
    outer loop
      vertex 5.80740118 0.625571787 0.067498751
      vertex 5.79889297 0.625540912 0.067498751
      vertex 5.79897976 0.601642191 0.067498751
    endloop
  endfacet
  facet normal 0 0 1
    outer loop
      vertex 5.81174231 0.601688504 0.067498751
      vertex 5.80740118 0.625571787 0.067498751
      vertex 5.79897976 0.601642191 0.067498751
    endloop
  endfacet
  facet normal 0 0 1
    outer loop
      vertex 5.81174231 0.601688504 0.067498751
      vertex 5.81182909 0.577789783 0.067498751
      vertex 5.8245573 0.587395608 0.067498751
    endloop
  endfacet
  facet normal -0 0 1
    outer loop
      vertex 5.7863903 0.553798437 0.067498751
      vertex 5.77371454 0.529853404 0.067498751
      vertex 5.79915333 0.55384475 0.067498751
    endloop
  endfacet
  facet normal 0 0 1
    outer loop
      vertex 5.82476521 0.530038714 0.067498751
      vertex 5.79915333 0.55384475 0.067498751
      vertex 5.77371454 0.529853404 0.067498751
    endloop
  endfacet
  facet normal 0 0 1
    outer loop
      vertex 5.786304 0.577697158 0.067498751
      vertex 5.77357578 0.568091333 0.067498751
      vertex 5.77361059 0.55853188 0.067498751
    endloop
  endfacet
  facet normal 0 0 1
    outer loop
      vertex 5.786304 0.577697158 0.067498751
      vertex 5.77361059 0.55853188 0.067498751
      vertex 5.7863903 0.553798437 0.067498751
    endloop
  endfacet
  facet normal -0 0 1
    outer loop
      vertex 5.77367973 0.539412916 0.067498751
      vertex 5.77371454 0.529853404 0.067498751
      vertex 5.7863903 0.553798437 0.067498751
    endloop
  endfacet
  facet normal 0 0 1
    outer loop
      vertex 5.7863903 0.553798437 0.067498751
      vertex 5.7736454 0.548972368 0.067498751
      vertex 5.77367973 0.539412916 0.067498751
    endloop
  endfacet
  facet normal 0 0 1
    outer loop
      vertex 5.786304 0.577697158 0.067498751
      vertex 5.77354097 0.577650845 0.067498751
      vertex 5.77357578 0.568091333 0.067498751
    endloop
  endfacet
  facet normal 0 0 1
    outer loop
      vertex 5.7863903 0.553798437 0.067498751
      vertex 5.77361059 0.55853188 0.067498751
      vertex 5.7736454 0.548972368 0.067498751
    endloop
  endfacet
  facet normal 0 0 1
    outer loop
      vertex 5.77350664 0.587210298 0.067498751
      vertex 5.77354097 0.577650845 0.067498751
      vertex 5.786304 0.577697158 0.067498751
    endloop
  endfacet
  facet normal 0 0 1
    outer loop
      vertex 5.79897976 0.601642191 0.067498751
      vertex 5.79889297 0.625540912 0.067498751
      vertex 5.79038429 0.625510037 0.067498751
    endloop
  endfacet
  facet normal 0 0 1
    outer loop
      vertex 5.79897976 0.601642191 0.067498751
      vertex 5.79038429 0.625510037 0.067498751
      vertex 5.78621721 0.601595879 0.067498751
    endloop
  endfacet
  facet normal 0 -0 1
    outer loop
      vertex 5.78621721 0.601595879 0.067498751
      vertex 5.79038429 0.625510037 0.067498751
      vertex 5.78187609 0.625479162 0.067498751
    endloop
  endfacet
  facet normal 0 0 1
    outer loop
      vertex 5.78187609 0.625479162 0.067498751
      vertex 5.77340221 0.615888774 0.067498751
      vertex 5.78621721 0.601595879 0.067498751
    endloop
  endfacet
  facet normal 0 0 1
    outer loop
      vertex 5.78621721 0.601595879 0.067498751
      vertex 5.77347183 0.59676981 0.067498751
      vertex 5.77350664 0.587210298 0.067498751
    endloop
  endfacet
  facet normal 0 0 1
    outer loop
      vertex 5.78621721 0.601595879 0.067498751
      vertex 5.77340221 0.615888774 0.067498751
      vertex 5.77343702 0.606329322 0.067498751
    endloop
  endfacet
  facet normal 0 0 1
    outer loop
      vertex 5.78187609 0.625479162 0.067498751
      vertex 5.7733674 0.625448287 0.067498751
      vertex 5.77340221 0.615888774 0.067498751
    endloop
  endfacet
  facet normal 0 0 1
    outer loop
      vertex 5.78621721 0.601595879 0.067498751
      vertex 5.77343702 0.606329322 0.067498751
      vertex 5.77347183 0.59676981 0.067498751
    endloop
  endfacet
  facet normal 0 0 1
    outer loop
      vertex 5.78621721 0.601595879 0.067498751
      vertex 5.77350664 0.587210298 0.067498751
      vertex 5.786304 0.577697158 0.067498751
    endloop
  endfacet
  facet normal -0.99999337 -0.00364130494 0
    outer loop
      vertex 5.82445288 0.616074085 -0.0700000003
      vertex 5.82445288 0.616074085 -0.067498751
      vertex 5.82441807 0.625633538 -0.067498751
    endloop
  endfacet
  facet normal -0.99999337 -0.00364130494 0
    outer loop
      vertex 5.82448769 0.606514573 -0.0700000003
      vertex 5.8245225 0.596955121 -0.067498751
      vertex 5.82448769 0.606514573 -0.067498751
    endloop
  endfacet
  facet normal -0.999993371 -0.00364128224 0
    outer loop
      vertex 5.8245225 0.596955121 -0.0700000003
      vertex 5.8245573 0.587395608 -0.067498751
      vertex 5.8245225 0.596955121 -0.067498751
    endloop
  endfacet
  facet normal -0.999993371 -0.00364128224 0
    outer loop
      vertex 5.82448769 0.606514573 -0.0700000003
      vertex 5.82448769 0.606514573 -0.067498751
      vertex 5.82445288 0.616074085 -0.067498751
    endloop
  endfacet
  facet normal -0.999993371 -0.00364128224 0
    outer loop
      vertex 5.82445288 0.616074085 -0.0700000003
      vertex 5.82448769 0.606514573 -0.0700000003
      vertex 5.82445288 0.616074085 -0.067498751
    endloop
  endfacet
  facet normal -0.99999337 -0.00364130494 -0
    outer loop
      vertex 5.82441807 0.625633538 -0.067498751
      vertex 5.82441807 0.625633538 -0.0700000003
      vertex 5.82445288 0.616074085 -0.0700000003
    endloop
  endfacet
  facet normal -0.999993371 -0.00364128224 0
    outer loop
      vertex 5.8245225 0.596955121 -0.0700000003
      vertex 5.8245573 0.587395608 -0.0700000003
      vertex 5.8245573 0.587395608 -0.067498751
    endloop
  endfacet
  facet normal -0.999993551 -0.00359140231 -0
    outer loop
      vertex 5.82459164 0.577836096 -0.067498751
      vertex 5.8245573 0.587395608 -0.0700000003
      vertex 5.82459164 0.577836096 -0.0700000003
    endloop
  endfacet
  facet normal -0.99999337 -0.00364130494 -0
    outer loop
      vertex 5.8245225 0.596955121 -0.067498751
      vertex 5.82448769 0.606514573 -0.0700000003
      vertex 5.8245225 0.596955121 -0.0700000003
    endloop
  endfacet
  facet normal -0.999993551 -0.00359140231 0
    outer loop
      vertex 5.82459164 0.577836096 -0.067498751
      vertex 5.8245573 0.587395608 -0.067498751
      vertex 5.8245573 0.587395608 -0.0700000003
    endloop
  endfacet
  facet normal -0.99999337 -0.00364130494 0
    outer loop
      vertex 5.82459164 0.577836096 -0.0700000003
      vertex 5.82462645 0.568276644 -0.0700000003
      vertex 5.82462645 0.568276644 -0.067498751
    endloop
  endfacet
  facet normal -0.99999337 -0.00364130494 0
    outer loop
      vertex 5.82466125 0.558717132 -0.0700000003
      vertex 5.82469606 0.549157679 -0.067498751
      vertex 5.82466125 0.558717132 -0.067498751
    endloop
  endfacet
  facet normal -0.999993551 -0.00359140231 0
    outer loop
      vertex 5.82469606 0.549157679 -0.0700000003
      vertex 5.8247304 0.539598167 -0.067498751
      vertex 5.82469606 0.549157679 -0.067498751
    endloop
  endfacet
  facet normal -0.999993371 -0.00364128224 0
    outer loop
      vertex 5.82462645 0.568276644 -0.0700000003
      vertex 5.82466125 0.558717132 -0.067498751
      vertex 5.82462645 0.568276644 -0.067498751
    endloop
  endfacet
  facet normal -0.99999337 -0.00364130494 0
    outer loop
      vertex 5.82466125 0.558717132 -0.0700000003
      vertex 5.82469606 0.549157679 -0.0700000003
      vertex 5.82469606 0.549157679 -0.067498751
    endloop
  endfacet
  facet normal -0.999993371 -0.00364128224 -0
    outer loop
      vertex 5.82466125 0.558717132 -0.067498751
      vertex 5.82462645 0.568276644 -0.0700000003
      vertex 5.82466125 0.558717132 -0.0700000003
    endloop
  endfacet
  facet normal -0.99999337 -0.00364130494 0
    outer loop
      vertex 5.82476521 0.530038714 -0.0700000003
      vertex 5.82476521 0.530038714 -0.067498751
      vertex 5.8247304 0.539598167 -0.0700000003
    endloop
  endfacet
  facet normal -0.999993551 -0.00359140231 -0
    outer loop
      vertex 5.8247304 0.539598167 -0.067498751
      vertex 5.82469606 0.549157679 -0.0700000003
      vertex 5.8247304 0.539598167 -0.0700000003
    endloop
  endfacet
  facet normal -0.99999337 -0.00364130494 0
    outer loop
      vertex 5.82476521 0.530038714 -0.067498751
      vertex 5.8247304 0.539598167 -0.067498751
      vertex 5.8247304 0.539598167 -0.0700000003
    endloop
  endfacet
  facet normal -0.99999337 -0.00364130494 -0
    outer loop
      vertex 5.82459164 0.577836096 -0.067498751
      vertex 5.82459164 0.577836096 -0.0700000003
      vertex 5.82462645 0.568276644 -0.067498751
    endloop
  endfacet
  facet normal 0.999993371 0.00364128224 -0
    outer loop
      vertex 5.77367973 0.539412916 -0.0700000003
      vertex 5.77367973 0.539412916 -0.067498751
      vertex 5.77371454 0.529853404 -0.067498751
    endloop
  endfacet
  facet normal 0.999993371 0.00364128224 -0
    outer loop
      vertex 5.77361059 0.55853188 -0.0700000003
      vertex 5.77361059 0.55853188 -0.067498751
      vertex 5.7736454 0.548972368 -0.067498751
    endloop
  endfacet
  facet normal 0.99999337 0.00364130494 -0
    outer loop
      vertex 5.77357578 0.568091333 -0.0700000003
      vertex 5.77357578 0.568091333 -0.067498751
      vertex 5.77361059 0.55853188 -0.067498751
    endloop
  endfacet
  facet normal 0.999993551 0.0035914247 -0
    outer loop
      vertex 5.7736454 0.548972368 -0.0700000003
      vertex 5.7736454 0.548972368 -0.067498751
      vertex 5.77367973 0.539412916 -0.067498751
    endloop
  endfacet
  facet normal 0.999993371 0.00364128224 -0
    outer loop
      vertex 5.77371454 0.529853404 -0.0700000003
      vertex 5.77367973 0.539412916 -0.0700000003
      vertex 5.77371454 0.529853404 -0.067498751
    endloop
  endfacet
  facet normal 0.999993551 0.0035914247 -0
    outer loop
      vertex 5.77367973 0.539412916 -0.0700000003
      vertex 5.7736454 0.548972368 -0.0700000003
      vertex 5.77367973 0.539412916 -0.067498751
    endloop
  endfacet
  facet normal 0.99999337 0.00364130494 -0
    outer loop
      vertex 5.77361059 0.55853188 -0.0700000003
      vertex 5.77357578 0.568091333 -0.0700000003
      vertex 5.77361059 0.55853188 -0.067498751
    endloop
  endfacet
  facet normal 0.999993371 0.00364128224 0
    outer loop
      vertex 5.77354097 0.577650845 -0.0700000003
      vertex 5.77357578 0.568091333 -0.067498751
      vertex 5.77357578 0.568091333 -0.0700000003
    endloop
  endfacet
  facet normal 0.999993371 0.00364128224 -0
    outer loop
      vertex 5.7736454 0.548972368 -0.0700000003
      vertex 5.77361059 0.55853188 -0.0700000003
      vertex 5.7736454 0.548972368 -0.067498751
    endloop
  endfacet
  facet normal 0.999993371 0.00364128224 -0
    outer loop
      vertex 5.77354097 0.577650845 -0.0700000003
      vertex 5.77354097 0.577650845 -0.067498751
      vertex 5.77357578 0.568091333 -0.067498751
    endloop
  endfacet
  facet normal 0.999993551 0.0035914247 -0
    outer loop
      vertex 5.77350664 0.587210298 -0.0700000003
      vertex 5.77350664 0.587210298 -0.067498751
      vertex 5.77354097 0.577650845 -0.067498751
    endloop
  endfacet
  facet normal 0.999993371 0.00364128224 -0
    outer loop
      vertex 5.77347183 0.59676981 -0.0700000003
      vertex 5.77343702 0.606329322 -0.067498751
      vertex 5.77347183 0.59676981 -0.067498751
    endloop
  endfacet
  facet normal 0.99999337 0.00364130494 0
    outer loop
      vertex 5.77340221 0.615888774 -0.067498751
      vertex 5.77343702 0.606329322 -0.067498751
      vertex 5.77343702 0.606329322 -0.0700000003
    endloop
  endfacet
  facet normal 0.99999337 0.00364130494 0
    outer loop
      vertex 5.77340221 0.615888774 -0.067498751
      vertex 5.77343702 0.606329322 -0.0700000003
      vertex 5.77340221 0.615888774 -0.0700000003
    endloop
  endfacet
  facet normal 0.999993371 0.00364128224 -0
    outer loop
      vertex 5.77350664 0.587210298 -0.0700000003
      vertex 5.77347183 0.59676981 -0.067498751
      vertex 5.77350664 0.587210298 -0.067498751
    endloop
  endfacet
  facet normal 0.999993371 0.00364128224 0
    outer loop
      vertex 5.77347183 0.59676981 -0.0700000003
      vertex 5.77343702 0.606329322 -0.0700000003
      vertex 5.77343702 0.606329322 -0.067498751
    endloop
  endfacet
  facet normal 0.999993371 0.00364128224 0
    outer loop
      vertex 5.77347183 0.59676981 -0.067498751
      vertex 5.77350664 0.587210298 -0.0700000003
      vertex 5.77347183 0.59676981 -0.0700000003
    endloop
  endfacet
  facet normal 0.999993371 0.00364128224 0
    outer loop
      vertex 5.77340221 0.615888774 -0.0700000003
      vertex 5.7733674 0.625448287 -0.0700000003
      vertex 5.7733674 0.625448287 -0.067498751
    endloop
  endfacet
  facet normal 0.999993371 0.00364128224 -0
    outer loop
      vertex 5.77340221 0.615888774 -0.0700000003
      vertex 5.7733674 0.625448287 -0.067498751
      vertex 5.77340221 0.615888774 -0.067498751
    endloop
  endfacet
  facet normal 0.999993551 0.0035914247 -0
    outer loop
      vertex 5.77354097 0.577650845 -0.0700000003
      vertex 5.77350664 0.587210298 -0.0700000003
      vertex 5.77354097 0.577650845 -0.067498751
    endloop
  endfacet
  facet normal 0.00362864681 -0.999993416 0
    outer loop
      vertex 5.7733674 0.625448287 -0.067498751
      vertex 5.7733674 0.625448287 -0.0700000003
      vertex 5.78187609 0.625479162 -0.0700000003
    endloop
  endfacet
  facet normal 0.00362864681 -0.999993416 0
    outer loop
      vertex 5.7733674 0.625448287 -0.067498751
      vertex 5.78187609 0.625479162 -0.0700000003
      vertex 5.78187609 0.625479162 -0.067498751
    endloop
  endfacet
  facet normal 0.00362885017 -0.999993416 0
    outer loop
      vertex 5.78187609 0.625479162 -0.067498751
      vertex 5.78187609 0.625479162 -0.0700000003
      vertex 5.79038429 0.625510037 -0.0700000003
    endloop
  endfacet
  facet normal 0.00362885017 -0.999993416 0
    outer loop
      vertex 5.78187609 0.625479162 -0.067498751
      vertex 5.79038429 0.625510037 -0.0700000003
      vertex 5.79038429 0.625510037 -0.067498751
    endloop
  endfacet
  facet normal 0.00362864681 -0.999993416 0
    outer loop
      vertex 5.79889297 0.625540912 -0.0700000003
      vertex 5.79889297 0.625540912 -0.067498751
      vertex 5.79038429 0.625510037 -0.067498751
    endloop
  endfacet
  facet normal 0.00362864681 -0.999993416 0
    outer loop
      vertex 5.79889297 0.625540912 -0.0700000003
      vertex 5.79038429 0.625510037 -0.067498751
      vertex 5.79038429 0.625510037 -0.0700000003
    endloop
  endfacet
  facet normal 0.00362885017 -0.999993416 0
    outer loop
      vertex 5.79889297 0.625540912 -0.067498751
      vertex 5.79889297 0.625540912 -0.0700000003
      vertex 5.80740118 0.625571787 -0.0700000003
    endloop
  endfacet
  facet normal 0.00362885017 -0.999993416 0
    outer loop
      vertex 5.79889297 0.625540912 -0.067498751
      vertex 5.80740118 0.625571787 -0.0700000003
      vertex 5.80740118 0.625571787 -0.067498751
    endloop
  endfacet
  facet normal 0.00362864681 -0.999993416 0
    outer loop
      vertex 5.80740118 0.625571787 -0.067498751
      vertex 5.80740118 0.625571787 -0.0700000003
      vertex 5.81590986 0.625602663 -0.0700000003
    endloop
  endfacet
  facet normal 0.00362864681 -0.999993416 0
    outer loop
      vertex 5.80740118 0.625571787 -0.067498751
      vertex 5.81590986 0.625602663 -0.0700000003
      vertex 5.81590986 0.625602663 -0.067498751
    endloop
  endfacet
  facet normal 0.00362885017 -0.999993416 0
    outer loop
      vertex 5.82441807 0.625633538 -0.0700000003
      vertex 5.82441807 0.625633538 -0.067498751
      vertex 5.81590986 0.625602663 -0.067498751
    endloop
  endfacet
  facet normal 0.00362885017 -0.999993416 0
    outer loop
      vertex 5.82441807 0.625633538 -0.0700000003
      vertex 5.81590986 0.625602663 -0.067498751
      vertex 5.81590986 0.625602663 -0.0700000003
    endloop
  endfacet
  facet normal 0 0 -1
    outer loop
      vertex 5.7863903 0.553798437 -0.067498751
      vertex 5.786304 0.577697158 -0.067498751
      vertex 5.79906654 0.577743471 -0.067498751
    endloop
  endfacet
  facet normal 0 0 -1
    outer loop
      vertex 5.7863903 0.553798437 -0.067498751
      vertex 5.79906654 0.577743471 -0.067498751
      vertex 5.79915333 0.55384475 -0.067498751
    endloop
  endfacet
  facet normal 0 0 -1
    outer loop
      vertex 5.79915333 0.55384475 -0.067498751
      vertex 5.79906654 0.577743471 -0.067498751
      vertex 5.81182909 0.577789783 -0.067498751
    endloop
  endfacet
  facet normal 0 0 -1
    outer loop
      vertex 5.79915333 0.55384475 -0.067498751
      vertex 5.81182909 0.577789783 -0.067498751
      vertex 5.81191587 0.553891063 -0.067498751
    endloop
  endfacet
  facet normal 0 0 -1
    outer loop
      vertex 5.79906654 0.577743471 -0.067498751
      vertex 5.79897976 0.601642191 -0.067498751
      vertex 5.81174231 0.601688504 -0.067498751
    endloop
  endfacet
  facet normal 0 0 -1
    outer loop
      vertex 5.79906654 0.577743471 -0.067498751
      vertex 5.81174231 0.601688504 -0.067498751
      vertex 5.81182909 0.577789783 -0.067498751
    endloop
  endfacet
  facet normal 0 0 -1
    outer loop
      vertex 5.786304 0.577697158 -0.067498751
      vertex 5.78621721 0.601595879 -0.067498751
      vertex 5.79897976 0.601642191 -0.067498751
    endloop
  endfacet
  facet normal 0 0 -1
    outer loop
      vertex 5.786304 0.577697158 -0.067498751
      vertex 5.79897976 0.601642191 -0.067498751
      vertex 5.79906654 0.577743471 -0.067498751
    endloop
  endfacet
  facet normal 0 0 -1
    outer loop
      vertex 5.81590986 0.625602663 -0.067498751
      vertex 5.82441807 0.625633538 -0.067498751
      vertex 5.82445288 0.616074085 -0.067498751
    endloop
  endfacet
  facet normal 0 0 -1
    outer loop
      vertex 5.81174231 0.601688504 -0.067498751
      vertex 5.82448769 0.606514573 -0.067498751
      vertex 5.8245225 0.596955121 -0.067498751
    endloop
  endfacet
  facet normal -0 0 -1
    outer loop
      vertex 5.82448769 0.606514573 -0.067498751
      vertex 5.81174231 0.601688504 -0.067498751
      vertex 5.82445288 0.616074085 -0.067498751
    endloop
  endfacet
  facet normal 0 0 -1
    outer loop
      vertex 5.81174231 0.601688504 -0.067498751
      vertex 5.80740118 0.625571787 -0.067498751
      vertex 5.81590986 0.625602663 -0.067498751
    endloop
  endfacet
  facet normal 0 0 -1
    outer loop
      vertex 5.79897976 0.601642191 -0.067498751
      vertex 5.79889297 0.625540912 -0.067498751
      vertex 5.80740118 0.625571787 -0.067498751
    endloop
  endfacet
  facet normal 0 0 -1
    outer loop
      vertex 5.79897976 0.601642191 -0.067498751
      vertex 5.80740118 0.625571787 -0.067498751
      vertex 5.81174231 0.601688504 -0.067498751
    endloop
  endfacet
  facet normal -0 0 -1
    outer loop
      vertex 5.82445288 0.616074085 -0.067498751
      vertex 5.81174231 0.601688504 -0.067498751
      vertex 5.81590986 0.625602663 -0.067498751
    endloop
  endfacet
  facet normal 0 0 -1
    outer loop
      vertex 5.8245573 0.587395608 -0.067498751
      vertex 5.81174231 0.601688504 -0.067498751
      vertex 5.8245225 0.596955121 -0.067498751
    endloop
  endfacet
  facet normal 0 0 -1
    outer loop
      vertex 5.81182909 0.577789783 -0.067498751
      vertex 5.8245573 0.587395608 -0.067498751
      vertex 5.82459164 0.577836096 -0.067498751
    endloop
  endfacet
  facet normal 0 0 -1
    outer loop
      vertex 5.81191587 0.553891063 -0.067498751
      vertex 5.82462645 0.568276644 -0.067498751
      vertex 5.82466125 0.558717132 -0.067498751
    endloop
  endfacet
  facet normal 0 0 -1
    outer loop
      vertex 5.82462645 0.568276644 -0.067498751
      vertex 5.81182909 0.577789783 -0.067498751
      vertex 5.82459164 0.577836096 -0.067498751
    endloop
  endfacet
  facet normal 0 -0 -1
    outer loop
      vertex 5.82466125 0.558717132 -0.067498751
      vertex 5.82469606 0.549157679 -0.067498751
      vertex 5.81191587 0.553891063 -0.067498751
    endloop
  endfacet
  facet normal 0 0 -1
    outer loop
      vertex 5.81191587 0.553891063 -0.067498751
      vertex 5.82469606 0.549157679 -0.067498751
      vertex 5.8247304 0.539598167 -0.067498751
    endloop
  endfacet
  facet normal 0 0 -1
    outer loop
      vertex 5.81191587 0.553891063 -0.067498751
      vertex 5.8247304 0.539598167 -0.067498751
      vertex 5.82476521 0.530038714 -0.067498751
    endloop
  endfacet
  facet normal 0 0 -1
    outer loop
      vertex 5.82476521 0.530038714 -0.067498751
      vertex 5.79915333 0.55384475 -0.067498751
      vertex 5.81191587 0.553891063 -0.067498751
    endloop
  endfacet
  facet normal 0 0 -1
    outer loop
      vertex 5.81182909 0.577789783 -0.067498751
      vertex 5.82462645 0.568276644 -0.067498751
      vertex 5.81191587 0.553891063 -0.067498751
    endloop
  endfacet
  facet normal 0 0 -1
    outer loop
      vertex 5.81182909 0.577789783 -0.067498751
      vertex 5.81174231 0.601688504 -0.067498751
      vertex 5.8245573 0.587395608 -0.067498751
    endloop
  endfacet
  facet normal 0 0 -1
    outer loop
      vertex 5.78621721 0.601595879 -0.067498751
      vertex 5.78187609 0.625479162 -0.067498751
      vertex 5.79038429 0.625510037 -0.067498751
    endloop
  endfacet
  facet normal 0 0 -1
    outer loop
      vertex 5.78621721 0.601595879 -0.067498751
      vertex 5.79038429 0.625510037 -0.067498751
      vertex 5.79889297 0.625540912 -0.067498751
    endloop
  endfacet
  facet normal 0 0 -1
    outer loop
      vertex 5.78621721 0.601595879 -0.067498751
      vertex 5.79889297 0.625540912 -0.067498751
      vertex 5.79897976 0.601642191 -0.067498751
    endloop
  endfacet
  facet normal 0 0 -1
    outer loop
      vertex 5.78621721 0.601595879 -0.067498751
      vertex 5.77340221 0.615888774 -0.067498751
      vertex 5.78187609 0.625479162 -0.067498751
    endloop
  endfacet
  facet normal 0 0 -1
    outer loop
      vertex 5.78187609 0.625479162 -0.067498751
      vertex 5.77340221 0.615888774 -0.067498751
      vertex 5.7733674 0.625448287 -0.067498751
    endloop
  endfacet
  facet normal -0 0 -1
    outer loop
      vertex 5.78621721 0.601595879 -0.067498751
      vertex 5.77347183 0.59676981 -0.067498751
      vertex 5.77343702 0.606329322 -0.067498751
    endloop
  endfacet
  facet normal 0 0 -1
    outer loop
      vertex 5.78621721 0.601595879 -0.067498751
      vertex 5.77350664 0.587210298 -0.067498751
      vertex 5.77347183 0.59676981 -0.067498751
    endloop
  endfacet
  facet normal 0 0 -1
    outer loop
      vertex 5.78621721 0.601595879 -0.067498751
      vertex 5.77343702 0.606329322 -0.067498751
      vertex 5.77340221 0.615888774 -0.067498751
    endloop
  endfacet
  facet normal 0 0 -1
    outer loop
      vertex 5.77350664 0.587210298 -0.067498751
      vertex 5.78621721 0.601595879 -0.067498751
      vertex 5.786304 0.577697158 -0.067498751
    endloop
  endfacet
  facet normal 0 0 -1
    outer loop
      vertex 5.7863903 0.553798437 -0.067498751
      vertex 5.77361059 0.55853188 -0.067498751
      vertex 5.77357578 0.568091333 -0.067498751
    endloop
  endfacet
  facet normal 0 0 -1
    outer loop
      vertex 5.7863903 0.553798437 -0.067498751
      vertex 5.77357578 0.568091333 -0.067498751
      vertex 5.786304 0.577697158 -0.067498751
    endloop
  endfacet
  facet normal 0 0 -1
    outer loop
      vertex 5.77350664 0.587210298 -0.067498751
      vertex 5.786304 0.577697158 -0.067498751
      vertex 5.77354097 0.577650845 -0.067498751
    endloop
  endfacet
  facet normal 0 0 -1
    outer loop
      vertex 5.77371454 0.529853404 -0.067498751
      vertex 5.7863903 0.553798437 -0.067498751
      vertex 5.79915333 0.55384475 -0.067498751
    endloop
  endfacet
  facet normal 0 0 -1
    outer loop
      vertex 5.77357578 0.568091333 -0.067498751
      vertex 5.77354097 0.577650845 -0.067498751
      vertex 5.786304 0.577697158 -0.067498751
    endloop
  endfacet
  facet normal 0 0 -1
    outer loop
      vertex 5.7863903 0.553798437 -0.067498751
      vertex 5.77367973 0.539412916 -0.067498751
      vertex 5.7736454 0.548972368 -0.067498751
    endloop
  endfacet
  facet normal 0 0 -1
    outer loop
      vertex 5.7863903 0.553798437 -0.067498751
      vertex 5.77371454 0.529853404 -0.067498751
      vertex 5.77367973 0.539412916 -0.067498751
    endloop
  endfacet
  facet normal -0 0 -1
    outer loop
      vertex 5.7863903 0.553798437 -0.067498751
      vertex 5.7736454 0.548972368 -0.067498751
      vertex 5.77361059 0.55853188 -0.067498751
    endloop
  endfacet
  facet normal -0 0 -1
    outer loop
      vertex 5.82476521 0.530038714 -0.067498751
      vertex 5.77371454 0.529853404 -0.067498751
      vertex 5.79915333 0.55384475 -0.067498751
    endloop
  endfacet
  facet normal -0.996689237 0.0813053803 0
    outer loop
      vertex 5.84066296 1.02081835 0.0700000003
      vertex 5.8414402 1.03034627 0.067498751
      vertex 5.84066296 1.02081835 0.067498751
    endloop
  endfacet
  facet normal -0.996685111 0.081355942 0
    outer loop
      vertex 5.84221792 1.0398742 0.0700000003
      vertex 5.84299564 1.049402 0.067498751
      vertex 5.84221792 1.0398742 0.067498751
    endloop
  endfacet
  facet normal -0.996689237 0.0813053803 0
    outer loop
      vertex 5.84299564 1.049402 0.0700000003
      vertex 5.84377289 1.05892992 0.067498751
      vertex 5.84299564 1.049402 0.067498751
    endloop
  endfacet
  facet normal -0.996685194 0.0813549309 0
    outer loop
      vertex 5.8414402 1.03034627 0.0700000003
      vertex 5.84221792 1.0398742 0.067498751
      vertex 5.8414402 1.03034627 0.067498751
    endloop
  endfacet
  facet normal -0.996685194 0.0813549309 0
    outer loop
      vertex 5.8414402 1.03034627 0.0700000003
      vertex 5.84221792 1.0398742 0.0700000003
      vertex 5.84221792 1.0398742 0.067498751
    endloop
  endfacet
  facet normal -0.996689237 0.0813053803 0
    outer loop
      vertex 5.8414402 1.03034627 0.067498751
      vertex 5.84066296 1.02081835 0.0700000003
      vertex 5.8414402 1.03034627 0.0700000003
    endloop
  endfacet
  facet normal -0.996689237 0.0813053803 0
    outer loop
      vertex 5.84299564 1.049402 0.0700000003
      vertex 5.84377289 1.05892992 0.0700000003
      vertex 5.84377289 1.05892992 0.067498751
    endloop
  endfacet
  facet normal -0.996685194 0.0813549309 0
    outer loop
      vertex 5.84455061 1.06845784 0.067498751
      vertex 5.84377289 1.05892992 0.0700000003
      vertex 5.84455061 1.06845784 0.0700000003
    endloop
  endfacet
  facet normal -0.996685111 0.081355942 0
    outer loop
      vertex 5.84299564 1.049402 0.067498751
      vertex 5.84221792 1.0398742 0.0700000003
      vertex 5.84299564 1.049402 0.0700000003
    endloop
  endfacet
  facet normal -0.996685194 0.0813549309 0
    outer loop
      vertex 5.84455061 1.06845784 0.067498751
      vertex 5.84377289 1.05892992 0.067498751
      vertex 5.84377289 1.05892992 0.0700000003
    endloop
  endfacet
  facet normal -0.996685111 0.081355942 0
    outer loop
      vertex 5.84455061 1.06845784 0.0700000003
      vertex 5.84532833 1.07798564 0.0700000003
      vertex 5.84532833 1.07798564 0.067498751
    endloop
  endfacet
  facet normal -0.996685111 0.081355942 0
    outer loop
      vertex 5.84610558 1.08751357 0.0700000003
      vertex 5.8468833 1.09704137 0.067498751
      vertex 5.84610558 1.08751357 0.067498751
    endloop
  endfacet
  facet normal -0.996685194 0.0813549309 0
    outer loop
      vertex 5.8468833 1.09704137 0.0700000003
      vertex 5.84766102 1.10656929 0.067498751
      vertex 5.8468833 1.09704137 0.067498751
    endloop
  endfacet
  facet normal -0.996689237 0.0813053803 0
    outer loop
      vertex 5.84532833 1.07798564 0.0700000003
      vertex 5.84610558 1.08751357 0.067498751
      vertex 5.84532833 1.07798564 0.067498751
    endloop
  endfacet
  facet normal -0.996689237 0.0813053803 0
    outer loop
      vertex 5.84610558 1.08751357 0.0700000003
      vertex 5.84610558 1.08751357 0.067498751
      vertex 5.84532833 1.07798564 0.0700000003
    endloop
  endfacet
  facet normal -0.996685111 0.081355942 0
    outer loop
      vertex 5.8468833 1.09704137 0.0700000003
      vertex 5.8468833 1.09704137 0.067498751
      vertex 5.84610558 1.08751357 0.0700000003
    endloop
  endfacet
  facet normal -0.996689237 0.0813053803 0
    outer loop
      vertex 5.84843826 1.11609721 0.0700000003
      vertex 5.84843826 1.11609721 0.067498751
      vertex 5.84766102 1.10656929 0.0700000003
    endloop
  endfacet
  facet normal -0.996685194 0.0813549309 0
    outer loop
      vertex 5.84766102 1.10656929 0.067498751
      vertex 5.8468833 1.09704137 0.0700000003
      vertex 5.84766102 1.10656929 0.0700000003
    endloop
  endfacet
  facet normal -0.996689237 0.0813053803 0
    outer loop
      vertex 5.84843826 1.11609721 0.067498751
      vertex 5.84766102 1.10656929 0.067498751
      vertex 5.84766102 1.10656929 0.0700000003
    endloop
  endfacet
  facet normal -0.996685111 0.081355942 0
    outer loop
      vertex 5.84455061 1.06845784 0.067498751
      vertex 5.84455061 1.06845784 0.0700000003
      vertex 5.84532833 1.07798564 0.067498751
    endloop
  endfacet
  facet normal 0.996689237 -0.0813053803 0
    outer loop
      vertex 5.79677916 1.11072171 0.0700000003
      vertex 5.79677916 1.11072171 0.067498751
      vertex 5.7975564 1.12024963 0.067498751
    endloop
  endfacet
  facet normal 0.996685111 -0.081355942 0
    outer loop
      vertex 5.79522371 1.09166598 0.0700000003
      vertex 5.79522371 1.09166598 0.067498751
      vertex 5.79600143 1.10119379 0.067498751
    endloop
  endfacet
  facet normal 0.996689237 -0.0813053803 0
    outer loop
      vertex 5.79444647 1.08213806 0.0700000003
      vertex 5.79444647 1.08213806 0.067498751
      vertex 5.79522371 1.09166598 0.067498751
    endloop
  endfacet
  facet normal 0.996685194 -0.0813549309 0
    outer loop
      vertex 5.79600143 1.10119379 0.0700000003
      vertex 5.79600143 1.10119379 0.067498751
      vertex 5.79677916 1.11072171 0.067498751
    endloop
  endfacet
  facet normal 0.996689237 -0.0813053803 0
    outer loop
      vertex 5.7975564 1.12024963 0.0700000003
      vertex 5.79677916 1.11072171 0.0700000003
      vertex 5.7975564 1.12024963 0.067498751
    endloop
  endfacet
  facet normal 0.996685194 -0.0813549309 0
    outer loop
      vertex 5.79600143 1.10119379 0.0700000003
      vertex 5.79677916 1.11072171 0.067498751
      vertex 5.79677916 1.11072171 0.0700000003
    endloop
  endfacet
  facet normal 0.996689237 -0.0813053803 0
    outer loop
      vertex 5.79522371 1.09166598 0.0700000003
      vertex 5.79444647 1.08213806 0.0700000003
      vertex 5.79522371 1.09166598 0.067498751
    endloop
  endfacet
  facet normal 0.996685111 -0.081355942 0
    outer loop
      vertex 5.79600143 1.10119379 0.067498751
      vertex 5.79600143 1.10119379 0.0700000003
      vertex 5.79522371 1.09166598 0.0700000003
    endloop
  endfacet
  facet normal 0.996685194 -0.0813549309 0
    outer loop
      vertex 5.79444647 1.08213806 0.067498751
      vertex 5.79444647 1.08213806 0.0700000003
      vertex 5.79366875 1.07261014 0.0700000003
    endloop
  endfacet
  facet normal 0.996685194 -0.0813549309 0
    outer loop
      vertex 5.79366875 1.07261014 0.0700000003
      vertex 5.79366875 1.07261014 0.067498751
      vertex 5.79444647 1.08213806 0.067498751
    endloop
  endfacet
  facet normal 0.996685111 -0.081355942 0
    outer loop
      vertex 5.79289103 1.06308234 0.0700000003
      vertex 5.79289103 1.06308234 0.067498751
      vertex 5.79366875 1.07261014 0.067498751
    endloop
  endfacet
  facet normal 0.996685111 -0.081355942 0
    outer loop
      vertex 5.79211378 1.05355442 0.0700000003
      vertex 5.79133606 1.04402661 0.067498751
      vertex 5.79211378 1.05355442 0.067498751
    endloop
  endfacet
  facet normal 0.996685194 -0.0813549309 0
    outer loop
      vertex 5.79055834 1.03449869 0.0700000003
      vertex 5.79055834 1.03449869 0.067498751
      vertex 5.79133606 1.04402661 0.067498751
    endloop
  endfacet
  facet normal 0.996689237 -0.0813053803 0
    outer loop
      vertex 5.79211378 1.05355442 0.0700000003
      vertex 5.79211378 1.05355442 0.067498751
      vertex 5.79289103 1.06308234 0.067498751
    endloop
  endfacet
  facet normal 0.996689237 -0.0813053803 0
    outer loop
      vertex 5.79211378 1.05355442 0.0700000003
      vertex 5.79289103 1.06308234 0.067498751
      vertex 5.79289103 1.06308234 0.0700000003
    endloop
  endfacet
  facet normal 0.996685111 -0.081355942 0
    outer loop
      vertex 5.79133606 1.04402661 0.0700000003
      vertex 5.79133606 1.04402661 0.067498751
      vertex 5.79211378 1.05355442 0.0700000003
    endloop
  endfacet
  facet normal 0.996689237 -0.0813053803 0
    outer loop
      vertex 5.79055834 1.03449869 0.0700000003
      vertex 5.78978109 1.02497077 0.0700000003
      vertex 5.79055834 1.03449869 0.067498751
    endloop
  endfacet
  facet normal 0.996685194 -0.0813549309 0
    outer loop
      vertex 5.79133606 1.04402661 0.067498751
      vertex 5.79133606 1.04402661 0.0700000003
      vertex 5.79055834 1.03449869 0.0700000003
    endloop
  endfacet
  facet normal 0.996689237 -0.0813053803 0
    outer loop
      vertex 5.78978109 1.02497077 0.0700000003
      vertex 5.78978109 1.02497077 0.067498751
      vertex 5.79055834 1.03449869 0.067498751
    endloop
  endfacet
  facet normal 0.996685111 -0.081355942 0
    outer loop
      vertex 5.79366875 1.07261014 0.0700000003
      vertex 5.79289103 1.06308234 0.0700000003
      vertex 5.79366875 1.07261014 0.067498751
    endloop
  endfacet
  facet normal 0.0813338889 0.996686911 0
    outer loop
      vertex 5.79826117 1.02427876 0.0700000003
      vertex 5.79826117 1.02427876 0.067498751
      vertex 5.78978109 1.02497077 0.067498751
    endloop
  endfacet
  facet normal 0.0813432635 0.996686146 -0
    outer loop
      vertex 5.79826117 1.02427876 0.067498751
      vertex 5.79826117 1.02427876 0.0700000003
      vertex 5.80674171 1.02358663 0.0700000003
    endloop
  endfacet
  facet normal 0.0813432635 0.996686146 0
    outer loop
      vertex 5.79826117 1.02427876 0.067498751
      vertex 5.80674171 1.02358663 0.0700000003
      vertex 5.80674171 1.02358663 0.067498751
    endloop
  endfacet
  facet normal 0.0813338889 0.996686911 -0
    outer loop
      vertex 5.78978109 1.02497077 0.067498751
      vertex 5.78978109 1.02497077 0.0700000003
      vertex 5.79826117 1.02427876 0.0700000003
    endloop
  endfacet
  facet normal 0.0813338889 0.996686911 0
    outer loop
      vertex 5.81522179 1.02289462 0.0700000003
      vertex 5.81522179 1.02289462 0.067498751
      vertex 5.80674171 1.02358663 0.0700000003
    endloop
  endfacet
  facet normal 0.0813338889 0.996686911 0
    outer loop
      vertex 5.81522179 1.02289462 0.067498751
      vertex 5.80674171 1.02358663 0.067498751
      vertex 5.80674171 1.02358663 0.0700000003
    endloop
  endfacet
  facet normal 0.0813432635 0.996686146 0
    outer loop
      vertex 5.82370234 1.02220249 0.0700000003
      vertex 5.82370234 1.02220249 0.067498751
      vertex 5.81522179 1.02289462 0.067498751
    endloop
  endfacet
  facet normal 0.0813338889 0.996686911 -0
    outer loop
      vertex 5.82370234 1.02220249 0.067498751
      vertex 5.82370234 1.02220249 0.0700000003
      vertex 5.83218241 1.02151048 0.0700000003
    endloop
  endfacet
  facet normal 0.0813338889 0.996686911 0
    outer loop
      vertex 5.82370234 1.02220249 0.067498751
      vertex 5.83218241 1.02151048 0.0700000003
      vertex 5.83218241 1.02151048 0.067498751
    endloop
  endfacet
  facet normal 0.0813432635 0.996686146 -0
    outer loop
      vertex 5.83218241 1.02151048 0.067498751
      vertex 5.83218241 1.02151048 0.0700000003
      vertex 5.84066296 1.02081835 0.0700000003
    endloop
  endfacet
  facet normal 0.0813432635 0.996686146 0
    outer loop
      vertex 5.83218241 1.02151048 0.067498751
      vertex 5.84066296 1.02081835 0.0700000003
      vertex 5.84066296 1.02081835 0.067498751
    endloop
  endfacet
  facet normal 0.0813432635 0.996686146 0
    outer loop
      vertex 5.81522179 1.02289462 0.0700000003
      vertex 5.82370234 1.02220249 0.0700000003
      vertex 5.81522179 1.02289462 0.067498751
    endloop
  endfacet
  facet normal 0 0 1
    outer loop
      vertex 5.83377409 1.0933156 0.067498751
      vertex 5.83183002 1.06949592 0.067498751
      vertex 5.83819056 1.06897688 0.067498751
    endloop
  endfacet
  facet normal 0 0 1
    outer loop
      vertex 5.83377409 1.0933156 0.067498751
      vertex 5.83819056 1.06897688 0.067498751
      vertex 5.84013414 1.09279656 0.067498751
    endloop
  endfacet
  facet normal 0 0 1
    outer loop
      vertex 5.83183002 1.06949592 0.067498751
      vertex 5.82988644 1.04567623 0.067498751
      vertex 5.83624649 1.04515719 0.067498751
    endloop
  endfacet
  facet normal 0 0 1
    outer loop
      vertex 5.83183002 1.06949592 0.067498751
      vertex 5.83624649 1.04515719 0.067498751
      vertex 5.83819056 1.06897688 0.067498751
    endloop
  endfacet
  facet normal 0 0 1
    outer loop
      vertex 5.81910992 1.07053399 0.067498751
      vertex 5.81716585 1.04671431 0.067498751
      vertex 5.82352591 1.04619527 0.067498751
    endloop
  endfacet
  facet normal 0 0 1
    outer loop
      vertex 5.81910992 1.07053399 0.067498751
      vertex 5.82352591 1.04619527 0.067498751
      vertex 5.82546997 1.07001495 0.067498751
    endloop
  endfacet
  facet normal 0 0 1
    outer loop
      vertex 5.82546997 1.07001495 0.067498751
      vertex 5.82352591 1.04619527 0.067498751
      vertex 5.82988644 1.04567623 0.067498751
    endloop
  endfacet
  facet normal 0 0 1
    outer loop
      vertex 5.82546997 1.07001495 0.067498751
      vertex 5.82988644 1.04567623 0.067498751
      vertex 5.83183002 1.06949592 0.067498751
    endloop
  endfacet
  facet normal 0 0 1
    outer loop
      vertex 5.80197287 1.09591079 0.067498751
      vertex 5.8000288 1.0720911 0.067498751
      vertex 5.80638933 1.07157207 0.067498751
    endloop
  endfacet
  facet normal 0 0 1
    outer loop
      vertex 5.80197287 1.09591079 0.067498751
      vertex 5.80638933 1.07157207 0.067498751
      vertex 5.80833292 1.09539175 0.067498751
    endloop
  endfacet
  facet normal 0 0 1
    outer loop
      vertex 5.80638933 1.07157207 0.067498751
      vertex 5.80444527 1.04775238 0.067498751
      vertex 5.8108058 1.04723334 0.067498751
    endloop
  endfacet
  facet normal 0 0 1
    outer loop
      vertex 5.80638933 1.07157207 0.067498751
      vertex 5.8108058 1.04723334 0.067498751
      vertex 5.81274939 1.07105303 0.067498751
    endloop
  endfacet
  facet normal 0 0 1
    outer loop
      vertex 5.81274939 1.07105303 0.067498751
      vertex 5.8108058 1.04723334 0.067498751
      vertex 5.81716585 1.04671431 0.067498751
    endloop
  endfacet
  facet normal 0 0 1
    outer loop
      vertex 5.81274939 1.07105303 0.067498751
      vertex 5.81716585 1.04671431 0.067498751
      vertex 5.81910992 1.07053399 0.067498751
    endloop
  endfacet
  facet normal 0 0 1
    outer loop
      vertex 5.8000288 1.0720911 0.067498751
      vertex 5.79808521 1.04827142 0.067498751
      vertex 5.80444527 1.04775238 0.067498751
    endloop
  endfacet
  facet normal 0 0 1
    outer loop
      vertex 5.8000288 1.0720911 0.067498751
      vertex 5.80444527 1.04775238 0.067498751
      vertex 5.80638933 1.07157207 0.067498751
    endloop
  endfacet
  facet normal -0 0 1
    outer loop
      vertex 5.83218241 1.02151048 0.067498751
      vertex 5.84066296 1.02081835 0.067498751
      vertex 5.8414402 1.03034627 0.067498751
    endloop
  endfacet
  facet normal -0 0 1
    outer loop
      vertex 5.83624649 1.04515719 0.067498751
      vertex 5.84221792 1.0398742 0.067498751
      vertex 5.84299564 1.049402 0.067498751
    endloop
  endfacet
  facet normal 0 0 1
    outer loop
      vertex 5.83624649 1.04515719 0.067498751
      vertex 5.84299564 1.049402 0.067498751
      vertex 5.84377289 1.05892992 0.067498751
    endloop
  endfacet
  facet normal 0 0 1
    outer loop
      vertex 5.84221792 1.0398742 0.067498751
      vertex 5.83624649 1.04515719 0.067498751
      vertex 5.8414402 1.03034627 0.067498751
    endloop
  endfacet
  facet normal 0 -0 1
    outer loop
      vertex 5.83218241 1.02151048 0.067498751
      vertex 5.83624649 1.04515719 0.067498751
      vertex 5.82988644 1.04567623 0.067498751
    endloop
  endfacet
  facet normal 0 0 1
    outer loop
      vertex 5.83218241 1.02151048 0.067498751
      vertex 5.82988644 1.04567623 0.067498751
      vertex 5.82370234 1.02220249 0.067498751
    endloop
  endfacet
  facet normal 0 0 1
    outer loop
      vertex 5.82370234 1.02220249 0.067498751
      vertex 5.82352591 1.04619527 0.067498751
      vertex 5.81716585 1.04671431 0.067498751
    endloop
  endfacet
  facet normal 0 0 1
    outer loop
      vertex 5.82370234 1.02220249 0.067498751
      vertex 5.81716585 1.04671431 0.067498751
      vertex 5.81522179 1.02289462 0.067498751
    endloop
  endfacet
  facet normal 0 0 1
    outer loop
      vertex 5.83819056 1.06897688 0.067498751
      vertex 5.83624649 1.04515719 0.067498751
      vertex 5.84377289 1.05892992 0.067498751
    endloop
  endfacet
  facet normal 0 -0 1
    outer loop
      vertex 5.82370234 1.02220249 0.067498751
      vertex 5.82988644 1.04567623 0.067498751
      vertex 5.82352591 1.04619527 0.067498751
    endloop
  endfacet
  facet normal 0 0 1
    outer loop
      vertex 5.8414402 1.03034627 0.067498751
      vertex 5.83624649 1.04515719 0.067498751
      vertex 5.83218241 1.02151048 0.067498751
    endloop
  endfacet
  facet normal -0 0 1
    outer loop
      vertex 5.83819056 1.06897688 0.067498751
      vertex 5.84455061 1.06845784 0.067498751
      vertex 5.84532833 1.07798564 0.067498751
    endloop
  endfacet
  facet normal -0 0 1
    outer loop
      vertex 5.84013414 1.09279656 0.067498751
      vertex 5.84610558 1.08751357 0.067498751
      vertex 5.8468833 1.09704137 0.067498751
    endloop
  endfacet
  facet normal 0 0 1
    outer loop
      vertex 5.84013414 1.09279656 0.067498751
      vertex 5.8468833 1.09704137 0.067498751
      vertex 5.84766102 1.10656929 0.067498751
    endloop
  endfacet
  facet normal 0 0 1
    outer loop
      vertex 5.84610558 1.08751357 0.067498751
      vertex 5.84013414 1.09279656 0.067498751
      vertex 5.84532833 1.07798564 0.067498751
    endloop
  endfacet
  facet normal 0 0 1
    outer loop
      vertex 5.83377409 1.0933156 0.067498751
      vertex 5.82546997 1.07001495 0.067498751
      vertex 5.83183002 1.06949592 0.067498751
    endloop
  endfacet
  facet normal -0 0 1
    outer loop
      vertex 5.83377409 1.0933156 0.067498751
      vertex 5.84013414 1.09279656 0.067498751
      vertex 5.84843826 1.11609721 0.067498751
    endloop
  endfacet
  facet normal 0 0 1
    outer loop
      vertex 5.84013414 1.09279656 0.067498751
      vertex 5.84766102 1.10656929 0.067498751
      vertex 5.84843826 1.11609721 0.067498751
    endloop
  endfacet
  facet normal 0 -0 1
    outer loop
      vertex 5.83377409 1.0933156 0.067498751
      vertex 5.84843826 1.11609721 0.067498751
      vertex 5.7975564 1.12024963 0.067498751
    endloop
  endfacet
  facet normal 0 0 1
    outer loop
      vertex 5.83377409 1.0933156 0.067498751
      vertex 5.7975564 1.12024963 0.067498751
      vertex 5.80833292 1.09539175 0.067498751
    endloop
  endfacet
  facet normal 0 0 1
    outer loop
      vertex 5.83377409 1.0933156 0.067498751
      vertex 5.81910992 1.07053399 0.067498751
      vertex 5.82546997 1.07001495 0.067498751
    endloop
  endfacet
  facet normal 0 0 1
    outer loop
      vertex 5.83819056 1.06897688 0.067498751
      vertex 5.84532833 1.07798564 0.067498751
      vertex 5.84013414 1.09279656 0.067498751
    endloop
  endfacet
  facet normal 0 0 1
    outer loop
      vertex 5.83819056 1.06897688 0.067498751
      vertex 5.84377289 1.05892992 0.067498751
      vertex 5.84455061 1.06845784 0.067498751
    endloop
  endfacet
  facet normal 0 0 1
    outer loop
      vertex 5.80674171 1.02358663 0.067498751
      vertex 5.80444527 1.04775238 0.067498751
      vertex 5.79808521 1.04827142 0.067498751
    endloop
  endfacet
  facet normal 0 0 1
    outer loop
      vertex 5.80674171 1.02358663 0.067498751
      vertex 5.79808521 1.04827142 0.067498751
      vertex 5.79826117 1.02427876 0.067498751
    endloop
  endfacet
  facet normal 0 0 1
    outer loop
      vertex 5.8108058 1.04723334 0.067498751
      vertex 5.80674171 1.02358663 0.067498751
      vertex 5.81522179 1.02289462 0.067498751
    endloop
  endfacet
  facet normal 0 0 1
    outer loop
      vertex 5.8108058 1.04723334 0.067498751
      vertex 5.81522179 1.02289462 0.067498751
      vertex 5.81716585 1.04671431 0.067498751
    endloop
  endfacet
  facet normal 0 -0 1
    outer loop
      vertex 5.80674171 1.02358663 0.067498751
      vertex 5.8108058 1.04723334 0.067498751
      vertex 5.80444527 1.04775238 0.067498751
    endloop
  endfacet
  facet normal 0 0 1
    outer loop
      vertex 5.79826117 1.02427876 0.067498751
      vertex 5.79808521 1.04827142 0.067498751
      vertex 5.79055834 1.03449869 0.067498751
    endloop
  endfacet
  facet normal 0 0 1
    outer loop
      vertex 5.79808521 1.04827142 0.067498751
      vertex 5.79133606 1.04402661 0.067498751
      vertex 5.79055834 1.03449869 0.067498751
    endloop
  endfacet
  facet normal 0 0 1
    outer loop
      vertex 5.79289103 1.06308234 0.067498751
      vertex 5.79211378 1.05355442 0.067498751
      vertex 5.79808521 1.04827142 0.067498751
    endloop
  endfacet
  facet normal 0 0 1
    outer loop
      vertex 5.79133606 1.04402661 0.067498751
      vertex 5.79808521 1.04827142 0.067498751
      vertex 5.79211378 1.05355442 0.067498751
    endloop
  endfacet
  facet normal -0 0 1
    outer loop
      vertex 5.78978109 1.02497077 0.067498751
      vertex 5.79826117 1.02427876 0.067498751
      vertex 5.79055834 1.03449869 0.067498751
    endloop
  endfacet
  facet normal 0 0 1
    outer loop
      vertex 5.8000288 1.0720911 0.067498751
      vertex 5.79289103 1.06308234 0.067498751
      vertex 5.79808521 1.04827142 0.067498751
    endloop
  endfacet
  facet normal 0 0 1
    outer loop
      vertex 5.80833292 1.09539175 0.067498751
      vertex 5.81274939 1.07105303 0.067498751
      vertex 5.81910992 1.07053399 0.067498751
    endloop
  endfacet
  facet normal 0 0 1
    outer loop
      vertex 5.80833292 1.09539175 0.067498751
      vertex 5.80638933 1.07157207 0.067498751
      vertex 5.81274939 1.07105303 0.067498751
    endloop
  endfacet
  facet normal 0 0 1
    outer loop
      vertex 5.80197287 1.09591079 0.067498751
      vertex 5.79522371 1.09166598 0.067498751
      vertex 5.79444647 1.08213806 0.067498751
    endloop
  endfacet
  facet normal 0 0 1
    outer loop
      vertex 5.80197287 1.09591079 0.067498751
      vertex 5.79444647 1.08213806 0.067498751
      vertex 5.8000288 1.0720911 0.067498751
    endloop
  endfacet
  facet normal 0 0 1
    outer loop
      vertex 5.7975564 1.12024963 0.067498751
      vertex 5.80197287 1.09591079 0.067498751
      vertex 5.80833292 1.09539175 0.067498751
    endloop
  endfacet
  facet normal 0 0 1
    outer loop
      vertex 5.8000288 1.0720911 0.067498751
      vertex 5.79444647 1.08213806 0.067498751
      vertex 5.79366875 1.07261014 0.067498751
    endloop
  endfacet
  facet normal 0 0 1
    outer loop
      vertex 5.80197287 1.09591079 0.067498751
      vertex 5.79677916 1.11072171 0.067498751
      vertex 5.79600143 1.10119379 0.067498751
    endloop
  endfacet
  facet normal 0 0 1
    outer loop
      vertex 5.80197287 1.09591079 0.067498751
      vertex 5.7975564 1.12024963 0.067498751
      vertex 5.79677916 1.11072171 0.067498751
    endloop
  endfacet
  facet normal 0 0 1
    outer loop
      vertex 5.80197287 1.09591079 0.067498751
      vertex 5.79600143 1.10119379 0.067498751
      vertex 5.79522371 1.09166598 0.067498751
    endloop
  endfacet
  facet normal 0 0 1
    outer loop
      vertex 5.79366875 1.07261014 0.067498751
      vertex 5.79289103 1.06308234 0.067498751
      vertex 5.8000288 1.0720911 0.067498751
    endloop
  endfacet
  facet normal 0 -0 1
    outer loop
      vertex 5.81910992 1.07053399 0.067498751
      vertex 5.83377409 1.0933156 0.067498751
      vertex 5.80833292 1.09539175 0.067498751
    endloop
  endfacet
  facet normal -0.996689237 0.0813053803 0
    outer loop
      vertex 5.84766102 1.10656929 -0.0700000003
      vertex 5.84766102 1.10656929 -0.067498751
      vertex 5.84843826 1.11609721 -0.067498751
    endloop
  endfacet
  facet normal -0.996685111 0.081355942 0
    outer loop
      vertex 5.8468833 1.09704137 -0.0700000003
      vertex 5.84610558 1.08751357 -0.067498751
      vertex 5.8468833 1.09704137 -0.067498751
    endloop
  endfacet
  facet normal -0.996689237 0.0813053803 0
    outer loop
      vertex 5.84532833 1.07798564 -0.0700000003
      vertex 5.84532833 1.07798564 -0.067498751
      vertex 5.84610558 1.08751357 -0.067498751
    endloop
  endfacet
  facet normal -0.996685194 0.0813549309 0
    outer loop
      vertex 5.8468833 1.09704137 -0.0700000003
      vertex 5.8468833 1.09704137 -0.067498751
      vertex 5.84766102 1.10656929 -0.067498751
    endloop
  endfacet
  facet normal -0.996685194 0.0813549309 0
    outer loop
      vertex 5.84766102 1.10656929 -0.0700000003
      vertex 5.8468833 1.09704137 -0.0700000003
      vertex 5.84766102 1.10656929 -0.067498751
    endloop
  endfacet
  facet normal -0.996689237 0.0813053803 0
    outer loop
      vertex 5.84843826 1.11609721 -0.067498751
      vertex 5.84843826 1.11609721 -0.0700000003
      vertex 5.84766102 1.10656929 -0.0700000003
    endloop
  endfacet
  facet normal -0.996689237 0.0813053803 0
    outer loop
      vertex 5.84610558 1.08751357 -0.0700000003
      vertex 5.84532833 1.07798564 -0.0700000003
      vertex 5.84610558 1.08751357 -0.067498751
    endloop
  endfacet
  facet normal -0.996685111 0.081355942 0
    outer loop
      vertex 5.84610558 1.08751357 -0.067498751
      vertex 5.8468833 1.09704137 -0.0700000003
      vertex 5.84610558 1.08751357 -0.0700000003
    endloop
  endfacet
  facet normal -0.996685111 0.081355942 0
    outer loop
      vertex 5.84455061 1.06845784 -0.067498751
      vertex 5.84532833 1.07798564 -0.067498751
      vertex 5.84455061 1.06845784 -0.0700000003
    endloop
  endfacet
  facet normal -0.996685111 0.081355942 0
    outer loop
      vertex 5.84455061 1.06845784 -0.0700000003
      vertex 5.84532833 1.07798564 -0.067498751
      vertex 5.84532833 1.07798564 -0.0700000003
    endloop
  endfacet
  facet normal -0.996689237 0.0813053803 0
    outer loop
      vertex 5.84377289 1.05892992 -0.0700000003
      vertex 5.84299564 1.049402 -0.067498751
      vertex 5.84377289 1.05892992 -0.067498751
    endloop
  endfacet
  facet normal -0.996685194 0.0813549309 0
    outer loop
      vertex 5.8414402 1.03034627 -0.0700000003
      vertex 5.8414402 1.03034627 -0.067498751
      vertex 5.84221792 1.0398742 -0.067498751
    endloop
  endfacet
  facet normal -0.996689237 0.0813053803 0
    outer loop
      vertex 5.84066296 1.02081835 -0.0700000003
      vertex 5.84066296 1.02081835 -0.067498751
      vertex 5.8414402 1.03034627 -0.067498751
    endloop
  endfacet
  facet normal -0.996685111 0.081355942 0
    outer loop
      vertex 5.84299564 1.049402 -0.0700000003
      vertex 5.84221792 1.0398742 -0.067498751
      vertex 5.84299564 1.049402 -0.067498751
    endloop
  endfacet
  facet normal -0.996685194 0.0813549309 0
    outer loop
      vertex 5.84377289 1.05892992 -0.067498751
      vertex 5.84455061 1.06845784 -0.067498751
      vertex 5.84455061 1.06845784 -0.0700000003
    endloop
  endfacet
  facet normal -0.996685194 0.0813549309 0
    outer loop
      vertex 5.84377289 1.05892992 -0.067498751
      vertex 5.84455061 1.06845784 -0.0700000003
      vertex 5.84377289 1.05892992 -0.0700000003
    endloop
  endfacet
  facet normal -0.996689237 0.0813053803 0
    outer loop
      vertex 5.84299564 1.049402 -0.0700000003
      vertex 5.84299564 1.049402 -0.067498751
      vertex 5.84377289 1.05892992 -0.0700000003
    endloop
  endfacet
  facet normal -0.996685194 0.0813549309 0
    outer loop
      vertex 5.84221792 1.0398742 -0.0700000003
      vertex 5.8414402 1.03034627 -0.0700000003
      vertex 5.84221792 1.0398742 -0.067498751
    endloop
  endfacet
  facet normal -0.996685111 0.081355942 0
    outer loop
      vertex 5.84221792 1.0398742 -0.067498751
      vertex 5.84299564 1.049402 -0.0700000003
      vertex 5.84221792 1.0398742 -0.0700000003
    endloop
  endfacet
  facet normal -0.996689237 0.0813053803 0
    outer loop
      vertex 5.8414402 1.03034627 -0.067498751
      vertex 5.8414402 1.03034627 -0.0700000003
      vertex 5.84066296 1.02081835 -0.0700000003
    endloop
  endfacet
  facet normal 0.0813432635 0.996686146 -0
    outer loop
      vertex 5.84066296 1.02081835 -0.0700000003
      vertex 5.83218241 1.02151048 -0.067498751
      vertex 5.84066296 1.02081835 -0.067498751
    endloop
  endfacet
  facet normal 0.0813338889 0.996686911 0
    outer loop
      vertex 5.83218241 1.02151048 -0.067498751
      vertex 5.83218241 1.02151048 -0.0700000003
      vertex 5.82370234 1.02220249 -0.0700000003
    endloop
  endfacet
  facet normal 0.0813338889 0.996686911 0
    outer loop
      vertex 5.83218241 1.02151048 -0.067498751
      vertex 5.82370234 1.02220249 -0.0700000003
      vertex 5.82370234 1.02220249 -0.067498751
    endloop
  endfacet
  facet normal 0.0813432635 0.996686146 -0
    outer loop
      vertex 5.83218241 1.02151048 -0.0700000003
      vertex 5.83218241 1.02151048 -0.067498751
      vertex 5.84066296 1.02081835 -0.0700000003
    endloop
  endfacet
  facet normal 0.0813432635 0.996686146 0
    outer loop
      vertex 5.81522179 1.02289462 -0.067498751
      vertex 5.82370234 1.02220249 -0.067498751
      vertex 5.82370234 1.02220249 -0.0700000003
    endloop
  endfacet
  facet normal 0.0813432635 0.996686146 0
    outer loop
      vertex 5.81522179 1.02289462 -0.067498751
      vertex 5.82370234 1.02220249 -0.0700000003
      vertex 5.81522179 1.02289462 -0.0700000003
    endloop
  endfacet
  facet normal 0.0813432635 0.996686146 0
    outer loop
      vertex 5.80674171 1.02358663 -0.067498751
      vertex 5.80674171 1.02358663 -0.0700000003
      vertex 5.79826117 1.02427876 -0.0700000003
    endloop
  endfacet
  facet normal 0.0813432635 0.996686146 0
    outer loop
      vertex 5.80674171 1.02358663 -0.067498751
      vertex 5.79826117 1.02427876 -0.0700000003
      vertex 5.79826117 1.02427876 -0.067498751
    endloop
  endfacet
  facet normal 0.0813338889 0.996686911 -0
    outer loop
      vertex 5.79826117 1.02427876 -0.0700000003
      vertex 5.78978109 1.02497077 -0.067498751
      vertex 5.79826117 1.02427876 -0.067498751
    endloop
  endfacet
  facet normal 0.0813338889 0.996686911 -0
    outer loop
      vertex 5.81522179 1.02289462 -0.0700000003
      vertex 5.80674171 1.02358663 -0.0700000003
      vertex 5.81522179 1.02289462 -0.067498751
    endloop
  endfacet
  facet normal 0.0813338889 0.996686911 0
    outer loop
      vertex 5.78978109 1.02497077 -0.067498751
      vertex 5.79826117 1.02427876 -0.0700000003
      vertex 5.78978109 1.02497077 -0.0700000003
    endloop
  endfacet
  facet normal 0.0813338889 0.996686911 0
    outer loop
      vertex 5.80674171 1.02358663 -0.067498751
      vertex 5.81522179 1.02289462 -0.067498751
      vertex 5.80674171 1.02358663 -0.0700000003
    endloop
  endfacet
  facet normal 0.996689237 -0.0813053803 0
    outer loop
      vertex 5.78978109 1.02497077 -0.0700000003
      vertex 5.79055834 1.03449869 -0.067498751
      vertex 5.78978109 1.02497077 -0.067498751
    endloop
  endfacet
  facet normal 0.996685111 -0.081355942 0
    outer loop
      vertex 5.79211378 1.05355442 -0.0700000003
      vertex 5.79211378 1.05355442 -0.067498751
      vertex 5.79133606 1.04402661 -0.067498751
    endloop
  endfacet
  facet normal 0.996689237 -0.0813053803 0
    outer loop
      vertex 5.79289103 1.06308234 -0.0700000003
      vertex 5.79289103 1.06308234 -0.067498751
      vertex 5.79211378 1.05355442 -0.067498751
    endloop
  endfacet
  facet normal 0.996685194 -0.0813549309 0
    outer loop
      vertex 5.79133606 1.04402661 -0.0700000003
      vertex 5.79133606 1.04402661 -0.067498751
      vertex 5.79055834 1.03449869 -0.067498751
    endloop
  endfacet
  facet normal 0.996685194 -0.0813549309 0
    outer loop
      vertex 5.79055834 1.03449869 -0.0700000003
      vertex 5.79133606 1.04402661 -0.0700000003
      vertex 5.79055834 1.03449869 -0.067498751
    endloop
  endfacet
  facet normal 0.996689237 -0.0813053803 0
    outer loop
      vertex 5.79055834 1.03449869 -0.067498751
      vertex 5.78978109 1.02497077 -0.0700000003
      vertex 5.79055834 1.03449869 -0.0700000003
    endloop
  endfacet
  facet normal 0.996689237 -0.0813053803 0
    outer loop
      vertex 5.79211378 1.05355442 -0.0700000003
      vertex 5.79289103 1.06308234 -0.0700000003
      vertex 5.79211378 1.05355442 -0.067498751
    endloop
  endfacet
  facet normal 0.996685111 -0.081355942 0
    outer loop
      vertex 5.79133606 1.04402661 -0.067498751
      vertex 5.79133606 1.04402661 -0.0700000003
      vertex 5.79211378 1.05355442 -0.0700000003
    endloop
  endfacet
  facet normal 0.996685111 -0.081355942 0
    outer loop
      vertex 5.79366875 1.07261014 -0.067498751
      vertex 5.79289103 1.06308234 -0.067498751
      vertex 5.79366875 1.07261014 -0.0700000003
    endloop
  endfacet
  facet normal 0.996685111 -0.081355942 0
    outer loop
      vertex 5.79366875 1.07261014 -0.0700000003
      vertex 5.79289103 1.06308234 -0.067498751
      vertex 5.79289103 1.06308234 -0.0700000003
    endloop
  endfacet
  facet normal 0.996689237 -0.0813053803 0
    outer loop
      vertex 5.79444647 1.08213806 -0.0700000003
      vertex 5.79522371 1.09166598 -0.067498751
      vertex 5.79444647 1.08213806 -0.067498751
    endloop
  endfacet
  facet normal 0.996685194 -0.0813549309 0
    outer loop
      vertex 5.79600143 1.10119379 -0.0700000003
      vertex 5.79677916 1.11072171 -0.067498751
      vertex 5.79600143 1.10119379 -0.067498751
    endloop
  endfacet
  facet normal 0.996689237 -0.0813053803 0
    outer loop
      vertex 5.79677916 1.11072171 -0.0700000003
      vertex 5.7975564 1.12024963 -0.067498751
      vertex 5.79677916 1.11072171 -0.067498751
    endloop
  endfacet
  facet normal 0.996685111 -0.081355942 0
    outer loop
      vertex 5.79522371 1.09166598 -0.0700000003
      vertex 5.79600143 1.10119379 -0.067498751
      vertex 5.79522371 1.09166598 -0.067498751
    endloop
  endfacet
  facet normal 0.996685194 -0.0813549309 0
    outer loop
      vertex 5.79366875 1.07261014 -0.0700000003
      vertex 5.79444647 1.08213806 -0.0700000003
      vertex 5.79444647 1.08213806 -0.067498751
    endloop
  endfacet
  facet normal 0.996689237 -0.0813053803 0
    outer loop
      vertex 5.79522371 1.09166598 -0.0700000003
      vertex 5.79522371 1.09166598 -0.067498751
      vertex 5.79444647 1.08213806 -0.0700000003
    endloop
  endfacet
  facet normal 0.996685194 -0.0813549309 0
    outer loop
      vertex 5.79600143 1.10119379 -0.0700000003
      vertex 5.79677916 1.11072171 -0.0700000003
      vertex 5.79677916 1.11072171 -0.067498751
    endloop
  endfacet
  facet normal 0.996685111 -0.081355942 0
    outer loop
      vertex 5.79600143 1.10119379 -0.067498751
      vertex 5.79522371 1.09166598 -0.0700000003
      vertex 5.79600143 1.10119379 -0.0700000003
    endloop
  endfacet
  facet normal 0.996689237 -0.0813053803 0
    outer loop
      vertex 5.7975564 1.12024963 -0.067498751
      vertex 5.79677916 1.11072171 -0.0700000003
      vertex 5.7975564 1.12024963 -0.0700000003
    endloop
  endfacet
  facet normal 0.996685194 -0.0813549309 0
    outer loop
      vertex 5.79366875 1.07261014 -0.067498751
      vertex 5.79366875 1.07261014 -0.0700000003
      vertex 5.79444647 1.08213806 -0.067498751
    endloop
  endfacet
  facet normal 0 0 -1
    outer loop
      vertex 5.82352591 1.04619527 -0.067498751
      vertex 5.82546997 1.07001495 -0.067498751
      vertex 5.83183002 1.06949592 -0.067498751
    endloop
  endfacet
  facet normal 0 0 -1
    outer loop
      vertex 5.82352591 1.04619527 -0.067498751
      vertex 5.83183002 1.06949592 -0.067498751
      vertex 5.82988644 1.04567623 -0.067498751
    endloop
  endfacet
  facet normal 0 0 -1
    outer loop
      vertex 5.81716585 1.04671431 -0.067498751
      vertex 5.81910992 1.07053399 -0.067498751
      vertex 5.82546997 1.07001495 -0.067498751
    endloop
  endfacet
  facet normal 0 0 -1
    outer loop
      vertex 5.81716585 1.04671431 -0.067498751
      vertex 5.82546997 1.07001495 -0.067498751
      vertex 5.82352591 1.04619527 -0.067498751
    endloop
  endfacet
  facet normal 0 0 -1
    outer loop
      vertex 5.82988644 1.04567623 -0.067498751
      vertex 5.83183002 1.06949592 -0.067498751
      vertex 5.83819056 1.06897688 -0.067498751
    endloop
  endfacet
  facet normal 0 0 -1
    outer loop
      vertex 5.82988644 1.04567623 -0.067498751
      vertex 5.83819056 1.06897688 -0.067498751
      vertex 5.83624649 1.04515719 -0.067498751
    endloop
  endfacet
  facet normal 0 0 -1
    outer loop
      vertex 5.83183002 1.06949592 -0.067498751
      vertex 5.83377409 1.0933156 -0.067498751
      vertex 5.84013414 1.09279656 -0.067498751
    endloop
  endfacet
  facet normal 0 0 -1
    outer loop
      vertex 5.83183002 1.06949592 -0.067498751
      vertex 5.84013414 1.09279656 -0.067498751
      vertex 5.83819056 1.06897688 -0.067498751
    endloop
  endfacet
  facet normal 0 0 -1
    outer loop
      vertex 5.79808521 1.04827142 -0.067498751
      vertex 5.8000288 1.0720911 -0.067498751
      vertex 5.80638933 1.07157207 -0.067498751
    endloop
  endfacet
  facet normal 0 0 -1
    outer loop
      vertex 5.79808521 1.04827142 -0.067498751
      vertex 5.80638933 1.07157207 -0.067498751
      vertex 5.80444527 1.04775238 -0.067498751
    endloop
  endfacet
  facet normal 0 0 -1
    outer loop
      vertex 5.8108058 1.04723334 -0.067498751
      vertex 5.81274939 1.07105303 -0.067498751
      vertex 5.81910992 1.07053399 -0.067498751
    endloop
  endfacet
  facet normal 0 0 -1
    outer loop
      vertex 5.8108058 1.04723334 -0.067498751
      vertex 5.81910992 1.07053399 -0.067498751
      vertex 5.81716585 1.04671431 -0.067498751
    endloop
  endfacet
  facet normal 0 0 -1
    outer loop
      vertex 5.80444527 1.04775238 -0.067498751
      vertex 5.80638933 1.07157207 -0.067498751
      vertex 5.81274939 1.07105303 -0.067498751
    endloop
  endfacet
  facet normal 0 0 -1
    outer loop
      vertex 5.80444527 1.04775238 -0.067498751
      vertex 5.81274939 1.07105303 -0.067498751
      vertex 5.8108058 1.04723334 -0.067498751
    endloop
  endfacet
  facet normal 0 0 -1
    outer loop
      vertex 5.8000288 1.0720911 -0.067498751
      vertex 5.80197287 1.09591079 -0.067498751
      vertex 5.80833292 1.09539175 -0.067498751
    endloop
  endfacet
  facet normal 0 0 -1
    outer loop
      vertex 5.8000288 1.0720911 -0.067498751
      vertex 5.80833292 1.09539175 -0.067498751
      vertex 5.80638933 1.07157207 -0.067498751
    endloop
  endfacet
  facet normal 0 0 -1
    outer loop
      vertex 5.84013414 1.09279656 -0.067498751
      vertex 5.84843826 1.11609721 -0.067498751
      vertex 5.84766102 1.10656929 -0.067498751
    endloop
  endfacet
  facet normal 0 0 -1
    outer loop
      vertex 5.84013414 1.09279656 -0.067498751
      vertex 5.8468833 1.09704137 -0.067498751
      vertex 5.84610558 1.08751357 -0.067498751
    endloop
  endfacet
  facet normal 0 0 -1
    outer loop
      vertex 5.84013414 1.09279656 -0.067498751
      vertex 5.84610558 1.08751357 -0.067498751
      vertex 5.84532833 1.07798564 -0.067498751
    endloop
  endfacet
  facet normal -0 0 -1
    outer loop
      vertex 5.8468833 1.09704137 -0.067498751
      vertex 5.84013414 1.09279656 -0.067498751
      vertex 5.84766102 1.10656929 -0.067498751
    endloop
  endfacet
  facet normal 0 0 -1
    outer loop
      vertex 5.84843826 1.11609721 -0.067498751
      vertex 5.84013414 1.09279656 -0.067498751
      vertex 5.83377409 1.0933156 -0.067498751
    endloop
  endfacet
  facet normal -0 0 -1
    outer loop
      vertex 5.84532833 1.07798564 -0.067498751
      vertex 5.83819056 1.06897688 -0.067498751
      vertex 5.84013414 1.09279656 -0.067498751
    endloop
  endfacet
  facet normal 0 0 -1
    outer loop
      vertex 5.83377409 1.0933156 -0.067498751
      vertex 5.83183002 1.06949592 -0.067498751
      vertex 5.82546997 1.07001495 -0.067498751
    endloop
  endfacet
  facet normal 0 0 -1
    outer loop
      vertex 5.83377409 1.0933156 -0.067498751
      vertex 5.82546997 1.07001495 -0.067498751
      vertex 5.81910992 1.07053399 -0.067498751
    endloop
  endfacet
  facet normal 0 0 -1
    outer loop
      vertex 5.80833292 1.09539175 -0.067498751
      vertex 5.83377409 1.0933156 -0.067498751
      vertex 5.81910992 1.07053399 -0.067498751
    endloop
  endfacet
  facet normal 0 0 -1
    outer loop
      vertex 5.84843826 1.11609721 -0.067498751
      vertex 5.83377409 1.0933156 -0.067498751
      vertex 5.80833292 1.09539175 -0.067498751
    endloop
  endfacet
  facet normal -0 0 -1
    outer loop
      vertex 5.84843826 1.11609721 -0.067498751
      vertex 5.80833292 1.09539175 -0.067498751
      vertex 5.7975564 1.12024963 -0.067498751
    endloop
  endfacet
  facet normal 0 0 -1
    outer loop
      vertex 5.84455061 1.06845784 -0.067498751
      vertex 5.83819056 1.06897688 -0.067498751
      vertex 5.84532833 1.07798564 -0.067498751
    endloop
  endfacet
  facet normal 0 0 -1
    outer loop
      vertex 5.84377289 1.05892992 -0.067498751
      vertex 5.83819056 1.06897688 -0.067498751
      vertex 5.84455061 1.06845784 -0.067498751
    endloop
  endfacet
  facet normal 0 0 -1
    outer loop
      vertex 5.83624649 1.04515719 -0.067498751
      vertex 5.84299564 1.049402 -0.067498751
      vertex 5.84221792 1.0398742 -0.067498751
    endloop
  endfacet
  facet normal 0 0 -1
    outer loop
      vertex 5.83624649 1.04515719 -0.067498751
      vertex 5.84221792 1.0398742 -0.067498751
      vertex 5.8414402 1.03034627 -0.067498751
    endloop
  endfacet
  facet normal -0 0 -1
    outer loop
      vertex 5.84299564 1.049402 -0.067498751
      vertex 5.83624649 1.04515719 -0.067498751
      vertex 5.84377289 1.05892992 -0.067498751
    endloop
  endfacet
  facet normal 0 0 -1
    outer loop
      vertex 5.83218241 1.02151048 -0.067498751
      vertex 5.82988644 1.04567623 -0.067498751
      vertex 5.83624649 1.04515719 -0.067498751
    endloop
  endfacet
  facet normal 0 0 -1
    outer loop
      vertex 5.83624649 1.04515719 -0.067498751
      vertex 5.83819056 1.06897688 -0.067498751
      vertex 5.84377289 1.05892992 -0.067498751
    endloop
  endfacet
  facet normal 0 0 -1
    outer loop
      vertex 5.82370234 1.02220249 -0.067498751
      vertex 5.82352591 1.04619527 -0.067498751
      vertex 5.82988644 1.04567623 -0.067498751
    endloop
  endfacet
  facet normal 0 0 -1
    outer loop
      vertex 5.83218241 1.02151048 -0.067498751
      vertex 5.8414402 1.03034627 -0.067498751
      vertex 5.84066296 1.02081835 -0.067498751
    endloop
  endfacet
  facet normal 0 -0 -1
    outer loop
      vertex 5.82988644 1.04567623 -0.067498751
      vertex 5.83218241 1.02151048 -0.067498751
      vertex 5.82370234 1.02220249 -0.067498751
    endloop
  endfacet
  facet normal 0 0 -1
    outer loop
      vertex 5.81522179 1.02289462 -0.067498751
      vertex 5.81716585 1.04671431 -0.067498751
      vertex 5.82352591 1.04619527 -0.067498751
    endloop
  endfacet
  facet normal 0 0 -1
    outer loop
      vertex 5.81522179 1.02289462 -0.067498751
      vertex 5.82352591 1.04619527 -0.067498751
      vertex 5.82370234 1.02220249 -0.067498751
    endloop
  endfacet
  facet normal 0 -0 -1
    outer loop
      vertex 5.83624649 1.04515719 -0.067498751
      vertex 5.8414402 1.03034627 -0.067498751
      vertex 5.83218241 1.02151048 -0.067498751
    endloop
  endfacet
  facet normal 0 0 -1
    outer loop
      vertex 5.7975564 1.12024963 -0.067498751
      vertex 5.80833292 1.09539175 -0.067498751
      vertex 5.80197287 1.09591079 -0.067498751
    endloop
  endfacet
  facet normal 0 -0 -1
    outer loop
      vertex 5.80833292 1.09539175 -0.067498751
      vertex 5.81274939 1.07105303 -0.067498751
      vertex 5.80638933 1.07157207 -0.067498751
    endloop
  endfacet
  facet normal 0 0 -1
    outer loop
      vertex 5.8000288 1.0720911 -0.067498751
      vertex 5.79444647 1.08213806 -0.067498751
      vertex 5.79522371 1.09166598 -0.067498751
    endloop
  endfacet
  facet normal 0 0 -1
    outer loop
      vertex 5.8000288 1.0720911 -0.067498751
      vertex 5.79522371 1.09166598 -0.067498751
      vertex 5.80197287 1.09591079 -0.067498751
    endloop
  endfacet
  facet normal 0 0 -1
    outer loop
      vertex 5.81910992 1.07053399 -0.067498751
      vertex 5.81274939 1.07105303 -0.067498751
      vertex 5.80833292 1.09539175 -0.067498751
    endloop
  endfacet
  facet normal 0 0 -1
    outer loop
      vertex 5.80197287 1.09591079 -0.067498751
      vertex 5.79677916 1.11072171 -0.067498751
      vertex 5.7975564 1.12024963 -0.067498751
    endloop
  endfacet
  facet normal 0 0 -1
    outer loop
      vertex 5.80197287 1.09591079 -0.067498751
      vertex 5.79600143 1.10119379 -0.067498751
      vertex 5.79677916 1.11072171 -0.067498751
    endloop
  endfacet
  facet normal 0 0 -1
    outer loop
      vertex 5.8000288 1.0720911 -0.067498751
      vertex 5.79366875 1.07261014 -0.067498751
      vertex 5.79444647 1.08213806 -0.067498751
    endloop
  endfacet
  facet normal -0 0 -1
    outer loop
      vertex 5.80197287 1.09591079 -0.067498751
      vertex 5.79522371 1.09166598 -0.067498751
      vertex 5.79600143 1.10119379 -0.067498751
    endloop
  endfacet
  facet normal -0 0 -1
    outer loop
      vertex 5.8000288 1.0720911 -0.067498751
      vertex 5.79289103 1.06308234 -0.067498751
      vertex 5.79366875 1.07261014 -0.067498751
    endloop
  endfacet
  facet normal 0 0 -1
    outer loop
      vertex 5.81716585 1.04671431 -0.067498751
      vertex 5.81522179 1.02289462 -0.067498751
      vertex 5.80674171 1.02358663 -0.067498751
    endloop
  endfacet
  facet normal -0 0 -1
    outer loop
      vertex 5.81716585 1.04671431 -0.067498751
      vertex 5.80674171 1.02358663 -0.067498751
      vertex 5.8108058 1.04723334 -0.067498751
    endloop
  endfacet
  facet normal 0 0 -1
    outer loop
      vertex 5.80674171 1.02358663 -0.067498751
      vertex 5.80444527 1.04775238 -0.067498751
      vertex 5.8108058 1.04723334 -0.067498751
    endloop
  endfacet
  facet normal 0 0 -1
    outer loop
      vertex 5.79826117 1.02427876 -0.067498751
      vertex 5.79808521 1.04827142 -0.067498751
      vertex 5.80444527 1.04775238 -0.067498751
    endloop
  endfacet
  facet normal 0 0 -1
    outer loop
      vertex 5.79826117 1.02427876 -0.067498751
      vertex 5.80444527 1.04775238 -0.067498751
      vertex 5.80674171 1.02358663 -0.067498751
    endloop
  endfacet
  facet normal 0 0 -1
    outer loop
      vertex 5.79211378 1.05355442 -0.067498751
      vertex 5.79289103 1.06308234 -0.067498751
      vertex 5.79808521 1.04827142 -0.067498751
    endloop
  endfacet
  facet normal 0 0 -1
    outer loop
      vertex 5.79133606 1.04402661 -0.067498751
      vertex 5.79211378 1.05355442 -0.067498751
      vertex 5.79808521 1.04827142 -0.067498751
    endloop
  endfacet
  facet normal 0 0 -1
    outer loop
      vertex 5.79808521 1.04827142 -0.067498751
      vertex 5.79055834 1.03449869 -0.067498751
      vertex 5.79133606 1.04402661 -0.067498751
    endloop
  endfacet
  facet normal 0 -0 -1
    outer loop
      vertex 5.79055834 1.03449869 -0.067498751
      vertex 5.79826117 1.02427876 -0.067498751
      vertex 5.78978109 1.02497077 -0.067498751
    endloop
  endfacet
  facet normal 0 -0 -1
    outer loop
      vertex 5.79808521 1.04827142 -0.067498751
      vertex 5.79826117 1.02427876 -0.067498751
      vertex 5.79055834 1.03449869 -0.067498751
    endloop
  endfacet
  facet normal 0 0 -1
    outer loop
      vertex 5.79289103 1.06308234 -0.067498751
      vertex 5.8000288 1.0720911 -0.067498751
      vertex 5.79808521 1.04827142 -0.067498751
    endloop
  endfacet
endsolid f22
