solid e15
  facet normal 0.459167719 -0.857147899 -0.233371989
    outer loop
      vertex 3.60446262 1.42341697 1.81379294
      vertex 3.61145258 1.42020953 1.8393265
      vertex 3.5944767 1.41019297 1.8427155
    endloop
  endfacet
  facet normal 0.459164643 -0.857149107 -0.233373604
    outer loop
      vertex 3.57350683 1.41981554 1.76611471
      vertex 3.60446262 1.42341697 1.81379294
      vertex 3.5944767 1.41019297 1.8427155
    endloop
  endfacet
  facet normal 0.459166715 -0.857147438 -0.233375658
    outer loop
      vertex 3.59048271 1.4298321 1.76272571
      vertex 3.59747267 1.42662454 1.78825927
      vertex 3.57350683 1.41981554 1.76611471
    endloop
  endfacet
  facet normal 0.459165808 -0.85714826 -0.233374424
    outer loop
      vertex 3.60446262 1.42341697 1.81379294
      vertex 3.57350683 1.41981554 1.76611471
      vertex 3.59747267 1.42662454 1.78825927
    endloop
  endfacet
  facet normal 0.459158158 -0.857152933 -0.233372309
    outer loop
      vertex 3.57350683 1.41981554 1.76611471
      vertex 3.5944767 1.41019297 1.8427155
      vertex 3.57750058 1.40017653 1.8461045
    endloop
  endfacet
  facet normal 0.459167896 -0.857146741 -0.233375894
    outer loop
      vertex 3.55353475 1.39336753 1.82395983
      vertex 3.57750058 1.40017653 1.8461045
      vertex 3.5605247 1.39015996 1.84949338
    endloop
  endfacet
  facet normal 0.459160055 -0.857151367 -0.233374329
    outer loop
      vertex 3.55353475 1.39336753 1.82395983
      vertex 3.54654479 1.39657509 1.79842627
      vertex 3.57350683 1.41981554 1.76611471
    endloop
  endfacet
  facet normal 0.459167719 -0.857147899 -0.233371989
    outer loop
      vertex 3.53955483 1.39978254 1.77289271
      vertex 3.55653071 1.4097991 1.76950371
      vertex 3.54654479 1.39657509 1.79842627
    endloop
  endfacet
  facet normal 0.459156656 -0.857152244 -0.233377796
    outer loop
      vertex 3.54654479 1.39657509 1.79842627
      vertex 3.55653071 1.4097991 1.76950371
      vertex 3.57350683 1.41981554 1.76611471
    endloop
  endfacet
  facet normal 0.459164883 -0.857149471 -0.233371795
    outer loop
      vertex 3.57750058 1.40017653 1.8461045
      vertex 3.55353475 1.39336753 1.82395983
      vertex 3.57350683 1.41981554 1.76611471
    endloop
  endfacet
  facet normal -0.848801924 -0.50082482 0.169439644
    outer loop
      vertex 3.45100975 1.5827893 1.87025166
      vertex 3.50157332 1.48839915 1.8445524
      vertex 3.50576711 1.48647463 1.85987258
    endloop
  endfacet
  facet normal -0.848799368 -0.500824924 0.16945214
    outer loop
      vertex 3.44681597 1.58471382 1.85493159
      vertex 3.4973793 1.49032366 1.82923222
      vertex 3.50157332 1.48839915 1.8445524
    endloop
  endfacet
  facet normal -0.848799453 -0.500824766 0.169452183
    outer loop
      vertex 3.44262195 1.58663833 1.83961141
      vertex 3.49318528 1.49224818 1.81391215
      vertex 3.44681597 1.58471382 1.85493159
    endloop
  endfacet
  facet normal -0.848799204 -0.500825231 0.169452057
    outer loop
      vertex 3.40044641 1.67717934 1.89595091
      vertex 3.45100975 1.5827893 1.87025166
      vertex 3.40464044 1.67525482 1.9112711
    endloop
  endfacet
  facet normal -0.848798194 -0.500826651 0.16945292
    outer loop
      vertex 3.34988284 1.77156949 1.92165029
      vertex 3.40044641 1.67717934 1.89595091
      vertex 3.35407686 1.76964498 1.93697035
    endloop
  endfacet
  facet normal -0.848799122 -0.500824918 0.169453392
    outer loop
      vertex 3.29931951 1.86595964 1.94734955
      vertex 3.34988284 1.77156949 1.92165029
      vertex 3.30351353 1.86403513 1.96266961
    endloop
  endfacet
  facet normal -0.848801924 -0.50082482 0.169439644
    outer loop
      vertex 3.29512548 1.86788416 1.93202937
      vertex 3.34568906 1.77349401 1.90633011
      vertex 3.34988284 1.77156949 1.92165029
    endloop
  endfacet
  facet normal -0.848794963 -0.500828015 0.169465074
    outer loop
      vertex 3.34359193 1.77445626 1.89867008
      vertex 3.34568906 1.77349401 1.90633011
      vertex 3.29512548 1.86788416 1.93202937
    endloop
  endfacet
  facet normal -0.848802255 -0.500824668 0.169438435
    outer loop
      vertex 3.29093146 1.86980867 1.91670918
      vertex 3.34149504 1.77541852 1.89100993
      vertex 3.34359193 1.77445626 1.89867008
    endloop
  endfacet
  facet normal -0.848799073 -0.500825475 0.16945199
    outer loop
      vertex 3.29512548 1.86788416 1.93202937
      vertex 3.29093146 1.86980867 1.91670918
      vertex 3.34359193 1.77445626 1.89867008
    endloop
  endfacet
  facet normal -0.848794963 -0.500828015 0.169465074
    outer loop
      vertex 3.25085306 1.95938754 1.98070884
      vertex 3.24875593 1.9603498 1.97304881
      vertex 3.29931951 1.86595964 1.94734955
    endloop
  endfacet
  facet normal -0.848802171 -0.500824826 0.169438392
    outer loop
      vertex 3.30351353 1.86403513 1.96266961
      vertex 3.25294995 1.95842528 1.98836899
      vertex 3.25085306 1.95938754 1.98070884
    endloop
  endfacet
  facet normal -0.8487987 -0.500825706 0.169453178
    outer loop
      vertex 3.29931951 1.86595964 1.94734955
      vertex 3.30351353 1.86403513 1.96266961
      vertex 3.25085306 1.95938754 1.98070884
    endloop
  endfacet
  facet normal -0.848803099 -0.500823093 0.169438864
    outer loop
      vertex 3.24665904 1.96131206 1.96538877
      vertex 3.24456215 1.96227431 1.95772862
      vertex 3.29512548 1.86788416 1.93202937
    endloop
  endfacet
  facet normal -0.848801593 -0.500824972 0.169440852
    outer loop
      vertex 3.29931951 1.86595964 1.94734955
      vertex 3.24875593 1.9603498 1.97304881
      vertex 3.24665904 1.96131206 1.96538877
    endloop
  endfacet
  facet normal -0.848798989 -0.500825633 0.169451947
    outer loop
      vertex 3.29512548 1.86788416 1.93202937
      vertex 3.29931951 1.86595964 1.94734955
      vertex 3.24665904 1.96131206 1.96538877
    endloop
  endfacet
  facet normal -0.848799038 -0.500825076 0.169453349
    outer loop
      vertex 3.24036813 1.96419883 1.94240856
      vertex 3.29093146 1.86980867 1.91670918
      vertex 3.24456215 1.96227431 1.95772862
    endloop
  endfacet
  facet normal -0.848802685 -0.500823865 0.169438653
    outer loop
      vertex 3.22766829 2.00562024 2.00121856
      vertex 3.25294995 1.95842528 1.98836899
      vertex 3.22976518 2.00465798 2.00887871
    endloop
  endfacet
  facet normal -0.848795224 -0.500827526 0.169465207
    outer loop
      vertex 3.22347426 2.00754476 1.98589849
      vertex 3.24875593 1.9603498 1.97304881
      vertex 3.22557139 2.0065825 1.99355853
    endloop
  endfacet
  facet normal -0.848802517 -0.50082418 0.169438568
    outer loop
      vertex 3.22557139 2.0065825 1.99355853
      vertex 3.25085306 1.95938754 1.98070884
      vertex 3.25294995 1.95842528 1.98836899
    endloop
  endfacet
  facet normal -0.848793537 -0.500830677 0.169464349
    outer loop
      vertex 3.21928024 2.00946927 1.97057831
      vertex 3.24456215 1.96227431 1.95772862
      vertex 3.22137737 2.00850701 1.97823834
    endloop
  endfacet
  facet normal -0.848802023 -0.500824169 0.169441071
    outer loop
      vertex 3.22137737 2.00850701 1.97823834
      vertex 3.24665904 1.96131206 1.96538877
      vertex 3.24875593 1.9603498 1.97304881
    endloop
  endfacet
  facet normal -0.848799704 -0.500823832 0.169453688
    outer loop
      vertex 3.21928024 2.00946927 1.97057831
      vertex 3.19399858 2.05666447 1.98342788
      vertex 3.18980455 2.05858898 1.96810782
    endloop
  endfacet
  facet normal -0.848796852 -0.500829155 0.169452238
    outer loop
      vertex 3.24036813 1.96419883 1.94240856
      vertex 3.24456215 1.96227431 1.95772862
      vertex 3.21928024 2.00946927 1.97057831
    endloop
  endfacet
  facet normal -0.848801079 -0.500825208 0.16944273
    outer loop
      vertex 3.18980455 2.05858898 1.96810782
      vertex 3.24036813 1.96419883 1.94240856
      vertex 3.21928024 2.00946927 1.97057831
    endloop
  endfacet
  facet normal -0.848799704 -0.500823832 0.169453688
    outer loop
      vertex 3.16871691 2.10385942 1.99627757
      vertex 3.14343524 2.15105462 2.00912714
      vertex 3.13924122 2.15297914 1.99380708
    endloop
  endfacet
  facet normal -0.84879854 -0.500826005 0.169453096
    outer loop
      vertex 3.18980455 2.05858898 1.96810782
      vertex 3.19399858 2.05666447 1.98342788
      vertex 3.16871691 2.10385942 1.99627757
    endloop
  endfacet
  facet normal -0.848800265 -0.500824394 0.169449215
    outer loop
      vertex 3.13924122 2.15297914 1.99380708
      vertex 3.18980455 2.05858898 1.96810782
      vertex 3.16871691 2.10385942 1.99627757
    endloop
  endfacet
  facet normal -0.848802517 -0.50082418 0.169438568
    outer loop
      vertex 3.14972615 2.14816785 2.03210735
      vertex 3.15182304 2.14720559 2.0397675
      vertex 3.10125971 2.24159551 2.06546688
    endloop
  endfacet
  facet normal -0.848800518 -0.500826048 0.16944306
    outer loop
      vertex 3.09706569 2.24352002 2.05014658
      vertex 3.14762926 2.14913011 2.02444744
      vertex 3.14972615 2.14816785 2.03210735
    endloop
  endfacet
  facet normal -0.84879878 -0.500826489 0.169450464
    outer loop
      vertex 3.10125971 2.24159551 2.06546688
      vertex 3.09706569 2.24352002 2.05014658
      vertex 3.14972615 2.14816785 2.03210735
    endloop
  endfacet
  facet normal -0.848795211 -0.500828483 0.169462446
    outer loop
      vertex 3.14553213 2.15009236 2.01678729
      vertex 3.14762926 2.14913011 2.02444744
      vertex 3.09706569 2.24352002 2.05014658
    endloop
  endfacet
  facet normal -0.848801673 -0.500825755 0.169438139
    outer loop
      vertex 3.09287167 2.24544454 2.03482652
      vertex 3.14343524 2.15105462 2.00912714
      vertex 3.14553213 2.15009236 2.01678729
    endloop
  endfacet
  facet normal -0.848798202 -0.500826635 0.169452925
    outer loop
      vertex 3.09706569 2.24352002 2.05014658
      vertex 3.09287167 2.24544454 2.03482652
      vertex 3.14553213 2.15009236 2.01678729
    endloop
  endfacet
  facet normal -0.84879854 -0.500826005 0.169453096
    outer loop
      vertex 3.08867788 2.24736905 2.01950645
      vertex 3.13924122 2.15297914 1.99380708
      vertex 3.14343524 2.15105462 2.00912714
    endloop
  endfacet
  facet normal -0.848799699 -0.500824772 0.169450931
    outer loop
      vertex 3.04650235 2.33791018 2.07584596
      vertex 3.09706569 2.24352002 2.05014658
      vertex 3.10125971 2.24159551 2.06546688
    endloop
  endfacet
  facet normal -0.848799868 -0.500824457 0.169451017
    outer loop
      vertex 3.04230833 2.33983469 2.06052566
      vertex 3.09287167 2.24544454 2.03482652
      vertex 3.04650235 2.33791018 2.07584596
    endloop
  endfacet
  facet normal -0.848798362 -0.500826336 0.169453006
    outer loop
      vertex 3.03811431 2.3417592 2.04520559
      vertex 3.08867788 2.24736905 2.01950645
      vertex 3.04230833 2.33983469 2.06052566
    endloop
  endfacet
  facet normal -0.848801678 -0.500824815 0.169440895
    outer loop
      vertex 2.99593878 2.43230033 2.1015451
      vertex 3.04650235 2.33791018 2.07584596
      vertex 3.05069613 2.33598566 2.09116602
    endloop
  endfacet
  facet normal -0.848798194 -0.500826651 0.16945292
    outer loop
      vertex 2.99174476 2.43422484 2.08622503
      vertex 3.04230833 2.33983469 2.06052566
      vertex 2.99593878 2.43230033 2.1015451
    endloop
  endfacet
  facet normal -0.848799038 -0.500825076 0.169453349
    outer loop
      vertex 2.98755097 2.43614936 2.07090497
      vertex 3.03811431 2.3417592 2.04520559
      vertex 3.04230833 2.33983469 2.06052566
    endloop
  endfacet
  facet normal -0.848796427 -0.500826453 0.169462355
    outer loop
      vertex 3.50576711 1.48647463 1.85987258
      vertex 3.5605247 1.39015996 1.84949338
      vertex 3.52561307 1.45533192 1.86723757
    endloop
  endfacet
  facet normal -0.848801378 -0.50082401 0.169444777
    outer loop
      vertex 3.45520377 1.58086479 1.88557184
      vertex 3.4907012 1.52050376 1.88498175
      vertex 3.45578957 1.58567572 1.90272582
    endloop
  endfacet
  facet normal -0.84880076 -0.500824972 0.169445026
    outer loop
      vertex 3.45578957 1.58567572 1.90272582
      vertex 3.42087793 1.65084755 1.92047
      vertex 3.45520377 1.58086479 1.88557184
    endloop
  endfacet
  facet normal -0.848796769 -0.500828524 0.169454519
    outer loop
      vertex 3.50576711 1.48647463 1.85987258
      vertex 3.52561307 1.45533192 1.86723757
      vertex 3.4907012 1.52050376 1.88498175
    endloop
  endfacet
  facet normal -0.848802094 -0.500824503 0.16943973
    outer loop
      vertex 3.50157332 1.48839915 1.8445524
      vertex 3.55353475 1.39336753 1.82395983
      vertex 3.50576711 1.48647463 1.85987258
    endloop
  endfacet
  facet normal -0.848799066 -0.500826511 0.169448964
    outer loop
      vertex 3.5605247 1.39015996 1.84949338
      vertex 3.50576711 1.48647463 1.85987258
      vertex 3.55353475 1.39336753 1.82395983
    endloop
  endfacet
  facet normal -0.848798752 -0.500826074 0.169451827
    outer loop
      vertex 3.50157332 1.48839915 1.8445524
      vertex 3.4973793 1.49032366 1.82923222
      vertex 3.54654479 1.39657509 1.79842627
    endloop
  endfacet
  facet normal -0.84880149 -0.500824182 0.169443705
    outer loop
      vertex 3.39924264 1.67385805 1.88010406
      vertex 3.45100975 1.5827893 1.87025166
      vertex 3.40044641 1.67717934 1.89595091
    endloop
  endfacet
  facet normal -0.848801249 -0.500823942 0.169445621
    outer loop
      vertex 3.45520377 1.58086479 1.88557184
      vertex 3.50576711 1.48647463 1.85987258
      vertex 3.4907012 1.52050376 1.88498175
    endloop
  endfacet
  facet normal -0.848802011 -0.500824192 0.169441065
    outer loop
      vertex 3.45100975 1.5827893 1.87025166
      vertex 3.39924264 1.67385805 1.88010406
      vertex 3.44681597 1.58471382 1.85493159
    endloop
  endfacet
  facet normal -0.848799655 -0.500825479 0.169449062
    outer loop
      vertex 3.35105467 1.78119135 1.95595825
      vertex 3.35407686 1.76964498 1.93697035
      vertex 3.3859663 1.71601951 1.93821406
    endloop
  endfacet
  facet normal -0.848800408 -0.500824454 0.169448318
    outer loop
      vertex 3.35105467 1.78119135 1.95595825
      vertex 3.31614304 1.84636331 1.97370231
      vertex 3.35407686 1.76964498 1.93697035
    endloop
  endfacet
  facet normal -0.848801837 -0.500823799 0.169443098
    outer loop
      vertex 3.25504708 1.95746303 1.99602902
      vertex 3.2812314 1.91153514 1.9914465
      vertex 3.24631977 1.9767071 2.00919056
    endloop
  endfacet
  facet normal -0.848800595 -0.500825048 0.169445628
    outer loop
      vertex 3.30351353 1.86403513 1.96266961
      vertex 3.31614304 1.84636331 1.97370231
      vertex 3.2812314 1.91153514 1.9914465
    endloop
  endfacet
  facet normal -0.848801948 -0.500823805 0.169442529
    outer loop
      vertex 3.30351353 1.86403513 1.96266961
      vertex 3.2812314 1.91153514 1.9914465
      vertex 3.25504708 1.95746303 1.99602902
    endloop
  endfacet
  facet normal -0.848799968 -0.500825718 0.16944679
    outer loop
      vertex 3.3859663 1.71601951 1.93821406
      vertex 3.35407686 1.76964498 1.93697035
      vertex 3.40464044 1.67525482 1.9112711
    endloop
  endfacet
  facet normal -0.848794878 -0.500828172 0.169465031
    outer loop
      vertex 3.25504708 1.95746303 1.99602902
      vertex 3.25294995 1.95842528 1.98836899
      vertex 3.30351353 1.86403513 1.96266961
    endloop
  endfacet
  facet normal -0.848800786 -0.500825461 0.169443449
    outer loop
      vertex 3.34988284 1.77156949 1.92165029
      vertex 3.38044596 1.70797265 1.88677776
      vertex 3.40044641 1.67717934 1.89595091
    endloop
  endfacet
  facet normal -0.848800779 -0.500825325 0.16944389
    outer loop
      vertex 3.38044596 1.70797265 1.88677776
      vertex 3.39924264 1.67385805 1.88010406
      vertex 3.40044641 1.67717934 1.89595091
    endloop
  endfacet
  facet normal -0.848802062 -0.500823696 0.169442279
    outer loop
      vertex 3.42087793 1.65084755 1.92047
      vertex 3.3859663 1.71601951 1.93821406
      vertex 3.40464044 1.67525482 1.9112711
    endloop
  endfacet
  facet normal -0.848798393 -0.500826278 0.169453022
    outer loop
      vertex 3.49318528 1.49224818 1.81391215
      vertex 3.54654479 1.39657509 1.79842627
      vertex 3.4973793 1.49032366 1.82923222
    endloop
  endfacet
  facet normal -0.848798784 -0.500826211 0.169451263
    outer loop
      vertex 3.53955483 1.39978254 1.77289271
      vertex 3.54654479 1.39657509 1.79842627
      vertex 3.49318528 1.49224818 1.81391215
    endloop
  endfacet
  facet normal -0.848798981 -0.500825647 0.169451943
    outer loop
      vertex 3.39924264 1.67385805 1.88010406
      vertex 3.44262195 1.58663833 1.83961141
      vertex 3.44681597 1.58471382 1.85493159
    endloop
  endfacet
  facet normal -0.848801569 -0.500823795 0.169444451
    outer loop
      vertex 3.49318528 1.49224818 1.81391215
      vertex 3.44262195 1.58663833 1.83961141
      vertex 3.46401262 1.54080236 1.81128764
    endloop
  endfacet
  facet normal -0.848797497 -0.500826791 0.169455997
    outer loop
      vertex 3.39168215 1.67591274 1.84830654
      vertex 3.44262195 1.58663833 1.83961141
      vertex 3.39924264 1.67385805 1.88010406
    endloop
  endfacet
  facet normal -0.848798978 -0.500826067 0.169450719
    outer loop
      vertex 3.50178361 1.47029245 1.79209018
      vertex 3.53955483 1.39978254 1.77289271
      vertex 3.49318528 1.49224818 1.81391215
    endloop
  endfacet
  facet normal -0.84880123 -0.500823443 0.169447191
    outer loop
      vertex 3.46401262 1.54080236 1.81128764
      vertex 3.50178361 1.47029245 1.79209018
      vertex 3.49318528 1.49224818 1.81391215
    endloop
  endfacet
  facet normal -0.848903176 -0.500778341 0.169069368
    outer loop
      vertex 3.38847017 1.68182218 1.84968269
      vertex 3.4262414 1.61131227 1.83048511
      vertex 3.39168215 1.67591274 1.84830654
    endloop
  endfacet
  facet normal -0.848852196 -0.500797202 0.169269346
    outer loop
      vertex 3.37371683 1.70980144 1.85847652
      vertex 3.38847017 1.68182218 1.84968269
      vertex 3.39168215 1.67591274 1.84830654
    endloop
  endfacet
  facet normal -0.848799236 -0.500826903 0.169446956
    outer loop
      vertex 3.39168215 1.67591274 1.84830654
      vertex 3.4262414 1.61131227 1.83048511
      vertex 3.44262195 1.58663833 1.83961141
    endloop
  endfacet
  facet normal -0.848812815 -0.500818595 0.169403482
    outer loop
      vertex 3.38847017 1.68182218 1.84968269
      vertex 3.37371683 1.70980144 1.85847652
      vertex 3.35069919 1.75233197 1.86888015
    endloop
  endfacet
  facet normal -0.848799194 -0.500825756 0.169450558
    outer loop
      vertex 3.36164927 1.74208724 1.89345145
      vertex 3.38044596 1.70797265 1.88677776
      vertex 3.34568906 1.77349401 1.90633011
    endloop
  endfacet
  facet normal -0.848794365 -0.50082913 0.16946477
    outer loop
      vertex 3.34359193 1.77445626 1.89867008
      vertex 3.36164927 1.74208724 1.89345145
      vertex 3.34568906 1.77349401 1.90633011
    endloop
  endfacet
  facet normal -0.848798763 -0.500826061 0.169451808
    outer loop
      vertex 3.35575151 1.74369013 1.8686465
      vertex 3.36164927 1.74208724 1.89345145
      vertex 3.34149504 1.77541852 1.89100993
    endloop
  endfacet
  facet normal -0.848799595 -0.500825889 0.169448151
    outer loop
      vertex 3.34149504 1.77541852 1.89100993
      vertex 3.29093146 1.86980867 1.91670918
      vertex 3.31292796 1.82284188 1.88807762
    endloop
  endfacet
  facet normal -0.848800413 -0.500828107 0.169437499
    outer loop
      vertex 3.36164927 1.74208724 1.89345145
      vertex 3.34359193 1.77445626 1.89867008
      vertex 3.34149504 1.77541852 1.89100993
    endloop
  endfacet
  facet normal -0.848805729 -0.500822969 0.169426055
    outer loop
      vertex 3.35069919 1.75233197 1.86888015
      vertex 3.35575151 1.74369013 1.8686465
      vertex 3.31292796 1.82284188 1.88807762
    endloop
  endfacet
  facet normal -0.848799284 -0.500825541 0.169450738
    outer loop
      vertex 3.31292796 1.82284188 1.88807762
      vertex 3.35575151 1.74369013 1.8686465
      vertex 3.34149504 1.77541852 1.89100993
    endloop
  endfacet
  facet normal -0.848803811 -0.500822171 0.16943802
    outer loop
      vertex 3.37371683 1.70980144 1.85847652
      vertex 3.35575151 1.74369013 1.8686465
      vertex 3.35069919 1.75233197 1.86888015
    endloop
  endfacet
  facet normal -0.848801683 -0.500823235 0.169445535
    outer loop
      vertex 3.23738575 1.9638617 1.92647254
      vertex 3.27515674 1.89335179 1.90727508
      vertex 3.24036813 1.96419883 1.94240856
    endloop
  endfacet
  facet normal -0.848800324 -0.500825608 0.169445331
    outer loop
      vertex 3.19961452 2.03437161 1.94567013
      vertex 3.23738575 1.9638617 1.92647254
      vertex 3.24036813 1.96419883 1.94240856
    endloop
  endfacet
  facet normal -0.848802267 -0.500824181 0.169439818
    outer loop
      vertex 3.38044596 1.70797265 1.88677776
      vertex 3.34988284 1.77156949 1.92165029
      vertex 3.34568906 1.77349401 1.90633011
    endloop
  endfacet
  facet normal -0.848795991 -0.500829551 0.169455385
    outer loop
      vertex 3.25504708 1.95746303 1.99602902
      vertex 3.24631977 1.9767071 2.00919056
      vertex 3.22976518 2.00465798 2.00887871
    endloop
  endfacet
  facet normal -0.848793722 -0.50082803 0.169471242
    outer loop
      vertex 3.24631977 1.9767071 2.00919056
      vertex 3.21140814 2.04187894 2.02693462
      vertex 3.22976518 2.00465798 2.00887871
    endloop
  endfacet
  facet normal -0.848796527 -0.500826902 0.169460525
    outer loop
      vertex 3.17814898 2.10330439 2.04188371
      vertex 3.19232321 2.07750607 2.03663492
      vertex 3.15824318 2.14112544 2.05395627
    endloop
  endfacet
  facet normal -0.848800105 -0.500822951 0.169454283
    outer loop
      vertex 3.22976518 2.00465798 2.00887871
      vertex 3.21140814 2.04187894 2.02693462
      vertex 3.20702791 2.04289842 2.00800705
    endloop
  endfacet
  facet normal -0.848799128 -0.500825467 0.169451739
    outer loop
      vertex 3.15824318 2.14112544 2.05395627
      vertex 3.15182304 2.14720559 2.0397675
      vertex 3.17814898 2.10330439 2.04188371
    endloop
  endfacet
  facet normal -0.848801717 -0.500824742 0.169440915
    outer loop
      vertex 3.20702791 2.04289842 2.00800705
      vertex 3.22557139 2.0065825 1.99355853
      vertex 3.22766829 2.00562024 2.00121856
    endloop
  endfacet
  facet normal -0.848793842 -0.500830106 0.169464504
    outer loop
      vertex 3.20702791 2.04289842 2.00800705
      vertex 3.22347426 2.00754476 1.98589849
      vertex 3.22557139 2.0065825 1.99355853
    endloop
  endfacet
  facet normal -0.848802287 -0.500824609 0.169438451
    outer loop
      vertex 3.22976518 2.00465798 2.00887871
      vertex 3.20702791 2.04289842 2.00800705
      vertex 3.22766829 2.00562024 2.00121856
    endloop
  endfacet
  facet normal -0.848804036 -0.500821344 0.16943934
    outer loop
      vertex 3.14972615 2.14816785 2.03210735
      vertex 3.17333674 2.10442448 2.02108955
      vertex 3.15182304 2.14720559 2.0397675
    endloop
  endfacet
  facet normal -0.848798829 -0.500825173 0.169454108
    outer loop
      vertex 3.17814898 2.10330439 2.04188371
      vertex 3.15182304 2.14720559 2.0397675
      vertex 3.17333674 2.10442448 2.02108955
    endloop
  endfacet
  facet normal -0.84879862 -0.500825632 0.169453795
    outer loop
      vertex 3.20264769 2.04391789 1.98907948
      vertex 3.22347426 2.00754476 1.98589849
      vertex 3.20702791 2.04289842 2.00800705
    endloop
  endfacet
  facet normal -0.848798986 -0.500825774 0.169451543
    outer loop
      vertex 3.15182304 2.14720559 2.0397675
      vertex 3.15824318 2.14112544 2.05395627
      vertex 3.12416315 2.20474482 2.07127762
    endloop
  endfacet
  facet normal -0.848798913 -0.500825807 0.16945181
    outer loop
      vertex 3.10125971 2.24159551 2.06546688
      vertex 3.12416315 2.20474482 2.07127762
      vertex 3.09008312 2.26836419 2.08859897
    endloop
  endfacet
  facet normal -0.848799858 -0.500826766 0.169444245
    outer loop
      vertex 3.09008312 2.26836419 2.08859897
      vertex 3.05600309 2.33198333 2.10592055
      vertex 3.05069613 2.33598566 2.09116602
    endloop
  endfacet
  facet normal -0.848799329 -0.500825617 0.169450292
    outer loop
      vertex 3.0001328 2.43037581 2.1168654
      vertex 3.0219233 2.3956027 2.1232419
      vertex 2.98784328 2.45922208 2.14056325
    endloop
  endfacet
  facet normal -0.848798759 -0.50082623 0.169451334
    outer loop
      vertex 3.0001328 2.43037581 2.1168654
      vertex 2.98784328 2.45922208 2.14056325
      vertex 2.95376325 2.52284145 2.15788484
    endloop
  endfacet
  facet normal -0.848801904 -0.500822672 0.169446092
    outer loop
      vertex 3.05069613 2.33598566 2.09116602
      vertex 3.05600309 2.33198333 2.10592055
      vertex 3.0219233 2.3956027 2.1232419
    endloop
  endfacet
  facet normal -0.848802753 -0.500821875 0.169444196
    outer loop
      vertex 3.17333674 2.10442448 2.02108955
      vertex 3.14972615 2.14816785 2.03210735
      vertex 3.14762926 2.14913011 2.02444744
    endloop
  endfacet
  facet normal -0.848799153 -0.500825023 0.169452929
    outer loop
      vertex 3.0219233 2.3956027 2.1232419
      vertex 3.0001328 2.43037581 2.1168654
      vertex 3.05069613 2.33598566 2.09116602
    endloop
  endfacet
  facet normal -0.848799571 -0.500825011 0.169450866
    outer loop
      vertex 3.0001328 2.43037581 2.1168654
      vertex 2.94448996 2.5253911 2.11896873
      vertex 2.99593878 2.43230033 2.1015451
    endloop
  endfacet
  facet normal -0.848800087 -0.500825241 0.169447602
    outer loop
      vertex 2.94448996 2.5253911 2.11896873
      vertex 3.0001328 2.43037581 2.1168654
      vertex 2.95376325 2.52284145 2.15788484
    endloop
  endfacet
  facet normal -0.848798921 -0.50082583 0.169451701
    outer loop
      vertex 3.12416315 2.20474482 2.07127762
      vertex 3.10125971 2.24159551 2.06546688
      vertex 3.15182304 2.14720559 2.0397675
    endloop
  endfacet
  facet normal -0.848801527 -0.500821675 0.16945093
    outer loop
      vertex 3.16852474 2.10554433 2.0002954
      vertex 3.17333674 2.10442448 2.02108955
      vertex 3.14762926 2.14913011 2.02444744
    endloop
  endfacet
  facet normal -0.848793904 -0.50082999 0.169464536
    outer loop
      vertex 3.21928024 2.00946927 1.97057831
      vertex 3.22137737 2.00850701 1.97823834
      vertex 3.20264769 2.04391789 1.98907948
    endloop
  endfacet
  facet normal -0.84880157 -0.500825947 0.169438087
    outer loop
      vertex 3.22347426 2.00754476 1.98589849
      vertex 3.20264769 2.04391789 1.98907948
      vertex 3.22137737 2.00850701 1.97823834
    endloop
  endfacet
  facet normal -0.848802774 -0.500822423 0.169442471
    outer loop
      vertex 3.20264769 2.04391789 1.98907948
      vertex 3.19399858 2.05666447 1.98342788
      vertex 3.21928024 2.00946927 1.97057831
    endloop
  endfacet
  facet normal -0.848804129 -0.50082117 0.169439387
    outer loop
      vertex 3.14343524 2.15105462 2.00912714
      vertex 3.16852474 2.10554433 2.0002954
      vertex 3.14553213 2.15009236 2.01678729
    endloop
  endfacet
  facet normal -0.848802539 -0.500824623 0.169437147
    outer loop
      vertex 3.18558621 2.07473111 1.99468744
      vertex 3.19399858 2.05666447 1.98342788
      vertex 3.20264769 2.04391789 1.98907948
    endloop
  endfacet
  facet normal -0.848796526 -0.500826029 0.169463114
    outer loop
      vertex 3.14553213 2.15009236 2.01678729
      vertex 3.16852474 2.10554433 2.0002954
      vertex 3.14762926 2.14913011 2.02444744
    endloop
  endfacet
  facet normal -0.848804841 -0.500824087 0.169427197
    outer loop
      vertex 3.16852474 2.10554433 2.0002954
      vertex 3.16871691 2.10385942 1.99627757
      vertex 3.18558621 2.07473111 1.99468744
    endloop
  endfacet
  facet normal -0.84880041 -0.50082541 0.169445485
    outer loop
      vertex 3.1618433 2.10488153 1.96486759
      vertex 3.19961452 2.03437161 1.94567013
      vertex 3.18980455 2.05858898 1.96810782
    endloop
  endfacet
  facet normal -0.848799759 -0.500824626 0.169451064
    outer loop
      vertex 3.18980455 2.05858898 1.96810782
      vertex 3.13924122 2.15297914 1.99380708
      vertex 3.1618433 2.10488153 1.96486759
    endloop
  endfacet
  facet normal -0.848807426 -0.500820288 0.16942548
    outer loop
      vertex 3.16852474 2.10554433 2.0002954
      vertex 3.14343524 2.15105462 2.00912714
      vertex 3.16871691 2.10385942 1.99627757
    endloop
  endfacet
  facet normal -0.848803492 -0.500823732 0.169435005
    outer loop
      vertex 3.16871691 2.10385942 1.99627757
      vertex 3.19399858 2.05666447 1.98342788
      vertex 3.18558621 2.07473111 1.99468744
    endloop
  endfacet
  facet normal -0.848800732 -0.500824999 0.169445088
    outer loop
      vertex 3.13924122 2.15297914 1.99380708
      vertex 3.08867788 2.24736905 2.01950645
      vertex 3.12407231 2.17539144 1.98406506
    endloop
  endfacet
  facet normal -0.848799953 -0.500825606 0.169447194
    outer loop
      vertex 3.08867788 2.24736905 2.01950645
      vertex 3.03811431 2.3417592 2.04520559
      vertex 3.04852986 2.31641126 2.02245998
    endloop
  endfacet
  facet normal -0.848802743 -0.500822825 0.169441437
    outer loop
      vertex 2.98755097 2.43614936 2.07090497
      vertex 2.99174476 2.43422484 2.08622503
      vertex 2.94448996 2.5253911 2.11896873
    endloop
  endfacet
  facet normal -0.848798366 -0.500826567 0.169452305
    outer loop
      vertex 2.93521643 2.52794075 2.08005261
      vertex 2.98755097 2.43614936 2.07090497
      vertex 2.94448996 2.5253911 2.11896873
    endloop
  endfacet
  facet normal -0.848800745 -0.500824292 0.169447114
    outer loop
      vertex 3.03811431 2.3417592 2.04520559
      vertex 2.98755097 2.43614936 2.07090497
      vertex 3.01075888 2.38692093 2.04165745
    endloop
  endfacet
  facet normal -0.848798558 -0.500826577 0.169451313
    outer loop
      vertex 2.98755097 2.43614936 2.07090497
      vertex 2.93521643 2.52794075 2.08005261
      vertex 2.97298765 2.45743084 2.06085491
    endloop
  endfacet
  facet normal -0.848800922 -0.500824523 0.169445543
    outer loop
      vertex 3.01075888 2.38692093 2.04165745
      vertex 3.04852986 2.31641126 2.02245998
      vertex 3.03811431 2.3417592 2.04520559
    endloop
  endfacet
  facet normal -0.848798996 -0.500825154 0.169453328
    outer loop
      vertex 2.99593878 2.43230033 2.1015451
      vertex 2.94448996 2.5253911 2.11896873
      vertex 2.99174476 2.43422484 2.08622503
    endloop
  endfacet
  facet normal -0.848799453 -0.500824766 0.169452183
    outer loop
      vertex 3.45100975 1.5827893 1.87025166
      vertex 3.50576711 1.48647463 1.85987258
      vertex 3.45520377 1.58086479 1.88557184
    endloop
  endfacet
  facet normal -0.848801593 -0.500824972 0.169440852
    outer loop
      vertex 3.44681597 1.58471382 1.85493159
      vertex 3.50157332 1.48839915 1.8445524
      vertex 3.45100975 1.5827893 1.87025166
    endloop
  endfacet
  facet normal -0.848799038 -0.500825076 0.169453349
    outer loop
      vertex 3.49318528 1.49224818 1.81391215
      vertex 3.4973793 1.49032366 1.82923222
      vertex 3.44681597 1.58471382 1.85493159
    endloop
  endfacet
  facet normal -0.848799204 -0.500825231 0.169452057
    outer loop
      vertex 3.45100975 1.5827893 1.87025166
      vertex 3.45520377 1.58086479 1.88557184
      vertex 3.40464044 1.67525482 1.9112711
    endloop
  endfacet
  facet normal -0.848798609 -0.500826342 0.169451754
    outer loop
      vertex 3.40044641 1.67717934 1.89595091
      vertex 3.40464044 1.67525482 1.9112711
      vertex 3.35407686 1.76964498 1.93697035
    endloop
  endfacet
  facet normal -0.848799122 -0.500824918 0.169453392
    outer loop
      vertex 3.34988284 1.77156949 1.92165029
      vertex 3.35407686 1.76964498 1.93697035
      vertex 3.30351353 1.86403513 1.96266961
    endloop
  endfacet
  facet normal -0.848799453 -0.500824766 0.169452183
    outer loop
      vertex 3.29512548 1.86788416 1.93202937
      vertex 3.34988284 1.77156949 1.92165029
      vertex 3.29931951 1.86595964 1.94734955
    endloop
  endfacet
  facet normal -0.848799453 -0.500824766 0.169452183
    outer loop
      vertex 3.29093146 1.86980867 1.91670918
      vertex 3.29512548 1.86788416 1.93202937
      vertex 3.24456215 1.96227431 1.95772862
    endloop
  endfacet
  facet normal -0.848793537 -0.500830677 0.169464349
    outer loop
      vertex 3.25294995 1.95842528 1.98836899
      vertex 3.25504708 1.95746303 1.99602902
      vertex 3.22976518 2.00465798 2.00887871
    endloop
  endfacet
  facet normal -0.848795224 -0.500827526 0.169465207
    outer loop
      vertex 3.24875593 1.9603498 1.97304881
      vertex 3.25085306 1.95938754 1.98070884
      vertex 3.22557139 2.0065825 1.99355853
    endloop
  endfacet
  facet normal -0.848802023 -0.500824169 0.169441071
    outer loop
      vertex 3.22557139 2.0065825 1.99355853
      vertex 3.25294995 1.95842528 1.98836899
      vertex 3.22766829 2.00562024 2.00121856
    endloop
  endfacet
  facet normal -0.848802685 -0.500823865 0.169438653
    outer loop
      vertex 3.24456215 1.96227431 1.95772862
      vertex 3.24665904 1.96131206 1.96538877
      vertex 3.22137737 2.00850701 1.97823834
    endloop
  endfacet
  facet normal -0.848802517 -0.50082418 0.169438568
    outer loop
      vertex 3.22137737 2.00850701 1.97823834
      vertex 3.24875593 1.9603498 1.97304881
      vertex 3.22347426 2.00754476 1.98589849
    endloop
  endfacet
  facet normal -0.848801011 -0.500826059 0.169440557
    outer loop
      vertex 3.08867788 2.24736905 2.01950645
      vertex 3.14343524 2.15105462 2.00912714
      vertex 3.09287167 2.24544454 2.03482652
    endloop
  endfacet
  facet normal -0.848801678 -0.500824815 0.169440895
    outer loop
      vertex 3.04650235 2.33791018 2.07584596
      vertex 3.10125971 2.24159551 2.06546688
      vertex 3.05069613 2.33598566 2.09116602
    endloop
  endfacet
  facet normal -0.848799038 -0.500825076 0.169453349
    outer loop
      vertex 3.09287167 2.24544454 2.03482652
      vertex 3.09706569 2.24352002 2.05014658
      vertex 3.04650235 2.33791018 2.07584596
    endloop
  endfacet
  facet normal -0.848802521 -0.50082324 0.169441324
    outer loop
      vertex 3.08867788 2.24736905 2.01950645
      vertex 3.09287167 2.24544454 2.03482652
      vertex 3.04230833 2.33983469 2.06052566
    endloop
  endfacet
  facet normal -0.848799699 -0.500824772 0.169450931
    outer loop
      vertex 2.99593878 2.43230033 2.1015451
      vertex 3.05069613 2.33598566 2.09116602
      vertex 3.0001328 2.43037581 2.1168654
    endloop
  endfacet
  facet normal -0.848799024 -0.500826033 0.169450588
    outer loop
      vertex 3.04230833 2.33983469 2.06052566
      vertex 3.04650235 2.33791018 2.07584596
      vertex 2.99593878 2.43230033 2.1015451
    endloop
  endfacet
  facet normal -0.848801509 -0.500825129 0.16944081
    outer loop
      vertex 2.98755097 2.43614936 2.07090497
      vertex 3.04230833 2.33983469 2.06052566
      vertex 2.99174476 2.43422484 2.08622503
    endloop
  endfacet
  facet normal -0.848802051 -0.500823924 0.169441654
    outer loop
      vertex 3.42087793 1.65084755 1.92047
      vertex 3.40464044 1.67525482 1.9112711
      vertex 3.45520377 1.58086479 1.88557184
    endloop
  endfacet
  facet normal -0.848799725 -0.500825281 0.169449299
    outer loop
      vertex 3.50157332 1.48839915 1.8445524
      vertex 3.54654479 1.39657509 1.79842627
      vertex 3.55353475 1.39336753 1.82395983
    endloop
  endfacet
  facet normal -0.848800792 -0.500824152 0.16944729
    outer loop
      vertex 3.31614304 1.84636331 1.97370231
      vertex 3.30351353 1.86403513 1.96266961
      vertex 3.35407686 1.76964498 1.93697035
    endloop
  endfacet
  facet normal -0.848799272 -0.500825932 0.169449645
    outer loop
      vertex 3.44262195 1.58663833 1.83961141
      vertex 3.4262414 1.61131227 1.83048511
      vertex 3.46401262 1.54080236 1.81128764
    endloop
  endfacet
  facet normal -0.848799823 -0.500825679 0.169447632
    outer loop
      vertex 3.29093146 1.86980867 1.91670918
      vertex 3.27515674 1.89335179 1.90727508
      vertex 3.31292796 1.82284188 1.88807762
    endloop
  endfacet
  facet normal -0.848799891 -0.500824684 0.169450231
    outer loop
      vertex 3.27515674 1.89335179 1.90727508
      vertex 3.29093146 1.86980867 1.91670918
      vertex 3.24036813 1.96419883 1.94240856
    endloop
  endfacet
  facet normal -0.848800254 -0.500825587 0.169445744
    outer loop
      vertex 3.19961452 2.03437161 1.94567013
      vertex 3.24036813 1.96419883 1.94240856
      vertex 3.18980455 2.05858898 1.96810782
    endloop
  endfacet
  facet normal -0.848798483 -0.500826281 0.169452565
    outer loop
      vertex 3.09008312 2.26836419 2.08859897
      vertex 3.05069613 2.33598566 2.09116602
      vertex 3.10125971 2.24159551 2.06546688
    endloop
  endfacet
  facet normal -0.848800871 -0.500823608 0.169448504
    outer loop
      vertex 3.13924122 2.15297914 1.99380708
      vertex 3.12407231 2.17539144 1.98406506
      vertex 3.1618433 2.10488153 1.96486759
    endloop
  endfacet
  facet normal -0.84879997 -0.500825612 0.169447093
    outer loop
      vertex 3.08867788 2.24736905 2.01950645
      vertex 3.08630109 2.24590135 2.00326252
      vertex 3.12407231 2.17539144 1.98406506
    endloop
  endfacet
  facet normal -0.84879997 -0.500825612 0.169447093
    outer loop
      vertex 3.08867788 2.24736905 2.01950645
      vertex 3.04852986 2.31641126 2.02245998
      vertex 3.08630109 2.24590135 2.00326252
    endloop
  endfacet
  facet normal -0.848798602 -0.50082624 0.169452092
    outer loop
      vertex 2.98755097 2.43614936 2.07090497
      vertex 2.97298765 2.45743084 2.06085491
      vertex 3.01075888 2.38692093 2.04165745
    endloop
  endfacet
  facet normal 0.848801103 0.50082458 -0.169444469
    outer loop
      vertex 3.37001252 1.85985065 1.92931831
      vertex 3.3726337 1.85864782 1.93889344
      vertex 3.41934896 1.77144134 1.91515005
    endloop
  endfacet
  facet normal 0.848794264 0.500829132 -0.16946527
    outer loop
      vertex 3.41410661 1.77384698 1.89599979
      vertex 3.36739111 1.86105347 1.9197433
      vertex 3.37001252 1.85985065 1.92931831
    endloop
  endfacet
  facet normal 0.848801103 0.50082458 -0.169444469
    outer loop
      vertex 3.41934896 1.77144134 1.91515005
      vertex 3.41410661 1.77384698 1.89599979
      vertex 3.37001252 1.85985065 1.92931831
    endloop
  endfacet
  facet normal 0.848795538 0.500826754 -0.169465917
    outer loop
      vertex 3.36739111 1.86105347 1.9197433
      vertex 3.34403348 1.90465677 1.931615
      vertex 3.34665489 1.90345395 1.94119
    endloop
  endfacet
  facet normal 0.848801372 0.500824077 -0.169444606
    outer loop
      vertex 3.37001252 1.85985065 1.92931831
      vertex 3.34665489 1.90345395 1.94119
      vertex 3.3726337 1.85864782 1.93889344
    endloop
  endfacet
  facet normal 0.848801372 0.500824077 -0.169444606
    outer loop
      vertex 3.3726337 1.85864782 1.93889344
      vertex 3.34927607 1.90225112 1.95076513
      vertex 3.37525487 1.857445 1.94846857
    endloop
  endfacet
  facet normal 0.84880119 0.500824417 -0.169444513
    outer loop
      vertex 3.35952759 1.86466193 1.89101791
      vertex 3.33616996 1.90826523 1.90288973
      vertex 3.36214876 1.86345911 1.90059304
    endloop
  endfacet
  facet normal 0.848801372 0.500824077 -0.169444606
    outer loop
      vertex 3.36214876 1.86345911 1.90059304
      vertex 3.33879113 1.90706241 1.91246474
      vertex 3.36476994 1.86225629 1.91016817
    endloop
  endfacet
  facet normal 0.848801372 0.500824077 -0.169444606
    outer loop
      vertex 3.36476994 1.86225629 1.91016817
      vertex 3.34141231 1.90585959 1.92203987
      vertex 3.36739111 1.86105347 1.9197433
    endloop
  endfacet
  facet normal 0.848801103 0.50082458 -0.169444469
    outer loop
      vertex 3.4114852 1.77504981 1.88642478
      vertex 3.40886402 1.77625263 1.87684965
      vertex 3.36214876 1.86345911 1.90059304
    endloop
  endfacet
  facet normal 0.848801103 0.50082458 -0.169444469
    outer loop
      vertex 3.36476994 1.86225629 1.91016817
      vertex 3.36739111 1.86105347 1.9197433
      vertex 3.4114852 1.77504981 1.88642478
    endloop
  endfacet
  facet normal 0.848801372 0.500824077 -0.169444606
    outer loop
      vertex 3.43746424 1.73024368 1.88412809
      vertex 3.41410661 1.77384698 1.89599979
      vertex 3.41934896 1.77144134 1.91515005
    endloop
  endfacet
  facet normal 0.848801108 0.500824198 -0.169445573
    outer loop
      vertex 3.46606421 1.68423474 1.89140654
      vertex 3.46082187 1.68664038 1.8722564
      vertex 3.43746424 1.73024368 1.88412809
    endloop
  endfacet
  facet normal 0.848801149 0.500824307 -0.169445043
    outer loop
      vertex 3.41934896 1.77144134 1.91515005
      vertex 3.46606421 1.68423474 1.89140654
      vertex 3.43746424 1.73024368 1.88412809
    endloop
  endfacet
  facet normal 0.848801017 0.500824368 -0.169445527
    outer loop
      vertex 3.55425239 1.5122273 1.8247695
      vertex 3.50753713 1.5994339 1.84851301
      vertex 3.51277947 1.59702826 1.86766315
    endloop
  endfacet
  facet normal 0.848797807 0.500826999 -0.16945383
    outer loop
      vertex 3.54901004 1.51463294 1.80561936
      vertex 3.50229454 1.60183954 1.82936275
      vertex 3.50753713 1.5994339 1.84851301
    endloop
  endfacet
  facet normal 0.848797538 0.500827219 -0.169454526
    outer loop
      vertex 3.3265481 1.94467854 1.96231675
      vertex 3.33116078 1.94344878 1.98178709
      vertex 3.35189724 1.9010483 1.96034026
    endloop
  endfacet
  facet normal 0.848801017 0.500824368 -0.169445527
    outer loop
      vertex 3.37787604 1.85624218 1.95804358
      vertex 3.35189724 1.9010483 1.96034026
      vertex 3.33116078 1.94344878 1.98178709
    endloop
  endfacet
  facet normal 0.848799381 0.500827795 -0.169443594
    outer loop
      vertex 3.34665489 1.90345395 1.94119
      vertex 3.3265481 1.94467854 1.96231675
      vertex 3.34927607 1.90225112 1.95076513
    endloop
  endfacet
  facet normal 0.848799381 0.500827795 -0.169443594
    outer loop
      vertex 3.35189724 1.9010483 1.96034026
      vertex 3.34927607 1.90225112 1.95076513
      vertex 3.3265481 1.94467854 1.96231675
    endloop
  endfacet
  facet normal 0.848800126 0.500827178 -0.169441682
    outer loop
      vertex 3.34665489 1.90345395 1.94119
      vertex 3.32193565 1.94590843 1.94284642
      vertex 3.3265481 1.94467854 1.96231675
    endloop
  endfacet
  facet normal 0.848800574 0.500824822 -0.169446403
    outer loop
      vertex 3.37525487 1.857445 1.94846857
      vertex 3.37787604 1.85624218 1.95804358
      vertex 3.4245913 1.7690357 1.93430018
    endloop
  endfacet
  facet normal 0.848800793 0.500824786 -0.169445413
    outer loop
      vertex 3.41934896 1.77144134 1.91515005
      vertex 3.37525487 1.857445 1.94846857
      vertex 3.4245913 1.7690357 1.93430018
    endloop
  endfacet
  facet normal 0.848801103 0.50082458 -0.169444469
    outer loop
      vertex 3.37525487 1.857445 1.94846857
      vertex 3.41934896 1.77144134 1.91515005
      vertex 3.3726337 1.85864782 1.93889344
    endloop
  endfacet
  facet normal 0.848797807 0.500826999 -0.16945383
    outer loop
      vertex 3.4245913 1.7690357 1.93430018
      vertex 3.4713068 1.68182909 1.91055679
      vertex 3.46606421 1.68423474 1.89140654
    endloop
  endfacet
  facet normal 0.848800843 0.500824319 -0.16944654
    outer loop
      vertex 3.37787604 1.85624218 1.95804358
      vertex 3.37525487 1.857445 1.94846857
      vertex 3.35189724 1.9010483 1.96034026
    endloop
  endfacet
  facet normal 0.848796065 0.50082577 -0.169466185
    outer loop
      vertex 3.34403348 1.90465677 1.931615
      vertex 3.32193565 1.94590843 1.94284642
      vertex 3.34665489 1.90345395 1.94119
    endloop
  endfacet
  facet normal 0.848799117 0.500825415 -0.169451948
    outer loop
      vertex 3.34141231 1.90585959 1.92203987
      vertex 3.31732297 1.94713831 1.92337608
      vertex 3.32193565 1.94590843 1.94284642
    endloop
  endfacet
  facet normal 0.848801899 0.500823093 -0.169444874
    outer loop
      vertex 3.34141231 1.90585959 1.92203987
      vertex 3.32193565 1.94590843 1.94284642
      vertex 3.34403348 1.90465677 1.931615
    endloop
  endfacet
  facet normal 0.848800393 0.500825906 -0.169444108
    outer loop
      vertex 3.33879113 1.90706241 1.91246474
      vertex 3.31732297 1.94713831 1.92337608
      vertex 3.34141231 1.90585959 1.92203987
    endloop
  endfacet
  facet normal 0.848800323 0.500825761 -0.169444884
    outer loop
      vertex 3.31271052 1.94836807 1.90390575
      vertex 3.31732297 1.94713831 1.92337608
      vertex 3.33616996 1.90826523 1.90288973
    endloop
  endfacet
  facet normal 0.848799863 0.500826149 -0.169446042
    outer loop
      vertex 3.33879113 1.90706241 1.91246474
      vertex 3.33616996 1.90826523 1.90288973
      vertex 3.31732297 1.94713831 1.92337608
    endloop
  endfacet
  facet normal 0.848799141 0.500825257 -0.169452295
    outer loop
      vertex 3.37125683 1.83907568 1.87414908
      vertex 3.31271052 1.94836807 1.90390575
      vertex 3.33616996 1.90826523 1.90288973
    endloop
  endfacet
  facet normal 0.848794846 0.500828046 -0.169465565
    outer loop
      vertex 3.43698955 1.72783005 1.87461698
      vertex 3.4114852 1.77504981 1.88642478
      vertex 3.41410661 1.77384698 1.89599979
    endloop
  endfacet
  facet normal 0.848799451 0.500824854 -0.169451933
    outer loop
      vertex 3.37125683 1.83907568 1.87414908
      vertex 3.35952759 1.86466193 1.89101791
      vertex 3.40886402 1.77625263 1.87684965
    endloop
  endfacet
  facet normal 0.848801103 0.50082458 -0.169444469
    outer loop
      vertex 3.36214876 1.86345911 1.90059304
      vertex 3.40886402 1.77625263 1.87684965
      vertex 3.35952759 1.86466193 1.89101791
    endloop
  endfacet
  facet normal 0.848799421 0.500824826 -0.169452165
    outer loop
      vertex 3.42980313 1.72978318 1.84439242
      vertex 3.37125683 1.83907568 1.87414908
      vertex 3.40886402 1.77625263 1.87684965
    endloop
  endfacet
  facet normal 0.848800483 0.500825737 -0.169444154
    outer loop
      vertex 3.40886402 1.77625263 1.87684965
      vertex 3.4114852 1.77504981 1.88642478
      vertex 3.43698955 1.72783005 1.87461698
    endloop
  endfacet
  facet normal 0.848798451 0.500825797 -0.169454158
    outer loop
      vertex 3.46606421 1.68423474 1.89140654
      vertex 3.4713068 1.68182909 1.91055679
      vertex 3.51277947 1.59702826 1.86766315
    endloop
  endfacet
  facet normal 0.848800838 0.500824701 -0.169445436
    outer loop
      vertex 3.46082187 1.68664038 1.8722564
      vertex 3.46606421 1.68423474 1.89140654
      vertex 3.51277947 1.59702826 1.86766315
    endloop
  endfacet
  facet normal 0.848798135 0.500825562 -0.169456432
    outer loop
      vertex 3.45578623 1.69371545 1.86794341
      vertex 3.43746424 1.73024368 1.88412809
      vertex 3.46082187 1.68664038 1.8722564
    endloop
  endfacet
  facet normal 0.848797542 0.50082712 -0.169454797
    outer loop
      vertex 3.51277947 1.59702826 1.86766315
      vertex 3.51802206 1.59462261 1.88681328
      vertex 3.55949497 1.50982165 1.84391975
    endloop
  endfacet
  facet normal 0.848800838 0.500824701 -0.169445436
    outer loop
      vertex 3.55949497 1.50982165 1.84391975
      vertex 3.56473732 1.50741601 1.86306989
      vertex 3.61145258 1.42020953 1.8393265
    endloop
  endfacet
  facet normal 0.848798935 0.500824893 -0.169454404
    outer loop
      vertex 3.60446262 1.42341697 1.81379294
      vertex 3.55425239 1.5122273 1.8247695
      vertex 3.55949497 1.50982165 1.84391975
    endloop
  endfacet
  facet normal 0.848800107 0.500824847 -0.169448667
    outer loop
      vertex 3.60446262 1.42341697 1.81379294
      vertex 3.59747267 1.42662454 1.78825927
      vertex 3.55425239 1.5122273 1.8247695
    endloop
  endfacet
  facet normal 0.848798374 0.500825832 -0.169454438
    outer loop
      vertex 3.47458291 1.65960085 1.86126971
      vertex 3.46082187 1.68664038 1.8722564
      vertex 3.50753713 1.5994339 1.84851301
    endloop
  endfacet
  facet normal 0.84879791 0.500825729 -0.169457064
    outer loop
      vertex 3.43698955 1.72783005 1.87461698
      vertex 3.43746424 1.73024368 1.88412809
      vertex 3.45578623 1.69371545 1.86794341
    endloop
  endfacet
  facet normal 0.848798026 0.500826073 -0.169455467
    outer loop
      vertex 3.47458291 1.65960085 1.86126971
      vertex 3.45578623 1.69371545 1.86794341
      vertex 3.46082187 1.68664038 1.8722564
    endloop
  endfacet
  facet normal 0.848798973 0.500825272 -0.169453093
    outer loop
      vertex 3.43339634 1.72880661 1.8595047
      vertex 3.42980313 1.72978318 1.84439242
      vertex 3.40886402 1.77625263 1.87684965
    endloop
  endfacet
  facet normal 0.848800234 0.500824254 -0.169449783
    outer loop
      vertex 3.50229454 1.60183954 1.82936275
      vertex 3.46617484 1.66188598 1.82590628
      vertex 3.47458291 1.65960085 1.86126971
    endloop
  endfacet
  facet normal 0.848798973 0.500825272 -0.169453093
    outer loop
      vertex 3.43698955 1.72783005 1.87461698
      vertex 3.43339634 1.72880661 1.8595047
      vertex 3.40886402 1.77625263 1.87684965
    endloop
  endfacet
  facet normal 0.848798444 0.50082581 -0.169454154
    outer loop
      vertex 3.47458291 1.65960085 1.86126971
      vertex 3.50753713 1.5994339 1.84851301
      vertex 3.50229454 1.60183954 1.82936275
    endloop
  endfacet
  facet normal 0.84880023 0.500824339 -0.169449556
    outer loop
      vertex 3.59048271 1.4298321 1.76272571
      vertex 3.54901004 1.51463294 1.80561936
      vertex 3.59747267 1.42662454 1.78825927
    endloop
  endfacet
  facet normal 0.848800122 0.500825936 -0.169445375
    outer loop
      vertex 3.50229454 1.60183954 1.82936275
      vertex 3.54901004 1.51463294 1.80561936
      vertex 3.5076108 1.58453476 1.80484605
    endloop
  endfacet
  facet normal 0.848798908 0.500825422 -0.169452976
    outer loop
      vertex 3.54901004 1.51463294 1.80561936
      vertex 3.59048271 1.4298321 1.76272571
      vertex 3.54904675 1.50718343 1.78378594
    endloop
  endfacet
  facet normal 0.848800879 0.500824945 -0.169444511
    outer loop
      vertex 3.46617484 1.66188598 1.82590628
      vertex 3.50229454 1.60183954 1.82936275
      vertex 3.5076108 1.58453476 1.80484605
    endloop
  endfacet
  facet normal 0.848797968 0.500825639 -0.169457044
    outer loop
      vertex 3.43698955 1.72783005 1.87461698
      vertex 3.41410661 1.77384698 1.89599979
      vertex 3.43746424 1.73024368 1.88412809
    endloop
  endfacet
  facet normal 0.848795538 0.500826754 -0.169465917
    outer loop
      vertex 3.36739111 1.86105347 1.9197433
      vertex 3.34665489 1.90345395 1.94119
      vertex 3.37001252 1.85985065 1.92931831
    endloop
  endfacet
  facet normal 0.848801372 0.500824077 -0.169444606
    outer loop
      vertex 3.34665489 1.90345395 1.94119
      vertex 3.34927607 1.90225112 1.95076513
      vertex 3.3726337 1.85864782 1.93889344
    endloop
  endfacet
  facet normal 0.848801372 0.500824077 -0.169444606
    outer loop
      vertex 3.34927607 1.90225112 1.95076513
      vertex 3.35189724 1.9010483 1.96034026
      vertex 3.37525487 1.857445 1.94846857
    endloop
  endfacet
  facet normal 0.848800843 0.500824319 -0.16944654
    outer loop
      vertex 3.33616996 1.90826523 1.90288973
      vertex 3.33879113 1.90706241 1.91246474
      vertex 3.36214876 1.86345911 1.90059304
    endloop
  endfacet
  facet normal 0.848801372 0.500824077 -0.169444606
    outer loop
      vertex 3.33879113 1.90706241 1.91246474
      vertex 3.34141231 1.90585959 1.92203987
      vertex 3.36476994 1.86225629 1.91016817
    endloop
  endfacet
  facet normal 0.848801372 0.500824077 -0.169444606
    outer loop
      vertex 3.34141231 1.90585959 1.92203987
      vertex 3.34403348 1.90465677 1.931615
      vertex 3.36739111 1.86105347 1.9197433
    endloop
  endfacet
  facet normal 0.848801103 0.50082458 -0.169444469
    outer loop
      vertex 3.4114852 1.77504981 1.88642478
      vertex 3.36214876 1.86345911 1.90059304
      vertex 3.36476994 1.86225629 1.91016817
    endloop
  endfacet
  facet normal 0.848794264 0.500829132 -0.16946527
    outer loop
      vertex 3.36739111 1.86105347 1.9197433
      vertex 3.41410661 1.77384698 1.89599979
      vertex 3.4114852 1.77504981 1.88642478
    endloop
  endfacet
  facet normal 0.848797807 0.500826999 -0.16945383
    outer loop
      vertex 3.55425239 1.5122273 1.8247695
      vertex 3.51277947 1.59702826 1.86766315
      vertex 3.55949497 1.50982165 1.84391975
    endloop
  endfacet
  facet normal 0.848801017 0.500824368 -0.169445527
    outer loop
      vertex 3.54901004 1.51463294 1.80561936
      vertex 3.50753713 1.5994339 1.84851301
      vertex 3.55425239 1.5122273 1.8247695
    endloop
  endfacet
  facet normal 0.848801017 0.500824368 -0.169445527
    outer loop
      vertex 3.4245913 1.7690357 1.93430018
      vertex 3.46606421 1.68423474 1.89140654
      vertex 3.41934896 1.77144134 1.91515005
    endloop
  endfacet
  facet normal 0.848798737 0.500825543 -0.169453474
    outer loop
      vertex 3.37125683 1.83907568 1.87414908
      vertex 3.33616996 1.90826523 1.90288973
      vertex 3.35952759 1.86466193 1.89101791
    endloop
  endfacet
  facet normal 0.848798095 0.500826088 -0.169455078
    outer loop
      vertex 3.4713068 1.68182909 1.91055679
      vertex 3.51802206 1.59462261 1.88681328
      vertex 3.51277947 1.59702826 1.86766315
    endloop
  endfacet
  facet normal 0.848800838 0.500824701 -0.169445436
    outer loop
      vertex 3.46082187 1.68664038 1.8722564
      vertex 3.51277947 1.59702826 1.86766315
      vertex 3.50753713 1.5994339 1.84851301
    endloop
  endfacet
  facet normal 0.848801108 0.500824198 -0.169445573
    outer loop
      vertex 3.51802206 1.59462261 1.88681328
      vertex 3.56473732 1.50741601 1.86306989
      vertex 3.55949497 1.50982165 1.84391975
    endloop
  endfacet
  facet normal 0.848799756 0.500824397 -0.169451757
    outer loop
      vertex 3.55949497 1.50982165 1.84391975
      vertex 3.61145258 1.42020953 1.8393265
      vertex 3.60446262 1.42341697 1.81379294
    endloop
  endfacet
  facet normal 0.848801172 0.500824078 -0.169445606
    outer loop
      vertex 3.59747267 1.42662454 1.78825927
      vertex 3.54901004 1.51463294 1.80561936
      vertex 3.55425239 1.5122273 1.8247695
    endloop
  endfacet
  facet normal 0.848799044 0.500825215 -0.169452905
    outer loop
      vertex 3.54901004 1.51463294 1.80561936
      vertex 3.54904675 1.50718343 1.78378594
      vertex 3.5076108 1.58453476 1.80484605
    endloop
  endfacet
  facet normal 0.262117029 -0.120284131 0.957510518
    outer loop
      vertex 3.51262403 1.54213929 1.88169813
      vertex 3.499892 1.53462696 1.88423979
      vertex 3.53657436 1.46614969 1.86559582
    endloop
  endfacet
  facet normal 0.262137193 -0.120278154 0.957505748
    outer loop
      vertex 3.23114085 2.05196261 2.02279949
      vertex 3.22477484 2.04820657 2.0240705
      vertex 3.2431159 2.01396799 2.01474833
    endloop
  endfacet
  facet normal 0.262120956 -0.120285969 0.957509211
    outer loop
      vertex 3.23750663 2.0557189 2.02152872
      vertex 3.23114085 2.05196261 2.02279949
      vertex 3.25584793 2.02148032 2.01220655
    endloop
  endfacet
  facet normal 0.262114602 -0.120291483 0.957510258
    outer loop
      vertex 3.22477484 2.04820657 2.0240705
      vertex 3.21840882 2.04445028 2.02534127
      vertex 3.2431159 2.01396799 2.01474833
    endloop
  endfacet
  facet normal 0.26210952 -0.12028997 0.957511839
    outer loop
      vertex 3.24948192 2.01772404 2.01347756
      vertex 3.2431159 2.01396799 2.01474833
      vertex 3.27979827 1.9454906 1.99610424
    endloop
  endfacet
  facet normal 0.262137946 -0.120271587 0.957506367
    outer loop
      vertex 3.2925303 1.95300293 1.99356258
      vertex 3.25584793 2.02148032 2.01220655
      vertex 3.24948192 2.01772404 2.01347756
    endloop
  endfacet
  facet normal 0.262118013 -0.120285968 0.957510017
    outer loop
      vertex 3.27979827 1.9454906 1.99610424
      vertex 3.2925303 1.95300293 1.99356258
      vertex 3.24948192 2.01772404 2.01347756
    endloop
  endfacet
  facet normal 0.262124955 -0.120281066 0.957508733
    outer loop
      vertex 3.52535605 1.54965174 1.87915635
      vertex 3.51262403 1.54213929 1.88169813
      vertex 3.54930639 1.47366202 1.86305404
    endloop
  endfacet
  facet normal 0.262121836 -0.120277238 0.957510067
    outer loop
      vertex 3.32079887 1.94715226 1.98508894
      vertex 3.3116281 1.96427155 1.98974991
      vertex 3.30526209 1.96051538 1.9910208
    endloop
  endfacet
  facet normal 0.26212752 -0.120283861 0.957507679
    outer loop
      vertex 3.32360339 1.92627668 1.98169875
      vertex 3.32996941 1.93003297 1.98042786
      vertex 3.32079887 1.94715226 1.98508894
    endloop
  endfacet
  facet normal 0.262114518 -0.120286139 0.957510952
    outer loop
      vertex 3.30526209 1.96051538 1.9910208
      vertex 3.32360339 1.92627668 1.98169875
      vertex 3.32079887 1.94715226 1.98508894
    endloop
  endfacet
  facet normal 0.262124731 -0.120278654 0.957509097
    outer loop
      vertex 3.32996941 1.93003297 1.98042786
      vertex 3.32360339 1.92627668 1.98169875
      vertex 3.34831047 1.89579427 1.97110593
    endloop
  endfacet
  facet normal 0.26212805 -0.120278155 0.957508251
    outer loop
      vertex 3.32360339 1.92627668 1.98169875
      vertex 3.30526209 1.96051538 1.9910208
      vertex 3.2925303 1.95300293 1.99356258
    endloop
  endfacet
  facet normal 0.262125397 -0.12028189 0.957508508
    outer loop
      vertex 3.32921243 1.88452566 1.97491848
      vertex 3.34194446 1.89203811 1.9723767
      vertex 3.32360339 1.92627668 1.98169875
    endloop
  endfacet
  facet normal 0.262124908 -0.120281976 0.957508631
    outer loop
      vertex 3.2925303 1.95300293 1.99356258
      vertex 3.32921243 1.88452566 1.97491848
      vertex 3.32360339 1.92627668 1.98169875
    endloop
  endfacet
  facet normal 0.262124955 -0.120281066 0.957508733
    outer loop
      vertex 3.34194446 1.89203811 1.9723767
      vertex 3.32921243 1.88452566 1.97491848
      vertex 3.37862682 1.82356083 1.95373261
    endloop
  endfacet
  facet normal 0.262113884 -0.120290142 0.957510623
    outer loop
      vertex 3.25660467 2.06698751 2.01771617
      vertex 3.25023866 2.06323123 2.01898694
      vertex 3.27494597 2.03274894 2.008394
    endloop
  endfacet
  facet normal 0.262139719 -0.120274898 0.957505466
    outer loop
      vertex 3.24387264 2.05947518 2.02025771
      vertex 3.23750663 2.0557189 2.02152872
      vertex 3.25584793 2.02148032 2.01220655
    endloop
  endfacet
  facet normal 0.262107684 -0.120286543 0.957512772
    outer loop
      vertex 3.25023866 2.06323123 2.01898694
      vertex 3.24387264 2.05947518 2.02025771
      vertex 3.26221395 2.02523637 2.01093578
    endloop
  endfacet
  facet normal 0.262114437 -0.120291175 0.957510342
    outer loop
      vertex 3.28692102 1.99475396 2.00034285
      vertex 3.26857996 2.02899265 2.00966501
      vertex 3.26221395 2.02523637 2.01093578
    endloop
  endfacet
  facet normal 0.262108864 -0.120288746 0.957512173
    outer loop
      vertex 3.26221395 2.02523637 2.01093578
      vertex 3.25584793 2.02148032 2.01220655
      vertex 3.2925303 1.95300293 1.99356258
    endloop
  endfacet
  facet normal 0.262128933 -0.120279804 0.957507802
    outer loop
      vertex 3.2925303 1.95300293 1.99356258
      vertex 3.30526209 1.96051538 1.9910208
      vertex 3.28692102 1.99475396 2.00034285
    endloop
  endfacet
  facet normal 0.262127189 -0.120280109 0.957508241
    outer loop
      vertex 3.28692102 1.99475396 2.00034285
      vertex 3.26221395 2.02523637 2.01093578
      vertex 3.2925303 1.95300293 1.99356258
    endloop
  endfacet
  facet normal 0.262140108 -0.120275623 0.957505268
    outer loop
      vertex 3.28411651 2.01562953 2.00373292
      vertex 3.27494597 2.03274894 2.008394
      vertex 3.26857996 2.02899265 2.00966501
    endloop
  endfacet
  facet normal 0.262124896 -0.120278962 0.957509013
    outer loop
      vertex 3.28692102 1.99475396 2.00034285
      vertex 3.29328704 1.99851024 1.99907196
      vertex 3.28411651 2.01562953 2.00373292
    endloop
  endfacet
  facet normal 0.262139462 -0.12027641 0.957505346
    outer loop
      vertex 3.26857996 2.02899265 2.00966501
      vertex 3.28692102 1.99475396 2.00034285
      vertex 3.28411651 2.01562953 2.00373292
    endloop
  endfacet
  facet normal 0.262126043 -0.120281104 0.95750843
    outer loop
      vertex 3.29328704 1.99851024 1.99907196
      vertex 3.28692102 1.99475396 2.00034285
      vertex 3.3116281 1.96427155 1.98974991
    endloop
  endfacet
  facet normal 0.262121648 -0.120283731 0.957509303
    outer loop
      vertex 3.53657436 1.46614969 1.86559582
      vertex 3.52561307 1.45533192 1.86723757
      vertex 3.5605247 1.39015996 1.84949338
    endloop
  endfacet
  facet normal 0.262121219 -0.12028327 0.957509478
    outer loop
      vertex 3.4907012 1.52050376 1.88498175
      vertex 3.52561307 1.45533192 1.86723757
      vertex 3.53657436 1.46614969 1.86559582
    endloop
  endfacet
  facet normal 0.262121143 -0.120284242 0.957509377
    outer loop
      vertex 3.499892 1.53462696 1.88423979
      vertex 3.42087793 1.65084755 1.92047
      vertex 3.45578957 1.58567572 1.90272582
    endloop
  endfacet
  facet normal 0.262124857 -0.12028205 0.957508636
    outer loop
      vertex 3.36589479 1.81604838 1.95627439
      vertex 3.35105467 1.78119135 1.95595825
      vertex 3.3859663 1.71601951 1.93821406
    endloop
  endfacet
  facet normal 0.26211934 -0.1202834 0.957509977
    outer loop
      vertex 3.3859663 1.71601951 1.93821406
      vertex 3.42087793 1.65084755 1.92047
      vertex 3.36589479 1.81604838 1.95627439
    endloop
  endfacet
  facet normal 0.2621269 -0.120278939 0.957508467
    outer loop
      vertex 3.45578957 1.58567572 1.90272582
      vertex 3.4907012 1.52050376 1.88498175
      vertex 3.499892 1.53462696 1.88423979
    endloop
  endfacet
  facet normal 0.262124164 -0.120281583 0.957508884
    outer loop
      vertex 3.54930639 1.47366202 1.86305404
      vertex 3.53657436 1.46614969 1.86559582
      vertex 3.57750058 1.40017653 1.8461045
    endloop
  endfacet
  facet normal 0.26212022 -0.12028425 0.957509629
    outer loop
      vertex 3.5605247 1.39015996 1.84949338
      vertex 3.57750058 1.40017653 1.8461045
      vertex 3.53657436 1.46614969 1.86559582
    endloop
  endfacet
  facet normal 0.262121496 -0.120282742 0.957509469
    outer loop
      vertex 3.5944767 1.41019297 1.8427155
      vertex 3.54930639 1.47366202 1.86305404
      vertex 3.57750058 1.40017653 1.8461045
    endloop
  endfacet
  facet normal 0.262122975 -0.120281255 0.957509251
    outer loop
      vertex 3.31614304 1.84636331 1.97370231
      vertex 3.35105467 1.78119135 1.95595825
      vertex 3.36589479 1.81604838 1.95627439
    endloop
  endfacet
  facet normal 0.262118235 -0.120286383 0.957509904
    outer loop
      vertex 3.42087793 1.65084755 1.92047
      vertex 3.499892 1.53462696 1.88423979
      vertex 3.51262403 1.54213929 1.88169813
    endloop
  endfacet
  facet normal 0.262123167 -0.120281939 0.957509113
    outer loop
      vertex 3.51262403 1.54213929 1.88169813
      vertex 3.36589479 1.81604838 1.95627439
      vertex 3.42087793 1.65084755 1.92047
    endloop
  endfacet
  facet normal 0.262121202 -0.120283098 0.957509505
    outer loop
      vertex 3.4713068 1.68182909 1.91055679
      vertex 3.36589479 1.81604838 1.95627439
      vertex 3.51262403 1.54213929 1.88169813
    endloop
  endfacet
  facet normal 0.262124549 -0.120280326 0.957508937
    outer loop
      vertex 3.24631977 1.9767071 2.00919056
      vertex 3.2812314 1.91153514 1.9914465
      vertex 3.27979827 1.9454906 1.99610424
    endloop
  endfacet
  facet normal 0.262128274 -0.120280034 0.957507954
    outer loop
      vertex 3.27979827 1.9454906 1.99610424
      vertex 3.2812314 1.91153514 1.9914465
      vertex 3.31614304 1.84636331 1.97370231
    endloop
  endfacet
  facet normal 0.262118091 -0.12028761 0.95750979
    outer loop
      vertex 3.23674989 2.01021171 2.01601934
      vertex 3.24631977 1.9767071 2.00919056
      vertex 3.27979827 1.9454906 1.99610424
    endloop
  endfacet
  facet normal 0.262110542 -0.120287432 0.957511879
    outer loop
      vertex 3.21840882 2.04445028 2.02534127
      vertex 3.21140814 2.04187894 2.02693462
      vertex 3.23674989 2.01021171 2.01601934
    endloop
  endfacet
  facet normal 0.262105412 -0.120291831 0.95751273
    outer loop
      vertex 3.24631977 1.9767071 2.00919056
      vertex 3.23674989 2.01021171 2.01601934
      vertex 3.21140814 2.04187894 2.02693462
    endloop
  endfacet
  facet normal 0.262106627 -0.120275153 0.957514493
    outer loop
      vertex 3.21140814 2.04187894 2.02693462
      vertex 3.21840882 2.04445028 2.02534127
      vertex 3.21971345 2.05765486 2.0266428
    endloop
  endfacet
  facet normal 0.262105824 -0.120275096 0.95751472
    outer loop
      vertex 3.21840882 2.04445028 2.02534127
      vertex 3.22477484 2.04820657 2.0240705
      vertex 3.21971345 2.05765486 2.0266428
    endloop
  endfacet
  facet normal 0.262138602 -0.120272811 0.957506034
    outer loop
      vertex 3.2431159 2.01396799 2.01474833
      vertex 3.23674989 2.01021171 2.01601934
      vertex 3.27979827 1.9454906 1.99610424
    endloop
  endfacet
  facet normal 0.262118044 -0.120286026 0.957510002
    outer loop
      vertex 3.32921243 1.88452566 1.97491848
      vertex 3.2925303 1.95300293 1.99356258
      vertex 3.27979827 1.9454906 1.99610424
    endloop
  endfacet
  facet normal 0.262117914 -0.120282988 0.957510419
    outer loop
      vertex 3.21971345 2.05765486 2.0266428
      vertex 3.23114085 2.05196261 2.02279949
      vertex 3.22801876 2.07343054 2.02635098
    endloop
  endfacet
  facet normal 0.262137991 -0.120271672 0.957506344
    outer loop
      vertex 3.24387264 2.05947518 2.02025771
      vertex 3.22801876 2.07343054 2.02635098
      vertex 3.23750663 2.0557189 2.02152872
    endloop
  endfacet
  facet normal 0.262119228 -0.120282743 0.95751009
    outer loop
      vertex 3.23114085 2.05196261 2.02279949
      vertex 3.23750663 2.0557189 2.02152872
      vertex 3.22801876 2.07343054 2.02635098
    endloop
  endfacet
  facet normal 0.262128415 -0.120261766 0.95751021
    outer loop
      vertex 3.22477484 2.04820657 2.0240705
      vertex 3.23114085 2.05196261 2.02279949
      vertex 3.21971345 2.05765486 2.0266428
    endloop
  endfacet
  facet normal 0.262121877 -0.1202827 0.95750937
    outer loop
      vertex 3.27979827 1.9454906 1.99610424
      vertex 3.31614304 1.84636331 1.97370231
      vertex 3.32921243 1.88452566 1.97491848
    endloop
  endfacet
  facet normal 0.262124614 -0.12028055 0.957508891
    outer loop
      vertex 3.61145258 1.42020953 1.8393265
      vertex 3.56203842 1.48117435 1.86051226
      vertex 3.5944767 1.41019297 1.8427155
    endloop
  endfacet
  facet normal 0.262124538 -0.120280287 0.957508945
    outer loop
      vertex 3.4713068 1.68182909 1.91055679
      vertex 3.37862682 1.82356083 1.95373261
      vertex 3.36589479 1.81604838 1.95627439
    endloop
  endfacet
  facet normal 0.262125291 -0.120281694 0.957508562
    outer loop
      vertex 3.52535605 1.54965174 1.87915635
      vertex 3.4713068 1.68182909 1.91055679
      vertex 3.51262403 1.54213929 1.88169813
    endloop
  endfacet
  facet normal 0.262111225 -0.120289167 0.957511473
    outer loop
      vertex 3.34831047 1.89579427 1.97110593
      vertex 3.34194446 1.89203811 1.9723767
      vertex 3.37862682 1.82356083 1.95373261
    endloop
  endfacet
  facet normal 0.262117261 -0.120287272 0.957510059
    outer loop
      vertex 3.33116078 1.94344878 1.98178709
      vertex 3.32691669 1.94094455 1.98263431
      vertex 3.32996941 1.93003297 1.98042786
    endloop
  endfacet
  facet normal 0.262125854 -0.120282273 0.957508335
    outer loop
      vertex 3.37787604 1.85624218 1.95804358
      vertex 3.34831047 1.89579427 1.97110593
      vertex 3.37862682 1.82356083 1.95373261
    endloop
  endfacet
  facet normal 0.262122846 -0.120282108 0.957509179
    outer loop
      vertex 3.56473732 1.50741601 1.86306989
      vertex 3.52535605 1.54965174 1.87915635
      vertex 3.56203842 1.48117435 1.86051226
    endloop
  endfacet
  facet normal 0.262123286 -0.120281673 0.957509113
    outer loop
      vertex 3.56473732 1.50741601 1.86306989
      vertex 3.51802206 1.59462261 1.88681328
      vertex 3.52535605 1.54965174 1.87915635
    endloop
  endfacet
  facet normal 0.262126988 -0.120280913 0.957508195
    outer loop
      vertex 3.51802206 1.59462261 1.88681328
      vertex 3.4713068 1.68182909 1.91055679
      vertex 3.52535605 1.54965174 1.87915635
    endloop
  endfacet
  facet normal 0.262122176 -0.120282486 0.957509315
    outer loop
      vertex 3.37862682 1.82356083 1.95373261
      vertex 3.4245913 1.7690357 1.93430018
      vertex 3.37787604 1.85624218 1.95804358
    endloop
  endfacet
  facet normal 0.262124923 -0.120280014 0.957508874
    outer loop
      vertex 3.4245913 1.7690357 1.93430018
      vertex 3.37862682 1.82356083 1.95373261
      vertex 3.4713068 1.68182909 1.91055679
    endloop
  endfacet
  facet normal 0.262110787 -0.120286882 0.95751188
    outer loop
      vertex 3.33116078 1.94344878 1.98178709
      vertex 3.32996941 1.93003297 1.98042786
      vertex 3.34831047 1.89579427 1.97110593
    endloop
  endfacet
  facet normal 0.262129813 -0.120279087 0.957507651
    outer loop
      vertex 3.37787604 1.85624218 1.95804358
      vertex 3.33116078 1.94344878 1.98178709
      vertex 3.34831047 1.89579427 1.97110593
    endloop
  endfacet
  facet normal 0.262122821 -0.120282106 0.957509186
    outer loop
      vertex 3.61145258 1.42020953 1.8393265
      vertex 3.56473732 1.50741601 1.86306989
      vertex 3.56203842 1.48117435 1.86051226
    endloop
  endfacet
  facet normal 0.262127299 -0.120283991 0.957507724
    outer loop
      vertex 3.32079887 1.94715226 1.98508894
      vertex 3.32996941 1.93003297 1.98042786
      vertex 3.32691669 1.94094455 1.98263431
    endloop
  endfacet
  facet normal 0.262149373 -0.120260989 0.957504569
    outer loop
      vertex 3.3116281 1.96427155 1.98974991
      vertex 3.32079887 1.94715226 1.98508894
      vertex 3.32691669 1.94094455 1.98263431
    endloop
  endfacet
  facet normal 0.262114655 -0.120287823 0.957510703
    outer loop
      vertex 3.30719662 1.97775745 1.99265718
      vertex 3.29328704 1.99851024 1.99907196
      vertex 3.3116281 1.96427155 1.98974991
    endloop
  endfacet
  facet normal 0.262126273 -0.12028562 0.9575078
    outer loop
      vertex 3.22801876 2.07343054 2.02635098
      vertex 3.24387264 2.05947518 2.02025771
      vertex 3.23632407 2.08920646 2.02605915
    endloop
  endfacet
  facet normal 0.262109831 -0.120290552 0.957511681
    outer loop
      vertex 3.25023866 2.06323123 2.01898694
      vertex 3.23632407 2.08920646 2.02605915
      vertex 3.24387264 2.05947518 2.02025771
    endloop
  endfacet
  facet normal 0.262113077 -0.120288636 0.957511033
    outer loop
      vertex 3.25660467 2.06698751 2.01771617
      vertex 3.23632407 2.08920646 2.02605915
      vertex 3.25023866 2.06323123 2.01898694
    endloop
  endfacet
  facet normal 0.262111475 -0.120286881 0.957511692
    outer loop
      vertex 3.28411651 2.01562953 2.00373292
      vertex 3.29328704 1.99851024 1.99907196
      vertex 3.28747654 2.01457024 2.00268006
    endloop
  endfacet
  facet normal 0.262109195 -0.120293864 0.957511439
    outer loop
      vertex 3.28411651 2.01562953 2.00373292
      vertex 3.28747654 2.01457024 2.00268006
      vertex 3.27494597 2.03274894 2.008394
    endloop
  endfacet
  facet normal 0.262108292 -0.120290224 0.957512144
    outer loop
      vertex 3.32691669 1.94094455 1.98263431
      vertex 3.30719662 1.97775745 1.99265718
      vertex 3.3116281 1.96427155 1.98974991
    endloop
  endfacet
  facet normal 0.262102311 -0.12029697 0.957512933
    outer loop
      vertex 3.29172063 2.01707435 2.00183296
      vertex 3.25660467 2.06698751 2.01771617
      vertex 3.27494597 2.03274894 2.008394
    endloop
  endfacet
  facet normal 0.262119632 -0.120283802 0.957509846
    outer loop
      vertex 3.25660467 2.06698751 2.01771617
      vertex 3.29172063 2.01707435 2.00183296
      vertex 3.24462962 2.10498238 2.02576733
    endloop
  endfacet
  facet normal 0.262096971 -0.120302981 0.95751364
    outer loop
      vertex 3.29172063 2.01707435 2.00183296
      vertex 3.27494597 2.03274894 2.008394
      vertex 3.28747654 2.01457024 2.00268006
    endloop
  endfacet
  facet normal 0.262117121 -0.120284715 0.957510419
    outer loop
      vertex 3.23632407 2.08920646 2.02605915
      vertex 3.25660467 2.06698751 2.01771617
      vertex 3.24462962 2.10498238 2.02576733
    endloop
  endfacet
  facet normal 0.262121803 -0.120282629 0.957509399
    outer loop
      vertex 3.30719662 1.97775745 1.99265718
      vertex 3.28747654 2.01457024 2.00268006
      vertex 3.29328704 1.99851024 1.99907196
    endloop
  endfacet
  facet normal 0.262123826 -0.120280952 0.957509056
    outer loop
      vertex 3.54930639 1.47366202 1.86305404
      vertex 3.5944767 1.41019297 1.8427155
      vertex 3.56203842 1.48117435 1.86051226
    endloop
  endfacet
  facet normal 0.262124144 -0.120281545 0.957508895
    outer loop
      vertex 3.51262403 1.54213929 1.88169813
      vertex 3.53657436 1.46614969 1.86559582
      vertex 3.54930639 1.47366202 1.86305404
    endloop
  endfacet
  facet normal 0.262108732 -0.120288499 0.95751224
    outer loop
      vertex 3.23114085 2.05196261 2.02279949
      vertex 3.2431159 2.01396799 2.01474833
      vertex 3.24948192 2.01772404 2.01347756
    endloop
  endfacet
  facet normal 0.262137814 -0.12027134 0.957506434
    outer loop
      vertex 3.23114085 2.05196261 2.02279949
      vertex 3.24948192 2.01772404 2.01347756
      vertex 3.25584793 2.02148032 2.01220655
    endloop
  endfacet
  facet normal 0.262137814 -0.12027134 0.957506434
    outer loop
      vertex 3.21840882 2.04445028 2.02534127
      vertex 3.23674989 2.01021171 2.01601934
      vertex 3.2431159 2.01396799 2.01474833
    endloop
  endfacet
  facet normal 0.262124061 -0.120281391 0.957508937
    outer loop
      vertex 3.52535605 1.54965174 1.87915635
      vertex 3.54930639 1.47366202 1.86305404
      vertex 3.56203842 1.48117435 1.86051226
    endloop
  endfacet
  facet normal 0.262111667 -0.120289991 0.957511249
    outer loop
      vertex 3.32360339 1.92627668 1.98169875
      vertex 3.34194446 1.89203811 1.9723767
      vertex 3.34831047 1.89579427 1.97110593
    endloop
  endfacet
  facet normal 0.262124955 -0.120281066 0.957508733
    outer loop
      vertex 3.32921243 1.88452566 1.97491848
      vertex 3.36589479 1.81604838 1.95627439
      vertex 3.37862682 1.82356083 1.95373261
    endloop
  endfacet
  facet normal 0.262137095 -0.120269999 0.957506799
    outer loop
      vertex 3.25023866 2.06323123 2.01898694
      vertex 3.26857996 2.02899265 2.00966501
      vertex 3.27494597 2.03274894 2.008394
    endloop
  endfacet
  facet normal 0.262107684 -0.120286543 0.957512772
    outer loop
      vertex 3.24387264 2.05947518 2.02025771
      vertex 3.25584793 2.02148032 2.01220655
      vertex 3.26221395 2.02523637 2.01093578
    endloop
  endfacet
  facet normal 0.262111259 -0.120285243 0.957511957
    outer loop
      vertex 3.25023866 2.06323123 2.01898694
      vertex 3.26221395 2.02523637 2.01093578
      vertex 3.26857996 2.02899265 2.00966501
    endloop
  endfacet
  facet normal 0.262124585 -0.120282369 0.95750867
    outer loop
      vertex 3.28692102 1.99475396 2.00034285
      vertex 3.30526209 1.96051538 1.9910208
      vertex 3.3116281 1.96427155 1.98974991
    endloop
  endfacet
  facet normal 0.262126398 -0.120278603 0.957508647
    outer loop
      vertex 3.4907012 1.52050376 1.88498175
      vertex 3.53657436 1.46614969 1.86559582
      vertex 3.499892 1.53462696 1.88423979
    endloop
  endfacet
  facet normal 0.262122074 -0.120282766 0.957509308
    outer loop
      vertex 3.31614304 1.84636331 1.97370231
      vertex 3.36589479 1.81604838 1.95627439
      vertex 3.32921243 1.88452566 1.97491848
    endloop
  endfacet
  facet normal -0.262130809 0.120276611 -0.95750769
    outer loop
      vertex 3.51947427 1.48418808 1.78899288
      vertex 3.51310849 1.48043191 1.79026377
      vertex 3.47392988 1.55356884 1.81017649
    endloop
  endfacet
  facet normal -0.262123995 0.120281268 -0.95750897
    outer loop
      vertex 3.48666191 1.56108129 1.80763471
      vertex 3.52584028 1.48794425 1.78772199
      vertex 3.51947427 1.48418808 1.78899288
    endloop
  endfacet
  facet normal -0.262124845 0.120280861 -0.957508788
    outer loop
      vertex 3.47392988 1.55356884 1.81017649
      vertex 3.48666191 1.56108129 1.80763471
      vertex 3.51947427 1.48418808 1.78899288
    endloop
  endfacet
  facet normal -0.26212415 0.120281556 -0.957508892
    outer loop
      vertex 3.52584028 1.48794425 1.78772199
      vertex 3.54542947 1.45137584 1.77776563
      vertex 3.51947427 1.48418808 1.78899288
    endloop
  endfacet
  facet normal -0.26213055 0.120276127 -0.957507821
    outer loop
      vertex 3.51947427 1.48418808 1.78899288
      vertex 3.53906369 1.44761968 1.77903652
      vertex 3.51310849 1.48043191 1.79026377
    endloop
  endfacet
  facet normal -0.262125224 0.120283561 -0.957508346
    outer loop
      vertex 3.51310849 1.48043191 1.79026377
      vertex 3.53269768 1.44386339 1.78030729
      vertex 3.52633166 1.44010723 1.78157818
    endloop
  endfacet
  facet normal -0.262123995 0.120281268 -0.95750897
    outer loop
      vertex 3.54493833 1.49921286 1.78390932
      vertex 3.56452751 1.46264434 1.77395296
      vertex 3.5581615 1.45888817 1.77522385
    endloop
  endfacet
  facet normal -0.262123995 0.120281268 -0.95750897
    outer loop
      vertex 3.53857231 1.4954567 1.78518021
      vertex 3.5581615 1.45888817 1.77522385
      vertex 3.55179548 1.45513201 1.77649474
    endloop
  endfacet
  facet normal -0.262125618 0.120280311 -0.957508646
    outer loop
      vertex 3.5322063 1.49170053 1.7864511
      vertex 3.55179548 1.45513201 1.77649474
      vertex 3.52584028 1.48794425 1.78772199
    endloop
  endfacet
  facet normal -0.262125618 0.120280311 -0.957508646
    outer loop
      vertex 3.5322063 1.49170053 1.7864511
      vertex 3.52584028 1.48794425 1.78772199
      vertex 3.48666191 1.56108129 1.80763471
    endloop
  endfacet
  facet normal -0.262124073 0.120281412 -0.957508931
    outer loop
      vertex 3.49939394 1.56859362 1.80509293
      vertex 3.53857231 1.4954567 1.78518021
      vertex 3.5322063 1.49170053 1.7864511
    endloop
  endfacet
  facet normal -0.262124073 0.120281412 -0.957508931
    outer loop
      vertex 3.48666191 1.56108129 1.80763471
      vertex 3.49939394 1.56859362 1.80509293
      vertex 3.5322063 1.49170053 1.7864511
    endloop
  endfacet
  facet normal -0.262124884 0.120280933 -0.957508769
    outer loop
      vertex 3.44748354 1.63421822 1.82754743
      vertex 3.48666191 1.56108129 1.80763471
      vertex 3.47392988 1.55356884 1.81017649
    endloop
  endfacet
  facet normal -0.262118962 0.120285747 -0.957509785
    outer loop
      vertex 3.46021557 1.64173067 1.82500577
      vertex 3.49939394 1.56859362 1.80509293
      vertex 3.44748354 1.63421822 1.82754743
    endloop
  endfacet
  facet normal -0.262123995 0.120281268 -0.95750897
    outer loop
      vertex 3.32994819 1.85362923 1.88728571
      vertex 3.36912656 1.78049219 1.86737299
      vertex 3.35639453 1.77297986 1.86991477
    endloop
  endfacet
  facet normal -0.262118228 0.12028637 -0.957509908
    outer loop
      vertex 3.34268022 1.86114156 1.88474405
      vertex 3.38185859 1.78800464 1.86483121
      vertex 3.32994819 1.85362923 1.88728571
    endloop
  endfacet
  facet normal -0.262117536 0.120285079 -0.957510259
    outer loop
      vertex 3.27118063 1.96333468 1.91715491
      vertex 3.29076982 1.92676616 1.90719855
      vertex 3.27803779 1.91925383 1.90974021
    endloop
  endfacet
  facet normal -0.262127014 0.120278214 -0.957508527
    outer loop
      vertex 3.23885942 1.99239075 1.92965305
      vertex 3.25159121 1.99990308 1.92711127
      vertex 3.27118063 1.96333468 1.91715491
    endloop
  endfacet
  facet normal -0.262121863 0.120284225 -0.957509182
    outer loop
      vertex 3.27803779 1.91925383 1.90974021
      vertex 3.23885942 1.99239075 1.92965305
      vertex 3.27118063 1.96333468 1.91715491
    endloop
  endfacet
  facet normal -0.262118228 0.12028637 -0.957509908
    outer loop
      vertex 3.29076982 1.92676616 1.90719855
      vertex 3.32994819 1.85362923 1.88728571
      vertex 3.27803779 1.91925383 1.90974021
    endloop
  endfacet
  facet normal -0.262122191 0.120280301 -0.957509585
    outer loop
      vertex 3.30656195 1.94811594 1.90555727
      vertex 3.3114593 1.93897378 1.90306818
      vertex 3.3049705 1.94717681 1.90587497
    endloop
  endfacet
  facet normal -0.262116318 0.120285283 -0.957510567
    outer loop
      vertex 3.30166459 1.95725799 1.90804636
      vertex 3.30656195 1.94811594 1.90555727
      vertex 3.30007315 1.95631897 1.90836406
    endloop
  endfacet
  facet normal -0.262130945 0.120275894 -0.957507743
    outer loop
      vertex 3.29027843 1.97460318 1.91334224
      vertex 3.30007315 1.95631897 1.90836406
      vertex 3.29689002 1.95444083 1.90899956
    endloop
  endfacet
  facet normal -0.262131253 0.12027647 -0.957507586
    outer loop
      vertex 3.3049705 1.94717681 1.90587497
      vertex 3.30986786 1.93803477 1.90338588
      vertex 3.30668473 1.93615663 1.90402138
    endloop
  endfacet
  facet normal -0.262130636 0.120275318 -0.957507899
    outer loop
      vertex 3.29689002 1.95444083 1.90899956
      vertex 3.30007315 1.95631897 1.90836406
      vertex 3.3049705 1.94717681 1.90587497
    endloop
  endfacet
  facet normal -0.262129322 0.120276852 -0.957508066
    outer loop
      vertex 3.30668473 1.93615663 1.90402138
      vertex 3.29689002 1.95444083 1.90899956
      vertex 3.3049705 1.94717681 1.90587497
    endloop
  endfacet
  facet normal -0.262116009 0.120284707 -0.957510724
    outer loop
      vertex 3.29689002 1.95444083 1.90899956
      vertex 3.30668473 1.93615663 1.90402138
      vertex 3.29370713 1.95256281 1.90963495
    endloop
  endfacet
  facet normal -0.262106146 0.120293073 -0.957512373
    outer loop
      vertex 3.28709555 1.97272515 1.91397774
      vertex 3.29689002 1.95444083 1.90899956
      vertex 3.28391242 1.97084701 1.91461313
    endloop
  endfacet
  facet normal -0.26213869 0.120272977 -0.957505989
    outer loop
      vertex 3.28709555 1.97272515 1.91397774
      vertex 3.26750636 2.00929356 1.9239341
      vertex 3.28048396 1.9928875 1.91832042
    endloop
  endfacet
  facet normal -0.262142154 0.120270038 -0.957505409
    outer loop
      vertex 3.26750636 2.00929356 1.9239341
      vertex 3.27068925 2.01117158 1.9232986
      vertex 3.28048396 1.9928875 1.91832042
    endloop
  endfacet
  facet normal -0.262142882 0.120271397 -0.957505039
    outer loop
      vertex 3.28048396 1.9928875 1.91832042
      vertex 3.29027843 1.97460318 1.91334224
      vertex 3.28709555 1.97272515 1.91397774
    endloop
  endfacet
  facet normal -0.262105782 0.120292394 -0.957512558
    outer loop
      vertex 3.28709555 1.97272515 1.91397774
      vertex 3.28391242 1.97084701 1.91461313
      vertex 3.26750636 2.00929356 1.9239341
    endloop
  endfacet
  facet normal -0.262106146 0.120293073 -0.957512373
    outer loop
      vertex 3.32284546 1.92162859 1.89777231
      vertex 3.33263993 1.90334427 1.89279413
      vertex 3.31966233 1.91975045 1.8984077
    endloop
  endfacet
  facet normal -0.262116009 0.120284707 -0.957510724
    outer loop
      vertex 3.3114593 1.93897378 1.90306818
      vertex 3.31305075 1.9399128 1.90275049
      vertex 3.32284546 1.92162859 1.89777231
    endloop
  endfacet
  facet normal -0.262117045 0.120286642 -0.957510197
    outer loop
      vertex 3.31966233 1.91975045 1.8984077
      vertex 3.30986786 1.93803477 1.90338588
      vertex 3.3114593 1.93897378 1.90306818
    endloop
  endfacet
  facet normal -0.262105628 0.120292106 -0.957512637
    outer loop
      vertex 3.32284546 1.92162859 1.89777231
      vertex 3.31966233 1.91975045 1.8984077
      vertex 3.3114593 1.93897378 1.90306818
    endloop
  endfacet
  facet normal -0.262123995 0.120281268 -0.95750897
    outer loop
      vertex 3.32945704 1.90146625 1.89342952
      vertex 3.34904623 1.86489773 1.88347316
      vertex 3.34268022 1.86114156 1.88474405
    endloop
  endfacet
  facet normal -0.262131981 0.120277829 -0.957507216
    outer loop
      vertex 3.30668473 1.93615663 1.90402138
      vertex 3.30986786 1.93803477 1.90338588
      vertex 3.31966233 1.91975045 1.8984077
    endloop
  endfacet
  facet normal -0.262123477 0.120280301 -0.957509233
    outer loop
      vertex 3.31966233 1.91975045 1.8984077
      vertex 3.32945704 1.90146625 1.89342952
      vertex 3.32309103 1.89771008 1.89470041
    endloop
  endfacet
  facet normal -0.262119927 0.120284048 -0.957509735
    outer loop
      vertex 3.32309103 1.89771008 1.89470041
      vertex 3.30350184 1.93427849 1.90465677
      vertex 3.30668473 1.93615663 1.90402138
    endloop
  endfacet
  facet normal -0.262130764 0.120278862 -0.957507419
    outer loop
      vertex 3.30668473 1.93615663 1.90402138
      vertex 3.31966233 1.91975045 1.8984077
      vertex 3.32309103 1.89771008 1.89470041
    endloop
  endfacet
  facet normal -0.26212415 0.120281556 -0.957508892
    outer loop
      vertex 3.29713583 1.93052232 1.90592766
      vertex 3.30350184 1.93427849 1.90465677
      vertex 3.32309103 1.89771008 1.89470041
    endloop
  endfacet
  facet normal -0.262117536 0.120285079 -0.957510259
    outer loop
      vertex 3.32309103 1.89771008 1.89470041
      vertex 3.34268022 1.86114156 1.88474405
      vertex 3.32994819 1.85362923 1.88728571
    endloop
  endfacet
  facet normal -0.262124687 0.120282559 -0.957508619
    outer loop
      vertex 3.32994819 1.85362923 1.88728571
      vertex 3.29076982 1.92676616 1.90719855
      vertex 3.29713583 1.93052232 1.90592766
    endloop
  endfacet
  facet normal -0.262120743 0.120284446 -0.957509461
    outer loop
      vertex 3.29713583 1.93052232 1.90592766
      vertex 3.32309103 1.89771008 1.89470041
      vertex 3.32994819 1.85362923 1.88728571
    endloop
  endfacet
  facet normal -0.262125618 0.120280311 -0.957508646
    outer loop
      vertex 3.26432323 2.00741553 1.92456949
      vertex 3.28391242 1.97084701 1.91461313
      vertex 3.25795722 2.00365925 1.92584038
    endloop
  endfacet
  facet normal -0.262123168 0.120279724 -0.95750939
    outer loop
      vertex 3.29370713 1.95256281 1.90963495
      vertex 3.30350184 1.93427849 1.90465677
      vertex 3.29713583 1.93052232 1.90592766
    endloop
  endfacet
  facet normal -0.26213055 0.120276127 -0.957507821
    outer loop
      vertex 3.27754664 1.96709085 1.91588402
      vertex 3.28391242 1.97084701 1.91461313
      vertex 3.29370713 1.95256281 1.90963495
    endloop
  endfacet
  facet normal -0.262128343 0.120278703 -0.957508102
    outer loop
      vertex 3.29713583 1.93052232 1.90592766
      vertex 3.27754664 1.96709085 1.91588402
      vertex 3.29370713 1.95256281 1.90963495
    endloop
  endfacet
  facet normal -0.262123995 0.120281268 -0.95750897
    outer loop
      vertex 3.27754664 1.96709085 1.91588402
      vertex 3.29713583 1.93052232 1.90592766
      vertex 3.29076982 1.92676616 1.90719855
    endloop
  endfacet
  facet normal -0.262123477 0.120280301 -0.957509233
    outer loop
      vertex 3.25795722 2.00365925 1.92584038
      vertex 3.27754664 1.96709085 1.91588402
      vertex 3.27118063 1.96333468 1.91715491
    endloop
  endfacet
  facet normal -0.262123995 0.120281268 -0.95750897
    outer loop
      vertex 3.17323446 2.14617705 1.96693671
      vertex 3.21241283 2.07304001 1.94702399
      vertex 3.19968081 2.06552768 1.94956577
    endloop
  endfacet
  facet normal -0.262127532 0.120279181 -0.957508264
    outer loop
      vertex 3.23200202 2.03647161 1.93706763
      vertex 3.25159121 1.99990308 1.92711127
      vertex 3.23885942 1.99239075 1.92965305
    endloop
  endfacet
  facet normal -0.26212415 0.120281556 -0.957508892
    outer loop
      vertex 3.19968081 2.06552768 1.94956577
      vertex 3.21241283 2.07304001 1.94702399
      vertex 3.23200202 2.03647161 1.93706763
    endloop
  endfacet
  facet normal -0.26212591 0.120279502 -0.957508668
    outer loop
      vertex 3.23885942 1.99239075 1.92965305
      vertex 3.19968081 2.06552768 1.94956577
      vertex 3.23200202 2.03647161 1.93706763
    endloop
  endfacet
  facet normal -0.262109209 0.120287961 -0.957512177
    outer loop
      vertex 3.26566911 2.03227305 1.9273237
      vertex 3.27056646 2.02313089 1.92483461
      vertex 3.26897502 2.022192 1.9251523
    endloop
  endfacet
  facet normal -0.262096593 0.120302014 -0.957513865
    outer loop
      vertex 3.26738358 2.02125287 1.92546999
      vertex 3.27228069 2.01211071 1.9229809
      vertex 3.26579189 2.02031374 1.92578769
    endloop
  endfacet
  facet normal -0.262122191 0.120280301 -0.957509585
    outer loop
      vertex 3.26248622 2.03039503 1.92795908
      vertex 3.26738358 2.02125287 1.92546999
      vertex 3.26089478 2.0294559 1.92827678
    endloop
  endfacet
  facet normal -0.262124649 0.120284887 -0.957508337
    outer loop
      vertex 3.26248622 2.03039503 1.92795908
      vertex 3.26089478 2.0294559 1.92827678
      vertex 3.25110006 2.04774022 1.93325508
    endloop
  endfacet
  facet normal -0.262110554 0.120290472 -0.957511493
    outer loop
      vertex 3.25428319 2.04961824 1.93261957
      vertex 3.26407766 2.03133392 1.92764139
      vertex 3.26248622 2.03039503 1.92795908
    endloop
  endfacet
  facet normal -0.262129601 0.120281358 -0.957507424
    outer loop
      vertex 3.25110006 2.04774022 1.93325508
      vertex 3.25428319 2.04961824 1.93261957
      vertex 3.26248622 2.03039503 1.92795908
    endloop
  endfacet
  facet normal -0.262129848 0.12028182 -0.957507299
    outer loop
      vertex 3.25110006 2.04774022 1.93325508
      vertex 3.26089478 2.0294559 1.92827678
      vertex 3.25771165 2.02757788 1.92891228
    endloop
  endfacet
  facet normal -0.262141537 0.120268886 -0.957505723
    outer loop
      vertex 3.26579189 2.02031374 1.92578769
      vertex 3.27068925 2.01117158 1.9232986
      vertex 3.26750636 2.00929356 1.9239341
    endloop
  endfacet
  facet normal -0.262130081 0.120282256 -0.95750718
    outer loop
      vertex 3.25771165 2.02757788 1.92891228
      vertex 3.26089478 2.0294559 1.92827678
      vertex 3.26579189 2.02031374 1.92578769
    endloop
  endfacet
  facet normal -0.262141537 0.120268886 -0.957505723
    outer loop
      vertex 3.26750636 2.00929356 1.9239341
      vertex 3.25771165 2.02757788 1.92891228
      vertex 3.26579189 2.02031374 1.92578769
    endloop
  endfacet
  facet normal -0.262101555 0.120292477 -0.957513705
    outer loop
      vertex 3.25771165 2.02757788 1.92891228
      vertex 3.26750636 2.00929356 1.9239341
      vertex 3.26432323 2.00741553 1.92456949
    endloop
  endfacet
  facet normal -0.262109392 0.120291158 -0.957511725
    outer loop
      vertex 3.24791718 2.0458622 1.93389046
      vertex 3.25771165 2.02757788 1.92891228
      vertex 3.24473405 2.04398394 1.93452585
    endloop
  endfacet
  facet normal -0.262109948 0.120292196 -0.957511443
    outer loop
      vertex 3.24791718 2.0458622 1.93389046
      vertex 3.24473405 2.04398394 1.93452585
      vertex 3.22514486 2.08055258 1.94448233
    endloop
  endfacet
  facet normal -0.262116681 0.120285963 -0.957510382
    outer loop
      vertex 3.23151088 2.08430862 1.94321144
      vertex 3.25110006 2.04774022 1.93325508
      vertex 3.24791718 2.0458622 1.93389046
    endloop
  endfacet
  facet normal -0.262122805 0.120283032 -0.957509074
    outer loop
      vertex 3.22514486 2.08055258 1.94448233
      vertex 3.23151088 2.08430862 1.94321144
      vertex 3.24791718 2.0458622 1.93389046
    endloop
  endfacet
  facet normal -0.262123447 0.120284231 -0.957508748
    outer loop
      vertex 3.22514486 2.08055258 1.94448233
      vertex 3.24473405 2.04398394 1.93452585
      vertex 3.23836803 2.04022789 1.93579674
    endloop
  endfacet
  facet normal -0.262126136 0.120281278 -0.957508383
    outer loop
      vertex 3.25452876 2.02569985 1.92954767
      vertex 3.26432323 2.00741553 1.92456949
      vertex 3.25795722 2.00365925 1.92584038
    endloop
  endfacet
  facet normal -0.262122163 0.120281834 -0.9575094
    outer loop
      vertex 3.23836803 2.04022789 1.93579674
      vertex 3.24473405 2.04398394 1.93452585
      vertex 3.25452876 2.02569985 1.92954767
    endloop
  endfacet
  facet normal -0.262121927 0.120282109 -0.95750943
    outer loop
      vertex 3.25795722 2.00365925 1.92584038
      vertex 3.23836803 2.04022789 1.93579674
      vertex 3.25452876 2.02569985 1.92954767
    endloop
  endfacet
  facet normal -0.262125464 0.120280022 -0.957508724
    outer loop
      vertex 3.23836803 2.04022789 1.93579674
      vertex 3.25795722 2.00365925 1.92584038
      vertex 3.23200202 2.03647161 1.93706763
    endloop
  endfacet
  facet normal -0.262125772 0.120280599 -0.957508568
    outer loop
      vertex 3.21877885 2.07679629 1.9457531
      vertex 3.23836803 2.04022789 1.93579674
      vertex 3.21241283 2.07304001 1.94702399
    endloop
  endfacet
  facet normal -0.262125618 0.120280311 -0.957508646
    outer loop
      vertex 3.21877885 2.07679629 1.9457531
      vertex 3.21241283 2.07304001 1.94702399
      vertex 3.17323446 2.14617705 1.96693671
    endloop
  endfacet
  facet normal -0.262112855 0.120288221 -0.957511146
    outer loop
      vertex 3.18596649 2.15368938 1.96439505
      vertex 3.22514486 2.08055258 1.94448233
      vertex 3.21877885 2.07679629 1.9457531
    endloop
  endfacet
  facet normal -0.262117921 0.120285796 -0.957510064
    outer loop
      vertex 3.17323446 2.14617705 1.96693671
      vertex 3.18596649 2.15368938 1.96439505
      vertex 3.21877885 2.07679629 1.9457531
    endloop
  endfacet
  facet normal -0.262125618 0.120280311 -0.957508646
    outer loop
      vertex 2.97734237 2.51186204 2.06650043
      vertex 3.01652074 2.43872499 2.04658771
      vertex 2.96461034 2.50434947 2.06904221
    endloop
  endfacet
  facet normal -0.262114277 0.120286176 -0.957511014
    outer loop
      vertex 2.99007416 2.51937437 2.06395888
      vertex 3.02925277 2.44623733 2.04404616
      vertex 2.97734237 2.51186204 2.06650043
    endloop
  endfacet
  facet normal -0.262122589 0.120281798 -0.957509289
    outer loop
      vertex 3.52633166 1.44010723 1.78157818
      vertex 3.53955483 1.39978254 1.77289271
      vertex 3.50178361 1.47029245 1.79209018
    endloop
  endfacet
  facet normal -0.262121519 0.120282729 -0.957509464
    outer loop
      vertex 3.50674248 1.47667575 1.79153454
      vertex 3.52633166 1.44010723 1.78157818
      vertex 3.50178361 1.47029245 1.79209018
    endloop
  endfacet
  facet normal -0.26212483 0.120280954 -0.957508781
    outer loop
      vertex 3.55653071 1.4097991 1.76950371
      vertex 3.53955483 1.39978254 1.77289271
      vertex 3.52633166 1.44010723 1.78157818
    endloop
  endfacet
  facet normal -0.262121736 0.120283182 -0.957509348
    outer loop
      vertex 3.46401262 1.54080236 1.81128764
      vertex 3.47392988 1.55356884 1.81017649
      vertex 3.50674248 1.47667575 1.79153454
    endloop
  endfacet
  facet normal -0.262121916 0.120283052 -0.957509315
    outer loop
      vertex 3.50178361 1.47029245 1.79209018
      vertex 3.46401262 1.54080236 1.81128764
      vertex 3.50674248 1.47667575 1.79153454
    endloop
  endfacet
  facet normal -0.262121106 0.120282673 -0.957509584
    outer loop
      vertex 3.46401262 1.54080236 1.81128764
      vertex 3.4262414 1.61131227 1.83048511
      vertex 3.47392988 1.55356884 1.81017649
    endloop
  endfacet
  facet normal -0.26211361 0.12028963 -0.957510763
    outer loop
      vertex 3.53906369 1.44761968 1.77903652
      vertex 3.55653071 1.4097991 1.76950371
      vertex 3.53269768 1.44386339 1.78030729
    endloop
  endfacet
  facet normal -0.26213256 0.120279879 -0.9575068
    outer loop
      vertex 3.54542947 1.45137584 1.77776563
      vertex 3.55653071 1.4097991 1.76950371
      vertex 3.53906369 1.44761968 1.77903652
    endloop
  endfacet
  facet normal -0.262110818 0.120288406 -0.95751168
    outer loop
      vertex 3.50674248 1.47667575 1.79153454
      vertex 3.47392988 1.55356884 1.81017649
      vertex 3.51310849 1.48043191 1.79026377
    endloop
  endfacet
  facet normal -0.262121775 0.120283261 -0.957509328
    outer loop
      vertex 3.57350683 1.41981554 1.76611471
      vertex 3.55653071 1.4097991 1.76950371
      vertex 3.54542947 1.45137584 1.77776563
    endloop
  endfacet
  facet normal -0.262122149 0.120279533 -0.957509693
    outer loop
      vertex 3.38506889 1.70768619 1.85386276
      vertex 3.393929 1.67549407 1.84739339
      vertex 3.38847017 1.68182218 1.84968269
    endloop
  endfacet
  facet normal -0.262121517 0.120284383 -0.957509257
    outer loop
      vertex 3.4262414 1.61131227 1.83048511
      vertex 3.393929 1.67549407 1.84739339
      vertex 3.43475151 1.62670588 1.83008921
    endloop
  endfacet
  facet normal -0.262130714 0.120278057 -0.957507534
    outer loop
      vertex 3.35069919 1.75233197 1.86888015
      vertex 3.38506889 1.70768619 1.85386276
      vertex 3.38847017 1.68182218 1.84968269
    endloop
  endfacet
  facet normal -0.262126686 0.120281388 -0.957508218
    outer loop
      vertex 3.35639453 1.77297986 1.86991477
      vertex 3.38506889 1.70768619 1.85386276
      vertex 3.35069919 1.75233197 1.86888015
    endloop
  endfacet
  facet normal -0.262124325 0.120280773 -0.957508942
    outer loop
      vertex 3.35069919 1.75233197 1.86888015
      vertex 3.31292796 1.82284188 1.88807762
      vertex 3.35639453 1.77297986 1.86991477
    endloop
  endfacet
  facet normal -0.262122229 0.12028201 -0.95750936
    outer loop
      vertex 3.31292796 1.82284188 1.88807762
      vertex 3.27515674 1.89335179 1.90727508
      vertex 3.31721616 1.84611678 1.88982749
    endloop
  endfacet
  facet normal -0.262123765 0.120280837 -0.957509087
    outer loop
      vertex 3.4300518 1.66869009 1.83664978
      vertex 3.44748354 1.63421822 1.82754743
      vertex 3.43475151 1.62670588 1.83008921
    endloop
  endfacet
  facet normal -0.262125834 0.120280523 -0.95750856
    outer loop
      vertex 3.4300518 1.66869009 1.83664978
      vertex 3.43475151 1.62670588 1.83008921
      vertex 3.393929 1.67549407 1.84739339
    endloop
  endfacet
  facet normal -0.262124521 0.12028225 -0.957508703
    outer loop
      vertex 3.36912656 1.78049219 1.86737299
      vertex 3.37620878 1.73987818 1.86033225
      vertex 3.35639453 1.77297986 1.86991477
    endloop
  endfacet
  facet normal -0.262123282 0.12028306 -0.95750894
    outer loop
      vertex 3.37620878 1.73987818 1.86033225
      vertex 3.38506889 1.70768619 1.85386276
      vertex 3.35639453 1.77297986 1.86991477
    endloop
  endfacet
  facet normal -0.262122216 0.120282875 -0.957509255
    outer loop
      vertex 3.27515674 1.89335179 1.90727508
      vertex 3.23738575 1.9638617 1.92647254
      vertex 3.27803779 1.91925383 1.90974021
    endloop
  endfacet
  facet normal -0.262109748 0.12029094 -0.957511655
    outer loop
      vertex 3.38847017 1.68182218 1.84968269
      vertex 3.393929 1.67549407 1.84739339
      vertex 3.4262414 1.61131227 1.83048511
    endloop
  endfacet
  facet normal -0.262123957 0.120281195 -0.95750899
    outer loop
      vertex 3.5581615 1.45888817 1.77522385
      vertex 3.57350683 1.41981554 1.76611471
      vertex 3.55179548 1.45513201 1.77649474
    endloop
  endfacet
  facet normal -0.262123957 0.120281195 -0.95750899
    outer loop
      vertex 3.56452751 1.46264434 1.77395296
      vertex 3.57350683 1.41981554 1.76611471
      vertex 3.5581615 1.45888817 1.77522385
    endloop
  endfacet
  facet normal -0.262124073 0.120281412 -0.957508931
    outer loop
      vertex 3.54493833 1.49921286 1.78390932
      vertex 3.53857231 1.4954567 1.78518021
      vertex 3.49939394 1.56859362 1.80509293
    endloop
  endfacet
  facet normal -0.262124076 0.120282729 -0.957508764
    outer loop
      vertex 3.49939394 1.56859362 1.80509293
      vertex 3.46021557 1.64173067 1.82500577
      vertex 3.5076108 1.58453476 1.80484605
    endloop
  endfacet
  facet normal -0.262121614 0.120283707 -0.957509315
    outer loop
      vertex 3.54904675 1.50718343 1.78378594
      vertex 3.59048271 1.4298321 1.76272571
      vertex 3.56452751 1.46264434 1.77395296
    endloop
  endfacet
  facet normal -0.262124839 0.120280971 -0.957508776
    outer loop
      vertex 3.57350683 1.41981554 1.76611471
      vertex 3.56452751 1.46264434 1.77395296
      vertex 3.59048271 1.4298321 1.76272571
    endloop
  endfacet
  facet normal -0.262115905 0.120285649 -0.957510634
    outer loop
      vertex 3.54493833 1.49921286 1.78390932
      vertex 3.5076108 1.58453476 1.80484605
      vertex 3.54904675 1.50718343 1.78378594
    endloop
  endfacet
  facet normal -0.262123006 0.120282172 -0.957509127
    outer loop
      vertex 3.49939394 1.56859362 1.80509293
      vertex 3.5076108 1.58453476 1.80484605
      vertex 3.54493833 1.49921286 1.78390932
    endloop
  endfacet
  facet normal -0.262120915 0.12028067 -0.957509888
    outer loop
      vertex 3.46021557 1.64173067 1.82500577
      vertex 3.4300518 1.66869009 1.83664978
      vertex 3.46617484 1.66188598 1.82590628
    endloop
  endfacet
  facet normal -0.26212363 0.120282444 -0.957508922
    outer loop
      vertex 3.36912656 1.78049219 1.86737299
      vertex 3.40300608 1.73483074 1.85236228
      vertex 3.37620878 1.73987818 1.86033225
    endloop
  endfacet
  facet normal -0.262125075 0.120281289 -0.957508672
    outer loop
      vertex 3.38185859 1.78800464 1.86483121
      vertex 3.40300608 1.73483074 1.85236228
      vertex 3.36912656 1.78049219 1.86737299
    endloop
  endfacet
  facet normal -0.262124687 0.120282559 -0.957508619
    outer loop
      vertex 3.34904623 1.86489773 1.88347316
      vertex 3.38185859 1.78800464 1.86483121
      vertex 3.34268022 1.86114156 1.88474405
    endloop
  endfacet
  facet normal -0.26212414 0.120282821 -0.957508735
    outer loop
      vertex 3.37125683 1.83907568 1.87414908
      vertex 3.38185859 1.78800464 1.86483121
      vertex 3.34904623 1.86489773 1.88347316
    endloop
  endfacet
  facet normal -0.262121234 0.120283013 -0.957509507
    outer loop
      vertex 3.38185859 1.78800464 1.86483121
      vertex 3.42980313 1.72978318 1.84439242
      vertex 3.40300608 1.73483074 1.85236228
    endloop
  endfacet
  facet normal -0.262120377 0.120283768 -0.957509647
    outer loop
      vertex 3.42980313 1.72978318 1.84439242
      vertex 3.38185859 1.78800464 1.86483121
      vertex 3.37125683 1.83907568 1.87414908
    endloop
  endfacet
  facet normal -0.262116527 0.120285675 -0.957510461
    outer loop
      vertex 3.33263993 1.90334427 1.89279413
      vertex 3.34904623 1.86489773 1.88347316
      vertex 3.32945704 1.90146625 1.89342952
    endloop
  endfacet
  facet normal -0.262125937 0.120281172 -0.957508451
    outer loop
      vertex 3.37125683 1.83907568 1.87414908
      vertex 3.34904623 1.86489773 1.88347316
      vertex 3.33263993 1.90334427 1.89279413
    endloop
  endfacet
  facet normal -0.262142562 0.120271586 -0.957505103
    outer loop
      vertex 3.32284546 1.92162859 1.89777231
      vertex 3.31271052 1.94836807 1.90390575
      vertex 3.33263993 1.90334427 1.89279413
    endloop
  endfacet
  facet normal -0.262112291 0.120277766 -0.957512614
    outer loop
      vertex 3.31305075 1.9399128 1.90275049
      vertex 3.3114593 1.93897378 1.90306818
      vertex 3.30846643 1.94586396 1.90475297
    endloop
  endfacet
  facet normal -0.262134347 0.120275652 -0.957506842
    outer loop
      vertex 3.31271052 1.94836807 1.90390575
      vertex 3.37125683 1.83907568 1.87414908
      vertex 3.33263993 1.90334427 1.89279413
    endloop
  endfacet
  facet normal -0.262126704 0.120278397 -0.957508589
    outer loop
      vertex 3.31305075 1.9399128 1.90275049
      vertex 3.31271052 1.94836807 1.90390575
      vertex 3.32284546 1.92162859 1.89777231
    endloop
  endfacet
  facet normal -0.262118046 0.120284037 -0.957510251
    outer loop
      vertex 3.44748354 1.63421822 1.82754743
      vertex 3.4300518 1.66869009 1.83664978
      vertex 3.46021557 1.64173067 1.82500577
    endloop
  endfacet
  facet normal -0.262118489 0.120285782 -0.95750991
    outer loop
      vertex 3.23738575 1.9638617 1.92647254
      vertex 3.19961452 2.03437161 1.94567013
      vertex 3.23885942 1.99239075 1.92965305
    endloop
  endfacet
  facet normal -0.262123125 0.120281782 -0.957509144
    outer loop
      vertex 3.16050243 2.13866472 1.96947849
      vertex 3.19968081 2.06552768 1.94956577
      vertex 3.1618433 2.10488153 1.96486759
    endloop
  endfacet
  facet normal -0.262124208 0.1202817 -0.957508858
    outer loop
      vertex 3.12407231 2.17539144 1.98406506
      vertex 3.16050243 2.13866472 1.96947849
      vertex 3.1618433 2.10488153 1.96486759
    endloop
  endfacet
  facet normal -0.262116009 0.120284707 -0.957510724
    outer loop
      vertex 3.30166459 1.95725799 1.90804636
      vertex 3.30007315 1.95631897 1.90836406
      vertex 3.29027843 1.97460318 1.91334224
    endloop
  endfacet
  facet normal -0.262124007 0.120281289 -0.957508964
    outer loop
      vertex 3.16050243 2.13866472 1.96947849
      vertex 3.08630109 2.24590135 2.00326252
      vertex 3.17323446 2.14617705 1.96693671
    endloop
  endfacet
  facet normal -0.262117373 0.120284775 -0.957510342
    outer loop
      vertex 3.18596649 2.15368938 1.96439505
      vertex 3.17323446 2.14617705 1.96693671
      vertex 3.11844897 2.31100869 2.00264072
    endloop
  endfacet
  facet normal -0.262122527 0.120282514 -0.957509216
    outer loop
      vertex 3.22514486 2.08055258 1.94448233
      vertex 3.18596649 2.15368938 1.96439505
      vertex 3.23151088 2.08430862 1.94321144
    endloop
  endfacet
  facet normal -0.262126078 0.120279739 -0.957508592
    outer loop
      vertex 3.12407231 2.17539144 1.98406506
      vertex 3.08630109 2.24590135 2.00326252
      vertex 3.16050243 2.13866472 1.96947849
    endloop
  endfacet
  facet normal -0.262120134 0.120283247 -0.957509779
    outer loop
      vertex 3.04852986 2.31641126 2.02245998
      vertex 3.01652074 2.43872499 2.04658771
      vertex 3.08630109 2.24590135 2.00326252
    endloop
  endfacet
  facet normal -0.262124753 0.120281771 -0.957508699
    outer loop
      vertex 3.00378871 2.43121266 2.04912949
      vertex 3.04852986 2.31641126 2.02245998
      vertex 3.01075888 2.38692093 2.04165745
    endloop
  endfacet
  facet normal -0.262120489 0.120283716 -0.957509622
    outer loop
      vertex 2.96461034 2.50434947 2.06904221
      vertex 3.00378871 2.43121266 2.04912949
      vertex 2.97298765 2.45743084 2.06085491
    endloop
  endfacet
  facet normal -0.262121553 0.120282409 -0.957509495
    outer loop
      vertex 3.01075888 2.38692093 2.04165745
      vertex 2.97298765 2.45743084 2.06085491
      vertex 3.00378871 2.43121266 2.04912949
    endloop
  endfacet
  facet normal -0.262124358 0.120281945 -0.957508786
    outer loop
      vertex 3.00378871 2.43121266 2.04912949
      vertex 3.01652074 2.43872499 2.04658771
      vertex 3.04852986 2.31641126 2.02245998
    endloop
  endfacet
  facet normal -0.262120564 0.120283558 -0.957509622
    outer loop
      vertex 3.11844897 2.31100869 2.00264072
      vertex 3.17323446 2.14617705 1.96693671
      vertex 3.01652074 2.43872499 2.04658771
    endloop
  endfacet
  facet normal -0.262114963 0.120287455 -0.957510665
    outer loop
      vertex 2.99007416 2.51937437 2.06395888
      vertex 2.97734237 2.51186204 2.06650043
      vertex 2.94942212 2.56398225 2.0806911
    endloop
  endfacet
  facet normal -0.262125967 0.120280962 -0.957508469
    outer loop
      vertex 2.96461034 2.50434947 2.06904221
      vertex 2.94942212 2.56398225 2.0806911
      vertex 2.97734237 2.51186204 2.06650043
    endloop
  endfacet
  facet normal -0.262119669 0.120282898 -0.95750995
    outer loop
      vertex 2.96362782 2.60002375 2.08132982
      vertex 2.99007416 2.51937437 2.06395888
      vertex 2.94942212 2.56398225 2.0806911
    endloop
  endfacet
  facet normal -0.262128779 0.120280116 -0.957507805
    outer loop
      vertex 2.94942212 2.56398225 2.0806911
      vertex 2.96461034 2.50434947 2.06904221
      vertex 2.93521643 2.52794075 2.08005261
    endloop
  endfacet
  facet normal -0.262112099 0.120290798 -0.957511029
    outer loop
      vertex 3.01652074 2.43872499 2.04658771
      vertex 3.02925277 2.44623733 2.04404616
      vertex 3.11844897 2.31100869 2.00264072
    endloop
  endfacet
  facet normal -0.262123306 0.12028194 -0.957509074
    outer loop
      vertex 3.08630109 2.24590135 2.00326252
      vertex 3.01652074 2.43872499 2.04658771
      vertex 3.17323446 2.14617705 1.96693671
    endloop
  endfacet
  facet normal -0.262121344 0.120282006 -0.957509603
    outer loop
      vertex 2.99007416 2.51937437 2.06395888
      vertex 3.01523495 2.50368547 2.0551002
      vertex 3.02925277 2.44623733 2.04404616
    endloop
  endfacet
  facet normal -0.262093026 0.120300814 -0.957514992
    outer loop
      vertex 3.28874636 1.98267686 1.91477597
      vertex 3.29027843 1.97460318 1.91334224
      vertex 3.28048396 1.9928875 1.91832042
    endloop
  endfacet
  facet normal -0.262093594 0.120300682 -0.957514853
    outer loop
      vertex 3.28874636 1.98267686 1.91477597
      vertex 3.30166459 1.95725799 1.90804636
      vertex 3.29027843 1.97460318 1.91334224
    endloop
  endfacet
  facet normal -0.262188241 0.120242844 -0.957496206
    outer loop
      vertex 3.30846643 1.94586396 1.90475297
      vertex 3.30656195 1.94811594 1.90555727
      vertex 3.30166459 1.95725799 1.90804636
    endloop
  endfacet
  facet normal -0.262071538 0.120316797 -0.957518865
    outer loop
      vertex 3.26902628 2.01948977 1.92479885
      vertex 3.27228069 2.01211071 1.9229809
      vertex 3.26738358 2.02125287 1.92546999
    endloop
  endfacet
  facet normal -0.262122809 0.120281453 -0.957509272
    outer loop
      vertex 3.28048396 1.9928875 1.91832042
      vertex 3.27068925 2.01117158 1.9232986
      vertex 3.27228069 2.01211071 1.9229809
    endloop
  endfacet
  facet normal -0.262106197 0.120289403 -0.95751282
    outer loop
      vertex 3.27228069 2.01211071 1.9229809
      vertex 3.28874636 1.98267686 1.91477597
      vertex 3.28048396 1.9928875 1.91832042
    endloop
  endfacet
  facet normal -0.262136856 0.120276369 -0.957506065
    outer loop
      vertex 3.30846643 1.94586396 1.90475297
      vertex 3.30166459 1.95725799 1.90804636
      vertex 3.28874636 1.98267686 1.91477597
    endloop
  endfacet
  facet normal -0.262109986 0.120279673 -0.957513005
    outer loop
      vertex 3.31305075 1.9399128 1.90275049
      vertex 3.30846643 1.94586396 1.90475297
      vertex 3.31271052 1.94836807 1.90390575
    endloop
  endfacet
  facet normal -0.262117434 0.120271422 -0.957512003
    outer loop
      vertex 3.26738358 2.02125287 1.92546999
      vertex 3.26897502 2.022192 1.9251523
      vertex 3.26902628 2.01948977 1.92479885
    endloop
  endfacet
  facet normal -0.262100829 0.120272317 -0.957516436
    outer loop
      vertex 3.27056646 2.02313089 1.92483461
      vertex 3.26902628 2.01948977 1.92479885
      vertex 3.26897502 2.022192 1.9251523
    endloop
  endfacet
  facet normal -0.26202107 0.120341687 -0.957529549
    outer loop
      vertex 3.26902628 2.01948977 1.92479885
      vertex 3.28874636 1.98267686 1.91477597
      vertex 3.27228069 2.01211071 1.9229809
    endloop
  endfacet
  facet normal -0.262125572 0.120282704 -0.957508358
    outer loop
      vertex 3.27056646 2.02313089 1.92483461
      vertex 3.27327013 2.02199388 1.92395163
      vertex 3.26902628 2.01948977 1.92479885
    endloop
  endfacet
  facet normal -0.262123426 0.120282605 -0.957508958
    outer loop
      vertex 3.26897502 2.022192 1.9251523
      vertex 3.26738358 2.02125287 1.92546999
      vertex 3.26407766 2.03133392 1.92764139
    endloop
  endfacet
  facet normal -0.262193085 0.120238469 -0.957495429
    outer loop
      vertex 3.30656195 1.94811594 1.90555727
      vertex 3.30846643 1.94586396 1.90475297
      vertex 3.3114593 1.93897378 1.90306818
    endloop
  endfacet
  facet normal -0.262128372 0.120279065 -0.957508049
    outer loop
      vertex 3.25428319 2.04961824 1.93261957
      vertex 3.25110006 2.04774022 1.93325508
      vertex 3.23151088 2.08430862 1.94321144
    endloop
  endfacet
  facet normal -0.262129511 0.120278253 -0.957507839
    outer loop
      vertex 3.22166324 2.11833215 1.95018125
      vertex 3.25428319 2.04961824 1.93261957
      vertex 3.23151088 2.08430862 1.94321144
    endloop
  endfacet
  facet normal -0.262123537 0.120282812 -0.957508902
    outer loop
      vertex 3.25428319 2.04961824 1.93261957
      vertex 3.26566911 2.03227305 1.9273237
      vertex 3.26407766 2.03133392 1.92764139
    endloop
  endfacet
  facet normal -0.26213114 0.120277393 -0.957507501
    outer loop
      vertex 3.26566911 2.03227305 1.9273237
      vertex 3.25428319 2.04961824 1.93261957
      vertex 3.22166324 2.11833215 1.95018125
    endloop
  endfacet
  facet normal -0.262127604 0.120278895 -0.95750828
    outer loop
      vertex 3.23151088 2.08430862 1.94321144
      vertex 3.18596649 2.15368938 1.96439505
      vertex 3.22166324 2.11833215 1.95018125
    endloop
  endfacet
  facet normal -0.262118128 0.120284747 -0.957510139
    outer loop
      vertex 3.26566911 2.03227305 1.9273237
      vertex 3.22166324 2.11833215 1.95018125
      vertex 3.27327013 2.02199388 1.92395163
    endloop
  endfacet
  facet normal -0.262125965 0.120280642 -0.957508509
    outer loop
      vertex 3.22166324 2.11833215 1.95018125
      vertex 3.18596649 2.15368938 1.96439505
      vertex 3.1700561 2.21467042 1.97641098
    endloop
  endfacet
  facet normal -0.262136897 0.120273046 -0.957506471
    outer loop
      vertex 3.11844897 2.31100869 2.00264072
      vertex 3.02925277 2.44623733 2.04404616
      vertex 3.06684184 2.40734696 2.02887034
    endloop
  endfacet
  facet normal -0.262125965 0.120280642 -0.957508509
    outer loop
      vertex 3.18596649 2.15368938 1.96439505
      vertex 3.11844897 2.31100869 2.00264072
      vertex 3.1700561 2.21467042 1.97641098
    endloop
  endfacet
  facet normal -0.262130824 0.12027926 -0.957507353
    outer loop
      vertex 3.02925277 2.44623733 2.04404616
      vertex 3.01523495 2.50368547 2.0551002
      vertex 3.06684184 2.40734696 2.02887034
    endloop
  endfacet
  facet normal -0.262121138 0.120282344 -0.957509617
    outer loop
      vertex 3.01523495 2.50368547 2.0551002
      vertex 2.99007416 2.51937437 2.06395888
      vertex 2.96362782 2.60002375 2.08132982
    endloop
  endfacet
  facet normal -0.262128057 0.12027684 -0.957508414
    outer loop
      vertex 3.27056646 2.02313089 1.92483461
      vertex 3.26566911 2.03227305 1.9273237
      vertex 3.27327013 2.02199388 1.92395163
    endloop
  endfacet
  facet normal -0.26213055 0.120276127 -0.957507821
    outer loop
      vertex 3.54542947 1.45137584 1.77776563
      vertex 3.53906369 1.44761968 1.77903652
      vertex 3.51947427 1.48418808 1.78899288
    endloop
  endfacet
  facet normal -0.262113929 0.120290226 -0.9575106
    outer loop
      vertex 3.53906369 1.44761968 1.77903652
      vertex 3.53269768 1.44386339 1.78030729
      vertex 3.51310849 1.48043191 1.79026377
    endloop
  endfacet
  facet normal -0.262111077 0.12028889 -0.957511549
    outer loop
      vertex 3.51310849 1.48043191 1.79026377
      vertex 3.52633166 1.44010723 1.78157818
      vertex 3.50674248 1.47667575 1.79153454
    endloop
  endfacet
  facet normal -0.262123995 0.120281268 -0.95750897
    outer loop
      vertex 3.54493833 1.49921286 1.78390932
      vertex 3.5581615 1.45888817 1.77522385
      vertex 3.53857231 1.4954567 1.78518021
    endloop
  endfacet
  facet normal -0.262123995 0.120281268 -0.95750897
    outer loop
      vertex 3.53857231 1.4954567 1.78518021
      vertex 3.55179548 1.45513201 1.77649474
      vertex 3.5322063 1.49170053 1.7864511
    endloop
  endfacet
  facet normal -0.26212415 0.120281556 -0.957508892
    outer loop
      vertex 3.55179548 1.45513201 1.77649474
      vertex 3.54542947 1.45137584 1.77776563
      vertex 3.52584028 1.48794425 1.78772199
    endloop
  endfacet
  facet normal -0.262123995 0.120281268 -0.95750897
    outer loop
      vertex 3.44748354 1.63421822 1.82754743
      vertex 3.47392988 1.55356884 1.81017649
      vertex 3.43475151 1.62670588 1.83008921
    endloop
  endfacet
  facet normal -0.262124073 0.120281412 -0.957508931
    outer loop
      vertex 3.49939394 1.56859362 1.80509293
      vertex 3.48666191 1.56108129 1.80763471
      vertex 3.44748354 1.63421822 1.82754743
    endloop
  endfacet
  facet normal -0.262124884 0.120280933 -0.957508769
    outer loop
      vertex 3.32994819 1.85362923 1.88728571
      vertex 3.35639453 1.77297986 1.86991477
      vertex 3.31721616 1.84611678 1.88982749
    endloop
  endfacet
  facet normal -0.262124807 0.120280789 -0.957508808
    outer loop
      vertex 3.38185859 1.78800464 1.86483121
      vertex 3.36912656 1.78049219 1.86737299
      vertex 3.32994819 1.85362923 1.88728571
    endloop
  endfacet
  facet normal -0.262124807 0.120280789 -0.957508808
    outer loop
      vertex 3.32994819 1.85362923 1.88728571
      vertex 3.31721616 1.84611678 1.88982749
      vertex 3.27803779 1.91925383 1.90974021
    endloop
  endfacet
  facet normal -0.262116318 0.120285283 -0.957510567
    outer loop
      vertex 3.3114593 1.93897378 1.90306818
      vertex 3.30986786 1.93803477 1.90338588
      vertex 3.3049705 1.94717681 1.90587497
    endloop
  endfacet
  facet normal -0.262122191 0.120280301 -0.957509585
    outer loop
      vertex 3.30656195 1.94811594 1.90555727
      vertex 3.3049705 1.94717681 1.90587497
      vertex 3.30007315 1.95631897 1.90836406
    endloop
  endfacet
  facet normal -0.262142882 0.120271397 -0.957505039
    outer loop
      vertex 3.29027843 1.97460318 1.91334224
      vertex 3.29689002 1.95444083 1.90899956
      vertex 3.28709555 1.97272515 1.91397774
    endloop
  endfacet
  facet normal -0.262118946 0.120282216 -0.957510233
    outer loop
      vertex 3.30668473 1.93615663 1.90402138
      vertex 3.30350184 1.93427849 1.90465677
      vertex 3.29370713 1.95256281 1.90963495
    endloop
  endfacet
  facet normal -0.262116009 0.120284707 -0.957510724
    outer loop
      vertex 3.29689002 1.95444083 1.90899956
      vertex 3.29370713 1.95256281 1.90963495
      vertex 3.28391242 1.97084701 1.91461313
    endloop
  endfacet
  facet normal -0.262102382 0.120294021 -0.957513284
    outer loop
      vertex 3.28391242 1.97084701 1.91461313
      vertex 3.26432323 2.00741553 1.92456949
      vertex 3.26750636 2.00929356 1.9239341
    endloop
  endfacet
  facet normal -0.262116009 0.120284707 -0.957510724
    outer loop
      vertex 3.33263993 1.90334427 1.89279413
      vertex 3.32945704 1.90146625 1.89342952
      vertex 3.31966233 1.91975045 1.8984077
    endloop
  endfacet
  facet normal -0.262123995 0.120281268 -0.95750897
    outer loop
      vertex 3.32945704 1.90146625 1.89342952
      vertex 3.34268022 1.86114156 1.88474405
      vertex 3.32309103 1.89771008 1.89470041
    endloop
  endfacet
  facet normal -0.26213055 0.120276127 -0.957507821
    outer loop
      vertex 3.28391242 1.97084701 1.91461313
      vertex 3.27754664 1.96709085 1.91588402
      vertex 3.25795722 2.00365925 1.92584038
    endloop
  endfacet
  facet normal -0.262123995 0.120281268 -0.95750897
    outer loop
      vertex 3.27754664 1.96709085 1.91588402
      vertex 3.29076982 1.92676616 1.90719855
      vertex 3.27118063 1.96333468 1.91715491
    endloop
  endfacet
  facet normal -0.262123477 0.120280301 -0.957509233
    outer loop
      vertex 3.25795722 2.00365925 1.92584038
      vertex 3.27118063 1.96333468 1.91715491
      vertex 3.25159121 1.99990308 1.92711127
    endloop
  endfacet
  facet normal -0.262123995 0.120281268 -0.95750897
    outer loop
      vertex 3.17323446 2.14617705 1.96693671
      vertex 3.19968081 2.06552768 1.94956577
      vertex 3.16050243 2.13866472 1.96947849
    endloop
  endfacet
  facet normal -0.262123426 0.120282605 -0.957508958
    outer loop
      vertex 3.26566911 2.03227305 1.9273237
      vertex 3.26897502 2.022192 1.9251523
      vertex 3.26407766 2.03133392 1.92764139
    endloop
  endfacet
  facet normal -0.262122191 0.120280301 -0.957509585
    outer loop
      vertex 3.27228069 2.01211071 1.9229809
      vertex 3.27068925 2.01117158 1.9232986
      vertex 3.26579189 2.02031374 1.92578769
    endloop
  endfacet
  facet normal -0.262096593 0.120302014 -0.957513865
    outer loop
      vertex 3.26738358 2.02125287 1.92546999
      vertex 3.26579189 2.02031374 1.92578769
      vertex 3.26089478 2.0294559 1.92827678
    endloop
  endfacet
  facet normal -0.262117045 0.120286642 -0.957510197
    outer loop
      vertex 3.25110006 2.04774022 1.93325508
      vertex 3.25771165 2.02757788 1.92891228
      vertex 3.24791718 2.0458622 1.93389046
    endloop
  endfacet
  facet normal -0.262117045 0.120286642 -0.957510197
    outer loop
      vertex 3.25771165 2.02757788 1.92891228
      vertex 3.26432323 2.00741553 1.92456949
      vertex 3.25452876 2.02569985 1.92954767
    endloop
  endfacet
  facet normal -0.262116318 0.120285283 -0.957510567
    outer loop
      vertex 3.25771165 2.02757788 1.92891228
      vertex 3.25452876 2.02569985 1.92954767
      vertex 3.24473405 2.04398394 1.93452585
    endloop
  endfacet
  facet normal -0.262112855 0.120288221 -0.957511146
    outer loop
      vertex 3.22514486 2.08055258 1.94448233
      vertex 3.23836803 2.04022789 1.93579674
      vertex 3.21877885 2.07679629 1.9457531
    endloop
  endfacet
  facet normal -0.262123995 0.120281268 -0.95750897
    outer loop
      vertex 3.25795722 2.00365925 1.92584038
      vertex 3.25159121 1.99990308 1.92711127
      vertex 3.23200202 2.03647161 1.93706763
    endloop
  endfacet
  facet normal -0.262125772 0.120280599 -0.957508568
    outer loop
      vertex 3.23836803 2.04022789 1.93579674
      vertex 3.23200202 2.03647161 1.93706763
      vertex 3.21241283 2.07304001 1.94702399
    endloop
  endfacet
  facet normal -0.26212415 0.120281556 -0.957508892
    outer loop
      vertex 3.01652074 2.43872499 2.04658771
      vertex 3.00378871 2.43121266 2.04912949
      vertex 2.96461034 2.50434947 2.06904221
    endloop
  endfacet
  facet normal -0.262111077 0.12028889 -0.957511549
    outer loop
      vertex 3.02925277 2.44623733 2.04404616
      vertex 3.01652074 2.43872499 2.04658771
      vertex 2.97734237 2.51186204 2.06650043
    endloop
  endfacet
  facet normal -0.262124189 0.120281629 -0.957508872
    outer loop
      vertex 3.55653071 1.4097991 1.76950371
      vertex 3.52633166 1.44010723 1.78157818
      vertex 3.53269768 1.44386339 1.78030729
    endloop
  endfacet
  facet normal -0.262120082 0.120283577 -0.957509751
    outer loop
      vertex 3.4262414 1.61131227 1.83048511
      vertex 3.43475151 1.62670588 1.83008921
      vertex 3.47392988 1.55356884 1.81017649
    endloop
  endfacet
  facet normal -0.262123957 0.120281195 -0.95750899
    outer loop
      vertex 3.57350683 1.41981554 1.76611471
      vertex 3.54542947 1.45137584 1.77776563
      vertex 3.55179548 1.45513201 1.77649474
    endloop
  endfacet
  facet normal -0.262122881 0.120282115 -0.957509169
    outer loop
      vertex 3.31292796 1.82284188 1.88807762
      vertex 3.31721616 1.84611678 1.88982749
      vertex 3.35639453 1.77297986 1.86991477
    endloop
  endfacet
  facet normal -0.26212139 0.120282805 -0.95750949
    outer loop
      vertex 3.27515674 1.89335179 1.90727508
      vertex 3.27803779 1.91925383 1.90974021
      vertex 3.31721616 1.84611678 1.88982749
    endloop
  endfacet
  facet normal -0.262119198 0.120285797 -0.957509714
    outer loop
      vertex 3.23738575 1.9638617 1.92647254
      vertex 3.23885942 1.99239075 1.92965305
      vertex 3.27803779 1.91925383 1.90974021
    endloop
  endfacet
  facet normal -0.262125077 0.120281843 -0.957508602
    outer loop
      vertex 3.46021557 1.64173067 1.82500577
      vertex 3.46617484 1.66188598 1.82590628
      vertex 3.5076108 1.58453476 1.80484605
    endloop
  endfacet
  facet normal -0.262116259 0.120285833 -0.957510514
    outer loop
      vertex 3.54904675 1.50718343 1.78378594
      vertex 3.56452751 1.46264434 1.77395296
      vertex 3.54493833 1.49921286 1.78390932
    endloop
  endfacet
  facet normal -0.262123223 0.120281087 -0.957509204
    outer loop
      vertex 3.19961452 2.03437161 1.94567013
      vertex 3.19968081 2.06552768 1.94956577
      vertex 3.23885942 1.99239075 1.92965305
    endloop
  endfacet
  facet normal -0.262123826 0.120281068 -0.957509042
    outer loop
      vertex 3.19968081 2.06552768 1.94956577
      vertex 3.19961452 2.03437161 1.94567013
      vertex 3.1618433 2.10488153 1.96486759
    endloop
  endfacet
  facet normal -0.262127139 0.120282243 -0.957507987
    outer loop
      vertex 2.96461034 2.50434947 2.06904221
      vertex 2.97298765 2.45743084 2.06085491
      vertex 2.93521643 2.52794075 2.08005261
    endloop
  endfacet
  facet normal -0.262109209 0.120287961 -0.957512177
    outer loop
      vertex 3.26738358 2.02125287 1.92546999
      vertex 3.26248622 2.03039503 1.92795908
      vertex 3.26407766 2.03133392 1.92764139
    endloop
  endfacet
  facet normal -0.904879382 0.352428396 0.238720609
    outer loop
      vertex 2.96796894 2.55888295 2.15852332
      vertex 2.98217463 2.59492421 2.15916204
      vertex 2.97290111 2.5974741 2.12024593
    endloop
  endfacet
  facet normal -0.904881251 0.352428509 0.238713359
    outer loop
      vertex 2.96796894 2.55888295 2.15852332
      vertex 2.94448996 2.5253911 2.11896873
      vertex 2.95376325 2.52284145 2.15788484
    endloop
  endfacet
  facet normal -0.90488219 0.352424258 0.238716076
    outer loop
      vertex 2.94942212 2.56398225 2.0806911
      vertex 2.96796894 2.55888295 2.15852332
      vertex 2.97290111 2.5974741 2.12024593
    endloop
  endfacet
  facet normal -0.904881664 0.352425631 0.238716041
    outer loop
      vertex 2.96796894 2.55888295 2.15852332
      vertex 2.94942212 2.56398225 2.0806911
      vertex 2.94448996 2.5253911 2.11896873
    endloop
  endfacet
  facet normal -0.904880086 0.352427957 0.238718589
    outer loop
      vertex 2.94942212 2.56398225 2.0806911
      vertex 2.93521643 2.52794075 2.08005261
      vertex 2.94448996 2.5253911 2.11896873
    endloop
  endfacet
  facet normal -0.904881776 0.352427136 0.238713394
    outer loop
      vertex 2.96362782 2.60002375 2.08132982
      vertex 2.94942212 2.56398225 2.0806911
      vertex 2.97290111 2.5974741 2.12024593
    endloop
  endfacet
  facet normal 0.225149431 -0.0524023458 0.972914039
    outer loop
      vertex 3.21349359 2.06500554 1.98770535
      vertex 3.18558621 2.07473111 1.99468744
      vertex 3.20264769 2.04391789 1.98907948
    endloop
  endfacet
  facet normal 0.225148131 -0.05240225 0.972914345
    outer loop
      vertex 3.22433972 2.08609295 1.98633122
      vertex 3.19021654 2.14771938 1.99754715
      vertex 3.17937064 2.12663198 1.99892128
    endloop
  endfacet
  facet normal 0.22514244 -0.0524047456 0.972915528
    outer loop
      vertex 3.22433972 2.08609295 1.98633122
      vertex 3.23518562 2.10718036 1.98495722
      vertex 3.21812391 2.13799357 1.99056518
    endloop
  endfacet
  facet normal 0.225149431 -0.0524023458 0.972914039
    outer loop
      vertex 3.18558621 2.07473111 1.99468744
      vertex 3.21349359 2.06500554 1.98770535
      vertex 3.17937064 2.12663198 1.99892128
    endloop
  endfacet
  facet normal 0.22514415 -0.0524050598 0.972915115
    outer loop
      vertex 3.20106244 2.16880703 1.99617314
      vertex 3.19021654 2.14771938 1.99754715
      vertex 3.21812391 2.13799357 1.99056518
    endloop
  endfacet
  facet normal 0.225144348 -0.0524044822 0.972915101
    outer loop
      vertex 3.19021654 2.14771938 1.99754715
      vertex 3.22433972 2.08609295 1.98633122
      vertex 3.21812391 2.13799357 1.99056518
    endloop
  endfacet
  facet normal 0.225149431 -0.0524023458 0.972914039
    outer loop
      vertex 3.16852474 2.10554433 2.0002954
      vertex 3.18558621 2.07473111 1.99468744
      vertex 3.17937064 2.12663198 1.99892128
    endloop
  endfacet
  facet normal 0.225146622 -0.0524040029 0.9729146
    outer loop
      vertex 3.22433972 2.08609295 1.98633122
      vertex 3.17937064 2.12663198 1.99892128
      vertex 3.21349359 2.06500554 1.98770535
    endloop
  endfacet
  facet normal -0.209065769 0.0833683668 -0.974341429
    outer loop
      vertex 3.1891818 2.1243484 2.04131699
      vertex 3.19232321 2.07750607 2.03663492
      vertex 3.17814898 2.10330439 2.04188371
    endloop
  endfacet
  facet normal -0.209051731 0.0833695988 -0.974344335
    outer loop
      vertex 3.20021439 2.14539242 2.0407505
      vertex 3.19232321 2.07750607 2.03663492
      vertex 3.1891818 2.1243484 2.04131699
    endloop
  endfacet
  facet normal -0.209061719 0.0833721904 -0.974341971
    outer loop
      vertex 3.21124721 2.16643643 2.04018378
      vertex 3.22973442 2.13278818 2.03333783
      vertex 3.21102881 2.10514712 2.03498626
    endloop
  endfacet
  facet normal -0.209072667 0.0833720313 -0.974339635
    outer loop
      vertex 3.21102881 2.10514712 2.03498626
      vertex 3.20021439 2.14539242 2.0407505
      vertex 3.21124721 2.16643643 2.04018378
    endloop
  endfacet
  facet normal -0.209073375 0.0833718218 -0.974339501
    outer loop
      vertex 3.19232321 2.07750607 2.03663492
      vertex 3.20021439 2.14539242 2.0407505
      vertex 3.21102881 2.10514712 2.03498626
    endloop
  endfacet
  facet normal -0.860705781 0.457266638 0.223814163
    outer loop
      vertex 3.20702791 2.04289842 2.00800705
      vertex 3.21349359 2.06500554 1.98770535
      vertex 3.20264769 2.04391789 1.98907948
    endloop
  endfacet
  facet normal -0.860707259 0.457263766 0.22381435
    outer loop
      vertex 3.21140814 2.04187894 2.02693462
      vertex 3.21971345 2.05765486 2.0266428
      vertex 3.20702791 2.04289842 2.00800705
    endloop
  endfacet
  facet normal -0.860705617 0.457269705 0.22380853
    outer loop
      vertex 3.20702791 2.04289842 2.00800705
      vertex 3.21971345 2.05765486 2.0266428
      vertex 3.22801876 2.07343054 2.02635098
    endloop
  endfacet
  facet normal -0.860696104 0.457277536 0.223829112
    outer loop
      vertex 3.22433972 2.08609295 1.98633122
      vertex 3.21349359 2.06500554 1.98770535
      vertex 3.20702791 2.04289842 2.00800705
    endloop
  endfacet
  facet normal -0.860706394 0.457270227 0.223804474
    outer loop
      vertex 3.2399075 2.10608125 2.00536227
      vertex 3.23518562 2.10718036 1.98495722
      vertex 3.22433972 2.08609295 1.98633122
    endloop
  endfacet
  facet normal -0.860705641 0.457269392 0.223809078
    outer loop
      vertex 3.20702791 2.04289842 2.00800705
      vertex 3.22801876 2.07343054 2.02635098
      vertex 3.2399075 2.10608125 2.00536227
    endloop
  endfacet
  facet normal -0.860710334 0.457265115 0.223799767
    outer loop
      vertex 3.22801876 2.07343054 2.02635098
      vertex 3.23632407 2.08920646 2.02605915
      vertex 3.2399075 2.10608125 2.00536227
    endloop
  endfacet
  facet normal -0.860703062 0.457274458 0.223808644
    outer loop
      vertex 3.24462962 2.10498238 2.02576733
      vertex 3.2399075 2.10608125 2.00536227
      vertex 3.23632407 2.08920646 2.02605915
    endloop
  endfacet
  facet normal -0.860706511 0.45726968 0.223805144
    outer loop
      vertex 3.22433972 2.08609295 1.98633122
      vertex 3.20702791 2.04289842 2.00800705
      vertex 3.2399075 2.10608125 2.00536227
    endloop
  endfacet
  facet normal 0.860706368 -0.457265658 -0.223813907
    outer loop
      vertex 3.20615482 2.16762161 2.01817846
      vertex 3.19021654 2.14771938 1.99754715
      vertex 3.20106244 2.16880703 1.99617314
    endloop
  endfacet
  facet normal 0.860704446 -0.457271759 -0.223808836
    outer loop
      vertex 3.21124721 2.16643643 2.04018378
      vertex 3.20021439 2.14539242 2.0407505
      vertex 3.20615482 2.16762161 2.01817846
    endloop
  endfacet
  facet normal 0.860711808 -0.457263049 -0.223798321
    outer loop
      vertex 3.20615482 2.16762161 2.01817846
      vertex 3.20021439 2.14539242 2.0407505
      vertex 3.1891818 2.1243484 2.04131699
    endloop
  endfacet
  facet normal 0.860705111 -0.457271045 -0.223807739
    outer loop
      vertex 3.17937064 2.12663198 1.99892128
      vertex 3.19021654 2.14771938 1.99754715
      vertex 3.20615482 2.16762161 2.01817846
    endloop
  endfacet
  facet normal 0.860708277 -0.457267219 -0.223803379
    outer loop
      vertex 3.17333674 2.10442448 2.02108955
      vertex 3.16852474 2.10554433 2.0002954
      vertex 3.17937064 2.12663198 1.99892128
    endloop
  endfacet
  facet normal 0.860702612 -0.457271028 -0.223817384
    outer loop
      vertex 3.17814898 2.10330439 2.04188371
      vertex 3.17333674 2.10442448 2.02108955
      vertex 3.1891818 2.1243484 2.04131699
    endloop
  endfacet
  facet normal 0.860705109 -0.457270937 -0.223807966
    outer loop
      vertex 3.17937064 2.12663198 1.99892128
      vertex 3.20615482 2.16762161 2.01817846
      vertex 3.17333674 2.10442448 2.02108955
    endloop
  endfacet
  facet normal 0.860702798 -0.457270214 -0.223818331
    outer loop
      vertex 3.20615482 2.16762161 2.01817846
      vertex 3.1891818 2.1243484 2.04131699
      vertex 3.17333674 2.10442448 2.02108955
    endloop
  endfacet
  facet normal 0.262125801 -0.120280651 0.957508553
    outer loop
      vertex 3.15251803 2.21437311 2.06472492
      vertex 3.13978601 2.20686054 2.0672667
      vertex 3.18515253 2.15345192 2.04813814
    endloop
  endfacet
  facet normal 0.262124178 -0.120281609 0.957508877
    outer loop
      vertex 3.16525006 2.22188544 2.06218314
      vertex 3.15251803 2.21437311 2.06472492
      vertex 3.18515253 2.15345192 2.04813814
    endloop
  endfacet
  facet normal 0.262121942 -0.120281475 0.957509506
    outer loop
      vertex 3.1724205 2.14593959 2.05067992
      vertex 3.15824318 2.14112544 2.05395627
      vertex 3.19232321 2.07750607 2.03663492
    endloop
  endfacet
  facet normal 0.262115139 -0.120285489 0.957510864
    outer loop
      vertex 3.12416315 2.20474482 2.07127762
      vertex 3.15824318 2.14112544 2.05395627
      vertex 3.13978601 2.20686054 2.0672667
    endloop
  endfacet
  facet normal 0.262127893 -0.120279462 0.95750813
    outer loop
      vertex 3.19232321 2.07750607 2.03663492
      vertex 3.21102881 2.10514712 2.03498626
      vertex 3.1724205 2.14593959 2.05067992
    endloop
  endfacet
  facet normal 0.262124194 -0.120277653 0.95750937
    outer loop
      vertex 3.09008312 2.26836419 2.08859897
      vertex 3.13978601 2.20686054 2.0672667
      vertex 3.15251803 2.21437311 2.06472492
    endloop
  endfacet
  facet normal 0.262115139 -0.120285489 0.957510864
    outer loop
      vertex 3.09008312 2.26836419 2.08859897
      vertex 3.12416315 2.20474482 2.07127762
      vertex 3.13978601 2.20686054 2.0672667
    endloop
  endfacet
  facet normal 0.262113877 -0.120290139 0.957510626
    outer loop
      vertex 3.15251803 2.21437311 2.06472492
      vertex 3.05600309 2.33198333 2.10592055
      vertex 3.09008312 2.26836419 2.08859897
    endloop
  endfacet
  facet normal 0.262118997 -0.120283213 0.957510094
    outer loop
      vertex 3.0219233 2.3956027 2.1232419
      vertex 3.02197981 2.4580574 2.13107204
      vertex 2.98784328 2.45922208 2.14056325
    endloop
  endfacet
  facet normal 0.262125841 -0.120278975 0.957508753
    outer loop
      vertex 2.96796894 2.55888295 2.15852332
      vertex 2.95376325 2.52284145 2.15788484
      vertex 3.02197981 2.4580574 2.13107204
    endloop
  endfacet
  facet normal 0.262118765 -0.120286819 0.957509704
    outer loop
      vertex 2.95376325 2.52284145 2.15788484
      vertex 2.98784328 2.45922208 2.14056325
      vertex 3.02197981 2.4580574 2.13107204
    endloop
  endfacet
  facet normal 0.262120702 -0.120283157 0.957509634
    outer loop
      vertex 3.02197981 2.4580574 2.13107204
      vertex 3.0219233 2.3956027 2.1232419
      vertex 3.05600309 2.33198333 2.10592055
    endloop
  endfacet
  facet normal 0.262124729 -0.120282637 0.957508597
    outer loop
      vertex 3.21102881 2.10514712 2.03498626
      vertex 3.18515253 2.15345192 2.04813814
      vertex 3.1724205 2.14593959 2.05067992
    endloop
  endfacet
  facet normal 0.262124729 -0.120282637 0.957508597
    outer loop
      vertex 3.19788456 2.16096425 2.04559636
      vertex 3.18515253 2.15345192 2.04813814
      vertex 3.21102881 2.10514712 2.03498626
    endloop
  endfacet
  facet normal 0.26211642 -0.120286186 0.957510426
    outer loop
      vertex 3.16525006 2.22188544 2.06218314
      vertex 3.19788456 2.16096425 2.04559636
      vertex 3.18847442 2.20981073 2.05430865
    endloop
  endfacet
  facet normal 0.262120197 -0.120285294 0.957509504
    outer loop
      vertex 3.22973442 2.13278818 2.03333783
      vertex 3.18847442 2.20981073 2.05430865
      vertex 3.19788456 2.16096425 2.04559636
    endloop
  endfacet
  facet normal 0.262117816 -0.120283473 0.957510385
    outer loop
      vertex 3.14721441 2.28683352 2.07527924
      vertex 3.16525006 2.22188544 2.06218314
      vertex 3.18847442 2.20981073 2.05430865
    endloop
  endfacet
  facet normal 0.262121729 -0.120283479 0.957509313
    outer loop
      vertex 3.19788456 2.16096425 2.04559636
      vertex 3.21102881 2.10514712 2.03498626
      vertex 3.22973442 2.13278818 2.03333783
    endloop
  endfacet
  facet normal 0.262124086 -0.120281437 0.957508924
    outer loop
      vertex 3.14721441 2.28683352 2.07527924
      vertex 3.15251803 2.21437311 2.06472492
      vertex 3.16525006 2.22188544 2.06218314
    endloop
  endfacet
  facet normal 0.262122267 -0.120282716 0.957509261
    outer loop
      vertex 3.02197981 2.4580574 2.13107204
      vertex 3.15251803 2.21437311 2.06472492
      vertex 3.10595441 2.36385632 2.09625006
    endloop
  endfacet
  facet normal 0.262124288 -0.120280799 0.957508949
    outer loop
      vertex 3.06469464 2.44087887 2.11722064
      vertex 3.02197981 2.4580574 2.13107204
      vertex 3.10595441 2.36385632 2.09625006
    endloop
  endfacet
  facet normal 0.262123366 -0.120283064 0.957508917
    outer loop
      vertex 3.02197981 2.4580574 2.13107204
      vertex 3.06469464 2.44087887 2.11722064
      vertex 3.02343464 2.51790166 2.13819146
    endloop
  endfacet
  facet normal 0.262118696 -0.120283314 0.957510164
    outer loop
      vertex 3.02343464 2.51790166 2.13819146
      vertex 2.98217463 2.59492421 2.15916204
      vertex 2.96796894 2.55888295 2.15852332
    endloop
  endfacet
  facet normal 0.262118848 -0.120283101 0.957510149
    outer loop
      vertex 3.02197981 2.4580574 2.13107204
      vertex 3.02343464 2.51790166 2.13819146
      vertex 2.96796894 2.55888295 2.15852332
    endloop
  endfacet
  facet normal 0.262122467 -0.120282598 0.957509221
    outer loop
      vertex 3.05600309 2.33198333 2.10592055
      vertex 3.15251803 2.21437311 2.06472492
      vertex 3.02197981 2.4580574 2.13107204
    endloop
  endfacet
  facet normal 0.262124363 -0.120281955 0.957508783
    outer loop
      vertex 3.13978601 2.20686054 2.0672667
      vertex 3.1724205 2.14593959 2.05067992
      vertex 3.18515253 2.15345192 2.04813814
    endloop
  endfacet
  facet normal 0.262124178 -0.120281609 0.957508877
    outer loop
      vertex 3.16525006 2.22188544 2.06218314
      vertex 3.18515253 2.15345192 2.04813814
      vertex 3.19788456 2.16096425 2.04559636
    endloop
  endfacet
  facet normal 0.262122418 -0.120283103 0.957509171
    outer loop
      vertex 3.15824318 2.14112544 2.05395627
      vertex 3.1724205 2.14593959 2.05067992
      vertex 3.13978601 2.20686054 2.0672667
    endloop
  endfacet
  facet normal 0.262126596 -0.120281159 0.957508272
    outer loop
      vertex 3.15251803 2.21437311 2.06472492
      vertex 3.14721441 2.28683352 2.07527924
      vertex 3.10595441 2.36385632 2.09625006
    endloop
  endfacet
  facet normal 0.848800631 0.500825385 -0.169444455
    outer loop
      vertex 3.29283929 1.99736297 1.97868514
      vertex 3.30269933 1.97895658 1.97367358
      vertex 3.28811145 1.99862361 1.95872796
    endloop
  endfacet
  facet normal 0.848801385 0.500822633 -0.169448811
    outer loop
      vertex 3.28811145 1.99862361 1.95872796
      vertex 3.29797149 1.9802171 1.95371652
      vertex 3.28338361 1.99988413 1.93877089
    endloop
  endfacet
  facet normal 0.848800128 0.500824413 -0.169449847
    outer loop
      vertex 3.29324365 1.98147774 1.93375945
      vertex 3.30846643 1.94586396 1.90475297
      vertex 3.28874636 1.98267686 1.91477597
    endloop
  endfacet
  facet normal 0.848800821 0.500824689 -0.169445556
    outer loop
      vertex 3.29797149 1.9802171 1.95371652
      vertex 3.31769156 1.94340432 1.94369364
      vertex 3.29324365 1.98147774 1.93375945
    endloop
  endfacet
  facet normal 0.848799007 0.500825614 -0.16945191
    outer loop
      vertex 3.30846643 1.94586396 1.90475297
      vertex 3.29324365 1.98147774 1.93375945
      vertex 3.31307912 1.94463408 1.9242233
    endloop
  endfacet
  facet normal 0.848799689 0.500825209 -0.169449693
    outer loop
      vertex 3.28338361 1.99988413 1.93877089
      vertex 3.29324365 1.98147774 1.93375945
      vertex 3.28874636 1.98267686 1.91477597
    endloop
  endfacet
  facet normal 0.848798324 0.500833268 -0.169432709
    outer loop
      vertex 3.2713325 2.01887465 1.93453395
      vertex 3.28338361 1.99988413 1.93877089
      vertex 3.26902628 2.01948977 1.92479885
    endloop
  endfacet
  facet normal 0.848800754 0.500823821 -0.16944846
    outer loop
      vertex 3.28874636 1.98267686 1.91477597
      vertex 3.26902628 2.01948977 1.92479885
      vertex 3.28338361 1.99988413 1.93877089
    endloop
  endfacet
  facet normal 0.848797818 0.500830663 -0.169442944
    outer loop
      vertex 3.27363873 2.01825976 1.94426918
      vertex 3.28338361 1.99988413 1.93877089
      vertex 3.2713325 2.01887465 1.93453395
    endloop
  endfacet
  facet normal 0.848791737 0.500833788 -0.169464168
    outer loop
      vertex 3.28338361 1.99988413 1.93877089
      vertex 3.27363873 2.01825976 1.94426918
      vertex 3.27594519 2.01764488 1.95400429
    endloop
  endfacet
  facet normal 0.848800761 0.500825325 -0.169443978
    outer loop
      vertex 3.27594519 2.01764488 1.95400429
      vertex 3.27825141 2.01703 1.96373951
      vertex 3.28811145 1.99862361 1.95872796
    endloop
  endfacet
  facet normal 0.848800586 0.500824082 -0.169448531
    outer loop
      vertex 3.28338361 1.99988413 1.93877089
      vertex 3.27594519 2.01764488 1.95400429
      vertex 3.28811145 1.99862361 1.95872796
    endloop
  endfacet
  facet normal 0.848799225 0.50082655 -0.169448052
    outer loop
      vertex 3.30269933 1.97895658 1.97367358
      vertex 3.32230425 1.94217443 1.96316397
      vertex 3.29797149 1.9802171 1.95371652
    endloop
  endfacet
  facet normal 0.848800624 0.500823881 -0.169448934
    outer loop
      vertex 3.30719662 1.97775745 1.99265718
      vertex 3.32691669 1.94094455 1.98263431
      vertex 3.30269933 1.97895658 1.97367358
    endloop
  endfacet
  facet normal 0.84880093 0.500825719 -0.169441965
    outer loop
      vertex 3.32230425 1.94217443 1.96316397
      vertex 3.30269933 1.97895658 1.97367358
      vertex 3.32691669 1.94094455 1.98263431
    endloop
  endfacet
  facet normal 0.848799512 0.500825898 -0.169448543
    outer loop
      vertex 3.29283929 1.99736297 1.97868514
      vertex 3.30719662 1.97775745 1.99265718
      vertex 3.30269933 1.97895658 1.97367358
    endloop
  endfacet
  facet normal 0.848800342 0.500818181 -0.169467193
    outer loop
      vertex 3.28286409 2.01580024 1.98320973
      vertex 3.29283929 1.99736297 1.97868514
      vertex 3.28055763 2.01641512 1.97347462
    endloop
  endfacet
  facet normal 0.848800969 0.500824771 -0.169444574
    outer loop
      vertex 3.28811145 1.99862361 1.95872796
      vertex 3.28055763 2.01641512 1.97347462
      vertex 3.29283929 1.99736297 1.97868514
    endloop
  endfacet
  facet normal 0.848800232 0.500825568 -0.169445913
    outer loop
      vertex 3.27825141 2.01703 1.96373951
      vertex 3.28055763 2.01641512 1.97347462
      vertex 3.28811145 1.99862361 1.95872796
    endloop
  endfacet
  facet normal 0.84880232 0.500821781 -0.169446646
    outer loop
      vertex 3.28517032 2.01518512 1.99294496
      vertex 3.28747654 2.01457024 2.00268006
      vertex 3.29283929 1.99736297 1.97868514
    endloop
  endfacet
  facet normal 0.848799689 0.500825209 -0.169449693
    outer loop
      vertex 3.30719662 1.97775745 1.99265718
      vertex 3.29283929 1.99736297 1.97868514
      vertex 3.28747654 2.01457024 2.00268006
    endloop
  endfacet
  facet normal 0.848808926 0.500814757 -0.169434315
    outer loop
      vertex 3.28286409 2.01580024 1.98320973
      vertex 3.28517032 2.01518512 1.99294496
      vertex 3.29283929 1.99736297 1.97868514
    endloop
  endfacet
  facet normal 0.848801385 0.500822633 -0.169448811
    outer loop
      vertex 3.30269933 1.97895658 1.97367358
      vertex 3.29797149 1.9802171 1.95371652
      vertex 3.28811145 1.99862361 1.95872796
    endloop
  endfacet
  facet normal 0.848800821 0.500824689 -0.169445556
    outer loop
      vertex 3.29797149 1.9802171 1.95371652
      vertex 3.29324365 1.98147774 1.93375945
      vertex 3.28338361 1.99988413 1.93877089
    endloop
  endfacet
  facet normal 0.848800838 0.500824828 -0.169445065
    outer loop
      vertex 3.31769156 1.94340432 1.94369364
      vertex 3.31307912 1.94463408 1.9242233
      vertex 3.29324365 1.98147774 1.93375945
    endloop
  endfacet
  facet normal 0.848799076 0.50082549 -0.169451934
    outer loop
      vertex 3.32230425 1.94217443 1.96316397
      vertex 3.31769156 1.94340432 1.94369364
      vertex 3.29797149 1.9802171 1.95371652
    endloop
  endfacet
  facet normal 0.476047493 -0.863354355 -0.167326157
    outer loop
      vertex 3.27406955 2.01996279 1.93670642
      vertex 3.2713325 2.01887465 1.93453395
      vertex 3.26902628 2.01948977 1.92479885
    endloop
  endfacet
  facet normal 0.47599595 -0.863386583 -0.167306495
    outer loop
      vertex 3.27406955 2.01996279 1.93670642
      vertex 3.27594519 2.01764488 1.95400429
      vertex 3.27363873 2.01825976 1.94426918
    endloop
  endfacet
  facet normal 0.476024486 -0.863370664 -0.167307456
    outer loop
      vertex 3.27406955 2.01996279 1.93670642
      vertex 3.28037333 2.01828194 1.96331584
      vertex 3.27594519 2.01764488 1.95400429
    endloop
  endfacet
  facet normal 0.476032234 -0.863367799 -0.167300198
    outer loop
      vertex 3.27406955 2.01996279 1.93670642
      vertex 3.27363873 2.01825976 1.94426918
      vertex 3.2713325 2.01887465 1.93453395
    endloop
  endfacet
  facet normal 0.475961424 -0.863402905 -0.167320492
    outer loop
      vertex 3.27557659 2.02137876 1.93368673
      vertex 3.27406955 2.01996279 1.93670642
      vertex 3.27327013 2.02199388 1.92395163
    endloop
  endfacet
  facet normal 0.476031091 -0.863364825 -0.167318794
    outer loop
      vertex 3.26902628 2.01948977 1.92479885
      vertex 3.27327013 2.02199388 1.92395163
      vertex 3.27406955 2.01996279 1.93670642
    endloop
  endfacet
  facet normal 0.475999931 -0.863386858 -0.16729375
    outer loop
      vertex 3.27788281 2.02076387 1.94342196
      vertex 3.27406955 2.01996279 1.93670642
      vertex 3.27557659 2.02137876 1.93368673
    endloop
  endfacet
  facet normal 0.476004439 -0.863383807 -0.167296674
    outer loop
      vertex 3.27406955 2.01996279 1.93670642
      vertex 3.27788281 2.02076387 1.94342196
      vertex 3.28018904 2.02014899 1.95315707
    endloop
  endfacet
  facet normal 0.476042229 -0.863360195 -0.167310998
    outer loop
      vertex 3.27406955 2.01996279 1.93670642
      vertex 3.28018904 2.02014899 1.95315707
      vertex 3.28037333 2.01828194 1.96331584
    endloop
  endfacet
  facet normal 0.476025311 -0.86336926 -0.167312357
    outer loop
      vertex 3.2824955 2.01953411 1.96289217
      vertex 3.28037333 2.01828194 1.96331584
      vertex 3.28018904 2.02014899 1.95315707
    endloop
  endfacet
  facet normal 0.475997018 -0.863388577 -0.167293168
    outer loop
      vertex 3.28037333 2.01828194 1.96331584
      vertex 3.27825141 2.01703 1.96373951
      vertex 3.27594519 2.01764488 1.95400429
    endloop
  endfacet
  facet normal 0.476026936 -0.86337218 -0.167292661
    outer loop
      vertex 3.28352523 2.01744175 1.97662055
      vertex 3.28055763 2.01641512 1.97347462
      vertex 3.28037333 2.01828194 1.96331584
    endloop
  endfacet
  facet normal 0.476046968 -0.86335648 -0.167316681
    outer loop
      vertex 3.28286409 2.01580024 1.98320973
      vertex 3.28055763 2.01641512 1.97347462
      vertex 3.28352523 2.01744175 1.97662055
    endloop
  endfacet
  facet normal 0.476046456 -0.863355359 -0.167323926
    outer loop
      vertex 3.28517032 2.01518512 1.99294496
      vertex 3.28286409 2.01580024 1.98320973
      vertex 3.28667736 2.01660132 1.98992527
    endloop
  endfacet
  facet normal 0.476067553 -0.863346565 -0.167309273
    outer loop
      vertex 3.28747654 2.01457024 2.00268006
      vertex 3.28517032 2.01518512 1.99294496
      vertex 3.28667736 2.01660132 1.98992527
    endloop
  endfacet
  facet normal 0.475995806 -0.8633889 -0.16729495
    outer loop
      vertex 3.28710794 2.01830435 1.98236251
      vertex 3.28352523 2.01744175 1.97662055
      vertex 3.28480172 2.01891923 1.9726274
    endloop
  endfacet
  facet normal 0.476028374 -0.863370076 -0.167299428
    outer loop
      vertex 3.28037333 2.01828194 1.96331584
      vertex 3.2824955 2.01953411 1.96289217
      vertex 3.28480172 2.01891923 1.9726274
    endloop
  endfacet
  facet normal 0.47602459 -0.86336897 -0.167315904
    outer loop
      vertex 3.28352523 2.01744175 1.97662055
      vertex 3.28710794 2.01830435 1.98236251
      vertex 3.28667736 2.01660132 1.98992527
    endloop
  endfacet
  facet normal 0.476092351 -0.863326043 -0.167344605
    outer loop
      vertex 3.28941417 2.01768947 1.99209774
      vertex 3.29172063 2.01707435 2.00183296
      vertex 3.28667736 2.01660132 1.98992527
    endloop
  endfacet
  facet normal 0.476016419 -0.863374518 -0.16731052
    outer loop
      vertex 3.28747654 2.01457024 2.00268006
      vertex 3.28667736 2.01660132 1.98992527
      vertex 3.29172063 2.01707435 2.00183296
    endloop
  endfacet
  facet normal 0.476038313 -0.863360872 -0.167318644
    outer loop
      vertex 3.28667736 2.01660132 1.98992527
      vertex 3.28286409 2.01580024 1.98320973
      vertex 3.28352523 2.01744175 1.97662055
    endloop
  endfacet
  facet normal 0.47599656 -0.863388455 -0.167295101
    outer loop
      vertex 3.28055763 2.01641512 1.97347462
      vertex 3.27825141 2.01703 1.96373951
      vertex 3.28037333 2.01828194 1.96331584
    endloop
  endfacet
  facet normal 0.476008161 -0.863383258 -0.167288913
    outer loop
      vertex 3.28037333 2.01828194 1.96331584
      vertex 3.28480172 2.01891923 1.9726274
      vertex 3.28352523 2.01744175 1.97662055
    endloop
  endfacet
  facet normal 0.476070769 -0.86334506 -0.167307891
    outer loop
      vertex 3.28710794 2.01830435 1.98236251
      vertex 3.28941417 2.01768947 1.99209774
      vertex 3.28667736 2.01660132 1.98992527
    endloop
  endfacet
  facet normal -0.476032023 0.863366611 0.167306927
    outer loop
      vertex 3.32691669 1.94094455 1.98263431
      vertex 3.33116078 1.94344878 1.98178709
      vertex 3.3265481 1.94467854 1.96231675
    endloop
  endfacet
  facet normal -0.47601337 0.863376605 0.167308425
    outer loop
      vertex 3.32193565 1.94590843 1.94284642
      vertex 3.31769156 1.94340432 1.94369364
      vertex 3.32230425 1.94217443 1.96316397
    endloop
  endfacet
  facet normal -0.47601337 0.863376605 0.167308425
    outer loop
      vertex 3.31769156 1.94340432 1.94369364
      vertex 3.32193565 1.94590843 1.94284642
      vertex 3.31732297 1.94713831 1.92337608
    endloop
  endfacet
  facet normal -0.47601337 0.863376605 0.167308425
    outer loop
      vertex 3.31271052 1.94836807 1.90390575
      vertex 3.30846643 1.94586396 1.90475297
      vertex 3.31307912 1.94463408 1.9242233
    endloop
  endfacet
  facet normal -0.476033939 0.863365585 0.167306773
    outer loop
      vertex 3.32691669 1.94094455 1.98263431
      vertex 3.3265481 1.94467854 1.96231675
      vertex 3.32230425 1.94217443 1.96316397
    endloop
  endfacet
  facet normal -0.476033939 0.863365585 0.167306773
    outer loop
      vertex 3.32193565 1.94590843 1.94284642
      vertex 3.32230425 1.94217443 1.96316397
      vertex 3.3265481 1.94467854 1.96231675
    endloop
  endfacet
  facet normal -0.476052592 0.86335559 0.167305274
    outer loop
      vertex 3.31769156 1.94340432 1.94369364
      vertex 3.31732297 1.94713831 1.92337608
      vertex 3.31307912 1.94463408 1.9242233
    endloop
  endfacet
  facet normal -0.476052592 0.86335559 0.167305274
    outer loop
      vertex 3.31271052 1.94836807 1.90390575
      vertex 3.31307912 1.94463408 1.9242233
      vertex 3.31732297 1.94713831 1.92337608
    endloop
  endfacet
  facet normal 0.848798799 0.500825147 -0.169454334
    outer loop
      vertex 3.07571149 2.4055512 2.06799173
      vertex 3.02370071 2.50264335 2.09442663
      vertex 3.08095407 2.40314555 2.08714199
    endloop
  endfacet
  facet normal 0.848797449 0.500826921 -0.169455852
    outer loop
      vertex 3.07046914 2.40795684 2.04884171
      vertex 3.01845813 2.50504899 2.07527661
      vertex 3.02370071 2.50264335 2.09442663
    endloop
  endfacet
  facet normal 0.848801451 0.50082393 -0.169444646
    outer loop
      vertex 3.18235445 2.21016407 2.02469707
      vertex 3.17973328 2.21136689 2.01512194
      vertex 3.1277225 2.30845904 2.04155684
    endloop
  endfacet
  facet normal 0.848794103 0.500828687 -0.169467391
    outer loop
      vertex 3.13296485 2.3060534 2.06070709
      vertex 3.18497586 2.20896125 2.03427196
      vertex 3.18235445 2.21016407 2.02469707
    endloop
  endfacet
  facet normal 0.848801451 0.50082393 -0.169444646
    outer loop
      vertex 3.1277225 2.30845904 2.04155684
      vertex 3.13296485 2.3060534 2.06070709
      vertex 3.18235445 2.21016407 2.02469707
    endloop
  endfacet
  facet normal 0.848800631 0.500825461 -0.169444229
    outer loop
      vertex 3.1277225 2.30845904 2.04155684
      vertex 3.07571149 2.4055512 2.06799173
      vertex 3.13296485 2.3060534 2.06070709
    endloop
  endfacet
  facet normal 0.848800758 0.500824479 -0.169446497
    outer loop
      vertex 3.12247992 2.31086469 2.02240658
      vertex 3.07046914 2.40795684 2.04884171
      vertex 3.07571149 2.4055512 2.06799173
    endloop
  endfacet
  facet normal 0.848800631 0.500825461 -0.169444229
    outer loop
      vertex 3.1771121 2.21256971 2.00554681
      vertex 3.17449093 2.21377254 1.99597168
      vertex 3.12247992 2.31086469 2.02240658
    endloop
  endfacet
  facet normal 0.848801451 0.50082393 -0.169444646
    outer loop
      vertex 3.1277225 2.30845904 2.04155684
      vertex 3.17973328 2.21136689 2.01512194
      vertex 3.1771121 2.21256971 2.00554681
    endloop
  endfacet
  facet normal 0.848798389 0.500825913 -0.169454126
    outer loop
      vertex 3.12247992 2.31086469 2.02240658
      vertex 3.1277225 2.30845904 2.04155684
      vertex 3.1771121 2.21256971 2.00554681
    endloop
  endfacet
  facet normal 0.848800109 0.500822028 -0.169456988
    outer loop
      vertex 3.2733736 2.04025269 1.97843575
      vertex 3.26037097 2.06452584 1.98504448
      vertex 3.27468419 2.03965139 1.98322332
    endloop
  endfacet
  facet normal 0.848804433 0.500822769 -0.169433138
    outer loop
      vertex 3.27468419 2.03965139 1.98322332
      vertex 3.26168156 2.06392431 1.98983204
      vertex 3.27599478 2.03904986 1.98801088
    endloop
  endfacet
  facet normal 0.848800109 0.500822028 -0.169456988
    outer loop
      vertex 3.27599478 2.03904986 1.98801088
      vertex 3.26299214 2.06332302 1.99461961
      vertex 3.27730536 2.03844857 1.99279845
    endloop
  endfacet
  facet normal 0.848798173 0.500825642 -0.169456004
    outer loop
      vertex 3.27730536 2.03844857 1.99279845
      vertex 3.26430273 2.06272149 1.99940717
      vertex 3.26561332 2.0621202 2.00419474
    endloop
  endfacet
  facet normal 0.848802029 0.500825767 -0.169436322
    outer loop
      vertex 3.27861619 2.03784704 1.99758601
      vertex 3.26561332 2.0621202 2.00419474
      vertex 3.2669239 2.06151867 2.00898218
    endloop
  endfacet
  facet normal 0.848803374 0.500823255 -0.169437006
    outer loop
      vertex 3.26157808 2.0456655 1.93534791
      vertex 3.24857545 2.06993842 1.94195664
      vertex 3.26288867 2.04506397 1.94013536
    endloop
  endfacet
  facet normal 0.848802702 0.500824511 -0.169436664
    outer loop
      vertex 3.25119662 2.0687356 1.95153165
      vertex 3.24988604 2.06933713 1.9467442
      vertex 3.22388053 2.11788321 1.95996165
    endloop
  endfacet
  facet normal 0.848797337 0.500827203 -0.169455579
    outer loop
      vertex 3.2265017 2.11668038 1.96953678
      vertex 3.25250721 2.06813431 1.95631921
      vertex 3.25119662 2.0687356 1.95153165
    endloop
  endfacet
  facet normal 0.848800951 0.500824863 -0.169444392
    outer loop
      vertex 3.22388053 2.11788321 1.95996165
      vertex 3.2265017 2.11668038 1.96953678
      vertex 3.25119662 2.0687356 1.95153165
    endloop
  endfacet
  facet normal 0.848799782 0.500822639 -0.169456822
    outer loop
      vertex 3.26288867 2.04506397 1.94013536
      vertex 3.24988604 2.06933713 1.9467442
      vertex 3.26419926 2.04446268 1.94492292
    endloop
  endfacet
  facet normal 0.848804433 0.500822769 -0.169433138
    outer loop
      vertex 3.26419926 2.04446268 1.94492292
      vertex 3.25119662 2.0687356 1.95153165
      vertex 3.26550984 2.04386115 1.94971049
    endloop
  endfacet
  facet normal 0.848794796 0.500828138 -0.16946554
    outer loop
      vertex 3.2265017 2.11668038 1.96953678
      vertex 3.2004962 2.16522646 1.98275423
      vertex 3.20311761 2.16402364 1.99232924
    endloop
  endfacet
  facet normal 0.848802271 0.500822399 -0.169445063
    outer loop
      vertex 3.2004962 2.16522646 1.98275423
      vertex 3.17449093 2.21377254 1.99597168
      vertex 3.1771121 2.21256971 2.00554681
    endloop
  endfacet
  facet normal 0.848800109 0.500822028 -0.169456988
    outer loop
      vertex 3.26550984 2.04386115 1.94971049
      vertex 3.25250721 2.06813431 1.95631921
      vertex 3.26682043 2.04325986 1.95449805
    endloop
  endfacet
  facet normal 0.848798173 0.500825642 -0.169456004
    outer loop
      vertex 3.26682043 2.04325986 1.95449805
      vertex 3.2538178 2.06753278 1.96110678
      vertex 3.25512838 2.06693149 1.96589434
    endloop
  endfacet
  facet normal 0.848803597 0.500824331 -0.169432713
    outer loop
      vertex 3.2538178 2.06753278 1.96110678
      vertex 3.25250721 2.06813431 1.95631921
      vertex 3.2265017 2.11668038 1.96953678
    endloop
  endfacet
  facet normal 0.848797501 0.500826898 -0.169455662
    outer loop
      vertex 3.22912288 2.11547756 1.97911179
      vertex 3.25512838 2.06693149 1.96589434
      vertex 3.2538178 2.06753278 1.96110678
    endloop
  endfacet
  facet normal 0.848800503 0.500824954 -0.169446368
    outer loop
      vertex 3.2265017 2.11668038 1.96953678
      vertex 3.22912288 2.11547756 1.97911179
      vertex 3.2538178 2.06753278 1.96110678
    endloop
  endfacet
  facet normal 0.848796828 0.500828153 -0.16945532
    outer loop
      vertex 3.26813126 2.04265833 1.95928562
      vertex 3.25512838 2.06693149 1.96589434
      vertex 3.26944184 2.04205704 1.96407318
    endloop
  endfacet
  facet normal 0.848801152 0.500828895 -0.16943147
    outer loop
      vertex 3.26944184 2.04205704 1.96407318
      vertex 3.25643897 2.06632996 1.97068191
      vertex 3.27075243 2.04145551 1.96886075
    endloop
  endfacet
  facet normal 0.848797841 0.500826787 -0.169454283
    outer loop
      vertex 3.02894306 2.5002377 2.11357689
      vertex 2.98217463 2.59492421 2.15916204
      vertex 3.02343464 2.51790166 2.13819146
    endloop
  endfacet
  facet normal 0.848801189 0.500823795 -0.169446359
    outer loop
      vertex 3.08095407 2.40314555 2.08714199
      vertex 3.06469464 2.44087887 2.11722064
      vertex 3.10595441 2.36385632 2.09625006
    endloop
  endfacet
  facet normal 0.848798515 0.500825909 -0.169453503
    outer loop
      vertex 3.02894306 2.5002377 2.11357689
      vertex 3.02343464 2.51790166 2.13819146
      vertex 3.06469464 2.44087887 2.11722064
    endloop
  endfacet
  facet normal 0.848800563 0.500825588 -0.169444195
    outer loop
      vertex 3.02370071 2.50264335 2.09442663
      vertex 2.97290111 2.5974741 2.12024593
      vertex 3.02894306 2.5002377 2.11357689
    endloop
  endfacet
  facet normal 0.848799593 0.5008254 -0.169449606
    outer loop
      vertex 2.98217463 2.59492421 2.15916204
      vertex 3.02894306 2.5002377 2.11357689
      vertex 2.97290111 2.5974741 2.12024593
    endloop
  endfacet
  facet normal 0.84880123 0.500824031 -0.169445453
    outer loop
      vertex 3.13296485 2.3060534 2.06070709
      vertex 3.08095407 2.40314555 2.08714199
      vertex 3.10595441 2.36385632 2.09625006
    endloop
  endfacet
  facet normal 0.848798848 0.500826279 -0.169450741
    outer loop
      vertex 3.08095407 2.40314555 2.08714199
      vertex 3.02894306 2.5002377 2.11357689
      vertex 3.06469464 2.44087887 2.11722064
    endloop
  endfacet
  facet normal 0.848797381 0.500827048 -0.169455817
    outer loop
      vertex 3.02370071 2.50264335 2.09442663
      vertex 3.01845813 2.50504899 2.07527661
      vertex 2.97290111 2.5974741 2.12024593
    endloop
  endfacet
  facet normal 0.848802369 0.50082385 -0.169440283
    outer loop
      vertex 3.14721441 2.28683352 2.07527924
      vertex 3.18847442 2.20981073 2.05430865
      vertex 3.18497586 2.20896125 2.03427196
    endloop
  endfacet
  facet normal 0.848795362 0.500828215 -0.169462483
    outer loop
      vertex 3.21124721 2.16643643 2.04018378
      vertex 3.18847442 2.20981073 2.05430865
      vertex 3.22973442 2.13278818 2.03333783
    endloop
  endfacet
  facet normal 0.848795758 0.500825597 -0.169468233
    outer loop
      vertex 3.20615482 2.16762161 2.01817846
      vertex 3.18235445 2.21016407 2.02469707
      vertex 3.18497586 2.20896125 2.03427196
    endloop
  endfacet
  facet normal 0.848800956 0.500824853 -0.169444395
    outer loop
      vertex 3.17973328 2.21136689 2.01512194
      vertex 3.18235445 2.21016407 2.02469707
      vertex 3.20615482 2.16762161 2.01817846
    endloop
  endfacet
  facet normal 0.848800961 0.500822119 -0.169452452
    outer loop
      vertex 3.21124721 2.16643643 2.04018378
      vertex 3.20615482 2.16762161 2.01817846
      vertex 3.18497586 2.20896125 2.03427196
    endloop
  endfacet
  facet normal 0.848802013 0.500824466 -0.169440246
    outer loop
      vertex 3.21124721 2.16643643 2.04018378
      vertex 3.18497586 2.20896125 2.03427196
      vertex 3.18847442 2.20981073 2.05430865
    endloop
  endfacet
  facet normal 0.848801352 0.50082513 -0.169441595
    outer loop
      vertex 3.01845813 2.50504899 2.07527661
      vertex 3.07046914 2.40795684 2.04884171
      vertex 3.01523495 2.50368547 2.0551002
    endloop
  endfacet
  facet normal 0.848797919 0.500825781 -0.169456867
    outer loop
      vertex 3.07046914 2.40795684 2.04884171
      vertex 3.12247992 2.31086469 2.02240658
      vertex 3.06684184 2.40734696 2.02887034
    endloop
  endfacet
  facet normal 0.848801516 0.50082485 -0.169441602
    outer loop
      vertex 3.01523495 2.50368547 2.0551002
      vertex 2.96362782 2.60002375 2.08132982
      vertex 3.01845813 2.50504899 2.07527661
    endloop
  endfacet
  facet normal 0.848798715 0.500826251 -0.169451489
    outer loop
      vertex 3.1700561 2.21467042 1.97641098
      vertex 3.11844897 2.31100869 2.00264072
      vertex 3.17449093 2.21377254 1.99597168
    endloop
  endfacet
  facet normal 0.848800432 0.500824615 -0.169447725
    outer loop
      vertex 2.97290111 2.5974741 2.12024593
      vertex 3.01845813 2.50504899 2.07527661
      vertex 2.96362782 2.60002375 2.08132982
    endloop
  endfacet
  facet normal 0.848812373 0.500819814 -0.169402095
    outer loop
      vertex 3.21812391 2.13799357 1.99056518
      vertex 3.20311761 2.16402364 1.99232924
      vertex 3.20106244 2.16880703 1.99617314
    endloop
  endfacet
  facet normal 0.848809247 0.500819197 -0.169419579
    outer loop
      vertex 3.20311761 2.16402364 1.99232924
      vertex 3.21812391 2.13799357 1.99056518
      vertex 3.22912288 2.11547756 1.97911179
    endloop
  endfacet
  facet normal 0.848795458 0.500830542 -0.169455124
    outer loop
      vertex 3.21812391 2.13799357 1.99056518
      vertex 3.23518562 2.10718036 1.98495722
      vertex 3.22912288 2.11547756 1.97911179
    endloop
  endfacet
  facet normal 0.848801451 0.500823929 -0.169444646
    outer loop
      vertex 3.20106244 2.16880703 1.99617314
      vertex 3.1771121 2.21256971 2.00554681
      vertex 3.17973328 2.21136689 2.01512194
    endloop
  endfacet
  facet normal 0.848801222 0.500824993 -0.16944265
    outer loop
      vertex 3.22388053 2.11788321 1.95996165
      vertex 3.1700561 2.21467042 1.97641098
      vertex 3.2004962 2.16522646 1.98275423
    endloop
  endfacet
  facet normal 0.848800372 0.50082327 -0.169452001
    outer loop
      vertex 3.2004962 2.16522646 1.98275423
      vertex 3.1700561 2.21467042 1.97641098
      vertex 3.17449093 2.21377254 1.99597168
    endloop
  endfacet
  facet normal 0.848802231 0.500823835 -0.169441019
    outer loop
      vertex 3.22166324 2.11833215 1.95018125
      vertex 3.22388053 2.11788321 1.95996165
      vertex 3.24857545 2.06993842 1.94195664
    endloop
  endfacet
  facet normal 0.848801632 0.500824913 -0.169440833
    outer loop
      vertex 3.1700561 2.21467042 1.97641098
      vertex 3.22388053 2.11788321 1.95996165
      vertex 3.22166324 2.11833215 1.95018125
    endloop
  endfacet
  facet normal 0.848800631 0.500825461 -0.169444229
    outer loop
      vertex 3.2004962 2.16522646 1.98275423
      vertex 3.2265017 2.11668038 1.96953678
      vertex 3.22388053 2.11788321 1.95996165
    endloop
  endfacet
  facet normal 0.848811567 0.500820672 -0.169403594
    outer loop
      vertex 3.20311761 2.16402364 1.99232924
      vertex 3.1771121 2.21256971 2.00554681
      vertex 3.20106244 2.16880703 1.99617314
    endloop
  endfacet
  facet normal 0.848800672 0.500824511 -0.16944683
    outer loop
      vertex 3.20615482 2.16762161 2.01817846
      vertex 3.20106244 2.16880703 1.99617314
      vertex 3.17973328 2.21136689 2.01512194
    endloop
  endfacet
  facet normal 0.848797292 0.500826835 -0.169456894
    outer loop
      vertex 3.24462962 2.10498238 2.02576733
      vertex 3.26561332 2.0621202 2.00419474
      vertex 3.2399075 2.10608125 2.00536227
    endloop
  endfacet
  facet normal 0.848812161 0.500823842 -0.169391249
    outer loop
      vertex 3.27992678 2.03724575 2.00237346
      vertex 3.2669239 2.06151867 2.00898218
      vertex 3.29172063 2.01707435 2.00183296
    endloop
  endfacet
  facet normal 0.84879749 0.500826918 -0.169455657
    outer loop
      vertex 3.2399075 2.10608125 2.00536227
      vertex 3.26561332 2.0621202 2.00419474
      vertex 3.26430273 2.06272149 1.99940717
    endloop
  endfacet
  facet normal 0.848796388 0.500828975 -0.169455097
    outer loop
      vertex 3.26168156 2.06392431 1.98983204
      vertex 3.2399075 2.10608125 2.00536227
      vertex 3.26299214 2.06332302 1.99461961
    endloop
  endfacet
  facet normal 0.848802447 0.500826476 -0.169432128
    outer loop
      vertex 3.26430273 2.06272149 1.99940717
      vertex 3.26299214 2.06332302 1.99461961
      vertex 3.2399075 2.10608125 2.00536227
    endloop
  endfacet
  facet normal 0.848803549 0.500824419 -0.169432689
    outer loop
      vertex 3.2399075 2.10608125 2.00536227
      vertex 3.26168156 2.06392431 1.98983204
      vertex 3.26037097 2.06452584 1.98504448
    endloop
  endfacet
  facet normal 0.848794124 0.500829394 -0.169465198
    outer loop
      vertex 3.25774956 2.06572866 1.97546947
      vertex 3.26037097 2.06452584 1.98504448
      vertex 3.27075243 2.04145551 1.96886075
    endloop
  endfacet
  facet normal 0.848800118 0.500827165 -0.169441761
    outer loop
      vertex 3.23518562 2.10718036 1.98495722
      vertex 3.2399075 2.10608125 2.00536227
      vertex 3.26037097 2.06452584 1.98504448
    endloop
  endfacet
  facet normal 0.848796492 0.500824974 -0.169466402
    outer loop
      vertex 3.25774956 2.06572866 1.97546947
      vertex 3.23518562 2.10718036 1.98495722
      vertex 3.26037097 2.06452584 1.98504448
    endloop
  endfacet
  facet normal 0.848804696 0.500820788 -0.169437678
    outer loop
      vertex 3.2669239 2.06151867 2.00898218
      vertex 3.26561332 2.0621202 2.00419474
      vertex 3.24462962 2.10498238 2.02576733
    endloop
  endfacet
  facet normal 0.84879589 0.500823781 -0.169472942
    outer loop
      vertex 3.28941417 2.01768947 1.99209774
      vertex 3.27730536 2.03844857 1.99279845
      vertex 3.27861619 2.03784704 1.99758601
    endloop
  endfacet
  facet normal 0.84879918 0.500822271 -0.169460923
    outer loop
      vertex 3.27992678 2.03724575 2.00237346
      vertex 3.28941417 2.01768947 1.99209774
      vertex 3.27861619 2.03784704 1.99758601
    endloop
  endfacet
  facet normal 0.848802238 0.5008197 -0.169453206
    outer loop
      vertex 3.28941417 2.01768947 1.99209774
      vertex 3.27992678 2.03724575 2.00237346
      vertex 3.29172063 2.01707435 2.00183296
    endloop
  endfacet
  facet normal 0.848800628 0.500825566 -0.169443932
    outer loop
      vertex 3.28710794 2.01830435 1.98236251
      vertex 3.27730536 2.03844857 1.99279845
      vertex 3.28941417 2.01768947 1.99209774
    endloop
  endfacet
  facet normal 0.848802529 0.500826325 -0.16943217
    outer loop
      vertex 3.28710794 2.01830435 1.98236251
      vertex 3.27468419 2.03965139 1.98322332
      vertex 3.27599478 2.03904986 1.98801088
    endloop
  endfacet
  facet normal 0.848796623 0.500828535 -0.169455216
    outer loop
      vertex 3.2733736 2.04025269 1.97843575
      vertex 3.27468419 2.03965139 1.98322332
      vertex 3.28480172 2.01891923 1.9726274
    endloop
  endfacet
  facet normal 0.848800242 0.500825548 -0.169445916
    outer loop
      vertex 3.28710794 2.01830435 1.98236251
      vertex 3.28480172 2.01891923 1.9726274
      vertex 3.27468419 2.03965139 1.98322332
    endloop
  endfacet
  facet normal 0.848796269 0.500829197 -0.169455036
    outer loop
      vertex 3.28710794 2.01830435 1.98236251
      vertex 3.27599478 2.03904986 1.98801088
      vertex 3.27730536 2.03844857 1.99279845
    endloop
  endfacet
  facet normal 0.848796007 0.500826556 -0.169464154
    outer loop
      vertex 3.29172063 2.01707435 2.00183296
      vertex 3.2669239 2.06151867 2.00898218
      vertex 3.24462962 2.10498238 2.02576733
    endloop
  endfacet
  facet normal 0.848799224 0.500827342 -0.169445717
    outer loop
      vertex 3.28480172 2.01891923 1.9726274
      vertex 3.27075243 2.04145551 1.96886075
      vertex 3.2733736 2.04025269 1.97843575
    endloop
  endfacet
  facet normal 0.84880376 0.500824025 -0.169432796
    outer loop
      vertex 3.22912288 2.11547756 1.97911179
      vertex 3.25643897 2.06632996 1.97068191
      vertex 3.25512838 2.06693149 1.96589434
    endloop
  endfacet
  facet normal 0.848799017 0.500824066 -0.169456433
    outer loop
      vertex 3.25643897 2.06632996 1.97068191
      vertex 3.23518562 2.10718036 1.98495722
      vertex 3.25774956 2.06572866 1.97546947
    endloop
  endfacet
  facet normal 0.848802493 0.500826391 -0.169432152
    outer loop
      vertex 3.2824955 2.01953411 1.96289217
      vertex 3.26944184 2.04205704 1.96407318
      vertex 3.27075243 2.04145551 1.96886075
    endloop
  endfacet
  facet normal 0.848795759 0.500824025 -0.169472875
    outer loop
      vertex 3.28018904 2.02014899 1.95315707
      vertex 3.26682043 2.04325986 1.95449805
      vertex 3.26813126 2.04265833 1.95928562
    endloop
  endfacet
  facet normal 0.848797501 0.500826898 -0.169455662
    outer loop
      vertex 3.24988604 2.06933713 1.9467442
      vertex 3.24857545 2.06993842 1.94195664
      vertex 3.22388053 2.11788321 1.95996165
    endloop
  endfacet
  facet normal 0.848800109 0.500822029 -0.169456988
    outer loop
      vertex 3.26813126 2.04265833 1.95928562
      vertex 3.26944184 2.04205704 1.96407318
      vertex 3.28018904 2.02014899 1.95315707
    endloop
  endfacet
  facet normal 0.848796755 0.500825435 -0.169463718
    outer loop
      vertex 3.22912288 2.11547756 1.97911179
      vertex 3.23518562 2.10718036 1.98495722
      vertex 3.25643897 2.06632996 1.97068191
    endloop
  endfacet
  facet normal 0.848800447 0.500825176 -0.169445988
    outer loop
      vertex 3.26682043 2.04325986 1.95449805
      vertex 3.28018904 2.02014899 1.95315707
      vertex 3.27788281 2.02076387 1.94342196
    endloop
  endfacet
  facet normal 0.848796693 0.500824799 -0.16946591
    outer loop
      vertex 3.2824955 2.01953411 1.96289217
      vertex 3.28018904 2.02014899 1.95315707
      vertex 3.26944184 2.04205704 1.96407318
    endloop
  endfacet
  facet normal 0.84879689 0.500828037 -0.169455352
    outer loop
      vertex 3.26682043 2.04325986 1.95449805
      vertex 3.27788281 2.02076387 1.94342196
      vertex 3.26550984 2.04386115 1.94971049
    endloop
  endfacet
  facet normal 0.84880315 0.500825165 -0.169432485
    outer loop
      vertex 3.26419926 2.04446268 1.94492292
      vertex 3.26550984 2.04386115 1.94971049
      vertex 3.27788281 2.02076387 1.94342196
    endloop
  endfacet
  facet normal 0.848796858 0.500828097 -0.169455336
    outer loop
      vertex 3.27557659 2.02137876 1.93368673
      vertex 3.26288867 2.04506397 1.94013536
      vertex 3.26419926 2.04446268 1.94492292
    endloop
  endfacet
  facet normal 0.848798871 0.50082509 -0.169454142
    outer loop
      vertex 3.27327013 2.02199388 1.92395163
      vertex 3.26157808 2.0456655 1.93534791
      vertex 3.27557659 2.02137876 1.93368673
    endloop
  endfacet
  facet normal 0.848802059 0.50082571 -0.169436337
    outer loop
      vertex 3.26288867 2.04506397 1.94013536
      vertex 3.27557659 2.02137876 1.93368673
      vertex 3.26157808 2.0456655 1.93534791
    endloop
  endfacet
  facet normal 0.848798173 0.500825642 -0.169456004
    outer loop
      vertex 3.24857545 2.06993842 1.94195664
      vertex 3.26157808 2.0456655 1.93534791
      vertex 3.27327013 2.02199388 1.92395163
    endloop
  endfacet
  facet normal 0.848801097 0.500824715 -0.169444097
    outer loop
      vertex 3.27557659 2.02137876 1.93368673
      vertex 3.26419926 2.04446268 1.94492292
      vertex 3.27788281 2.02076387 1.94342196
    endloop
  endfacet
  facet normal 0.848799388 0.500827816 -0.169443496
    outer loop
      vertex 3.2824955 2.01953411 1.96289217
      vertex 3.27075243 2.04145551 1.96886075
      vertex 3.28480172 2.01891923 1.9726274
    endloop
  endfacet
  facet normal 0.848800412 0.500824192 -0.169449073
    outer loop
      vertex 3.22166324 2.11833215 1.95018125
      vertex 3.24857545 2.06993842 1.94195664
      vertex 3.27327013 2.02199388 1.92395163
    endloop
  endfacet
  facet normal 0.848800631 0.500825461 -0.169444229
    outer loop
      vertex 3.02370071 2.50264335 2.09442663
      vertex 3.02894306 2.5002377 2.11357689
      vertex 3.08095407 2.40314555 2.08714199
    endloop
  endfacet
  facet normal 0.848800921 0.500824173 -0.16944658
    outer loop
      vertex 3.07046914 2.40795684 2.04884171
      vertex 3.02370071 2.50264335 2.09442663
      vertex 3.07571149 2.4055512 2.06799173
    endloop
  endfacet
  facet normal 0.848798799 0.500825147 -0.169454334
    outer loop
      vertex 3.07571149 2.4055512 2.06799173
      vertex 3.08095407 2.40314555 2.08714199
      vertex 3.13296485 2.3060534 2.06070709
    endloop
  endfacet
  facet normal 0.848797978 0.500826678 -0.169453918
    outer loop
      vertex 3.12247992 2.31086469 2.02240658
      vertex 3.07571149 2.4055512 2.06799173
      vertex 3.1277225 2.30845904 2.04155684
    endloop
  endfacet
  facet normal 0.848804433 0.500822769 -0.169433138
    outer loop
      vertex 3.26037097 2.06452584 1.98504448
      vertex 3.26168156 2.06392431 1.98983204
      vertex 3.27468419 2.03965139 1.98322332
    endloop
  endfacet
  facet normal 0.848800109 0.500822028 -0.169456988
    outer loop
      vertex 3.26168156 2.06392431 1.98983204
      vertex 3.26299214 2.06332302 1.99461961
      vertex 3.27599478 2.03904986 1.98801088
    endloop
  endfacet
  facet normal 0.848804433 0.500822769 -0.169433138
    outer loop
      vertex 3.26299214 2.06332302 1.99461961
      vertex 3.26430273 2.06272149 1.99940717
      vertex 3.27730536 2.03844857 1.99279845
    endloop
  endfacet
  facet normal 0.848792479 0.500830149 -0.169471208
    outer loop
      vertex 3.27730536 2.03844857 1.99279845
      vertex 3.26561332 2.0621202 2.00419474
      vertex 3.27861619 2.03784704 1.99758601
    endloop
  endfacet
  facet normal 0.848793833 0.500832253 -0.169458205
    outer loop
      vertex 3.27861619 2.03784704 1.99758601
      vertex 3.2669239 2.06151867 2.00898218
      vertex 3.27992678 2.03724575 2.00237346
    endloop
  endfacet
  facet normal 0.848799782 0.500822639 -0.169456822
    outer loop
      vertex 3.24857545 2.06993842 1.94195664
      vertex 3.24988604 2.06933713 1.9467442
      vertex 3.26288867 2.04506397 1.94013536
    endloop
  endfacet
  facet normal 0.848803374 0.500823255 -0.169437006
    outer loop
      vertex 3.24988604 2.06933713 1.9467442
      vertex 3.25119662 2.0687356 1.95153165
      vertex 3.26419926 2.04446268 1.94492292
    endloop
  endfacet
  facet normal 0.848800109 0.500822028 -0.169456988
    outer loop
      vertex 3.25119662 2.0687356 1.95153165
      vertex 3.25250721 2.06813431 1.95631921
      vertex 3.26550984 2.04386115 1.94971049
    endloop
  endfacet
  facet normal 0.848801742 0.500822642 -0.169446997
    outer loop
      vertex 3.2265017 2.11668038 1.96953678
      vertex 3.20311761 2.16402364 1.99232924
      vertex 3.22912288 2.11547756 1.97911179
    endloop
  endfacet
  facet normal 0.848794633 0.500828444 -0.169465457
    outer loop
      vertex 3.2004962 2.16522646 1.98275423
      vertex 3.1771121 2.21256971 2.00554681
      vertex 3.20311761 2.16402364 1.99232924
    endloop
  endfacet
  facet normal 0.848804433 0.500822769 -0.169433138
    outer loop
      vertex 3.25250721 2.06813431 1.95631921
      vertex 3.2538178 2.06753278 1.96110678
      vertex 3.26682043 2.04325986 1.95449805
    endloop
  endfacet
  facet normal 0.848792479 0.500830149 -0.169471208
    outer loop
      vertex 3.26682043 2.04325986 1.95449805
      vertex 3.25512838 2.06693149 1.96589434
      vertex 3.26813126 2.04265833 1.95928562
    endloop
  endfacet
  facet normal 0.848801152 0.500828895 -0.16943147
    outer loop
      vertex 3.25512838 2.06693149 1.96589434
      vertex 3.25643897 2.06632996 1.97068191
      vertex 3.26944184 2.04205704 1.96407318
    endloop
  endfacet
  facet normal 0.848796828 0.500828153 -0.16945532
    outer loop
      vertex 3.25643897 2.06632996 1.97068191
      vertex 3.25774956 2.06572866 1.97546947
      vertex 3.27075243 2.04145551 1.96886075
    endloop
  endfacet
  facet normal 0.848799881 0.500825283 -0.169448513
    outer loop
      vertex 3.13296485 2.3060534 2.06070709
      vertex 3.10595441 2.36385632 2.09625006
      vertex 3.14721441 2.28683352 2.07527924
    endloop
  endfacet
  facet normal 0.848799645 0.500826144 -0.169447147
    outer loop
      vertex 3.14721441 2.28683352 2.07527924
      vertex 3.18497586 2.20896125 2.03427196
      vertex 3.13296485 2.3060534 2.06070709
    endloop
  endfacet
  facet normal 0.848798622 0.50082456 -0.169456957
    outer loop
      vertex 3.07046914 2.40795684 2.04884171
      vertex 3.06684184 2.40734696 2.02887034
      vertex 3.01523495 2.50368547 2.0551002
    endloop
  endfacet
  facet normal 0.848799008 0.500826001 -0.169450761
    outer loop
      vertex 3.12247992 2.31086469 2.02240658
      vertex 3.11844897 2.31100869 2.00264072
      vertex 3.06684184 2.40734696 2.02887034
    endloop
  endfacet
  facet normal 0.848798852 0.500826278 -0.169450728
    outer loop
      vertex 3.11844897 2.31100869 2.00264072
      vertex 3.12247992 2.31086469 2.02240658
      vertex 3.17449093 2.21377254 1.99597168
    endloop
  endfacet
  facet normal 0.84880271 0.500820834 -0.169447489
    outer loop
      vertex 3.26037097 2.06452584 1.98504448
      vertex 3.2733736 2.04025269 1.97843575
      vertex 3.27075243 2.04145551 1.96886075
    endloop
  endfacet
  facet normal -0.230857495 0.0627458605 -0.970962293
    outer loop
      vertex 3.45578623 1.69371545 1.86794341
      vertex 3.43691278 1.66672945 1.87068689
      vertex 3.38044596 1.70797265 1.88677776
    endloop
  endfacet
  facet normal -0.230857495 0.0627458605 -0.970962293
    outer loop
      vertex 3.43691278 1.66672945 1.87068689
      vertex 3.39924264 1.67385805 1.88010406
      vertex 3.38044596 1.70797265 1.88677776
    endloop
  endfacet
  facet normal -0.230857495 0.0627458605 -0.970962293
    outer loop
      vertex 3.45578623 1.69371545 1.86794341
      vertex 3.47458291 1.65960085 1.86126971
      vertex 3.43691278 1.66672945 1.87068689
    endloop
  endfacet
  facet normal -0.230858309 0.0627420299 -0.970962347
    outer loop
      vertex 3.41187596 1.73258245 1.88089514
      vertex 3.43698955 1.72783005 1.87461698
      vertex 3.45578623 1.69371545 1.86794341
    endloop
  endfacet
  facet normal -0.230860994 0.0627388525 -0.970961914
    outer loop
      vertex 3.45578623 1.69371545 1.86794341
      vertex 3.38676262 1.73733485 1.8871733
      vertex 3.41187596 1.73258245 1.88089514
    endloop
  endfacet
  facet normal -0.230859911 0.0627444349 -0.97096181
    outer loop
      vertex 3.38676262 1.73733485 1.8871733
      vertex 3.38044596 1.70797265 1.88677776
      vertex 3.36164927 1.74208724 1.89345145
    endloop
  endfacet
  facet normal -0.230857856 0.0627439997 -0.970962327
    outer loop
      vertex 3.45578623 1.69371545 1.86794341
      vertex 3.38044596 1.70797265 1.88677776
      vertex 3.38676262 1.73733485 1.8871733
    endloop
  endfacet
  facet normal 0.361094376 -0.0871985974 0.928443459
    outer loop
      vertex 3.37371683 1.70980144 1.85847652
      vertex 3.393929 1.67549407 1.84739339
      vertex 3.38506889 1.70768619 1.85386276
    endloop
  endfacet
  facet normal 0.361089594 -0.0872039474 0.928444816
    outer loop
      vertex 3.35575151 1.74369013 1.8686465
      vertex 3.38506889 1.70768619 1.85386276
      vertex 3.37620878 1.73987818 1.86033225
    endloop
  endfacet
  facet normal 0.361094171 -0.0871996548 0.928443439
    outer loop
      vertex 3.38506889 1.70768619 1.85386276
      vertex 3.35575151 1.74369013 1.8686465
      vertex 3.37371683 1.70980144 1.85847652
    endloop
  endfacet
  facet normal 0.361080011 -0.0872085633 0.92844811
    outer loop
      vertex 3.393929 1.67549407 1.84739339
      vertex 3.37371683 1.70980144 1.85847652
      vertex 3.39168215 1.67591274 1.84830654
    endloop
  endfacet
  facet normal 0.190288306 0.981560034 0.0181730355
    outer loop
      vertex 3.40173578 1.6739552 1.84876287
      vertex 3.40272069 1.67368758 1.85290492
      vertex 3.41190791 1.67196882 1.84953976
    endloop
  endfacet
  facet normal 0.190290053 0.98155938 0.0181900706
    outer loop
      vertex 3.41190791 1.67196882 1.84953976
      vertex 3.41395736 1.67141175 1.85816002
      vertex 3.43249178 1.66793084 1.85210204
    endloop
  endfacet
  facet normal 0.190293449 0.981558832 0.0181841493
    outer loop
      vertex 3.43249178 1.66793084 1.85210204
      vertex 3.43691278 1.66672945 1.87068689
      vertex 3.47458291 1.65960085 1.86126971
    endloop
  endfacet
  facet normal 0.190288585 0.981559752 0.0181853657
    outer loop
      vertex 3.41395736 1.67141175 1.85816002
      vertex 3.43691278 1.66672945 1.87068689
      vertex 3.43249178 1.66793084 1.85210204
    endloop
  endfacet
  facet normal 0.190293907 0.981558783 0.0181820005
    outer loop
      vertex 3.46617484 1.66188598 1.82590628
      vertex 3.43249178 1.66793084 1.85210204
      vertex 3.47458291 1.65960085 1.86126971
    endloop
  endfacet
  facet normal 0.190295058 0.981558444 0.0181882291
    outer loop
      vertex 3.43028212 1.6685313 1.84280932
      vertex 3.46617484 1.66188598 1.82590628
      vertex 3.4300518 1.66869009 1.83664978
    endloop
  endfacet
  facet normal 0.19029908 0.981557667 0.0181880586
    outer loop
      vertex 3.41088319 1.67224741 1.84522963
      vertex 3.43028212 1.6685313 1.84280932
      vertex 3.4300518 1.66869009 1.83664978
    endloop
  endfacet
  facet normal 0.190289725 0.981559697 0.0181764121
    outer loop
      vertex 3.43249178 1.66793084 1.85210204
      vertex 3.46617484 1.66188598 1.82590628
      vertex 3.43028212 1.6685313 1.84280932
    endloop
  endfacet
  facet normal 0.190292139 0.981559188 0.018178642
    outer loop
      vertex 3.41395736 1.67141175 1.85816002
      vertex 3.39924264 1.67385805 1.88010406
      vertex 3.43691278 1.66672945 1.87068689
    endloop
  endfacet
  facet normal 0.190293931 0.981558646 0.0181891012
    outer loop
      vertex 3.41190791 1.67196882 1.84953976
      vertex 3.40272069 1.67368758 1.85290492
      vertex 3.41395736 1.67141175 1.85816002
    endloop
  endfacet
  facet normal 0.190297111 0.98155816 0.0181820907
    outer loop
      vertex 3.39924264 1.67385805 1.88010406
      vertex 3.41395736 1.67141175 1.85816002
      vertex 3.40272069 1.67368758 1.85290492
    endloop
  endfacet
  facet normal 0.190289967 0.981559562 0.0181811683
    outer loop
      vertex 3.39168215 1.67591274 1.84830654
      vertex 3.39924264 1.67385805 1.88010406
      vertex 3.40272069 1.67368758 1.85290492
    endloop
  endfacet
  facet normal 0.190289686 0.981558989 0.0182150101
    outer loop
      vertex 3.393929 1.67549407 1.84739339
      vertex 3.40173578 1.6739552 1.84876287
      vertex 3.41088319 1.67224741 1.84522963
    endloop
  endfacet
  facet normal 0.190292552 0.981558742 0.018198396
    outer loop
      vertex 3.40173578 1.6739552 1.84876287
      vertex 3.393929 1.67549407 1.84739339
      vertex 3.39168215 1.67591274 1.84830654
    endloop
  endfacet
  facet normal 0.190293814 0.981558992 0.0181716585
    outer loop
      vertex 3.39168215 1.67591274 1.84830654
      vertex 3.40272069 1.67368758 1.85290492
      vertex 3.40173578 1.6739552 1.84876287
    endloop
  endfacet
  facet normal 0.190281578 0.981561816 0.0181472352
    outer loop
      vertex 3.4300518 1.66869009 1.83664978
      vertex 3.393929 1.67549407 1.84739339
      vertex 3.41088319 1.67224741 1.84522963
    endloop
  endfacet
  facet normal 0.190300592 0.981557135 0.0182009939
    outer loop
      vertex 3.43028212 1.6685313 1.84280932
      vertex 3.41088319 1.67224741 1.84522963
      vertex 3.41190791 1.67196882 1.84953976
    endloop
  endfacet
  facet normal 0.190285868 0.981559921 0.0182046746
    outer loop
      vertex 3.40173578 1.6739552 1.84876287
      vertex 3.41190791 1.67196882 1.84953976
      vertex 3.41088319 1.67224741 1.84522963
    endloop
  endfacet
  facet normal 0.190291803 0.981559304 0.0181758925
    outer loop
      vertex 3.41190791 1.67196882 1.84953976
      vertex 3.43249178 1.66793084 1.85210204
      vertex 3.43028212 1.6685313 1.84280932
    endloop
  endfacet
  facet normal -0.190291347 -0.981559254 -0.0181833421
    outer loop
      vertex 3.36164927 1.74208724 1.89345145
      vertex 3.35575151 1.74369013 1.8686465
      vertex 3.37620878 1.73987818 1.86033225
    endloop
  endfacet
  facet normal -0.190291627 -0.981559157 -0.0181856658
    outer loop
      vertex 3.37620878 1.73987818 1.86033225
      vertex 3.40300608 1.73483074 1.85236228
      vertex 3.38676262 1.73733485 1.8871733
    endloop
  endfacet
  facet normal -0.19029217 -0.981559091 -0.0181835395
    outer loop
      vertex 3.43339634 1.72880661 1.8595047
      vertex 3.43698955 1.72783005 1.87461698
      vertex 3.41187596 1.73258245 1.88089514
    endloop
  endfacet
  facet normal -0.190296486 -0.981558274 -0.0181824606
    outer loop
      vertex 3.42980313 1.72978318 1.84439242
      vertex 3.43339634 1.72880661 1.8595047
      vertex 3.40300608 1.73483074 1.85236228
    endloop
  endfacet
  facet normal -0.190295451 -0.981558391 -0.0181869638
    outer loop
      vertex 3.41187596 1.73258245 1.88089514
      vertex 3.40300608 1.73483074 1.85236228
      vertex 3.43339634 1.72880661 1.8595047
    endloop
  endfacet
  facet normal -0.190294779 -0.981558518 -0.0181871826
    outer loop
      vertex 3.38676262 1.73733485 1.8871733
      vertex 3.40300608 1.73483074 1.85236228
      vertex 3.41187596 1.73258245 1.88089514
    endloop
  endfacet
  facet normal -0.19029417 -0.981558683 -0.018184621
    outer loop
      vertex 3.36164927 1.74208724 1.89345145
      vertex 3.37620878 1.73987818 1.86033225
      vertex 3.38676262 1.73733485 1.8871733
    endloop
  endfacet
endsolid e15
