solid b10
  facet normal 0.315822211 -0.863852396 0.392447918
    outer loop
      vertex 1.45593309 -1.13803935 2.18816638
      vertex 1.43796408 -1.12891209 2.22271776
      vertex 1.40578902 -1.16498542 2.16920638
    endloop
  endfacet
  facet normal 0.315822839 -0.863852715 0.392446711
    outer loop
      vertex 1.47390223 -1.14716661 2.15361476
      vertex 1.45593309 -1.13803935 2.18816638
      vertex 1.42375815 -1.17411268 2.13465476
    endloop
  endfacet
  facet normal 0.315822211 -0.863852396 0.392447918
    outer loop
      vertex 1.43796408 -1.12891209 2.22271776
      vertex 1.38782001 -1.15585816 2.20375776
      vertex 1.40578902 -1.16498542 2.16920638
    endloop
  endfacet
  facet normal 0.315822839 -0.863852715 0.392446711
    outer loop
      vertex 1.45593309 -1.13803935 2.18816638
      vertex 1.40578902 -1.16498542 2.16920638
      vertex 1.42375815 -1.17411268 2.13465476
    endloop
  endfacet
  facet normal -0.835736916 -0.449099049 -0.315996599
    outer loop
      vertex 1.33245683 -0.97774446 2.09704256
      vertex 1.36612809 -1.06984377 2.13888288
      vertex 1.36013842 -1.06680131 2.15040016
    endloop
  endfacet
  facet normal -0.835735791 -0.449100118 -0.315998056
    outer loop
      vertex 1.34443617 -0.98382926 2.07400799
      vertex 1.37810743 -1.07592857 2.11584854
      vertex 1.3384465 -0.98078686 2.08552527
    endloop
  endfacet
  facet normal -0.835735712 -0.449100335 -0.315997957
    outer loop
      vertex 1.3384465 -0.98078686 2.08552527
      vertex 1.37211776 -1.07288611 2.12736583
      vertex 1.33245683 -0.97774446 2.09704256
    endloop
  endfacet
  facet normal -0.835728915 -0.449103787 -0.316011027
    outer loop
      vertex 1.35042596 -0.98687166 2.06249094
      vertex 1.38409722 -1.07897091 2.10433149
      vertex 1.37810743 -1.07592857 2.11584854
    endloop
  endfacet
  facet normal -0.835737511 -0.449099244 -0.315994748
    outer loop
      vertex 1.29579079 -0.884123921 2.06096053
      vertex 1.29878557 -0.885645151 2.05520201
      vertex 1.33245683 -0.97774446 2.09704256
    endloop
  endfacet
  facet normal -0.835728915 -0.449103787 -0.316011027
    outer loop
      vertex 1.32646716 -0.974702001 2.10855961
      vertex 1.2927959 -0.882602751 2.06671906
      vertex 1.29579079 -0.884123921 2.06096053
    endloop
  endfacet
  facet normal -0.835734302 -0.449100546 -0.316001386
    outer loop
      vertex 1.33245683 -0.97774446 2.09704256
      vertex 1.32646716 -0.974702001 2.10855961
      vertex 1.29579079 -0.884123921 2.06096053
    endloop
  endfacet
  facet normal -0.835735935 -0.449099724 -0.315998235
    outer loop
      vertex 1.31076491 -0.891730011 2.03216767
      vertex 1.34443617 -0.98382926 2.07400799
      vertex 1.3384465 -0.98078686 2.08552527
    endloop
  endfacet
  facet normal -0.835735708 -0.44910016 -0.315998217
    outer loop
      vertex 1.30178046 -0.887166381 2.04944324
      vertex 1.30477524 -0.888687551 2.04368472
      vertex 1.3384465 -0.98078686 2.08552527
    endloop
  endfacet
  facet normal -0.835735875 -0.449100075 -0.315997895
    outer loop
      vertex 1.33245683 -0.97774446 2.09704256
      vertex 1.29878557 -0.885645151 2.05520201
      vertex 1.30178046 -0.887166381 2.04944324
    endloop
  endfacet
  facet normal -0.835735788 -0.449100128 -0.315998051
    outer loop
      vertex 1.3384465 -0.98078686 2.08552527
      vertex 1.33245683 -0.97774446 2.09704256
      vertex 1.30178046 -0.887166381 2.04944324
    endloop
  endfacet
  facet normal -0.835736614 -0.449099877 -0.315996223
    outer loop
      vertex 1.19777179 -0.609347343 1.92968035
      vertex 1.23144305 -0.701446593 1.9715209
      vertex 1.19178212 -0.606304884 1.94119763
    endloop
  endfacet
  facet normal -0.835735424 -0.449100304 -0.315998762
    outer loop
      vertex 1.20975113 -0.615432143 1.90664601
      vertex 1.24342239 -0.707531452 1.94848657
      vertex 1.23743272 -0.704488993 1.96000373
    endloop
  endfacet
  facet normal -0.835734443 -0.449100979 -0.316000398
    outer loop
      vertex 1.20376146 -0.612389743 1.91816318
      vertex 1.23743272 -0.704488993 1.96000373
      vertex 1.19777179 -0.609347343 1.92968035
    endloop
  endfacet
  facet normal -0.835734554 -0.449100674 -0.316000536
    outer loop
      vertex 1.17607987 -0.523332894 1.86480558
      vertex 1.20975113 -0.615432143 1.90664601
      vertex 1.20376146 -0.612389743 1.91816318
    endloop
  endfacet
  facet normal -0.835734634 -0.449100457 -0.316000635
    outer loop
      vertex 1.1700902 -0.520290434 1.87632275
      vertex 1.20376146 -0.612389743 1.91816318
      vertex 1.16410053 -0.517248034 1.88783991
    endloop
  endfacet
  facet normal -0.835734554 -0.449100674 -0.316000536
    outer loop
      vertex 1.18206954 -0.526375294 1.85328841
      vertex 1.2157408 -0.618474543 1.89512885
      vertex 1.17607987 -0.523332894 1.86480558
    endloop
  endfacet
  facet normal -0.835734708 -0.449100756 -0.316000014
    outer loop
      vertex 1.02941549 -0.148850933 1.72047782
      vertex 1.06308675 -0.240950212 1.76231837
      vertex 1.02342582 -0.145808518 1.73199499
    endloop
  endfacet
  facet normal -0.835734708 -0.449100756 -0.316000014
    outer loop
      vertex 1.04139483 -0.154935762 1.69744349
      vertex 1.07506609 -0.247035041 1.73928404
      vertex 1.03540516 -0.151893348 1.70896065
    endloop
  endfacet
  facet normal -0.835734708 -0.449100756 -0.316000014
    outer loop
      vertex 1.03540516 -0.151893348 1.70896065
      vertex 1.06907642 -0.243992627 1.75080121
      vertex 1.02941549 -0.148850933 1.72047782
    endloop
  endfacet
  facet normal -0.835734708 -0.449100756 -0.316000014
    outer loop
      vertex 1.0473845 -0.157978177 1.68592632
      vertex 1.08105576 -0.250077456 1.72776687
      vertex 1.04139483 -0.154935762 1.69744349
    endloop
  endfacet
  facet normal -0.835736916 -0.449099049 -0.315996599
    outer loop
      vertex 1.36612809 -1.06984377 2.13888288
      vertex 1.38782001 -1.15585816 2.20375776
      vertex 1.36013842 -1.06680131 2.15040016
    endloop
  endfacet
  facet normal -0.835736678 -0.449099213 -0.315996996
    outer loop
      vertex 1.35051036 -1.05380678 2.15739608
      vertex 1.36013842 -1.06680131 2.15040016
      vertex 1.38782001 -1.15585816 2.20375776
    endloop
  endfacet
  facet normal -0.835736725 -0.449099644 -0.315996261
    outer loop
      vertex 1.32646716 -0.974702001 2.10855961
      vertex 1.36013842 -1.06680131 2.15040016
      vertex 1.35051036 -1.05380678 2.15739608
    endloop
  endfacet
  facet normal -0.835728201 -0.44910574 -0.316010139
    outer loop
      vertex 1.28475773 -0.855218828 2.04905963
      vertex 1.29579079 -0.884123921 2.06096053
      vertex 1.2927959 -0.882602751 2.06671906
    endloop
  endfacet
  facet normal -0.835736054 -0.449100161 -0.3159973
    outer loop
      vertex 1.2927959 -0.882602751 2.06671906
      vertex 1.32646716 -0.974702001 2.10855961
      vertex 1.31320059 -0.951755404 2.11103439
    endloop
  endfacet
  facet normal -0.83573422 -0.449101317 -0.316000508
    outer loop
      vertex 1.40578902 -1.16498542 2.16920638
      vertex 1.38782001 -1.15585816 2.20375776
      vertex 1.36612809 -1.06984377 2.13888288
    endloop
  endfacet
  facet normal -0.835736025 -0.449099976 -0.315997639
    outer loop
      vertex 1.2927959 -0.882602751 2.06671906
      vertex 1.27589083 -0.849704027 2.06467271
      vertex 1.28475773 -0.855218828 2.04905963
    endloop
  endfacet
  facet normal -0.83573614 -0.449099771 -0.315997627
    outer loop
      vertex 1.25344014 -0.788295865 2.03677511
      vertex 1.20849431 -0.665357649 1.98092449
      vertex 1.22545338 -0.698404193 1.98303807
    endloop
  endfacet
  facet normal -0.835734464 -0.449100921 -0.316000424
    outer loop
      vertex 1.25344014 -0.788295865 2.03677511
      vertex 1.22545338 -0.698404193 1.98303807
      vertex 1.23144305 -0.701446593 1.9715209
    endloop
  endfacet
  facet normal -0.835735786 -0.449100319 -0.315997784
    outer loop
      vertex 1.29878557 -0.885645151 2.05520201
      vertex 1.29362464 -0.860733628 2.03344679
      vertex 1.30178046 -0.887166381 2.04944324
    endloop
  endfacet
  facet normal -0.835733785 -0.449102196 -0.316000408
    outer loop
      vertex 1.29362464 -0.860733628 2.03344679
      vertex 1.29878557 -0.885645151 2.05520201
      vertex 1.28475773 -0.855218828 2.04905963
    endloop
  endfacet
  facet normal -0.835734016 -0.449101297 -0.316001075
    outer loop
      vertex 1.2737416 -0.800922394 2.0010283
      vertex 1.25344014 -0.788295865 2.03677511
      vertex 1.23144305 -0.701446593 1.9715209
    endloop
  endfacet
  facet normal -0.835736488 -0.449102043 -0.315993477
    outer loop
      vertex 1.29878557 -0.885645151 2.05520201
      vertex 1.29579079 -0.884123921 2.06096053
      vertex 1.28475773 -0.855218828 2.04905963
    endloop
  endfacet
  facet normal -0.835736693 -0.44909966 -0.315996322
    outer loop
      vertex 1.37810743 -1.07592857 2.11584854
      vertex 1.40578902 -1.16498542 2.16920638
      vertex 1.37211776 -1.07288611 2.12736583
    endloop
  endfacet
  facet normal -0.835732351 -0.449101865 -0.316004671
    outer loop
      vertex 1.37211776 -1.07288611 2.12736583
      vertex 1.40578902 -1.16498542 2.16920638
      vertex 1.36612809 -1.06984377 2.13888288
    endloop
  endfacet
  facet normal -0.835728317 -0.449105422 -0.316010284
    outer loop
      vertex 1.38409722 -1.07897091 2.10433149
      vertex 1.40578902 -1.16498542 2.16920638
      vertex 1.37810743 -1.07592857 2.11584854
    endloop
  endfacet
  facet normal -0.835738043 -0.449099264 -0.315993313
    outer loop
      vertex 1.37464058 -1.03976417 2.07362056
      vertex 1.42375815 -1.17411268 2.13465476
      vertex 1.38409722 -1.07897091 2.10433149
    endloop
  endfacet
  facet normal -0.835734353 -0.449100346 -0.316001537
    outer loop
      vertex 1.40578902 -1.16498542 2.16920638
      vertex 1.38409722 -1.07897091 2.10433149
      vertex 1.42375815 -1.17411268 2.13465476
    endloop
  endfacet
  facet normal -0.835737579 -0.449099049 -0.315994847
    outer loop
      vertex 1.32552314 -0.905415654 2.01258636
      vertex 1.37464058 -1.03976417 2.07362056
      vertex 1.35042596 -0.98687166 2.06249094
    endloop
  endfacet
  facet normal -0.83573836 -0.44909899 -0.315992866
    outer loop
      vertex 1.38409722 -1.07897091 2.10433149
      vertex 1.35042596 -0.98687166 2.06249094
      vertex 1.37464058 -1.03976417 2.07362056
    endloop
  endfacet
  facet normal -0.83573004 -0.449102719 -0.31600957
    outer loop
      vertex 1.35042596 -0.98687166 2.06249094
      vertex 1.34443617 -0.98382926 2.07400799
      vertex 1.31076491 -0.891730011 2.03216767
    endloop
  endfacet
  facet normal -0.83573048 -0.449102366 -0.316008907
    outer loop
      vertex 1.28368318 -0.830828011 2.01723742
      vertex 1.30477524 -0.888687551 2.04368472
      vertex 1.29362464 -0.860733628 2.03344679
    endloop
  endfacet
  facet normal -0.835734358 -0.44910121 -0.316000293
    outer loop
      vertex 1.23144305 -0.701446593 1.9715209
      vertex 1.23743272 -0.704488993 1.96000373
      vertex 1.2737416 -0.800922394 2.0010283
    endloop
  endfacet
  facet normal -0.835734364 -0.449100378 -0.316001462
    outer loop
      vertex 1.31076491 -0.891730011 2.03216767
      vertex 1.30477524 -0.888687551 2.04368472
      vertex 1.28368318 -0.830828011 2.01723742
    endloop
  endfacet
  facet normal -0.835734141 -0.449100966 -0.316001215
    outer loop
      vertex 1.27640569 -0.771067142 1.95155203
      vertex 1.32552314 -0.905415654 2.01258636
      vertex 1.31076491 -0.891730011 2.03216767
    endloop
  endfacet
  facet normal -0.835734016 -0.449101553 -0.316000711
    outer loop
      vertex 1.31076491 -0.891730011 2.03216767
      vertex 1.32552314 -0.905415654 2.01258636
      vertex 1.35042596 -0.98687166 2.06249094
    endloop
  endfacet
  facet normal -0.835735244 -0.449100797 -0.315998538
    outer loop
      vertex 1.23743272 -0.704488993 1.96000373
      vertex 1.24342239 -0.707531452 1.94848657
      vertex 1.2737416 -0.800922394 2.0010283
    endloop
  endfacet
  facet normal -0.835733864 -0.449101215 -0.316001594
    outer loop
      vertex 1.2157408 -0.618474543 1.89512885
      vertex 1.27640569 -0.771067142 1.95155203
      vertex 1.24342239 -0.707531452 1.94848657
    endloop
  endfacet
  facet normal -0.835737505 -0.449099336 -0.315994636
    outer loop
      vertex 1.2737416 -0.800922394 2.0010283
      vertex 1.24342239 -0.707531452 1.94848657
      vertex 1.31076491 -0.891730011 2.03216767
    endloop
  endfacet
  facet normal -0.83573443 -0.449100368 -0.316001301
    outer loop
      vertex 1.2737416 -0.800922394 2.0010283
      vertex 1.31076491 -0.891730011 2.03216767
      vertex 1.28368318 -0.830828011 2.01723742
    endloop
  endfacet
  facet normal -0.835735603 -0.449100446 -0.315998087
    outer loop
      vertex 1.30178046 -0.887166381 2.04944324
      vertex 1.29362464 -0.860733628 2.03344679
      vertex 1.30477524 -0.888687551 2.04368472
    endloop
  endfacet
  facet normal -0.835736045 -0.449099741 -0.315997922
    outer loop
      vertex 1.22545338 -0.698404193 1.98303807
      vertex 1.20849431 -0.665357649 1.98092449
      vertex 1.19178212 -0.606304884 1.94119763
    endloop
  endfacet
  facet normal -0.835736805 -0.449099355 -0.31599646
    outer loop
      vertex 1.19178212 -0.606304884 1.94119763
      vertex 1.16410053 -0.517248034 1.88783991
      vertex 1.19777179 -0.609347343 1.92968035
    endloop
  endfacet
  facet normal -0.835733166 -0.449101858 -0.316002527
    outer loop
      vertex 1.16410053 -0.517248034 1.88783991
      vertex 1.19178212 -0.606304884 1.94119763
      vertex 1.16354835 -0.542419493 1.92507386
    endloop
  endfacet
  facet normal -0.835733307 -0.449101835 -0.316002186
    outer loop
      vertex 1.16354835 -0.542419493 1.92507386
      vertex 1.19178212 -0.606304884 1.94119763
      vertex 1.20849431 -0.665357649 1.98092449
    endloop
  endfacet
  facet normal -0.835733995 -0.449100807 -0.316001828
    outer loop
      vertex 1.16354835 -0.542419493 1.92507386
      vertex 1.11860251 -0.419481337 1.86922336
      vertex 1.16410053 -0.517248034 1.88783991
    endloop
  endfacet
  facet normal -0.835734601 -0.449100547 -0.316000594
    outer loop
      vertex 1.15747857 -0.489373893 1.86573839
      vertex 1.1700902 -0.520290434 1.87632275
      vertex 1.16410053 -0.517248034 1.88783991
    endloop
  endfacet
  facet normal -0.83573236 -0.449102506 -0.316003737
    outer loop
      vertex 1.16410053 -0.517248034 1.88783991
      vertex 1.14814329 -0.461128682 1.85028541
      vertex 1.15747857 -0.489373893 1.86573839
    endloop
  endfacet
  facet normal -0.835734826 -0.449100629 -0.315999884
    outer loop
      vertex 1.06308675 -0.240950212 1.76231837
      vertex 1.14814329 -0.461128682 1.85028541
      vertex 1.16410053 -0.517248034 1.88783991
    endloop
  endfacet
  facet normal -0.835735438 -0.449100266 -0.315998779
    outer loop
      vertex 1.17607987 -0.523332894 1.86480558
      vertex 1.1700902 -0.520290434 1.87632275
      vertex 1.15747857 -0.489373893 1.86573839
    endloop
  endfacet
  facet normal -0.835734467 -0.449100792 -0.316000599
    outer loop
      vertex 1.05709708 -0.237907797 1.77383554
      vertex 1.16410053 -0.517248034 1.88783991
      vertex 1.11860251 -0.419481337 1.86922336
    endloop
  endfacet
  facet normal -0.835734738 -0.449100673 -0.316000052
    outer loop
      vertex 1.16410053 -0.517248034 1.88783991
      vertex 1.05709708 -0.237907797 1.77383554
      vertex 1.06308675 -0.240950212 1.76231837
    endloop
  endfacet
  facet normal -0.835734705 -0.449101125 -0.315999499
    outer loop
      vertex 1.02871072 -0.173604995 1.75752223
      vertex 1.05709708 -0.237907797 1.77383554
      vertex 1.07365668 -0.296543151 1.81337285
    endloop
  endfacet
  facet normal -0.835733624 -0.449101307 -0.316002097
    outer loop
      vertex 1.02342582 -0.145808518 1.73199499
      vertex 1.05709708 -0.237907797 1.77383554
      vertex 1.02871072 -0.173604995 1.75752223
    endloop
  endfacet
  facet normal -0.835734405 -0.449100549 -0.31600111
    outer loop
      vertex 0.983764887 -0.0506668165 1.70167172
      vertex 1.02342582 -0.145808518 1.73199499
      vertex 1.02871072 -0.173604995 1.75752223
    endloop
  endfacet
  facet normal -0.835736465 -0.449099928 -0.315996545
    outer loop
      vertex 1.14814329 -0.461128682 1.85028541
      vertex 1.06308675 -0.240950212 1.76231837
      vertex 1.13880801 -0.432883471 1.83483243
    endloop
  endfacet
  facet normal -0.835734829 -0.449100424 -0.316000164
    outer loop
      vertex 1.02342582 -0.145808518 1.73199499
      vertex 0.983764887 -0.0506668165 1.70167172
      vertex 1.02941549 -0.148850933 1.72047782
    endloop
  endfacet
  facet normal -0.835734488 -0.449100435 -0.316001052
    outer loop
      vertex 1.00198388 -0.0604776777 1.66743076
      vertex 1.02941549 -0.148850933 1.72047782
      vertex 0.983764887 -0.0506668165 1.70167172
    endloop
  endfacet
  facet normal -0.835734939 -0.449100125 -0.316000301
    outer loop
      vertex 1.00198388 -0.0604776777 1.66743076
      vertex 1.03540516 -0.151893348 1.70896065
      vertex 1.02941549 -0.148850933 1.72047782
    endloop
  endfacet
  facet normal -0.835737586 -0.449098916 -0.315995017
    outer loop
      vertex 1.05709708 -0.237907797 1.77383554
      vertex 1.11860251 -0.419481337 1.86922336
      vertex 1.07365668 -0.296543151 1.81337285
    endloop
  endfacet
  facet normal -0.835734767 -0.449100596 -0.316000086
    outer loop
      vertex 1.06308675 -0.240950212 1.76231837
      vertex 1.06907642 -0.243992627 1.75080121
      vertex 1.13880801 -0.432883471 1.83483243
    endloop
  endfacet
  facet normal -0.835731674 -0.449102048 -0.316006201
    outer loop
      vertex 1.27640569 -0.771067142 1.95155203
      vertex 1.2157408 -0.618474543 1.89512885
      vertex 1.22728825 -0.636718631 1.89051783
    endloop
  endfacet
  facet normal -0.835735281 -0.449100165 -0.315999337
    outer loop
      vertex 1.17607987 -0.523332894 1.86480558
      vertex 1.15747857 -0.489373893 1.86573839
      vertex 1.17817068 -0.502370119 1.82948351
    endloop
  endfacet
  facet normal -0.835734637 -0.449101165 -0.315999622
    outer loop
      vertex 1.17817068 -0.502370119 1.82948351
      vertex 1.22728825 -0.636718631 1.89051783
      vertex 1.18206954 -0.526375294 1.85328841
    endloop
  endfacet
  facet normal -0.835734219 -0.449101591 -0.31600012
    outer loop
      vertex 1.17817068 -0.502370119 1.82948351
      vertex 1.18206954 -0.526375294 1.85328841
      vertex 1.17607987 -0.523332894 1.86480558
    endloop
  endfacet
  facet normal -0.835734093 -0.449101218 -0.316000983
    outer loop
      vertex 1.15692711 -0.444263577 1.80308592
      vertex 1.13880801 -0.432883471 1.83483243
      vertex 1.12274599 -0.350769818 1.76061189
    endloop
  endfacet
  facet normal -0.835734522 -0.449100763 -0.316000496
    outer loop
      vertex 1.2157408 -0.618474543 1.89512885
      vertex 1.24342239 -0.707531452 1.94848657
      vertex 1.20975113 -0.615432143 1.90664601
    endloop
  endfacet
  facet normal -0.835734681 -0.449100653 -0.316000231
    outer loop
      vertex 1.13880801 -0.432883471 1.83483243
      vertex 1.08105576 -0.250077456 1.72776687
      vertex 1.12274599 -0.350769818 1.76061189
    endloop
  endfacet
  facet normal -0.835734939 -0.449100125 -0.316000301
    outer loop
      vertex 1.04139483 -0.154935762 1.69744349
      vertex 1.03540516 -0.151893348 1.70896065
      vertex 1.00198388 -0.0604776777 1.66743076
    endloop
  endfacet
  facet normal -0.835734767 -0.449100596 -0.316000086
    outer loop
      vertex 1.07506609 -0.247035041 1.73928404
      vertex 1.13880801 -0.432883471 1.83483243
      vertex 1.06907642 -0.243992627 1.75080121
    endloop
  endfacet
  facet normal -0.835732788 -0.449101234 -0.316004413
    outer loop
      vertex 1.08856499 -0.257276058 1.71813786
      vertex 1.12274599 -0.350769818 1.76061189
      vertex 1.08105576 -0.250077456 1.72776687
    endloop
  endfacet
  facet normal -0.83573341 -0.449101565 -0.316002296
    outer loop
      vertex 1.02020276 -0.0702885389 1.6331898
      vertex 1.05438387 -0.163782299 1.67566383
      vertex 1.0473845 -0.157978177 1.68592632
    endloop
  endfacet
  facet normal -0.835732647 -0.449101953 -0.316003764
    outer loop
      vertex 1.05438387 -0.163782299 1.67566383
      vertex 1.08856499 -0.257276058 1.71813786
      vertex 1.08105576 -0.250077456 1.72776687
    endloop
  endfacet
  facet normal -0.835734939 -0.449100125 -0.316000301
    outer loop
      vertex 1.00198388 -0.0604776777 1.66743076
      vertex 1.0473845 -0.157978177 1.68592632
      vertex 1.04139483 -0.154935762 1.69744349
    endloop
  endfacet
  facet normal -0.835735521 -0.449100108 -0.315998785
    outer loop
      vertex 1.00198388 -0.0604776777 1.66743076
      vertex 1.02020276 -0.0702885389 1.6331898
      vertex 1.0473845 -0.157978177 1.68592632
    endloop
  endfacet
  facet normal -0.835734767 -0.449100596 -0.316000086
    outer loop
      vertex 1.07506609 -0.247035041 1.73928404
      vertex 1.08105576 -0.250077456 1.72776687
      vertex 1.13880801 -0.432883471 1.83483243
    endloop
  endfacet
  facet normal -0.835734155 -0.449100949 -0.316001203
    outer loop
      vertex 1.33245683 -0.97774446 2.09704256
      vertex 1.36013842 -1.06680131 2.15040016
      vertex 1.32646716 -0.974702001 2.10855961
    endloop
  endfacet
  facet normal -0.835736614 -0.449099877 -0.315996223
    outer loop
      vertex 1.37810743 -1.07592857 2.11584854
      vertex 1.37211776 -1.07288611 2.12736583
      vertex 1.3384465 -0.98078686 2.08552527
    endloop
  endfacet
  facet normal -0.835732574 -0.449101255 -0.316004948
    outer loop
      vertex 1.37211776 -1.07288611 2.12736583
      vertex 1.36612809 -1.06984377 2.13888288
      vertex 1.33245683 -0.97774446 2.09704256
    endloop
  endfacet
  facet normal -0.835729896 -0.449103112 -0.316009391
    outer loop
      vertex 1.35042596 -0.98687166 2.06249094
      vertex 1.37810743 -1.07592857 2.11584854
      vertex 1.34443617 -0.98382926 2.07400799
    endloop
  endfacet
  facet normal -0.835734155 -0.449100949 -0.316001203
    outer loop
      vertex 1.31076491 -0.891730011 2.03216767
      vertex 1.3384465 -0.98078686 2.08552527
      vertex 1.30477524 -0.888687551 2.04368472
    endloop
  endfacet
  facet normal -0.835734634 -0.449100457 -0.316000635
    outer loop
      vertex 1.23144305 -0.701446593 1.9715209
      vertex 1.22545338 -0.698404193 1.98303807
      vertex 1.19178212 -0.606304884 1.94119763
    endloop
  endfacet
  facet normal -0.835734443 -0.449100979 -0.316000398
    outer loop
      vertex 1.20975113 -0.615432143 1.90664601
      vertex 1.23743272 -0.704488993 1.96000373
      vertex 1.20376146 -0.612389743 1.91816318
    endloop
  endfacet
  facet normal -0.835734443 -0.449100979 -0.316000398
    outer loop
      vertex 1.23743272 -0.704488993 1.96000373
      vertex 1.23144305 -0.701446593 1.9715209
      vertex 1.19777179 -0.609347343 1.92968035
    endloop
  endfacet
  facet normal -0.835735536 -0.449099999 -0.315998901
    outer loop
      vertex 1.17607987 -0.523332894 1.86480558
      vertex 1.20376146 -0.612389743 1.91816318
      vertex 1.1700902 -0.520290434 1.87632275
    endloop
  endfacet
  facet normal -0.835734634 -0.449100457 -0.316000635
    outer loop
      vertex 1.20376146 -0.612389743 1.91816318
      vertex 1.19777179 -0.609347343 1.92968035
      vertex 1.16410053 -0.517248034 1.88783991
    endloop
  endfacet
  facet normal -0.835734554 -0.449100674 -0.316000536
    outer loop
      vertex 1.2157408 -0.618474543 1.89512885
      vertex 1.20975113 -0.615432143 1.90664601
      vertex 1.17607987 -0.523332894 1.86480558
    endloop
  endfacet
  facet normal -0.835734708 -0.449100756 -0.316000014
    outer loop
      vertex 1.06308675 -0.240950212 1.76231837
      vertex 1.05709708 -0.237907797 1.77383554
      vertex 1.02342582 -0.145808518 1.73199499
    endloop
  endfacet
  facet normal -0.835734708 -0.449100756 -0.316000014
    outer loop
      vertex 1.07506609 -0.247035041 1.73928404
      vertex 1.06907642 -0.243992627 1.75080121
      vertex 1.03540516 -0.151893348 1.70896065
    endloop
  endfacet
  facet normal -0.835734708 -0.449100756 -0.316000014
    outer loop
      vertex 1.06907642 -0.243992627 1.75080121
      vertex 1.06308675 -0.240950212 1.76231837
      vertex 1.02941549 -0.148850933 1.72047782
    endloop
  endfacet
  facet normal -0.835734708 -0.449100756 -0.316000014
    outer loop
      vertex 1.08105576 -0.250077456 1.72776687
      vertex 1.07506609 -0.247035041 1.73928404
      vertex 1.04139483 -0.154935762 1.69744349
    endloop
  endfacet
  facet normal -0.835736029 -0.449100136 -0.315997401
    outer loop
      vertex 1.32646716 -0.974702001 2.10855961
      vertex 1.35051036 -1.05380678 2.15739608
      vertex 1.31320059 -0.951755404 2.11103439
    endloop
  endfacet
  facet normal -0.835736221 -0.449100038 -0.315997032
    outer loop
      vertex 1.2927959 -0.882602751 2.06671906
      vertex 1.31320059 -0.951755404 2.11103439
      vertex 1.27589083 -0.849704027 2.06467271
    endloop
  endfacet
  facet normal -0.835733829 -0.449101203 -0.316001703
    outer loop
      vertex 1.27640569 -0.771067142 1.95155203
      vertex 1.31076491 -0.891730011 2.03216767
      vertex 1.24342239 -0.707531452 1.94848657
    endloop
  endfacet
  facet normal -0.835731709 -0.449102119 -0.316006007
    outer loop
      vertex 1.22728825 -0.636718631 1.89051783
      vertex 1.2157408 -0.618474543 1.89512885
      vertex 1.18206954 -0.526375294 1.85328841
    endloop
  endfacet
  facet normal -0.835733455 -0.449101393 -0.316002423
    outer loop
      vertex 1.05438387 -0.163782299 1.67566383
      vertex 1.08105576 -0.250077456 1.72776687
      vertex 1.0473845 -0.157978177 1.68592632
    endloop
  endfacet
  facet normal 0.835733092 0.449101365 0.316003423
    outer loop
      vertex 1.28356981 -0.676588297 1.9882046
      vertex 1.27907753 -0.674306452 1.99684238
      vertex 1.31265175 -0.766140342 2.0385623
    endloop
  endfacet
  facet normal 0.835738169 0.449098537 0.315994015
    outer loop
      vertex 1.3216362 -0.770703971 2.02128649
      vertex 1.28806198 -0.678870082 1.97956669
      vertex 1.28356981 -0.676588297 1.9882046
    endloop
  endfacet
  facet normal 0.835736641 0.449099072 0.315997296
    outer loop
      vertex 1.31265175 -0.766140342 2.0385623
      vertex 1.3216362 -0.770703971 2.02128649
      vertex 1.28356981 -0.676588297 1.9882046
    endloop
  endfacet
  facet normal 0.835733798 0.449100524 0.316002751
    outer loop
      vertex 1.28806198 -0.678870082 1.97956669
      vertex 1.27127492 -0.632953167 1.95870674
      vertex 1.26678264 -0.630671382 1.96734464
    endloop
  endfacet
  facet normal 0.835732716 0.449102392 0.316002957
    outer loop
      vertex 1.28356981 -0.676588297 1.9882046
      vertex 1.26678264 -0.630671382 1.96734464
      vertex 1.27907753 -0.674306452 1.99684238
    endloop
  endfacet
  facet normal 0.835733206 0.449102143 0.316002015
    outer loop
      vertex 1.27907753 -0.674306452 1.99684238
      vertex 1.26229036 -0.628389537 1.97598243
      vertex 1.25779808 -0.626107752 1.98462033
    endloop
  endfacet
  facet normal 0.835732492 0.449103004 0.316002679
    outer loop
      vertex 1.30153883 -0.685715556 1.9536531
      vertex 1.28475165 -0.639798641 1.93279302
      vertex 1.29704654 -0.683433712 1.96229088
    endloop
  endfacet
  facet normal 0.835737681 0.44909987 0.315993409
    outer loop
      vertex 1.29704654 -0.683433712 1.96229088
      vertex 1.28025937 -0.637516797 1.94143093
      vertex 1.27576721 -0.635235012 1.95006883
    endloop
  endfacet
  facet normal 0.835735 0.449099913 0.316000438
    outer loop
      vertex 1.29255426 -0.681151927 1.97092879
      vertex 1.27576721 -0.635235012 1.95006883
      vertex 1.28806198 -0.678870082 1.97956669
    endloop
  endfacet
  facet normal 0.835734896 0.449100199 0.316000308
    outer loop
      vertex 1.29255426 -0.681151927 1.97092879
      vertex 1.28806198 -0.678870082 1.97956669
      vertex 1.3216362 -0.770703971 2.02128649
    endloop
  endfacet
  facet normal 0.83573347 0.449101422 0.316002343
    outer loop
      vertex 1.33062077 -0.775267601 2.00401092
      vertex 1.29704654 -0.683433712 1.96229088
      vertex 1.29255426 -0.681151927 1.97092879
    endloop
  endfacet
  facet normal 0.835732451 0.449101779 0.31600453
    outer loop
      vertex 1.3216362 -0.770703971 2.02128649
      vertex 1.33062077 -0.775267601 2.00401092
      vertex 1.29255426 -0.681151927 1.97092879
    endloop
  endfacet
  facet normal 0.835734889 0.44909997 0.316000653
    outer loop
      vertex 1.38878465 -0.954371631 2.10472655
      vertex 1.37199759 -0.908454716 2.0838666
      vertex 1.38429248 -0.952089846 2.11336422
    endloop
  endfacet
  facet normal 0.835733206 0.449102143 0.316002015
    outer loop
      vertex 1.38429248 -0.952089846 2.11336422
      vertex 1.36750531 -0.906172931 2.09250426
      vertex 1.3798002 -0.949808061 2.12200212
    endloop
  endfacet
  facet normal 0.83573784 0.449099435 0.315993607
    outer loop
      vertex 1.3798002 -0.949808061 2.12200212
      vertex 1.36301303 -0.903891087 2.10114217
      vertex 1.35852087 -0.901609302 2.10978007
    endloop
  endfacet
  facet normal 0.835734399 0.449100219 0.316001595
    outer loop
      vertex 1.37199759 -0.908454716 2.0838666
      vertex 1.38878465 -0.954371631 2.10472655
      vertex 1.39776921 -0.958935261 2.08745074
    endloop
  endfacet
  facet normal 0.835733807 0.449101838 0.316000859
    outer loop
      vertex 1.36419499 -0.867101431 2.04573083
      vertex 1.35521042 -0.862537801 2.06300664
      vertex 1.37199759 -0.908454716 2.0838666
    endloop
  endfacet
  facet normal 0.835735222 0.44910046 0.315999075
    outer loop
      vertex 1.39776921 -0.958935261 2.08745074
      vertex 1.36419499 -0.867101431 2.04573083
      vertex 1.37199759 -0.908454716 2.0838666
    endloop
  endfacet
  facet normal 0.835733422 0.449101551 0.316002284
    outer loop
      vertex 1.38429248 -0.952089846 2.11336422
      vertex 1.3798002 -0.949808061 2.12200212
      vertex 1.41337442 -1.04164183 2.16372204
    endloop
  endfacet
  facet normal 0.835734672 0.449100562 0.316000384
    outer loop
      vertex 1.42235887 -1.04620552 2.14644647
      vertex 1.38878465 -0.954371631 2.10472655
      vertex 1.38429248 -0.952089846 2.11336422
    endloop
  endfacet
  facet normal 0.835735286 0.449100347 0.315999066
    outer loop
      vertex 1.41337442 -1.04164183 2.16372204
      vertex 1.42235887 -1.04620552 2.14644647
      vertex 1.38429248 -0.952089846 2.11336422
    endloop
  endfacet
  facet normal 0.835734103 0.449101028 0.316001227
    outer loop
      vertex 1.43134344 -1.05076909 2.12917066
      vertex 1.39776921 -0.958935261 2.08745074
      vertex 1.38878465 -0.954371631 2.10472655
    endloop
  endfacet
  facet normal 0.835733998 0.449100082 0.31600285
    outer loop
      vertex 1.24586892 -0.58347261 1.95557678
      vertex 1.23651874 -0.577908993 1.97239828
      vertex 1.25779808 -0.626107752 1.98462033
    endloop
  endfacet
  facet normal 0.835736652 0.449099635 0.315996465
    outer loop
      vertex 1.23651874 -0.577908993 1.97239828
      vertex 1.28402305 -0.707845032 2.03142786
      vertex 1.25779808 -0.626107752 1.98462033
    endloop
  endfacet
  facet normal 0.835733944 0.449100123 0.316002933
    outer loop
      vertex 1.26229036 -0.628389537 1.97598243
      vertex 1.24586892 -0.58347261 1.95557678
      vertex 1.25779808 -0.626107752 1.98462033
    endloop
  endfacet
  facet normal 0.835735356 0.449100069 0.315999278
    outer loop
      vertex 1.25521898 -0.589036167 1.93875527
      vertex 1.24586892 -0.58347261 1.95557678
      vertex 1.26678264 -0.630671382 1.96734464
    endloop
  endfacet
  facet normal 0.835733455 0.449100372 0.316003874
    outer loop
      vertex 1.26229036 -0.628389537 1.97598243
      vertex 1.26678264 -0.630671382 1.96734464
      vertex 1.24586892 -0.58347261 1.95557678
    endloop
  endfacet
  facet normal 0.835733411 0.449101583 0.31600227
    outer loop
      vertex 1.26678264 -0.630671382 1.96734464
      vertex 1.27127492 -0.632953167 1.95870674
      vertex 1.25521898 -0.589036167 1.93875527
    endloop
  endfacet
  facet normal 0.835711368 0.449112954 0.3160444
    outer loop
      vertex 1.31595588 -0.794212461 2.06972027
      vertex 1.28402305 -0.707845032 2.03142786
      vertex 1.32114637 -0.808735311 2.07663274
    endloop
  endfacet
  facet normal 0.835711368 0.449112954 0.3160444
    outer loop
      vertex 1.32633686 -0.823258162 2.08354521
      vertex 1.32114637 -0.808735311 2.07663274
      vertex 1.28402305 -0.707845032 2.03142786
    endloop
  endfacet
  facet normal 0.835735384 0.449101127 0.315997698
    outer loop
      vertex 1.31265175 -0.766140342 2.0385623
      vertex 1.28402305 -0.707845032 2.03142786
      vertex 1.31595588 -0.794212461 2.06972027
    endloop
  endfacet
  facet normal 0.835733581 0.449101116 0.316002482
    outer loop
      vertex 1.27907753 -0.674306452 1.99684238
      vertex 1.27458525 -0.672024667 2.00548029
      vertex 1.31265175 -0.766140342 2.0385623
    endloop
  endfacet
  facet normal 0.83573408 0.449100941 0.316001411
    outer loop
      vertex 1.28402305 -0.707845032 2.03142786
      vertex 1.31265175 -0.766140342 2.0385623
      vertex 1.27458525 -0.672024667 2.00548029
    endloop
  endfacet
  facet normal 0.835734771 0.449101798 0.315998368
    outer loop
      vertex 1.31265175 -0.766140342 2.0385623
      vertex 1.31595588 -0.794212461 2.06972027
      vertex 1.33443308 -0.805704474 2.03718543
    endloop
  endfacet
  facet normal 0.835734858 0.449100935 0.315999363
    outer loop
      vertex 1.26456904 -0.594599783 1.92193389
      vertex 1.25521898 -0.589036167 1.93875527
      vertex 1.27576721 -0.635235012 1.95006883
    endloop
  endfacet
  facet normal 0.835734613 0.449100972 0.315999957
    outer loop
      vertex 1.27127492 -0.632953167 1.95870674
      vertex 1.27576721 -0.635235012 1.95006883
      vertex 1.25521898 -0.589036167 1.93875527
    endloop
  endfacet
  facet normal 0.83573827 0.44909826 0.315994141
    outer loop
      vertex 1.28025937 -0.637516797 1.94143093
      vertex 1.26456904 -0.594599783 1.92193389
      vertex 1.27576721 -0.635235012 1.95006883
    endloop
  endfacet
  facet normal 0.835734005 0.449100062 0.316002861
    outer loop
      vertex 1.27391922 -0.6001634 1.90511239
      vertex 1.26456904 -0.594599783 1.92193389
      vertex 1.28475165 -0.639798641 1.93279302
    endloop
  endfacet
  facet normal 0.835734997 0.449099922 0.316000434
    outer loop
      vertex 1.28025937 -0.637516797 1.94143093
      vertex 1.28475165 -0.639798641 1.93279302
      vertex 1.26456904 -0.594599783 1.92193389
    endloop
  endfacet
  facet normal 0.835726291 0.449106154 0.316014602
    outer loop
      vertex 1.30153883 -0.685715556 1.9536531
      vertex 1.27391922 -0.6001634 1.90511239
      vertex 1.28475165 -0.639798641 1.93279302
    endloop
  endfacet
  facet normal 0.835735471 0.449102271 0.315995843
    outer loop
      vertex 1.31265175 -0.766140342 2.0385623
      vertex 1.33443308 -0.805704474 2.03718543
      vertex 1.3216362 -0.770703971 2.02128649
    endloop
  endfacet
  facet normal 0.835731541 0.449104267 0.3160034
    outer loop
      vertex 1.33443308 -0.805704474 2.03718543
      vertex 1.33062077 -0.775267601 2.00401092
      vertex 1.3216362 -0.770703971 2.02128649
    endloop
  endfacet
  facet normal 0.835736353 0.449099491 0.31599746
    outer loop
      vertex 1.32391489 -0.736914158 1.96723795
      vertex 1.30153883 -0.685715556 1.9536531
      vertex 1.33062077 -0.775267601 2.00401092
    endloop
  endfacet
  facet normal 0.83573298 0.449101671 0.316003284
    outer loop
      vertex 1.29704654 -0.683433712 1.96229088
      vertex 1.33062077 -0.775267601 2.00401092
      vertex 1.30153883 -0.685715556 1.9536531
    endloop
  endfacet
  facet normal 0.835735211 0.449100633 0.315998859
    outer loop
      vertex 1.37391067 -0.873664975 2.02936363
      vertex 1.32391489 -0.736914158 1.96723795
      vertex 1.33062077 -0.775267601 2.00401092
    endloop
  endfacet
  facet normal 0.835736576 0.449099448 0.315996932
    outer loop
      vertex 1.27391922 -0.6001634 1.90511239
      vertex 1.30153883 -0.685715556 1.9536531
      vertex 1.32391489 -0.736914158 1.96723795
    endloop
  endfacet
  facet normal 0.835734918 0.449100614 0.31599966
    outer loop
      vertex 1.33062077 -0.775267601 2.00401092
      vertex 1.33443308 -0.805704474 2.03718543
      vertex 1.36419499 -0.867101431 2.04573083
    endloop
  endfacet
  facet normal 0.835711368 0.449112954 0.3160444
    outer loop
      vertex 1.28402305 -0.707845032 2.03142786
      vertex 1.33152735 -0.837781012 2.09045768
      vertex 1.32633686 -0.823258162 2.08354521
    endloop
  endfacet
  facet normal 0.835738031 0.449098915 0.315993843
    outer loop
      vertex 1.36301303 -0.903891087 2.10114217
      vertex 1.34613025 -0.860424519 2.08401775
      vertex 1.35852087 -0.901609302 2.10978007
    endloop
  endfacet
  facet normal 0.835735765 0.449100538 0.315997528
    outer loop
      vertex 1.33794439 -0.855333269 2.09843159
      vertex 1.35852087 -0.901609302 2.10978007
      vertex 1.34613025 -0.860424519 2.08401775
    endloop
  endfacet
  facet normal 0.835734883 0.449100233 0.316000293
    outer loop
      vertex 1.36750531 -0.906172931 2.09250426
      vertex 1.34613025 -0.860424519 2.08401775
      vertex 1.36301303 -0.903891087 2.10114217
    endloop
  endfacet
  facet normal 0.835732924 0.449100968 0.316004431
    outer loop
      vertex 1.35852087 -0.901609302 2.10978007
      vertex 1.33794439 -0.855333269 2.09843159
      vertex 1.37530792 -0.947526217 2.13064003
    endloop
  endfacet
  facet normal 0.835734215 0.449101084 0.316000853
    outer loop
      vertex 1.38795424 -0.99212271 2.16057467
      vertex 1.41337442 -1.04164183 2.16372204
      vertex 1.37530792 -0.947526217 2.13064003
    endloop
  endfacet
  facet normal 0.835735566 0.449100052 0.315998744
    outer loop
      vertex 1.33794439 -0.855333269 2.09843159
      vertex 1.38795424 -0.99212271 2.16057467
      vertex 1.37530792 -0.947526217 2.13064003
    endloop
  endfacet
  facet normal 0.83573394 0.449100997 0.316001702
    outer loop
      vertex 1.43796408 -1.12891209 2.22271776
      vertex 1.41337442 -1.04164183 2.16372204
      vertex 1.38795424 -0.99212271 2.16057467
    endloop
  endfacet
  facet normal 0.835734625 0.44910094 0.315999972
    outer loop
      vertex 1.37530792 -0.947526217 2.13064003
      vertex 1.41337442 -1.04164183 2.16372204
      vertex 1.3798002 -0.949808061 2.12200212
    endloop
  endfacet
  facet normal 0.835734492 0.449100573 0.316000846
    outer loop
      vertex 1.41337442 -1.04164183 2.16372204
      vertex 1.43796408 -1.12891209 2.22271776
      vertex 1.45593309 -1.13803935 2.18816638
    endloop
  endfacet
  facet normal 0.835735291 0.449100226 0.315999227
    outer loop
      vertex 1.35431612 -0.865515709 2.06960392
      vertex 1.34613025 -0.860424519 2.08401775
      vertex 1.36750531 -0.906172931 2.09250426
    endloop
  endfacet
  facet normal 0.835733396 0.449099129 0.316005795
    outer loop
      vertex 1.35521042 -0.862537801 2.06300664
      vertex 1.34437466 -0.835610092 2.05339479
      vertex 1.35431612 -0.865515709 2.06960392
    endloop
  endfacet
  facet normal 0.835730409 0.449103564 0.316007392
    outer loop
      vertex 1.37199759 -0.908454716 2.0838666
      vertex 1.35521042 -0.862537801 2.06300664
      vertex 1.35431612 -0.865515709 2.06960392
    endloop
  endfacet
  facet normal 0.835734277 0.449100552 0.316001443
    outer loop
      vertex 1.33443308 -0.805704474 2.03718543
      vertex 1.35521042 -0.862537801 2.06300664
      vertex 1.36419499 -0.867101431 2.04573083
    endloop
  endfacet
  facet normal 0.835734705 0.449100722 0.316000069
    outer loop
      vertex 1.39776921 -0.958935261 2.08745074
      vertex 1.37391067 -0.873664975 2.02936363
      vertex 1.36419499 -0.867101431 2.04573083
    endloop
  endfacet
  facet normal 0.835729868 0.449103735 0.316008581
    outer loop
      vertex 1.35431612 -0.865515709 2.06960392
      vertex 1.36750531 -0.906172931 2.09250426
      vertex 1.37199759 -0.908454716 2.0838666
    endloop
  endfacet
  facet normal 0.835745981 0.449094607 0.315978939
    outer loop
      vertex 1.35521042 -0.862537801 2.06300664
      vertex 1.33443308 -0.805704474 2.03718543
      vertex 1.34437466 -0.835610092 2.05339479
    endloop
  endfacet
  facet normal 0.835733502 0.449101334 0.316002383
    outer loop
      vertex 1.45593309 -1.13803935 2.18816638
      vertex 1.43134344 -1.05076909 2.12917066
      vertex 1.42235887 -1.04620552 2.14644647
    endloop
  endfacet
  facet normal 0.835735198 0.44910064 0.315998884
    outer loop
      vertex 1.47390223 -1.14716661 2.15361476
      vertex 1.42390645 -1.01041579 2.09148908
      vertex 1.43134344 -1.05076909 2.12917066
    endloop
  endfacet
  facet normal 0.835735551 0.449100293 0.315998443
    outer loop
      vertex 1.39776921 -0.958935261 2.08745074
      vertex 1.43134344 -1.05076909 2.12917066
      vertex 1.42390645 -1.01041579 2.09148908
    endloop
  endfacet
  facet normal 0.835734183 0.449100811 0.316001326
    outer loop
      vertex 1.45593309 -1.13803935 2.18816638
      vertex 1.47390223 -1.14716661 2.15361476
      vertex 1.43134344 -1.05076909 2.12917066
    endloop
  endfacet
  facet normal 0.835735336 0.449100235 0.315999094
    outer loop
      vertex 1.37391067 -0.873664975 2.02936363
      vertex 1.39776921 -0.958935261 2.08745074
      vertex 1.42390645 -1.01041579 2.09148908
    endloop
  endfacet
  facet normal 0.83573525 0.449100446 0.315999022
    outer loop
      vertex 1.42235887 -1.04620552 2.14644647
      vertex 1.41337442 -1.04164183 2.16372204
      vertex 1.45593309 -1.13803935 2.18816638
    endloop
  endfacet
  facet normal 0.835737681 0.44909987 0.315993409
    outer loop
      vertex 1.28806198 -0.678870082 1.97956669
      vertex 1.26678264 -0.630671382 1.96734464
      vertex 1.28356981 -0.676588297 1.9882046
    endloop
  endfacet
  facet normal 0.835732716 0.449102392 0.316002957
    outer loop
      vertex 1.26678264 -0.630671382 1.96734464
      vertex 1.26229036 -0.628389537 1.97598243
      vertex 1.27907753 -0.674306452 1.99684238
    endloop
  endfacet
  facet normal 0.835733206 0.449102143 0.316002015
    outer loop
      vertex 1.27907753 -0.674306452 1.99684238
      vertex 1.25779808 -0.626107752 1.98462033
      vertex 1.27458525 -0.672024667 2.00548029
    endloop
  endfacet
  facet normal 0.835734408 0.449101532 0.315999703
    outer loop
      vertex 1.28475165 -0.639798641 1.93279302
      vertex 1.28025937 -0.637516797 1.94143093
      vertex 1.29704654 -0.683433712 1.96229088
    endloop
  endfacet
  facet normal 0.835733798 0.449100524 0.316002751
    outer loop
      vertex 1.29704654 -0.683433712 1.96229088
      vertex 1.27576721 -0.635235012 1.95006883
      vertex 1.29255426 -0.681151927 1.97092879
    endloop
  endfacet
  facet normal 0.835735 0.449099913 0.316000438
    outer loop
      vertex 1.27576721 -0.635235012 1.95006883
      vertex 1.27127492 -0.632953167 1.95870674
      vertex 1.28806198 -0.678870082 1.97956669
    endloop
  endfacet
  facet normal 0.835729821 0.449103862 0.316008523
    outer loop
      vertex 1.37199759 -0.908454716 2.0838666
      vertex 1.36750531 -0.906172931 2.09250426
      vertex 1.38429248 -0.952089846 2.11336422
    endloop
  endfacet
  facet normal 0.835734567 0.449101097 0.3159999
    outer loop
      vertex 1.36750531 -0.906172931 2.09250426
      vertex 1.36301303 -0.903891087 2.10114217
      vertex 1.3798002 -0.949808061 2.12200212
    endloop
  endfacet
  facet normal 0.835735 0.449099913 0.316000438
    outer loop
      vertex 1.3798002 -0.949808061 2.12200212
      vertex 1.35852087 -0.901609302 2.10978007
      vertex 1.37530792 -0.947526217 2.13064003
    endloop
  endfacet
  facet normal 0.835733581 0.449101116 0.316002482
    outer loop
      vertex 1.43134344 -1.05076909 2.12917066
      vertex 1.38878465 -0.954371631 2.10472655
      vertex 1.42235887 -1.04620552 2.14644647
    endloop
  endfacet
  facet normal 0.835731606 0.449102956 0.316005091
    outer loop
      vertex 1.28402305 -0.707845032 2.03142786
      vertex 1.27458525 -0.672024667 2.00548029
      vertex 1.25779808 -0.626107752 1.98462033
    endloop
  endfacet
  facet normal 0.835734705 0.449100722 0.316000069
    outer loop
      vertex 1.37391067 -0.873664975 2.02936363
      vertex 1.33062077 -0.775267601 2.00401092
      vertex 1.36419499 -0.867101431 2.04573083
    endloop
  endfacet
  facet normal -0.449236929 0.228176945 0.863783227
    outer loop
      vertex 1.33375812 -0.864395499 2.09864831
      vertex 1.32749009 -0.867763758 2.09627819
      vertex 1.34148121 -0.906033039 2.11366391
    endloop
  endfacet
  facet normal -0.449236929 0.228176945 0.863783227
    outer loop
      vertex 1.32122207 -0.871132016 2.09390831
      vertex 1.31495404 -0.874500275 2.09153819
      vertex 1.32894516 -0.912769556 2.10892391
    endloop
  endfacet
  facet normal -0.44921398 0.228189277 0.863791904
    outer loop
      vertex 1.32749009 -0.867763758 2.09627819
      vertex 1.32122207 -0.871132016 2.09390831
      vertex 1.34148121 -0.906033039 2.11366391
    endloop
  endfacet
  facet normal -0.449236052 0.228174548 0.863784316
    outer loop
      vertex 1.33521318 -0.909401298 2.11129403
      vertex 1.32894516 -0.912769556 2.10892391
      vertex 1.35692751 -0.989308059 2.14369512
    endloop
  endfacet
  facet normal -0.449213104 0.22818688 0.863792993
    outer loop
      vertex 1.36946356 -0.982571542 2.14843512
      vertex 1.34148121 -0.906033039 2.11366391
      vertex 1.33521318 -0.909401298 2.11129403
    endloop
  endfacet
  facet normal -0.449224211 0.22817971 0.863789111
    outer loop
      vertex 1.35692751 -0.989308059 2.14369512
      vertex 1.36946356 -0.982571542 2.14843512
      vertex 1.33521318 -0.909401298 2.11129403
    endloop
  endfacet
  facet normal -0.449213598 0.228188233 0.863792379
    outer loop
      vertex 1.30241799 -0.881236792 2.08679819
      vertex 1.29614997 -0.88460505 2.08442831
      vertex 1.31640923 -0.919506073 2.10418391
    endloop
  endfacet
  facet normal -0.449227562 0.22817911 0.863787527
    outer loop
      vertex 1.32894516 -0.912769556 2.10892391
      vertex 1.31640923 -0.919506073 2.10418391
      vertex 1.35692751 -0.989308059 2.14369512
    endloop
  endfacet
  facet normal -0.449222175 0.228183151 0.863789261
    outer loop
      vertex 1.34439147 -0.996044576 2.13895512
      vertex 1.35051036 -1.05380678 2.15739608
      vertex 1.38782001 -1.15585816 2.20375776
    endloop
  endfacet
  facet normal -0.44922054 0.228183561 0.863790003
    outer loop
      vertex 1.34439147 -0.996044576 2.13895512
      vertex 1.31320059 -0.951755404 2.11103439
      vertex 1.35051036 -1.05380678 2.15739608
    endloop
  endfacet
  facet normal -0.449213295 0.228187402 0.863792756
    outer loop
      vertex 1.34439147 -0.996044576 2.13895512
      vertex 1.31640923 -0.919506073 2.10418391
      vertex 1.31014121 -0.922874331 2.10181403
    endloop
  endfacet
  facet normal -0.449224035 0.228180469 0.863789002
    outer loop
      vertex 1.31320059 -0.951755404 2.11103439
      vertex 1.34439147 -0.996044576 2.13895512
      vertex 1.31014121 -0.922874331 2.10181403
    endloop
  endfacet
  facet normal -0.449225016 0.228181912 0.86378811
    outer loop
      vertex 1.38782001 -1.15585816 2.20375776
      vertex 1.35692751 -0.989308059 2.14369512
      vertex 1.34439147 -0.996044576 2.13895512
    endloop
  endfacet
  facet normal -0.44922581 0.228181642 0.863787769
    outer loop
      vertex 1.35692751 -0.989308059 2.14369512
      vertex 1.38782001 -1.15585816 2.20375776
      vertex 1.43796408 -1.12891209 2.22271776
    endloop
  endfacet
  facet normal -0.449231558 0.228178582 0.863785588
    outer loop
      vertex 1.29614997 -0.88460505 2.08442831
      vertex 1.31320059 -0.951755404 2.11103439
      vertex 1.31014121 -0.922874331 2.10181403
    endloop
  endfacet
  facet normal -0.449215459 0.228188151 0.863791432
    outer loop
      vertex 1.29140425 -0.851111352 2.07311225
      vertex 1.27589083 -0.849704027 2.06467271
      vertex 1.29614997 -0.88460505 2.08442831
    endloop
  endfacet
  facet normal -0.449223775 0.228181823 0.863788779
    outer loop
      vertex 1.29614997 -0.88460505 2.08442831
      vertex 1.27589083 -0.849704027 2.06467271
      vertex 1.31320059 -0.951755404 2.11103439
    endloop
  endfacet
  facet normal -0.449213751 0.228188649 0.863792189
    outer loop
      vertex 1.30241799 -0.881236792 2.08679819
      vertex 1.29140425 -0.851111352 2.07311225
      vertex 1.29614997 -0.88460505 2.08442831
    endloop
  endfacet
  facet normal -0.449228056 0.228180464 0.863786912
    outer loop
      vertex 1.30241799 -0.881236792 2.08679819
      vertex 1.31640923 -0.919506073 2.10418391
      vertex 1.32894516 -0.912769556 2.10892391
    endloop
  endfacet
  facet normal -0.449227019 0.228181519 0.863787173
    outer loop
      vertex 1.30691767 -0.852518678 2.08155203
      vertex 1.29140425 -0.851111352 2.07311225
      vertex 1.30241799 -0.881236792 2.08679819
    endloop
  endfacet
  facet normal -0.449236052 0.228174548 0.863784316
    outer loop
      vertex 1.34774923 -0.902664781 2.11603403
      vertex 1.34148121 -0.906033039 2.11366391
      vertex 1.36946356 -0.982571542 2.14843512
    endloop
  endfacet
  facet normal -0.449233486 0.228175666 0.863785355
    outer loop
      vertex 1.34774923 -0.902664781 2.11603403
      vertex 1.36946356 -0.982571542 2.14843512
      vertex 1.38795424 -0.99212271 2.16057467
    endloop
  endfacet
  facet normal -0.449232638 0.228177315 0.863785361
    outer loop
      vertex 1.43796408 -1.12891209 2.22271776
      vertex 1.38795424 -0.99212271 2.16057467
      vertex 1.36946356 -0.982571542 2.14843512
    endloop
  endfacet
  facet normal -0.449221032 0.228183463 0.863789773
    outer loop
      vertex 1.33794439 -0.855333269 2.09843159
      vertex 1.34774923 -0.902664781 2.11603403
      vertex 1.38795424 -0.99212271 2.16057467
    endloop
  endfacet
  facet normal -0.449225112 0.228182174 0.863787992
    outer loop
      vertex 1.36946356 -0.982571542 2.14843512
      vertex 1.35692751 -0.989308059 2.14369512
      vertex 1.43796408 -1.12891209 2.22271776
    endloop
  endfacet
  facet normal -0.449230547 0.228180675 0.863785561
    outer loop
      vertex 1.32243097 -0.853925943 2.08999181
      vertex 1.30691767 -0.852518678 2.08155203
      vertex 1.32122207 -0.871132016 2.09390831
    endloop
  endfacet
  facet normal -0.4492363 0.228175225 0.863784009
    outer loop
      vertex 1.31495404 -0.874500275 2.09153819
      vertex 1.32122207 -0.871132016 2.09390831
      vertex 1.30691767 -0.852518678 2.08155203
    endloop
  endfacet
  facet normal -0.449211157 0.228181556 0.863795412
    outer loop
      vertex 1.32749009 -0.867763758 2.09627819
      vertex 1.32243097 -0.853925943 2.08999181
      vertex 1.32122207 -0.871132016 2.09390831
    endloop
  endfacet
  facet normal -0.449227846 0.228176991 0.863787939
    outer loop
      vertex 1.32243097 -0.853925943 2.08999181
      vertex 1.33375812 -0.864395499 2.09864831
      vertex 1.33794439 -0.855333269 2.09843159
    endloop
  endfacet
  facet normal -0.44923276 0.228179186 0.863784804
    outer loop
      vertex 1.34774923 -0.902664781 2.11603403
      vertex 1.33794439 -0.855333269 2.09843159
      vertex 1.33375812 -0.864395499 2.09864831
    endloop
  endfacet
  facet normal -0.449234106 0.228169224 0.863786735
    outer loop
      vertex 1.32749009 -0.867763758 2.09627819
      vertex 1.33375812 -0.864395499 2.09864831
      vertex 1.32243097 -0.853925943 2.08999181
    endloop
  endfacet
  facet normal -0.449224825 0.22818139 0.863788347
    outer loop
      vertex 1.30241799 -0.881236792 2.08679819
      vertex 1.31495404 -0.874500275 2.09153819
      vertex 1.30691767 -0.852518678 2.08155203
    endloop
  endfacet
  facet normal -0.449236929 0.228176945 0.863783227
    outer loop
      vertex 1.33375812 -0.864395499 2.09864831
      vertex 1.34148121 -0.906033039 2.11366391
      vertex 1.34774923 -0.902664781 2.11603403
    endloop
  endfacet
  facet normal -0.449236929 0.228176945 0.863783227
    outer loop
      vertex 1.32122207 -0.871132016 2.09390831
      vertex 1.32894516 -0.912769556 2.10892391
      vertex 1.33521318 -0.909401298 2.11129403
    endloop
  endfacet
  facet normal -0.44921398 0.228189277 0.863791904
    outer loop
      vertex 1.32122207 -0.871132016 2.09390831
      vertex 1.33521318 -0.909401298 2.11129403
      vertex 1.34148121 -0.906033039 2.11366391
    endloop
  endfacet
  facet normal -0.449213598 0.228188233 0.863792379
    outer loop
      vertex 1.29614997 -0.88460505 2.08442831
      vertex 1.31014121 -0.922874331 2.10181403
      vertex 1.31640923 -0.919506073 2.10418391
    endloop
  endfacet
  facet normal -0.449224769 0.228181236 0.863788418
    outer loop
      vertex 1.31640923 -0.919506073 2.10418391
      vertex 1.34439147 -0.996044576 2.13895512
      vertex 1.35692751 -0.989308059 2.14369512
    endloop
  endfacet
  facet normal -0.449225455 0.228183111 0.863787566
    outer loop
      vertex 1.30241799 -0.881236792 2.08679819
      vertex 1.32894516 -0.912769556 2.10892391
      vertex 1.31495404 -0.874500275 2.09153819
    endloop
  endfacet
  facet normal 0.449225073 -0.228182067 -0.86378804
    outer loop
      vertex 1.13239729 -0.29511711 1.75092971
      vertex 1.15719819 -0.362953842 1.78174782
      vertex 1.11986125 -0.301853627 1.74618971
    endloop
  endfacet
  facet normal 0.449225073 -0.228182067 -0.86378804
    outer loop
      vertex 1.14493334 -0.288380593 1.75566971
      vertex 1.16973424 -0.356217325 1.78648782
      vertex 1.13239729 -0.29511711 1.75092971
    endloop
  endfacet
  facet normal 0.44922508 -0.228182086 -0.863788031
    outer loop
      vertex 1.05799448 -0.0916069075 1.6584754
      vertex 1.08279538 -0.159443632 1.6892935
      vertex 1.07025933 -0.166180149 1.6845535
    endloop
  endfacet
  facet normal 0.449224463 -0.228181018 -0.863788635
    outer loop
      vertex 1.07053053 -0.0848703906 1.66321552
      vertex 1.09533143 -0.15270713 1.6940335
      vertex 1.08279538 -0.159443632 1.6892935
    endloop
  endfacet
  facet normal 0.449223153 -0.22818276 -0.863788855
    outer loop
      vertex 1.17728353 -0.417892039 1.80670607
      vertex 1.15692711 -0.444263577 1.80308592
      vertex 1.14466226 -0.369690359 1.77700782
    endloop
  endfacet
  facet normal 0.449222343 -0.228183016 -0.863789209
    outer loop
      vertex 1.12274599 -0.350769818 1.76061189
      vertex 1.14466226 -0.369690359 1.77700782
      vertex 1.15692711 -0.444263577 1.80308592
    endloop
  endfacet
  facet normal 0.449227525 -0.22817901 -0.863787572
    outer loop
      vertex 1.14466226 -0.369690359 1.77700782
      vertex 1.15719819 -0.362953842 1.78174782
      vertex 1.17728353 -0.417892039 1.80670607
    endloop
  endfacet
  facet normal 0.449224637 -0.228182295 -0.863788206
    outer loop
      vertex 1.11986125 -0.301853627 1.74618971
      vertex 1.12274599 -0.350769818 1.76061189
      vertex 1.08856499 -0.257276058 1.71813786
    endloop
  endfacet
  facet normal 0.449224958 -0.228181754 -0.863788182
    outer loop
      vertex 1.13239729 -0.29511711 1.75092971
      vertex 1.11986125 -0.301853627 1.74618971
      vertex 1.08279538 -0.159443632 1.6892935
    endloop
  endfacet
  facet normal 0.449222586 -0.228182699 -0.863789167
    outer loop
      vertex 1.14466226 -0.369690359 1.77700782
      vertex 1.12274599 -0.350769818 1.76061189
      vertex 1.11986125 -0.301853627 1.74618971
    endloop
  endfacet
  facet normal 0.449226986 -0.228179955 -0.863787603
    outer loop
      vertex 1.19763982 -0.3915205 1.81032634
      vertex 1.17728353 -0.417892039 1.80670607
      vertex 1.16973424 -0.356217325 1.78648782
    endloop
  endfacet
  facet normal 0.449224541 -0.228180614 -0.8637887
    outer loop
      vertex 1.15719819 -0.362953842 1.78174782
      vertex 1.16973424 -0.356217325 1.78648782
      vertex 1.17728353 -0.417892039 1.80670607
    endloop
  endfacet
  facet normal 0.449226752 -0.228180182 -0.863787665
    outer loop
      vertex 1.16279626 -0.29621467 1.76702917
      vertex 1.19763982 -0.3915205 1.81032634
      vertex 1.16973424 -0.356217325 1.78648782
    endloop
  endfacet
  facet normal 0.449224965 -0.228181773 -0.863788174
    outer loop
      vertex 1.14493334 -0.288380593 1.75566971
      vertex 1.13239729 -0.29511711 1.75092971
      vertex 1.09533143 -0.15270713 1.6940335
    endloop
  endfacet
  facet normal 0.449230353 -0.228179179 -0.863786057
    outer loop
      vertex 1.14493334 -0.288380593 1.75566971
      vertex 1.12795269 -0.200908825 1.72373188
      vertex 1.16279626 -0.29621467 1.76702917
    endloop
  endfacet
  facet normal 0.449225704 -0.228181354 -0.8637879
    outer loop
      vertex 1.07025933 -0.166180149 1.6845535
      vertex 1.11986125 -0.301853627 1.74618971
      vertex 1.08856499 -0.257276058 1.71813786
    endloop
  endfacet
  facet normal 0.44922477 -0.22818223 -0.863788155
    outer loop
      vertex 1.05438387 -0.163782299 1.67566383
      vertex 1.04545844 -0.098343417 1.6537354
      vertex 1.07025933 -0.166180149 1.6845535
    endloop
  endfacet
  facet normal 0.449224677 -0.228181295 -0.86378845
    outer loop
      vertex 1.03923416 -0.0402928442 1.63516355
      vertex 1.05799448 -0.0916069075 1.6584754
      vertex 1.04545844 -0.098343417 1.6537354
    endloop
  endfacet
  facet normal 0.449222714 -0.228182817 -0.863789069
    outer loop
      vertex 1.05438387 -0.163782299 1.67566383
      vertex 1.02020276 -0.0702885389 1.6331898
      vertex 1.04545844 -0.098343417 1.6537354
    endloop
  endfacet
  facet normal 0.449223965 -0.228181475 -0.863788773
    outer loop
      vertex 1.02020276 -0.0702885389 1.6331898
      vertex 1.03923416 -0.0402928442 1.63516355
      vertex 1.04545844 -0.098343417 1.6537354
    endloop
  endfacet
  facet normal 0.44922775 -0.228180594 -0.863787037
    outer loop
      vertex 1.09310913 -0.105602987 1.68043458
      vertex 1.12795269 -0.200908825 1.72373188
      vertex 1.09533143 -0.15270713 1.6940335
    endloop
  endfacet
  facet normal 0.449228742 -0.228179744 -0.863786746
    outer loop
      vertex 1.09533143 -0.15270713 1.6940335
      vertex 1.12795269 -0.200908825 1.72373188
      vertex 1.14493334 -0.288380593 1.75566971
    endloop
  endfacet
  facet normal 0.449223958 -0.228181289 -0.863788826
    outer loop
      vertex 1.07053053 -0.0848703906 1.66321552
      vertex 1.09310913 -0.105602987 1.68043458
      vertex 1.09533143 -0.15270713 1.6940335
    endloop
  endfacet
  facet normal 0.44922777 -0.228180578 -0.86378703
    outer loop
      vertex 1.05826557 -0.0102971504 1.63713741
      vertex 1.07053053 -0.0848703906 1.66321552
      vertex 1.03923416 -0.0402928442 1.63516355
    endloop
  endfacet
  facet normal 0.449223422 -0.228181957 -0.863788928
    outer loop
      vertex 1.09310913 -0.105602987 1.68043458
      vertex 1.07053053 -0.0848703906 1.66321552
      vertex 1.05826557 -0.0102971504 1.63713741
    endloop
  endfacet
  facet normal 0.449230509 -0.228178161 -0.863786245
    outer loop
      vertex 1.07053053 -0.0848703906 1.66321552
      vertex 1.05799448 -0.0916069075 1.6584754
      vertex 1.03923416 -0.0402928442 1.63516355
    endloop
  endfacet
  facet normal 0.449227841 -0.228179875 -0.863787179
    outer loop
      vertex 1.15719819 -0.362953842 1.78174782
      vertex 1.14466226 -0.369690359 1.77700782
      vertex 1.11986125 -0.301853627 1.74618971
    endloop
  endfacet
  facet normal 0.449225073 -0.228182067 -0.86378804
    outer loop
      vertex 1.16973424 -0.356217325 1.78648782
      vertex 1.15719819 -0.362953842 1.78174782
      vertex 1.13239729 -0.29511711 1.75092971
    endloop
  endfacet
  facet normal 0.449224978 -0.228182118 -0.863788076
    outer loop
      vertex 1.05799448 -0.0916069075 1.6584754
      vertex 1.07025933 -0.166180149 1.6845535
      vertex 1.04545844 -0.098343417 1.6537354
    endloop
  endfacet
  facet normal 0.449230817 -0.228179003 -0.863785862
    outer loop
      vertex 1.07053053 -0.0848703906 1.66321552
      vertex 1.08279538 -0.159443632 1.6892935
      vertex 1.05799448 -0.0916069075 1.6584754
    endloop
  endfacet
  facet normal 0.449224958 -0.228181754 -0.863788182
    outer loop
      vertex 1.11986125 -0.301853627 1.74618971
      vertex 1.07025933 -0.166180149 1.6845535
      vertex 1.08279538 -0.159443632 1.6892935
    endloop
  endfacet
  facet normal 0.449230322 -0.228179247 -0.863786055
    outer loop
      vertex 1.16279626 -0.29621467 1.76702917
      vertex 1.16973424 -0.356217325 1.78648782
      vertex 1.14493334 -0.288380593 1.75566971
    endloop
  endfacet
  facet normal 0.449224769 -0.228181856 -0.863788254
    outer loop
      vertex 1.13239729 -0.29511711 1.75092971
      vertex 1.08279538 -0.159443632 1.6892935
      vertex 1.09533143 -0.15270713 1.6940335
    endloop
  endfacet
  facet normal 0.449224907 -0.228181639 -0.86378824
    outer loop
      vertex 1.07025933 -0.166180149 1.6845535
      vertex 1.08856499 -0.257276058 1.71813786
      vertex 1.05438387 -0.163782299 1.67566383
    endloop
  endfacet
  facet normal -0.707995685 0.483098904 -0.515128682
    outer loop
      vertex 1.03923416 -0.0402928442 1.63516355
      vertex 1.02020276 -0.0702885389 1.6331898
      vertex 1.00198388 -0.0604776777 1.66743076
    endloop
  endfacet
  facet normal -0.707993771 0.483099865 -0.515130411
    outer loop
      vertex 1.03923416 -0.0402928442 1.63516355
      vertex 1.04004657 -0.000486288569 1.67137837
      vertex 1.05826557 -0.0102971504 1.63713741
    endloop
  endfacet
  facet normal -0.707995839 0.483097658 -0.515129639
    outer loop
      vertex 1.00279629 -0.0206711218 1.70364547
      vertex 1.03923416 -0.0402928442 1.63516355
      vertex 1.00198388 -0.0604776777 1.66743076
    endloop
  endfacet
  facet normal -0.707994905 0.483099112 -0.515129559
    outer loop
      vertex 1.03923416 -0.0402928442 1.63516355
      vertex 1.00279629 -0.0206711218 1.70364547
      vertex 1.04004657 -0.000486288569 1.67137837
    endloop
  endfacet
  facet normal -0.707994752 0.483100354 -0.515128605
    outer loop
      vertex 1.00279629 -0.0206711218 1.70364547
      vertex 1.0218277 0.00932457298 1.70561934
      vertex 1.04004657 -0.000486288569 1.67137837
    endloop
  endfacet
  facet normal -0.707994713 0.483098405 -0.515130486
    outer loop
      vertex 0.983764887 -0.0506668165 1.70167172
      vertex 1.00279629 -0.0206711218 1.70364547
      vertex 1.00198388 -0.0604776777 1.66743076
    endloop
  endfacet
  facet normal 0.473282786 -0.297255268 -0.829242251
    outer loop
      vertex 1.18999839 -0.409103096 1.85552442
      vertex 1.15973556 -0.406870693 1.83745193
      vertex 1.18066311 -0.380857885 1.84007144
    endloop
  endfacet
  facet normal 0.473282539 -0.297255401 -0.829242344
    outer loop
      vertex 1.18999839 -0.409103096 1.85552442
      vertex 1.19933367 -0.437348306 1.8709774
      vertex 1.17840612 -0.463361084 1.8683579
    endloop
  endfacet
  facet normal 0.473282754 -0.297255416 -0.829242216
    outer loop
      vertex 1.14814329 -0.461128682 1.85028541
      vertex 1.15973556 -0.406870693 1.83745193
      vertex 1.18999839 -0.409103096 1.85552442
    endloop
  endfacet
  facet normal 0.473282754 -0.297255416 -0.829242216
    outer loop
      vertex 1.18999839 -0.409103096 1.85552442
      vertex 1.17840612 -0.463361084 1.8683579
      vertex 1.14814329 -0.461128682 1.85028541
    endloop
  endfacet
  facet normal 0.473282786 -0.297255268 -0.829242251
    outer loop
      vertex 1.14814329 -0.461128682 1.85028541
      vertex 1.17840612 -0.463361084 1.8683579
      vertex 1.15747857 -0.489373893 1.86573839
    endloop
  endfacet
  facet normal 0.473282539 -0.297255401 -0.829242344
    outer loop
      vertex 1.13880801 -0.432883471 1.83483243
      vertex 1.15973556 -0.406870693 1.83745193
      vertex 1.14814329 -0.461128682 1.85028541
    endloop
  endfacet
  facet normal 0.620874937 -0.555226203 0.553387908
    outer loop
      vertex 1.19763982 -0.3915205 1.81032634
      vertex 1.18066311 -0.380857885 1.84007144
      vertex 1.15973556 -0.406870693 1.83745193
    endloop
  endfacet
  facet normal 0.620875161 -0.555224911 0.553388952
    outer loop
      vertex 1.17728353 -0.417892039 1.80670607
      vertex 1.19763982 -0.3915205 1.81032634
      vertex 1.15973556 -0.406870693 1.83745193
    endloop
  endfacet
  facet normal 0.620874087 -0.555226247 0.553388817
    outer loop
      vertex 1.15973556 -0.406870693 1.83745193
      vertex 1.13880801 -0.432883471 1.83483243
      vertex 1.17728353 -0.417892039 1.80670607
    endloop
  endfacet
  facet normal 0.62087437 -0.55522475 0.553390002
    outer loop
      vertex 1.15692711 -0.444263577 1.80308592
      vertex 1.17728353 -0.417892039 1.80670607
      vertex 1.13880801 -0.432883471 1.83483243
    endloop
  endfacet
  facet normal -0.620874276 0.555225788 -0.553389066
    outer loop
      vertex 1.17840612 -0.463361084 1.8683579
      vertex 1.1985271 -0.475998551 1.83310378
      vertex 1.15747857 -0.489373893 1.86573839
    endloop
  endfacet
  facet normal -0.620874153 0.555226279 -0.55338871
    outer loop
      vertex 1.17817068 -0.502370119 1.82948351
      vertex 1.15747857 -0.489373893 1.86573839
      vertex 1.1985271 -0.475998551 1.83310378
    endloop
  endfacet
  facet normal -0.620873775 0.555226051 -0.553389363
    outer loop
      vertex 1.17840612 -0.463361084 1.8683579
      vertex 1.19933367 -0.437348306 1.8709774
      vertex 1.21888351 -0.449627012 1.83672404
    endloop
  endfacet
  facet normal -0.620873655 0.55522656 -0.553388988
    outer loop
      vertex 1.1985271 -0.475998551 1.83310378
      vertex 1.17840612 -0.463361084 1.8683579
      vertex 1.21888351 -0.449627012 1.83672404
    endloop
  endfacet
  facet normal 0.449225074 -0.228182071 -0.863788038
    outer loop
      vertex 1.31260526 -0.747005045 1.9640218
      vertex 1.33385682 -0.805133343 1.9904294
      vertex 1.32132077 -0.81186986 1.9856894
    endloop
  endfacet
  facet normal 0.449223833 -0.228181156 -0.863788926
    outer loop
      vertex 1.2913537 -0.688876748 1.93761432
      vertex 1.31260526 -0.747005045 1.9640218
      vertex 1.30006921 -0.753741503 1.9592818
    endloop
  endfacet
  facet normal 0.449224403 -0.228180236 -0.863788872
    outer loop
      vertex 1.22324121 -0.482059419 1.84755778
      vertex 1.23386705 -0.511123538 1.86076152
      vertex 1.22759902 -0.514491796 1.85839152
    endloop
  endfacet
  facet normal 0.449237722 -0.228179115 -0.863782242
    outer loop
      vertex 1.23700106 -0.509439409 1.86194658
      vertex 1.24231386 -0.523971498 1.86854851
      vertex 1.23917985 -0.525655627 1.86736345
    endloop
  endfacet
  facet normal 0.449224403 -0.228180236 -0.863788872
    outer loop
      vertex 1.24449277 -0.540187716 1.87396538
      vertex 1.25511861 -0.569251835 1.88716912
      vertex 1.24885058 -0.572620094 1.88479912
    endloop
  endfacet
  facet normal 0.449225242 -0.22818253 -0.86378783
    outer loop
      vertex 1.23917985 -0.525655627 1.86736345
      vertex 1.24449277 -0.540187716 1.87396538
      vertex 1.23822474 -0.543555975 1.87159538
    endloop
  endfacet
  facet normal 0.449226248 -0.22818528 -0.86378658
    outer loop
      vertex 1.22759902 -0.514491796 1.85839152
      vertex 1.23386705 -0.511123538 1.86076152
      vertex 1.23917985 -0.525655627 1.86736345
    endloop
  endfacet
  facet normal 0.449228729 -0.228182302 -0.863786077
    outer loop
      vertex 1.23822474 -0.543555975 1.87159538
      vertex 1.22759902 -0.514491796 1.85839152
      vertex 1.23917985 -0.525655627 1.86736345
    endloop
  endfacet
  facet normal 0.449224403 -0.228180236 -0.863788872
    outer loop
      vertex 1.23822474 -0.543555975 1.87159538
      vertex 1.24885058 -0.572620094 1.88479912
      vertex 1.23631454 -0.579356611 1.88005912
    endloop
  endfacet
  facet normal 0.449225745 -0.228183905 -0.863787205
    outer loop
      vertex 1.21506298 -0.521228313 1.85365152
      vertex 1.22759902 -0.514491796 1.85839152
      vertex 1.23822474 -0.543555975 1.87159538
    endloop
  endfacet
  facet normal 0.449229056 -0.228179931 -0.863786533
    outer loop
      vertex 1.23631454 -0.579356611 1.88005912
      vertex 1.21506298 -0.521228313 1.85365152
      vertex 1.23822474 -0.543555975 1.87159538
    endloop
  endfacet
  facet normal 0.449211835 -0.228183409 -0.86379457
    outer loop
      vertex 1.27419126 -0.611163974 1.90815985
      vertex 1.27950418 -0.625696063 1.91476166
      vertex 1.27637017 -0.627380192 1.91357672
    endloop
  endfacet
  facet normal 0.449223727 -0.228183345 -0.863788403
    outer loop
      vertex 1.27105725 -0.612848103 1.90697479
      vertex 1.27637017 -0.627380192 1.91357672
      vertex 1.27010214 -0.630748391 1.91120672
    endloop
  endfacet
  facet normal 0.449223309 -0.228177243 -0.863790232
    outer loop
      vertex 1.2594763 -0.601684272 1.89800298
      vertex 1.26574433 -0.598316014 1.90037298
      vertex 1.27105725 -0.612848103 1.90697479
    endloop
  endfacet
  facet normal 0.449217908 -0.228183726 -0.863791328
    outer loop
      vertex 1.27010214 -0.630748391 1.91120672
      vertex 1.2594763 -0.601684272 1.89800298
      vertex 1.27105725 -0.612848103 1.90697479
    endloop
  endfacet
  facet normal 0.449225745 -0.228183905 -0.863787205
    outer loop
      vertex 1.25511861 -0.569251835 1.88716912
      vertex 1.26574433 -0.598316014 1.90037298
      vertex 1.24885058 -0.572620094 1.88479912
    endloop
  endfacet
  facet normal 0.449225242 -0.22818253 -0.86378783
    outer loop
      vertex 1.28699589 -0.656444311 1.92678046
      vertex 1.29762173 -0.68550849 1.93998432
      vertex 1.2913537 -0.688876748 1.93761432
    endloop
  endfacet
  facet normal 0.449224906 -0.228181611 -0.863788247
    outer loop
      vertex 1.27637017 -0.627380192 1.91357672
      vertex 1.28699589 -0.656444311 1.92678046
      vertex 1.28072786 -0.65981257 1.92441046
    endloop
  endfacet
  facet normal 0.449224484 -0.228182938 -0.863788116
    outer loop
      vertex 1.28072786 -0.65981257 1.92441046
      vertex 1.2913537 -0.688876748 1.93761432
      vertex 1.27881765 -0.695613205 1.93287432
    endloop
  endfacet
  facet normal 0.449224778 -0.228181262 -0.863788406
    outer loop
      vertex 1.25756609 -0.637484908 1.90646672
      vertex 1.27010214 -0.630748391 1.91120672
      vertex 1.28072786 -0.65981257 1.92441046
    endloop
  endfacet
  facet normal 0.449223319 -0.228183014 -0.863788702
    outer loop
      vertex 1.27881765 -0.695613205 1.93287432
      vertex 1.25756609 -0.637484908 1.90646672
      vertex 1.28072786 -0.65981257 1.92441046
    endloop
  endfacet
  facet normal 0.449224403 -0.228180236 -0.863788872
    outer loop
      vertex 1.2594763 -0.601684272 1.89800298
      vertex 1.27010214 -0.630748391 1.91120672
      vertex 1.25756609 -0.637484908 1.90646672
    endloop
  endfacet
  facet normal 0.449225745 -0.228183905 -0.863787205
    outer loop
      vertex 1.23631454 -0.579356611 1.88005912
      vertex 1.24885058 -0.572620094 1.88479912
      vertex 1.2594763 -0.601684272 1.89800298
    endloop
  endfacet
  facet normal 0.449229056 -0.228179931 -0.863786533
    outer loop
      vertex 1.25756609 -0.637484908 1.90646672
      vertex 1.23631454 -0.579356611 1.88005912
      vertex 1.2594763 -0.601684272 1.89800298
    endloop
  endfacet
  facet normal 0.449225517 -0.22818084 -0.863788133
    outer loop
      vertex 1.42375815 -1.17411268 2.13465476
      vertex 1.37464058 -1.03976417 2.07362056
      vertex 1.47390223 -1.14716661 2.15361476
    endloop
  endfacet
  facet normal 0.449225918 -0.228181775 -0.863787678
    outer loop
      vertex 1.32132077 -0.81186986 1.9856894
      vertex 1.37391067 -0.873664975 2.02936363
      vertex 1.32552314 -0.905415654 2.01258636
    endloop
  endfacet
  facet normal 0.449225611 -0.22818183 -0.863787823
    outer loop
      vertex 1.27640569 -0.771067142 1.95155203
      vertex 1.32132077 -0.81186986 1.9856894
      vertex 1.32552314 -0.905415654 2.01258636
    endloop
  endfacet
  facet normal 0.449223813 -0.228182112 -0.863788683
    outer loop
      vertex 1.37464058 -1.03976417 2.07362056
      vertex 1.32552314 -0.905415654 2.01258636
      vertex 1.42390645 -1.01041579 2.09148908
    endloop
  endfacet
  facet normal 0.449225226 -0.228182485 -0.86378785
    outer loop
      vertex 1.32132077 -0.81186986 1.9856894
      vertex 1.33385682 -0.805133343 1.9904294
      vertex 1.37391067 -0.873664975 2.02936363
    endloop
  endfacet
  facet normal 0.449227499 -0.228180131 -0.86378729
    outer loop
      vertex 1.27640569 -0.771067142 1.95155203
      vertex 1.22728825 -0.636718631 1.89051783
      vertex 1.27881765 -0.695613205 1.93287432
    endloop
  endfacet
  facet normal 0.449225383 -0.228180323 -0.86378834
    outer loop
      vertex 1.27640569 -0.771067142 1.95155203
      vertex 1.27881765 -0.695613205 1.93287432
      vertex 1.30006921 -0.753741503 1.9592818
    endloop
  endfacet
  facet normal 0.449225967 -0.228181382 -0.863787756
    outer loop
      vertex 1.32132077 -0.81186986 1.9856894
      vertex 1.27640569 -0.771067142 1.95155203
      vertex 1.30006921 -0.753741503 1.9592818
    endloop
  endfacet
  facet normal 0.449228569 -0.228180192 -0.863786717
    outer loop
      vertex 1.33385682 -0.805133343 1.9904294
      vertex 1.31260526 -0.747005045 1.9640218
      vertex 1.32391489 -0.736914158 1.96723795
    endloop
  endfacet
  facet normal 0.449228004 -0.22818036 -0.863786967
    outer loop
      vertex 1.32391489 -0.736914158 1.96723795
      vertex 1.37391067 -0.873664975 2.02936363
      vertex 1.33385682 -0.805133343 1.9904294
    endloop
  endfacet
  facet normal 0.449227986 -0.228179373 -0.863787236
    outer loop
      vertex 1.32391489 -0.736914158 1.96723795
      vertex 1.31260526 -0.747005045 1.9640218
      vertex 1.29762173 -0.68550849 1.93998432
    endloop
  endfacet
  facet normal 0.449221751 -0.228184407 -0.86378915
    outer loop
      vertex 1.27950418 -0.625696063 1.91476166
      vertex 1.29762173 -0.68550849 1.93998432
      vertex 1.28699589 -0.656444311 1.92678046
    endloop
  endfacet
  facet normal 0.449224591 -0.228180749 -0.863788639
    outer loop
      vertex 1.31260526 -0.747005045 1.9640218
      vertex 1.2913537 -0.688876748 1.93761432
      vertex 1.29762173 -0.68550849 1.93998432
    endloop
  endfacet
  facet normal 0.449213432 -0.228187777 -0.863792586
    outer loop
      vertex 1.28699589 -0.656444311 1.92678046
      vertex 1.27637017 -0.627380192 1.91357672
      vertex 1.27950418 -0.625696063 1.91476166
    endloop
  endfacet
  facet normal 0.449218452 -0.228185957 -0.863790456
    outer loop
      vertex 1.32391489 -0.736914158 1.96723795
      vertex 1.29762173 -0.68550849 1.93998432
      vertex 1.27950418 -0.625696063 1.91476166
    endloop
  endfacet
  facet normal 0.449237906 -0.228174805 -0.863783284
    outer loop
      vertex 1.27391922 -0.6001634 1.90511239
      vertex 1.32391489 -0.736914158 1.96723795
      vertex 1.27950418 -0.625696063 1.91476166
    endloop
  endfacet
  facet normal 0.449226257 -0.228181435 -0.863787591
    outer loop
      vertex 1.23631454 -0.579356611 1.88005912
      vertex 1.25756609 -0.637484908 1.90646672
      vertex 1.22728825 -0.636718631 1.89051783
    endloop
  endfacet
  facet normal 0.449225118 -0.228176271 -0.863789548
    outer loop
      vertex 1.26574433 -0.598316014 1.90037298
      vertex 1.26974046 -0.602408886 1.90353239
      vertex 1.27105725 -0.612848103 1.90697479
    endloop
  endfacet
  facet normal 0.449226501 -0.228179109 -0.863788079
    outer loop
      vertex 1.25511861 -0.569251835 1.88716912
      vertex 1.24449277 -0.540187716 1.87396538
      vertex 1.246526 -0.538911402 1.87468565
    endloop
  endfacet
  facet normal 0.449227498 -0.228181318 -0.863786977
    outer loop
      vertex 1.246526 -0.538911402 1.87468565
      vertex 1.24449277 -0.540187716 1.87396538
      vertex 1.23917985 -0.525655627 1.86736345
    endloop
  endfacet
  facet normal 0.449232705 -0.228180165 -0.863784573
    outer loop
      vertex 1.26574433 -0.598316014 1.90037298
      vertex 1.25511861 -0.569251835 1.88716912
      vertex 1.25813329 -0.570660174 1.88910902
    endloop
  endfacet
  facet normal 0.449225708 -0.228180676 -0.863788078
    outer loop
      vertex 1.21506298 -0.521228313 1.85365152
      vertex 1.17817068 -0.502370119 1.82948351
      vertex 1.1985271 -0.475998551 1.83310378
    endloop
  endfacet
  facet normal 0.449224403 -0.228180236 -0.863788872
    outer loop
      vertex 1.22759902 -0.514491796 1.85839152
      vertex 1.21506298 -0.521228313 1.85365152
      vertex 1.21697319 -0.485427678 1.84518778
    endloop
  endfacet
  facet normal 0.449226821 -0.228180077 -0.863787657
    outer loop
      vertex 1.1985271 -0.475998551 1.83310378
      vertex 1.21697319 -0.485427678 1.84518778
      vertex 1.21506298 -0.521228313 1.85365152
    endloop
  endfacet
  facet normal 0.449226172 -0.228181349 -0.863787658
    outer loop
      vertex 1.21697319 -0.485427678 1.84518778
      vertex 1.1985271 -0.475998551 1.83310378
      vertex 1.21888351 -0.449627012 1.83672404
    endloop
  endfacet
  facet normal 0.449224966 -0.228182129 -0.863788079
    outer loop
      vertex 1.23631454 -0.579356611 1.88005912
      vertex 1.17817068 -0.502370119 1.82948351
      vertex 1.21506298 -0.521228313 1.85365152
    endloop
  endfacet
  facet normal 0.449225741 -0.228181404 -0.863787868
    outer loop
      vertex 1.17817068 -0.502370119 1.82948351
      vertex 1.23631454 -0.579356611 1.88005912
      vertex 1.22728825 -0.636718631 1.89051783
    endloop
  endfacet
  facet normal 0.449218228 -0.228185353 -0.863790732
    outer loop
      vertex 1.27419126 -0.611163974 1.90815985
      vertex 1.26974046 -0.602408886 1.90353239
      vertex 1.27391922 -0.6001634 1.90511239
    endloop
  endfacet
  facet normal 0.449204074 -0.228187579 -0.863797505
    outer loop
      vertex 1.27950418 -0.625696063 1.91476166
      vertex 1.27419126 -0.611163974 1.90815985
      vertex 1.27391922 -0.6001634 1.90511239
    endloop
  endfacet
  facet normal 0.44923563 -0.228173393 -0.863784841
    outer loop
      vertex 1.26974046 -0.602408886 1.90353239
      vertex 1.27419126 -0.611163974 1.90815985
      vertex 1.27105725 -0.612848103 1.90697479
    endloop
  endfacet
  facet normal 0.449236193 -0.228174933 -0.863784141
    outer loop
      vertex 1.24231386 -0.523971498 1.86854851
      vertex 1.246526 -0.538911402 1.87468565
      vertex 1.23917985 -0.525655627 1.86736345
    endloop
  endfacet
  facet normal 0.449235877 -0.22817407 -0.863784533
    outer loop
      vertex 1.22324121 -0.482059419 1.84755778
      vertex 1.23700106 -0.509439409 1.86194658
      vertex 1.23386705 -0.511123538 1.86076152
    endloop
  endfacet
  facet normal 0.449234312 -0.228177058 -0.863784558
    outer loop
      vertex 1.25070465 -0.536665916 1.87626565
      vertex 1.23700106 -0.509439409 1.86194658
      vertex 1.21888351 -0.449627012 1.83672404
    endloop
  endfacet
  facet normal 0.449225224 -0.228181328 -0.863788157
    outer loop
      vertex 1.22324121 -0.482059419 1.84755778
      vertex 1.21888351 -0.449627012 1.83672404
      vertex 1.23700106 -0.509439409 1.86194658
    endloop
  endfacet
  facet normal 0.449207437 -0.228195389 -0.863793693
    outer loop
      vertex 1.24231386 -0.523971498 1.86854851
      vertex 1.23700106 -0.509439409 1.86194658
      vertex 1.25070465 -0.536665916 1.87626565
    endloop
  endfacet
  facet normal 0.449224842 -0.228181436 -0.863788327
    outer loop
      vertex 1.21888351 -0.449627012 1.83672404
      vertex 1.22324121 -0.482059419 1.84755778
      vertex 1.21697319 -0.485427678 1.84518778
    endloop
  endfacet
  facet normal 0.449226682 -0.228179185 -0.863787964
    outer loop
      vertex 1.25070465 -0.536665916 1.87626565
      vertex 1.246526 -0.538911402 1.87468565
      vertex 1.24231386 -0.523971498 1.86854851
    endloop
  endfacet
  facet normal 0.449224253 -0.228182303 -0.863788404
    outer loop
      vertex 1.31260526 -0.747005045 1.9640218
      vertex 1.32132077 -0.81186986 1.9856894
      vertex 1.30006921 -0.753741503 1.9592818
    endloop
  endfacet
  facet normal 0.449223833 -0.228181156 -0.863788926
    outer loop
      vertex 1.2913537 -0.688876748 1.93761432
      vertex 1.30006921 -0.753741503 1.9592818
      vertex 1.27881765 -0.695613205 1.93287432
    endloop
  endfacet
  facet normal 0.449224403 -0.228180236 -0.863788872
    outer loop
      vertex 1.22324121 -0.482059419 1.84755778
      vertex 1.22759902 -0.514491796 1.85839152
      vertex 1.21697319 -0.485427678 1.84518778
    endloop
  endfacet
  facet normal 0.449237722 -0.228179115 -0.863782242
    outer loop
      vertex 1.23700106 -0.509439409 1.86194658
      vertex 1.23917985 -0.525655627 1.86736345
      vertex 1.23386705 -0.511123538 1.86076152
    endloop
  endfacet
  facet normal 0.449224403 -0.228180236 -0.863788872
    outer loop
      vertex 1.24449277 -0.540187716 1.87396538
      vertex 1.24885058 -0.572620094 1.88479912
      vertex 1.23822474 -0.543555975 1.87159538
    endloop
  endfacet
  facet normal 0.449236716 -0.228176365 -0.863783491
    outer loop
      vertex 1.27419126 -0.611163974 1.90815985
      vertex 1.27637017 -0.627380192 1.91357672
      vertex 1.27105725 -0.612848103 1.90697479
    endloop
  endfacet
  facet normal 0.449225745 -0.228183905 -0.863787205
    outer loop
      vertex 1.26574433 -0.598316014 1.90037298
      vertex 1.2594763 -0.601684272 1.89800298
      vertex 1.24885058 -0.572620094 1.88479912
    endloop
  endfacet
  facet normal 0.449225242 -0.22818253 -0.86378783
    outer loop
      vertex 1.28699589 -0.656444311 1.92678046
      vertex 1.2913537 -0.688876748 1.93761432
      vertex 1.28072786 -0.65981257 1.92441046
    endloop
  endfacet
  facet normal 0.449223263 -0.228182076 -0.863788979
    outer loop
      vertex 1.27637017 -0.627380192 1.91357672
      vertex 1.28072786 -0.65981257 1.92441046
      vertex 1.27010214 -0.630748391 1.91120672
    endloop
  endfacet
  facet normal 0.449223985 -0.228182519 -0.863788486
    outer loop
      vertex 1.37464058 -1.03976417 2.07362056
      vertex 1.42390645 -1.01041579 2.09148908
      vertex 1.47390223 -1.14716661 2.15361476
    endloop
  endfacet
  facet normal 0.449225294 -0.228180471 -0.863788347
    outer loop
      vertex 1.32552314 -0.905415654 2.01258636
      vertex 1.37391067 -0.873664975 2.02936363
      vertex 1.42390645 -1.01041579 2.09148908
    endloop
  endfacet
  facet normal 0.449226257 -0.228181435 -0.863787591
    outer loop
      vertex 1.22728825 -0.636718631 1.89051783
      vertex 1.25756609 -0.637484908 1.90646672
      vertex 1.27881765 -0.695613205 1.93287432
    endloop
  endfacet
  facet normal 0.449235037 -0.228175281 -0.863784651
    outer loop
      vertex 1.25511861 -0.569251835 1.88716912
      vertex 1.246526 -0.538911402 1.87468565
      vertex 1.25813329 -0.570660174 1.88910902
    endloop
  endfacet
  facet normal 0.449214857 -0.228188013 -0.863791782
    outer loop
      vertex 1.26574433 -0.598316014 1.90037298
      vertex 1.25813329 -0.570660174 1.88910902
      vertex 1.26974046 -0.602408886 1.90353239
    endloop
  endfacet
  facet normal 0.835736365 0.449098566 0.315998744
    outer loop
      vertex 1.25813329 -0.570660174 1.88910902
      vertex 1.2603904 -0.596845269 1.92035389
      vertex 1.26974046 -0.602408886 1.90353239
    endloop
  endfacet
  facet normal 0.835734409 0.449100793 0.316000752
    outer loop
      vertex 1.25813329 -0.570660174 1.88910902
      vertex 1.25104034 -0.591281712 1.93717527
      vertex 1.2603904 -0.596845269 1.92035389
    endloop
  endfacet
  facet normal 0.835734343 0.449100988 0.31600065
    outer loop
      vertex 1.23717594 -0.533347845 1.89150703
      vertex 1.25813329 -0.570660174 1.88910902
      vertex 1.246526 -0.538911402 1.87468565
    endloop
  endfacet
  facet normal 0.83573383 0.449100575 0.316002594
    outer loop
      vertex 1.25813329 -0.570660174 1.88910902
      vertex 1.23717594 -0.533347845 1.89150703
      vertex 1.22782576 -0.527784228 1.90832853
    endloop
  endfacet
  facet normal 0.835734352 0.449100879 0.31600078
    outer loop
      vertex 1.22073281 -0.548405766 1.95639491
      vertex 1.25104034 -0.591281712 1.93717527
      vertex 1.25813329 -0.570660174 1.88910902
    endloop
  endfacet
  facet normal 0.835735579 0.449100872 0.315997545
    outer loop
      vertex 1.22073281 -0.548405766 1.95639491
      vertex 1.2323401 -0.580154479 1.97081828
      vertex 1.24169016 -0.585718095 1.95399678
    endloop
  endfacet
  facet normal 0.835734055 0.449101751 0.316000327
    outer loop
      vertex 1.25813329 -0.570660174 1.88910902
      vertex 1.22782576 -0.527784228 1.90832853
      vertex 1.22073281 -0.548405766 1.95639491
    endloop
  endfacet
  facet normal 0.835736576 0.449097947 0.315999067
    outer loop
      vertex 1.22073281 -0.548405766 1.95639491
      vertex 1.22782576 -0.527784228 1.90832853
      vertex 1.2184757 -0.522220612 1.92515004
    endloop
  endfacet
  facet normal 0.83573274 0.449102314 0.316003004
    outer loop
      vertex 1.22073281 -0.548405766 1.95639491
      vertex 1.2184757 -0.522220612 1.92515004
      vertex 1.20912552 -0.516657054 1.94197154
    endloop
  endfacet
  facet normal 0.835734127 0.449099703 0.316003047
    outer loop
      vertex 1.24169016 -0.585718095 1.95399678
      vertex 1.25104034 -0.591281712 1.93717527
      vertex 1.22073281 -0.548405766 1.95639491
    endloop
  endfacet
  facet normal 0.289336823 -0.849225495 0.441701553
    outer loop
      vertex 1.246526 -0.538911402 1.87468565
      vertex 1.25070465 -0.536665916 1.87626565
      vertex 1.23717594 -0.533347845 1.89150703
    endloop
  endfacet
  facet normal 0.289337246 -0.849225746 0.441700792
    outer loop
      vertex 1.2320044 -0.525538743 1.90990853
      vertex 1.22782576 -0.527784228 1.90832853
      vertex 1.24135458 -0.5311023 1.89308703
    endloop
  endfacet
  facet normal 0.28933687 -0.849225523 0.441701468
    outer loop
      vertex 1.22782576 -0.527784228 1.90832853
      vertex 1.2320044 -0.525538743 1.90990853
      vertex 1.2184757 -0.522220612 1.92515004
    endloop
  endfacet
  facet normal 0.289339941 -0.849224298 0.441701811
    outer loop
      vertex 1.21330428 -0.514411509 1.94355154
      vertex 1.20912552 -0.516657054 1.94197154
      vertex 1.2184757 -0.522220612 1.92515004
    endloop
  endfacet
  facet normal 0.289344104 -0.849220246 0.441706874
    outer loop
      vertex 1.25070465 -0.536665916 1.87626565
      vertex 1.24135458 -0.5311023 1.89308703
      vertex 1.23717594 -0.533347845 1.89150703
    endloop
  endfacet
  facet normal 0.289344527 -0.849220498 0.441706113
    outer loop
      vertex 1.22782576 -0.527784228 1.90832853
      vertex 1.23717594 -0.533347845 1.89150703
      vertex 1.24135458 -0.5311023 1.89308703
    endloop
  endfacet
  facet normal 0.28933687 -0.849225523 0.441701468
    outer loop
      vertex 1.2320044 -0.525538743 1.90990853
      vertex 1.22265434 -0.519975126 1.92673004
      vertex 1.2184757 -0.522220612 1.92515004
    endloop
  endfacet
  facet normal 0.28933687 -0.849225523 0.441701468
    outer loop
      vertex 1.21330428 -0.514411509 1.94355154
      vertex 1.2184757 -0.522220612 1.92515004
      vertex 1.22265434 -0.519975126 1.92673004
    endloop
  endfacet
  facet normal -0.28933687 0.849225523 -0.441701468
    outer loop
      vertex 1.2323401 -0.580154479 1.97081828
      vertex 1.23651874 -0.577908993 1.97239828
      vertex 1.24169016 -0.585718095 1.95399678
    endloop
  endfacet
  facet normal -0.28934651 0.849221678 -0.441702545
    outer loop
      vertex 1.25521898 -0.589036167 1.93875527
      vertex 1.25104034 -0.591281712 1.93717527
      vertex 1.24586892 -0.58347261 1.95557678
    endloop
  endfacet
  facet normal -0.289344104 0.849220246 -0.441706874
    outer loop
      vertex 1.25104034 -0.591281712 1.93717527
      vertex 1.25521898 -0.589036167 1.93875527
      vertex 1.26456904 -0.594599783 1.92193389
    endloop
  endfacet
  facet normal -0.289330301 0.849228143 -0.441700734
    outer loop
      vertex 1.27391922 -0.6001634 1.90511239
      vertex 1.26974046 -0.602408886 1.90353239
      vertex 1.26456904 -0.594599783 1.92193389
    endloop
  endfacet
  facet normal -0.289330301 0.849228143 -0.441700734
    outer loop
      vertex 1.23651874 -0.577908993 1.97239828
      vertex 1.24586892 -0.58347261 1.95557678
      vertex 1.24169016 -0.585718095 1.95399678
    endloop
  endfacet
  facet normal -0.289330301 0.849228143 -0.441700734
    outer loop
      vertex 1.25104034 -0.591281712 1.93717527
      vertex 1.24169016 -0.585718095 1.95399678
      vertex 1.24586892 -0.58347261 1.95557678
    endloop
  endfacet
  facet normal -0.289336823 0.849225495 -0.441701553
    outer loop
      vertex 1.25104034 -0.591281712 1.93717527
      vertex 1.26456904 -0.594599783 1.92193389
      vertex 1.2603904 -0.596845269 1.92035389
    endloop
  endfacet
  facet normal -0.28933687 0.849225523 -0.441701468
    outer loop
      vertex 1.26974046 -0.602408886 1.90353239
      vertex 1.2603904 -0.596845269 1.92035389
      vertex 1.26456904 -0.594599783 1.92193389
    endloop
  endfacet
  facet normal 0.835735689 0.449099791 0.315998792
    outer loop
      vertex 1.09997904 -0.164416552 1.74585152
      vertex 1.06678998 -0.0736360252 1.70461011
      vertex 1.0909946 -0.159852922 1.76312721
    endloop
  endfacet
  facet normal 0.83573617 0.449100191 0.31599695
    outer loop
      vertex 1.10896361 -0.168980181 1.72857571
      vertex 1.07577443 -0.0781996474 1.6873343
      vertex 1.06678998 -0.0736360252 1.70461011
    endloop
  endfacet
  facet normal 0.835732645 0.449101247 0.316004772
    outer loop
      vertex 1.21164882 -0.479866594 1.89883435
      vertex 1.19505429 -0.434476316 1.87821364
      vertex 1.20715654 -0.477584779 1.90747213
    endloop
  endfacet
  facet normal 0.835734337 0.449100388 0.316001518
    outer loop
      vertex 1.20715654 -0.477584779 1.90747213
      vertex 1.19056201 -0.432194501 1.88685143
      vertex 1.18606973 -0.429912686 1.89548934
    endloop
  endfacet
  facet normal 0.835735694 0.449099627 0.31599901
    outer loop
      vertex 1.04004657 -0.000486288569 1.67137837
      vertex 1.0218277 0.00932457298 1.70561934
      vertex 1.05780542 -0.069072403 1.7218858
    endloop
  endfacet
  facet normal 0.835736386 0.449099579 0.315997249
    outer loop
      vertex 1.06969678 -0.121609457 1.76510239
      vertex 1.05780542 -0.069072403 1.7218858
      vertex 1.0218277 0.00932457298 1.70561934
    endloop
  endfacet
  facet normal 0.835733075 0.449101788 0.316002866
    outer loop
      vertex 1.06678998 -0.0736360252 1.70461011
      vertex 1.04004657 -0.000486288569 1.67137837
      vertex 1.05780542 -0.069072403 1.7218858
    endloop
  endfacet
  facet normal 0.835734932 0.449100796 0.315999366
    outer loop
      vertex 1.0909946 -0.159852922 1.76312721
      vertex 1.06969678 -0.121609457 1.76510239
      vertex 1.11756599 -0.252543479 1.82458544
    endloop
  endfacet
  facet normal 0.835735434 0.449100416 0.315998576
    outer loop
      vertex 1.18066311 -0.380857885 1.84007144
      vertex 1.0909946 -0.159852922 1.76312721
      vertex 1.11756599 -0.252543479 1.82458544
    endloop
  endfacet
  facet normal 0.835734986 0.449100837 0.315999163
    outer loop
      vertex 1.06969678 -0.121609457 1.76510239
      vertex 1.0909946 -0.159852922 1.76312721
      vertex 1.05780542 -0.069072403 1.7218858
    endloop
  endfacet
  facet normal 0.835736159 0.449100222 0.315996936
    outer loop
      vertex 1.07577443 -0.0781996474 1.6873343
      vertex 1.04004657 -0.000486288569 1.67137837
      vertex 1.06678998 -0.0736360252 1.70461011
    endloop
  endfacet
  facet normal 0.835733887 0.44910135 0.31600134
    outer loop
      vertex 1.07577443 -0.0781996474 1.6873343
      vertex 1.10896361 -0.168980181 1.72857571
      vertex 1.09310913 -0.105602987 1.68043458
    endloop
  endfacet
  facet normal 0.835733714 0.449101001 0.316002293
    outer loop
      vertex 1.07577443 -0.0781996474 1.6873343
      vertex 1.09310913 -0.105602987 1.68043458
      vertex 1.05826557 -0.0102971504 1.63713741
    endloop
  endfacet
  facet normal 0.835734529 0.449100327 0.316001097
    outer loop
      vertex 1.04004657 -0.000486288569 1.67137837
      vertex 1.07577443 -0.0781996474 1.6873343
      vertex 1.05826557 -0.0102971504 1.63713741
    endloop
  endfacet
  facet normal 0.835734479 0.449100832 0.316000512
    outer loop
      vertex 1.16279626 -0.29621467 1.76702917
      vertex 1.10896361 -0.168980181 1.72857571
      vertex 1.18066311 -0.380857885 1.84007144
    endloop
  endfacet
  facet normal 0.835734089 0.449101067 0.316001209
    outer loop
      vertex 1.09997904 -0.164416552 1.74585152
      vertex 1.18066311 -0.380857885 1.84007144
      vertex 1.10896361 -0.168980181 1.72857571
    endloop
  endfacet
  facet normal 0.835734465 0.449100836 0.316000542
    outer loop
      vertex 1.10896361 -0.168980181 1.72857571
      vertex 1.16279626 -0.29621467 1.76702917
      vertex 1.12795269 -0.200908825 1.72373188
    endloop
  endfacet
  facet normal 0.835734954 0.44910039 0.315999883
    outer loop
      vertex 1.16279626 -0.29621467 1.76702917
      vertex 1.18066311 -0.380857885 1.84007144
      vertex 1.19763982 -0.3915205 1.81032634
    endloop
  endfacet
  facet normal 0.835735464 0.449100406 0.315998512
    outer loop
      vertex 1.18066311 -0.380857885 1.84007144
      vertex 1.09997904 -0.164416552 1.74585152
      vertex 1.0909946 -0.159852922 1.76312721
    endloop
  endfacet
  facet normal 0.835735258 0.44910039 0.315999079
    outer loop
      vertex 1.18066311 -0.380857885 1.84007144
      vertex 1.11756599 -0.252543479 1.82458544
      vertex 1.19056201 -0.432194501 1.88685143
    endloop
  endfacet
  facet normal 0.835734121 0.44910098 0.316001249
    outer loop
      vertex 1.19056201 -0.432194501 1.88685143
      vertex 1.16543508 -0.383477509 1.88406849
      vertex 1.18606973 -0.429912686 1.89548934
    endloop
  endfacet
  facet normal 0.835734892 0.449100862 0.315999375
    outer loop
      vertex 1.16543508 -0.383477509 1.88406849
      vertex 1.21330428 -0.514411509 1.94355154
      vertex 1.18606973 -0.429912686 1.89548934
    endloop
  endfacet
  facet normal 0.835731703 0.449103825 0.316003601
    outer loop
      vertex 1.19056201 -0.432194501 1.88685143
      vertex 1.19505429 -0.434476316 1.87821364
      vertex 1.18066311 -0.380857885 1.84007144
    endloop
  endfacet
  facet normal 0.83573691 0.449099648 0.315995764
    outer loop
      vertex 1.18999839 -0.409103096 1.85552442
      vertex 1.18066311 -0.380857885 1.84007144
      vertex 1.19505429 -0.434476316 1.87821364
    endloop
  endfacet
  facet normal 0.8357355 0.449101104 0.315997424
    outer loop
      vertex 1.22265434 -0.519975126 1.92673004
      vertex 1.20266426 -0.475302964 1.91611004
      vertex 1.21330428 -0.514411509 1.94355154
    endloop
  endfacet
  facet normal 0.835734001 0.449101307 0.3160011
    outer loop
      vertex 1.20266426 -0.475302964 1.91611004
      vertex 1.22265434 -0.519975126 1.92673004
      vertex 1.20715654 -0.477584779 1.90747213
    endloop
  endfacet
  facet normal 0.835732309 0.449102167 0.316004354
    outer loop
      vertex 1.22265434 -0.519975126 1.92673004
      vertex 1.21164882 -0.479866594 1.89883435
      vertex 1.20715654 -0.477584779 1.90747213
    endloop
  endfacet
  facet normal 0.83573691 0.449099648 0.315995764
    outer loop
      vertex 1.19933367 -0.437348306 1.8709774
      vertex 1.18999839 -0.409103096 1.85552442
      vertex 1.19505429 -0.434476316 1.87821364
    endloop
  endfacet
  facet normal 0.83573428 0.449100749 0.316001157
    outer loop
      vertex 1.21888351 -0.449627012 1.83672404
      vertex 1.19933367 -0.437348306 1.8709774
      vertex 1.24135458 -0.5311023 1.89308703
    endloop
  endfacet
  facet normal 0.835733226 0.449100887 0.316003746
    outer loop
      vertex 1.19933367 -0.437348306 1.8709774
      vertex 1.2320044 -0.525538743 1.90990853
      vertex 1.24135458 -0.5311023 1.89308703
    endloop
  endfacet
  facet normal 0.835736174 0.449099124 0.315998454
    outer loop
      vertex 1.22265434 -0.519975126 1.92673004
      vertex 1.2320044 -0.525538743 1.90990853
      vertex 1.21164882 -0.479866594 1.89883435
    endloop
  endfacet
  facet normal 0.835735155 0.449100063 0.315999817
    outer loop
      vertex 1.24135458 -0.5311023 1.89308703
      vertex 1.25070465 -0.536665916 1.87626565
      vertex 1.21888351 -0.449627012 1.83672404
    endloop
  endfacet
  facet normal 0.835737101 0.44909899 0.315996197
    outer loop
      vertex 1.2320044 -0.525538743 1.90990853
      vertex 1.19933367 -0.437348306 1.8709774
      vertex 1.21164882 -0.479866594 1.89883435
    endloop
  endfacet
  facet normal 0.835737124 0.449098972 0.315996159
    outer loop
      vertex 1.19933367 -0.437348306 1.8709774
      vertex 1.19505429 -0.434476316 1.87821364
      vertex 1.21164882 -0.479866594 1.89883435
    endloop
  endfacet
  facet normal 0.835733825 0.44910088 0.316002174
    outer loop
      vertex 1.19056201 -0.432194501 1.88685143
      vertex 1.11756599 -0.252543479 1.82458544
      vertex 1.16543508 -0.383477509 1.88406849
    endloop
  endfacet
  facet normal 0.835733066 0.449101812 0.316002855
    outer loop
      vertex 1.06678998 -0.0736360252 1.70461011
      vertex 1.05780542 -0.069072403 1.7218858
      vertex 1.0909946 -0.159852922 1.76312721
    endloop
  endfacet
  facet normal 0.835734297 0.449100498 0.316001468
    outer loop
      vertex 1.10896361 -0.168980181 1.72857571
      vertex 1.06678998 -0.0736360252 1.70461011
      vertex 1.09997904 -0.164416552 1.74585152
    endloop
  endfacet
  facet normal 0.835732645 0.449101247 0.316004772
    outer loop
      vertex 1.19505429 -0.434476316 1.87821364
      vertex 1.19056201 -0.432194501 1.88685143
      vertex 1.20715654 -0.477584779 1.90747213
    endloop
  endfacet
  facet normal 0.835734337 0.449100388 0.316001518
    outer loop
      vertex 1.20715654 -0.477584779 1.90747213
      vertex 1.18606973 -0.429912686 1.89548934
      vertex 1.20266426 -0.475302964 1.91611004
    endloop
  endfacet
  facet normal 0.835734477 0.449100851 0.316000489
    outer loop
      vertex 1.10896361 -0.168980181 1.72857571
      vertex 1.12795269 -0.200908825 1.72373188
      vertex 1.09310913 -0.105602987 1.68043458
    endloop
  endfacet
  facet normal 0.835740087 0.449097467 0.315990463
    outer loop
      vertex 1.21330428 -0.514411509 1.94355154
      vertex 1.20266426 -0.475302964 1.91611004
      vertex 1.18606973 -0.429912686 1.89548934
    endloop
  endfacet
  facet normal -0.472076597 0.293607989 0.831226826
    outer loop
      vertex 1.28368318 -0.830828011 2.01723742
      vertex 1.29362464 -0.860733628 2.03344679
      vertex 1.31385517 -0.862327695 2.04549932
    endloop
  endfacet
  facet normal -0.472072758 0.29360449 0.831230242
    outer loop
      vertex 1.34437466 -0.835610092 2.05339479
      vertex 1.3340857 -0.863921702 2.05755162
      vertex 1.35431612 -0.865515709 2.06960392
    endloop
  endfacet
  facet normal -0.472067807 0.293617783 0.831228358
    outer loop
      vertex 1.3340857 -0.863921702 2.05755162
      vertex 1.28368318 -0.830828011 2.01723742
      vertex 1.31385517 -0.862327695 2.04549932
    endloop
  endfacet
  facet normal -0.472074877 0.293601772 0.831229998
    outer loop
      vertex 1.30408728 -0.803313434 2.01910686
      vertex 1.2737416 -0.800922394 2.0010283
      vertex 1.28368318 -0.830828011 2.01723742
    endloop
  endfacet
  facet normal -0.47207195 0.293608907 0.831229141
    outer loop
      vertex 1.33443308 -0.805704474 2.03718543
      vertex 1.30408728 -0.803313434 2.01910686
      vertex 1.34437466 -0.835610092 2.05339479
    endloop
  endfacet
  facet normal -0.472076367 0.293602962 0.831228732
    outer loop
      vertex 1.28368318 -0.830828011 2.01723742
      vertex 1.34437466 -0.835610092 2.05339479
      vertex 1.30408728 -0.803313434 2.01910686
    endloop
  endfacet
  facet normal -0.472075859 0.293605315 0.831228189
    outer loop
      vertex 1.3340857 -0.863921702 2.05755162
      vertex 1.34437466 -0.835610092 2.05339479
      vertex 1.28368318 -0.830828011 2.01723742
    endloop
  endfacet
  facet normal 0.377218797 -0.284643511 -0.881296801
    outer loop
      vertex 1.31595588 -0.794212461 2.06972027
      vertex 1.31714094 -0.815275252 2.07703042
      vertex 1.30994773 -0.804022312 2.07031703
    endloop
  endfacet
  facet normal 0.377231565 -0.284650854 -0.881288964
    outer loop
      vertex 1.30994773 -0.804022312 2.07031703
      vertex 1.30275452 -0.792769432 2.0636034
      vertex 1.31595588 -0.794212461 2.06972027
    endloop
  endfacet
  facet normal 0.377248696 -0.284638004 -0.881285781
    outer loop
      vertex 1.32433414 -0.826528132 2.08374405
      vertex 1.31714094 -0.815275252 2.07703042
      vertex 1.32114637 -0.808735311 2.07663274
    endloop
  endfacet
  facet normal 0.377248696 -0.284638004 -0.881285781
    outer loop
      vertex 1.32433414 -0.826528132 2.08374405
      vertex 1.32633686 -0.823258162 2.08354521
      vertex 1.33152735 -0.837781012 2.09045768
    endloop
  endfacet
  facet normal 0.377248696 -0.284638004 -0.881285781
    outer loop
      vertex 1.32114637 -0.808735311 2.07663274
      vertex 1.31714094 -0.815275252 2.07703042
      vertex 1.31595588 -0.794212461 2.06972027
    endloop
  endfacet
  facet normal 0.377248696 -0.284638004 -0.881285781
    outer loop
      vertex 1.32633686 -0.823258162 2.08354521
      vertex 1.32433414 -0.826528132 2.08374405
      vertex 1.32114637 -0.808735311 2.07663274
    endloop
  endfacet
  facet normal 0.206069306 0.953536987 -0.219778654
    outer loop
      vertex 1.28475773 -0.855218828 2.04905963
      vertex 1.31385517 -0.862327695 2.04549932
      vertex 1.29362464 -0.860733628 2.03344679
    endloop
  endfacet
  facet normal 0.206064596 0.953538073 -0.219778356
    outer loop
      vertex 1.27589083 -0.849704027 2.06467271
      vertex 1.29140425 -0.851111352 2.07311225
      vertex 1.28475773 -0.855218828 2.04905963
    endloop
  endfacet
  facet normal 0.206069177 0.95353684 -0.219779412
    outer loop
      vertex 1.31385517 -0.862327695 2.04549932
      vertex 1.28475773 -0.855218828 2.04905963
      vertex 1.29140425 -0.851111352 2.07311225
    endloop
  endfacet
  facet normal 0.206068666 0.953536853 -0.219779833
    outer loop
      vertex 1.29140425 -0.851111352 2.07311225
      vertex 1.30691767 -0.852518678 2.08155203
      vertex 1.31385517 -0.862327695 2.04549932
    endloop
  endfacet
  facet normal 0.206064329 0.953538412 -0.219777137
    outer loop
      vertex 1.34613025 -0.860424519 2.08401775
      vertex 1.35431612 -0.865515709 2.06960392
      vertex 1.3340857 -0.863921702 2.05755162
    endloop
  endfacet
  facet normal 0.206068002 0.953537268 -0.219778657
    outer loop
      vertex 1.32243097 -0.853925943 2.08999181
      vertex 1.34613025 -0.860424519 2.08401775
      vertex 1.3340857 -0.863921702 2.05755162
    endloop
  endfacet
  facet normal 0.206066358 0.953537472 -0.21977931
    outer loop
      vertex 1.3340857 -0.863921702 2.05755162
      vertex 1.30691767 -0.852518678 2.08155203
      vertex 1.32243097 -0.853925943 2.08999181
    endloop
  endfacet
  facet normal 0.206068024 0.95353728 -0.219778582
    outer loop
      vertex 1.34613025 -0.860424519 2.08401775
      vertex 1.32243097 -0.853925943 2.08999181
      vertex 1.33794439 -0.855333269 2.09843159
    endloop
  endfacet
  facet normal 0.20606514 0.953537423 -0.219780666
    outer loop
      vertex 1.31385517 -0.862327695 2.04549932
      vertex 1.30691767 -0.852518678 2.08155203
      vertex 1.3340857 -0.863921702 2.05755162
    endloop
  endfacet
  facet normal -0.206066108 -0.953537151 0.21978094
    outer loop
      vertex 1.31595588 -0.794212461 2.06972027
      vertex 1.30275452 -0.792769432 2.0636034
      vertex 1.33443308 -0.805704474 2.03718543
    endloop
  endfacet
  facet normal -0.206066682 -0.953537182 0.219780267
    outer loop
      vertex 1.30408728 -0.803313434 2.01910686
      vertex 1.33443308 -0.805704474 2.03718543
      vertex 1.30275452 -0.792769432 2.0636034
    endloop
  endfacet
  facet normal -0.206067304 -0.953537118 0.219779961
    outer loop
      vertex 1.27809739 -0.790532649 2.05018926
      vertex 1.2737416 -0.800922394 2.0010283
      vertex 1.30408728 -0.803313434 2.01910686
    endloop
  endfacet
  facet normal -0.206065814 -0.953537454 0.2197799
    outer loop
      vertex 1.2737416 -0.800922394 2.0010283
      vertex 1.27809739 -0.790532649 2.05018926
      vertex 1.25344014 -0.788295865 2.03677511
    endloop
  endfacet
  facet normal -0.206066968 -0.953537125 0.219780245
    outer loop
      vertex 1.30275452 -0.792769432 2.0636034
      vertex 1.27809739 -0.790532649 2.05018926
      vertex 1.30408728 -0.803313434 2.01910686
    endloop
  endfacet
  facet normal -0.449224982 0.228181819 0.863788153
    outer loop
      vertex 1.226542 -0.571132779 1.96541965
      vertex 1.21996081 -0.5531317 1.95724177
      vertex 1.21369278 -0.556499958 1.95487177
    endloop
  endfacet
  facet normal -0.449231555 0.228180269 0.863785144
    outer loop
      vertex 1.22685516 -0.592502177 1.97122753
      vertex 1.23312306 -0.589133918 1.97359753
      vertex 1.226542 -0.571132779 1.96541965
    endloop
  endfacet
  facet normal -0.449225637 0.22818113 0.863787994
    outer loop
      vertex 1.21369278 -0.556499958 1.95487177
      vertex 1.22685516 -0.592502177 1.97122753
      vertex 1.226542 -0.571132779 1.96541965
    endloop
  endfacet
  facet normal -0.44923095 0.228178613 0.863785896
    outer loop
      vertex 1.23312306 -0.589133918 1.97359753
      vertex 1.22685516 -0.592502177 1.97122753
      vertex 1.24628544 -0.625136077 1.98995328
    endloop
  endfacet
  facet normal -0.449224879 0.228181538 0.863788281
    outer loop
      vertex 1.22685516 -0.592502177 1.97122753
      vertex 1.21369278 -0.556499958 1.95487177
      vertex 1.20115674 -0.563236475 1.95013177
    endloop
  endfacet
  facet normal -0.449225388 0.228182929 0.863787648
    outer loop
      vertex 1.22748137 -0.635240853 1.98284328
      vertex 1.24001741 -0.628504336 1.98758328
      vertex 1.22685516 -0.592502177 1.97122753
    endloop
  endfacet
  facet normal -0.449223263 0.228183239 0.863788672
    outer loop
      vertex 1.20115674 -0.563236475 1.95013177
      vertex 1.22748137 -0.635240853 1.98284328
      vertex 1.22685516 -0.592502177 1.97122753
    endloop
  endfacet
  facet normal -0.449224692 0.228181025 0.863788513
    outer loop
      vertex 1.24001741 -0.628504336 1.98758328
      vertex 1.22748137 -0.635240853 1.98284328
      vertex 1.26634204 -0.700508773 2.02029467
    endloop
  endfacet
  facet normal -0.449225134 0.228182233 0.863787964
    outer loop
      vertex 1.26634204 -0.700508773 2.02029467
      vertex 1.25380599 -0.70724529 2.01555467
      vertex 1.28013062 -0.779249668 2.04826617
    endloop
  endfacet
  facet normal -0.449225108 0.228182163 0.863787997
    outer loop
      vertex 1.16104352 -0.412491143 1.88944888
      vertex 1.14850748 -0.41922766 1.88470888
      vertex 1.17483211 -0.491232067 1.91742039
    endloop
  endfacet
  facet normal -0.44922415 0.228179544 0.863789186
    outer loop
      vertex 1.20053053 -0.520497739 1.93851602
      vertex 1.18736815 -0.48449555 1.92216039
      vertex 1.17483211 -0.491232067 1.91742039
    endloop
  endfacet
  facet normal -0.449225285 0.228182648 0.863787776
    outer loop
      vertex 1.20115674 -0.563236475 1.95013177
      vertex 1.21369278 -0.556499958 1.95487177
      vertex 1.20053053 -0.520497739 1.93851602
    endloop
  endfacet
  facet normal -0.449220547 0.228183337 0.863790058
    outer loop
      vertex 1.17483211 -0.491232067 1.91742039
      vertex 1.20115674 -0.563236475 1.95013177
      vertex 1.20053053 -0.520497739 1.93851602
    endloop
  endfacet
  facet normal -0.449224556 0.228180654 0.863788682
    outer loop
      vertex 1.19363618 -0.481127292 1.92453039
      vertex 1.18736815 -0.48449555 1.92216039
      vertex 1.20679843 -0.517129481 1.94088602
    endloop
  endfacet
  facet normal -0.449230744 0.228178049 0.863786152
    outer loop
      vertex 1.21337962 -0.53513062 1.9490639
      vertex 1.20679843 -0.517129481 1.94088602
      vertex 1.20053053 -0.520497739 1.93851602
    endloop
  endfacet
  facet normal -0.449224982 0.228181819 0.863788153
    outer loop
      vertex 1.21369278 -0.556499958 1.95487177
      vertex 1.21996081 -0.5531317 1.95724177
      vertex 1.21337962 -0.53513062 1.9490639
    endloop
  endfacet
  facet normal -0.449227511 0.228181451 0.863786935
    outer loop
      vertex 1.20053053 -0.520497739 1.93851602
      vertex 1.21369278 -0.556499958 1.95487177
      vertex 1.21337962 -0.53513062 1.9490639
    endloop
  endfacet
  facet normal -0.44923394 0.228178091 0.863784479
    outer loop
      vertex 1.02942038 -0.0524691604 1.72589171
      vertex 1.01688445 -0.0592056699 1.72115159
      vertex 1.04320896 -0.131210074 1.7538631
    endloop
  endfacet
  facet normal -0.449225267 0.228182752 0.863787758
    outer loop
      vertex 1.01688445 -0.0592056699 1.72115159
      vertex 1.0043484 -0.0659421831 1.71641159
      vertex 1.04320896 -0.131210074 1.7538631
    endloop
  endfacet
  facet normal -0.449222713 0.228182703 0.863789099
    outer loop
      vertex 1.27809739 -0.790532649 2.05018926
      vertex 1.25380599 -0.70724529 2.01555467
      vertex 1.25344014 -0.788295865 2.03677511
    endloop
  endfacet
  facet normal -0.449224126 0.228179477 0.863789217
    outer loop
      vertex 1.30275452 -0.792769432 2.0636034
      vertex 1.29266667 -0.772513151 2.05300617
      vertex 1.28013062 -0.779249668 2.04826617
    endloop
  endfacet
  facet normal -0.449233138 0.228177932 0.863784938
    outer loop
      vertex 1.28013062 -0.779249668 2.04826617
      vertex 1.25380599 -0.70724529 2.01555467
      vertex 1.27809739 -0.790532649 2.05018926
    endloop
  endfacet
  facet normal -0.449226166 0.228181257 0.863787686
    outer loop
      vertex 1.16354835 -0.542419493 1.92507386
      vertex 1.20849431 -0.665357649 1.98092449
      vertex 1.20115674 -0.563236475 1.95013177
    endloop
  endfacet
  facet normal -0.449224402 0.228182495 0.863788276
    outer loop
      vertex 1.25344014 -0.788295865 2.03677511
      vertex 1.25380599 -0.70724529 2.01555467
      vertex 1.20849431 -0.665357649 1.98092449
    endloop
  endfacet
  facet normal -0.449226269 0.228180178 0.863787917
    outer loop
      vertex 1.25380599 -0.70724529 2.01555467
      vertex 1.22748137 -0.635240853 1.98284328
      vertex 1.20849431 -0.665357649 1.98092449
    endloop
  endfacet
  facet normal -0.449223142 0.228183304 0.863788718
    outer loop
      vertex 1.28402305 -0.707845032 2.03142786
      vertex 1.26634204 -0.700508773 2.02029467
      vertex 1.29266667 -0.772513151 2.05300617
    endloop
  endfacet
  facet normal -0.449226884 0.228179932 0.863787662
    outer loop
      vertex 1.16354835 -0.542419493 1.92507386
      vertex 1.20115674 -0.563236475 1.95013177
      vertex 1.17483211 -0.491232067 1.91742039
    endloop
  endfacet
  facet normal -0.449224692 0.228181025 0.863788513
    outer loop
      vertex 1.24001741 -0.628504336 1.98758328
      vertex 1.26634204 -0.700508773 2.02029467
      vertex 1.24628544 -0.625136077 1.98995328
    endloop
  endfacet
  facet normal -0.449225402 0.228177254 0.86378914
    outer loop
      vertex 1.30275452 -0.792769432 2.0636034
      vertex 1.28013062 -0.779249668 2.04826617
      vertex 1.27809739 -0.790532649 2.05018926
    endloop
  endfacet
  facet normal -0.449227744 0.22818005 0.863787184
    outer loop
      vertex 1.11860251 -0.419481337 1.86922336
      vertex 1.16354835 -0.542419493 1.92507386
      vertex 1.17483211 -0.491232067 1.91742039
    endloop
  endfacet
  facet normal -0.449227851 0.228180521 0.863787004
    outer loop
      vertex 1.04320896 -0.131210074 1.7538631
      vertex 1.03067303 -0.137946576 1.7491231
      vertex 1.07365668 -0.296543151 1.81337285
    endloop
  endfacet
  facet normal -0.449226189 0.228181244 0.863787677
    outer loop
      vertex 1.03067303 -0.137946576 1.7491231
      vertex 1.02871072 -0.173604995 1.75752223
      vertex 1.07365668 -0.296543151 1.81337285
    endloop
  endfacet
  facet normal -0.44922104 0.228184391 0.863789524
    outer loop
      vertex 1.03067303 -0.137946576 1.7491231
      vertex 1.0043484 -0.0659421831 1.71641159
      vertex 0.983764887 -0.0506668165 1.70167172
    endloop
  endfacet
  facet normal -0.449223318 0.228181034 0.863789226
    outer loop
      vertex 1.00279629 -0.0206711218 1.70364547
      vertex 0.983764887 -0.0506668165 1.70167172
      vertex 1.0043484 -0.0659421831 1.71641159
    endloop
  endfacet
  facet normal -0.449226184 0.228180839 0.863787786
    outer loop
      vertex 1.14850748 -0.41922766 1.88470888
      vertex 1.07365668 -0.296543151 1.81337285
      vertex 1.11860251 -0.419481337 1.86922336
    endloop
  endfacet
  facet normal -0.449225108 0.228182163 0.863787997
    outer loop
      vertex 1.19363618 -0.481127292 1.92453039
      vertex 1.16104352 -0.412491143 1.88944888
      vertex 1.18736815 -0.48449555 1.92216039
    endloop
  endfacet
  facet normal -0.449225936 0.228181111 0.863787844
    outer loop
      vertex 1.11756599 -0.252543479 1.82458544
      vertex 1.04320896 -0.131210074 1.7538631
      vertex 1.14850748 -0.41922766 1.88470888
    endloop
  endfacet
  facet normal -0.449233235 0.228176164 0.863785354
    outer loop
      vertex 1.02942038 -0.0524691604 1.72589171
      vertex 1.00279629 -0.0206711218 1.70364547
      vertex 1.01688445 -0.0592056699 1.72115159
    endloop
  endfacet
  facet normal -0.449224562 0.228180825 0.863788634
    outer loop
      vertex 1.0043484 -0.0659421831 1.71641159
      vertex 1.01688445 -0.0592056699 1.72115159
      vertex 1.00279629 -0.0206711218 1.70364547
    endloop
  endfacet
  facet normal -0.449224858 0.228181479 0.863788307
    outer loop
      vertex 1.14850748 -0.41922766 1.88470888
      vertex 1.16104352 -0.412491143 1.88944888
      vertex 1.11756599 -0.252543479 1.82458544
    endloop
  endfacet
  facet normal -0.449225636 0.228181272 0.863787957
    outer loop
      vertex 1.07365668 -0.296543151 1.81337285
      vertex 1.14850748 -0.41922766 1.88470888
      vertex 1.04320896 -0.131210074 1.7538631
    endloop
  endfacet
  facet normal -0.449224012 0.228181318 0.86378879
    outer loop
      vertex 1.24628544 -0.625136077 1.98995328
      vertex 1.26634204 -0.700508773 2.02029467
      vertex 1.28402305 -0.707845032 2.03142786
    endloop
  endfacet
  facet normal -0.449239207 0.228176425 0.86378218
    outer loop
      vertex 1.30994773 -0.804022312 2.07031703
      vertex 1.28402305 -0.707845032 2.03142786
      vertex 1.30275452 -0.792769432 2.0636034
    endloop
  endfacet
  facet normal -0.449229354 0.228181452 0.863785976
    outer loop
      vertex 1.2323401 -0.580154479 1.97081828
      vertex 1.226542 -0.571132779 1.96541965
      vertex 1.23312306 -0.589133918 1.97359753
    endloop
  endfacet
  facet normal -0.449245227 0.22817094 0.863780497
    outer loop
      vertex 1.226542 -0.571132779 1.96541965
      vertex 1.22073281 -0.548405766 1.95639491
      vertex 1.21996081 -0.5531317 1.95724177
    endloop
  endfacet
  facet normal -0.44922292 0.228182928 0.863788932
    outer loop
      vertex 1.23312306 -0.589133918 1.97359753
      vertex 1.24628544 -0.625136077 1.98995328
      vertex 1.2323401 -0.580154479 1.97081828
    endloop
  endfacet
  facet normal -0.44924454 0.228172051 0.863780562
    outer loop
      vertex 1.32433414 -0.826528132 2.08374405
      vertex 1.28402305 -0.707845032 2.03142786
      vertex 1.31714094 -0.815275252 2.07703042
    endloop
  endfacet
  facet normal -0.44924454 0.228172051 0.863780562
    outer loop
      vertex 1.33152735 -0.837781012 2.09045768
      vertex 1.28402305 -0.707845032 2.03142786
      vertex 1.32433414 -0.826528132 2.08374405
    endloop
  endfacet
  facet normal -0.449227288 0.228180842 0.863787212
    outer loop
      vertex 1.2323401 -0.580154479 1.97081828
      vertex 1.24628544 -0.625136077 1.98995328
      vertex 1.23651874 -0.577908993 1.97239828
    endloop
  endfacet
  facet normal -0.449221343 0.228183008 0.863789732
    outer loop
      vertex 1.23651874 -0.577908993 1.97239828
      vertex 1.24628544 -0.625136077 1.98995328
      vertex 1.28402305 -0.707845032 2.03142786
    endloop
  endfacet
  facet normal -0.449238906 0.228173584 0.863783087
    outer loop
      vertex 1.2323401 -0.580154479 1.97081828
      vertex 1.22073281 -0.548405766 1.95639491
      vertex 1.226542 -0.571132779 1.96541965
    endloop
  endfacet
  facet normal -0.449195623 0.22819532 0.863799854
    outer loop
      vertex 1.31714094 -0.815275252 2.07703042
      vertex 1.28402305 -0.707845032 2.03142786
      vertex 1.30994773 -0.804022312 2.07031703
    endloop
  endfacet
  facet normal -0.449249591 0.22816792 0.863779025
    outer loop
      vertex 1.20912552 -0.516657054 1.94197154
      vertex 1.20679843 -0.517129481 1.94088602
      vertex 1.21337962 -0.53513062 1.9490639
    endloop
  endfacet
  facet normal -0.449245227 0.22817094 0.863780497
    outer loop
      vertex 1.21996081 -0.5531317 1.95724177
      vertex 1.22073281 -0.548405766 1.95639491
      vertex 1.21337962 -0.53513062 1.9490639
    endloop
  endfacet
  facet normal -0.449249547 0.228167225 0.863779232
    outer loop
      vertex 1.20912552 -0.516657054 1.94197154
      vertex 1.19363618 -0.481127292 1.92453039
      vertex 1.20679843 -0.517129481 1.94088602
    endloop
  endfacet
  facet normal -0.449228175 0.22817927 0.863787166
    outer loop
      vertex 1.06969678 -0.121609457 1.76510239
      vertex 1.02942038 -0.0524691604 1.72589171
      vertex 1.05574501 -0.124473557 1.7586031
    endloop
  endfacet
  facet normal -0.449228866 0.22817971 0.86378669
    outer loop
      vertex 1.16104352 -0.412491143 1.88944888
      vertex 1.19363618 -0.481127292 1.92453039
      vertex 1.16543508 -0.383477509 1.88406849
    endloop
  endfacet
  facet normal -0.449228908 0.228179713 0.863786667
    outer loop
      vertex 1.16543508 -0.383477509 1.88406849
      vertex 1.11756599 -0.252543479 1.82458544
      vertex 1.16104352 -0.412491143 1.88944888
    endloop
  endfacet
  facet normal -0.449249057 0.228168129 0.863779248
    outer loop
      vertex 1.21337962 -0.53513062 1.9490639
      vertex 1.22073281 -0.548405766 1.95639491
      vertex 1.20912552 -0.516657054 1.94197154
    endloop
  endfacet
  facet normal -0.449225316 0.228181324 0.86378811
    outer loop
      vertex 1.19363618 -0.481127292 1.92453039
      vertex 1.21330428 -0.514411509 1.94355154
      vertex 1.16543508 -0.383477509 1.88406849
    endloop
  endfacet
  facet normal -0.449224996 0.228181857 0.863788135
    outer loop
      vertex 1.04320896 -0.131210074 1.7538631
      vertex 1.11756599 -0.252543479 1.82458544
      vertex 1.05574501 -0.124473557 1.7586031
    endloop
  endfacet
  facet normal -0.449228205 0.228179737 0.863787027
    outer loop
      vertex 1.11756599 -0.252543479 1.82458544
      vertex 1.06969678 -0.121609457 1.76510239
      vertex 1.05574501 -0.124473557 1.7586031
    endloop
  endfacet
  facet normal -0.449224467 0.228182099 0.863788347
    outer loop
      vertex 1.06969678 -0.121609457 1.76510239
      vertex 1.0218277 0.00932457298 1.70561934
      vertex 1.02942038 -0.0524691604 1.72589171
    endloop
  endfacet
  facet normal -0.44922076 0.228184839 0.863789551
    outer loop
      vertex 1.20912552 -0.516657054 1.94197154
      vertex 1.21330428 -0.514411509 1.94355154
      vertex 1.19363618 -0.481127292 1.92453039
    endloop
  endfacet
  facet normal -0.449228439 0.228181026 0.863786564
    outer loop
      vertex 1.00279629 -0.0206711218 1.70364547
      vertex 1.02942038 -0.0524691604 1.72589171
      vertex 1.0218277 0.00932457298 1.70561934
    endloop
  endfacet
  facet normal -0.449215124 0.228185567 0.86379229
    outer loop
      vertex 1.28402305 -0.707845032 2.03142786
      vertex 1.29266667 -0.772513151 2.05300617
      vertex 1.30275452 -0.792769432 2.0636034
    endloop
  endfacet
  facet normal -0.449225388 0.228182929 0.863787648
    outer loop
      vertex 1.22685516 -0.592502177 1.97122753
      vertex 1.24001741 -0.628504336 1.98758328
      vertex 1.24628544 -0.625136077 1.98995328
    endloop
  endfacet
  facet normal -0.449224692 0.228181025 0.863788513
    outer loop
      vertex 1.22748137 -0.635240853 1.98284328
      vertex 1.25380599 -0.70724529 2.01555467
      vertex 1.26634204 -0.700508773 2.02029467
    endloop
  endfacet
  facet normal -0.449225134 0.228182233 0.863787964
    outer loop
      vertex 1.26634204 -0.700508773 2.02029467
      vertex 1.28013062 -0.779249668 2.04826617
      vertex 1.29266667 -0.772513151 2.05300617
    endloop
  endfacet
  facet normal -0.449225108 0.228182163 0.863787997
    outer loop
      vertex 1.16104352 -0.412491143 1.88944888
      vertex 1.17483211 -0.491232067 1.91742039
      vertex 1.18736815 -0.48449555 1.92216039
    endloop
  endfacet
  facet normal -0.449230118 0.228176337 0.86378693
    outer loop
      vertex 1.18736815 -0.48449555 1.92216039
      vertex 1.20053053 -0.520497739 1.93851602
      vertex 1.20679843 -0.517129481 1.94088602
    endloop
  endfacet
  facet normal -0.449224727 0.228181122 0.863788469
    outer loop
      vertex 1.02942038 -0.0524691604 1.72589171
      vertex 1.04320896 -0.131210074 1.7538631
      vertex 1.05574501 -0.124473557 1.7586031
    endloop
  endfacet
  facet normal -0.449227915 0.228180697 0.863786924
    outer loop
      vertex 1.0043484 -0.0659421831 1.71641159
      vertex 1.03067303 -0.137946576 1.7491231
      vertex 1.04320896 -0.131210074 1.7538631
    endloop
  endfacet
  facet normal -0.449227462 0.228180982 0.863787084
    outer loop
      vertex 1.20849431 -0.665357649 1.98092449
      vertex 1.22748137 -0.635240853 1.98284328
      vertex 1.20115674 -0.563236475 1.95013177
    endloop
  endfacet
  facet normal -0.449226105 0.228181627 0.86378762
    outer loop
      vertex 1.11860251 -0.419481337 1.86922336
      vertex 1.17483211 -0.491232067 1.91742039
      vertex 1.14850748 -0.41922766 1.88470888
    endloop
  endfacet
  facet normal -0.449225353 0.228181298 0.863788097
    outer loop
      vertex 1.03067303 -0.137946576 1.7491231
      vertex 0.983764887 -0.0506668165 1.70167172
      vertex 1.02871072 -0.173604995 1.75752223
    endloop
  endfacet
endsolid b10
