solid e11
  facet normal -0.502037943 -0.684594769 0.528476969
    outer loop
      vertex 4.58200979 0.105303712 1.24978971
      vertex 4.61087418 0.0693935752 1.23069167
      vertex 4.62372732 0.0716657564 1.2458452
    endloop
  endfacet
  facet normal -0.502039236 -0.684596036 0.528474098
    outer loop
      vertex 4.58200979 0.105303712 1.24978971
      vertex 4.62372732 0.0716657564 1.2458452
      vertex 4.59486294 0.107575893 1.26494336
    endloop
  endfacet
  facet normal -0.502035053 -0.684590311 0.528485489
    outer loop
      vertex 4.63331175 0.0323473476 1.20401669
      vertex 4.6477437 0.0143922791 1.19446766
      vertex 4.65417051 0.0155283697 1.20204449
    endloop
  endfacet
  facet normal -0.502035053 -0.684590311 0.528485489
    outer loop
      vertex 4.63331175 0.0323473476 1.20401669
      vertex 4.65417051 0.0155283697 1.20204449
      vertex 4.63973856 0.0334834382 1.21159351
    endloop
  endfacet
  facet normal -0.502035053 -0.684590311 0.528485489
    outer loop
      vertex 4.63973856 0.0334834382 1.21159351
      vertex 4.65417051 0.0155283697 1.20204449
      vertex 4.66059732 0.0166644603 1.20962131
    endloop
  endfacet
  facet normal -0.502044882 -0.684599942 0.528463675
    outer loop
      vertex 4.63973856 0.0334834382 1.21159351
      vertex 4.66059732 0.0166644603 1.20962131
      vertex 4.64616489 0.0346195288 1.21917033
    endloop
  endfacet
  facet normal -0.502044882 -0.684599942 0.528463675
    outer loop
      vertex 4.64616489 0.0346195288 1.21917033
      vertex 4.66059732 0.0166644603 1.20962131
      vertex 4.66702366 0.0178005509 1.21719813
    endloop
  endfacet
  facet normal -0.502035053 -0.684590311 0.528485489
    outer loop
      vertex 4.64616489 0.0346195288 1.21917033
      vertex 4.66702366 0.0178005509 1.21719813
      vertex 4.65259171 0.0357556194 1.22674716
    endloop
  endfacet
  facet normal -0.502032275 -0.684593767 0.528483651
    outer loop
      vertex 4.64616489 0.0346195288 1.21917033
      vertex 4.65259171 0.0357556194 1.22674716
      vertex 4.62372732 0.0716657564 1.2458452
    endloop
  endfacet
  facet normal -0.502046929 -0.684597396 0.528465029
    outer loop
      vertex 4.61087418 0.0693935752 1.23069167
      vertex 4.63973856 0.0334834382 1.21159351
      vertex 4.64616489 0.0346195288 1.21917033
    endloop
  endfacet
  facet normal -0.502038967 -0.684593495 0.528477646
    outer loop
      vertex 4.62372732 0.0716657564 1.2458452
      vertex 4.61087418 0.0693935752 1.23069167
      vertex 4.64616489 0.0346195288 1.21917033
    endloop
  endfacet
  facet normal -0.502027495 -0.68459396 0.528487941
    outer loop
      vertex 4.65901804 0.03689171 1.23432398
      vertex 4.66544485 0.0380278006 1.24190068
      vertex 4.63658047 0.0739379376 1.26099885
    endloop
  endfacet
  facet normal -0.50204766 -0.684596486 0.528465513
    outer loop
      vertex 4.62372732 0.0716657564 1.2458452
      vertex 4.65259171 0.0357556194 1.22674716
      vertex 4.65901804 0.03689171 1.23432398
    endloop
  endfacet
  facet normal -0.502041356 -0.684593398 0.528475501
    outer loop
      vertex 4.63658047 0.0739379376 1.26099885
      vertex 4.62372732 0.0716657564 1.2458452
      vertex 4.65901804 0.03689171 1.23432398
    endloop
  endfacet
  facet normal -0.502031004 -0.684589595 0.528490262
    outer loop
      vertex 4.65259171 0.0357556194 1.22674716
      vertex 4.66702366 0.0178005509 1.21719813
      vertex 4.67345047 0.0189366415 1.22477484
    endloop
  endfacet
  facet normal -0.50204342 -0.684601761 0.528462707
    outer loop
      vertex 4.65259171 0.0357556194 1.22674716
      vertex 4.67345047 0.0189366415 1.22477484
      vertex 4.65901804 0.03689171 1.23432398
    endloop
  endfacet
  facet normal -0.50204342 -0.684601761 0.528462707
    outer loop
      vertex 4.65901804 0.03689171 1.23432398
      vertex 4.67345047 0.0189366415 1.22477484
      vertex 4.6798768 0.0200727321 1.23235166
    endloop
  endfacet
  facet normal -0.502031004 -0.684589595 0.528490262
    outer loop
      vertex 4.65901804 0.03689171 1.23432398
      vertex 4.6798768 0.0200727321 1.23235166
      vertex 4.66544485 0.0380278006 1.24190068
    endloop
  endfacet
  facet normal -0.502035053 -0.684590311 0.528485489
    outer loop
      vertex 4.66544485 0.0380278006 1.24190068
      vertex 4.6798768 0.0200727321 1.23235166
      vertex 4.68630362 0.0212088227 1.23992848
    endloop
  endfacet
  facet normal -0.502035053 -0.684590311 0.528485489
    outer loop
      vertex 4.66544485 0.0380278006 1.24190068
      vertex 4.68630362 0.0212088227 1.23992848
      vertex 4.67187166 0.0391638912 1.24947751
    endloop
  endfacet
  facet normal -0.502028858 -0.68459394 0.528486673
    outer loop
      vertex 4.6798768 0.0200727321 1.23235166
      vertex 4.69251204 0.00435332023 1.22399163
      vertex 4.69863939 0.00586201996 1.23176658
    endloop
  endfacet
  facet normal -0.502045454 -0.684595219 0.528469251
    outer loop
      vertex 4.67345047 0.0189366415 1.22477484
      vertex 4.68638515 0.00284462003 1.21621668
      vertex 4.69251204 0.00435332023 1.22399163
    endloop
  endfacet
  facet normal -0.502047113 -0.684597167 0.528465151
    outer loop
      vertex 4.67345047 0.0189366415 1.22477484
      vertex 4.69251204 0.00435332023 1.22399163
      vertex 4.6798768 0.0200727321 1.23235166
    endloop
  endfacet
  facet normal -0.502042939 -0.684598152 0.528467839
    outer loop
      vertex 4.70476627 0.00737072015 1.23954153
      vertex 4.68630362 0.0212088227 1.23992848
      vertex 4.69863939 0.00586201996 1.23176658
    endloop
  endfacet
  facet normal -0.502036997 -0.684590654 0.528483197
    outer loop
      vertex 4.70476627 0.00737072015 1.23954153
      vertex 4.67187166 0.0391638912 1.24947751
      vertex 4.68630362 0.0212088227 1.23992848
    endloop
  endfacet
  facet normal -0.502031544 -0.684594676 0.528483167
    outer loop
      vertex 4.66544485 0.0380278006 1.24190068
      vertex 4.67187166 0.0391638912 1.24947751
      vertex 4.63658047 0.0739379376 1.26099885
    endloop
  endfacet
  facet normal -0.502030515 -0.684595956 0.528482487
    outer loop
      vertex 4.69863939 0.00586201996 1.23176658
      vertex 4.68630362 0.0212088227 1.23992848
      vertex 4.6798768 0.0200727321 1.23235166
    endloop
  endfacet
  facet normal -0.502046839 -0.684595823 0.528467152
    outer loop
      vertex 4.67187166 0.0391638912 1.24947751
      vertex 4.70476627 0.00737072015 1.23954153
      vertex 4.62887812 0.101783454 1.28975308
    endloop
  endfacet
  facet normal -0.502028844 -0.684592282 0.528488833
    outer loop
      vertex 4.66702366 0.0178005509 1.21719813
      vertex 4.68638515 0.00284462003 1.21621668
      vertex 4.67345047 0.0189366415 1.22477484
    endloop
  endfacet
  facet normal -0.502046108 -0.684594462 0.528469609
    outer loop
      vertex 4.66059732 0.0166644603 1.20962131
      vertex 4.67413092 -0.00017278023 1.20066679
      vertex 4.6802578 0.00133591983 1.20844173
    endloop
  endfacet
  facet normal -0.502040704 -0.684600775 0.528466566
    outer loop
      vertex 4.6477437 0.0143922791 1.19446766
      vertex 4.66187668 -0.00319018029 1.18511677
      vertex 4.66800356 -0.00168148032 1.19289172
    endloop
  endfacet
  facet normal -0.502025309 -0.684598053 0.528484716
    outer loop
      vertex 4.6477437 0.0143922791 1.19446766
      vertex 4.65574932 -0.00469888048 1.17734182
      vertex 4.66187668 -0.00319018029 1.18511677
    endloop
  endfacet
  facet normal -0.502034267 -0.684593046 0.528482692
    outer loop
      vertex 4.66800356 -0.00168148032 1.19289172
      vertex 4.67413092 -0.00017278023 1.20066679
      vertex 4.65417051 0.0155283697 1.20204449
    endloop
  endfacet
  facet normal -0.502047795 -0.684596318 0.528465602
    outer loop
      vertex 4.6802578 0.00133591983 1.20844173
      vertex 4.66702366 0.0178005509 1.21719813
      vertex 4.66059732 0.0166644603 1.20962131
    endloop
  endfacet
  facet normal -0.50203303 -0.684592827 0.528484151
    outer loop
      vertex 4.66800356 -0.00168148032 1.19289172
      vertex 4.65417051 0.0155283697 1.20204449
      vertex 4.6477437 0.0143922791 1.19446766
    endloop
  endfacet
  facet normal -0.502033507 -0.684592235 0.528484466
    outer loop
      vertex 4.67413092 -0.00017278023 1.20066679
      vertex 4.66059732 0.0166644603 1.20962131
      vertex 4.65417051 0.0155283697 1.20204449
    endloop
  endfacet
  facet normal -0.502029559 -0.684593094 0.528487103
    outer loop
      vertex 4.66702366 0.0178005509 1.21719813
      vertex 4.6802578 0.00133591983 1.20844173
      vertex 4.68638515 0.00284462003 1.21621668
    endloop
  endfacet
  facet normal -0.502050417 -0.684593027 0.528467375
    outer loop
      vertex 4.63331175 0.0323473476 1.20401669
      vertex 4.65574932 -0.00469888048 1.17734182
      vertex 4.6477437 0.0143922791 1.19446766
    endloop
  endfacet
  facet normal -0.502037076 -0.684593919 0.528478892
    outer loop
      vertex 4.59486294 0.107575893 1.26494336
      vertex 4.63658047 0.0739379376 1.26099885
      vertex 4.62887812 0.101783454 1.28975308
    endloop
  endfacet
  facet normal -0.502032694 -0.68459524 0.528481345
    outer loop
      vertex 4.67187166 0.0391638912 1.24947751
      vertex 4.62887812 0.101783454 1.28975308
      vertex 4.63658047 0.0739379376 1.26099885
    endloop
  endfacet
  facet normal -0.502039236 -0.684596036 0.528474098
    outer loop
      vertex 4.63658047 0.0739379376 1.26099885
      vertex 4.59486294 0.107575893 1.26494336
      vertex 4.62372732 0.0716657564 1.2458452
    endloop
  endfacet
  facet normal -0.502032824 -0.684589206 0.528489037
    outer loop
      vertex 4.59486294 0.107575893 1.26494336
      vertex 4.55716658 0.148321748 1.28191507
      vertex 4.57922411 0.120224357 1.26647186
    endloop
  endfacet
  facet normal -0.502039512 -0.684595693 0.528474281
    outer loop
      vertex 4.57922411 0.120224357 1.26647186
      vertex 4.58200979 0.105303712 1.24978971
      vertex 4.59486294 0.107575893 1.26494336
    endloop
  endfacet
  facet normal -0.502038361 -0.684591111 0.52848131
    outer loop
      vertex 4.55716658 0.148321748 1.28191507
      vertex 4.59486294 0.107575893 1.26494336
      vertex 4.62887812 0.101783454 1.28975308
    endloop
  endfacet
  facet normal -0.502039978 -0.684594632 0.528475213
    outer loop
      vertex 4.45096874 0.286595583 1.36015141
      vertex 4.55298996 0.196196184 1.33996463
      vertex 4.4771018 0.290608913 1.39017618
    endloop
  endfacet
  facet normal -0.502036529 -0.684596062 0.528476637
    outer loop
      vertex 4.55716658 0.148321748 1.28191507
      vertex 4.55298996 0.196196184 1.33996463
      vertex 4.53510857 0.176419139 1.29735839
    endloop
  endfacet
  facet normal -0.502039135 -0.684594033 0.52847679
    outer loop
      vertex 4.45096874 0.286595583 1.36015141
      vertex 4.53510857 0.176419139 1.29735839
      vertex 4.55298996 0.196196184 1.33996463
    endloop
  endfacet
  facet normal -0.502037912 -0.684593876 0.528478154
    outer loop
      vertex 4.45419312 0.246058106 1.31070197
      vertex 4.53510857 0.176419139 1.29735839
      vertex 4.45096874 0.286595583 1.36015141
    endloop
  endfacet
  facet normal -0.50203998 -0.684594632 0.52847521
    outer loop
      vertex 4.62887812 0.101783454 1.28975308
      vertex 4.55298996 0.196196184 1.33996463
      vertex 4.55716658 0.148321748 1.28191507
    endloop
  endfacet
  facet normal -0.502040001 -0.684595132 0.528474543
    outer loop
      vertex 4.61087418 0.0693935752 1.23069167
      vertex 4.58200979 0.105303712 1.24978971
      vertex 4.55796194 0.116959035 1.24204326
    endloop
  endfacet
  facet normal -0.502036555 -0.684592801 0.528480836
    outer loop
      vertex 4.61087418 0.0693935752 1.23069167
      vertex 4.55796194 0.116959035 1.24204326
      vertex 4.60685539 0.0561300777 1.20969248
    endloop
  endfacet
  facet normal -0.502033525 -0.684594596 0.528481389
    outer loop
      vertex 4.63331175 0.0323473476 1.20401669
      vertex 4.61087418 0.0693935752 1.23069167
      vertex 4.60685539 0.0561300777 1.20969248
    endloop
  endfacet
  facet normal -0.50204002 -0.684595511 0.528474034
    outer loop
      vertex 4.56859303 0.118591696 1.25425756
      vertex 4.55796194 0.116959035 1.24204326
      vertex 4.58200979 0.105303712 1.24978971
    endloop
  endfacet
  facet normal -0.502032292 -0.684593761 0.528483642
    outer loop
      vertex 4.65574932 -0.00469888048 1.17734182
      vertex 4.63331175 0.0323473476 1.20401669
      vertex 4.60685539 0.0561300777 1.20969248
    endloop
  endfacet
  facet normal -0.50204002 -0.684595511 0.528474034
    outer loop
      vertex 4.58200979 0.105303712 1.24978971
      vertex 4.57922411 0.120224357 1.26647186
      vertex 4.56859303 0.118591696 1.25425756
    endloop
  endfacet
  facet normal -0.502031544 -0.684594676 0.528483167
    outer loop
      vertex 4.61087418 0.0693935752 1.23069167
      vertex 4.63331175 0.0323473476 1.20401669
      vertex 4.63973856 0.0334834382 1.21159351
    endloop
  endfacet
  facet normal -0.502037726 -0.684591818 0.528480997
    outer loop
      vertex 4.48355103 0.209533975 1.29127741
      vertex 4.51290846 0.173009858 1.27185273
      vertex 4.53510857 0.176419139 1.29735839
    endloop
  endfacet
  facet normal -0.502039012 -0.68459474 0.528475991
    outer loop
      vertex 4.48355103 0.209533975 1.29127741
      vertex 4.53510857 0.176419139 1.29735839
      vertex 4.45419312 0.246058106 1.31070197
    endloop
  endfacet
  facet normal -0.502034794 -0.684595181 0.528479427
    outer loop
      vertex 4.45419312 0.246058106 1.31070197
      vertex 4.45096874 0.286595583 1.36015141
      vertex 4.42483521 0.282582223 1.33012664
    endloop
  endfacet
  facet normal -0.118049056 0.992556744 -0.0299254269
    outer loop
      vertex 4.50647688 0.293339014 1.36485124
      vertex 4.53585148 0.296069115 1.33952618
      vertex 4.50971842 0.292055756 1.30950141
    endloop
  endfacet
  facet normal -0.118047428 0.992556923 -0.0299258828
    outer loop
      vertex 4.50647688 0.293339014 1.36485124
      vertex 4.45096874 0.286595583 1.36015141
      vertex 4.4771018 0.290608913 1.39017618
    endloop
  endfacet
  facet normal -0.118047475 0.992556934 -0.0299253388
    outer loop
      vertex 4.45096874 0.286595583 1.36015141
      vertex 4.50647688 0.293339014 1.36485124
      vertex 4.50971842 0.292055756 1.30950141
    endloop
  endfacet
  facet normal -0.118047475 0.992556934 -0.0299253388
    outer loop
      vertex 4.50971842 0.292055756 1.30950141
      vertex 4.45421028 0.285312325 1.30480158
      vertex 4.45096874 0.286595583 1.36015141
    endloop
  endfacet
  facet normal -0.118047066 0.992556984 -0.029925316
    outer loop
      vertex 4.45421028 0.285312325 1.30480158
      vertex 4.42483521 0.282582223 1.33012664
      vertex 4.45096874 0.286595583 1.36015141
    endloop
  endfacet
  facet normal -0.118047604 0.992556964 -0.0299238601
    outer loop
      vertex 4.48358488 0.288042426 1.27947664
      vertex 4.45421028 0.285312325 1.30480158
      vertex 4.50971842 0.292055756 1.30950141
    endloop
  endfacet
  facet normal -0.653224208 -0.100315865 -0.750489747
    outer loop
      vertex 4.55716658 0.148321748 1.28191507
      vertex 4.56418562 0.179103494 1.2716912
      vertex 4.61532021 0.153690472 1.23058069
    endloop
  endfacet
  facet normal -0.653222205 -0.100307121 -0.75049266
    outer loop
      vertex 4.56418562 0.179103494 1.2716912
      vertex 4.59326267 0.181787863 1.24602401
      vertex 4.61532021 0.153690472 1.23058069
    endloop
  endfacet
  facet normal -0.653221005 -0.100317451 -0.750492323
    outer loop
      vertex 4.55716658 0.148321748 1.28191507
      vertex 4.53510857 0.176419139 1.29735839
      vertex 4.56418562 0.179103494 1.2716912
    endloop
  endfacet
  facet normal -0.653218504 -0.100305512 -0.750496096
    outer loop
      vertex 4.59860897 0.122013934 1.24936044
      vertex 4.57922411 0.120224357 1.26647186
      vertex 4.55716658 0.148321748 1.28191507
    endloop
  endfacet
  facet normal -0.653220414 -0.100311582 -0.750493622
    outer loop
      vertex 4.55716658 0.148321748 1.28191507
      vertex 4.61799383 0.123803504 1.2322489
      vertex 4.59860897 0.122013934 1.24936044
    endloop
  endfacet
  facet normal -0.653225099 -0.100326469 -0.750487555
    outer loop
      vertex 4.61799383 0.123803504 1.2322489
      vertex 4.61532021 0.153690472 1.23058069
      vertex 4.63737822 0.125593081 1.21513748
    endloop
  endfacet
  facet normal -0.653222957 -0.100326382 -0.75048943
    outer loop
      vertex 4.55716658 0.148321748 1.28191507
      vertex 4.61532021 0.153690472 1.23058069
      vertex 4.61799383 0.123803504 1.2322489
    endloop
  endfacet
  facet normal -0.118050163 0.99255664 -0.0299244991
    outer loop
      vertex 4.56859303 0.118591696 1.25425756
      vertex 4.572649 0.118324086 1.22938073
      vertex 4.55796194 0.116959035 1.24204326
    endloop
  endfacet
  facet normal -0.118047898 0.992556849 -0.0299264977
    outer loop
      vertex 4.59860897 0.122013934 1.24936044
      vertex 4.56859303 0.118591696 1.25425756
      vertex 4.57922411 0.120224357 1.26647186
    endloop
  endfacet
  facet normal -0.118047516 0.992556968 -0.0299240711
    outer loop
      vertex 4.572649 0.118324086 1.22938073
      vertex 4.56859303 0.118591696 1.25425756
      vertex 4.59860897 0.122013934 1.24936044
    endloop
  endfacet
  facet normal -0.118046804 0.992557024 -0.0299250071
    outer loop
      vertex 4.59860897 0.122013934 1.24936044
      vertex 4.58733654 0.119689137 1.2167182
      vertex 4.572649 0.118324086 1.22938073
    endloop
  endfacet
  facet normal -0.118049158 0.992556661 -0.0299277775
    outer loop
      vertex 4.62704468 0.12400616 1.20326531
      vertex 4.61671162 0.122419231 1.19139314
      vertex 4.60202408 0.12105418 1.20405567
    endloop
  endfacet
  facet normal -0.118046461 0.992557059 -0.0299251901
    outer loop
      vertex 4.61799383 0.123803504 1.2322489
      vertex 4.60202408 0.12105418 1.20405567
      vertex 4.58733654 0.119689137 1.2167182
    endloop
  endfacet
  facet normal -0.11804807 0.992556922 -0.0299233952
    outer loop
      vertex 4.63737822 0.125593081 1.21513748
      vertex 4.62704468 0.12400616 1.20326531
      vertex 4.61799383 0.123803504 1.2322489
    endloop
  endfacet
  facet normal -0.118049046 0.992556797 -0.0299237007
    outer loop
      vertex 4.60202408 0.12105418 1.20405567
      vertex 4.61799383 0.123803504 1.2322489
      vertex 4.62704468 0.12400616 1.20326531
    endloop
  endfacet
  facet normal -0.118046499 0.992557057 -0.0299251146
    outer loop
      vertex 4.59860897 0.122013934 1.24936044
      vertex 4.61799383 0.123803504 1.2322489
      vertex 4.58733654 0.119689137 1.2167182
    endloop
  endfacet
  facet normal 0.118047528 -0.992556975 0.0299237711
    outer loop
      vertex 4.54228354 0.175739959 1.24652767
      vertex 4.57165813 0.17847006 1.22120273
      vertex 4.59326267 0.181787863 1.24602401
    endloop
  endfacet
  facet normal 0.118047535 -0.992556944 0.0299247654
    outer loop
      vertex 4.56418562 0.179103494 1.2716912
      vertex 4.54228354 0.175739959 1.24652767
      vertex 4.59326267 0.181787863 1.24602401
    endloop
  endfacet
  facet normal 0.118047 -0.992557009 0.0299247292
    outer loop
      vertex 4.53510857 0.176419139 1.29735839
      vertex 4.51290846 0.173009858 1.27185273
      vertex 4.56418562 0.179103494 1.2716912
    endloop
  endfacet
  facet normal 0.118047 -0.992556994 0.0299252376
    outer loop
      vertex 4.54228354 0.175739959 1.24652767
      vertex 4.56418562 0.179103494 1.2716912
      vertex 4.51290846 0.173009858 1.27185273
    endloop
  endfacet
  facet normal -0.642663322 -0.113612624 -0.757678049
    outer loop
      vertex 4.45421028 0.285312325 1.30480158
      vertex 4.48358488 0.288042426 1.27947664
      vertex 4.51294279 0.251518309 1.26005197
    endloop
  endfacet
  facet normal -0.642659705 -0.113607692 -0.757681856
    outer loop
      vertex 4.45419312 0.246058106 1.31070197
      vertex 4.42483521 0.282582223 1.33012664
      vertex 4.45421028 0.285312325 1.30480158
    endloop
  endfacet
  facet normal -0.642657934 -0.113607914 -0.757683325
    outer loop
      vertex 4.45421028 0.285312325 1.30480158
      vertex 4.48355103 0.209533975 1.29127741
      vertex 4.45419312 0.246058106 1.31070197
    endloop
  endfacet
  facet normal -0.642662343 -0.113609129 -0.757679404
    outer loop
      vertex 4.54228354 0.175739959 1.24652767
      vertex 4.45421028 0.285312325 1.30480158
      vertex 4.51294279 0.251518309 1.26005197
    endloop
  endfacet
  facet normal -0.642664318 -0.113604865 -0.757678368
    outer loop
      vertex 4.54228354 0.175739959 1.24652767
      vertex 4.5423007 0.214994177 1.24062741
      vertex 4.57165813 0.17847006 1.22120273
    endloop
  endfacet
  facet normal -0.642660701 -0.113599933 -0.757682175
    outer loop
      vertex 4.51290846 0.173009858 1.27185273
      vertex 4.48355103 0.209533975 1.29127741
      vertex 4.54228354 0.175739959 1.24652767
    endloop
  endfacet
  facet normal -0.642663855 -0.11361119 -0.757677813
    outer loop
      vertex 4.54228354 0.175739959 1.24652767
      vertex 4.48355103 0.209533975 1.29127741
      vertex 4.45421028 0.285312325 1.30480158
    endloop
  endfacet
  facet normal -0.642656423 -0.113605853 -0.757684917
    outer loop
      vertex 4.5423007 0.214994177 1.24062741
      vertex 4.54228354 0.175739959 1.24652767
      vertex 4.51294279 0.251518309 1.26005197
    endloop
  endfacet
  facet normal -0.502041218 -0.684584404 0.528487284
    outer loop
      vertex 4.6942277 -0.00949816126 1.19821703
      vertex 4.68849802 -0.00236963481 1.20200813
      vertex 4.67593718 -0.00546247 1.18606949
    endloop
  endfacet
  facet normal -0.502032015 -0.684607867 0.528465632
    outer loop
      vertex 4.6942277 -0.00949816126 1.19821703
      vertex 4.67593718 -0.00546247 1.18606949
      vertex 4.68166733 -0.0125909969 1.18227828
    endloop
  endfacet
  facet normal -0.502033923 -0.684603002 0.528470122
    outer loop
      vertex 4.70678854 -0.00640532607 1.21415567
      vertex 4.70105839 0.000723200326 1.21794677
      vertex 4.68849802 -0.00236963481 1.20200813
    endloop
  endfacet
  facet normal -0.502041218 -0.684584404 0.528487284
    outer loop
      vertex 4.70678854 -0.00640532607 1.21415567
      vertex 4.68849802 -0.00236963481 1.20200813
      vertex 4.6942277 -0.00949816126 1.19821703
    endloop
  endfacet
  facet normal -0.502045158 -0.684574899 0.528495853
    outer loop
      vertex 4.67593718 -0.00546247 1.18606949
      vertex 4.66438675 0.000232791383 1.18247437
      vertex 4.65825939 -0.00127590867 1.17469943
    endloop
  endfacet
  facet normal -0.502026473 -0.684596709 0.528485352
    outer loop
      vertex 4.67664099 0.00325019145 1.19802439
      vertex 4.67051363 0.00174149149 1.19024944
      vertex 4.67593718 -0.00546247 1.18606949
    endloop
  endfacet
  facet normal -0.502046834 -0.684599053 0.528462972
    outer loop
      vertex 4.66438675 0.000232791383 1.18247437
      vertex 4.67593718 -0.00546247 1.18606949
      vertex 4.67051363 0.00174149149 1.19024944
    endloop
  endfacet
  facet normal -0.502033805 -0.684593055 0.52848312
    outer loop
      vertex 4.68849802 -0.00236963481 1.20200813
      vertex 4.67664099 0.00325019145 1.19802439
      vertex 4.67593718 -0.00546247 1.18606949
    endloop
  endfacet
  facet normal -0.502032897 -0.684608023 0.528464592
    outer loop
      vertex 4.68166733 -0.0125909969 1.18227828
      vertex 4.67593718 -0.00546247 1.18606949
      vertex 4.65825939 -0.00127590867 1.17469943
    endloop
  endfacet
  facet normal -0.502040677 -0.684593204 0.528476398
    outer loop
      vertex 4.68117905 -0.029790014 1.15953481
      vertex 4.70409822 -0.0583041199 1.14437008
      vertex 4.71635246 -0.0552867204 1.1599201
    endloop
  endfacet
  facet normal -0.502032279 -0.684595389 0.528481546
    outer loop
      vertex 4.65825939 -0.00127590867 1.17469943
      vertex 4.68117905 -0.029790014 1.15953481
      vertex 4.68166733 -0.0125909969 1.18227828
    endloop
  endfacet
  facet normal -0.502049831 -0.684587078 0.528475638
    outer loop
      vertex 4.68166733 -0.0125909969 1.18227828
      vertex 4.68117905 -0.029790014 1.15953481
      vertex 4.6942277 -0.00949816126 1.19821703
    endloop
  endfacet
  facet normal -0.502039626 -0.68459171 0.528479332
    outer loop
      vertex 4.7286067 -0.0522693209 1.17546999
      vertex 4.68117905 -0.029790014 1.15953481
      vertex 4.71635246 -0.0552867204 1.1599201
    endloop
  endfacet
  facet normal -0.502035449 -0.684597251 0.528476123
    outer loop
      vertex 4.6942277 -0.00949816126 1.19821703
      vertex 4.68117905 -0.029790014 1.15953481
      vertex 4.730196 -0.0177204143 1.22173452
    endloop
  endfacet
  facet normal -0.502034252 -0.684608289 0.52846296
    outer loop
      vertex 4.68849802 -0.00236963481 1.20200813
      vertex 4.68276787 0.00475889165 1.20579934
      vertex 4.67664099 0.00325019145 1.19802439
    endloop
  endfacet
  facet normal -0.502040728 -0.684600733 0.528466597
    outer loop
      vertex 4.70105839 0.000723200326 1.21794677
      vertex 4.69502211 0.00777629204 1.22134924
      vertex 4.68889523 0.00626759185 1.21357429
    endloop
  endfacet
  facet normal -0.50204077 -0.684595013 0.528473967
    outer loop
      vertex 4.70105839 0.000723200326 1.21794677
      vertex 4.68889523 0.00626759185 1.21357429
      vertex 4.68849802 -0.00236963481 1.20200813
    endloop
  endfacet
  facet normal -0.502026103 -0.684597155 0.528485126
    outer loop
      vertex 4.70105839 0.000723200326 1.21794677
      vertex 4.70114946 0.00928499177 1.22912419
      vertex 4.69502211 0.00777629204 1.22134924
    endloop
  endfacet
  facet normal -0.502055467 -0.684583506 0.52847491
    outer loop
      vertex 4.70105839 0.000723200326 1.21794677
      vertex 4.70727634 0.0107936924 1.23689914
      vertex 4.70114946 0.00928499177 1.22912419
    endloop
  endfacet
  facet normal -0.502038672 -0.684592824 0.528478796
    outer loop
      vertex 4.730196 -0.0177204143 1.22173452
      vertex 4.7286067 -0.0522693209 1.17546999
      vertex 4.74086094 -0.0492519215 1.19101989
    endloop
  endfacet
  facet normal -0.502039652 -0.684586232 0.528486404
    outer loop
      vertex 4.6942277 -0.00949816126 1.19821703
      vertex 4.730196 -0.0177204143 1.22173452
      vertex 4.70678854 -0.00640532607 1.21415567
    endloop
  endfacet
  facet normal -0.502038551 -0.684592855 0.528478871
    outer loop
      vertex 4.74086094 -0.0492519215 1.19101989
      vertex 4.75311518 -0.0462345183 1.20656979
      vertex 4.730196 -0.0177204143 1.22173452
    endloop
  endfacet
  facet normal -0.502028877 -0.68460211 0.528476072
    outer loop
      vertex 4.70727634 0.0107936924 1.23689914
      vertex 4.70105839 0.000723200326 1.21794677
      vertex 4.70678854 -0.00640532607 1.21415567
    endloop
  endfacet
  facet normal -0.502039645 -0.684592355 0.528478479
    outer loop
      vertex 4.730196 -0.0177204143 1.22173452
      vertex 4.68117905 -0.029790014 1.15953481
      vertex 4.7286067 -0.0522693209 1.17546999
    endloop
  endfacet
  facet normal -0.502040167 -0.684596764 0.528472271
    outer loop
      vertex 4.70678854 -0.00640532607 1.21415567
      vertex 4.730196 -0.0177204143 1.22173452
      vertex 4.70727634 0.0107936924 1.23689914
    endloop
  endfacet
  facet normal -0.502018868 -0.684605569 0.528481098
    outer loop
      vertex 4.68849802 -0.00236963481 1.20200813
      vertex 4.68889523 0.00626759185 1.21357429
      vertex 4.68276787 0.00475889165 1.20579934
    endloop
  endfacet
  facet normal -0.611191165 0.713172816 0.343263592
    outer loop
      vertex 4.70409822 -0.0583041199 1.14437008
      vertex 4.70158815 -0.0617270917 1.14701247
      vertex 4.71384239 -0.0587096922 1.16256249
    endloop
  endfacet
  facet normal -0.611191165 0.713172816 0.343263592
    outer loop
      vertex 4.70409822 -0.0583041199 1.14437008
      vertex 4.71384239 -0.0587096922 1.16256249
      vertex 4.71635246 -0.0552867204 1.1599201
    endloop
  endfacet
  facet normal -0.611189915 0.713173124 0.343265178
    outer loop
      vertex 4.72609663 -0.0556922927 1.17811239
      vertex 4.7286067 -0.0522693209 1.17546999
      vertex 4.71635246 -0.0552867204 1.1599201
    endloop
  endfacet
  facet normal -0.611189915 0.713173124 0.343265178
    outer loop
      vertex 4.72609663 -0.0556922927 1.17811239
      vertex 4.71635246 -0.0552867204 1.1599201
      vertex 4.71384239 -0.0587096922 1.16256249
    endloop
  endfacet
  facet normal -0.611189915 0.713173124 0.343265178
    outer loop
      vertex 4.7286067 -0.0522693209 1.17546999
      vertex 4.72609663 -0.0556922927 1.17811239
      vertex 4.73835087 -0.0526748933 1.19366229
    endloop
  endfacet
  facet normal -0.611189915 0.713173124 0.343265178
    outer loop
      vertex 4.7286067 -0.0522693209 1.17546999
      vertex 4.73835087 -0.0526748933 1.19366229
      vertex 4.74086094 -0.0492519215 1.19101989
    endloop
  endfacet
  facet normal -0.611189996 0.713173104 0.343265075
    outer loop
      vertex 4.75060511 -0.0496574901 1.20921218
      vertex 4.75311518 -0.0462345183 1.20656979
      vertex 4.74086094 -0.0492519215 1.19101989
    endloop
  endfacet
  facet normal -0.611189996 0.713173104 0.343265075
    outer loop
      vertex 4.75060511 -0.0496574901 1.20921218
      vertex 4.74086094 -0.0492519215 1.19101989
      vertex 4.73835087 -0.0526748933 1.19366229
    endloop
  endfacet
  facet normal 0.611161487 -0.713221881 -0.343214488
    outer loop
      vertex 4.69826031 0.00717118615 1.2283721
      vertex 4.70114946 0.00928499177 1.22912419
      vertex 4.70727634 0.0107936924 1.23689914
    endloop
  endfacet
  facet normal 0.611220077 -0.713141964 -0.343276209
    outer loop
      vertex 4.69826031 0.00717118615 1.2283721
      vertex 4.68889523 0.00626759185 1.21357429
      vertex 4.69502211 0.00777629204 1.22134924
    endloop
  endfacet
  facet normal 0.611160617 -0.713213125 -0.343234233
    outer loop
      vertex 4.68889523 0.00626759185 1.21357429
      vertex 4.69826031 0.00717118615 1.2283721
      vertex 4.68151283 0.00304740574 1.20712054
    endloop
  endfacet
  facet normal 0.611159281 -0.713204948 -0.343253602
    outer loop
      vertex 4.69826031 0.00717118615 1.2283721
      vertex 4.69502211 0.00777629204 1.22134924
      vertex 4.70114946 0.00928499177 1.22912419
    endloop
  endfacet
  facet normal 0.611236197 -0.71311998 -0.343293177
    outer loop
      vertex 4.69863939 0.00586201996 1.23176658
      vertex 4.69826031 0.00717118615 1.2283721
      vertex 4.70476627 0.00737072015 1.23954153
    endloop
  endfacet
  facet normal 0.611189907 -0.713173089 -0.343265266
    outer loop
      vertex 4.70727634 0.0107936924 1.23689914
      vertex 4.70476627 0.00737072015 1.23954153
      vertex 4.69826031 0.00717118615 1.2283721
    endloop
  endfacet
  facet normal 0.611202741 -0.713145682 -0.343299354
    outer loop
      vertex 4.69251204 0.00435332023 1.22399163
      vertex 4.69826031 0.00717118615 1.2283721
      vertex 4.69863939 0.00586201996 1.23176658
    endloop
  endfacet
  facet normal 0.611177603 -0.713199885 -0.343231499
    outer loop
      vertex 4.69826031 0.00717118615 1.2283721
      vertex 4.69251204 0.00435332023 1.22399163
      vertex 4.68638515 0.00284462003 1.21621668
    endloop
  endfacet
  facet normal 0.611219304 -0.713133094 -0.343296012
    outer loop
      vertex 4.69826031 0.00717118615 1.2283721
      vertex 4.68638515 0.00284462003 1.21621668
      vertex 4.68151283 0.00304740574 1.20712054
    endloop
  endfacet
  facet normal 0.611181031 -0.713175312 -0.343276452
    outer loop
      vertex 4.6802578 0.00133591983 1.20844173
      vertex 4.68151283 0.00304740574 1.20712054
      vertex 4.68638515 0.00284462003 1.21621668
    endloop
  endfacet
  facet normal 0.611181031 -0.713175312 -0.343276452
    outer loop
      vertex 4.68276787 0.00475889165 1.20579934
      vertex 4.68889523 0.00626759185 1.21357429
      vertex 4.68151283 0.00304740574 1.20712054
    endloop
  endfacet
  facet normal 0.611163051 -0.713219727 -0.34321618
    outer loop
      vertex 4.6731391 0.000985515653 1.1964947
      vertex 4.67664099 0.00325019145 1.19802439
      vertex 4.68276787 0.00475889165 1.20579934
    endloop
  endfacet
  facet normal 0.611190871 -0.713172889 -0.343263965
    outer loop
      vertex 4.6731391 0.000985515653 1.1964947
      vertex 4.68276787 0.00475889165 1.20579934
      vertex 4.68151283 0.00304740574 1.20712054
    endloop
  endfacet
  facet normal 0.611166704 -0.713194837 -0.343261393
    outer loop
      vertex 4.67051363 0.00174149149 1.19024944
      vertex 4.67664099 0.00325019145 1.19802439
      vertex 4.6731391 0.000985515653 1.1964947
    endloop
  endfacet
  facet normal 0.611174083 -0.713207474 -0.343221998
    outer loop
      vertex 4.66438675 0.000232791383 1.18247437
      vertex 4.67051363 0.00174149149 1.19024944
      vertex 4.66476536 -0.00107637444 1.18586898
    endloop
  endfacet
  facet normal 0.611135973 -0.713236743 -0.343229035
    outer loop
      vertex 4.65825939 -0.00127590867 1.17469943
      vertex 4.66438675 0.000232791383 1.18247437
      vertex 4.66476536 -0.00107637444 1.18586898
    endloop
  endfacet
  facet normal 0.611200845 -0.71315108 -0.343291515
    outer loop
      vertex 4.66800356 -0.00168148032 1.19289172
      vertex 4.6731391 0.000985515653 1.1964947
      vertex 4.67413092 -0.00017278023 1.20066679
    endloop
  endfacet
  facet normal 0.611198834 -0.713170928 -0.34325386
    outer loop
      vertex 4.68151283 0.00304740574 1.20712054
      vertex 4.6802578 0.00133591983 1.20844173
      vertex 4.67413092 -0.00017278023 1.20066679
    endloop
  endfacet
  facet normal 0.61121704 -0.713137202 -0.343291512
    outer loop
      vertex 4.68151283 0.00304740574 1.20712054
      vertex 4.67413092 -0.00017278023 1.20066679
      vertex 4.6731391 0.000985515653 1.1964947
    endloop
  endfacet
  facet normal 0.611184298 -0.713190744 -0.34323857
    outer loop
      vertex 4.6731391 0.000985515653 1.1964947
      vertex 4.66800356 -0.00168148032 1.19289172
      vertex 4.66187668 -0.00319018029 1.18511677
    endloop
  endfacet
  facet normal 0.611227049 -0.713121504 -0.343306298
    outer loop
      vertex 4.6731391 0.000985515653 1.1964947
      vertex 4.66187668 -0.00319018029 1.18511677
      vertex 4.66476536 -0.00107637444 1.18586898
    endloop
  endfacet
  facet normal 0.611226058 -0.713113902 -0.343323854
    outer loop
      vertex 4.66187668 -0.00319018029 1.18511677
      vertex 4.65574932 -0.00469888048 1.17734182
      vertex 4.66476536 -0.00107637444 1.18586898
    endloop
  endfacet
  facet normal 0.611191848 -0.713172648 -0.343262726
    outer loop
      vertex 4.65825939 -0.00127590867 1.17469943
      vertex 4.66476536 -0.00107637444 1.18586898
      vertex 4.65574932 -0.00469888048 1.17734182
    endloop
  endfacet
  facet normal 0.611191418 -0.713170098 -0.343268789
    outer loop
      vertex 4.66476536 -0.00107637444 1.18586898
      vertex 4.67051363 0.00174149149 1.19024944
      vertex 4.6731391 0.000985515653 1.1964947
    endloop
  endfacet
  facet normal -0.661831381 -0.0892392322 -0.744322231
    outer loop
      vertex 4.80147123 -0.0717347041 1.11540091
      vertex 4.81825209 -0.0935407206 1.10309422
      vertex 4.80917406 -0.108483665 1.11295772
    endloop
  endfacet
  facet normal -0.661831381 -0.0892392322 -0.744322231
    outer loop
      vertex 4.77423716 -0.116563544 1.1449914
      vertex 4.80009604 -0.123426616 1.12282121
      vertex 4.79101801 -0.13836956 1.13268471
    endloop
  endfacet
  facet normal -0.661831351 -0.0892392241 -0.744322258
    outer loop
      vertex 4.80009604 -0.123426616 1.12282121
      vertex 4.80147123 -0.0717347041 1.11540091
      vertex 4.80917406 -0.108483665 1.11295772
    endloop
  endfacet
  facet normal -0.661838677 -0.0892292947 -0.744316934
    outer loop
      vertex 4.77107382 -0.072343111 1.1425029
      vertex 4.78469086 -0.0499286875 1.12770772
      vertex 4.80147123 -0.0717347041 1.11540091
    endloop
  endfacet
  facet normal -0.661836922 -0.0892312652 -0.744318259
    outer loop
      vertex 4.75745678 -0.0947575271 1.15729809
      vertex 4.77107382 -0.072343111 1.1425029
      vertex 4.77423716 -0.116563544 1.1449914
    endloop
  endfacet
  facet normal -0.661838535 -0.0892312996 -0.74431682
    outer loop
      vertex 4.80147123 -0.0717347041 1.11540091
      vertex 4.77423716 -0.116563544 1.1449914
      vertex 4.77107382 -0.072343111 1.1425029
    endloop
  endfacet
  facet normal -0.66183138 -0.0892392198 -0.744322233
    outer loop
      vertex 4.80009604 -0.123426616 1.12282121
      vertex 4.77423716 -0.116563544 1.1449914
      vertex 4.80147123 -0.0717347041 1.11540091
    endloop
  endfacet
  facet normal 0.597891843 -0.661778107 -0.45229977
    outer loop
      vertex 4.77107382 -0.072343111 1.1425029
      vertex 4.75812244 -0.0535108075 1.09782827
      vertex 4.78469086 -0.0499286875 1.12770772
    endloop
  endfacet
  facet normal 0.597895358 -0.6617751 -0.452299522
    outer loop
      vertex 4.74456358 -0.0759174079 1.11268866
      vertex 4.75812244 -0.0535108075 1.09782827
      vertex 4.77107382 -0.072343111 1.1425029
    endloop
  endfacet
  facet normal 0.597895587 -0.66177629 -0.452297478
    outer loop
      vertex 4.75745678 -0.0947575271 1.15729809
      vertex 4.73100471 -0.0983240083 1.12754917
      vertex 4.74456358 -0.0759174079 1.11268866
    endloop
  endfacet
  facet normal 0.597893609 -0.66177798 -0.452297621
    outer loop
      vertex 4.77107382 -0.072343111 1.1425029
      vertex 4.75745678 -0.0947575271 1.15729809
      vertex 4.74456358 -0.0759174079 1.11268866
    endloop
  endfacet
  facet normal -0.597887326 0.661784995 0.452295662
    outer loop
      vertex 4.77846575 -0.14006193 1.11856818
      vertex 4.77269316 -0.13055101 1.09702134
      vertex 4.76591349 -0.141754314 1.10445166
    endloop
  endfacet
  facet normal -0.597890658 0.66177899 0.452300044
    outer loop
      vertex 4.79101801 -0.13836956 1.13268471
      vertex 4.80009604 -0.123426616 1.12282121
      vertex 4.77846575 -0.14006193 1.11856818
    endloop
  endfacet
  facet normal -0.597891592 0.661781434 0.452295233
    outer loop
      vertex 4.77269316 -0.13055101 1.09702134
      vertex 4.77846575 -0.14006193 1.11856818
      vertex 4.80009604 -0.123426616 1.12282121
    endloop
  endfacet
  facet normal -0.597898212 0.661768137 0.452305937
    outer loop
      vertex 4.80009604 -0.123426616 1.12282121
      vertex 4.77947235 -0.119347706 1.08959115
      vertex 4.77269316 -0.13055101 1.09702134
    endloop
  endfacet
  facet normal -0.597894651 0.661781543 0.45229103
    outer loop
      vertex 4.80564165 -0.0952409133 1.08891249
      vertex 4.79303169 -0.096941106 1.07473075
      vertex 4.78625202 -0.10814441 1.08216095
    endloop
  endfacet
  facet normal -0.597887922 0.661782694 0.452298241
    outer loop
      vertex 4.80917406 -0.108483665 1.11295772
      vertex 4.78625202 -0.10814441 1.08216095
      vertex 4.77947235 -0.119347706 1.08959115
    endloop
  endfacet
  facet normal -0.597886793 0.661779511 0.45230439
    outer loop
      vertex 4.81825209 -0.0935407206 1.10309422
      vertex 4.80564165 -0.0952409133 1.08891249
      vertex 4.80917406 -0.108483665 1.11295772
    endloop
  endfacet
  facet normal -0.597893881 0.661774342 0.452302584
    outer loop
      vertex 4.78625202 -0.10814441 1.08216095
      vertex 4.80917406 -0.108483665 1.11295772
      vertex 4.80564165 -0.0952409133 1.08891249
    endloop
  endfacet
  facet normal -0.597889345 0.661778999 0.452301766
    outer loop
      vertex 4.80009604 -0.123426616 1.12282121
      vertex 4.80917406 -0.108483665 1.11295772
      vertex 4.77947235 -0.119347706 1.08959115
    endloop
  endfacet
  facet normal -0.642668052 -0.113622488 -0.757672558
    outer loop
      vertex 4.70232439 -0.0528239794 1.14505327
      vertex 4.69150925 -0.0393687896 1.15220904
      vertex 4.69527435 -0.0342343338 1.14824545
    endloop
  endfacet
  facet normal -0.642670834 -0.113618953 -0.757670728
    outer loop
      vertex 4.71690464 -0.0611447133 1.13393378
      vertex 4.71313953 -0.0662791729 1.13789737
      vertex 4.70232439 -0.0528239794 1.14505327
    endloop
  endfacet
  facet normal -0.642672474 -0.113624871 -0.75766845
    outer loop
      vertex 4.69527435 -0.0342343338 1.14824545
      vertex 4.71690464 -0.0611447133 1.13393378
      vertex 4.70232439 -0.0528239794 1.14505327
    endloop
  endfacet
  facet normal -0.642670837 -0.113618987 -0.757670721
    outer loop
      vertex 4.65906382 0.000996781047 1.17367673
      vertex 4.64824867 0.0144519713 1.18083262
      vertex 4.65201378 0.019586429 1.17686903
    endloop
  endfacet
  facet normal -0.642670837 -0.113618987 -0.757670721
    outer loop
      vertex 4.67364407 -0.00732395146 1.16255724
      vertex 4.66987896 -0.0124584092 1.16652083
      vertex 4.65906382 0.000996781047 1.17367673
    endloop
  endfacet
  facet normal -0.642670837 -0.113618987 -0.757670721
    outer loop
      vertex 4.65201378 0.019586429 1.17686903
      vertex 4.67364407 -0.00732395146 1.16255724
      vertex 4.65906382 0.000996781047 1.17367673
    endloop
  endfacet
  facet normal -0.642670837 -0.113618987 -0.757670721
    outer loop
      vertex 4.69150925 -0.0393687896 1.15220904
      vertex 4.66987896 -0.0124584092 1.16652083
      vertex 4.67364407 -0.00732395146 1.16255724
    endloop
  endfacet
  facet normal -0.642670855 -0.113619002 -0.757670703
    outer loop
      vertex 4.69150925 -0.0393687896 1.15220904
      vertex 4.67364407 -0.00732395146 1.16255724
      vertex 4.69527435 -0.0342343338 1.14824545
    endloop
  endfacet
  facet normal -0.642660581 -0.113605001 -0.757681517
    outer loop
      vertex 4.67364407 -0.00732395146 1.16255724
      vertex 4.65201378 0.019586429 1.17686903
      vertex 4.65954447 0.0298553444 1.16894186
    endloop
  endfacet
  facet normal -0.642657554 -0.113600865 -0.757684705
    outer loop
      vertex 4.70280504 -0.0239654165 1.14031839
      vertex 4.69527435 -0.0342343338 1.14824545
      vertex 4.67364407 -0.00732395146 1.16255724
    endloop
  endfacet
  facet normal -0.64265837 -0.11360381 -0.757683571
    outer loop
      vertex 4.65954447 0.0298553444 1.16894186
      vertex 4.70280504 -0.0239654165 1.14031839
      vertex 4.67364407 -0.00732395146 1.16255724
    endloop
  endfacet
  facet normal -0.642648938 -0.113592777 -0.757693225
    outer loop
      vertex 4.62661791 0.0413623527 1.19514441
      vertex 4.60498762 0.0682727322 1.20945609
      vertex 4.6087532 0.0734071881 1.2054925
    endloop
  endfacet
  facet normal -0.642648938 -0.113592777 -0.757693225
    outer loop
      vertex 4.62661791 0.0413623527 1.19514441
      vertex 4.6087532 0.0734071881 1.2054925
      vertex 4.63038349 0.0464968085 1.19118083
    endloop
  endfacet
  facet normal -0.642645595 -0.113596936 -0.757695437
    outer loop
      vertex 4.64824867 0.0144519713 1.18083262
      vertex 4.62661791 0.0413623527 1.19514441
      vertex 4.63038349 0.0464968085 1.19118083
    endloop
  endfacet
  facet normal -0.642670836 -0.113618989 -0.757670722
    outer loop
      vertex 4.64824867 0.0144519713 1.18083262
      vertex 4.63038349 0.0464968085 1.19118083
      vertex 4.65201378 0.019586429 1.17686903
    endloop
  endfacet
  facet normal -0.6426664 -0.113616588 -0.757674844
    outer loop
      vertex 4.63038349 0.0464968085 1.19118083
      vertex 4.6087532 0.0734071881 1.2054925
      vertex 4.61628342 0.0836761072 1.19756544
    endloop
  endfacet
  facet normal -0.642660579 -0.113605003 -0.757681518
    outer loop
      vertex 4.65954447 0.0298553444 1.16894186
      vertex 4.65201378 0.019586429 1.17686903
      vertex 4.63038349 0.0464968085 1.19118083
    endloop
  endfacet
  facet normal -0.642663331 -0.113614934 -0.757677695
    outer loop
      vertex 4.61628342 0.0836761072 1.19756544
      vertex 4.65954447 0.0298553444 1.16894186
      vertex 4.63038349 0.0464968085 1.19118083
    endloop
  endfacet
  facet normal -0.642658224 -0.11360797 -0.757683071
    outer loop
      vertex 4.65954447 0.0298553444 1.16894186
      vertex 4.61628342 0.0836761072 1.19756544
      vertex 4.62381411 0.0939450189 1.18963826
    endloop
  endfacet
  facet normal -0.642670836 -0.113618989 -0.757670722
    outer loop
      vertex 4.65954447 0.0298553444 1.16894186
      vertex 4.62381411 0.0939450189 1.18963826
      vertex 4.66707468 0.0401242599 1.16101468
    endloop
  endfacet
  facet normal -0.642670138 -0.113619857 -0.757671183
    outer loop
      vertex 4.70280504 -0.0239654165 1.14031839
      vertex 4.65954447 0.0298553444 1.16894186
      vertex 4.66707468 0.0401242599 1.16101468
    endloop
  endfacet
  facet normal -0.642657513 -0.113608827 -0.757683546
    outer loop
      vertex 4.70280504 -0.0239654165 1.14031839
      vertex 4.66707468 0.0401242599 1.16101468
      vertex 4.71033573 -0.013696502 1.13239121
    endloop
  endfacet
  facet normal -0.642659908 -0.11360611 -0.757681921
    outer loop
      vertex 4.62381411 0.0939450189 1.18963826
      vertex 4.60202408 0.12105418 1.20405567
      vertex 4.61671162 0.122419231 1.19139314
    endloop
  endfacet
  facet normal -0.642659356 -0.113610414 -0.757681745
    outer loop
      vertex 4.572649 0.118324086 1.22938073
      vertex 4.58733654 0.119689137 1.2167182
      vertex 4.6087532 0.0734071881 1.2054925
    endloop
  endfacet
  facet normal -0.642659948 -0.113606057 -0.757681895
    outer loop
      vertex 4.61628342 0.0836761072 1.19756544
      vertex 4.58733654 0.119689137 1.2167182
      vertex 4.60202408 0.12105418 1.20405567
    endloop
  endfacet
  facet normal -0.642661817 -0.113606691 -0.757680215
    outer loop
      vertex 4.66707468 0.0401242599 1.16101468
      vertex 4.62381411 0.0939450189 1.18963826
      vertex 4.61671162 0.122419231 1.19139314
    endloop
  endfacet
  facet normal -0.642661115 -0.113606004 -0.757680914
    outer loop
      vertex 4.66707468 0.0401242599 1.16101468
      vertex 4.61671162 0.122419231 1.19139314
      vertex 4.6638484 0.0637758821 1.16020489
    endloop
  endfacet
  facet normal -0.642667064 -0.113615761 -0.757674405
    outer loop
      vertex 4.61628342 0.0836761072 1.19756544
      vertex 4.6087532 0.0734071881 1.2054925
      vertex 4.58733654 0.119689137 1.2167182
    endloop
  endfacet
  facet normal -0.642664088 -0.113614072 -0.757677182
    outer loop
      vertex 4.6638484 0.0637758821 1.16020489
      vertex 4.71098566 0.00513253827 1.12901652
      vertex 4.71033573 -0.013696502 1.13239121
    endloop
  endfacet
  facet normal -0.642654961 -0.113605346 -0.757686232
    outer loop
      vertex 4.6638484 0.0637758821 1.16020489
      vertex 4.71033573 -0.013696502 1.13239121
      vertex 4.66707468 0.0401242599 1.16101468
    endloop
  endfacet
  facet normal -0.642659818 -0.113605987 -0.757682016
    outer loop
      vertex 4.60202408 0.12105418 1.20405567
      vertex 4.62381411 0.0939450189 1.18963826
      vertex 4.61628342 0.0836761072 1.19756544
    endloop
  endfacet
  facet normal -0.642670402 -0.113618246 -0.757671201
    outer loop
      vertex 4.572649 0.118324086 1.22938073
      vertex 4.60498762 0.0682727322 1.20945609
      vertex 4.55796194 0.116959035 1.24204326
    endloop
  endfacet
  facet normal -0.642656699 -0.113603359 -0.757685056
    outer loop
      vertex 4.62661791 0.0413623527 1.19514441
      vertex 4.60685539 0.0561300777 1.20969248
      vertex 4.60498762 0.0682727322 1.20945609
    endloop
  endfacet
  facet normal -0.642662104 -0.113604099 -0.757680361
    outer loop
      vertex 4.60498762 0.0682727322 1.20945609
      vertex 4.60685539 0.0561300777 1.20969248
      vertex 4.55796194 0.116959035 1.24204326
    endloop
  endfacet
  facet normal -0.642647623 -0.113594413 -0.757694096
    outer loop
      vertex 4.6087532 0.0734071881 1.2054925
      vertex 4.60498762 0.0682727322 1.20945609
      vertex 4.572649 0.118324086 1.22938073
    endloop
  endfacet
  facet normal -0.642633087 -0.11357988 -0.757708603
    outer loop
      vertex 4.64824867 0.0144519713 1.18083262
      vertex 4.65574932 -0.00469888048 1.17734182
      vertex 4.62661791 0.0413623527 1.19514441
    endloop
  endfacet
  facet normal -0.642603858 -0.113527657 -0.757741218
    outer loop
      vertex 4.64824867 0.0144519713 1.18083262
      vertex 4.65906382 0.000996781047 1.17367673
      vertex 4.65825939 -0.00127590867 1.17469943
    endloop
  endfacet
  facet normal -0.642603858 -0.113527657 -0.757741218
    outer loop
      vertex 4.66987896 -0.0124584092 1.16652083
      vertex 4.65825939 -0.00127590867 1.17469943
      vertex 4.65906382 0.000996781047 1.17367673
    endloop
  endfacet
  facet normal -0.642657084 -0.113604341 -0.757684582
    outer loop
      vertex 4.60685539 0.0561300777 1.20969248
      vertex 4.62661791 0.0413623527 1.19514441
      vertex 4.65574932 -0.00469888048 1.17734182
    endloop
  endfacet
  facet normal -0.642680753 -0.11360665 -0.757664159
    outer loop
      vertex 4.65825939 -0.00127590867 1.17469943
      vertex 4.65574932 -0.00469888048 1.17734182
      vertex 4.64824867 0.0144519713 1.18083262
    endloop
  endfacet
  facet normal -0.642666682 -0.113613601 -0.757675053
    outer loop
      vertex 4.75812244 -0.0535108075 1.09782827
      vertex 4.71033573 -0.013696502 1.13239121
      vertex 4.71098566 0.00513253827 1.12901652
    endloop
  endfacet
  facet normal -0.64266041 -0.113605222 -0.757681629
    outer loop
      vertex 4.70280504 -0.0239654165 1.14031839
      vertex 4.71033573 -0.013696502 1.13239121
      vertex 4.74456358 -0.0759174079 1.11268866
    endloop
  endfacet
  facet normal -0.642624141 -0.113565456 -0.757718352
    outer loop
      vertex 4.66987896 -0.0124584092 1.16652083
      vertex 4.68117905 -0.029790014 1.15953481
      vertex 4.65825939 -0.00127590867 1.17469943
    endloop
  endfacet
  facet normal -0.642660027 -0.1136047 -0.757682032
    outer loop
      vertex 4.74456358 -0.0759174079 1.11268866
      vertex 4.71690464 -0.0611447133 1.13393378
      vertex 4.70280504 -0.0239654165 1.14031839
    endloop
  endfacet
  facet normal -0.64265615 -0.113602611 -0.757685634
    outer loop
      vertex 4.71690464 -0.0611447133 1.13393378
      vertex 4.69527435 -0.0342343338 1.14824545
      vertex 4.70280504 -0.0239654165 1.14031839
    endloop
  endfacet
  facet normal -0.642662514 -0.113614506 -0.757678452
    outer loop
      vertex 4.71690464 -0.0611447133 1.13393378
      vertex 4.74456358 -0.0759174079 1.11268866
      vertex 4.73100471 -0.0983240083 1.12754917
    endloop
  endfacet
  facet normal -0.642664496 -0.113608734 -0.757677636
    outer loop
      vertex 4.75812244 -0.0535108075 1.09782827
      vertex 4.74456358 -0.0759174079 1.11268866
      vertex 4.71033573 -0.013696502 1.13239121
    endloop
  endfacet
  facet normal -0.642648835 -0.113584007 -0.757694627
    outer loop
      vertex 4.70409822 -0.0583041199 1.14437008
      vertex 4.68117905 -0.029790014 1.15953481
      vertex 4.69150925 -0.0393687896 1.15220904
    endloop
  endfacet
  facet normal -0.642605047 -0.113536578 -0.757738873
    outer loop
      vertex 4.70232439 -0.0528239794 1.14505327
      vertex 4.70409822 -0.0583041199 1.14437008
      vertex 4.69150925 -0.0393687896 1.15220904
    endloop
  endfacet
  facet normal -0.642657313 -0.113600545 -0.757684957
    outer loop
      vertex 4.69150925 -0.0393687896 1.15220904
      vertex 4.68117905 -0.029790014 1.15953481
      vertex 4.66987896 -0.0124584092 1.16652083
    endloop
  endfacet
  facet normal -0.642658448 -0.1136344 -0.757678918
    outer loop
      vertex 4.70158815 -0.0617270917 1.14701247
      vertex 4.70409822 -0.0583041199 1.14437008
      vertex 4.71313953 -0.0662791729 1.13789737
    endloop
  endfacet
  facet normal -0.642612963 -0.113540041 -0.757731641
    outer loop
      vertex 4.70232439 -0.0528239794 1.14505327
      vertex 4.71313953 -0.0662791729 1.13789737
      vertex 4.70409822 -0.0583041199 1.14437008
    endloop
  endfacet
  facet normal -0.642653385 -0.113603749 -0.757687808
    outer loop
      vertex 4.71313953 -0.0662791729 1.13789737
      vertex 4.73100471 -0.0983240083 1.12754917
      vertex 4.70158815 -0.0617270917 1.14701247
    endloop
  endfacet
  facet normal -0.642670815 -0.113618978 -0.757670741
    outer loop
      vertex 4.73100471 -0.0983240083 1.12754917
      vertex 4.71313953 -0.0662791729 1.13789737
      vertex 4.71690464 -0.0611447133 1.13393378
    endloop
  endfacet
  facet normal 0.502027426 0.68459428 -0.528487593
    outer loop
      vertex 4.69425201 0.0624769814 1.18740439
      vertex 4.64801168 0.12000443 1.21799934
      vertex 4.6544385 0.121140517 1.22557604
    endloop
  endfacet
  facet normal 0.502048867 0.684594984 -0.528466311
    outer loop
      vertex 4.69425201 0.0624769814 1.18740439
      vertex 4.6544385 0.121140517 1.22557604
      vertex 4.70067835 0.063613072 1.19498122
    endloop
  endfacet
  facet normal 0.50204874 0.684594909 -0.528466529
    outer loop
      vertex 4.62489176 0.148768157 1.23329675
      vertex 4.60177183 0.177531883 1.24859416
      vertex 4.60819817 0.178667977 1.25617099
    endloop
  endfacet
  facet normal 0.502029634 0.684591532 -0.528489054
    outer loop
      vertex 4.6544385 0.121140517 1.22557604
      vertex 4.64801168 0.12000443 1.21799934
      vertex 4.62489176 0.148768157 1.23329675
    endloop
  endfacet
  facet normal 0.502037034 0.6845959 -0.528476367
    outer loop
      vertex 4.60819817 0.178667977 1.25617099
      vertex 4.6544385 0.121140517 1.22557604
      vertex 4.62489176 0.148768157 1.23329675
    endloop
  endfacet
  facet normal 0.502027809 0.684594269 -0.528487243
    outer loop
      vertex 4.6544385 0.121140517 1.22557604
      vertex 4.60819817 0.178667977 1.25617099
      vertex 4.61462498 0.179804057 1.26374769
    endloop
  endfacet
  facet normal 0.502048703 0.684594955 -0.528466505
    outer loop
      vertex 4.6544385 0.121140517 1.22557604
      vertex 4.61462498 0.179804057 1.26374769
      vertex 4.66086483 0.122276612 1.23315287
    endloop
  endfacet
  facet normal 0.502048703 0.684594955 -0.528466505
    outer loop
      vertex 4.70067835 0.063613072 1.19498122
      vertex 4.6544385 0.121140517 1.22557604
      vertex 4.66086483 0.122276612 1.23315287
    endloop
  endfacet
  facet normal 0.502031949 0.684594405 -0.528483134
    outer loop
      vertex 4.70067835 0.063613072 1.19498122
      vertex 4.66086483 0.122276612 1.23315287
      vertex 4.70710516 0.0647491589 1.20255804
    endloop
  endfacet
  facet normal 0.502037404 0.684592905 -0.528479894
    outer loop
      vertex 4.60177183 0.177531883 1.24859416
      vertex 4.62489176 0.148768157 1.23329675
      vertex 4.62167835 0.14820011 1.22950828
    endloop
  endfacet
  facet normal 0.502037404 0.684592905 -0.528479894
    outer loop
      vertex 4.64479828 0.119436383 1.21421087
      vertex 4.62167835 0.14820011 1.22950828
      vertex 4.62489176 0.148768157 1.23329675
    endloop
  endfacet
  facet normal 0.502037404 0.684592905 -0.528479894
    outer loop
      vertex 4.64479828 0.119436383 1.21421087
      vertex 4.62489176 0.148768157 1.23329675
      vertex 4.64801168 0.12000443 1.21799934
    endloop
  endfacet
  facet normal 0.502048902 0.684594941 -0.528466334
    outer loop
      vertex 4.74049187 0.00494952919 1.15680957
      vertex 4.69425201 0.0624769814 1.18740439
      vertex 4.70067835 0.063613072 1.19498122
    endloop
  endfacet
  facet normal 0.502031783 0.684594379 -0.528483325
    outer loop
      vertex 4.74049187 0.00494952919 1.15680957
      vertex 4.70067835 0.063613072 1.19498122
      vertex 4.74691868 0.0060856198 1.16438639
    endloop
  endfacet
  facet normal 0.502031947 0.684594408 -0.528483132
    outer loop
      vertex 4.74691868 0.0060856198 1.16438639
      vertex 4.70067835 0.063613072 1.19498122
      vertex 4.70710516 0.0647491589 1.20255804
    endloop
  endfacet
  facet normal 0.502048883 0.684594964 -0.528466322
    outer loop
      vertex 4.74691868 0.0060856198 1.16438639
      vertex 4.70710516 0.0647491589 1.20255804
      vertex 4.75334501 0.0072217104 1.17196321
    endloop
  endfacet
  facet normal 0.502048888 0.684594958 -0.528466325
    outer loop
      vertex 4.79315853 -0.0514418297 1.13379157
      vertex 4.74691868 0.0060856198 1.16438639
      vertex 4.75334501 0.0072217104 1.17196321
    endloop
  endfacet
  facet normal 0.502031769 0.684594396 -0.528483316
    outer loop
      vertex 4.79315853 -0.0514418297 1.13379157
      vertex 4.75334501 0.0072217104 1.17196321
      vertex 4.79958534 -0.050305739 1.14136839
    endloop
  endfacet
  facet normal 0.50204874 0.684594909 -0.528466529
    outer loop
      vertex 4.86635876 -0.169905007 1.04987144
      vertex 4.8201189 -0.112377554 1.08046627
      vertex 4.82654524 -0.11124146 1.08804309
    endloop
  endfacet
  facet normal 0.502031621 0.684594347 -0.52848352
    outer loop
      vertex 4.86635876 -0.169905007 1.04987144
      vertex 4.82654524 -0.11124146 1.08804309
      vertex 4.87278557 -0.168768913 1.05744827
    endloop
  endfacet
  facet normal 0.502031949 0.684594405 -0.528483134
    outer loop
      vertex 4.87278557 -0.168768913 1.05744827
      vertex 4.82654524 -0.11124146 1.08804309
      vertex 4.83297205 -0.110105373 1.09561992
    endloop
  endfacet
  facet normal 0.502048703 0.684594955 -0.528466505
    outer loop
      vertex 4.87278557 -0.168768913 1.05744827
      vertex 4.83297205 -0.110105373 1.09561992
      vertex 4.8792119 -0.167632818 1.06502509
    endloop
  endfacet
  facet normal 0.502027407 0.684594303 -0.528487581
    outer loop
      vertex 4.85993242 -0.171041086 1.04229462
      vertex 4.81369209 -0.113513641 1.07288957
      vertex 4.8201189 -0.112377554 1.08046627
    endloop
  endfacet
  facet normal 0.502049396 0.684595025 -0.528465756
    outer loop
      vertex 4.85993242 -0.171041086 1.04229462
      vertex 4.8201189 -0.112377554 1.08046627
      vertex 4.86635876 -0.169905007 1.04987144
    endloop
  endfacet
  facet normal 0.50203541 0.684594773 -0.52847937
    outer loop
      vertex 4.61462498 0.179804057 1.26374769
      vertex 4.53585148 0.296069115 1.33952618
      vertex 4.60178709 0.214038759 1.29589999
    endloop
  endfacet
  facet normal 0.502035723 0.684593555 -0.52848065
    outer loop
      vertex 4.60178709 0.214038759 1.29589999
      vertex 4.66772223 0.132008404 1.25227368
      vertex 4.66086483 0.122276612 1.23315287
    endloop
  endfacet
  facet normal 0.502040694 0.68459354 -0.528475947
    outer loop
      vertex 4.60178709 0.214038759 1.29589999
      vertex 4.66086483 0.122276612 1.23315287
      vertex 4.61462498 0.179804057 1.26374769
    endloop
  endfacet
  facet normal 0.502039395 0.684594899 -0.528475421
    outer loop
      vertex 4.50971842 0.292055756 1.30950141
      vertex 4.53585148 0.296069115 1.33952618
      vertex 4.61462498 0.179804057 1.26374769
    endloop
  endfacet
  facet normal 0.502047721 0.684596178 -0.528465855
    outer loop
      vertex 4.60177183 0.177531883 1.24859416
      vertex 4.50971842 0.292055756 1.30950141
      vertex 4.60819817 0.178667977 1.25617099
    endloop
  endfacet
  facet normal 0.502030006 0.684591535 -0.528488697
    outer loop
      vertex 4.61462498 0.179804057 1.26374769
      vertex 4.60819817 0.178667977 1.25617099
      vertex 4.50971842 0.292055756 1.30950141
    endloop
  endfacet
  facet normal 0.502034891 0.68459391 -0.52848098
    outer loop
      vertex 4.60177183 0.177531883 1.24859416
      vertex 4.59326267 0.181787863 1.24602401
      vertex 4.50971842 0.292055756 1.30950141
    endloop
  endfacet
  facet normal 0.502034041 0.684594775 -0.528480667
    outer loop
      vertex 4.70710516 0.0647491589 1.20255804
      vertex 4.66086483 0.122276612 1.23315287
      vertex 4.66772223 0.132008404 1.25227368
    endloop
  endfacet
  facet normal 0.502042229 0.684594287 -0.528473521
    outer loop
      vertex 4.70710516 0.0647491589 1.20255804
      vertex 4.66772223 0.132008404 1.25227368
      vertex 4.73365736 0.0499780551 1.20864749
    endloop
  endfacet
  facet normal 0.502031493 0.684591864 -0.528486859
    outer loop
      vertex 4.74049187 0.00494952919 1.15680957
      vertex 4.68139839 0.0602048002 1.17225087
      vertex 4.69425201 0.0624769814 1.18740439
    endloop
  endfacet
  facet normal 0.502042119 0.684593768 -0.528474298
    outer loop
      vertex 4.75334501 0.0072217104 1.17196321
      vertex 4.70710516 0.0647491589 1.20255804
      vertex 4.73365736 0.0499780551 1.20864749
    endloop
  endfacet
  facet normal 0.502036489 0.684594982 -0.528478074
    outer loop
      vertex 4.73365736 0.0499780551 1.20864749
      vertex 4.79959297 -0.0320522971 1.1650213
      vertex 4.79958534 -0.050305739 1.14136839
    endloop
  endfacet
  facet normal 0.50203499 0.684594966 -0.528479519
    outer loop
      vertex 4.73365736 0.0499780551 1.20864749
      vertex 4.79958534 -0.050305739 1.14136839
      vertex 4.75334501 0.0072217104 1.17196321
    endloop
  endfacet
  facet normal 0.502035195 0.684595654 -0.528478433
    outer loop
      vertex 4.69425201 0.0624769814 1.18740439
      vertex 4.64479828 0.119436383 1.21421087
      vertex 4.64801168 0.12000443 1.21799934
    endloop
  endfacet
  facet normal 0.502009117 0.684586875 -0.528514576
    outer loop
      vertex 4.61532021 0.153690472 1.23058069
      vertex 4.59326267 0.181787863 1.24602401
      vertex 4.62167835 0.14820011 1.22950828
    endloop
  endfacet
  facet normal 0.502034799 0.68459282 -0.52848248
    outer loop
      vertex 4.60177183 0.177531883 1.24859416
      vertex 4.62167835 0.14820011 1.22950828
      vertex 4.59326267 0.181787863 1.24602401
    endloop
  endfacet
  facet normal 0.502035121 0.684595239 -0.52847904
    outer loop
      vertex 4.51294279 0.251518309 1.26005197
      vertex 4.48358488 0.288042426 1.27947664
      vertex 4.50971842 0.292055756 1.30950141
    endloop
  endfacet
  facet normal 0.50203659 0.684591618 -0.528482336
    outer loop
      vertex 4.59326267 0.181787863 1.24602401
      vertex 4.57165813 0.17847006 1.22120273
      vertex 4.5423007 0.214994177 1.24062741
    endloop
  endfacet
  facet normal 0.502037963 0.684594554 -0.528477228
    outer loop
      vertex 4.5423007 0.214994177 1.24062741
      vertex 4.51294279 0.251518309 1.26005197
      vertex 4.59326267 0.181787863 1.24602401
    endloop
  endfacet
  facet normal 0.502015007 0.684591446 -0.52850306
    outer loop
      vertex 4.63737822 0.125593081 1.21513748
      vertex 4.61532021 0.153690472 1.23058069
      vertex 4.62167835 0.14820011 1.22950828
    endloop
  endfacet
  facet normal 0.502037536 0.684594229 -0.528478055
    outer loop
      vertex 4.59326267 0.181787863 1.24602401
      vertex 4.51294279 0.251518309 1.26005197
      vertex 4.50971842 0.292055756 1.30950141
    endloop
  endfacet
  facet normal 0.502039616 0.68459681 -0.528472735
    outer loop
      vertex 4.63737822 0.125593081 1.21513748
      vertex 4.64479828 0.119436383 1.21421087
      vertex 4.69425201 0.0624769814 1.18740439
    endloop
  endfacet
  facet normal 0.502034682 0.684592424 -0.528483103
    outer loop
      vertex 4.62167835 0.14820011 1.22950828
      vertex 4.64479828 0.119436383 1.21421087
      vertex 4.63737822 0.125593081 1.21513748
    endloop
  endfacet
  facet normal 0.502029919 0.684593821 -0.528485818
    outer loop
      vertex 4.68139839 0.0602048002 1.17225087
      vertex 4.63737822 0.125593081 1.21513748
      vertex 4.69425201 0.0624769814 1.18740439
    endloop
  endfacet
  facet normal 0.502035935 0.684593984 -0.528479892
    outer loop
      vertex 4.62704468 0.12400616 1.20326531
      vertex 4.63737822 0.125593081 1.21513748
      vertex 4.68139839 0.0602048002 1.17225087
    endloop
  endfacet
  facet normal 0.50204658 0.684594234 -0.528469456
    outer loop
      vertex 4.6638484 0.0637758821 1.16020489
      vertex 4.61671162 0.122419231 1.19139314
      vertex 4.62704468 0.12400616 1.20326531
    endloop
  endfacet
  facet normal 0.502038216 0.68459453 -0.528477019
    outer loop
      vertex 4.68139839 0.0602048002 1.17225087
      vertex 4.6638484 0.0637758821 1.16020489
      vertex 4.62704468 0.12400616 1.20326531
    endloop
  endfacet
  facet normal 0.502037709 0.684595752 -0.528475918
    outer loop
      vertex 4.6638484 0.0637758821 1.16020489
      vertex 4.68139839 0.0602048002 1.17225087
      vertex 4.71098566 0.00513253827 1.12901652
    endloop
  endfacet
  facet normal 0.502037391 0.684594297 -0.528478104
    outer loop
      vertex 4.68139839 0.0602048002 1.17225087
      vertex 4.78469086 -0.0499286875 1.12770772
      vertex 4.75812244 -0.0535108075 1.09782827
    endloop
  endfacet
  facet normal 0.502038489 0.684594062 -0.528477365
    outer loop
      vertex 4.86552811 -0.114082649 1.12139499
      vertex 4.79958534 -0.050305739 1.14136839
      vertex 4.79959297 -0.0320522971 1.1650213
    endloop
  endfacet
  facet normal 0.502033144 0.684592686 -0.528484226
    outer loop
      vertex 4.74049187 0.00494952919 1.15680957
      vertex 4.74691868 0.0060856198 1.16438639
      vertex 4.78469086 -0.0499286875 1.12770772
    endloop
  endfacet
  facet normal 0.502036582 0.684592783 -0.528480834
    outer loop
      vertex 4.79315853 -0.0514418297 1.13379157
      vertex 4.78469086 -0.0499286875 1.12770772
      vertex 4.74691868 0.0060856198 1.16438639
    endloop
  endfacet
  facet normal 0.502036201 0.684593637 -0.52848009
    outer loop
      vertex 4.79315853 -0.0514418297 1.13379157
      vertex 4.80147123 -0.0717347041 1.11540091
      vertex 4.78469086 -0.0499286875 1.12770772
    endloop
  endfacet
  facet normal 0.502032424 0.684593581 -0.52848375
    outer loop
      vertex 4.79315853 -0.0514418297 1.13379157
      vertex 4.79958534 -0.050305739 1.14136839
      vertex 4.89206553 -0.165360644 1.08017862
    endloop
  endfacet
  facet normal 0.502043772 0.684594523 -0.528471749
    outer loop
      vertex 4.89206553 -0.165360644 1.08017862
      vertex 4.86552811 -0.114082649 1.12139499
      vertex 4.93146324 -0.196113005 1.0777688
    endloop
  endfacet
  facet normal 0.502045733 0.684596671 -0.528467104
    outer loop
      vertex 4.89206553 -0.165360644 1.08017862
      vertex 4.93146324 -0.196113005 1.0777688
      vertex 4.99739885 -0.278143346 1.03414261
    endloop
  endfacet
  facet normal 0.502031622 0.684591936 -0.528486643
    outer loop
      vertex 4.8792119 -0.167632818 1.06502509
      vertex 4.83297205 -0.110105373 1.09561992
      vertex 4.89206553 -0.165360644 1.08017862
    endloop
  endfacet
  facet normal 0.50203599 0.684594514 -0.528479154
    outer loop
      vertex 4.89206553 -0.165360644 1.08017862
      vertex 4.83297205 -0.110105373 1.09561992
      vertex 4.79315853 -0.0514418297 1.13379157
    endloop
  endfacet
  facet normal 0.502029913 0.684594062 -0.528485512
    outer loop
      vertex 4.89206553 -0.165360644 1.08017862
      vertex 4.97150993 -0.28246057 1.0039562
      vertex 4.8792119 -0.167632818 1.06502509
    endloop
  endfacet
  facet normal 0.502039286 0.684594368 -0.528476212
    outer loop
      vertex 4.97150993 -0.28246057 1.0039562
      vertex 4.89206553 -0.165360644 1.08017862
      vertex 4.99739885 -0.278143346 1.03414261
    endloop
  endfacet
  facet normal 0.502032523 0.6845944 -0.528482595
    outer loop
      vertex 4.79315853 -0.0514418297 1.13379157
      vertex 4.83297205 -0.110105373 1.09561992
      vertex 4.80147123 -0.0717347041 1.11540091
    endloop
  endfacet
  facet normal 0.502040192 0.684594954 -0.528474591
    outer loop
      vertex 4.86552811 -0.114082649 1.12139499
      vertex 4.89206553 -0.165360644 1.08017862
      vertex 4.79958534 -0.050305739 1.14136839
    endloop
  endfacet
  facet normal 0.502046994 0.684597082 -0.528465374
    outer loop
      vertex 4.8792119 -0.167632818 1.06502509
      vertex 4.97150993 -0.28246057 1.0039562
      vertex 4.87278557 -0.168768913 1.05744827
    endloop
  endfacet
  facet normal 0.5020361 0.68459015 -0.528484703
    outer loop
      vertex 4.80564165 -0.0952409133 1.08891249
      vertex 4.81825209 -0.0935407206 1.10309422
      vertex 4.82654524 -0.11124146 1.08804309
    endloop
  endfacet
  facet normal 0.502086054 0.68460503 -0.528417966
    outer loop
      vertex 4.83297205 -0.110105373 1.09561992
      vertex 4.81825209 -0.0935407206 1.10309422
      vertex 4.80147123 -0.0717347041 1.11540091
    endloop
  endfacet
  facet normal 0.50203526 0.684590286 -0.528485324
    outer loop
      vertex 4.82654524 -0.11124146 1.08804309
      vertex 4.81825209 -0.0935407206 1.10309422
      vertex 4.83297205 -0.110105373 1.09561992
    endloop
  endfacet
  facet normal 0.502043313 0.684592704 -0.528474542
    outer loop
      vertex 4.81369209 -0.113513641 1.07288957
      vertex 4.79303169 -0.096941106 1.07473075
      vertex 4.80564165 -0.0952409133 1.08891249
    endloop
  endfacet
  facet normal 0.502044577 0.684600089 -0.528463775
    outer loop
      vertex 4.82654524 -0.11124146 1.08804309
      vertex 4.8201189 -0.112377554 1.08046627
      vertex 4.80564165 -0.0952409133 1.08891249
    endloop
  endfacet
  facet normal 0.502048652 0.68459462 -0.528466988
    outer loop
      vertex 4.75812244 -0.0535108075 1.09782827
      vertex 4.71098566 0.00513253827 1.12901652
      vertex 4.68139839 0.0602048002 1.17225087
    endloop
  endfacet
  facet normal 0.502026159 0.684595855 -0.528486755
    outer loop
      vertex 4.8201189 -0.112377554 1.08046627
      vertex 4.81369209 -0.113513641 1.07288957
      vertex 4.80564165 -0.0952409133 1.08891249
    endloop
  endfacet
  facet normal 0.502032478 0.684593281 -0.528484087
    outer loop
      vertex 4.86635876 -0.169905007 1.04987144
      vertex 4.87278557 -0.168768913 1.05744827
      vertex 4.97150993 -0.28246057 1.0039562
    endloop
  endfacet
  facet normal 0.502030659 0.684594025 -0.528484852
    outer loop
      vertex 4.89475775 -0.223498881 1.0074234
      vertex 4.84389448 -0.160219997 1.04107702
      vertex 4.85993242 -0.171041086 1.04229462
    endloop
  endfacet
  facet normal 0.502031166 0.684594967 -0.52848315
    outer loop
      vertex 4.81369209 -0.113513641 1.07288957
      vertex 4.85993242 -0.171041086 1.04229462
      vertex 4.84389448 -0.160219997 1.04107702
    endloop
  endfacet
  facet normal 0.502045579 0.684594964 -0.528469461
    outer loop
      vertex 4.81369209 -0.113513641 1.07288957
      vertex 4.84389448 -0.160219997 1.04107702
      vertex 4.79303169 -0.096941106 1.07473075
    endloop
  endfacet
  facet normal 0.502044713 0.684594269 -0.528471184
    outer loop
      vertex 4.85993242 -0.171041086 1.04229462
      vertex 4.94562054 -0.286777765 0.973769784
      vertex 4.89475775 -0.223498881 1.0074234
    endloop
  endfacet
  facet normal 0.502049607 0.684594762 -0.528465896
    outer loop
      vertex 4.94562054 -0.286777765 0.973769784
      vertex 4.85993242 -0.171041086 1.04229462
      vertex 4.86635876 -0.169905007 1.04987144
    endloop
  endfacet
  facet normal 0.502035327 0.6845943 -0.528480061
    outer loop
      vertex 4.86635876 -0.169905007 1.04987144
      vertex 4.97150993 -0.28246057 1.0039562
      vertex 4.94562054 -0.286777765 0.973769784
    endloop
  endfacet
  facet normal 0.502032773 0.68459262 -0.528484664
    outer loop
      vertex 4.78469086 -0.0499286875 1.12770772
      vertex 4.68139839 0.0602048002 1.17225087
      vertex 4.74049187 0.00494952919 1.15680957
    endloop
  endfacet
  facet normal 0.642650145 0.113591275 0.757692427
    outer loop
      vertex 4.81058598 -0.114461169 1.16805339
      vertex 4.81435156 -0.109326713 1.1640898
      vertex 4.79374409 -0.0836889297 1.17772484
    endloop
  endfacet
  facet normal 0.64264263 0.113584857 0.757699762
    outer loop
      vertex 4.81058598 -0.114461169 1.16805339
      vertex 4.79374409 -0.0836889297 1.17772484
      vertex 4.7899785 -0.0888233855 1.18168831
    endloop
  endfacet
  facet normal 0.64264263 0.113584857 0.757699762
    outer loop
      vertex 4.7899785 -0.0888233855 1.18168831
      vertex 4.79374409 -0.0836889297 1.17772484
      vertex 4.77313662 -0.0580511466 1.19135976
    endloop
  endfacet
  facet normal 0.642675639 0.113613051 0.757667538
    outer loop
      vertex 4.7899785 -0.0888233855 1.18168831
      vertex 4.77313662 -0.0580511466 1.19135976
      vertex 4.76937151 -0.0631856024 1.19532335
    endloop
  endfacet
  facet normal 0.642660401 0.113605261 0.757681631
    outer loop
      vertex 4.79374409 -0.0836889297 1.17772484
      vertex 4.81435156 -0.109326713 1.1640898
      vertex 4.82188225 -0.0990578011 1.15616262
    endloop
  endfacet
  facet normal 0.642658919 0.113607068 0.757682617
    outer loop
      vertex 4.7806673 -0.0477822311 1.18343258
      vertex 4.77313662 -0.0580511466 1.19135976
      vertex 4.79374409 -0.0836889297 1.17772484
    endloop
  endfacet
  facet normal 0.642661175 0.113608222 0.75768053
    outer loop
      vertex 4.82188225 -0.0990578011 1.15616262
      vertex 4.7806673 -0.0477822311 1.18343258
      vertex 4.79374409 -0.0836889297 1.17772484
    endloop
  endfacet
  facet normal 0.642658926 0.11360706 0.757682612
    outer loop
      vertex 4.75252914 -0.0324133597 1.20499468
      vertex 4.77313662 -0.0580511466 1.19135976
      vertex 4.7806673 -0.0477822311 1.18343258
    endloop
  endfacet
  facet normal 0.642655896 0.113602948 0.757685799
    outer loop
      vertex 4.73945236 0.00349333812 1.21070254
      vertex 4.73192167 -0.00677557709 1.2186296
      vertex 4.75252914 -0.0324133597 1.20499468
    endloop
  endfacet
  facet normal 0.642658153 0.113604102 0.757683712
    outer loop
      vertex 4.7806673 -0.0477822311 1.18343258
      vertex 4.73945236 0.00349333812 1.21070254
      vertex 4.75252914 -0.0324133597 1.20499468
    endloop
  endfacet
  facet normal 0.642617081 0.113563006 0.757724707
    outer loop
      vertex 4.76748848 -0.0657528341 1.19730508
      vertex 4.76937151 -0.0631856024 1.19532335
      vertex 4.75906754 -0.0503667109 1.20214081
    endloop
  endfacet
  facet normal 0.642668138 0.113606615 0.757674865
    outer loop
      vertex 4.76748848 -0.0657528341 1.19730508
      vertex 4.75906754 -0.0503667109 1.20214081
      vertex 4.75718498 -0.0529339388 1.20412254
    endloop
  endfacet
  facet normal 0.642664209 0.11362727 0.757675101
    outer loop
      vertex 4.75906754 -0.0503667109 1.20214081
      vertex 4.76937151 -0.0631856024 1.19532335
      vertex 4.77313662 -0.0580511466 1.19135976
    endloop
  endfacet
  facet normal 0.642674142 0.113614838 0.757668539
    outer loop
      vertex 4.75252914 -0.0324133597 1.20499468
      vertex 4.74876404 -0.0375478193 1.20895827
      vertex 4.75906754 -0.0503667109 1.20214081
    endloop
  endfacet
  facet normal 0.642658926 0.11360706 0.757682612
    outer loop
      vertex 4.77313662 -0.0580511466 1.19135976
      vertex 4.75252914 -0.0324133597 1.20499468
      vertex 4.75906754 -0.0503667109 1.20214081
    endloop
  endfacet
  facet normal 0.64266916 0.113621036 0.757671836
    outer loop
      vertex 4.74876404 -0.0375478193 1.20895827
      vertex 4.75252914 -0.0324133597 1.20499468
      vertex 4.73192167 -0.00677557709 1.2186296
    endloop
  endfacet
  facet normal 0.642669174 0.113621047 0.757671823
    outer loop
      vertex 4.74876404 -0.0375478193 1.20895827
      vertex 4.73192167 -0.00677557709 1.2186296
      vertex 4.72815657 -0.0119100353 1.22259319
    endloop
  endfacet
  facet normal 0.642664195 0.113627242 0.757675117
    outer loop
      vertex 4.71785259 0.00090885727 1.22941065
      vertex 4.72815657 -0.0119100353 1.22259319
      vertex 4.73192167 -0.00677557709 1.2186296
    endloop
  endfacet
  facet normal 0.642677103 0.113611211 0.757666572
    outer loop
      vertex 4.7113142 0.0188622065 1.23226464
      vertex 4.7075491 0.0137277497 1.23622823
      vertex 4.71785259 0.00090885727 1.22941065
    endloop
  endfacet
  facet normal 0.642657367 0.113601122 0.757684825
    outer loop
      vertex 4.73192167 -0.00677557709 1.2186296
      vertex 4.7113142 0.0188622065 1.23226464
      vertex 4.71785259 0.00090885727 1.22941065
    endloop
  endfacet
  facet normal 0.642669183 0.113621064 0.757671813
    outer loop
      vertex 4.7075491 0.0137277497 1.23622823
      vertex 4.7113142 0.0188622065 1.23226464
      vertex 4.69070673 0.0444999896 1.24589956
    endloop
  endfacet
  facet normal 0.642669191 0.113621072 0.757671804
    outer loop
      vertex 4.7075491 0.0137277497 1.23622823
      vertex 4.69070673 0.0444999896 1.24589956
      vertex 4.68694162 0.0393655337 1.24986315
    endloop
  endfacet
  facet normal 0.642657366 0.11360112 0.757684826
    outer loop
      vertex 4.7113142 0.0188622065 1.23226464
      vertex 4.73192167 -0.00677557709 1.2186296
      vertex 4.73945236 0.00349333812 1.21070254
    endloop
  endfacet
  facet normal 0.642658919 0.113607068 0.757682617
    outer loop
      vertex 4.69823742 0.054768905 1.23797238
      vertex 4.69070673 0.0444999896 1.24589956
      vertex 4.7113142 0.0188622065 1.23226464
    endloop
  endfacet
  facet normal 0.642658921 0.113607069 0.757682615
    outer loop
      vertex 4.73945236 0.00349333812 1.21070254
      vertex 4.69823742 0.054768905 1.23797238
      vertex 4.7113142 0.0188622065 1.23226464
    endloop
  endfacet
  facet normal 0.64265966 0.113606147 0.757682127
    outer loop
      vertex 4.69070673 0.0444999896 1.24589956
      vertex 4.69823742 0.054768905 1.23797238
      vertex 4.65702248 0.106044479 1.26524234
    endloop
  endfacet
  facet normal 0.642655885 0.113602922 0.757685812
    outer loop
      vertex 4.69070673 0.0444999896 1.24589956
      vertex 4.65702248 0.106044479 1.26524234
      vertex 4.64949179 0.0957755595 1.2731694
    endloop
  endfacet
  facet normal 0.642658876 0.11360701 0.757682662
    outer loop
      vertex 4.93799591 -0.263153434 1.08228016
      vertex 4.9455266 -0.252884507 1.07435298
      vertex 4.90431166 -0.201608941 1.10162282
    endloop
  endfacet
  facet normal 0.642658947 0.113607071 0.757682593
    outer loop
      vertex 4.93799591 -0.263153434 1.08228016
      vertex 4.90431166 -0.201608941 1.10162282
      vertex 4.89678097 -0.211877853 1.10955
    endloop
  endfacet
  facet normal 0.642659681 0.113606157 0.757682107
    outer loop
      vertex 4.9455266 -0.252884507 1.07435298
      vertex 4.95305729 -0.242615595 1.0664258
      vertex 4.91184235 -0.191340014 1.09369576
    endloop
  endfacet
  facet normal 0.642655853 0.113602888 0.757685844
    outer loop
      vertex 4.9455266 -0.252884507 1.07435298
      vertex 4.91184235 -0.191340014 1.09369576
      vertex 4.90431166 -0.201608941 1.10162282
    endloop
  endfacet
  facet normal 0.642659667 0.113606174 0.757682116
    outer loop
      vertex 4.89678097 -0.211877853 1.10955
      vertex 4.90431166 -0.201608941 1.10162282
      vertex 4.86309671 -0.150333375 1.12889278
    endloop
  endfacet
  facet normal 0.642672414 0.113617062 0.757669672
    outer loop
      vertex 4.89678097 -0.211877853 1.10955
      vertex 4.86309671 -0.150333375 1.12889278
      vertex 4.8555665 -0.160602286 1.13681996
    endloop
  endfacet
  facet normal 0.642671687 0.113617967 0.757670153
    outer loop
      vertex 4.8555665 -0.160602286 1.13681996
      vertex 4.86309671 -0.150333375 1.12889278
      vertex 4.82188225 -0.0990578011 1.15616262
    endloop
  endfacet
  facet normal 0.64265894 0.113607079 0.757682597
    outer loop
      vertex 4.8555665 -0.160602286 1.13681996
      vertex 4.82188225 -0.0990578011 1.15616262
      vertex 4.81435156 -0.109326713 1.1640898
    endloop
  endfacet
  facet normal 0.642660555 0.113606729 0.75768128
    outer loop
      vertex 4.50647688 0.293339014 1.36485124
      vertex 4.65702248 0.106044479 1.26524234
      vertex 4.60178709 0.214038759 1.29589999
    endloop
  endfacet
  facet normal 0.642663472 0.113609021 0.757678462
    outer loop
      vertex 4.65702248 0.106044479 1.26524234
      vertex 4.66772223 0.132008404 1.25227368
      vertex 4.60178709 0.214038759 1.29589999
    endloop
  endfacet
  facet normal 0.642663021 0.113613667 0.757678148
    outer loop
      vertex 4.79959297 -0.0320522971 1.1650213
      vertex 4.73365736 0.0499780551 1.20864749
      vertex 4.73945236 0.00349333812 1.21070254
    endloop
  endfacet
  facet normal 0.642661615 0.113608824 0.757680067
    outer loop
      vertex 4.79959297 -0.0320522971 1.1650213
      vertex 4.73945236 0.00349333812 1.21070254
      vertex 4.7806673 -0.0477822311 1.18343258
    endloop
  endfacet
  facet normal 0.642662908 0.113609459 0.757678875
    outer loop
      vertex 4.73365736 0.0499780551 1.20864749
      vertex 4.66772223 0.132008404 1.25227368
      vertex 4.65702248 0.106044479 1.26524234
    endloop
  endfacet
  facet normal 0.642663797 0.113611788 0.757677772
    outer loop
      vertex 4.73365736 0.0499780551 1.20864749
      vertex 4.65702248 0.106044479 1.26524234
      vertex 4.69823742 0.054768905 1.23797238
    endloop
  endfacet
  facet normal 0.642664675 0.113615918 0.757676407
    outer loop
      vertex 4.50647688 0.293339014 1.36485124
      vertex 4.60178709 0.214038759 1.29589999
      vertex 4.53585148 0.296069115 1.33952618
    endloop
  endfacet
  facet normal 0.642657418 0.113601016 0.757684798
    outer loop
      vertex 4.65702248 0.106044479 1.26524234
      vertex 4.55298996 0.196196184 1.33996463
      vertex 4.64949179 0.0957755595 1.2731694
    endloop
  endfacet
  facet normal 0.642659315 0.113605038 0.757682586
    outer loop
      vertex 4.50647688 0.293339014 1.36485124
      vertex 4.55298996 0.196196184 1.33996463
      vertex 4.65702248 0.106044479 1.26524234
    endloop
  endfacet
  facet normal 0.642669193 0.113621069 0.757671803
    outer loop
      vertex 4.69070673 0.0444999896 1.24589956
      vertex 4.64949179 0.0957755595 1.2731694
      vertex 4.68694162 0.0393655337 1.24986315
    endloop
  endfacet
  facet normal 0.642663809 0.113613735 0.757677469
    outer loop
      vertex 4.73365736 0.0499780551 1.20864749
      vertex 4.69823742 0.054768905 1.23797238
      vertex 4.73945236 0.00349333812 1.21070254
    endloop
  endfacet
  facet normal 0.642661616 0.113608823 0.757680066
    outer loop
      vertex 4.82188225 -0.0990578011 1.15616262
      vertex 4.79959297 -0.0320522971 1.1650213
      vertex 4.7806673 -0.0477822311 1.18343258
    endloop
  endfacet
  facet normal 0.642659436 0.113608242 0.757682002
    outer loop
      vertex 4.86309671 -0.150333375 1.12889278
      vertex 4.91184235 -0.191340014 1.09369576
      vertex 4.86552811 -0.114082649 1.12139499
    endloop
  endfacet
  facet normal 0.642664174 0.113609983 0.757677723
    outer loop
      vertex 4.79959297 -0.0320522971 1.1650213
      vertex 4.82188225 -0.0990578011 1.15616262
      vertex 4.86552811 -0.114082649 1.12139499
    endloop
  endfacet
  facet normal 0.642668068 0.113616484 0.757673445
    outer loop
      vertex 4.93146324 -0.196113005 1.0777688
      vertex 4.86552811 -0.114082649 1.12139499
      vertex 4.91184235 -0.191340014 1.09369576
    endloop
  endfacet
  facet normal 0.642663699 0.113614609 0.757677431
    outer loop
      vertex 4.99739885 -0.278143346 1.03414261
      vertex 4.93146324 -0.196113005 1.0777688
      vertex 4.95305729 -0.242615595 1.0664258
    endloop
  endfacet
  facet normal 0.642668156 0.113617715 0.757673185
    outer loop
      vertex 4.91184235 -0.191340014 1.09369576
      vertex 4.95305729 -0.242615595 1.0664258
      vertex 4.93146324 -0.196113005 1.0777688
    endloop
  endfacet
  facet normal 0.642660135 0.113606277 0.757681704
    outer loop
      vertex 4.98453951 -0.301420629 1.04854
      vertex 4.99739885 -0.278143346 1.03414261
      vertex 4.95305729 -0.242615595 1.0664258
    endloop
  endfacet
  facet normal 0.642663802 0.113607215 0.757678453
    outer loop
      vertex 4.82188225 -0.0990578011 1.15616262
      vertex 4.86309671 -0.150333375 1.12889278
      vertex 4.86552811 -0.114082649 1.12139499
    endloop
  endfacet
  facet normal 0.642648684 0.113593093 0.757693394
    outer loop
      vertex 4.81058598 -0.114461169 1.16805339
      vertex 4.8555665 -0.160602286 1.13681996
      vertex 4.81435156 -0.109326713 1.1640898
    endloop
  endfacet
  facet normal 0.642659748 0.113605926 0.757682085
    outer loop
      vertex 4.9455266 -0.252884507 1.07435298
      vertex 4.93799591 -0.263153434 1.08228016
      vertex 4.98453951 -0.301420629 1.04854
    endloop
  endfacet
  facet normal 0.642659805 0.113606003 0.757682025
    outer loop
      vertex 4.95305729 -0.242615595 1.0664258
      vertex 4.9455266 -0.252884507 1.07435298
      vertex 4.98453951 -0.301420629 1.04854
    endloop
  endfacet
  facet normal 0.642656587 0.113601975 0.757685358
    outer loop
      vertex 4.91184235 -0.191340014 1.09369576
      vertex 4.86309671 -0.150333375 1.12889278
      vertex 4.90431166 -0.201608941 1.10162282
    endloop
  endfacet
  facet normal 0.642602961 0.113530764 0.757741512
    outer loop
      vertex 4.7075491 0.0137277497 1.23622823
      vertex 4.68694162 0.0393655337 1.24986315
      vertex 4.70727634 0.0107936924 1.23689914
    endloop
  endfacet
  facet normal 0.642674287 0.113614682 0.75766844
    outer loop
      vertex 4.70476627 0.00737072015 1.23954153
      vertex 4.70727634 0.0107936924 1.23689914
      vertex 4.68694162 0.0393655337 1.24986315
    endloop
  endfacet
  facet normal 0.642615545 0.113527273 0.757731364
    outer loop
      vertex 4.71785259 0.00090885727 1.22941065
      vertex 4.7075491 0.0137277497 1.23622823
      vertex 4.70727634 0.0107936924 1.23689914
    endloop
  endfacet
  facet normal 0.642636922 0.113590051 0.757703826
    outer loop
      vertex 4.71785259 0.00090885727 1.22941065
      vertex 4.730196 -0.0177204143 1.22173452
      vertex 4.72815657 -0.0119100353 1.22259319
    endloop
  endfacet
  facet normal 0.642651735 0.113597267 0.75769018
    outer loop
      vertex 4.72815657 -0.0119100353 1.22259319
      vertex 4.730196 -0.0177204143 1.22173452
      vertex 4.74876404 -0.0375478193 1.20895827
    endloop
  endfacet
  facet normal 0.642662101 0.113617213 0.757678396
    outer loop
      vertex 4.70727634 0.0107936924 1.23689914
      vertex 4.730196 -0.0177204143 1.22173452
      vertex 4.71785259 0.00090885727 1.22941065
    endloop
  endfacet
  facet normal 0.642664014 0.113615469 0.757677035
    outer loop
      vertex 4.62887812 0.101783454 1.28975308
      vertex 4.68694162 0.0393655337 1.24986315
      vertex 4.64949179 0.0957755595 1.2731694
    endloop
  endfacet
  facet normal 0.642651099 0.113594439 0.757691143
    outer loop
      vertex 4.62887812 0.101783454 1.28975308
      vertex 4.70476627 0.00737072015 1.23954153
      vertex 4.68694162 0.0393655337 1.24986315
    endloop
  endfacet
  facet normal 0.642618286 0.11354236 0.757726779
    outer loop
      vertex 4.75311518 -0.0462345183 1.20656979
      vertex 4.74876404 -0.0375478193 1.20895827
      vertex 4.730196 -0.0177204143 1.22173452
    endloop
  endfacet
  facet normal 0.642663612 0.113611509 0.75767797
    outer loop
      vertex 4.62887812 0.101783454 1.28975308
      vertex 4.64949179 0.0957755595 1.2731694
      vertex 4.55298996 0.196196184 1.33996463
    endloop
  endfacet
  facet normal 0.642658359 0.113604346 0.7576835
    outer loop
      vertex 4.55298996 0.196196184 1.33996463
      vertex 4.50647688 0.293339014 1.36485124
      vertex 4.4771018 0.290608913 1.39017618
    endloop
  endfacet
  facet normal 0.642628509 0.113548787 0.757717145
    outer loop
      vertex 4.76748848 -0.0657528341 1.19730508
      vertex 4.7899785 -0.0888233855 1.18168831
      vertex 4.76937151 -0.0631856024 1.19532335
    endloop
  endfacet
  facet normal 0.642668907 0.113620653 0.757672108
    outer loop
      vertex 4.8979888 -0.233017772 1.11169565
      vertex 4.93799591 -0.263153434 1.08228016
      vertex 4.89678097 -0.211877853 1.10955
    endloop
  endfacet
  facet normal 0.642660629 0.113613686 0.757680174
    outer loop
      vertex 4.82429695 -0.141337633 1.16045392
      vertex 4.8555665 -0.160602286 1.13681996
      vertex 4.81058598 -0.114461169 1.16805339
    endloop
  endfacet
  facet normal 0.642669586 0.113620633 0.757671535
    outer loop
      vertex 4.82429695 -0.141337633 1.16045392
      vertex 4.8979888 -0.233017772 1.11169565
      vertex 4.89678097 -0.211877853 1.10955
    endloop
  endfacet
  facet normal 0.642653949 0.113591883 0.757689109
    outer loop
      vertex 4.82429695 -0.141337633 1.16045392
      vertex 4.89678097 -0.211877853 1.10955
      vertex 4.8555665 -0.160602286 1.13681996
    endloop
  endfacet
  facet normal 0.642668013 0.11361947 0.757673043
    outer loop
      vertex 4.81058598 -0.114461169 1.16805339
      vertex 4.7899785 -0.0888233855 1.18168831
      vertex 4.82429695 -0.141337633 1.16045392
    endloop
  endfacet
  facet normal 0.642659718 0.11363282 0.757678077
    outer loop
      vertex 4.75060511 -0.0496574901 1.20921218
      vertex 4.75718498 -0.0529339388 1.20412254
      vertex 4.75311518 -0.0462345183 1.20656979
    endloop
  endfacet
  facet normal 0.642647038 0.113577844 0.757697075
    outer loop
      vertex 4.76748848 -0.0657528341 1.19730508
      vertex 4.75718498 -0.0529339388 1.20412254
      vertex 4.75060511 -0.0496574901 1.20921218
    endloop
  endfacet
  facet normal 0.642671907 0.1136236 0.757669122
    outer loop
      vertex 4.76748848 -0.0657528341 1.19730508
      vertex 4.82429695 -0.141337633 1.16045392
      vertex 4.7899785 -0.0888233855 1.18168831
    endloop
  endfacet
  facet normal 0.642664966 0.1136107 0.757676943
    outer loop
      vertex 4.8979888 -0.233017772 1.11169565
      vertex 4.97168016 -0.324697912 1.06293738
      vertex 4.93799591 -0.263153434 1.08228016
    endloop
  endfacet
  facet normal 0.6426701 0.113621329 0.757670994
    outer loop
      vertex 4.76748848 -0.0657528341 1.19730508
      vertex 4.75060511 -0.0496574901 1.20921218
      vertex 4.82429695 -0.141337633 1.16045392
    endloop
  endfacet
  facet normal 0.642652615 0.113625927 0.757685136
    outer loop
      vertex 4.75906754 -0.0503667109 1.20214081
      vertex 4.75311518 -0.0462345183 1.20656979
      vertex 4.75718498 -0.0529339388 1.20412254
    endloop
  endfacet
  facet normal 0.642624448 0.113547078 0.757720845
    outer loop
      vertex 4.75311518 -0.0462345183 1.20656979
      vertex 4.75906754 -0.0503667109 1.20214081
      vertex 4.74876404 -0.0375478193 1.20895827
    endloop
  endfacet
  facet normal 0.642659973 0.113606436 0.757681817
    outer loop
      vertex 4.98453951 -0.301420629 1.04854
      vertex 4.93799591 -0.263153434 1.08228016
      vertex 4.97168016 -0.324697912 1.06293738
    endloop
  endfacet
  facet normal -0.642668733 -0.113621789 -0.757672085
    outer loop
      vertex 4.82098389 -0.161173359 1.06065273
      vertex 4.82474899 -0.15603891 1.05668914
      vertex 4.86399746 -0.204867795 1.03072047
    endloop
  endfacet
  facet normal -0.642671235 -0.113618381 -0.757670474
    outer loop
      vertex 4.85646677 -0.215136707 1.03864765
      vertex 4.81721878 -0.166307822 1.06461632
      vertex 4.82098389 -0.161173359 1.06065273
    endloop
  endfacet
  facet normal -0.642659735 -0.11360609 -0.757682071
    outer loop
      vertex 4.86399746 -0.204867795 1.03072047
      vertex 4.85646677 -0.215136707 1.03864765
      vertex 4.82098389 -0.161173359 1.06065273
    endloop
  endfacet
  facet normal -0.642669376 -0.113620694 -0.757671704
    outer loop
      vertex 4.81721878 -0.166307822 1.06461632
      vertex 4.79759455 -0.141893387 1.07760072
      vertex 4.80135965 -0.136758924 1.07363713
    endloop
  endfacet
  facet normal -0.642669376 -0.113620694 -0.757671704
    outer loop
      vertex 4.81721878 -0.166307822 1.06461632
      vertex 4.80135965 -0.136758924 1.07363713
      vertex 4.82098389 -0.161173359 1.06065273
    endloop
  endfacet
  facet normal -0.642648864 -0.113592722 -0.757693297
    outer loop
      vertex 4.82098389 -0.161173359 1.06065273
      vertex 4.80135965 -0.136758924 1.07363713
      vertex 4.80512524 -0.13162446 1.06967354
    endloop
  endfacet
  facet normal -0.642674749 -0.113614305 -0.757668104
    outer loop
      vertex 4.82098389 -0.161173359 1.06065273
      vertex 4.80512524 -0.13162446 1.06967354
      vertex 4.82474899 -0.15603891 1.05668914
    endloop
  endfacet
  facet normal -0.642674749 -0.113614305 -0.757668104
    outer loop
      vertex 4.82474899 -0.15603891 1.05668914
      vertex 4.80512524 -0.13162446 1.06967354
      vertex 4.80889034 -0.126490012 1.06570995
    endloop
  endfacet
  facet normal -0.642648864 -0.113592722 -0.757693297
    outer loop
      vertex 4.82474899 -0.15603891 1.05668914
      vertex 4.80889034 -0.126490012 1.06570995
      vertex 4.82851458 -0.150904447 1.05272555
    endloop
  endfacet
  facet normal -0.642661931 -0.113614485 -0.75767895
    outer loop
      vertex 4.80592299 -0.181711197 1.07650709
      vertex 4.78629875 -0.157296747 1.08949137
      vertex 4.79006386 -0.152162299 1.0855279
    endloop
  endfacet
  facet normal -0.642669376 -0.113620694 -0.757671704
    outer loop
      vertex 4.80592299 -0.181711197 1.07650709
      vertex 4.79006386 -0.152162299 1.0855279
      vertex 4.80968809 -0.176576734 1.0725435
    endloop
  endfacet
  facet normal -0.642648864 -0.113592722 -0.757693297
    outer loop
      vertex 4.80968809 -0.176576734 1.0725435
      vertex 4.79006386 -0.152162299 1.0855279
      vertex 4.79382944 -0.147027835 1.08156431
    endloop
  endfacet
  facet normal -0.642674749 -0.113614305 -0.757668104
    outer loop
      vertex 4.80968809 -0.176576734 1.0725435
      vertex 4.79382944 -0.147027835 1.08156431
      vertex 4.8134532 -0.171442285 1.06857991
    endloop
  endfacet
  facet normal -0.642674749 -0.113614305 -0.757668104
    outer loop
      vertex 4.8134532 -0.171442285 1.06857991
      vertex 4.79382944 -0.147027835 1.08156431
      vertex 4.79759455 -0.141893387 1.07760072
    endloop
  endfacet
  facet normal -0.642648864 -0.113592722 -0.757693297
    outer loop
      vertex 4.8134532 -0.171442285 1.06857991
      vertex 4.79759455 -0.141893387 1.07760072
      vertex 4.81721878 -0.166307822 1.06461632
    endloop
  endfacet
  facet normal -0.642650722 -0.113590409 -0.757692067
    outer loop
      vertex 4.8134532 -0.171442285 1.06857991
      vertex 4.81721878 -0.166307822 1.06461632
      vertex 4.85646677 -0.215136707 1.03864765
    endloop
  endfacet
  facet normal -0.642668733 -0.113621789 -0.757672085
    outer loop
      vertex 4.84893656 -0.225405619 1.04657483
      vertex 4.80968809 -0.176576734 1.0725435
      vertex 4.8134532 -0.171442285 1.06857991
    endloop
  endfacet
  facet normal -0.642668669 -0.113621721 -0.757672149
    outer loop
      vertex 4.85646677 -0.215136707 1.03864765
      vertex 4.84893656 -0.225405619 1.04657483
      vertex 4.8134532 -0.171442285 1.06857991
    endloop
  endfacet
  facet normal -0.642658406 -0.113607744 -0.757682951
    outer loop
      vertex 4.89571524 -0.263965577 1.01267898
      vertex 4.85646677 -0.215136707 1.03864765
      vertex 4.86399746 -0.204867795 1.03072047
    endloop
  endfacet
  facet normal -0.642658477 -0.113607803 -0.757682882
    outer loop
      vertex 4.89571524 -0.263965577 1.01267898
      vertex 4.86399746 -0.204867795 1.03072047
      vertex 4.90324593 -0.25369668 1.0047518
    endloop
  endfacet
  facet normal -0.642671292 -0.113618458 -0.757670414
    outer loop
      vertex 4.88818455 -0.274234504 1.02060616
      vertex 4.84893656 -0.225405619 1.04657483
      vertex 4.85646677 -0.215136707 1.03864765
    endloop
  endfacet
  facet normal -0.642658349 -0.113607666 -0.75768301
    outer loop
      vertex 4.88818455 -0.274234504 1.02060616
      vertex 4.85646677 -0.215136707 1.03864765
      vertex 4.89571524 -0.263965577 1.01267898
    endloop
  endfacet
  facet normal -0.642659503 -0.113601563 -0.757682947
    outer loop
      vertex 4.78625202 -0.10814441 1.08216095
      vertex 4.79303169 -0.096941106 1.07473075
      vertex 4.80889034 -0.126490012 1.06570995
    endloop
  endfacet
  facet normal -0.642670099 -0.113621679 -0.757670943
    outer loop
      vertex 4.84389448 -0.160219997 1.04107702
      vertex 4.82851458 -0.150904447 1.05272555
      vertex 4.80889034 -0.126490012 1.06570995
    endloop
  endfacet
  facet normal -0.642668439 -0.113622155 -0.75767228
    outer loop
      vertex 4.80512524 -0.13162446 1.06967354
      vertex 4.78625202 -0.10814441 1.08216095
      vertex 4.80889034 -0.126490012 1.06570995
    endloop
  endfacet
  facet normal -0.642648107 -0.113593663 -0.757693797
    outer loop
      vertex 4.82474899 -0.15603891 1.05668914
      vertex 4.82851458 -0.150904447 1.05272555
      vertex 4.86399746 -0.204867795 1.03072047
    endloop
  endfacet
  facet normal -0.642647813 -0.113594029 -0.757693992
    outer loop
      vertex 4.78625202 -0.10814441 1.08216095
      vertex 4.80512524 -0.13162446 1.06967354
      vertex 4.80135965 -0.136758924 1.07363713
    endloop
  endfacet
  facet normal -0.642659116 -0.11360124 -0.757683323
    outer loop
      vertex 4.84389448 -0.160219997 1.04107702
      vertex 4.80889034 -0.126490012 1.06570995
      vertex 4.79303169 -0.096941106 1.07473075
    endloop
  endfacet
  facet normal -0.642658466 -0.113602733 -0.757683651
    outer loop
      vertex 4.77947235 -0.119347706 1.08959115
      vertex 4.78625202 -0.10814441 1.08216095
      vertex 4.80135965 -0.136758924 1.07363713
    endloop
  endfacet
  facet normal -0.642664429 -0.11362121 -0.757675822
    outer loop
      vertex 4.79382944 -0.147027835 1.08156431
      vertex 4.77269316 -0.13055101 1.09702134
      vertex 4.77947235 -0.119347706 1.08959115
    endloop
  endfacet
  facet normal -0.642661908 -0.113606342 -0.75768019
    outer loop
      vertex 4.78629875 -0.157296747 1.08949137
      vertex 4.76591349 -0.141754314 1.10445166
      vertex 4.77269316 -0.13055101 1.09702134
    endloop
  endfacet
  facet normal -0.642667333 -0.113623531 -0.757673012
    outer loop
      vertex 4.77947235 -0.119347706 1.08959115
      vertex 4.79759455 -0.141893387 1.07760072
      vertex 4.79382944 -0.147027835 1.08156431
    endloop
  endfacet
  facet normal -0.642665945 -0.113609492 -0.757676294
    outer loop
      vertex 4.77269316 -0.13055101 1.09702134
      vertex 4.79006386 -0.152162299 1.0855279
      vertex 4.78629875 -0.157296747 1.08949137
    endloop
  endfacet
  facet normal -0.642651364 -0.11358961 -0.757691642
    outer loop
      vertex 4.77269316 -0.13055101 1.09702134
      vertex 4.79382944 -0.147027835 1.08156431
      vertex 4.79006386 -0.152162299 1.0855279
    endloop
  endfacet
  facet normal -0.64266722 -0.113623377 -0.757673131
    outer loop
      vertex 4.79759455 -0.141893387 1.07760072
      vertex 4.77947235 -0.119347706 1.08959115
      vertex 4.80135965 -0.136758924 1.07363713
    endloop
  endfacet
  facet normal -0.64266415 -0.113611917 -0.757677453
    outer loop
      vertex 4.8172431 -0.205613643 1.07048929
      vertex 4.76591349 -0.141754314 1.10445166
      vertex 4.78629875 -0.157296747 1.08949137
    endloop
  endfacet
  facet normal -0.642647123 -0.113594293 -0.757694538
    outer loop
      vertex 4.8172431 -0.205613643 1.07048929
      vertex 4.78629875 -0.157296747 1.08949137
      vertex 4.80592299 -0.181711197 1.07650709
    endloop
  endfacet
  facet normal -0.642660478 -0.113609925 -0.757680866
    outer loop
      vertex 4.86399746 -0.204867795 1.03072047
      vertex 4.84389448 -0.160219997 1.04107702
      vertex 4.89475775 -0.223498881 1.0074234
    endloop
  endfacet
  facet normal -0.642660785 -0.11361095 -0.757680452
    outer loop
      vertex 4.90324593 -0.25369668 1.0047518
      vertex 4.86399746 -0.204867795 1.03072047
      vertex 4.89475775 -0.223498881 1.0074234
    endloop
  endfacet
  facet normal -0.642666862 -0.113613603 -0.7576749
    outer loop
      vertex 4.93276167 -0.310055017 0.988167226
      vertex 4.90324593 -0.25369668 1.0047518
      vertex 4.94562054 -0.286777765 0.973769784
    endloop
  endfacet
  facet normal -0.642666638 -0.113613063 -0.75767517
    outer loop
      vertex 4.89475775 -0.223498881 1.0074234
      vertex 4.94562054 -0.286777765 0.973769784
      vertex 4.90324593 -0.25369668 1.0047518
    endloop
  endfacet
  facet normal -0.642658843 -0.113607052 -0.757682684
    outer loop
      vertex 4.88818455 -0.274234504 1.02060616
      vertex 4.89571524 -0.263965577 1.01267898
      vertex 4.93276167 -0.310055017 0.988167226
    endloop
  endfacet
  facet normal -0.642658956 -0.113607207 -0.757682565
    outer loop
      vertex 4.90324593 -0.25369668 1.0047518
      vertex 4.93276167 -0.310055017 0.988167226
      vertex 4.89571524 -0.263965577 1.01267898
    endloop
  endfacet
  facet normal -0.642656985 -0.113601335 -0.757685117
    outer loop
      vertex 4.8172431 -0.205613643 1.07048929
      vertex 4.80592299 -0.181711197 1.07650709
      vertex 4.84893656 -0.225405619 1.04657483
    endloop
  endfacet
  facet normal -0.64266862 -0.113621635 -0.757672204
    outer loop
      vertex 4.80968809 -0.176576734 1.0725435
      vertex 4.84893656 -0.225405619 1.04657483
      vertex 4.80592299 -0.181711197 1.07650709
    endloop
  endfacet
  facet normal -0.642662036 -0.113605837 -0.757680157
    outer loop
      vertex 4.86857271 -0.269472957 1.03652692
      vertex 4.84893656 -0.225405619 1.04657483
      vertex 4.88818455 -0.274234504 1.02060616
    endloop
  endfacet
  facet normal -0.64266241 -0.113611053 -0.757679058
    outer loop
      vertex 4.88818455 -0.274234504 1.02060616
      vertex 4.91990232 -0.3333323 1.00256467
      vertex 4.86857271 -0.269472957 1.03652692
    endloop
  endfacet
  facet normal -0.642659529 -0.11360865 -0.757681863
    outer loop
      vertex 4.91990232 -0.3333323 1.00256467
      vertex 4.88818455 -0.274234504 1.02060616
      vertex 4.93276167 -0.310055017 0.988167226
    endloop
  endfacet
  facet normal -0.642657441 -0.113602796 -0.757684511
    outer loop
      vertex 4.8172431 -0.205613643 1.07048929
      vertex 4.84893656 -0.225405619 1.04657483
      vertex 4.86857271 -0.269472957 1.03652692
    endloop
  endfacet
  facet normal -0.64266811 -0.113615041 -0.757673626
    outer loop
      vertex 4.84389448 -0.160219997 1.04107702
      vertex 4.86399746 -0.204867795 1.03072047
      vertex 4.82851458 -0.150904447 1.05272555
    endloop
  endfacet
  facet normal -0.502038529 -0.684597149 0.528473329
    outer loop
      vertex 4.79494858 -0.15961419 1.1088984
      vertex 4.8225832 -0.193994239 1.09061396
      vertex 4.83543634 -0.191722065 1.10576761
    endloop
  endfacet
  facet normal -0.502037064 -0.684595629 0.528476689
    outer loop
      vertex 4.79494858 -0.15961419 1.1088984
      vertex 4.83543634 -0.191722065 1.10576761
      vertex 4.80780172 -0.157342002 1.12405193
    endloop
  endfacet
  facet normal -0.502040336 -0.684593519 0.528476314
    outer loop
      vertex 4.8979888 -0.233017772 1.11169565
      vertex 4.94579124 -0.329015106 1.03275096
      vertex 4.97168016 -0.324697912 1.06293738
    endloop
  endfacet
  facet normal -0.502036055 -0.684594308 0.528479359
    outer loop
      vertex 4.8979888 -0.233017772 1.11169565
      vertex 4.82429695 -0.141337633 1.16045392
      vertex 4.80780172 -0.157342002 1.12405193
    endloop
  endfacet
  facet normal -0.502037739 -0.684595749 0.528475893
    outer loop
      vertex 4.8979888 -0.233017772 1.11169565
      vertex 4.80780172 -0.157342002 1.12405193
      vertex 4.83543634 -0.191722065 1.10576761
    endloop
  endfacet
  facet normal -0.502036874 -0.684593994 0.528478989
    outer loop
      vertex 4.94579124 -0.329015106 1.03275096
      vertex 4.8979888 -0.233017772 1.11169565
      vertex 4.83543634 -0.191722065 1.10576761
    endloop
  endfacet
  facet normal -0.502039037 -0.684594376 0.528476438
    outer loop
      vertex 4.86857271 -0.269472957 1.03652692
      vertex 4.94579124 -0.329015106 1.03275096
      vertex 4.83543634 -0.191722065 1.10576761
    endloop
  endfacet
  facet normal -0.502038755 -0.684594054 0.528477122
    outer loop
      vertex 4.86857271 -0.269472957 1.03652692
      vertex 4.91990232 -0.3333323 1.00256467
      vertex 4.94579124 -0.329015106 1.03275096
    endloop
  endfacet
  facet normal -0.502035185 -0.684594197 0.52848033
    outer loop
      vertex 4.8225832 -0.193994239 1.09061396
      vertex 4.8172431 -0.205613643 1.07048929
      vertex 4.86857271 -0.269472957 1.03652692
    endloop
  endfacet
  facet normal -0.502041078 -0.684593978 0.528475015
    outer loop
      vertex 4.8225832 -0.193994239 1.09061396
      vertex 4.86857271 -0.269472957 1.03652692
      vertex 4.83543634 -0.191722065 1.10576761
    endloop
  endfacet
  facet normal -0.502040999 -0.684590734 0.528479292
    outer loop
      vertex 4.80780172 -0.157342002 1.12405193
      vertex 4.79101801 -0.13836956 1.13268471
      vertex 4.79494858 -0.15961419 1.1088984
    endloop
  endfacet
  facet normal -0.502032325 -0.684596052 0.528480643
    outer loop
      vertex 4.8172431 -0.205613643 1.07048929
      vertex 4.8225832 -0.193994239 1.09061396
      vertex 4.79494858 -0.15961419 1.1088984
    endloop
  endfacet
  facet normal -0.502039882 -0.684594932 0.528474915
    outer loop
      vertex 4.76591349 -0.141754314 1.10445166
      vertex 4.8172431 -0.205613643 1.07048929
      vertex 4.79494858 -0.15961419 1.1088984
    endloop
  endfacet
  facet normal -0.502040611 -0.684590624 0.528479804
    outer loop
      vertex 4.79101801 -0.13836956 1.13268471
      vertex 4.80780172 -0.157342002 1.12405193
      vertex 4.82429695 -0.141337633 1.16045392
    endloop
  endfacet
  facet normal -0.502035879 -0.684591924 0.528482614
    outer loop
      vertex 4.75745678 -0.0947575271 1.15729809
      vertex 4.77423716 -0.116563544 1.1449914
      vertex 4.82429695 -0.141337633 1.16045392
    endloop
  endfacet
  facet normal -0.50203704 -0.684594728 0.52847788
    outer loop
      vertex 4.75745678 -0.0947575271 1.15729809
      vertex 4.73835087 -0.0526748933 1.19366229
      vertex 4.72609663 -0.0556922927 1.17811239
    endloop
  endfacet
  facet normal -0.502037533 -0.684594642 0.528477522
    outer loop
      vertex 4.82429695 -0.141337633 1.16045392
      vertex 4.73835087 -0.0526748933 1.19366229
      vertex 4.75745678 -0.0947575271 1.15729809
    endloop
  endfacet
  facet normal -0.502036348 -0.68459833 0.528473871
    outer loop
      vertex 4.77423716 -0.116563544 1.1449914
      vertex 4.79101801 -0.13836956 1.13268471
      vertex 4.82429695 -0.141337633 1.16045392
    endloop
  endfacet
  facet normal -0.50203704 -0.684594728 0.52847788
    outer loop
      vertex 4.72609663 -0.0556922927 1.17811239
      vertex 4.71384239 -0.0587096922 1.16256249
      vertex 4.75745678 -0.0947575271 1.15729809
    endloop
  endfacet
  facet normal -0.502038931 -0.684591476 0.528480296
    outer loop
      vertex 4.79494858 -0.15961419 1.1088984
      vertex 4.79101801 -0.13836956 1.13268471
      vertex 4.77846575 -0.14006193 1.11856818
    endloop
  endfacet
  facet normal -0.502038596 -0.684591399 0.528480712
    outer loop
      vertex 4.79494858 -0.15961419 1.1088984
      vertex 4.77846575 -0.14006193 1.11856818
      vertex 4.76591349 -0.141754314 1.10445166
    endloop
  endfacet
  facet normal -0.50203821 -0.684596083 0.528475013
    outer loop
      vertex 4.70158815 -0.0617270917 1.14701247
      vertex 4.73100471 -0.0983240083 1.12754917
      vertex 4.71384239 -0.0587096922 1.16256249
    endloop
  endfacet
  facet normal -0.502038487 -0.684596031 0.528474818
    outer loop
      vertex 4.75745678 -0.0947575271 1.15729809
      vertex 4.71384239 -0.0587096922 1.16256249
      vertex 4.73100471 -0.0983240083 1.12754917
    endloop
  endfacet
  facet normal -0.502037153 -0.684594486 0.528478086
    outer loop
      vertex 4.82429695 -0.141337633 1.16045392
      vertex 4.75060511 -0.0496574901 1.20921218
      vertex 4.73835087 -0.0526748933 1.19366229
    endloop
  endfacet
  facet normal 0.632260248 -0.629034077 -0.452286535
    outer loop
      vertex 4.94579124 -0.329015106 1.03275096
      vertex 4.93276167 -0.310055017 0.988167226
      vertex 4.97150993 -0.28246057 1.0039562
    endloop
  endfacet
  facet normal 0.632259689 -0.629028047 -0.452295702
    outer loop
      vertex 4.97150993 -0.28246057 1.0039562
      vertex 4.93276167 -0.310055017 0.988167226
      vertex 4.94562054 -0.286777765 0.973769784
    endloop
  endfacet
  facet normal 0.632261271 -0.629033689 -0.452285644
    outer loop
      vertex 4.98453951 -0.301420629 1.04854
      vertex 4.97150993 -0.28246057 1.0039562
      vertex 4.99739885 -0.278143346 1.03414261
    endloop
  endfacet
  facet normal 0.632260968 -0.62903374 -0.452285997
    outer loop
      vertex 4.94579124 -0.329015106 1.03275096
      vertex 4.98453951 -0.301420629 1.04854
      vertex 4.97168016 -0.324697912 1.06293738
    endloop
  endfacet
  facet normal 0.632259715 -0.629034572 -0.45228659
    outer loop
      vertex 4.94579124 -0.329015106 1.03275096
      vertex 4.91990232 -0.3333323 1.00256467
      vertex 4.93276167 -0.310055017 0.988167226
    endloop
  endfacet
  facet normal 0.632260987 -0.629033953 -0.452285673
    outer loop
      vertex 4.98453951 -0.301420629 1.04854
      vertex 4.94579124 -0.329015106 1.03275096
      vertex 4.97150993 -0.28246057 1.0039562
    endloop
  endfacet
endsolid e11
