solid b5
  facet normal 0.602059584 0.585084031 0.543323968
    outer loop
      vertex 0.37716192 1.6348114 1.12323153
      vertex 0.403308272 1.6359961 1.09298289
      vertex 0.388323069 1.66242993 1.08112252
    endloop
  endfacet
  facet normal 0.602057901 0.585084409 0.543325426
    outer loop
      vertex 0.37716192 1.6348114 1.12323153
      vertex 0.336030304 1.66006041 1.1416198
      vertex 0.351015538 1.63362658 1.15348017
    endloop
  endfacet
  facet normal 0.60205798 0.585085303 0.543324376
    outer loop
      vertex 0.336030304 1.66006041 1.1416198
      vertex 0.37716192 1.6348114 1.12323153
      vertex 0.388323069 1.66242993 1.08112252
    endloop
  endfacet
  facet normal 0.60205798 0.585085303 0.543324376
    outer loop
      vertex 0.388323069 1.66242993 1.08112252
      vertex 0.347191453 1.68767893 1.09951079
      vertex 0.336030304 1.66006041 1.1416198
    endloop
  endfacet
  facet normal 0.60205692 0.585086142 0.543324646
    outer loop
      vertex 0.347191453 1.68767893 1.09951079
      vertex 0.321045071 1.68649411 1.12975943
      vertex 0.336030304 1.66006041 1.1416198
    endloop
  endfacet
  facet normal 0.602058059 0.585086196 0.543323327
    outer loop
      vertex 0.373337835 1.68886364 1.06926215
      vertex 0.347191453 1.68767893 1.09951079
      vertex 0.388323069 1.66242993 1.08112252
    endloop
  endfacet
  facet normal 0.658072741 -0.515687139 0.548641087
    outer loop
      vertex 0.326495856 1.5377388 1.09276187
      vertex 0.34049055 1.5699904 1.10629022
      vertex 0.33612445 1.56977367 1.11132348
    endloop
  endfacet
  facet normal 0.658086457 -0.515683636 0.548627927
    outer loop
      vertex 0.326495856 1.5377388 1.09276187
      vertex 0.33612445 1.56977367 1.11132348
      vertex 0.322129756 1.53752196 1.09779525
    endloop
  endfacet
  facet normal 0.658086457 -0.515683636 0.548627927
    outer loop
      vertex 0.322129756 1.53752196 1.09779525
      vertex 0.33612445 1.56977367 1.11132348
      vertex 0.33175835 1.56955683 1.11635685
    endloop
  endfacet
  facet normal 0.658072741 -0.515687139 0.548641087
    outer loop
      vertex 0.322129756 1.53752196 1.09779525
      vertex 0.33175835 1.56955683 1.11635685
      vertex 0.317763656 1.53730524 1.1028285
    endloop
  endfacet
  facet normal 0.658079166 -0.51568682 0.54863368
    outer loop
      vertex 0.317763656 1.53730524 1.1028285
      vertex 0.33175835 1.56955683 1.11635685
      vertex 0.32739225 1.56934011 1.12139022
    endloop
  endfacet
  facet normal 0.658079166 -0.51568682 0.54863368
    outer loop
      vertex 0.317763656 1.53730524 1.1028285
      vertex 0.32739225 1.56934011 1.12139022
      vertex 0.313397557 1.53708851 1.10786188
    endloop
  endfacet
  facet normal 0.658075954 -0.515686979 0.548637383
    outer loop
      vertex 0.335228056 1.53817225 1.08269513
      vertex 0.321233362 1.50592065 1.06916678
      vertex 0.329965562 1.50635409 1.05910015
    endloop
  endfacet
  facet normal 0.658082186 -0.51568667 0.548630199
    outer loop
      vertex 0.357954949 1.57085741 1.08615673
      vertex 0.349222749 1.57042384 1.09622347
      vertex 0.335228056 1.53817225 1.08269513
    endloop
  endfacet
  facet normal 0.658079696 -0.515685383 0.548634396
    outer loop
      vertex 0.329965562 1.50635409 1.05910015
      vertex 0.357954949 1.57085741 1.08615673
      vertex 0.335228056 1.53817225 1.08269513
    endloop
  endfacet
  facet normal 0.658079166 -0.51568682 0.54863368
    outer loop
      vertex 0.335228056 1.53817225 1.08269513
      vertex 0.349222749 1.57042384 1.09622347
      vertex 0.34485665 1.57020712 1.10125685
    endloop
  endfacet
  facet normal 0.658079166 -0.51568682 0.54863368
    outer loop
      vertex 0.335228056 1.53817225 1.08269513
      vertex 0.34485665 1.57020712 1.10125685
      vertex 0.330861956 1.53795552 1.0877285
    endloop
  endfacet
  facet normal 0.658079166 -0.51568682 0.54863368
    outer loop
      vertex 0.330861956 1.53795552 1.0877285
      vertex 0.34485665 1.57020712 1.10125685
      vertex 0.34049055 1.5699904 1.10629022
    endloop
  endfacet
  facet normal 0.658079166 -0.51568682 0.54863368
    outer loop
      vertex 0.330861956 1.53795552 1.0877285
      vertex 0.34049055 1.5699904 1.10629022
      vertex 0.326495856 1.5377388 1.09276187
    endloop
  endfacet
  facet normal 0.658085528 -0.515685777 0.54862703
    outer loop
      vertex 0.280145645 1.44076717 1.05721021
      vertex 0.275779545 1.44055033 1.06224358
      vertex 0.247790158 1.37604713 1.03518701
    endloop
  endfacet
  facet normal 0.658073044 -0.51568644 0.54864138
    outer loop
      vertex 0.256522357 1.37648058 1.02512026
      vertex 0.284511745 1.44098389 1.05217695
      vertex 0.280145645 1.44076717 1.05721021
    endloop
  endfacet
  facet normal 0.658079792 -0.515685378 0.548634285
    outer loop
      vertex 0.247790158 1.37604713 1.03518701
      vertex 0.256522357 1.37648058 1.02512026
      vertex 0.280145645 1.44076717 1.05721021
    endloop
  endfacet
  facet normal 0.658082811 -0.515685228 0.548630804
    outer loop
      vertex 0.273986757 1.37734759 1.00498688
      vertex 0.301976144 1.4418509 1.03204346
      vertex 0.293243945 1.44141734 1.0421102
    endloop
  endfacet
  facet normal 0.658075954 -0.515686979 0.548637383
    outer loop
      vertex 0.273986757 1.37734759 1.00498688
      vertex 0.293243945 1.44141734 1.0421102
      vertex 0.265254557 1.37691414 1.01505351
    endloop
  endfacet
  facet normal 0.658082792 -0.515685273 0.548630785
    outer loop
      vertex 0.307238638 1.47366905 1.05563855
      vertex 0.293243945 1.44141734 1.0421102
      vertex 0.301976144 1.4418509 1.03204346
    endloop
  endfacet
  facet normal 0.658076405 -0.515685939 0.54863782
    outer loop
      vertex 0.329965562 1.50635409 1.05910015
      vertex 0.321233362 1.50592065 1.06916678
      vertex 0.307238638 1.47366905 1.05563855
    endloop
  endfacet
  facet normal 0.658078588 -0.515687067 0.548634142
    outer loop
      vertex 0.301976144 1.4418509 1.03204346
      vertex 0.329965562 1.50635409 1.05910015
      vertex 0.307238638 1.47366905 1.05563855
    endloop
  endfacet
  facet normal 0.658079469 -0.515686121 0.548633973
    outer loop
      vertex 0.288877845 1.44120061 1.04714358
      vertex 0.284511745 1.44098389 1.05217695
      vertex 0.256522357 1.37648058 1.02512026
    endloop
  endfacet
  facet normal 0.658079166 -0.51568682 0.54863368
    outer loop
      vertex 0.265254557 1.37691414 1.01505351
      vertex 0.293243945 1.44141734 1.0421102
      vertex 0.288877845 1.44120061 1.04714358
    endloop
  endfacet
  facet normal 0.658082337 -0.515686321 0.548630345
    outer loop
      vertex 0.256522357 1.37648058 1.02512026
      vertex 0.265254557 1.37691414 1.01505351
      vertex 0.288877845 1.44120061 1.04714358
    endloop
  endfacet
  facet normal 0.658079374 -0.51568634 0.548633881
    outer loop
      vertex 0.209275767 1.24790764 0.960940301
      vertex 0.218007967 1.24834108 0.950873554
      vertex 0.273986757 1.37734759 1.00498688
    endloop
  endfacet
  facet normal 0.658076323 -0.515686128 0.54863774
    outer loop
      vertex 0.209275767 1.24790764 0.960940301
      vertex 0.273986757 1.37734759 1.00498688
      vertex 0.265254557 1.37691414 1.01505351
    endloop
  endfacet
  facet normal 0.658082475 -0.515686005 0.548630478
    outer loop
      vertex 0.265254557 1.37691414 1.01505351
      vertex 0.256522357 1.37648058 1.02512026
      vertex 0.200543568 1.24747407 0.971006989
    endloop
  endfacet
  facet normal 0.658080949 -0.515685899 0.548632408
    outer loop
      vertex 0.265254557 1.37691414 1.01505351
      vertex 0.200543568 1.24747407 0.971006989
      vertex 0.209275767 1.24790764 0.960940301
    endloop
  endfacet
  facet normal 0.65808265 -0.5156856 0.548630648
    outer loop
      vertex 0.162029177 1.11933458 0.896760285
      vertex 0.190018564 1.18383789 0.923816919
      vertex 0.181286365 1.18340433 0.933883667
    endloop
  endfacet
  facet normal 0.658079328 -0.515686448 0.548633836
    outer loop
      vertex 0.162029177 1.11933458 0.896760285
      vertex 0.181286365 1.18340433 0.933883667
      vertex 0.153296977 1.11890113 0.906827033
    endloop
  endfacet
  facet normal 0.658079279 -0.51568656 0.548633789
    outer loop
      vertex 0.190018564 1.18383789 0.923816919
      vertex 0.218007967 1.24834108 0.950873554
      vertex 0.209275767 1.24790764 0.960940301
    endloop
  endfacet
  facet normal 0.658082602 -0.515685711 0.548630601
    outer loop
      vertex 0.190018564 1.18383789 0.923816919
      vertex 0.209275767 1.24790764 0.960940301
      vertex 0.181286365 1.18340433 0.933883667
    endloop
  endfacet
  facet normal 0.65808078 -0.515686287 0.548632245
    outer loop
      vertex 0.153296977 1.11890113 0.906827033
      vertex 0.144564778 1.11846757 0.916893721
      vertex 0.0885859802 0.989461124 0.862780452
    endloop
  endfacet
  facet normal 0.658079379 -0.515686329 0.548633886
    outer loop
      vertex 0.106050387 0.990328133 0.842647016
      vertex 0.162029177 1.11933458 0.896760285
      vertex 0.153296977 1.11890113 0.906827033
    endloop
  endfacet
  facet normal 0.658079995 -0.515686232 0.548633238
    outer loop
      vertex 0.0885859802 0.989461124 0.862780452
      vertex 0.106050387 0.990328133 0.842647016
      vertex 0.153296977 1.11890113 0.906827033
    endloop
  endfacet
  facet normal 0.658077741 -0.515686352 0.548635829
    outer loop
      vertex 0.32739225 1.56934011 1.12139022
      vertex 0.351015538 1.63362658 1.15348017
      vertex 0.326991916 1.57826269 1.13025713
    endloop
  endfacet
  facet normal 0.658076828 -0.515686936 0.548636376
    outer loop
      vertex 0.313397557 1.53708851 1.10786188
      vertex 0.32739225 1.56934011 1.12139022
      vertex 0.326991916 1.57826269 1.13025713
    endloop
  endfacet
  facet normal 0.658078569 -0.515686565 0.548634637
    outer loop
      vertex 0.313397557 1.53708851 1.10786188
      vertex 0.326991916 1.57826269 1.13025713
      vertex 0.302968264 1.52289879 1.10703409
    endloop
  endfacet
  facet normal 0.658079489 -0.515686077 0.548633992
    outer loop
      vertex 0.33175835 1.56955683 1.11635685
      vertex 0.351015538 1.63362658 1.15348017
      vertex 0.32739225 1.56934011 1.12139022
    endloop
  endfacet
  facet normal 0.658086134 -0.51568438 0.548627616
    outer loop
      vertex 0.351015538 1.63362658 1.15348017
      vertex 0.33175835 1.56955683 1.11635685
      vertex 0.33612445 1.56977367 1.11132348
    endloop
  endfacet
  facet normal 0.658079772 -0.515686573 0.548633186
    outer loop
      vertex 0.37716192 1.6348114 1.12323153
      vertex 0.351015538 1.63362658 1.15348017
      vertex 0.33612445 1.56977367 1.11132348
    endloop
  endfacet
  facet normal 0.658079934 -0.51568505 0.548634422
    outer loop
      vertex 0.317763656 1.53730524 1.1028285
      vertex 0.313397557 1.53708851 1.10786188
      vertex 0.314143687 1.52340519 1.09410536
    endloop
  endfacet
  facet normal 0.658073883 -0.515684507 0.548642191
    outer loop
      vertex 0.34049055 1.5699904 1.10629022
      vertex 0.37716192 1.6348114 1.12323153
      vertex 0.33612445 1.56977367 1.11132348
    endloop
  endfacet
  facet normal 0.65808569 -0.515685403 0.548627186
    outer loop
      vertex 0.280145645 1.44076717 1.05721021
      vertex 0.289811164 1.46749246 1.07073689
      vertex 0.275779545 1.44055033 1.06224358
    endloop
  endfacet
  facet normal 0.658082564 -0.515685059 0.54863126
    outer loop
      vertex 0.278707892 1.46698928 1.08358228
      vertex 0.275779545 1.44055033 1.06224358
      vertex 0.289811164 1.46749246 1.07073689
    endloop
  endfacet
  facet normal 0.658077933 -0.51568655 0.548635413
    outer loop
      vertex 0.278707892 1.46698928 1.08358228
      vertex 0.239480093 1.37658644 1.04566169
      vertex 0.247790158 1.37604713 1.03518701
    endloop
  endfacet
  facet normal 0.658080588 -0.515686022 0.548632724
    outer loop
      vertex 0.278707892 1.46698928 1.08358228
      vertex 0.247790158 1.37604713 1.03518701
      vertex 0.275779545 1.44055033 1.06224358
    endloop
  endfacet
  facet normal 0.658078076 -0.515686254 0.548635519
    outer loop
      vertex 0.302968264 1.52289879 1.10703409
      vertex 0.314143687 1.52340519 1.09410536
      vertex 0.313397557 1.53708851 1.10786188
    endloop
  endfacet
  facet normal 0.658083883 -0.515689568 0.548625439
    outer loop
      vertex 0.314143687 1.52340519 1.09410536
      vertex 0.326495856 1.5377388 1.09276187
      vertex 0.322129756 1.53752196 1.09779525
    endloop
  endfacet
  facet normal 0.658072672 -0.515687299 0.54864102
    outer loop
      vertex 0.322129756 1.53752196 1.09779525
      vertex 0.317763656 1.53730524 1.1028285
      vertex 0.314143687 1.52340519 1.09410536
    endloop
  endfacet
  facet normal 0.658072546 -0.515687589 0.548640898
    outer loop
      vertex 0.280145645 1.44076717 1.05721021
      vertex 0.284511745 1.44098389 1.05217695
      vertex 0.289811164 1.46749246 1.07073689
    endloop
  endfacet
  facet normal 0.658079662 -0.515685677 0.548634159
    outer loop
      vertex 0.37716192 1.6348114 1.12323153
      vertex 0.34485665 1.57020712 1.10125685
      vertex 0.349222749 1.57042384 1.09622347
    endloop
  endfacet
  facet normal 0.658079165 -0.515686426 0.548634051
    outer loop
      vertex 0.357954949 1.57085741 1.08615673
      vertex 0.403308272 1.6359961 1.09298289
      vertex 0.37716192 1.6348114 1.12323153
    endloop
  endfacet
  facet normal 0.658079193 -0.515686441 0.548634004
    outer loop
      vertex 0.403308272 1.6359961 1.09298289
      vertex 0.357954949 1.57085741 1.08615673
      vertex 0.361336738 1.53927016 1.05241001
    endloop
  endfacet
  facet normal 0.6580808 -0.515685328 0.548633123
    outer loop
      vertex 0.357954949 1.57085741 1.08615673
      vertex 0.329965562 1.50635409 1.05910015
      vertex 0.361336738 1.53927016 1.05241001
    endloop
  endfacet
  facet normal 0.658082682 -0.515685527 0.548630678
    outer loop
      vertex 0.357954949 1.57085741 1.08615673
      vertex 0.37716192 1.6348114 1.12323153
      vertex 0.349222749 1.57042384 1.09622347
    endloop
  endfacet
  facet normal 0.658078728 -0.51568783 0.548633256
    outer loop
      vertex 0.325319082 1.5239116 1.08117652
      vertex 0.335228056 1.53817225 1.08269513
      vertex 0.330861956 1.53795552 1.0877285
    endloop
  endfacet
  facet normal 0.658079662 -0.515685677 0.548634159
    outer loop
      vertex 0.34049055 1.5699904 1.10629022
      vertex 0.34485665 1.57020712 1.10125685
      vertex 0.37716192 1.6348114 1.12323153
    endloop
  endfacet
  facet normal 0.65808088 -0.515685388 0.54863297
    outer loop
      vertex 0.307238638 1.47366905 1.05563855
      vertex 0.313116729 1.49595356 1.06953406
      vertex 0.300914407 1.46799552 1.05789161
    endloop
  endfacet
  facet normal 0.658079652 -0.5156857 0.54863415
    outer loop
      vertex 0.300914407 1.46799552 1.05789161
      vertex 0.284511745 1.44098389 1.05217695
      vertex 0.288877845 1.44120061 1.04714358
    endloop
  endfacet
  facet normal 0.658078728 -0.51568783 0.548633256
    outer loop
      vertex 0.325319082 1.5239116 1.08117652
      vertex 0.330861956 1.53795552 1.0877285
      vertex 0.326495856 1.5377388 1.09276187
    endloop
  endfacet
  facet normal 0.658080872 -0.515685368 0.548632998
    outer loop
      vertex 0.293243945 1.44141734 1.0421102
      vertex 0.307238638 1.47366905 1.05563855
      vertex 0.300914407 1.46799552 1.05789161
    endloop
  endfacet
  facet normal 0.658079777 -0.515685942 0.548633773
    outer loop
      vertex 0.321233362 1.50592065 1.06916678
      vertex 0.325319082 1.5239116 1.08117652
      vertex 0.313116729 1.49595356 1.06953406
    endloop
  endfacet
  facet normal 0.658079595 -0.51568578 0.548634143
    outer loop
      vertex 0.321233362 1.50592065 1.06916678
      vertex 0.313116729 1.49595356 1.06953406
      vertex 0.307238638 1.47366905 1.05563855
    endloop
  endfacet
  facet normal 0.658076978 -0.515686928 0.548636203
    outer loop
      vertex 0.325319082 1.5239116 1.08117652
      vertex 0.321233362 1.50592065 1.06916678
      vertex 0.335228056 1.53817225 1.08269513
    endloop
  endfacet
  facet normal 0.658081158 -0.515685858 0.548632195
    outer loop
      vertex 0.319365203 1.44254422 1.01183724
      vertex 0.361336738 1.53927016 1.05241001
      vertex 0.329965562 1.50635409 1.05910015
    endloop
  endfacet
  facet normal 0.658078285 -0.515687082 0.548634491
    outer loop
      vertex 0.319365203 1.44254422 1.01183724
      vertex 0.329965562 1.50635409 1.05910015
      vertex 0.301976144 1.4418509 1.03204346
    endloop
  endfacet
  facet normal 0.658081109 -0.515686605 0.548631552
    outer loop
      vertex 0.326495856 1.5377388 1.09276187
      vertex 0.314143687 1.52340519 1.09410536
      vertex 0.325319082 1.5239116 1.08117652
    endloop
  endfacet
  facet normal 0.658078399 -0.51568533 0.548636
    outer loop
      vertex 0.284511745 1.44098389 1.05217695
      vertex 0.300914407 1.46799552 1.05789161
      vertex 0.289811164 1.46749246 1.07073689
    endloop
  endfacet
  facet normal 0.658079652 -0.5156857 0.54863415
    outer loop
      vertex 0.293243945 1.44141734 1.0421102
      vertex 0.300914407 1.46799552 1.05789161
      vertex 0.288877845 1.44120061 1.04714358
    endloop
  endfacet
  facet normal 0.658078198 -0.515686018 0.548635595
    outer loop
      vertex 0.200252295 1.2861836 1.00774121
      vertex 0.247790158 1.37604713 1.03518701
      vertex 0.239480093 1.37658644 1.04566169
    endloop
  endfacet
  facet normal 0.658079377 -0.515686167 0.548634041
    outer loop
      vertex 0.200543568 1.24747407 0.971006989
      vertex 0.247790158 1.37604713 1.03518701
      vertex 0.200252295 1.2861836 1.00774121
    endloop
  endfacet
  facet normal 0.658079283 -0.515686223 0.5486341
    outer loop
      vertex 0.161024496 1.19578075 0.969820678
      vertex 0.200543568 1.24747407 0.971006989
      vertex 0.200252295 1.2861836 1.00774121
    endloop
  endfacet
  facet normal 0.658079892 -0.515686662 0.548632958
    outer loop
      vertex 0.161024496 1.19578075 0.969820678
      vertex 0.179394141 1.19644606 0.948411822
      vertex 0.200543568 1.24747407 0.971006989
    endloop
  endfacet
  facet normal 0.658079455 -0.515686155 0.548633959
    outer loop
      vertex 0.200543568 1.24747407 0.971006989
      vertex 0.256522357 1.37648058 1.02512026
      vertex 0.247790158 1.37604713 1.03518701
    endloop
  endfacet
  facet normal 0.658080644 -0.5156866 0.548632113
    outer loop
      vertex 0.200543568 1.24747407 0.971006989
      vertex 0.179394141 1.19644606 0.948411822
      vertex 0.209275767 1.24790764 0.960940301
    endloop
  endfacet
  facet normal 0.658079533 -0.51568609 0.548633926
    outer loop
      vertex 0.144564778 1.11846757 0.916893721
      vertex 0.134852678 1.13546622 0.94452107
      vertex 0.0956067666 1.04502165 0.906583071
    endloop
  endfacet
  facet normal 0.658078898 -0.515685897 0.54863487
    outer loop
      vertex 0.0885859802 0.989461124 0.862780452
      vertex 0.056360852 0.954577148 0.868645012
      vertex 0.0171149373 0.864132524 0.830707014
    endloop
  endfacet
  facet normal 0.658079436 -0.515686617 0.548633547
    outer loop
      vertex 0.0885859802 0.989461124 0.862780452
      vertex 0.0956067666 1.04502165 0.906583071
      vertex 0.056360852 0.954577148 0.868645012
    endloop
  endfacet
  facet normal 0.658078319 -0.51568638 0.548635109
    outer loop
      vertex 0.152743787 1.13611424 0.923669934
      vertex 0.153296977 1.11890113 0.906827033
      vertex 0.166068971 1.16628015 0.936040878
    endloop
  endfacet
  facet normal 0.658081647 -0.51568429 0.548633082
    outer loop
      vertex 0.153296977 1.11890113 0.906827033
      vertex 0.152743787 1.13611424 0.923669934
      vertex 0.144564778 1.11846757 0.916893721
    endloop
  endfacet
  facet normal 0.658080062 -0.515686323 0.548633073
    outer loop
      vertex 0.0956067666 1.04502165 0.906583071
      vertex 0.0885859802 0.989461124 0.862780452
      vertex 0.144564778 1.11846757 0.916893721
    endloop
  endfacet
  facet normal 0.658081338 -0.515684289 0.548633453
    outer loop
      vertex 0.152743787 1.13611424 0.923669934
      vertex 0.134852678 1.13546622 0.94452107
      vertex 0.144564778 1.11846757 0.916893721
    endloop
  endfacet
  facet normal 0.658077547 -0.515686173 0.548636229
    outer loop
      vertex 0.181286365 1.18340433 0.933883667
      vertex 0.179394141 1.19644606 0.948411822
      vertex 0.166068971 1.16628015 0.936040878
    endloop
  endfacet
  facet normal 0.658079595 -0.515686045 0.548633894
    outer loop
      vertex 0.0885859802 0.989461124 0.862780452
      vertex 0.0171149373 0.864132524 0.830707014
      vertex 0.0423254669 0.863160551 0.799553692
    endloop
  endfacet
  facet normal 0.658079017 -0.515685416 0.548635178
    outer loop
      vertex 0.319365203 1.44254422 1.01183724
      vertex 0.301976144 1.4418509 1.03204346
      vertex 0.273986757 1.37734759 1.00498688
    endloop
  endfacet
  facet normal 0.658077861 -0.515685946 0.548636067
    outer loop
      vertex 0.179394141 1.19644606 0.948411822
      vertex 0.181286365 1.18340433 0.933883667
      vertex 0.209275767 1.24790764 0.960940301
    endloop
  endfacet
  facet normal 0.658080408 -0.515686138 0.548632831
    outer loop
      vertex 0.277393669 1.34581828 0.971264422
      vertex 0.319365203 1.44254422 1.01183724
      vertex 0.273986757 1.37734759 1.00498688
    endloop
  endfacet
  facet normal 0.658080408 -0.515686138 0.548632831
    outer loop
      vertex 0.235422134 1.24909234 0.9306916
      vertex 0.277393669 1.34581828 0.971264422
      vertex 0.273986757 1.37734759 1.00498688
    endloop
  endfacet
  facet normal 0.658079673 -0.515686326 0.548633536
    outer loop
      vertex 0.235422134 1.24909234 0.9306916
      vertex 0.273986757 1.37734759 1.00498688
      vertex 0.218007967 1.24834108 0.950873554
    endloop
  endfacet
  facet normal 0.658079577 -0.515686545 0.548633445
    outer loop
      vertex 0.218007967 1.24834108 0.950873554
      vertex 0.190018564 1.18383789 0.923816919
      vertex 0.235422134 1.24909234 0.9306916
    endloop
  endfacet
  facet normal 0.658080112 -0.515685963 0.548633351
    outer loop
      vertex 0.106050387 0.990328133 0.842647016
      vertex 0.0885859802 0.989461124 0.862780452
      vertex 0.0423254669 0.863160551 0.799553692
    endloop
  endfacet
  facet normal 0.658079596 -0.515685751 0.548634169
    outer loop
      vertex 0.1934506 1.1523664 0.890118778
      vertex 0.190018564 1.18383789 0.923816919
      vertex 0.162029177 1.11933458 0.896760285
    endloop
  endfacet
  facet normal 0.658079877 -0.515686164 0.548633444
    outer loop
      vertex 0.151479065 1.05564046 0.849545956
      vertex 0.1934506 1.1523664 0.890118778
      vertex 0.162029177 1.11933458 0.896760285
    endloop
  endfacet
  facet normal 0.658079209 -0.515686198 0.548634213
    outer loop
      vertex 0.109507531 0.958914578 0.808973193
      vertex 0.106050387 0.990328133 0.842647016
      vertex 0.0675359964 0.862188637 0.768400371
    endloop
  endfacet
  facet normal 0.658080125 -0.515685964 0.548633334
    outer loop
      vertex 0.0423254669 0.863160551 0.799553692
      vertex 0.0675359964 0.862188637 0.768400371
      vertex 0.106050387 0.990328133 0.842647016
    endloop
  endfacet
  facet normal 0.658079232 -0.515686182 0.548634201
    outer loop
      vertex 0.151479065 1.05564046 0.849545956
      vertex 0.106050387 0.990328133 0.842647016
      vertex 0.109507531 0.958914578 0.808973193
    endloop
  endfacet
  facet normal 0.658079505 -0.515686323 0.548633741
    outer loop
      vertex 0.151479065 1.05564046 0.849545956
      vertex 0.162029177 1.11933458 0.896760285
      vertex 0.106050387 0.990328133 0.842647016
    endloop
  endfacet
  facet normal 0.658078933 -0.515686211 0.548634531
    outer loop
      vertex 0.235422134 1.24909234 0.9306916
      vertex 0.190018564 1.18383789 0.923816919
      vertex 0.1934506 1.1523664 0.890118778
    endloop
  endfacet
  facet normal 0.658077843 -0.515686522 0.548635547
    outer loop
      vertex 0.153296977 1.11890113 0.906827033
      vertex 0.181286365 1.18340433 0.933883667
      vertex 0.166068971 1.16628015 0.936040878
    endloop
  endfacet
  facet normal -0.658073104 0.515686882 -0.548640893
    outer loop
      vertex 0.210635975 1.38036239 0.974446535
      vertex 0.2073614 1.38019991 0.978221536
      vertex 0.226408705 1.42409551 0.996634066
    endloop
  endfacet
  facet normal -0.658081157 0.515686482 -0.54863161
    outer loop
      vertex 0.232957855 1.4244206 0.989084065
      vertex 0.21391055 1.38052499 0.970671535
      vertex 0.210635975 1.38036239 0.974446535
    endloop
  endfacet
  facet normal -0.658077353 0.515686169 -0.548636466
    outer loop
      vertex 0.226408705 1.42409551 0.996634066
      vertex 0.232957855 1.4244206 0.989084065
      vertex 0.210635975 1.38036239 0.974446535
    endloop
  endfacet
  facet normal -0.658081294 0.515686166 -0.548631743
    outer loop
      vertex 0.21391055 1.38052499 0.970671535
      vertex 0.20438689 1.35857713 0.96146524
      vertex 0.201112315 1.35841453 0.96524024
    endloop
  endfacet
  facet normal -0.658081294 0.515686166 -0.548631743
    outer loop
      vertex 0.21391055 1.38052499 0.970671535
      vertex 0.201112315 1.35841453 0.96524024
      vertex 0.210635975 1.38036239 0.974446535
    endloop
  endfacet
  facet normal -0.658073242 0.515686565 -0.548641025
    outer loop
      vertex 0.210635975 1.38036239 0.974446535
      vertex 0.201112315 1.35841453 0.96524024
      vertex 0.19783774 1.35825205 0.969015241
    endloop
  endfacet
  facet normal -0.658073242 0.515686565 -0.548641025
    outer loop
      vertex 0.210635975 1.38036239 0.974446535
      vertex 0.19783774 1.35825205 0.969015241
      vertex 0.2073614 1.38019991 0.978221536
    endloop
  endfacet
  facet normal -0.658085577 0.515685953 -0.548626805
    outer loop
      vertex 0.2073614 1.38019991 0.978221536
      vertex 0.19783774 1.35825205 0.969015241
      vertex 0.194563165 1.35808945 0.972790301
    endloop
  endfacet
  facet normal -0.658081768 0.515685073 -0.548632201
    outer loop
      vertex 0.2073614 1.38019991 0.978221536
      vertex 0.194563165 1.35808945 0.972790301
      vertex 0.204086825 1.38003731 0.981996536
    endloop
  endfacet
  facet normal -0.658081768 0.515685073 -0.548632201
    outer loop
      vertex 0.204086825 1.38003731 0.981996536
      vertex 0.194563165 1.35808945 0.972790301
      vertex 0.19128859 1.35792685 0.976565301
    endloop
  endfacet
  facet normal -0.658081768 0.515685073 -0.548632201
    outer loop
      vertex 0.204086825 1.38003731 0.981996536
      vertex 0.19128859 1.35792685 0.976565301
      vertex 0.20081225 1.37987471 0.985771537
    endloop
  endfacet
  facet normal -0.658081365 0.515686002 -0.548631811
    outer loop
      vertex 0.204086825 1.38003731 0.981996536
      vertex 0.20081225 1.37987471 0.985771537
      vertex 0.219859555 1.42377043 1.00418413
    endloop
  endfacet
  facet normal -0.658081157 0.515686482 -0.54863161
    outer loop
      vertex 0.226408705 1.42409551 0.996634066
      vertex 0.2073614 1.38019991 0.978221536
      vertex 0.204086825 1.38003731 0.981996536
    endloop
  endfacet
  facet normal -0.658079376 0.515686336 -0.548633883
    outer loop
      vertex 0.219859555 1.42377043 1.00418413
      vertex 0.226408705 1.42409551 0.996634066
      vertex 0.204086825 1.38003731 0.981996536
    endloop
  endfacet
  facet normal -0.658081157 0.515686482 -0.54863161
    outer loop
      vertex 0.197537675 1.37971222 0.989546597
      vertex 0.194263101 1.37954962 0.993321598
      vertex 0.213310406 1.42344522 1.01173413
    endloop
  endfacet
  facet normal -0.658077596 0.515686189 -0.548636156
    outer loop
      vertex 0.219859555 1.42377043 1.00418413
      vertex 0.20081225 1.37987471 0.985771537
      vertex 0.197537675 1.37971222 0.989546597
    endloop
  endfacet
  facet normal -0.658081157 0.515686482 -0.54863161
    outer loop
      vertex 0.213310406 1.42344522 1.01173413
      vertex 0.219859555 1.42377043 1.00418413
      vertex 0.197537675 1.37971222 0.989546597
    endloop
  endfacet
  facet normal -0.658073716 0.515685473 -0.548641483
    outer loop
      vertex 0.20081225 1.37987471 0.985771537
      vertex 0.19128859 1.35792685 0.976565301
      vertex 0.188014016 1.35776436 0.980340302
    endloop
  endfacet
  facet normal -0.658077525 0.515686353 -0.548636087
    outer loop
      vertex 0.20081225 1.37987471 0.985771537
      vertex 0.188014016 1.35776436 0.980340302
      vertex 0.197537675 1.37971222 0.989546597
    endloop
  endfacet
  facet normal -0.658081294 0.515686166 -0.548631743
    outer loop
      vertex 0.197537675 1.37971222 0.989546597
      vertex 0.188014016 1.35776436 0.980340302
      vertex 0.184739441 1.35760176 0.984115303
    endloop
  endfacet
  facet normal -0.658081294 0.515686166 -0.548631743
    outer loop
      vertex 0.197537675 1.37971222 0.989546597
      vertex 0.184739441 1.35760176 0.984115303
      vertex 0.194263101 1.37954962 0.993321598
    endloop
  endfacet
  facet normal -0.658085577 0.515685953 -0.548626805
    outer loop
      vertex 0.194263101 1.37954962 0.993321598
      vertex 0.184739441 1.35760176 0.984115303
      vertex 0.181464866 1.35743916 0.987890363
    endloop
  endfacet
  facet normal -0.658081768 0.515685073 -0.548632201
    outer loop
      vertex 0.194263101 1.37954962 0.993321598
      vertex 0.181464866 1.35743916 0.987890363
      vertex 0.190988526 1.37938702 0.997096598
    endloop
  endfacet
  facet normal -0.658085577 0.515685953 -0.548626805
    outer loop
      vertex 0.236832574 1.38166296 0.944246411
      vertex 0.227308914 1.3597151 0.935040116
      vertex 0.224034339 1.3595525 0.938815176
    endloop
  endfacet
  facet normal -0.658081768 0.515685073 -0.548632201
    outer loop
      vertex 0.236832574 1.38166296 0.944246411
      vertex 0.224034339 1.3595525 0.938815176
      vertex 0.233557999 1.38150036 0.948021412
    endloop
  endfacet
  facet normal -0.658081768 0.515685073 -0.548632201
    outer loop
      vertex 0.233557999 1.38150036 0.948021412
      vertex 0.224034339 1.3595525 0.938815176
      vertex 0.220759764 1.3593899 0.942590177
    endloop
  endfacet
  facet normal -0.658081768 0.515685073 -0.548632201
    outer loop
      vertex 0.233557999 1.38150036 0.948021412
      vertex 0.220759764 1.3593899 0.942590177
      vertex 0.230283424 1.38133776 0.951796412
    endloop
  endfacet
  facet normal -0.658073716 0.515685473 -0.548641483
    outer loop
      vertex 0.230283424 1.38133776 0.951796412
      vertex 0.220759764 1.3593899 0.942590177
      vertex 0.217485189 1.35922742 0.946365178
    endloop
  endfacet
  facet normal -0.658077525 0.515686353 -0.548636087
    outer loop
      vertex 0.230283424 1.38133776 0.951796412
      vertex 0.217485189 1.35922742 0.946365178
      vertex 0.227008849 1.38117528 0.955571473
    endloop
  endfacet
  facet normal -0.658077388 0.515686669 -0.548635955
    outer loop
      vertex 0.230283424 1.38133776 0.951796412
      vertex 0.227008849 1.38117528 0.955571473
      vertex 0.246056154 1.42507088 0.973984003
    endloop
  endfacet
  facet normal -0.658081228 0.515686319 -0.548631679
    outer loop
      vertex 0.252605289 1.42539597 0.966433942
      vertex 0.233557999 1.38150036 0.948021412
      vertex 0.230283424 1.38133776 0.951796412
    endloop
  endfacet
  facet normal -0.658080054 0.515686222 -0.548633177
    outer loop
      vertex 0.246056154 1.42507088 0.973984003
      vertex 0.252605289 1.42539597 0.966433942
      vertex 0.230283424 1.38133776 0.951796412
    endloop
  endfacet
  facet normal -0.658081602 0.515685456 -0.54863204
    outer loop
      vertex 0.223734275 1.38101268 0.959346473
      vertex 0.2204597 1.38085008 0.963121474
      vertex 0.239507005 1.4247458 0.981534004
    endloop
  endfacet
  facet normal -0.658081157 0.515686482 -0.54863161
    outer loop
      vertex 0.246056154 1.42507088 0.973984003
      vertex 0.227008849 1.38117528 0.955571473
      vertex 0.223734275 1.38101268 0.959346473
    endloop
  endfacet
  facet normal -0.658077353 0.515686169 -0.548636466
    outer loop
      vertex 0.239507005 1.4247458 0.981534004
      vertex 0.246056154 1.42507088 0.973984003
      vertex 0.223734275 1.38101268 0.959346473
    endloop
  endfacet
  facet normal -0.658081294 0.515686166 -0.548631743
    outer loop
      vertex 0.227008849 1.38117528 0.955571473
      vertex 0.217485189 1.35922742 0.946365178
      vertex 0.214210615 1.35906482 0.950140178
    endloop
  endfacet
  facet normal -0.658081294 0.515686166 -0.548631743
    outer loop
      vertex 0.227008849 1.38117528 0.955571473
      vertex 0.214210615 1.35906482 0.950140178
      vertex 0.223734275 1.38101268 0.959346473
    endloop
  endfacet
  facet normal -0.658085577 0.515685953 -0.548626805
    outer loop
      vertex 0.223734275 1.38101268 0.959346473
      vertex 0.214210615 1.35906482 0.950140178
      vertex 0.21093604 1.35890222 0.953915238
    endloop
  endfacet
  facet normal -0.658081768 0.515685073 -0.548632201
    outer loop
      vertex 0.223734275 1.38101268 0.959346473
      vertex 0.21093604 1.35890222 0.953915238
      vertex 0.2204597 1.38085008 0.963121474
    endloop
  endfacet
  facet normal -0.658079718 0.515685549 -0.548634213
    outer loop
      vertex 0.239507005 1.4247458 0.981534004
      vertex 0.2204597 1.38085008 0.963121474
      vertex 0.21391055 1.38052499 0.970671535
    endloop
  endfacet
  facet normal -0.658083298 0.515686376 -0.548629141
    outer loop
      vertex 0.239507005 1.4247458 0.981534004
      vertex 0.21391055 1.38052499 0.970671535
      vertex 0.232957855 1.4244206 0.989084065
    endloop
  endfacet
  facet normal -0.658083438 0.515686054 -0.548629276
    outer loop
      vertex 0.239507005 1.4247458 0.981534004
      vertex 0.232957855 1.4244206 0.989084065
      vertex 0.27105245 1.51221192 1.02590919
    endloop
  endfacet
  facet normal -0.658077389 0.515686087 -0.548636501
    outer loop
      vertex 0.284150749 1.51286221 1.01080906
      vertex 0.246056154 1.42507088 0.973984003
      vertex 0.239507005 1.4247458 0.981534004
    endloop
  endfacet
  facet normal -0.658081314 0.51568641 -0.548631489
    outer loop
      vertex 0.27105245 1.51221192 1.02590919
      vertex 0.284150749 1.51286221 1.01080906
      vertex 0.239507005 1.4247458 0.981534004
    endloop
  endfacet
  facet normal -0.658079552 0.515685932 -0.548634052
    outer loop
      vertex 0.29009977 1.55610764 1.04432166
      vertex 0.30914706 1.60000336 1.06273425
      vertex 0.322245359 1.60065353 1.04763412
    endloop
  endfacet
  facet normal -0.658081897 0.515685067 -0.548632053
    outer loop
      vertex 0.284150749 1.51286221 1.01080906
      vertex 0.27105245 1.51221192 1.02590919
      vertex 0.29009977 1.55610764 1.04432166
    endloop
  endfacet
  facet normal -0.658079752 0.51568605 -0.548633701
    outer loop
      vertex 0.322245359 1.60065353 1.04763412
      vertex 0.284150749 1.51286221 1.01080906
      vertex 0.29009977 1.55610764 1.04432166
    endloop
  endfacet
  facet normal -0.658079804 0.51568808 -0.548631731
    outer loop
      vertex 0.175518259 1.33635104 0.975201428
      vertex 0.168666631 1.33532882 0.982459068
      vertex 0.181464866 1.35743916 0.987890363
    endloop
  endfacet
  facet normal -0.658069432 0.515685686 -0.548646421
    outer loop
      vertex 0.190988526 1.37938702 0.997096598
      vertex 0.181464866 1.35743916 0.987890363
      vertex 0.168666631 1.33532882 0.982459068
    endloop
  endfacet
  facet normal -0.658085327 0.515686529 -0.548626563
    outer loop
      vertex 0.184739441 1.35760176 0.984115303
      vertex 0.175518259 1.33635104 0.975201428
      vertex 0.181464866 1.35743916 0.987890363
    endloop
  endfacet
  facet normal -0.65807416 0.51568698 -0.548639534
    outer loop
      vertex 0.194563165 1.35808945 0.972790301
      vertex 0.189221516 1.33839536 0.960686207
      vertex 0.182369888 1.33737326 0.967943788
    endloop
  endfacet
  facet normal -0.658080364 0.515686577 -0.548632472
    outer loop
      vertex 0.182369888 1.33737326 0.967943788
      vertex 0.175518259 1.33635104 0.975201428
      vertex 0.188014016 1.35776436 0.980340302
    endloop
  endfacet
  facet normal -0.658081044 0.515686741 -0.548631501
    outer loop
      vertex 0.175518259 1.33635104 0.975201428
      vertex 0.184739441 1.35760176 0.984115303
      vertex 0.188014016 1.35776436 0.980340302
    endloop
  endfacet
  facet normal -0.658081157 0.515686482 -0.54863161
    outer loop
      vertex 0.213310406 1.42344522 1.01173413
      vertex 0.194263101 1.37954962 0.993321598
      vertex 0.190988526 1.37938702 0.997096598
    endloop
  endfacet
  facet normal -0.658080271 0.515688522 -0.548630754
    outer loop
      vertex 0.182369888 1.33737326 0.967943788
      vertex 0.19128859 1.35792685 0.976565301
      vertex 0.194563165 1.35808945 0.972790301
    endloop
  endfacet
  facet normal -0.658074409 0.515683875 -0.548642154
    outer loop
      vertex 0.189221516 1.33839536 0.960686207
      vertex 0.19783774 1.35825205 0.969015241
      vertex 0.201112315 1.35841453 0.96524024
    endloop
  endfacet
  facet normal -0.658086745 0.515683263 -0.548627933
    outer loop
      vertex 0.189221516 1.33839536 0.960686207
      vertex 0.194563165 1.35808945 0.972790301
      vertex 0.19783774 1.35825205 0.969015241
    endloop
  endfacet
  facet normal -0.658072219 0.515688922 -0.548640037
    outer loop
      vertex 0.182369888 1.33737326 0.967943788
      vertex 0.188014016 1.35776436 0.980340302
      vertex 0.19128859 1.35792685 0.976565301
    endloop
  endfacet
  facet normal -0.658078328 0.515686419 -0.548635062
    outer loop
      vertex 0.190988526 1.37938702 0.997096598
      vertex 0.168666631 1.33532882 0.982459068
      vertex 0.208702043 1.42759275 1.02116024
    endloop
  endfacet
  facet normal -0.658080746 0.515685551 -0.548632977
    outer loop
      vertex 0.196073145 1.33941758 0.953428566
      vertex 0.189221516 1.33839536 0.960686207
      vertex 0.201112315 1.35841453 0.96524024
    endloop
  endfacet
  facet normal -0.658080837 0.515685309 -0.548633096
    outer loop
      vertex 0.202924773 1.3404398 0.946170926
      vertex 0.196073145 1.33941758 0.953428566
      vertex 0.20438689 1.35857713 0.96146524
    endloop
  endfacet
  facet normal -0.658081684 0.515685267 -0.54863212
    outer loop
      vertex 0.20438689 1.35857713 0.96146524
      vertex 0.196073145 1.33941758 0.953428566
      vertex 0.201112315 1.35841453 0.96524024
    endloop
  endfacet
  facet normal -0.658076822 0.515687394 -0.548635953
    outer loop
      vertex 0.21093604 1.35890222 0.953915238
      vertex 0.202924773 1.3404398 0.946170926
      vertex 0.20438689 1.35857713 0.96146524
    endloop
  endfacet
  facet normal -0.658079931 0.515687739 -0.548631899
    outer loop
      vertex 0.209776402 1.34146202 0.938913286
      vertex 0.220759764 1.3593899 0.942590177
      vertex 0.21662803 1.34248424 0.931655645
    endloop
  endfacet
  facet normal -0.658085131 0.515686981 -0.548626373
    outer loop
      vertex 0.214210615 1.35906482 0.950140178
      vertex 0.202924773 1.3404398 0.946170926
      vertex 0.21093604 1.35890222 0.953915238
    endloop
  endfacet
  facet normal -0.658080637 0.515685845 -0.548632832
    outer loop
      vertex 0.223479658 1.34350646 0.924398005
      vertex 0.21662803 1.34248424 0.931655645
      vertex 0.227308914 1.3597151 0.935040116
    endloop
  endfacet
  facet normal -0.658080696 0.515685687 -0.54863291
    outer loop
      vertex 0.202924773 1.3404398 0.946170926
      vertex 0.214210615 1.35906482 0.950140178
      vertex 0.209776402 1.34146202 0.938913286
    endloop
  endfacet
  facet normal -0.658077268 0.515686365 -0.548636384
    outer loop
      vertex 0.21093604 1.35890222 0.953915238
      vertex 0.20438689 1.35857713 0.96146524
      vertex 0.21391055 1.38052499 0.970671535
    endloop
  endfacet
  facet normal -0.658079884 0.515685167 -0.548634373
    outer loop
      vertex 0.21093604 1.35890222 0.953915238
      vertex 0.21391055 1.38052499 0.970671535
      vertex 0.2204597 1.38085008 0.963121474
    endloop
  endfacet
  facet normal -0.65807358 0.515685786 -0.548641352
    outer loop
      vertex 0.209776402 1.34146202 0.938913286
      vertex 0.217485189 1.35922742 0.946365178
      vertex 0.220759764 1.3593899 0.942590177
    endloop
  endfacet
  facet normal -0.658085009 0.515687263 -0.548626255
    outer loop
      vertex 0.21662803 1.34248424 0.931655645
      vertex 0.224034339 1.3595525 0.938815176
      vertex 0.227308914 1.3597151 0.935040116
    endloop
  endfacet
  facet normal -0.658080725 0.515687476 -0.548631193
    outer loop
      vertex 0.21662803 1.34248424 0.931655645
      vertex 0.220759764 1.3593899 0.942590177
      vertex 0.224034339 1.3595525 0.938815176
    endloop
  endfacet
  facet normal -0.658081632 0.515685387 -0.548632069
    outer loop
      vertex 0.209776402 1.34146202 0.938913286
      vertex 0.214210615 1.35906482 0.950140178
      vertex 0.217485189 1.35922742 0.946365178
    endloop
  endfacet
  facet normal -0.658079424 0.515686258 -0.548633898
    outer loop
      vertex 0.236832574 1.38166296 0.944246411
      vertex 0.223479658 1.34350646 0.924398005
      vertex 0.227308914 1.3597151 0.935040116
    endloop
  endfacet
  facet normal -0.658079716 0.515685766 -0.548634011
    outer loop
      vertex 0.24873744 1.51985681 1.05986142
      vertex 0.259868979 1.52036119 1.04698336
      vertex 0.213310406 1.42344522 1.01173413
    endloop
  endfacet
  facet normal -0.658079442 0.515685809 -0.548634298
    outer loop
      vertex 0.208702043 1.42759275 1.02116024
      vertex 0.24873744 1.51985681 1.05986142
      vertex 0.213310406 1.42344522 1.01173413
    endloop
  endfacet
  facet normal -0.658081443 0.515685823 -0.548631886
    outer loop
      vertex 0.219859555 1.42377043 1.00418413
      vertex 0.213310406 1.42344522 1.01173413
      vertex 0.259868979 1.52036119 1.04698336
    endloop
  endfacet
  facet normal -0.65807953 0.515685981 -0.548634032
    outer loop
      vertex 0.219859555 1.42377043 1.00418413
      vertex 0.259868979 1.52036119 1.04698336
      vertex 0.226408705 1.42409551 0.996634066
    endloop
  endfacet
  facet normal -0.658076549 0.515686541 -0.548637082
    outer loop
      vertex 0.271000534 1.52086556 1.03410542
      vertex 0.226408705 1.42409551 0.996634066
      vertex 0.259868979 1.52036119 1.04698336
    endloop
  endfacet
  facet normal -0.65807937 0.515686533 -0.548633705
    outer loop
      vertex 0.27105245 1.51221192 1.02590919
      vertex 0.226408705 1.42409551 0.996634066
      vertex 0.271000534 1.52086556 1.03410542
    endloop
  endfacet
  facet normal -0.658080695 0.515686205 -0.548632425
    outer loop
      vertex 0.284201503 1.57627404 1.07035184
      vertex 0.272997826 1.57576632 1.08331335
      vertex 0.297021449 1.63113022 1.10653639
    endloop
  endfacet
  facet normal -0.658083173 0.515685284 -0.548630317
    outer loop
      vertex 0.29009977 1.55610764 1.04432166
      vertex 0.283202857 1.5488236 1.04574788
      vertex 0.295405179 1.57678163 1.05739033
    endloop
  endfacet
  facet normal -0.658078846 0.515685175 -0.54863561
    outer loop
      vertex 0.30914706 1.60000336 1.06273425
      vertex 0.295405179 1.57678163 1.05739033
      vertex 0.284201503 1.57627404 1.07035184
    endloop
  endfacet
  facet normal -0.658080695 0.515686205 -0.548632425
    outer loop
      vertex 0.297021449 1.63113022 1.10653639
      vertex 0.321045071 1.68649411 1.12975943
      vertex 0.284201503 1.57627404 1.07035184
    endloop
  endfacet
  facet normal -0.658079856 0.515686379 -0.548633267
    outer loop
      vertex 0.321045071 1.68649411 1.12975943
      vertex 0.347191453 1.68767893 1.09951079
      vertex 0.284201503 1.57627404 1.07035184
    endloop
  endfacet
  facet normal -0.658083173 0.515685284 -0.548630317
    outer loop
      vertex 0.29009977 1.55610764 1.04432166
      vertex 0.271000534 1.52086556 1.03410542
      vertex 0.283202857 1.5488236 1.04574788
    endloop
  endfacet
  facet normal -0.65807727 0.51568636 -0.548636386
    outer loop
      vertex 0.226408705 1.42409551 0.996634066
      vertex 0.27105245 1.51221192 1.02590919
      vertex 0.232957855 1.4244206 0.989084065
    endloop
  endfacet
  facet normal -0.658080173 0.515685949 -0.548633292
    outer loop
      vertex 0.246056154 1.42507088 0.973984003
      vertex 0.284150749 1.51286221 1.01080906
      vertex 0.252605289 1.42539597 0.966433942
    endloop
  endfacet
  facet normal -0.658081228 0.515686319 -0.548631679
    outer loop
      vertex 0.252605289 1.42539597 0.966433942
      vertex 0.236832574 1.38166296 0.944246411
      vertex 0.233557999 1.38150036 0.948021412
    endloop
  endfacet
  facet normal -0.658079421 0.515686622 -0.548633561
    outer loop
      vertex 0.236832574 1.38166296 0.944246411
      vertex 0.252605289 1.42539597 0.966433942
      vertex 0.273432374 1.45862544 0.972686052
    endloop
  endfacet
  facet normal -0.658078346 0.515686255 -0.548635195
    outer loop
      vertex 0.252605289 1.42539597 0.966433942
      vertex 0.284150749 1.51286221 1.01080906
      vertex 0.273432374 1.45862544 0.972686052
    endloop
  endfacet
  facet normal -0.658077677 0.51568658 -0.548635692
    outer loop
      vertex 0.223479658 1.34350646 0.924398005
      vertex 0.236832574 1.38166296 0.944246411
      vertex 0.273432374 1.45862544 0.972686052
    endloop
  endfacet
  facet normal -0.658081407 0.51568584 -0.548631913
    outer loop
      vertex 0.295405179 1.57678163 1.05739033
      vertex 0.30914706 1.60000336 1.06273425
      vertex 0.29009977 1.55610764 1.04432166
    endloop
  endfacet
  facet normal -0.658079385 0.515686284 -0.548633921
    outer loop
      vertex 0.284201503 1.57627404 1.07035184
      vertex 0.347191453 1.68767893 1.09951079
      vertex 0.30914706 1.60000336 1.06273425
    endloop
  endfacet
  facet normal -0.658079399 0.515686283 -0.548633905
    outer loop
      vertex 0.347191453 1.68767893 1.09951079
      vertex 0.322245359 1.60065353 1.04763412
      vertex 0.30914706 1.60000336 1.06273425
    endloop
  endfacet
  facet normal -0.658079217 0.515685917 -0.548634468
    outer loop
      vertex 0.32338509 1.57374454 1.02097404
      vertex 0.273432374 1.45862544 0.972686052
      vertex 0.284150749 1.51286221 1.01080906
    endloop
  endfacet
  facet normal -0.658079585 0.515686058 -0.548633894
    outer loop
      vertex 0.32338509 1.57374454 1.02097404
      vertex 0.284150749 1.51286221 1.01080906
      vertex 0.322245359 1.60065353 1.04763412
    endloop
  endfacet
  facet normal -0.658078955 0.51568646 -0.548634272
    outer loop
      vertex 0.32338509 1.57374454 1.02097404
      vertex 0.322245359 1.60065353 1.04763412
      vertex 0.373337835 1.68886364 1.06926215
    endloop
  endfacet
  facet normal -0.658078847 0.515686435 -0.548634425
    outer loop
      vertex 0.347191453 1.68767893 1.09951079
      vertex 0.373337835 1.68886364 1.06926215
      vertex 0.322245359 1.60065353 1.04763412
    endloop
  endfacet
  facet normal -0.658081788 0.515685072 -0.548632178
    outer loop
      vertex 0.29009977 1.55610764 1.04432166
      vertex 0.27105245 1.51221192 1.02590919
      vertex 0.271000534 1.52086556 1.03410542
    endloop
  endfacet
  facet normal -0.658079035 0.515686308 -0.548634319
    outer loop
      vertex 0.208702043 1.42759275 1.02116024
      vertex 0.213310406 1.42344522 1.01173413
      vertex 0.190988526 1.37938702 0.997096598
    endloop
  endfacet
  facet normal -0.654914621 -0.0325128642 0.755003147
    outer loop
      vertex 0.188178241 1.34981048 1.00000775
      vertex 0.198049441 1.34207511 1.00823724
      vertex 0.21565704 1.38265288 1.02525806
    endloop
  endfacet
  facet normal -0.654914621 -0.0325128642 0.755003147
    outer loop
      vertex 0.188178241 1.34981048 1.00000775
      vertex 0.21565704 1.38265288 1.02525806
      vertex 0.205785841 1.39038825 1.01702857
    endloop
  endfacet
  facet normal -0.654914621 -0.0325128642 0.755003147
    outer loop
      vertex 0.205785841 1.39038825 1.01702857
      vertex 0.21565704 1.38265288 1.02525806
      vertex 0.23326464 1.42323065 1.04227889
    endloop
  endfacet
  facet normal -0.654914621 -0.0325128642 0.755003147
    outer loop
      vertex 0.205785841 1.39038825 1.01702857
      vertex 0.23326464 1.42323065 1.04227889
      vertex 0.22339344 1.43096602 1.03404939
    endloop
  endfacet
  facet normal -0.654914956 -0.0325128383 0.755002858
    outer loop
      vertex 0.23326464 1.42323065 1.04227889
      vertex 0.243135825 1.4154954 1.05050838
      vertex 0.260743409 1.45607316 1.0675292
    endloop
  endfacet
  facet normal -0.654914956 -0.0325128383 0.755002858
    outer loop
      vertex 0.23326464 1.42323065 1.04227889
      vertex 0.260743409 1.45607316 1.0675292
      vertex 0.250872225 1.46380842 1.05929971
    endloop
  endfacet
  facet normal -0.654914698 -0.0325130405 0.755003073
    outer loop
      vertex 0.22339344 1.43096602 1.03404939
      vertex 0.23326464 1.42323065 1.04227889
      vertex 0.250872225 1.46380842 1.05929971
    endloop
  endfacet
  facet normal -0.654915049 -0.0325125287 0.75500279
    outer loop
      vertex 0.22339344 1.43096602 1.03404939
      vertex 0.250872225 1.46380842 1.05929971
      vertex 0.24100104 1.47154379 1.05107021
    endloop
  endfacet
  facet normal -0.654914652 -0.0325129343 0.755003118
    outer loop
      vertex 0.144159257 1.248366 0.957455695
      vertex 0.135355458 1.22807717 0.948945284
      vertex 0.145226657 1.2203418 0.957174778
    endloop
  endfacet
  facet normal -0.654914591 -0.0325127942 0.755003177
    outer loop
      vertex 0.162834257 1.26091957 0.9741956
      vertex 0.152963057 1.26865494 0.965966105
      vertex 0.144159257 1.248366 0.957455695
    endloop
  endfacet
  facet normal -0.654914536 -0.0325129309 0.755003218
    outer loop
      vertex 0.145226657 1.2203418 0.957174778
      vertex 0.162834257 1.26091957 0.9741956
      vertex 0.144159257 1.248366 0.957455695
    endloop
  endfacet
  facet normal -0.65491491 -0.032512732 0.755002903
    outer loop
      vertex 0.130419865 1.2319448 0.944830537
      vertex 0.135355458 1.22807717 0.948945284
      vertex 0.144159257 1.248366 0.957455695
    endloop
  endfacet
  facet normal -0.65491491 -0.032512732 0.755002903
    outer loop
      vertex 0.130419865 1.2319448 0.944830537
      vertex 0.144159257 1.248366 0.957455695
      vertex 0.139223665 1.25223362 0.953340948
    endloop
  endfacet
  facet normal -0.654914849 -0.032512592 0.755002962
    outer loop
      vertex 0.139223665 1.25223362 0.953340948
      vertex 0.144159257 1.248366 0.957455695
      vertex 0.152963057 1.26865494 0.965966105
    endloop
  endfacet
  facet normal -0.654914849 -0.032512592 0.755002962
    outer loop
      vertex 0.139223665 1.25223362 0.953340948
      vertex 0.152963057 1.26865494 0.965966105
      vertex 0.148027465 1.27252257 0.961851358
    endloop
  endfacet
  facet normal -0.654914296 -0.0325113187 0.755003496
    outer loop
      vertex 0.152429357 1.28266704 0.966106534
      vertex 0.148027465 1.27252257 0.961851358
      vertex 0.152963057 1.26865494 0.965966105
    endloop
  endfacet
  facet normal -0.654914973 -0.0325155215 0.755002728
    outer loop
      vertex 0.161766857 1.28894377 0.974476516
      vertex 0.15683125 1.29281139 0.970361769
      vertex 0.152429357 1.28266704 0.966106534
    endloop
  endfacet
  facet normal -0.654916626 -0.0325113871 0.755001472
    outer loop
      vertex 0.152963057 1.26865494 0.965966105
      vertex 0.161766857 1.28894377 0.974476516
      vertex 0.152429357 1.28266704 0.966106534
    endloop
  endfacet
  facet normal -0.654913993 -0.032513263 0.755003676
    outer loop
      vertex 0.15683125 1.29281139 0.970361769
      vertex 0.161766857 1.28894377 0.974476516
      vertex 0.170570657 1.30923271 0.982986927
    endloop
  endfacet
  facet normal -0.654913993 -0.032513263 0.755003676
    outer loop
      vertex 0.15683125 1.29281139 0.970361769
      vertex 0.170570657 1.30923271 0.982986927
      vertex 0.165635049 1.31310034 0.97887218
    endloop
  endfacet
  facet normal -0.654914652 -0.0325129343 0.755003118
    outer loop
      vertex 0.161766857 1.28894377 0.974476516
      vertex 0.152963057 1.26865494 0.965966105
      vertex 0.162834257 1.26091957 0.9741956
    endloop
  endfacet
  facet normal -0.654915019 -0.0325124587 0.75500282
    outer loop
      vertex 0.180441841 1.30149734 0.991216421
      vertex 0.170570657 1.30923271 0.982986927
      vertex 0.161766857 1.28894377 0.974476516
    endloop
  endfacet
  facet normal -0.654914827 -0.0325129394 0.755002966
    outer loop
      vertex 0.162834257 1.26091957 0.9741956
      vertex 0.180441841 1.30149734 0.991216421
      vertex 0.161766857 1.28894377 0.974476516
    endloop
  endfacet
  facet normal -0.654915233 -0.0325129513 0.755002613
    outer loop
      vertex 0.179374442 1.32952154 0.991497338
      vertex 0.170570657 1.30923271 0.982986927
      vertex 0.180441841 1.30149734 0.991216421
    endloop
  endfacet
  facet normal -0.654914591 -0.0325127942 0.755003177
    outer loop
      vertex 0.198049441 1.34207511 1.00823724
      vertex 0.188178241 1.34981048 1.00000775
      vertex 0.179374442 1.32952154 0.991497338
    endloop
  endfacet
  facet normal -0.654914536 -0.0325129309 0.755003218
    outer loop
      vertex 0.180441841 1.30149734 0.991216421
      vertex 0.198049441 1.34207511 1.00823724
      vertex 0.179374442 1.32952154 0.991497338
    endloop
  endfacet
  facet normal -0.654913134 -0.0325112846 0.755004505
    outer loop
      vertex 0.170036957 1.32324481 0.983127356
      vertex 0.165635049 1.31310034 0.97887218
      vertex 0.170570657 1.30923271 0.982986927
    endloop
  endfacet
  facet normal -0.654915829 -0.0325148505 0.755002014
    outer loop
      vertex 0.179374442 1.32952154 0.991497338
      vertex 0.174438849 1.33338916 0.987382591
      vertex 0.170036957 1.32324481 0.983127356
    endloop
  endfacet
  facet normal -0.654917207 -0.0325114042 0.755000967
    outer loop
      vertex 0.170570657 1.30923271 0.982986927
      vertex 0.179374442 1.32952154 0.991497338
      vertex 0.170036957 1.32324481 0.983127356
    endloop
  endfacet
  facet normal -0.654914849 -0.032512592 0.755002962
    outer loop
      vertex 0.174438849 1.33338916 0.987382591
      vertex 0.179374442 1.32952154 0.991497338
      vertex 0.188178241 1.34981048 1.00000775
    endloop
  endfacet
  facet normal -0.654914849 -0.032512592 0.755002962
    outer loop
      vertex 0.174438849 1.33338916 0.987382591
      vertex 0.188178241 1.34981048 1.00000775
      vertex 0.183242649 1.35367811 0.995893002
    endloop
  endfacet
  facet normal -0.6549151 -0.0325124192 0.755002751
    outer loop
      vertex 0.260743409 1.45607316 1.0675292
      vertex 0.278707892 1.46698928 1.08358228
      vertex 0.27121529 1.48020613 1.0776521
    endloop
  endfacet
  facet normal -0.654914944 -0.0325128477 0.755002868
    outer loop
      vertex 0.278707892 1.46698928 1.08358228
      vertex 0.260743409 1.45607316 1.0675292
      vertex 0.243135825 1.4154954 1.05050838
    endloop
  endfacet
  facet normal -0.654914857 -0.0325126097 0.755002954
    outer loop
      vertex 0.260743409 1.45607316 1.0675292
      vertex 0.27121529 1.48020613 1.0776521
      vertex 0.250872225 1.46380842 1.05929971
    endloop
  endfacet
  facet normal -0.654914135 -0.0325138304 0.755003528
    outer loop
      vertex 0.239480093 1.37658644 1.04566169
      vertex 0.278707892 1.46698928 1.08358228
      vertex 0.243135825 1.4154954 1.05050838
    endloop
  endfacet
  facet normal -0.654915234 -0.0325125501 0.755002629
    outer loop
      vertex 0.24100104 1.47154379 1.05107021
      vertex 0.263722658 1.4934231 1.07172191
      vertex 0.256230056 1.50663996 1.06579173
    endloop
  endfacet
  facet normal -0.654915135 -0.0325127265 0.755002708
    outer loop
      vertex 0.263722658 1.4934231 1.07172191
      vertex 0.24100104 1.47154379 1.05107021
      vertex 0.250872225 1.46380842 1.05929971
    endloop
  endfacet
  facet normal -0.654918754 -0.0325097914 0.754999694
    outer loop
      vertex 0.24100104 1.47154379 1.05107021
      vertex 0.256230056 1.50663996 1.06579173
      vertex 0.24873744 1.51985681 1.05986142
    endloop
  endfacet
  facet normal -0.654914604 -0.0325131427 0.75500315
    outer loop
      vertex 0.263722658 1.4934231 1.07172191
      vertex 0.250872225 1.46380842 1.05929971
      vertex 0.27121529 1.48020613 1.0776521
    endloop
  endfacet
  facet normal -0.654914879 -0.032512662 0.755002932
    outer loop
      vertex 0.21565704 1.38265288 1.02525806
      vertex 0.243135825 1.4154954 1.05050838
      vertex 0.23326464 1.42323065 1.04227889
    endloop
  endfacet
  facet normal -0.654914005 -0.032513347 0.755003661
    outer loop
      vertex 0.198049441 1.34207511 1.00823724
      vertex 0.239480093 1.37658644 1.04566169
      vertex 0.21565704 1.38265288 1.02525806
    endloop
  endfacet
  facet normal -0.654914067 -0.0325138439 0.755003586
    outer loop
      vertex 0.21565704 1.38265288 1.02525806
      vertex 0.239480093 1.37658644 1.04566169
      vertex 0.243135825 1.4154954 1.05050838
    endloop
  endfacet
  facet normal -0.654914957 -0.0325126972 0.755002864
    outer loop
      vertex 0.161024496 1.19578075 0.969820678
      vertex 0.200252295 1.2861836 1.00774121
      vertex 0.162834257 1.26091957 0.9741956
    endloop
  endfacet
  facet normal -0.654914819 -0.032512709 0.755002982
    outer loop
      vertex 0.161024496 1.19578075 0.969820678
      vertex 0.162834257 1.26091957 0.9741956
      vertex 0.145226657 1.2203418 0.957174778
    endloop
  endfacet
  facet normal -0.654914317 -0.0325127098 0.755003418
    outer loop
      vertex 0.239480093 1.37658644 1.04566169
      vertex 0.198049441 1.34207511 1.00823724
      vertex 0.200252295 1.2861836 1.00774121
    endloop
  endfacet
  facet normal -0.654914799 -0.0325127251 0.755002999
    outer loop
      vertex 0.198049441 1.34207511 1.00823724
      vertex 0.180441841 1.30149734 0.991216421
      vertex 0.200252295 1.2861836 1.00774121
    endloop
  endfacet
  facet normal -0.654914338 -0.0325122108 0.755003422
    outer loop
      vertex 0.135355458 1.22807717 0.948945284
      vertex 0.134450585 1.19550776 0.946757853
      vertex 0.145226657 1.2203418 0.957174778
    endloop
  endfacet
  facet normal -0.654914358 -0.0325121948 0.755003405
    outer loop
      vertex 0.161024496 1.19578075 0.969820678
      vertex 0.145226657 1.2203418 0.957174778
      vertex 0.134450585 1.19550776 0.946757853
    endloop
  endfacet
  facet normal -0.654914874 -0.032512902 0.755002926
    outer loop
      vertex 0.200252295 1.2861836 1.00774121
      vertex 0.180441841 1.30149734 0.991216421
      vertex 0.162834257 1.26091957 0.9741956
    endloop
  endfacet
  facet normal -0.65491729 -0.032510773 0.755000923
    outer loop
      vertex 0.22339344 1.43096602 1.03404939
      vertex 0.24100104 1.47154379 1.05107021
      vertex 0.208702043 1.42759275 1.02116024
    endloop
  endfacet
  facet normal -0.654914879 -0.032512662 0.755002932
    outer loop
      vertex 0.183242649 1.35367811 0.995893002
      vertex 0.188178241 1.34981048 1.00000775
      vertex 0.205785841 1.39038825 1.01702857
    endloop
  endfacet
  facet normal -0.654918911 -0.0325094086 0.754999575
    outer loop
      vertex 0.171957031 1.33275044 0.985202253
      vertex 0.174438849 1.33338916 0.987382591
      vertex 0.183242649 1.35367811 0.995893002
    endloop
  endfacet
  facet normal -0.654918328 -0.0325128924 0.754999931
    outer loop
      vertex 0.171957031 1.33275044 0.985202253
      vertex 0.170036957 1.32324481 0.983127356
      vertex 0.174438849 1.33338916 0.987382591
    endloop
  endfacet
  facet normal -0.65491649 -0.0325109121 0.755001611
    outer loop
      vertex 0.183242649 1.35367811 0.995893002
      vertex 0.205785841 1.39038825 1.01702857
      vertex 0.208702043 1.42759275 1.02116024
    endloop
  endfacet
  facet normal -0.654917516 -0.0325102639 0.755000748
    outer loop
      vertex 0.168666631 1.33532882 0.982459068
      vertex 0.183242649 1.35367811 0.995893002
      vertex 0.208702043 1.42759275 1.02116024
    endloop
  endfacet
  facet normal -0.654903988 -0.0325184519 0.755012131
    outer loop
      vertex 0.170036957 1.32324481 0.983127356
      vertex 0.171957031 1.33275044 0.985202253
      vertex 0.165635049 1.31310034 0.97887218
    endloop
  endfacet
  facet normal -0.654916371 -0.0325118503 0.755001673
    outer loop
      vertex 0.168666631 1.33532882 0.982459068
      vertex 0.171957031 1.33275044 0.985202253
      vertex 0.183242649 1.35367811 0.995893002
    endloop
  endfacet
  facet normal -0.654921123 -0.0325082917 0.754997704
    outer loop
      vertex 0.165635049 1.31310034 0.97887218
      vertex 0.171957031 1.33275044 0.985202253
      vertex 0.159453318 1.30393481 0.973115206
    endloop
  endfacet
  facet normal -0.65491729 -0.032510773 0.755000923
    outer loop
      vertex 0.208702043 1.42759275 1.02116024
      vertex 0.205785841 1.39038825 1.01702857
      vertex 0.22339344 1.43096602 1.03404939
    endloop
  endfacet
  facet normal -0.654917824 -0.0325100848 0.755000488
    outer loop
      vertex 0.208702043 1.42759275 1.02116024
      vertex 0.24100104 1.47154379 1.05107021
      vertex 0.24873744 1.51985681 1.05986142
    endloop
  endfacet
  facet normal -0.654909212 -0.0325160916 0.755007701
    outer loop
      vertex 0.159453318 1.30393481 0.973115206
      vertex 0.146949604 1.27511919 0.961028218
      vertex 0.152429357 1.28266704 0.966106534
    endloop
  endfacet
  facet normal -0.654931605 -0.0325024873 0.754988861
    outer loop
      vertex 0.159453318 1.30393481 0.973115206
      vertex 0.152429357 1.28266704 0.966106534
      vertex 0.15683125 1.29281139 0.970361769
    endloop
  endfacet
  facet normal -0.654911974 -0.0325148446 0.755005358
    outer loop
      vertex 0.146949604 1.27511919 0.961028218
      vertex 0.139223665 1.25223362 0.953340948
      vertex 0.148027465 1.27252257 0.961851358
    endloop
  endfacet
  facet normal -0.654910824 -0.0325140398 0.755006391
    outer loop
      vertex 0.148027465 1.27252257 0.961851358
      vertex 0.152429357 1.28266704 0.966106534
      vertex 0.146949604 1.27511919 0.961028218
    endloop
  endfacet
  facet normal -0.654917001 -0.0325117277 0.755001132
    outer loop
      vertex 0.146949604 1.27511919 0.961028218
      vertex 0.143659204 1.27769768 0.958285034
      vertex 0.139223665 1.25223362 0.953340948
    endloop
  endfacet
  facet normal -0.654914782 -0.032512638 0.755003018
    outer loop
      vertex 0.143659204 1.27769768 0.958285034
      vertex 0.107876666 1.19523466 0.923694968
      vertex 0.130419865 1.2319448 0.944830537
    endloop
  endfacet
  facet normal -0.654915571 -0.0325122138 0.755002352
    outer loop
      vertex 0.143659204 1.27769768 0.958285034
      vertex 0.130419865 1.2319448 0.944830537
      vertex 0.139223665 1.25223362 0.953340948
    endloop
  endfacet
  facet normal -0.654914841 -0.0325125738 0.755002969
    outer loop
      vertex 0.135355458 1.22807717 0.948945284
      vertex 0.130419865 1.2319448 0.944830537
      vertex 0.107876666 1.19523466 0.923694968
    endloop
  endfacet
  facet normal -0.65492265 -0.0325064788 0.754996458
    outer loop
      vertex 0.159453318 1.30393481 0.973115206
      vertex 0.15683125 1.29281139 0.970361769
      vertex 0.165635049 1.31310034 0.97887218
    endloop
  endfacet
  facet normal -0.654915138 -0.0325121422 0.755002731
    outer loop
      vertex 0.134450585 1.19550776 0.946757853
      vertex 0.135355458 1.22807717 0.948945284
      vertex 0.107876666 1.19523466 0.923694968
    endloop
  endfacet
  facet normal 0.65491509 0.0325126216 -0.755002752
    outer loop
      vertex 0.293042064 1.47333312 0.990329504
      vertex 0.323097706 1.54259825 1.01938355
      vertex 0.332968891 1.53486288 1.02761304
    endloop
  endfacet
  facet normal 0.654914937 0.0325127959 -0.755002876
    outer loop
      vertex 0.293042064 1.47333312 0.990329504
      vertex 0.332968891 1.53486288 1.02761304
      vertex 0.302913249 1.46559787 0.998558998
    endloop
  endfacet
  facet normal 0.65491483 0.0325125483 -0.75500298
    outer loop
      vertex 0.262986392 1.40406799 0.961275458
      vertex 0.293042064 1.47333312 0.990329504
      vertex 0.302913249 1.46559787 0.998558998
    endloop
  endfacet
  facet normal 0.654914063 0.0325134259 -0.755003607
    outer loop
      vertex 0.262986392 1.40406799 0.961275458
      vertex 0.302913249 1.46559787 0.998558998
      vertex 0.272857606 1.39633274 0.969504952
    endloop
  endfacet
  facet normal 0.654914848 0.0325125893 -0.755002963
    outer loop
      vertex 0.323097706 1.54259825 1.01938355
      vertex 0.353153378 1.61186326 1.0484376
      vertex 0.363024563 1.604128 1.05666709
    endloop
  endfacet
  facet normal 0.654915 0.0325124151 -0.755002838
    outer loop
      vertex 0.323097706 1.54259825 1.01938355
      vertex 0.363024563 1.604128 1.05666709
      vertex 0.332968891 1.53486288 1.02761304
    endloop
  endfacet
  facet normal 0.654915 0.0325124151 -0.755002838
    outer loop
      vertex 0.332968891 1.53486288 1.02761304
      vertex 0.363024563 1.604128 1.05666709
      vertex 0.372895747 1.59639263 1.06489658
    endloop
  endfacet
  facet normal 0.654914081 0.0325134669 -0.75500359
    outer loop
      vertex 0.332968891 1.53486288 1.02761304
      vertex 0.372895747 1.59639263 1.06489658
      vertex 0.342840105 1.52712762 1.03584254
    endloop
  endfacet
  facet normal 0.654914955 0.0325128369 -0.755002859
    outer loop
      vertex 0.182911664 1.23477304 0.884525597
      vertex 0.197939485 1.26940548 0.89905262
      vertex 0.202875078 1.26553786 0.903167367
    endloop
  endfacet
  facet normal 0.65491526 0.0325124884 -0.75500261
    outer loop
      vertex 0.182911664 1.23477304 0.884525597
      vertex 0.202875078 1.26553786 0.903167367
      vertex 0.187847257 1.23090529 0.888640344
    endloop
  endfacet
  facet normal 0.65491517 0.0325122818 -0.755002696
    outer loop
      vertex 0.167883828 1.20014048 0.869998574
      vertex 0.182911664 1.23477304 0.884525597
      vertex 0.187847257 1.23090529 0.888640344
    endloop
  endfacet
  facet normal 0.654914099 0.0325135079 -0.755003573
    outer loop
      vertex 0.167883828 1.20014048 0.869998574
      vertex 0.187847257 1.23090529 0.888640344
      vertex 0.172819436 1.19627285 0.874113321
    endloop
  endfacet
  facet normal 0.654916466 0.0325115433 -0.755001604
    outer loop
      vertex 0.187847257 1.23090529 0.888640344
      vertex 0.202875078 1.26553786 0.903167367
      vertex 0.212746277 1.25780261 0.911396921
    endloop
  endfacet
  facet normal 0.6549171 0.0325111565 -0.755001071
    outer loop
      vertex 0.18269062 1.18853748 0.882342875
      vertex 0.172819436 1.19627285 0.874113321
      vertex 0.187847257 1.23090529 0.888640344
    endloop
  endfacet
  facet normal 0.654916635 0.0325112722 -0.755001469
    outer loop
      vertex 0.212746277 1.25780261 0.911396921
      vertex 0.18269062 1.18853748 0.882342875
      vertex 0.187847257 1.23090529 0.888640344
    endloop
  endfacet
  facet normal 0.654916812 0.032510495 -0.755001349
    outer loop
      vertex 0.142763779 1.12700772 0.845059335
      vertex 0.172819436 1.19627285 0.874113321
      vertex 0.18269062 1.18853748 0.882342875
    endloop
  endfacet
  facet normal 0.654914893 0.0325126926 -0.755002919
    outer loop
      vertex 0.142763779 1.12700772 0.845059335
      vertex 0.18269062 1.18853748 0.882342875
      vertex 0.152634963 1.11927247 0.853288829
    endloop
  endfacet
  facet normal 0.65491492 0.0325127549 -0.755002893
    outer loop
      vertex 0.212967321 1.30403805 0.913579643
      vertex 0.227995142 1.33867061 0.928106666
      vertex 0.232930735 1.33480299 0.932221413
    endloop
  endfacet
  facet normal 0.65491492 0.0325127549 -0.755002893
    outer loop
      vertex 0.212967321 1.30403805 0.913579643
      vertex 0.232930735 1.33480299 0.932221413
      vertex 0.217902914 1.30017042 0.91769439
    endloop
  endfacet
  facet normal 0.654914363 0.0325114713 -0.755003432
    outer loop
      vertex 0.205453396 1.28672183 0.906316161
      vertex 0.212967321 1.30403805 0.913579643
      vertex 0.217902914 1.30017042 0.91769439
    endloop
  endfacet
  facet normal 0.654915297 0.0325136253 -0.755002528
    outer loop
      vertex 0.202875078 1.26553786 0.903167367
      vertex 0.197939485 1.26940548 0.89905262
      vertex 0.205453396 1.28672183 0.906316161
    endloop
  endfacet
  facet normal 0.654912598 0.0325142977 -0.755004841
    outer loop
      vertex 0.217902914 1.30017042 0.91769439
      vertex 0.202875078 1.26553786 0.903167367
      vertex 0.205453396 1.28672183 0.906316161
    endloop
  endfacet
  facet normal 0.654912758 0.0325130624 -0.755004755
    outer loop
      vertex 0.233041257 1.35792065 0.933312833
      vertex 0.240555167 1.37523699 0.940576315
      vertex 0.243022978 1.37330317 0.942633688
    endloop
  endfacet
  facet normal 0.654914291 0.0325113073 -0.755003501
    outer loop
      vertex 0.233041257 1.35792065 0.933312833
      vertex 0.243022978 1.37330317 0.942633688
      vertex 0.235509053 1.35598683 0.935370207
    endloop
  endfacet
  facet normal 0.65491526 0.0325124884 -0.75500261
    outer loop
      vertex 0.243022978 1.37330317 0.942633688
      vertex 0.258050799 1.40793574 0.957160711
      vertex 0.262986392 1.40406799 0.961275458
    endloop
  endfacet
  facet normal 0.654914955 0.0325128369 -0.755002859
    outer loop
      vertex 0.243022978 1.37330317 0.942633688
      vertex 0.262986392 1.40406799 0.961275458
      vertex 0.247958571 1.36943555 0.946748435
    endloop
  endfacet
  facet normal 0.654914291 0.0325113073 -0.755003501
    outer loop
      vertex 0.235509053 1.35598683 0.935370207
      vertex 0.243022978 1.37330317 0.942633688
      vertex 0.247958571 1.36943555 0.946748435
    endloop
  endfacet
  facet normal 0.654915368 0.0325137894 -0.755002459
    outer loop
      vertex 0.232930735 1.33480299 0.932221413
      vertex 0.227995142 1.33867061 0.928106666
      vertex 0.235509053 1.35598683 0.935370207
    endloop
  endfacet
  facet normal 0.654912257 0.0325145642 -0.755005125
    outer loop
      vertex 0.247958571 1.36943555 0.946748435
      vertex 0.232930735 1.33480299 0.932221413
      vertex 0.235509053 1.35598683 0.935370207
    endloop
  endfacet
  facet normal 0.654914099 0.0325135079 -0.755003573
    outer loop
      vertex 0.247958571 1.36943555 0.946748435
      vertex 0.262986392 1.40406799 0.961275458
      vertex 0.272857606 1.39633274 0.969504952
    endloop
  endfacet
  facet normal 0.654914572 0.0325127506 -0.755003195
    outer loop
      vertex 0.242801934 1.32706761 0.940450907
      vertex 0.232930735 1.33480299 0.932221413
      vertex 0.247958571 1.36943555 0.946748435
    endloop
  endfacet
  facet normal 0.654914572 0.0325127506 -0.755003195
    outer loop
      vertex 0.272857606 1.39633274 0.969504952
      vertex 0.242801934 1.32706761 0.940450907
      vertex 0.247958571 1.36943555 0.946748435
    endloop
  endfacet
  facet normal 0.654914661 0.0325129571 -0.755003108
    outer loop
      vertex 0.217902914 1.30017042 0.91769439
      vertex 0.232930735 1.33480299 0.932221413
      vertex 0.242801934 1.32706761 0.940450907
    endloop
  endfacet
  facet normal 0.654916376 0.0325113367 -0.755001691
    outer loop
      vertex 0.212746277 1.25780261 0.911396921
      vertex 0.202875078 1.26553786 0.903167367
      vertex 0.217902914 1.30017042 0.91769439
    endloop
  endfacet
  facet normal 0.654915544 0.0325115439 -0.755002404
    outer loop
      vertex 0.242801934 1.32706761 0.940450907
      vertex 0.212746277 1.25780261 0.911396921
      vertex 0.217902914 1.30017042 0.91769439
    endloop
  endfacet
  facet normal 0.654914552 0.0325129668 -0.755003203
    outer loop
      vertex 0.0525968038 0.91921252 0.757897198
      vertex 0.0826524571 0.988477588 0.786951244
      vertex 0.0925236568 0.980742276 0.795180738
    endloop
  endfacet
  facet normal 0.654914648 0.0325128571 -0.755003125
    outer loop
      vertex 0.0525968038 0.91921252 0.757897198
      vertex 0.0925236568 0.980742276 0.795180738
      vertex 0.0624679998 0.911477208 0.766126692
    endloop
  endfacet
  facet normal 0.65491467 0.0325128399 -0.755003106
    outer loop
      vertex 0.0624679998 0.911477208 0.766126692
      vertex 0.0925236568 0.980742276 0.795180738
      vertex 0.102394849 0.973007023 0.803410232
    endloop
  endfacet
  facet normal 0.65491467 0.0325128399 -0.755003106
    outer loop
      vertex 0.0624679998 0.911477208 0.766126692
      vertex 0.102394849 0.973007023 0.803410232
      vertex 0.072339192 0.903741956 0.774356186
    endloop
  endfacet
  facet normal 0.654913802 0.0325139567 -0.755003811
    outer loop
      vertex 0.403308272 1.6359961 1.09298289
      vertex 0.361336738 1.53927016 1.05241001
      vertex 0.342840105 1.52712762 1.03584254
    endloop
  endfacet
  facet normal 0.654915128 0.0325126466 -0.755002717
    outer loop
      vertex 0.403308272 1.6359961 1.09298289
      vertex 0.342840105 1.52712762 1.03584254
      vertex 0.372895747 1.59639263 1.06489658
    endloop
  endfacet
  facet normal 0.654915279 0.0325124442 -0.755002595
    outer loop
      vertex 0.388323069 1.66242993 1.08112252
      vertex 0.403308272 1.6359961 1.09298289
      vertex 0.372895747 1.59639263 1.06489658
    endloop
  endfacet
  facet normal 0.654914885 0.0325126761 -0.755002926
    outer loop
      vertex 0.353153378 1.61186326 1.0484376
      vertex 0.388323069 1.66242993 1.08112252
      vertex 0.363024563 1.604128 1.05666709
    endloop
  endfacet
  facet normal 0.654915055 0.0325125429 -0.755002785
    outer loop
      vertex 0.372895747 1.59639263 1.06489658
      vertex 0.363024563 1.604128 1.05666709
      vertex 0.388323069 1.66242993 1.08112252
    endloop
  endfacet
  facet normal 0.654914755 0.0325128358 -0.755003033
    outer loop
      vertex 0.373337835 1.68886364 1.06926215
      vertex 0.388323069 1.66242993 1.08112252
      vertex 0.353153378 1.61186326 1.0484376
    endloop
  endfacet
  facet normal 0.654915206 0.0325121792 -0.75500267
    outer loop
      vertex 0.319365203 1.44254422 1.01183724
      vertex 0.302913249 1.46559787 0.998558998
      vertex 0.342840105 1.52712762 1.03584254
    endloop
  endfacet
  facet normal 0.654914318 0.0325126388 -0.75500342
    outer loop
      vertex 0.361336738 1.53927016 1.05241001
      vertex 0.319365203 1.44254422 1.01183724
      vertex 0.342840105 1.52712762 1.03584254
    endloop
  endfacet
  facet normal 0.654915517 0.0325121562 -0.755002401
    outer loop
      vertex 0.319365203 1.44254422 1.01183724
      vertex 0.277393669 1.34581828 0.971264422
      vertex 0.272857606 1.39633274 0.969504952
    endloop
  endfacet
  facet normal 0.654915379 0.0325123947 -0.75500251
    outer loop
      vertex 0.319365203 1.44254422 1.01183724
      vertex 0.272857606 1.39633274 0.969504952
      vertex 0.302913249 1.46559787 0.998558998
    endloop
  endfacet
  facet normal 0.654914081 0.0325134669 -0.75500359
    outer loop
      vertex 0.342840105 1.52712762 1.03584254
      vertex 0.302913249 1.46559787 0.998558998
      vertex 0.332968891 1.53486288 1.02761304
    endloop
  endfacet
  facet normal 0.654915355 0.0325121367 -0.755002542
    outer loop
      vertex 0.277393669 1.34581828 0.971264422
      vertex 0.242801934 1.32706761 0.940450907
      vertex 0.272857606 1.39633274 0.969504952
    endloop
  endfacet
  facet normal 0.654914377 0.0325130496 -0.755003352
    outer loop
      vertex 0.277393669 1.34581828 0.971264422
      vertex 0.235422134 1.24909234 0.9306916
      vertex 0.212746277 1.25780261 0.911396921
    endloop
  endfacet
  facet normal 0.654915551 0.0325115384 -0.755002398
    outer loop
      vertex 0.277393669 1.34581828 0.971264422
      vertex 0.212746277 1.25780261 0.911396921
      vertex 0.242801934 1.32706761 0.940450907
    endloop
  endfacet
  facet normal 0.654914541 0.0325130515 -0.755003209
    outer loop
      vertex 0.323097706 1.54259825 1.01938355
      vertex 0.293042064 1.47333312 0.990329504
      vertex 0.273432374 1.45862544 0.972686052
    endloop
  endfacet
  facet normal 0.654916066 0.0325114523 -0.755001955
    outer loop
      vertex 0.323097706 1.54259825 1.01938355
      vertex 0.273432374 1.45862544 0.972686052
      vertex 0.32338509 1.57374454 1.02097404
    endloop
  endfacet
  facet normal 0.65491517 0.0325122818 -0.755002696
    outer loop
      vertex 0.258050799 1.40793574 0.957160711
      vertex 0.293042064 1.47333312 0.990329504
      vertex 0.262986392 1.40406799 0.961275458
    endloop
  endfacet
  facet normal 0.654915593 0.032512424 -0.755002323
    outer loop
      vertex 0.373337835 1.68886364 1.06926215
      vertex 0.353153378 1.61186326 1.0484376
      vertex 0.32338509 1.57374454 1.02097404
    endloop
  endfacet
  facet normal 0.654914523 0.0325128409 -0.755003233
    outer loop
      vertex 0.240555167 1.37523699 0.940576315
      vertex 0.273432374 1.45862544 0.972686052
      vertex 0.258050799 1.40793574 0.957160711
    endloop
  endfacet
  facet normal 0.654914671 0.0325127579 -0.755003109
    outer loop
      vertex 0.293042064 1.47333312 0.990329504
      vertex 0.258050799 1.40793574 0.957160711
      vertex 0.273432374 1.45862544 0.972686052
    endloop
  endfacet
  facet normal 0.654916316 0.0325114389 -0.755001739
    outer loop
      vertex 0.323097706 1.54259825 1.01938355
      vertex 0.32338509 1.57374454 1.02097404
      vertex 0.353153378 1.61186326 1.0484376
    endloop
  endfacet
  facet normal 0.654916766 0.0325126946 -0.755001295
    outer loop
      vertex 0.226770058 1.34092796 0.92714119
      vertex 0.235509053 1.35598683 0.935370207
      vertex 0.227995142 1.33867061 0.928106666
    endloop
  endfacet
  facet normal 0.654926014 0.0325026744 -0.754993703
    outer loop
      vertex 0.223479658 1.34350646 0.924398005
      vertex 0.240555167 1.37523699 0.940576315
      vertex 0.233041257 1.35792065 0.933312833
    endloop
  endfacet
  facet normal 0.654917428 0.0325127099 -0.75500072
    outer loop
      vertex 0.233041257 1.35792065 0.933312833
      vertex 0.226770058 1.34092796 0.92714119
      vertex 0.223479658 1.34350646 0.924398005
    endloop
  endfacet
  facet normal 0.654915472 0.0325140273 -0.75500236
    outer loop
      vertex 0.233041257 1.35792065 0.933312833
      vertex 0.235509053 1.35598683 0.935370207
      vertex 0.226770058 1.34092796 0.92714119
    endloop
  endfacet
  facet normal 0.654918053 0.032510312 -0.75500028
    outer loop
      vertex 0.273432374 1.45862544 0.972686052
      vertex 0.240555167 1.37523699 0.940576315
      vertex 0.223479658 1.34350646 0.924398005
    endloop
  endfacet
  facet normal 0.654916072 0.0325120492 -0.755001924
    outer loop
      vertex 0.21426633 1.31211245 0.915054142
      vertex 0.226770058 1.34092796 0.92714119
      vertex 0.227995142 1.33867061 0.928106666
    endloop
  endfacet
  facet normal 0.654913207 0.0325140969 -0.755004321
    outer loop
      vertex 0.258050799 1.40793574 0.957160711
      vertex 0.243022978 1.37330317 0.942633688
      vertex 0.240555167 1.37523699 0.940576315
    endloop
  endfacet
  facet normal 0.654914365 0.032513059 -0.755003362
    outer loop
      vertex 0.235422134 1.24909234 0.9306916
      vertex 0.1934506 1.1523664 0.890118778
      vertex 0.18269062 1.18853748 0.882342875
    endloop
  endfacet
  facet normal 0.654914375 0.0325130429 -0.755003353
    outer loop
      vertex 0.235422134 1.24909234 0.9306916
      vertex 0.18269062 1.18853748 0.882342875
      vertex 0.212746277 1.25780261 0.911396921
    endloop
  endfacet
  facet normal 0.654914438 0.0325130018 -0.755003301
    outer loop
      vertex 0.1934506 1.1523664 0.890118778
      vertex 0.151479065 1.05564046 0.849545956
      vertex 0.152634963 1.11927247 0.853288829
    endloop
  endfacet
  facet normal 0.654914402 0.0325130772 -0.755003329
    outer loop
      vertex 0.1934506 1.1523664 0.890118778
      vertex 0.152634963 1.11927247 0.853288829
      vertex 0.18269062 1.18853748 0.882342875
    endloop
  endfacet
  facet normal 0.654914445 0.0325130013 -0.755003295
    outer loop
      vertex 0.152634963 1.11927247 0.853288829
      vertex 0.151479065 1.05564046 0.849545956
      vertex 0.102394849 0.973007023 0.803410232
    endloop
  endfacet
  facet normal 0.654916365 0.0325115115 -0.755001693
    outer loop
      vertex 0.072339192 0.903741956 0.774356186
      vertex 0.102394849 0.973007023 0.803410232
      vertex 0.109507531 0.958914578 0.808973193
    endloop
  endfacet
  facet normal 0.654916414 0.0325114533 -0.755001653
    outer loop
      vertex 0.072339192 0.903741956 0.774356186
      vertex 0.109507531 0.958914578 0.808973193
      vertex 0.0675359964 0.862188637 0.768400371
    endloop
  endfacet
  facet normal 0.654916087 0.0325112721 -0.755001945
    outer loop
      vertex 0.151479065 1.05564046 0.849545956
      vertex 0.109507531 0.958914578 0.808973193
      vertex 0.102394849 0.973007023 0.803410232
    endloop
  endfacet
  facet normal 0.654914541 0.0325125441 -0.755003231
    outer loop
      vertex 0.072339192 0.903741956 0.774356186
      vertex 0.0401029736 0.859935701 0.744507015
      vertex 0.0624679998 0.911477208 0.766126692
    endloop
  endfacet
  facet normal 0.654915155 0.0325117536 -0.755002733
    outer loop
      vertex 0.0401029736 0.859935701 0.744507015
      vertex 0.072339192 0.903741956 0.774356186
      vertex 0.0675359964 0.862188637 0.768400371
    endloop
  endfacet
  facet normal 0.654914529 0.0325129152 -0.755003225
    outer loop
      vertex 0.0925236568 0.980742276 0.795180738
      vertex 0.0826524571 0.988477588 0.786951244
      vertex 0.142763779 1.12700772 0.845059335
    endloop
  endfacet
  facet normal 0.65491489 0.0325126877 -0.755002921
    outer loop
      vertex 0.0925236568 0.980742276 0.795180738
      vertex 0.142763779 1.12700772 0.845059335
      vertex 0.152634963 1.11927247 0.853288829
    endloop
  endfacet
  facet normal 0.654914676 0.0325128554 -0.7550031
    outer loop
      vertex 0.152634963 1.11927247 0.853288829
      vertex 0.102394849 0.973007023 0.803410232
      vertex 0.0925236568 0.980742276 0.795180738
    endloop
  endfacet
  facet normal 0.654914519 0.0325125614 -0.755003249
    outer loop
      vertex 0.0401029736 0.859935701 0.744507015
      vertex 0.0525968038 0.91921252 0.757897198
      vertex 0.0624679998 0.911477208 0.766126692
    endloop
  endfacet
  facet normal 0.654918307 0.0325083803 -0.755000143
    outer loop
      vertex 0.201762617 1.28329682 0.902967155
      vertex 0.212967321 1.30403805 0.913579643
      vertex 0.205453396 1.28672183 0.906316161
    endloop
  endfacet
  facet normal 0.654915595 0.0325133918 -0.75500228
    outer loop
      vertex 0.201762617 1.28329682 0.902967155
      vertex 0.205453396 1.28672183 0.906316161
      vertex 0.197939485 1.26940548 0.89905262
    endloop
  endfacet
  facet normal 0.654917336 0.0325124982 -0.755000808
    outer loop
      vertex 0.201762617 1.28329682 0.902967155
      vertex 0.197939485 1.26940548 0.89905262
      vertex 0.198472217 1.28587532 0.90022397
    endloop
  endfacet
  facet normal 0.654915048 0.032511518 -0.755002835
    outer loop
      vertex 0.212967321 1.30403805 0.913579643
      vertex 0.201762617 1.28329682 0.902967155
      vertex 0.21426633 1.31211245 0.915054142
    endloop
  endfacet
  facet normal 0.654915123 0.0325127057 -0.755002719
    outer loop
      vertex 0.197939485 1.26940548 0.89905262
      vertex 0.182911664 1.23477304 0.884525597
      vertex 0.198472217 1.28587532 0.90022397
    endloop
  endfacet
  facet normal 0.654913366 0.0325136957 -0.755004201
    outer loop
      vertex 0.167883828 1.20014048 0.869998574
      vertex 0.198472217 1.28587532 0.90022397
      vertex 0.182911664 1.23477304 0.884525597
    endloop
  endfacet
  facet normal 0.654917482 0.0325107471 -0.755000757
    outer loop
      vertex 0.212967321 1.30403805 0.913579643
      vertex 0.21426633 1.31211245 0.915054142
      vertex 0.227995142 1.33867061 0.928106666
    endloop
  endfacet
  facet normal 0.654914653 0.0325128182 -0.755003122
    outer loop
      vertex 0.142763779 1.12700772 0.845059335
      vertex 0.0826524571 0.988477588 0.786951244
      vertex 0.0746040419 1.00041354 0.780483782
    endloop
  endfacet
  facet normal 0.654916216 0.0325113185 -0.755001831
    outer loop
      vertex 0.142763779 1.12700772 0.845059335
      vertex 0.0746040419 1.00041354 0.780483782
      vertex 0.136538133 1.14314437 0.840353847
    endloop
  endfacet
  facet normal 0.654914688 0.0325128597 -0.755003089
    outer loop
      vertex 0.0746040419 1.00041354 0.780483782
      vertex 0.0826524571 0.988477588 0.786951244
      vertex 0.0525968038 0.91921252 0.757897198
    endloop
  endfacet
  facet normal 0.654914684 0.0325128354 -0.755003094
    outer loop
      vertex 0.198472217 1.28587532 0.90022397
      vertex 0.167883828 1.20014048 0.869998574
      vertex 0.136538133 1.14314437 0.840353847
    endloop
  endfacet
  facet normal 0.654916226 0.0325113253 -0.755001822
    outer loop
      vertex 0.136538133 1.14314437 0.840353847
      vertex 0.167883828 1.20014048 0.869998574
      vertex 0.142763779 1.12700772 0.845059335
    endloop
  endfacet
  facet normal 0.654914641 0.0325128835 -0.755003129
    outer loop
      vertex 0.0746040419 1.00041354 0.780483782
      vertex 0.0525968038 0.91921252 0.757897198
      vertex 0.0126699526 0.857682765 0.720613658
    endloop
  endfacet
  facet normal 0.654915142 0.0325123106 -0.75500272
    outer loop
      vertex 0.0126699526 0.857682765 0.720613658
      vertex 0.0525968038 0.91921252 0.757897198
      vertex 0.0401029736 0.859935701 0.744507015
    endloop
  endfacet
  facet normal 0.654913812 0.0325128464 -0.75500385
    outer loop
      vertex 0.167883828 1.20014048 0.869998574
      vertex 0.172819436 1.19627285 0.874113321
      vertex 0.142763779 1.12700772 0.845059335
    endloop
  endfacet
  facet normal 0.0321630882 -0.997846863 0.0571591974
    outer loop
      vertex 0.0401029736 0.859935701 0.744507015
      vertex 0.0423254669 0.863160551 0.799553692
      vertex -0.0103180818 0.861879587 0.806813657
    endloop
  endfacet
  facet normal 0.0321632346 -0.997846797 0.0571602702
    outer loop
      vertex -0.0103180818 0.861879587 0.806813657
      vertex 0.0423254669 0.863160551 0.799553692
      vertex 0.0171149373 0.864132524 0.830707014
    endloop
  endfacet
  facet normal 0.032163236 -0.997846797 0.0571602686
    outer loop
      vertex -0.0125405742 0.858654678 0.75176698
      vertex -0.0103180818 0.861879587 0.806813657
      vertex -0.037751101 0.859626651 0.782920301
    endloop
  endfacet
  facet normal 0.0321642112 -0.99784683 0.0571591495
    outer loop
      vertex 0.0401029736 0.859935701 0.744507015
      vertex -0.0125405742 0.858654678 0.75176698
      vertex 0.0126699526 0.857682765 0.720613658
    endloop
  endfacet
  facet normal 0.0321642084 -0.99784683 0.0571591502
    outer loop
      vertex 0.0401029736 0.859935701 0.744507015
      vertex 0.0675359964 0.862188637 0.768400371
      vertex 0.0423254669 0.863160551 0.799553692
    endloop
  endfacet
  facet normal 0.0321643574 -0.997846763 0.0571602213
    outer loop
      vertex -0.0125405742 0.858654678 0.75176698
      vertex 0.0401029736 0.859935701 0.744507015
      vertex -0.0103180818 0.861879587 0.806813657
    endloop
  endfacet
  facet normal -0.651002619 -0.0235770882 0.75870924
    outer loop
      vertex 0.126044959 1.1358366 0.900752664
      vertex 0.112671316 1.16572499 0.890206337
      vertex 0.0993461385 1.13555908 0.877835393
    endloop
  endfacet
  facet normal -0.651002454 -0.0235770584 0.758709383
    outer loop
      vertex 0.126044959 1.1358366 0.900752664
      vertex 0.152743787 1.13611424 0.923669934
      vertex 0.166068971 1.16628015 0.936040878
    endloop
  endfacet
  facet normal -0.651002486 -0.0235769875 0.758709358
    outer loop
      vertex 0.166068971 1.16628015 0.936040878
      vertex 0.112671316 1.16572499 0.890206337
      vertex 0.126044959 1.1358366 0.900752664
    endloop
  endfacet
  facet normal -0.651002486 -0.0235769875 0.758709358
    outer loop
      vertex 0.112671316 1.16572499 0.890206337
      vertex 0.166068971 1.16628015 0.936040878
      vertex 0.152695328 1.19616854 0.925494552
    endloop
  endfacet
  facet normal -0.651002721 -0.0235771663 0.75870915
    outer loop
      vertex 0.152695328 1.19616854 0.925494552
      vertex 0.166068971 1.16628015 0.936040878
      vertex 0.179394141 1.19644606 0.948411822
    endloop
  endfacet
  facet normal -0.651002454 -0.0235770584 0.758709383
    outer loop
      vertex 0.1259965 1.1958909 0.902577281
      vertex 0.112671316 1.16572499 0.890206337
      vertex 0.152695328 1.19616854 0.925494552
    endloop
  endfacet
  facet normal 0.0213426153 -0.999690876 -0.0127532726
    outer loop
      vertex 0.107876666 1.19523466 0.923694968
      vertex 0.1259965 1.1958909 0.902577281
      vertex 0.152695328 1.19616854 0.925494552
    endloop
  endfacet
  facet normal 0.0213426255 -0.999690872 -0.0127535277
    outer loop
      vertex 0.134450585 1.19550776 0.946757853
      vertex 0.107876666 1.19523466 0.923694968
      vertex 0.152695328 1.19616854 0.925494552
    endloop
  endfacet
  facet normal 0.0213401827 -0.999690898 -0.0127556245
    outer loop
      vertex 0.152695328 1.19616854 0.925494552
      vertex 0.179394141 1.19644606 0.948411822
      vertex 0.134450585 1.19550776 0.946757853
    endloop
  endfacet
  facet normal 0.0213401934 -0.999690894 -0.0127559184
    outer loop
      vertex 0.161024496 1.19578075 0.969820678
      vertex 0.134450585 1.19550776 0.946757853
      vertex 0.179394141 1.19644606 0.948411822
    endloop
  endfacet
  facet normal -0.0213413132 0.999690854 0.0127571761
    outer loop
      vertex 0.108278766 1.13519323 0.921458185
      vertex 0.134852678 1.13546622 0.94452107
      vertex 0.152743787 1.13611424 0.923669934
    endloop
  endfacet
  facet normal -0.0213410286 0.999690933 0.0127514234
    outer loop
      vertex 0.126044959 1.1358366 0.900752664
      vertex 0.108278766 1.13519323 0.921458185
      vertex 0.152743787 1.13611424 0.923669934
    endloop
  endfacet
  facet normal -0.0213411608 0.999690862 0.0127567714
    outer loop
      vertex 0.0993461385 1.13555908 0.877835393
      vertex 0.081704855 1.13492012 0.89839536
      vertex 0.126044959 1.1358366 0.900752664
    endloop
  endfacet
  facet normal -0.0213408846 0.999690935 0.012751547
    outer loop
      vertex 0.108278766 1.13519323 0.921458185
      vertex 0.126044959 1.1358366 0.900752664
      vertex 0.081704855 1.13492012 0.89839536
    endloop
  endfacet
  facet normal -0.654914923 -0.0325128474 0.755002886
    outer loop
      vertex 0.056360852 0.954577148 0.868645012
      vertex 0.0956067666 1.04502165 0.906583071
      vertex 0.0418862067 1.04315567 0.859903693
    endloop
  endfacet
  facet normal -0.654914997 -0.0325128659 0.755002821
    outer loop
      vertex 0.056360852 0.954577148 0.868645012
      vertex 0.0418862067 1.04315567 0.859903693
      vertex 0.00206755148 0.95139116 0.821411967
    endloop
  endfacet
  facet normal -0.654915181 -0.0325121147 0.755002694
    outer loop
      vertex 0.0171149373 0.864132524 0.830707014
      vertex 0.056360852 0.954577148 0.868645012
      vertex -0.0103180818 0.861879587 0.806813657
    endloop
  endfacet
  facet normal -0.654915028 -0.0325123077 0.755002819
    outer loop
      vertex 0.056360852 0.954577148 0.868645012
      vertex 0.00206755148 0.95139116 0.821411967
      vertex -0.0103180818 0.861879587 0.806813657
    endloop
  endfacet
  facet normal -0.654915328 -0.0325120466 0.755002569
    outer loop
      vertex 0.108278766 1.13519323 0.921458185
      vertex 0.0956067666 1.04502165 0.906583071
      vertex 0.134852678 1.13546622 0.94452107
    endloop
  endfacet
  facet normal -0.654914252 -0.0325130378 0.75500346
    outer loop
      vertex 0.0418862067 1.04315567 0.859903693
      vertex 0.108278766 1.13519323 0.921458185
      vertex 0.081704855 1.13492012 0.89839536
    endloop
  endfacet
  facet normal -0.65491517 -0.0325122681 0.755002697
    outer loop
      vertex 0.00206755148 0.95139116 0.821411967
      vertex -0.037751101 0.859626651 0.782920301
      vertex -0.0103180818 0.861879587 0.806813657
    endloop
  endfacet
  facet normal -0.654914952 -0.0325121526 0.755002891
    outer loop
      vertex 0.0418862067 1.04315567 0.859903693
      vertex 0.0956067666 1.04502165 0.906583071
      vertex 0.108278766 1.13519323 0.921458185
    endloop
  endfacet
  facet normal -0.658080056 0.515683319 -0.548635903
    outer loop
      vertex 0.186859831 1.30802357 0.944084704
      vertex 0.193111688 1.32243145 0.950128198
      vertex 0.207157522 1.32452691 0.935250044
    endloop
  endfacet
  facet normal -0.658080857 0.515686339 -0.548632103
    outer loop
      vertex 0.186859831 1.30802357 0.944084704
      vertex 0.207157522 1.32452691 0.935250044
      vertex 0.200905666 1.31011915 0.92920655
    endloop
  endfacet
  facet normal -0.658080857 0.515686339 -0.548632103
    outer loop
      vertex 0.172813997 1.30592811 0.958962858
      vertex 0.179065853 1.32033587 0.965006351
      vertex 0.193111688 1.32243145 0.950128198
    endloop
  endfacet
  facet normal -0.658080056 0.515683319 -0.548635903
    outer loop
      vertex 0.172813997 1.30592811 0.958962858
      vertex 0.193111688 1.32243145 0.950128198
      vertex 0.186859831 1.30802357 0.944084704
    endloop
  endfacet
  facet normal -0.658079582 0.515688674 -0.548631438
    outer loop
      vertex 0.207157522 1.32452691 0.935250044
      vertex 0.21991843 1.33990574 0.93439883
      vertex 0.226770058 1.34092796 0.92714119
    endloop
  endfacet
  facet normal -0.658080745 0.515685556 -0.548632975
    outer loop
      vertex 0.207157522 1.32452691 0.935250044
      vertex 0.206215173 1.33786142 0.948914111
      vertex 0.213066801 1.33888364 0.94165647
    endloop
  endfacet
  facet normal -0.658078303 0.515686466 -0.548635048
    outer loop
      vertex 0.193111688 1.32243145 0.950128198
      vertex 0.199363545 1.3368392 0.956171691
      vertex 0.206215173 1.33786142 0.948914111
    endloop
  endfacet
  facet normal -0.658076661 0.515685911 -0.548637539
    outer loop
      vertex 0.207157522 1.32452691 0.935250044
      vertex 0.213066801 1.33888364 0.94165647
      vertex 0.21991843 1.33990574 0.93439883
    endloop
  endfacet
  facet normal -0.658080922 0.515684806 -0.548633467
    outer loop
      vertex 0.21426633 1.31211245 0.915054142
      vertex 0.201762617 1.28329682 0.902967155
      vertex 0.200905666 1.31011915 0.92920655
    endloop
  endfacet
  facet normal -0.658079225 0.515687479 -0.548632991
    outer loop
      vertex 0.226770058 1.34092796 0.92714119
      vertex 0.21426633 1.31211245 0.915054142
      vertex 0.207157522 1.32452691 0.935250044
    endloop
  endfacet
  facet normal -0.65808034 0.515686365 -0.548632699
    outer loop
      vertex 0.207157522 1.32452691 0.935250044
      vertex 0.21426633 1.31211245 0.915054142
      vertex 0.200905666 1.31011915 0.92920655
    endloop
  endfacet
  facet normal -0.658078748 0.515685612 -0.548635317
    outer loop
      vertex 0.200905666 1.31011915 0.92920655
      vertex 0.18805936 1.28125238 0.917482376
      vertex 0.174356103 1.27920806 0.931997657
    endloop
  endfacet
  facet normal -0.658080456 0.515687417 -0.548631572
    outer loop
      vertex 0.200905666 1.31011915 0.92920655
      vertex 0.174356103 1.27920806 0.931997657
      vertex 0.186859831 1.30802357 0.944084704
    endloop
  endfacet
  facet normal -0.658079683 0.515685584 -0.548634222
    outer loop
      vertex 0.201762617 1.28329682 0.902967155
      vertex 0.18805936 1.28125238 0.917482376
      vertex 0.200905666 1.31011915 0.92920655
    endloop
  endfacet
  facet normal -0.658078723 0.515686894 -0.548634142
    outer loop
      vertex 0.193111688 1.32243145 0.950128198
      vertex 0.206215173 1.33786142 0.948914111
      vertex 0.207157522 1.32452691 0.935250044
    endloop
  endfacet
  facet normal -0.658080445 0.51568636 -0.548632579
    outer loop
      vertex 0.193111688 1.32243145 0.950128198
      vertex 0.192511916 1.33581698 0.963429332
      vertex 0.199363545 1.3368392 0.956171691
    endloop
  endfacet
  facet normal -0.658080689 0.515685705 -0.548632901
    outer loop
      vertex 0.179065853 1.32033587 0.965006351
      vertex 0.185660288 1.33479476 0.970686972
      vertex 0.192511916 1.33581698 0.963429332
    endloop
  endfacet
  facet normal -0.658075559 0.515688867 -0.548636083
    outer loop
      vertex 0.171957031 1.33275044 0.985202253
      vertex 0.178808659 1.33377254 0.977944613
      vertex 0.179065853 1.32033587 0.965006351
    endloop
  endfacet
  facet normal -0.658080689 0.515685705 -0.548632901
    outer loop
      vertex 0.185660288 1.33479476 0.970686972
      vertex 0.179065853 1.32033587 0.965006351
      vertex 0.178808659 1.33377254 0.977944613
    endloop
  endfacet
  facet normal -0.658078702 0.51568573 -0.548635261
    outer loop
      vertex 0.159453318 1.30393481 0.973115206
      vertex 0.171957031 1.33275044 0.985202253
      vertex 0.179065853 1.32033587 0.965006351
    endloop
  endfacet
  facet normal -0.658079032 0.515686065 -0.54863455
    outer loop
      vertex 0.160652861 1.27716362 0.946512938
      vertex 0.172813997 1.30592811 0.958962858
      vertex 0.186859831 1.30802357 0.944084704
    endloop
  endfacet
  facet normal -0.658080364 0.515687422 -0.548631677
    outer loop
      vertex 0.160652861 1.27716362 0.946512938
      vertex 0.186859831 1.30802357 0.944084704
      vertex 0.174356103 1.27920806 0.931997657
    endloop
  endfacet
  facet normal -0.658079494 0.515684877 -0.548635113
    outer loop
      vertex 0.146949604 1.27511919 0.961028218
      vertex 0.159453318 1.30393481 0.973115206
      vertex 0.172813997 1.30592811 0.958962858
    endloop
  endfacet
  facet normal -0.658080595 0.515685958 -0.548632777
    outer loop
      vertex 0.160652861 1.27716362 0.946512938
      vertex 0.146949604 1.27511919 0.961028218
      vertex 0.172813997 1.30592811 0.958962858
    endloop
  endfacet
  facet normal -0.658078913 0.515686436 -0.548634345
    outer loop
      vertex 0.172813997 1.30592811 0.958962858
      vertex 0.159453318 1.30393481 0.973115206
      vertex 0.179065853 1.32033587 0.965006351
    endloop
  endfacet
  facet normal -0.658080977 0.51568602 -0.54863226
    outer loop
      vertex 0.192511916 1.33581698 0.963429332
      vertex 0.193111688 1.32243145 0.950128198
      vertex 0.179065853 1.32033587 0.965006351
    endloop
  endfacet
  facet normal 0.317140802 0.850693142 0.419216995
    outer loop
      vertex 0.201762617 1.28329682 0.902967155
      vertex 0.198472217 1.28587532 0.90022397
      vertex 0.18476896 1.28383088 0.914739251
    endloop
  endfacet
  facet normal 0.31714324 0.850690438 0.419220638
    outer loop
      vertex 0.201762617 1.28329682 0.902967155
      vertex 0.18476896 1.28383088 0.914739251
      vertex 0.18805936 1.28125238 0.917482376
    endloop
  endfacet
  facet normal 0.317130906 0.850704116 0.419202212
    outer loop
      vertex 0.171065703 1.28178644 0.929254472
      vertex 0.174356103 1.27920806 0.931997657
      vertex 0.18805936 1.28125238 0.917482376
    endloop
  endfacet
  facet normal 0.31714324 0.850690438 0.419220638
    outer loop
      vertex 0.171065703 1.28178644 0.929254472
      vertex 0.18805936 1.28125238 0.917482376
      vertex 0.18476896 1.28383088 0.914739251
    endloop
  endfacet
  facet normal 0.317140802 0.850693142 0.419216995
    outer loop
      vertex 0.160652861 1.27716362 0.946512938
      vertex 0.157362461 1.27974212 0.943769753
      vertex 0.143659204 1.27769768 0.958285034
    endloop
  endfacet
  facet normal 0.317140802 0.850693142 0.419216995
    outer loop
      vertex 0.160652861 1.27716362 0.946512938
      vertex 0.143659204 1.27769768 0.958285034
      vertex 0.146949604 1.27511919 0.961028218
    endloop
  endfacet
  facet normal 0.317140963 0.850693166 0.419216825
    outer loop
      vertex 0.157362461 1.27974212 0.943769753
      vertex 0.160652861 1.27716362 0.946512938
      vertex 0.174356103 1.27920806 0.931997657
    endloop
  endfacet
  facet normal 0.317131067 0.85070414 0.419202042
    outer loop
      vertex 0.157362461 1.27974212 0.943769753
      vertex 0.174356103 1.27920806 0.931997657
      vertex 0.171065703 1.28178644 0.929254472
    endloop
  endfacet
  facet normal -0.317167679 -0.850678519 -0.419226336
    outer loop
      vertex 0.178990558 1.33533442 0.974637687
      vertex 0.178808659 1.33377254 0.977944613
      vertex 0.171957031 1.33275044 0.985202253
    endloop
  endfacet
  facet normal -0.317153658 -0.850683067 -0.419227714
    outer loop
      vertex 0.192511916 1.33581698 0.963429332
      vertex 0.185660288 1.33479476 0.970686972
      vertex 0.178990558 1.33533442 0.974637687
    endloop
  endfacet
  facet normal -0.317153658 -0.850683067 -0.419227714
    outer loop
      vertex 0.178808659 1.33377254 0.977944613
      vertex 0.178990558 1.33533442 0.974637687
      vertex 0.185660288 1.33479476 0.970686972
    endloop
  endfacet
  facet normal -0.317148161 -0.850688275 -0.419221305
    outer loop
      vertex 0.197718337 1.33812845 0.954800129
      vertex 0.192511916 1.33581698 0.963429332
      vertex 0.178990558 1.33533442 0.974637687
    endloop
  endfacet
  facet normal -0.317127555 -0.850703616 -0.419205762
    outer loop
      vertex 0.168666631 1.33532882 0.982459068
      vertex 0.178990558 1.33533442 0.974637687
      vertex 0.171957031 1.33275044 0.985202253
    endloop
  endfacet
  facet normal -0.317127946 -0.850703217 -0.419206277
    outer loop
      vertex 0.175518259 1.33635104 0.975201428
      vertex 0.178990558 1.33533442 0.974637687
      vertex 0.168666631 1.33532882 0.982459068
    endloop
  endfacet
  facet normal -0.317127946 -0.850703217 -0.419206277
    outer loop
      vertex 0.182369888 1.33737326 0.967943788
      vertex 0.178990558 1.33533442 0.974637687
      vertex 0.175518259 1.33635104 0.975201428
    endloop
  endfacet
  facet normal -0.317118018 -0.850710996 -0.419198
    outer loop
      vertex 0.196073145 1.33941758 0.953428566
      vertex 0.197718337 1.33812845 0.954800129
      vertex 0.189221516 1.33839536 0.960686207
    endloop
  endfacet
  facet normal -0.3171479 -0.850692433 -0.419213066
    outer loop
      vertex 0.178990558 1.33533442 0.974637687
      vertex 0.182369888 1.33737326 0.967943788
      vertex 0.189221516 1.33839536 0.960686207
    endloop
  endfacet
  facet normal -0.317118536 -0.85071069 -0.419198231
    outer loop
      vertex 0.202924773 1.3404398 0.946170926
      vertex 0.207082242 1.33952546 0.94488138
      vertex 0.197718337 1.33812845 0.954800129
    endloop
  endfacet
  facet normal -0.317118018 -0.850710996 -0.419198
    outer loop
      vertex 0.202924773 1.3404398 0.946170926
      vertex 0.197718337 1.33812845 0.954800129
      vertex 0.196073145 1.33941758 0.953428566
    endloop
  endfacet
  facet normal -0.317115253 -0.850714062 -0.419193871
    outer loop
      vertex 0.197718337 1.33812845 0.954800129
      vertex 0.178990558 1.33533442 0.974637687
      vertex 0.189221516 1.33839536 0.960686207
    endloop
  endfacet
  facet normal -0.317143469 -0.850691053 -0.419219219
    outer loop
      vertex 0.197718337 1.33812845 0.954800129
      vertex 0.199363545 1.3368392 0.956171691
      vertex 0.192511916 1.33581698 0.963429332
    endloop
  endfacet
  facet normal -0.317132217 -0.850698284 -0.419213057
    outer loop
      vertex 0.207082242 1.33952546 0.94488138
      vertex 0.206215173 1.33786142 0.948914111
      vertex 0.199363545 1.3368392 0.956171691
    endloop
  endfacet
  facet normal -0.317143575 -0.850691068 -0.419219106
    outer loop
      vertex 0.207082242 1.33952546 0.94488138
      vertex 0.199363545 1.3368392 0.956171691
      vertex 0.197718337 1.33812845 0.954800129
    endloop
  endfacet
  facet normal -0.317134307 -0.850704671 -0.419198514
    outer loop
      vertex 0.216446131 1.34092236 0.93496263
      vertex 0.21991843 1.33990574 0.93439883
      vertex 0.213066801 1.33888364 0.94165647
    endloop
  endfacet
  facet normal -0.317134523 -0.850698063 -0.419211761
    outer loop
      vertex 0.216446131 1.34092236 0.93496263
      vertex 0.226770058 1.34092796 0.92714119
      vertex 0.21991843 1.33990574 0.93439883
    endloop
  endfacet
  facet normal -0.317136329 -0.850696647 -0.419213266
    outer loop
      vertex 0.207082242 1.33952546 0.94488138
      vertex 0.213066801 1.33888364 0.94165647
      vertex 0.206215173 1.33786142 0.948914111
    endloop
  endfacet
  facet normal -0.31711858 -0.850710556 -0.419198469
    outer loop
      vertex 0.209776402 1.34146202 0.938913286
      vertex 0.207082242 1.33952546 0.94488138
      vertex 0.202924773 1.3404398 0.946170926
    endloop
  endfacet
  facet normal -0.31711858 -0.850710556 -0.419198469
    outer loop
      vertex 0.207082242 1.33952546 0.94488138
      vertex 0.209776402 1.34146202 0.938913286
      vertex 0.21662803 1.34248424 0.931655645
    endloop
  endfacet
  facet normal -0.317158034 -0.850684668 -0.419221154
    outer loop
      vertex 0.207082242 1.33952546 0.94488138
      vertex 0.21662803 1.34248424 0.931655645
      vertex 0.216446131 1.34092236 0.93496263
    endloop
  endfacet
  facet normal -0.317147081 -0.850688222 -0.41922223
    outer loop
      vertex 0.21662803 1.34248424 0.931655645
      vertex 0.223479658 1.34350646 0.924398005
      vertex 0.216446131 1.34092236 0.93496263
    endloop
  endfacet
  facet normal -0.31713952 -0.850692951 -0.419218353
    outer loop
      vertex 0.226770058 1.34092796 0.92714119
      vertex 0.216446131 1.34092236 0.93496263
      vertex 0.223479658 1.34350646 0.924398005
    endloop
  endfacet
  facet normal -0.317128514 -0.850707802 -0.419196543
    outer loop
      vertex 0.216446131 1.34092236 0.93496263
      vertex 0.213066801 1.33888364 0.94165647
      vertex 0.207082242 1.33952546 0.94488138
    endloop
  endfacet
  facet normal -0.658080227 0.5156865 -0.548632708
    outer loop
      vertex 0.16214864 1.2317009 0.892872751
      vertex 0.138923347 1.17817688 0.870421469
      vertex 0.125825047 1.17752659 0.885521531
    endloop
  endfacet
  facet normal -0.658078579 0.515685759 -0.548635382
    outer loop
      vertex 0.16214864 1.2317009 0.892872751
      vertex 0.125825047 1.17752659 0.885521531
      vertex 0.14905034 1.23105073 0.907972813
    endloop
  endfacet
  facet normal -0.658079631 0.515686031 -0.548633864
    outer loop
      vertex 0.00206755148 0.95139116 0.821411967
      vertex -0.0125405742 0.858654678 0.75176698
      vertex -0.037751101 0.859626651 0.782920301
    endloop
  endfacet
  facet normal -0.658080214 0.51568622 -0.548632987
    outer loop
      vertex 0.0993461385 1.13555908 0.877835393
      vertex 0.0418862067 1.04315567 0.859903693
      vertex 0.081704855 1.13492012 0.89839536
    endloop
  endfacet
  facet normal -0.658079296 0.515686317 -0.548633997
    outer loop
      vertex 0.0746040419 1.00041354 0.780483782
      vertex 0.00206755148 0.95139116 0.821411967
      vertex 0.0418862067 1.04315567 0.859903693
    endloop
  endfacet
  facet normal -0.658079577 0.515686011 -0.548633948
    outer loop
      vertex 0.0418862067 1.04315567 0.859903693
      vertex 0.0993461385 1.13555908 0.877835393
      vertex 0.0746040419 1.00041354 0.780483782
    endloop
  endfacet
  facet normal -0.658079949 0.515686389 -0.548633146
    outer loop
      vertex 0.0746040419 1.00041354 0.780483782
      vertex 0.0126699526 0.857682765 0.720613658
      vertex -0.0125405742 0.858654678 0.75176698
    endloop
  endfacet
  facet normal -0.65807934 0.515686107 -0.548634141
    outer loop
      vertex 0.0746040419 1.00041354 0.780483782
      vertex 0.0993461385 1.13555908 0.877835393
      vertex 0.136538133 1.14314437 0.840353847
    endloop
  endfacet
  facet normal -0.658079284 0.515686182 -0.548634138
    outer loop
      vertex 0.00206755148 0.95139116 0.821411967
      vertex 0.0746040419 1.00041354 0.780483782
      vertex -0.0125405742 0.858654678 0.75176698
    endloop
  endfacet
  facet normal -0.658077637 0.515686287 -0.548636015
    outer loop
      vertex 0.112671316 1.16572499 0.890206337
      vertex 0.125825047 1.17752659 0.885521531
      vertex 0.0993461385 1.13555908 0.877835393
    endloop
  endfacet
  facet normal -0.658079306 0.515686209 -0.548634087
    outer loop
      vertex 0.136538133 1.14314437 0.840353847
      vertex 0.0993461385 1.13555908 0.877835393
      vertex 0.138923347 1.17817688 0.870421469
    endloop
  endfacet
  facet normal -0.658078793 0.515685748 -0.548635135
    outer loop
      vertex 0.1259965 1.1958909 0.902577281
      vertex 0.14905034 1.23105073 0.907972813
      vertex 0.125825047 1.17752659 0.885521531
    endloop
  endfacet
  facet normal -0.658077682 0.515686403 -0.548635852
    outer loop
      vertex 0.1259965 1.1958909 0.902577281
      vertex 0.125825047 1.17752659 0.885521531
      vertex 0.112671316 1.16572499 0.890206337
    endloop
  endfacet
  facet normal -0.658080551 0.515686075 -0.548632719
    outer loop
      vertex 0.157362461 1.27974212 0.943769753
      vertex 0.107876666 1.19523466 0.923694968
      vertex 0.143659204 1.27769768 0.958285034
    endloop
  endfacet
  facet normal -0.658079743 0.515685876 -0.548633875
    outer loop
      vertex 0.1259965 1.1958909 0.902577281
      vertex 0.107876666 1.19523466 0.923694968
      vertex 0.157362461 1.27974212 0.943769753
    endloop
  endfacet
  facet normal -0.658079273 0.515685946 -0.548634374
    outer loop
      vertex 0.157362461 1.27974212 0.943769753
      vertex 0.14905034 1.23105073 0.907972813
      vertex 0.1259965 1.1958909 0.902577281
    endloop
  endfacet
  facet normal -0.658078416 0.515686135 -0.548635224
    outer loop
      vertex 0.171065703 1.28178644 0.929254472
      vertex 0.16214864 1.2317009 0.892872751
      vertex 0.14905034 1.23105073 0.907972813
    endloop
  endfacet
  facet normal -0.658079864 0.515685912 -0.548633696
    outer loop
      vertex 0.198472217 1.28587532 0.90022397
      vertex 0.136538133 1.14314437 0.840353847
      vertex 0.138923347 1.17817688 0.870421469
    endloop
  endfacet
  facet normal -0.658082561 0.515686385 -0.548630017
    outer loop
      vertex 0.198472217 1.28587532 0.90022397
      vertex 0.138923347 1.17817688 0.870421469
      vertex 0.16214864 1.2317009 0.892872751
    endloop
  endfacet
  facet normal -0.658080741 0.515685565 -0.54863297
    outer loop
      vertex 0.16214864 1.2317009 0.892872751
      vertex 0.18476896 1.28383088 0.914739251
      vertex 0.198472217 1.28587532 0.90022397
    endloop
  endfacet
  facet normal -0.65807967 0.515685618 -0.548634205
    outer loop
      vertex 0.171065703 1.28178644 0.929254472
      vertex 0.18476896 1.28383088 0.914739251
      vertex 0.16214864 1.2317009 0.892872751
    endloop
  endfacet
  facet normal -0.658078877 0.515686112 -0.548634692
    outer loop
      vertex 0.171065703 1.28178644 0.929254472
      vertex 0.14905034 1.23105073 0.907972813
      vertex 0.157362461 1.27974212 0.943769753
    endloop
  endfacet
  facet normal -0.658079965 0.515687104 -0.548632455
    outer loop
      vertex 0.0993461385 1.13555908 0.877835393
      vertex 0.125825047 1.17752659 0.885521531
      vertex 0.138923347 1.17817688 0.870421469
    endloop
  endfacet
  facet normal -0.65365477 -0.029618356 0.756213062
    outer loop
      vertex 0.283202857 1.5488236 1.04574788
      vertex 0.30537647 1.55915833 1.06531906
      vertex 0.295405179 1.57678163 1.05739033
    endloop
  endfacet
  facet normal -0.65365477 -0.029618356 0.756213062
    outer loop
      vertex 0.280971825 1.50324225 1.04203415
      vertex 0.283202857 1.5488236 1.04574788
      vertex 0.271000534 1.52086556 1.03410542
    endloop
  endfacet
  facet normal -0.65365477 -0.029618356 0.756213062
    outer loop
      vertex 0.30537647 1.55915833 1.06531906
      vertex 0.283202857 1.5488236 1.04574788
      vertex 0.280971825 1.50324225 1.04203415
    endloop
  endfacet
  facet normal -0.653654886 -0.029618265 0.756212965
    outer loop
      vertex 0.30537647 1.55915833 1.06531906
      vertex 0.280971825 1.50324225 1.04203415
      vertex 0.290943116 1.48561883 1.04996288
    endloop
  endfacet
  facet normal -0.65365405 -0.0296185775 0.756213676
    outer loop
      vertex 0.30537647 1.55915833 1.06531906
      vertex 0.290943116 1.48561883 1.04996288
      vertex 0.315347791 1.5415349 1.07324779
    endloop
  endfacet
  facet normal -0.653654379 -0.0296179765 0.756213414
    outer loop
      vertex 0.313116729 1.49595356 1.06953406
      vertex 0.325319082 1.5239116 1.08117652
      vertex 0.315347791 1.5415349 1.07324779
    endloop
  endfacet
  facet normal -0.65365477 -0.029618356 0.756213062
    outer loop
      vertex 0.300914407 1.46799552 1.05789161
      vertex 0.313116729 1.49595356 1.06953406
      vertex 0.290943116 1.48561883 1.04996288
    endloop
  endfacet
  facet normal -0.653654895 -0.0296179151 0.756212971
    outer loop
      vertex 0.315347791 1.5415349 1.07324779
      vertex 0.290943116 1.48561883 1.04996288
      vertex 0.313116729 1.49595356 1.06953406
    endloop
  endfacet
  facet normal 0.60205565 0.585086346 0.543325835
    outer loop
      vertex 0.259868979 1.52036119 1.04698336
      vertex 0.280971825 1.50324225 1.04203415
      vertex 0.271000534 1.52086556 1.03410542
    endloop
  endfacet
  facet normal 0.602056801 0.585089441 0.543321226
    outer loop
      vertex 0.256230056 1.50663996 1.06579173
      vertex 0.259868979 1.52036119 1.04698336
      vertex 0.24873744 1.51985681 1.05986142
    endloop
  endfacet
  facet normal 0.602056969 0.58508932 0.54332117
    outer loop
      vertex 0.280971825 1.50324225 1.04203415
      vertex 0.259868979 1.52036119 1.04698336
      vertex 0.256230056 1.50663996 1.06579173
    endloop
  endfacet
  facet normal 0.602058515 0.58508576 0.54332329
    outer loop
      vertex 0.256230056 1.50663996 1.06579173
      vertex 0.263722658 1.4934231 1.07172191
      vertex 0.280971825 1.50324225 1.04203415
    endloop
  endfacet
  facet normal 0.602058186 0.585086461 0.543322901
    outer loop
      vertex 0.289811164 1.46749246 1.07073689
      vertex 0.300914407 1.46799552 1.05789161
      vertex 0.290943116 1.48561883 1.04996288
    endloop
  endfacet
  facet normal 0.602057884 0.585086641 0.543323041
    outer loop
      vertex 0.27121529 1.48020613 1.0776521
      vertex 0.289811164 1.46749246 1.07073689
      vertex 0.290943116 1.48561883 1.04996288
    endloop
  endfacet
  facet normal 0.602060288 0.5850832 0.543324082
    outer loop
      vertex 0.290943116 1.48561883 1.04996288
      vertex 0.263722658 1.4934231 1.07172191
      vertex 0.27121529 1.48020613 1.0776521
    endloop
  endfacet
  facet normal 0.6020577 0.585085721 0.543324236
    outer loop
      vertex 0.289811164 1.46749246 1.07073689
      vertex 0.27121529 1.48020613 1.0776521
      vertex 0.278707892 1.46698928 1.08358228
    endloop
  endfacet
  facet normal 0.602060081 0.585083881 0.543323579
    outer loop
      vertex 0.280971825 1.50324225 1.04203415
      vertex 0.263722658 1.4934231 1.07172191
      vertex 0.290943116 1.48561883 1.04996288
    endloop
  endfacet
  facet normal -0.602058602 -0.58508648 -0.54332242
    outer loop
      vertex 0.314143687 1.52340519 1.09410536
      vertex 0.315347791 1.5415349 1.07324779
      vertex 0.325319082 1.5239116 1.08117652
    endloop
  endfacet
  facet normal -0.602055837 -0.585085634 -0.543326394
    outer loop
      vertex 0.295475662 1.53611565 1.1011039
      vertex 0.314143687 1.52340519 1.09410536
      vertex 0.302968264 1.52289879 1.10703409
    endloop
  endfacet
  facet normal -0.602055134 -0.585082043 -0.54333104
    outer loop
      vertex 0.314143687 1.52340519 1.09410536
      vertex 0.295475662 1.53611565 1.1011039
      vertex 0.28798306 1.54933262 1.09517372
    endloop
  endfacet
  facet normal -0.60205896 -0.585086265 -0.543322254
    outer loop
      vertex 0.28798306 1.54933262 1.09517372
      vertex 0.315347791 1.5415349 1.07324779
      vertex 0.314143687 1.52340519 1.09410536
    endloop
  endfacet
  facet normal -0.602059425 -0.585086517 -0.543321467
    outer loop
      vertex 0.284201503 1.57627404 1.07035184
      vertex 0.295405179 1.57678163 1.05739033
      vertex 0.30537647 1.55915833 1.06531906
    endloop
  endfacet
  facet normal -0.60205888 -0.585085271 -0.543323413
    outer loop
      vertex 0.28798306 1.54933262 1.09517372
      vertex 0.284201503 1.57627404 1.07035184
      vertex 0.30537647 1.55915833 1.06531906
    endloop
  endfacet
  facet normal -0.602055973 -0.585086555 -0.543325251
    outer loop
      vertex 0.284201503 1.57627404 1.07035184
      vertex 0.28798306 1.54933262 1.09517372
      vertex 0.280490428 1.56254947 1.08924353
    endloop
  endfacet
  facet normal -0.602057161 -0.585085696 -0.54332486
    outer loop
      vertex 0.284201503 1.57627404 1.07035184
      vertex 0.280490428 1.56254947 1.08924353
      vertex 0.272997826 1.57576632 1.08331335
    endloop
  endfacet
  facet normal -0.602059488 -0.585084539 -0.543323527
    outer loop
      vertex 0.315347791 1.5415349 1.07324779
      vertex 0.28798306 1.54933262 1.09517372
      vertex 0.30537647 1.55915833 1.06531906
    endloop
  endfacet
  facet normal -0.654914345 -0.0325114303 0.755003449
    outer loop
      vertex 0.287745088 1.57926822 1.09625649
      vertex 0.297616273 1.57153296 1.10448599
      vertex 0.312006682 1.60469651 1.11839676
    endloop
  endfacet
  facet normal -0.654914345 -0.0325114303 0.755003449
    outer loop
      vertex 0.287745088 1.57926822 1.09625649
      vertex 0.312006682 1.60469651 1.11839676
      vertex 0.302135497 1.61243176 1.11016726
    endloop
  endfacet
  facet normal -0.654913846 -0.0325123995 0.75500384
    outer loop
      vertex 0.297616273 1.57153296 1.10448599
      vertex 0.307487488 1.56379759 1.11271548
      vertex 0.321877867 1.59696114 1.12662625
    endloop
  endfacet
  facet normal -0.654914515 -0.0325112971 0.755003307
    outer loop
      vertex 0.297616273 1.57153296 1.10448599
      vertex 0.321877867 1.59696114 1.12662625
      vertex 0.312006682 1.60469651 1.11839676
    endloop
  endfacet
  facet normal -0.654914687 -0.032512989 0.755003085
    outer loop
      vertex 0.321877867 1.59696114 1.12662625
      vertex 0.326991916 1.57826269 1.13025713
      vertex 0.351015538 1.63362658 1.15348017
    endloop
  endfacet
  facet normal -0.654914843 -0.0325127725 0.755002959
    outer loop
      vertex 0.351015538 1.63362658 1.15348017
      vertex 0.336030304 1.66006041 1.1416198
      vertex 0.321877867 1.59696114 1.12662625
    endloop
  endfacet
  facet normal -0.654913671 -0.0325125363 0.755003986
    outer loop
      vertex 0.307487488 1.56379759 1.11271548
      vertex 0.326991916 1.57826269 1.13025713
      vertex 0.321877867 1.59696114 1.12662625
    endloop
  endfacet
  facet normal -0.654915951 -0.0325132491 0.755001977
    outer loop
      vertex 0.307487488 1.56379759 1.11271548
      vertex 0.295475662 1.53611565 1.1011039
      vertex 0.302968264 1.52289879 1.10703409
    endloop
  endfacet
  facet normal -0.654916121 -0.0325131158 0.755001836
    outer loop
      vertex 0.295475662 1.53611565 1.1011039
      vertex 0.307487488 1.56379759 1.11271548
      vertex 0.28798306 1.54933262 1.09517372
    endloop
  endfacet
  facet normal -0.654915134 -0.0325153678 0.755002595
    outer loop
      vertex 0.307487488 1.56379759 1.11271548
      vertex 0.297616273 1.57153296 1.10448599
      vertex 0.28798306 1.54933262 1.09517372
    endloop
  endfacet
  facet normal -0.654913069 -0.0325139109 0.755004449
    outer loop
      vertex 0.307487488 1.56379759 1.11271548
      vertex 0.302968264 1.52289879 1.10703409
      vertex 0.326991916 1.57826269 1.13025713
    endloop
  endfacet
  facet normal -0.654915106 -0.0325126603 0.755002735
    outer loop
      vertex 0.312006682 1.60469651 1.11839676
      vertex 0.321877867 1.59696114 1.12662625
      vertex 0.336030304 1.66006041 1.1416198
    endloop
  endfacet
  facet normal -0.654914936 -0.0325127935 0.755002877
    outer loop
      vertex 0.302135497 1.61243176 1.11016726
      vertex 0.312006682 1.60469651 1.11839676
      vertex 0.336030304 1.66006041 1.1416198
    endloop
  endfacet
  facet normal -0.654914687 -0.032512989 0.755003085
    outer loop
      vertex 0.302135497 1.61243176 1.11016726
      vertex 0.321045071 1.68649411 1.12975943
      vertex 0.297021449 1.63113022 1.10653639
    endloop
  endfacet
  facet normal -0.654914838 -0.0325129167 0.755002957
    outer loop
      vertex 0.302135497 1.61243176 1.11016726
      vertex 0.336030304 1.66006041 1.1416198
      vertex 0.321045071 1.68649411 1.12975943
    endloop
  endfacet
  facet normal -0.654913201 -0.0325123267 0.755004403
    outer loop
      vertex 0.287745088 1.57926822 1.09625649
      vertex 0.302135497 1.61243176 1.11016726
      vertex 0.297021449 1.63113022 1.10653639
    endloop
  endfacet
  facet normal -0.654917393 -0.0325108686 0.755000829
    outer loop
      vertex 0.287745088 1.57926822 1.09625649
      vertex 0.297021449 1.63113022 1.10653639
      vertex 0.272997826 1.57576632 1.08331335
    endloop
  endfacet
  facet normal -0.654915935 -0.0325147397 0.755001927
    outer loop
      vertex 0.28798306 1.54933262 1.09517372
      vertex 0.297616273 1.57153296 1.10448599
      vertex 0.280490428 1.56254947 1.08924353
    endloop
  endfacet
  facet normal -0.65491587 -0.0325149452 0.755001975
    outer loop
      vertex 0.287745088 1.57926822 1.09625649
      vertex 0.280490428 1.56254947 1.08924353
      vertex 0.297616273 1.57153296 1.10448599
    endloop
  endfacet
  facet normal -0.654916879 -0.0325141542 0.755001133
    outer loop
      vertex 0.280490428 1.56254947 1.08924353
      vertex 0.287745088 1.57926822 1.09625649
      vertex 0.272997826 1.57576632 1.08331335
    endloop
  endfacet
endsolid b5
