solid beam
  facet normal -0.6058471371784349 -0.7414871802356133 -0.28835049491709525
    outer loop
      vertex -0.24779020249843597 -0.8322070240974426 0.877595067024231
      vertex -0.2875690162181854 -0.8040395975112915 0.8887415528297424
      vertex -0.2621791660785675 -0.8133195638656616 0.8592587113380432
    endloop
  endfacet
  facet normal -0.6058467838808298 -0.7414876439863517 -0.28835004469710873
    outer loop
      vertex -0.31295886635780334 -0.7947596311569214 0.9182243943214417
      vertex -0.2875690162181854 -0.8040395975112915 0.8887415528297424
      vertex -0.25879108905792236 -0.8418144583702087 0.9254142642021179
    endloop
  endfacet
  facet normal -0.6058465780302739 -0.7414875213075527 -0.2883507926713379
    outer loop
      vertex -0.31295886635780334 -0.7947596311569214 0.9182243943214417
      vertex -0.25879108905792236 -0.8418144583702087 0.9254142642021179
      vertex -0.2841809093952179 -0.8325345516204834 0.9548971056938171
    endloop
  endfacet
  facet normal -0.6058464305824539 -0.7414881077372678 -0.28834959447640257
    outer loop
      vertex -0.25879108905792236 -0.8418144583702087 0.9254142642021179
      vertex -0.24779020249843597 -0.8322070240974426 0.877595067024231
      vertex -0.23340123891830444 -0.8510944247245789 0.8959314227104187
    endloop
  endfacet
  facet normal -0.6058471345469468 -0.741487515818169 -0.28834963750116693
    outer loop
      vertex -0.24779020249843597 -0.8322070240974426 0.877595067024231
      vertex -0.25879108905792236 -0.8418144583702087 0.9254142642021179
      vertex -0.2875690162181854 -0.8040395975112915 0.8887415528297424
    endloop
  endfacet
  facet normal -0.6723346766577032 0.18391227062344057 0.7170372091305388
    outer loop
      vertex 0.15064486861228943 -0.2910228967666626 1.1223825216293335
      vertex 0.15429992973804474 -0.3242805004119873 1.1343399286270142
      vertex 0.17302769422531128 -0.2992084324359894 1.1454694271087646
    endloop
  endfacet
  facet normal -0.6723360988865252 0.18391389079173814 0.7170354600073091
    outer loop
      vertex 0.15064486861228943 -0.2910228967666626 1.1223825216293335
      vertex 0.12826204299926758 -0.2828373610973358 1.0992954969406128
      vertex 0.10953427851200104 -0.30790945887565613 1.0881659984588623
    endloop
  endfacet
  facet normal -0.6723358654489854 0.18391178407134898 0.7170362192460417
    outer loop
      vertex 0.10953427851200104 -0.30790945887565613 1.0881659984588623
      vertex 0.15429992973804474 -0.3242805004119873 1.1343399286270142
      vertex 0.15064486861228943 -0.2910228967666626 1.1223825216293335
    endloop
  endfacet
  facet normal -0.6723338089304183 0.18391497892815026 0.7170373281043141
    outer loop
      vertex 0.10953427851200104 -0.30790945887565613 1.0881659984588623
      vertex 0.11318933963775635 -0.34116706252098083 1.1001235246658325
      vertex 0.1355721652507782 -0.3493525981903076 1.1232104301452637
    endloop
  endfacet
  facet normal -0.6723354594084583 0.18391305139017125 0.7170362749194584
    outer loop
      vertex 0.10953427851200104 -0.30790945887565613 1.0881659984588623
      vertex 0.1355721652507782 -0.3493525981903076 1.1232104301452637
      vertex 0.15429992973804474 -0.3242805004119873 1.1343399286270142
    endloop
  endfacet
  facet normal -0.6723338089304183 0.18391497892815026 0.7170373281043141
    outer loop
      vertex 0.11318933963775635 -0.34116706252098083 1.1001235246658325
      vertex 0.10953427851200104 -0.30790945887565613 1.0881659984588623
      vertex 0.0908065140247345 -0.33298152685165405 1.0770366191864014
    endloop
  endfacet
  facet normal -0.3048500726944749 -0.9514827107571655 -0.04179813761843441
    outer loop
      vertex 0.15550078451633453 -0.29441404342651367 1.1641616821289062
      vertex 0.15064486861228943 -0.2910228967666626 1.1223825216293335
      vertex 0.17302769422531128 -0.2992084324359894 1.1454694271087646
    endloop
  endfacet
  facet normal -0.3048486891976701 -0.9514831454074205 -0.0417983336996098
    outer loop
      vertex 0.1325046867132187 -0.28606078028678894 1.1417287588119507
      vertex 0.15064486861228943 -0.2910228967666626 1.1223825216293335
      vertex 0.15550078451633453 -0.29441404342651367 1.1641616821289062
    endloop
  endfacet
  facet normal -0.30484944340829045 -0.9514828820576501 -0.04179882779365491
    outer loop
      vertex 0.10950859636068344 -0.2777074873447418 1.1192958354949951
      vertex 0.12826204299926758 -0.2828373610973358 1.0992954969406128
      vertex 0.1325046867132187 -0.28606078028678894 1.1417287588119507
    endloop
  endfacet
  facet normal -0.30484919773469704 -0.9514829594326834 -0.04179885823481443
    outer loop
      vertex 0.15064486861228943 -0.2910228967666626 1.1223825216293335
      vertex 0.1325046867132187 -0.28606078028678894 1.1417287588119507
      vertex 0.12826204299926758 -0.2828373610973358 1.0992954969406128
    endloop
  endfacet
  facet normal 0.3048497876237011 0.9514827791988992 0.04179865875507296
    outer loop
      vertex 0.06917957961559296 -0.3270656168460846 1.1001014709472656
      vertex 0.0921756699681282 -0.3354189097881317 1.1225342750549316
      vertex 0.0908065140247345 -0.33298152685165405 1.0770366191864014
    endloop
  endfacet
  facet normal 0.30484957463177265 0.9514828469991689 0.04179866879678557
    outer loop
      vertex 0.11318933963775635 -0.34116706252098083 1.1001235246658325
      vertex 0.0908065140247345 -0.33298152685165405 1.0770366191864014
      vertex 0.0921756699681282 -0.3354189097881317 1.1225342750549316
    endloop
  endfacet
  facet normal 0.30484961928084164 0.9514828347857124 0.04179862117905657
    outer loop
      vertex 0.11517176777124405 -0.34377220273017883 1.1449671983718872
      vertex 0.1355721652507782 -0.3493525981903076 1.1232104301452637
      vertex 0.11318933963775635 -0.34116706252098083 1.1001235246658325
    endloop
  endfacet
  facet normal 0.3048495336673908 0.9514828619800987 0.04179862654364165
    outer loop
      vertex 0.0921756699681282 -0.3354189097881317 1.1225342750549316
      vertex 0.11517176777124405 -0.34377220273017883 1.1449671983718872
      vertex 0.11318933963775635 -0.34116706252098083 1.1001235246658325
    endloop
  endfacet
  facet normal -0.6347452940162338 0.23199764135001177 0.7370722529930673
    outer loop
      vertex 0.02517647109925747 -0.399169385433197 1.0849024057388306
      vertex -0.009029454551637173 -0.4410335421562195 1.0686222314834595
      vertex -0.0018349712481722236 -0.45047727227211 1.077790379524231
    endloop
  endfacet
  facet normal -0.6347455798227665 0.23199783435279928 0.737071946115894
    outer loop
      vertex 0.02517647109925747 -0.399169385433197 1.0849024057388306
      vertex -0.0018349712481722236 -0.45047727227211 1.077790379524231
      vertex 0.032370954751968384 -0.40861308574676514 1.094070553779602
    endloop
  endfacet
  facet normal -0.6347455916368145 0.23199784986029054 0.7370719310608921
    outer loop
      vertex 0.032370954751968384 -0.40861308574676514 1.094070553779602
      vertex -0.0018349712481722236 -0.45047727227211 1.077790379524231
      vertex 0.005359511822462082 -0.4599209725856781 1.0869585275650024
    endloop
  endfacet
  facet normal -0.6347453310761444 0.23199767390581846 0.7370722108310185
    outer loop
      vertex 0.032370954751968384 -0.40861308574676514 1.094070553779602
      vertex 0.005359511822462082 -0.4599209725856781 1.0869585275650024
      vertex 0.03956543654203415 -0.41805681586265564 1.1032387018203735
    endloop
  endfacet
  facet normal -0.6347455707839701 0.23199962642387323 0.7370713898322979
    outer loop
      vertex 0.005359511822462082 -0.4599209725856781 1.0869585275650024
      vertex -0.02696281298995018 -0.49947983026504517 1.0715749263763428
      vertex -0.02165193110704422 -0.5112288594245911 1.0798466205596924
    endloop
  endfacet
  facet normal -0.6347454951742886 0.23199952717627978 0.737071486184298
    outer loop
      vertex -0.03227369859814644 -0.48773080110549927 1.0633032321929932
      vertex -0.02696281298995018 -0.49947983026504517 1.0715749263763428
      vertex 0.005359511822462082 -0.4599209725856781 1.0869585275650024
    endloop
  endfacet
  facet normal -0.634745117827 0.23199849567616193 0.7370721358176456
    outer loop
      vertex -0.02165193110704422 -0.5112288594245911 1.0798466205596924
      vertex 0.046759918332099915 -0.42750051617622375 1.112406849861145
      vertex 0.03956543654203415 -0.41805681586265564 1.1032387018203735
    endloop
  endfacet
  facet normal -0.6347481406132409 0.2320013618044423 0.7370686305283367
    outer loop
      vertex -0.02165193110704422 -0.5112288594245911 1.0798466205596924
      vertex 0.03956543654203415 -0.41805681586265564 1.1032387018203735
      vertex 0.005359511822462082 -0.4599209725856781 1.0869585275650024
    endloop
  endfacet
  facet normal -0.6347451122761831 0.23199843654339225 0.7370721592102888
    outer loop
      vertex -0.0018349712481722236 -0.45047727227211 1.077790379524231
      vertex -0.03227369859814644 -0.48773080110549927 1.0633032321929932
      vertex 0.005359511822462082 -0.4599209725856781 1.0869585275650024
    endloop
  endfacet
  facet normal -0.6347458406491057 0.2319993926290222 0.7370712310207372
    outer loop
      vertex -0.0375845804810524 -0.47598177194595337 1.0550315380096436
      vertex -0.03227369859814644 -0.48773080110549927 1.0633032321929932
      vertex -0.0018349712481722236 -0.45047727227211 1.077790379524231
    endloop
  endfacet
  facet normal -0.6347463675832354 0.23199926546548444 0.7370708172647753
    outer loop
      vertex 0.013142055831849575 -0.3956491947174072 1.0734306573867798
      vertex -0.04289546236395836 -0.46423274278640747 1.046759843826294
      vertex -0.009029454551637173 -0.4410335421562195 1.0686222314834595
    endloop
  endfacet
  facet normal -0.6347466690645199 0.2319994462847945 0.737070500722316
    outer loop
      vertex 0.013142055831849575 -0.3956491947174072 1.0734306573867798
      vertex -0.009029454551637173 -0.4410335421562195 1.0686222314834595
      vertex 0.02517647109925747 -0.399169385433197 1.0849024057388306
    endloop
  endfacet
  facet normal -0.6347462871685053 0.23199900579132607 0.7370709682504348
    outer loop
      vertex -0.0375845804810524 -0.47598177194595337 1.0550315380096436
      vertex -0.009029454551637173 -0.4410335421562195 1.0686222314834595
      vertex -0.04289546236395836 -0.46423274278640747 1.046759843826294
    endloop
  endfacet
  facet normal -0.6347452700474776 0.23199767068499352 0.7370722644009148
    outer loop
      vertex -0.0375845804810524 -0.47598177194595337 1.0550315380096436
      vertex -0.0018349712481722236 -0.45047727227211 1.077790379524231
      vertex -0.009029454551637173 -0.4410335421562195 1.0686222314834595
    endloop
  endfacet
  facet normal -0.6347455521577327 0.23199796410465062 0.737071929100052
    outer loop
      vertex 0.11517176777124405 -0.34377220273017883 1.1449671983718872
      vertex 0.03956543654203415 -0.41805681586265564 1.1032387018203735
      vertex 0.046759918332099915 -0.42750051617622375 1.112406849861145
    endloop
  endfacet
  facet normal -0.6347464084676502 0.23199952606610133 0.7370707000298705
    outer loop
      vertex 0.03956543654203415 -0.41805681586265564 1.1032387018203735
      vertex 0.11517176777124405 -0.34377220273017883 1.1449671983718872
      vertex 0.0921756699681282 -0.3354189097881317 1.1225342750549316
    endloop
  endfacet
  facet normal -0.634744918483054 0.2319981788717149 0.7370724072030841
    outer loop
      vertex 0.032370954751968384 -0.40861308574676514 1.094070553779602
      vertex 0.03956543654203415 -0.41805681586265564 1.1032387018203735
      vertex 0.0921756699681282 -0.3354189097881317 1.1225342750549316
    endloop
  endfacet
  facet normal -0.6347466328162694 0.23199955767544359 0.7370704968772027
    outer loop
      vertex 0.013142055831849575 -0.3956491947174072 1.0734306573867798
      vertex 0.02517647109925747 -0.399169385433197 1.0849024057388306
      vertex 0.06917957961559296 -0.3270656168460846 1.1001014709472656
    endloop
  endfacet
  facet normal -0.6347451017603724 0.231998419447029 0.7370721736473946
    outer loop
      vertex 0.0921756699681282 -0.3354189097881317 1.1225342750549316
      vertex 0.02517647109925747 -0.399169385433197 1.0849024057388306
      vertex 0.032370954751968384 -0.40861308574676514 1.094070553779602
    endloop
  endfacet
  facet normal -0.6347449516105009 0.2319981318885184 0.7370723934629626
    outer loop
      vertex 0.02517647109925747 -0.399169385433197 1.0849024057388306
      vertex 0.0921756699681282 -0.3354189097881317 1.1225342750549316
      vertex 0.06917957961559296 -0.3270656168460846 1.1001014709472656
    endloop
  endfacet
  facet normal 0.47963266372527624 -0.6295813141419132 0.6112118100717112
    outer loop
      vertex -0.06064087897539139 -0.5993011593818665 1.0197229385375977
      vertex -0.0691041648387909 -0.596207857131958 1.029550552368164
      vertex -0.16817925870418549 -0.7174645066261292 0.9823962450027466
    endloop
  endfacet
  facet normal 0.4796329596328708 -0.629581222373507 0.6112116723922193
    outer loop
      vertex -0.15125270187854767 -0.7236511707305908 0.9627410173416138
      vertex -0.05217760056257248 -0.6023944616317749 1.0098953247070312
      vertex -0.06064087897539139 -0.5993011593818665 1.0197229385375977
    endloop
  endfacet
  facet normal 0.47963199689083225 -0.6295809809744203 0.6112126765323173
    outer loop
      vertex -0.16817925870418549 -0.7174645066261292 0.9823962450027466
      vertex -0.15125270187854767 -0.7236511707305908 0.9627410173416138
      vertex -0.06064087897539139 -0.5993011593818665 1.0197229385375977
    endloop
  endfacet
  facet normal 0.47963551998607956 -0.6295808605562428 0.6112100359033249
    outer loop
      vertex 0.029970936477184296 -0.4749511778354645 1.0767048597335815
      vertex 0.005202162079513073 -0.5052653551101685 1.0649163722991943
      vertex 0.009433802217245102 -0.5068119764328003 1.0600025653839111
    endloop
  endfacet
  facet normal 0.4796335046335237 -0.6295805553529954 0.6112119317833854
    outer loop
      vertex 0.029970936477184296 -0.4749511778354645 1.0767048597335815
      vertex 0.009433802217245102 -0.5068119764328003 1.0600025653839111
      vertex 0.03420257568359375 -0.4764978289604187 1.0717910528182983
    endloop
  endfacet
  facet normal 0.47963163311865054 -0.6295798713102577 0.6112141050015908
    outer loop
      vertex 0.03420257568359375 -0.4764978289604187 1.0717910528182983
      vertex 0.009433802217245102 -0.5068119764328003 1.0600025653839111
      vertex 0.013665443286299706 -0.5083586573600769 1.055088758468628
    endloop
  endfacet
  facet normal 0.4796335993217715 -0.6295801690745548 0.611212255366086
    outer loop
      vertex 0.03420257568359375 -0.4764978289604187 1.0717910528182983
      vertex 0.013665443286299706 -0.5083586573600769 1.055088758468628
      vertex 0.0384342186152935 -0.4780444800853729 1.0668772459030151
    endloop
  endfacet
  facet normal 0.479635492101204 -0.6295808608854786 0.6112100574463214
    outer loop
      vertex 0.017276015132665634 -0.4703111946582794 1.0914462804794312
      vertex -0.007492760196328163 -0.5006253719329834 1.079657793045044
      vertex -0.003261119592934847 -0.5021719932556152 1.0747439861297607
    endloop
  endfacet
  facet normal 0.479633501323734 -0.6295805594038145 0.6112119302081034
    outer loop
      vertex 0.017276015132665634 -0.4703111946582794 1.0914462804794312
      vertex -0.003261119592934847 -0.5021719932556152 1.0747439861297607
      vertex 0.02150765433907509 -0.47185784578323364 1.086532473564148
    endloop
  endfacet
  facet normal 0.47963164309959394 -0.6295798802188622 0.611214087993059
    outer loop
      vertex 0.02150765433907509 -0.47185784578323364 1.086532473564148
      vertex -0.003261119592934847 -0.5021719932556152 1.0747439861297607
      vertex 0.0009705211850814521 -0.5037186741828918 1.0698301792144775
    endloop
  endfacet
  facet normal 0.479633692243466 -0.629580190543722 0.6112121603337343
    outer loop
      vertex 0.02150765433907509 -0.47185784578323364 1.086532473564148
      vertex 0.0009705211850814521 -0.5037186741828918 1.0698301792144775
      vertex 0.025739295408129692 -0.47340449690818787 1.0816186666488647
    endloop
  endfacet
  facet normal 0.47963191376462905 -0.6295795405062045 0.6112142255171062
    outer loop
      vertex 0.025739295408129692 -0.47340449690818787 1.0816186666488647
      vertex 0.0009705211850814521 -0.5037186741828918 1.0698301792144775
      vertex 0.005202162079513073 -0.5052653551101685 1.0649163722991943
    endloop
  endfacet
  facet normal 0.4796319045490147 -0.6295795391105717 0.611214234186349
    outer loop
      vertex 0.025739295408129692 -0.47340449690818787 1.0816186666488647
      vertex 0.005202162079513073 -0.5052653551101685 1.0649163722991943
      vertex 0.029970936477184296 -0.4749511778354645 1.0767048597335815
    endloop
  endfacet
  facet normal 0.4796323805491579 -0.6295816607178104 0.6112116752946982
    outer loop
      vertex 0.03420257568359375 -0.4764978289604187 1.0717910528182983
      vertex 0.0384342186152935 -0.4780444800853729 1.0668772459030151
      vertex 0.0879717692732811 -0.41741615533828735 1.0904544591903687
    endloop
  endfacet
  facet normal 0.4796327029350983 -0.6295815365428439 0.6112115502176996
    outer loop
      vertex 0.07950848340988159 -0.4143228232860565 1.100282073020935
      vertex 0.029970936477184296 -0.4749511778354645 1.0767048597335815
      vertex 0.03420257568359375 -0.4764978289604187 1.0717910528182983
    endloop
  endfacet
  facet normal 0.4796315568313234 -0.6295812491680974 0.6112127456029522
    outer loop
      vertex 0.0879717692732811 -0.41741615533828735 1.0904544591903687
      vertex 0.07950848340988159 -0.4143228232860565 1.100282073020935
      vertex 0.03420257568359375 -0.4764978289604187 1.0717910528182983
    endloop
  endfacet
  facet normal 0.4796315723795546 -0.6295813653331035 0.6112126137458398
    outer loop
      vertex 0.0879717692732811 -0.41741615533828735 1.0904544591903687
      vertex 0.0384342186152935 -0.4780444800853729 1.0668772459030151
      vertex 0.04689750075340271 -0.48113781213760376 1.0570496320724487
    endloop
  endfacet
  facet normal 0.47963167067949763 -0.6295813802195624 0.6112125212739221
    outer loop
      vertex 0.0879717692732811 -0.41741615533828735 1.0904544591903687
      vertex 0.04689750075340271 -0.48113781213760376 1.0570496320724487
      vertex 0.0964350476861 -0.4205094873905182 1.0806268453598022
    endloop
  endfacet
  facet normal 0.47963167067949763 -0.6295813802195624 0.6112125212739221
    outer loop
      vertex 0.1375093162059784 -0.3567878305912018 1.1140316724777222
      vertex 0.0879717692732811 -0.41741615533828735 1.0904544591903687
      vertex 0.0964350476861 -0.4205094873905182 1.0806268453598022
    endloop
  endfacet
  facet normal 0.4796327029350983 -0.6295815365428439 0.6112115502176996
    outer loop
      vertex 0.1375093162059784 -0.3567878305912018 1.1140316724777222
      vertex 0.0964350476861 -0.4205094873905182 1.0806268453598022
      vertex 0.1459725946187973 -0.35988113284111023 1.1042040586471558
    endloop
  endfacet
  facet normal 0.4796308314134419 -0.629580852504209 0.611213723437002
    outer loop
      vertex 0.025739295408129692 -0.47340449690818787 1.0816186666488647
      vertex 0.029970936477184296 -0.4749511778354645 1.0767048597335815
      vertex 0.07950848340988159 -0.4143228232860565 1.100282073020935
    endloop
  endfacet
  facet normal 0.47963246561005923 -0.629581691807392 0.6112115765213855
    outer loop
      vertex 0.07104520499706268 -0.41122952103614807 1.1101096868515015
      vertex 0.02150765433907509 -0.47185784578323364 1.086532473564148
      vertex 0.025739295408129692 -0.47340449690818787 1.0816186666488647
    endloop
  endfacet
  facet normal 0.47963255729054893 -0.6295817147953705 0.6112114808985911
    outer loop
      vertex 0.07950848340988159 -0.4143228232860565 1.100282073020935
      vertex 0.07104520499706268 -0.41122952103614807 1.1101096868515015
      vertex 0.025739295408129692 -0.47340449690818787 1.0816186666488647
    endloop
  endfacet
  facet normal 0.47963214377307717 -0.6295815110504023 0.6112120152640446
    outer loop
      vertex 0.1870468705892563 -0.2961594760417938 1.1376087665557861
      vertex 0.23658441007137299 -0.23553115129470825 1.1611859798431396
      vertex 0.22812113165855408 -0.2324378341436386 1.171013593673706
    endloop
  endfacet
  facet normal 0.47963321633065087 -0.6295809082039424 0.611211794566674
    outer loop
      vertex 0.1870468705892563 -0.2961594760417938 1.1376087665557861
      vertex 0.1375093162059784 -0.3567878305912018 1.1140316724777222
      vertex 0.1459725946187973 -0.35988113284111023 1.1042040586471558
    endloop
  endfacet
  facet normal 0.47963218407708846 -0.62958075187982 0.6112127656224816
    outer loop
      vertex 0.1870468705892563 -0.2961594760417938 1.1376087665557861
      vertex 0.1459725946187973 -0.35988113284111023 1.1042040586471558
      vertex 0.1955101490020752 -0.29925280809402466 1.1277811527252197
    endloop
  endfacet
  facet normal 0.4796316971577634 -0.6295813478132247 0.6112125338761034
    outer loop
      vertex 0.23658441007137299 -0.23553115129470825 1.1611859798431396
      vertex 0.1870468705892563 -0.2961594760417938 1.1376087665557861
      vertex 0.1955101490020752 -0.29925280809402466 1.1277811527252197
    endloop
  endfacet
  facet normal 0.47963130395813874 -0.6295812882673817 0.6112129037634919
    outer loop
      vertex 0.23658441007137299 -0.23553115129470825 1.1611859798431396
      vertex 0.1955101490020752 -0.29925280809402466 1.1277811527252197
      vertex 0.2450477033853531 -0.2386244833469391 1.1513583660125732
    endloop
  endfacet
  facet normal 0.4796333114750488 -0.6295816342779018 0.6112109720083935
    outer loop
      vertex -0.15125270187854767 -0.7236511707305908 0.9627410173416138
      vertex -0.23340123891830444 -0.8510944247245789 0.8959314227104187
      vertex -0.1590949147939682 -0.7601519227027893 0.9312971830368042
    endloop
  endfacet
  facet normal 0.47963326546921015 -0.6295816455190266 0.6112109965313917
    outer loop
      vertex -0.15125270187854767 -0.7236511707305908 0.9627410173416138
      vertex -0.1590949147939682 -0.7601519227027893 0.9312971830368042
      vertex -0.08478858321905136 -0.6692094206809998 0.9666629433631897
    endloop
  endfacet
  facet normal 0.4796317096575982 -0.6295813325148704 0.6112125398253291
    outer loop
      vertex -0.15125270187854767 -0.7236511707305908 0.9627410173416138
      vertex -0.16817925870418549 -0.7174645066261292 0.9823962450027466
      vertex -0.25879108905792236 -0.8418144583702087 0.9254142642021179
    endloop
  endfacet
  facet normal 0.47963187964181125 -0.6295814174433183 0.6112123189541628
    outer loop
      vertex -0.23340123891830444 -0.8510944247245789 0.8959314227104187
      vertex -0.15125270187854767 -0.7236511707305908 0.9627410173416138
      vertex -0.25879108905792236 -0.8418144583702087 0.9254142642021179
    endloop
  endfacet
  facet normal 0.47963328259286875 -0.6295808271063139 0.611211826103945
    outer loop
      vertex -0.03264685347676277 -0.5649536848068237 1.0331350564956665
      vertex -0.06064087897539139 -0.5993011593818665 1.0197229385375977
      vertex -0.05217760056257248 -0.6023944616317749 1.0098953247070312
    endloop
  endfacet
  facet normal 0.47963283204144086 -0.6295811757390277 0.6112118205523928
    outer loop
      vertex -0.05217760056257248 -0.6023944616317749 1.0098953247070312
      vertex -0.15125270187854767 -0.7236511707305908 0.9627410173416138
      vertex -0.08478858321905136 -0.6692094206809998 0.9666629433631897
    endloop
  endfacet
  facet normal 0.4796313282006108 -0.6295811934917332 0.6112129823637933
    outer loop
      vertex -0.05217760056257248 -0.6023944616317749 1.0098953247070312
      vertex -0.08478858321905136 -0.6692094206809998 0.9666629433631897
      vertex -0.010482261888682842 -0.578266978263855 1.0020287036895752
    endloop
  endfacet
  facet normal 0.4796345644728798 -0.6295820299028686 0.6112095812291348
    outer loop
      vertex 0.04689750075340271 -0.48113781213760376 1.0570496320724487
      vertex -0.014763947576284409 -0.5419777631759644 1.0427684783935547
      vertex -0.05217760056257248 -0.6023944616317749 1.0098953247070312
    endloop
  endfacet
  facet normal 0.4796351272753975 -0.6295824057574869 0.6112087524276206
    outer loop
      vertex 0.04689750075340271 -0.48113781213760376 1.0570496320724487
      vertex 0.013665443286299706 -0.5083586573600769 1.055088758468628
      vertex -0.014763947576284409 -0.5419777631759644 1.0427684783935547
    endloop
  endfacet
  facet normal 0.4796230533023335 -0.6295806114064794 0.6112200753263839
    outer loop
      vertex -0.03264685347676277 -0.5649536848068237 1.0331350564956665
      vertex -0.05217760056257248 -0.6023944616317749 1.0098953247070312
      vertex -0.014763947576284409 -0.5419777631759644 1.0427684783935547
    endloop
  endfacet
  facet normal 0.4796342790659887 -0.6295823793118744 0.6112094452843871
    outer loop
      vertex 0.009433802217245102 -0.5068119764328003 1.0600025653839111
      vertex 0.005202162079513073 -0.5052653551101685 1.0649163722991943
      vertex 0.0031189583241939545 -0.5190017819404602 1.0524017810821533
    endloop
  endfacet
  facet normal 0.47962965008758107 -0.6295822983058132 0.6112131611940587
    outer loop
      vertex 0.013665443286299706 -0.5083586573600769 1.055088758468628
      vertex 0.009433802217245102 -0.5068119764328003 1.0600025653839111
      vertex 0.0031189583241939545 -0.5190017819404602 1.0524017810821533
    endloop
  endfacet
  facet normal 0.47962022609186183 -0.6295763687781785 0.6112266638487512
    outer loop
      vertex -0.014763947576284409 -0.5419777631759644 1.0427684783935547
      vertex 0.013665443286299706 -0.5083586573600769 1.055088758468628
      vertex 0.0031189583241939545 -0.5190017819404602 1.0524017810821533
    endloop
  endfacet
  facet normal 0.47963311217212856 -0.6295807652925786 0.6112120235087733
    outer loop
      vertex -0.0691041648387909 -0.596207857131958 1.029550552368164
      vertex -0.06064087897539139 -0.5993011593818665 1.0197229385375977
      vertex -0.03264685347676277 -0.5649536848068237 1.0331350564956665
    endloop
  endfacet
  facet normal 0.4796311960573465 -0.629580798752001 0.6112134926614365
    outer loop
      vertex 0.04689750075340271 -0.48113781213760376 1.0570496320724487
      vertex -0.05217760056257248 -0.6023944616317749 1.0098953247070312
      vertex -0.010482261888682842 -0.578266978263855 1.0020287036895752
    endloop
  endfacet
  facet normal 0.47963251572981375 -0.6295809206229233 0.6112123315528591
    outer loop
      vertex 0.04689750075340271 -0.48113781213760376 1.0570496320724487
      vertex -0.010482261888682842 -0.578266978263855 1.0020287036895752
      vertex 0.06382406502962112 -0.48732444643974304 1.037394404411316
    endloop
  endfacet
  facet normal 0.4796309963735135 -0.6295833331955734 0.6112110387420224
    outer loop
      vertex 0.0031189583241939545 -0.5190017819404602 1.0524017810821533
      vertex 0.005202162079513073 -0.5052653551101685 1.0649163722991943
      vertex -0.009266486391425133 -0.5151153206825256 1.0661242008209229
    endloop
  endfacet
  facet normal 0.4796321047189613 -0.629581150268313 0.6112124175355794
    outer loop
      vertex -0.16817925870418549 -0.7174645066261292 0.9823962450027466
      vertex -0.22784434258937836 -0.7635849714279175 0.9817102551460266
      vertex -0.2841809093952179 -0.8325345516204834 0.9548971056938171
    endloop
  endfacet
  facet normal 0.47963279464103103 -0.6295816045646327 0.6112114081875901
    outer loop
      vertex -0.25879108905792236 -0.8418144583702087 0.9254142642021179
      vertex -0.16817925870418549 -0.7174645066261292 0.9823962450027466
      vertex -0.2841809093952179 -0.8325345516204834 0.9548971056938171
    endloop
  endfacet
  facet normal 0.47963188876120216 -0.6295810308931914 0.6112127099650564
    outer loop
      vertex -0.16817925870418549 -0.7174645066261292 0.9823962450027466
      vertex -0.0691041648387909 -0.596207857131958 1.029550552368164
      vertex -0.1151711642742157 -0.6256858110427856 1.0353364944458008
    endloop
  endfacet
  facet normal 0.47963149016407153 -0.6295809996593493 0.6112130549251436
    outer loop
      vertex -0.16817925870418549 -0.7174645066261292 0.9823962450027466
      vertex -0.1151711642742157 -0.6256858110427856 1.0353364944458008
      vertex -0.17150774598121643 -0.6946353912353516 1.0085233449935913
    endloop
  endfacet
  facet normal 0.4796318492068582 -0.6295808276428323 0.6112129503626177
    outer loop
      vertex -0.16817925870418549 -0.7174645066261292 0.9823962450027466
      vertex -0.17150774598121643 -0.6946353912353516 1.0085233449935913
      vertex -0.22784434258937836 -0.7635849714279175 0.9817102551460266
    endloop
  endfacet
  facet normal 0.4796318564964366 -0.6295807634622829 0.6112130107515961
    outer loop
      vertex -0.1151711642742157 -0.6256858110427856 1.0353364944458008
      vertex -0.04574071615934372 -0.5608449578285217 1.0476423501968384
      vertex -0.05883457884192467 -0.556736171245575 1.0621496438980103
    endloop
  endfacet
  facet normal 0.47963171309280206 -0.6295806528822574 0.6112132371865113
    outer loop
      vertex -0.04574071615934372 -0.5608449578285217 1.0476423501968384
      vertex -0.1151711642742157 -0.6256858110427856 1.0353364944458008
      vertex -0.0691041648387909 -0.596207857131958 1.029550552368164
    endloop
  endfacet
  facet normal 0.47963326991384453 -0.6295809171575689 0.6112117432958789
    outer loop
      vertex -0.04574071615934372 -0.5608449578285217 1.0476423501968384
      vertex -0.0691041648387909 -0.596207857131958 1.029550552368164
      vertex -0.03264685347676277 -0.5649536848068237 1.0331350564956665
    endloop
  endfacet
  facet normal 0.4796301109130427 -0.6295817469854973 0.6112133674652672
    outer loop
      vertex 0.0009705211850814521 -0.5037186741828918 1.0698301792144775
      vertex -0.009266486391425133 -0.5151153206825256 1.0661242008209229
      vertex 0.005202162079513073 -0.5052653551101685 1.0649163722991943
    endloop
  endfacet
  facet normal 0.47963490213153886 -0.6295815829469419 0.6112097766489767
    outer loop
      vertex -0.009266486391425133 -0.5151153206825256 1.0661242008209229
      vertex -0.003261119592934847 -0.5021719932556152 1.0747439861297607
      vertex -0.007492760196328163 -0.5006253719329834 1.079657793045044
    endloop
  endfacet
  facet normal 0.47963154578424755 -0.6295826273154533 0.611211334704441
    outer loop
      vertex -0.02165193110704422 -0.5112288594245911 1.0798466205596924
      vertex -0.009266486391425133 -0.5151153206825256 1.0661242008209229
      vertex -0.007492760196328163 -0.5006253719329834 1.079657793045044
    endloop
  endfacet
  facet normal 0.4796301158670812 -0.6295817493719478 0.6112133611195752
    outer loop
      vertex -0.003261119592934847 -0.5021719932556152 1.0747439861297607
      vertex -0.009266486391425133 -0.5151153206825256 1.0661242008209229
      vertex 0.0009705211850814521 -0.5037186741828918 1.0698301792144775
    endloop
  endfacet
  facet normal 0.47962836563528205 -0.6295782561410023 0.6112183327359241
    outer loop
      vertex 0.017276015132665634 -0.4703111946582794 1.0914462804794312
      vertex -0.02165193110704422 -0.5112288594245911 1.0798466205596924
      vertex -0.007492760196328163 -0.5006253719329834 1.079657793045044
    endloop
  endfacet
  facet normal 0.4796320322339382 -0.629581512367177 0.6112121014350099
    outer loop
      vertex 0.0964350476861 -0.4205094873905182 1.0806268453598022
      vertex 0.04689750075340271 -0.48113781213760376 1.0570496320724487
      vertex 0.06382406502962112 -0.48732444643974304 1.037394404411316
    endloop
  endfacet
  facet normal 0.4796322646270868 -0.6295815096236466 0.6112119218967365
    outer loop
      vertex 0.0964350476861 -0.4205094873905182 1.0806268453598022
      vertex 0.06382406502962112 -0.48732444643974304 1.037394404411316
      vertex 0.13813038170337677 -0.3963819444179535 1.0727602243423462
    endloop
  endfacet
  facet normal 0.4796322137894225 -0.6295813577611419 0.6112121182168222
    outer loop
      vertex 0.1459725946187973 -0.35988113284111023 1.1042040586471558
      vertex 0.0964350476861 -0.4205094873905182 1.0806268453598022
      vertex 0.13813038170337677 -0.3963819444179535 1.0727602243423462
    endloop
  endfacet
  facet normal 0.47962963255305713 -0.6295806352845987 0.6112148879499423
    outer loop
      vertex 0.1355721652507782 -0.3493525981903076 1.1232104301452637
      vertex 0.0879717692732811 -0.41741615533828735 1.0904544591903687
      vertex 0.1375093162059784 -0.3567878305912018 1.1140316724777222
    endloop
  endfacet
  facet normal 0.47963251472700064 -0.6295810570449071 0.611212191817924
    outer loop
      vertex 0.13813038170337677 -0.3963819444179535 1.0727602243423462
      vertex 0.212436705827713 -0.30543944239616394 1.108125925064087
      vertex 0.1955101490020752 -0.29925280809402466 1.1277811527252197
    endloop
  endfacet
  facet normal 0.47963318949001954 -0.6295811193581249 0.6112115981289962
    outer loop
      vertex 0.13813038170337677 -0.3963819444179535 1.0727602243423462
      vertex 0.1955101490020752 -0.29925280809402466 1.1277811527252197
      vertex 0.1459725946187973 -0.35988113284111023 1.1042040586471558
    endloop
  endfacet
  facet normal 0.47963279115609325 -0.6295798736887512 0.6112131938152771
    outer loop
      vertex 0.013665443286299706 -0.5083586573600769 1.055088758468628
      vertex 0.04689750075340271 -0.48113781213760376 1.0570496320724487
      vertex 0.0384342186152935 -0.4780444800853729 1.0668772459030151
    endloop
  endfacet
  facet normal 0.47963201645712883 -0.6295815767409896 0.6112120475069172
    outer loop
      vertex 0.212436705827713 -0.30543944239616394 1.108125925064087
      vertex 0.28674304485321045 -0.21449695527553558 1.1434917449951172
      vertex 0.2450477033853531 -0.2386244833469391 1.1513583660125732
    endloop
  endfacet
  facet normal 0.4796320908165443 -0.62958157586315 0.6112119900596051
    outer loop
      vertex 0.212436705827713 -0.30543944239616394 1.108125925064087
      vertex 0.2450477033853531 -0.2386244833469391 1.1513583660125732
      vertex 0.1955101490020752 -0.29925280809402466 1.1277811527252197
    endloop
  endfacet
  facet normal 0.47963172736063014 -0.6295807131504723 0.6112131639109231
    outer loop
      vertex 0.2450477033853531 -0.2386244833469391 1.1513583660125732
      vertex 0.28674304485321045 -0.21449695527553558 1.1434917449951172
      vertex 0.3610493540763855 -0.12355445325374603 1.178857445716858
    endloop
  endfacet
  facet normal 0.4796330843332362 -0.6295816066839416 0.611211178675794
    outer loop
      vertex 0.3610493540763855 -0.12355445325374603 1.178857445716858
      vertex 0.33401522040367126 -0.11628691107034683 1.2075577974319458
      vertex 0.2450477033853531 -0.2386244833469391 1.1513583660125732
    endloop
  endfacet
  facet normal 0.47963138869320804 -0.6295811845613515 0.6112129440927686
    outer loop
      vertex 0.33401522040367126 -0.11628691107034683 1.2075577974319458
      vertex 0.23658441007137299 -0.23553115129470825 1.1611859798431396
      vertex 0.2450477033853531 -0.2386244833469391 1.1513583660125732
    endloop
  endfacet
  facet normal 0.4796325308759517 -0.6295806576704575 0.6112125905221222
    outer loop
      vertex 0.15429992973804474 -0.3242805004119873 1.1343399286270142
      vertex 0.1375093162059784 -0.3567878305912018 1.1140316724777222
      vertex 0.1870468705892563 -0.2961594760417938 1.1376087665557861
    endloop
  endfacet
  facet normal 0.4796316958237872 -0.629581079057252 0.6112128117556963
    outer loop
      vertex 0.1355721652507782 -0.3493525981903076 1.1232104301452637
      vertex 0.07950848340988159 -0.4143228232860565 1.100282073020935
      vertex 0.0879717692732811 -0.41741615533828735 1.0904544591903687
    endloop
  endfacet
  facet normal 0.4796327178543989 -0.6295815182832961 0.611211557318497
    outer loop
      vertex 0.1355721652507782 -0.3493525981903076 1.1232104301452637
      vertex 0.07104520499706268 -0.41122952103614807 1.1101096868515015
      vertex 0.07950848340988159 -0.4143228232860565 1.100282073020935
    endloop
  endfacet
  facet normal 0.47963387144087605 -0.6295813623670388 0.6112108126716187
    outer loop
      vertex -0.02165193110704422 -0.5112288594245911 1.0798466205596924
      vertex 0.017276015132665634 -0.4703111946582794 1.0914462804794312
      vertex 0.046759918332099915 -0.42750051617622375 1.112406849861145
    endloop
  endfacet
  facet normal 0.4796304381288952 -0.6295806674178464 0.6112142227026326
    outer loop
      vertex 0.07104520499706268 -0.41122952103614807 1.1101096868515015
      vertex 0.046759918332099915 -0.42750051617622375 1.112406849861145
      vertex 0.017276015132665634 -0.4703111946582794 1.0914462804794312
    endloop
  endfacet
  facet normal 0.47963058469426784 -0.6295809424008438 0.6112138244440323
    outer loop
      vertex 0.046759918332099915 -0.42750051617622375 1.112406849861145
      vertex 0.07104520499706268 -0.41122952103614807 1.1101096868515015
      vertex 0.11517176777124405 -0.34377220273017883 1.1449671983718872
    endloop
  endfacet
  facet normal 0.47963230575565563 -0.6295812216865396 0.6112121862129367
    outer loop
      vertex 0.1355721652507782 -0.3493525981903076 1.1232104301452637
      vertex 0.11517176777124405 -0.34377220273017883 1.1449671983718872
      vertex 0.07104520499706268 -0.41122952103614807 1.1101096868515015
    endloop
  endfacet
  facet normal 0.4796325506709822 -0.6295817228969732 0.6112114777480268
    outer loop
      vertex 0.07104520499706268 -0.41122952103614807 1.1101096868515015
      vertex 0.017276015132665634 -0.4703111946582794 1.0914462804794312
      vertex 0.02150765433907509 -0.47185784578323364 1.086532473564148
    endloop
  endfacet
  facet normal 0.4796343542231191 -0.6295824053743834 0.6112093594603875
    outer loop
      vertex 0.17302769422531128 -0.2992084324359894 1.1454694271087646
      vertex 0.15429992973804474 -0.3242805004119873 1.1343399286270142
      vertex 0.1870468705892563 -0.2961594760417938 1.1376087665557861
    endloop
  endfacet
  facet normal 0.4796344890424706 -0.6295818662115501 0.6112098090333221
    outer loop
      vertex 0.1870468705892563 -0.2961594760417938 1.1376087665557861
      vertex 0.22812113165855408 -0.2324378341436386 1.171013593673706
      vertex 0.17302769422531128 -0.2992084324359894 1.1454694271087646
    endloop
  endfacet
  facet normal 0.47963217555158805 -0.6295814721571298 0.6112120303888918
    outer loop
      vertex 0.22812113165855408 -0.2324378341436386 1.171013593673706
      vertex 0.23658441007137299 -0.23553115129470825 1.1611859798431396
      vertex 0.33401522040367126 -0.11628691107034683 1.2075577974319458
    endloop
  endfacet
  facet normal 0.47962967556112485 -0.6295806120109078 0.6112148781738718
    outer loop
      vertex 0.15429992973804474 -0.3242805004119873 1.1343399286270142
      vertex 0.1355721652507782 -0.3493525981903076 1.1232104301452637
      vertex 0.1375093162059784 -0.3567878305912018 1.1140316724777222
    endloop
  endfacet
  facet normal 0.47963308703733515 -0.6295813383166726 0.6112114529869541
    outer loop
      vertex 0.20599421858787537 -0.23261582851409912 1.1881937980651855
      vertex 0.17302769422531128 -0.2992084324359894 1.1454694271087646
      vertex 0.22812113165855408 -0.2324378341436386 1.171013593673706
    endloop
  endfacet
  facet normal 0.47963236031313367 -0.6295813419984179 0.6112120194727222
    outer loop
      vertex 0.17302769422531128 -0.2992084324359894 1.1454694271087646
      vertex 0.20599421858787537 -0.23261582851409912 1.1881937980651855
      vertex 0.15550078451633453 -0.29441404342651367 1.1641616821289062
    endloop
  endfacet
  facet normal 0.47963339461657145 -0.6295815290687726 0.6112110151363523
    outer loop
      vertex 0.22812113165855408 -0.2324378341436386 1.171013593673706
      vertex 0.30698108673095703 -0.10901936888694763 1.2362580299377441
      vertex 0.2564876675605774 -0.17081759870052338 1.2122259140014648
    endloop
  endfacet
  facet normal 0.4796329855067675 -0.6295815446901462 0.6112113200844979
    outer loop
      vertex 0.2564876675605774 -0.17081759870052338 1.2122259140014648
      vertex 0.20599421858787537 -0.23261582851409912 1.1881937980651855
      vertex 0.22812113165855408 -0.2324378341436386 1.171013593673706
    endloop
  endfacet
  facet normal 0.4796318394362623 -0.6295813033994004 0.6112124679756619
    outer loop
      vertex 0.22812113165855408 -0.2324378341436386 1.171013593673706
      vertex 0.33401522040367126 -0.11628691107034683 1.2075577974319458
      vertex 0.30698108673095703 -0.10901936888694763 1.2362580299377441
    endloop
  endfacet
  facet normal -0.479632690564783 0.6295808418392618 -0.6112122755070889
    outer loop
      vertex 0.13974566757678986 -0.2810550034046173 1.0921200513839722
      vertex 0.1872250735759735 -0.22294558584690094 1.1147176027297974
      vertex 0.19568835198879242 -0.22603890299797058 1.104889988899231
    endloop
  endfacet
  facet normal -0.479633064653592 0.6295810938398381 -0.6112117223764906
    outer loop
      vertex 0.13974566757678986 -0.2810550034046173 1.0921200513839722
      vertex 0.19568835198879242 -0.22603890299797058 1.104889988899231
      vertex 0.14820894598960876 -0.28414830565452576 1.0822924375534058
    endloop
  endfacet
  facet normal -0.47963247375109486 0.6295818170382229 -0.611211441138216
    outer loop
      vertex 0.0922662541270256 -0.3391644060611725 1.0695223808288574
      vertex 0.13974566757678986 -0.2810550034046173 1.0921200513839722
      vertex 0.14820894598960876 -0.28414830565452576 1.0822924375534058
    endloop
  endfacet
  facet normal -0.47963233125528926 0.6295817210479654 -0.6112116518333879
    outer loop
      vertex 0.0922662541270256 -0.3391644060611725 1.0695223808288574
      vertex 0.14820894598960876 -0.28414830565452576 1.0822924375534058
      vertex 0.10072953999042511 -0.34225770831108093 1.059694766998291
    endloop
  endfacet
  facet normal -0.47963243412818 0.6295817641363 -0.611211526723197
    outer loop
      vertex -0.006924200337380171 -0.4538365304470062 1.0292409658432007
      vertex -0.011155840940773487 -0.452289879322052 1.0341547727584839
      vertex 0.03632356598973274 -0.3941804766654968 1.0567524433135986
    endloop
  endfacet
  facet normal -0.47963063444395054 0.6295811104708711 -0.6112136122839201
    outer loop
      vertex 0.04478684812784195 -0.39727380871772766 1.0469248294830322
      vertex -0.002692559501156211 -0.45538321137428284 1.0243271589279175
      vertex -0.006924200337380171 -0.4538365304470062 1.0292409658432007
    endloop
  endfacet
  facet normal -0.4796314453796714 0.6295815207662839 -0.6112125533009124
    outer loop
      vertex 0.03632356598973274 -0.3941804766654968 1.0567524433135986
      vertex 0.04478684812784195 -0.39727380871772766 1.0469248294830322
      vertex -0.006924200337380171 -0.4538365304470062 1.0292409658432007
    endloop
  endfacet
  facet normal -0.4796328945317255 0.6295810316604374 -0.6112119199234405
    outer loop
      vertex 0.04478684812784195 -0.39727380871772766 1.0469248294830322
      vertex 0.0922662541270256 -0.3391644060611725 1.0695223808288574
      vertex 0.10072953999042511 -0.34225770831108093 1.059694766998291
    endloop
  endfacet
  facet normal -0.47963296577961884 0.6295810796557534 -0.6112118145757188
    outer loop
      vertex 0.04478684812784195 -0.39727380871772766 1.0469248294830322
      vertex 0.10072953999042511 -0.34225770831108093 1.059694766998291
      vertex 0.05325013026595116 -0.4003671109676361 1.0370972156524658
    endloop
  endfacet
  facet normal -0.47963241027300785 0.6295817595337071 -0.6112115501838512
    outer loop
      vertex -0.002692559501156211 -0.45538321137428284 1.0243271589279175
      vertex 0.04478684812784195 -0.39727380871772766 1.0469248294830322
      vertex 0.05325013026595116 -0.4003671109676361 1.0370972156524658
    endloop
  endfacet
  facet normal -0.4796324236319903 0.6295817685327937 -0.6112115304311779
    outer loop
      vertex -0.002692559501156211 -0.45538321137428284 1.0243271589279175
      vertex 0.05325013026595116 -0.4003671109676361 1.0370972156524658
      vertex 0.005770721938461065 -0.4584765136241913 1.014499545097351
    endloop
  endfacet
  facet normal -0.47963066547840144 0.6295811231860806 -0.6112135748332975
    outer loop
      vertex -0.01538748200982809 -0.4507432281970978 1.039068579673767
      vertex -0.01961912214756012 -0.44919654726982117 1.0439823865890503
      vertex 0.027860285714268684 -0.391087144613266 1.066580057144165
    endloop
  endfacet
  facet normal -0.47963241286294855 0.6295817563639117 -0.6112115514165273
    outer loop
      vertex 0.03632356598973274 -0.3941804766654968 1.0567524433135986
      vertex -0.011155840940773487 -0.452289879322052 1.0341547727584839
      vertex -0.01538748200982809 -0.4507432281970978 1.039068579673767
    endloop
  endfacet
  facet normal -0.4796316312351117 0.6295813608978126 -0.6112125721292093
    outer loop
      vertex 0.027860285714268684 -0.391087144613266 1.066580057144165
      vertex 0.03632356598973274 -0.3941804766654968 1.0567524433135986
      vertex -0.01538748200982809 -0.4507432281970978 1.039068579673767
    endloop
  endfacet
  facet normal -0.4796308126209946 0.6295807403099498 -0.6112138537494877
    outer loop
      vertex -0.09765137732028961 -0.5716019868850708 0.9791319966316223
      vertex -0.0891880914568901 -0.574695348739624 0.9693043828010559
      vertex -0.184146910905838 -0.6909141540527344 0.924109160900116
    endloop
  endfacet
  facet normal -0.4796327830153551 0.6295814385335977 -0.6112115883316602
    outer loop
      vertex -0.20107346773147583 -0.6847274899482727 0.9437643885612488
      vertex -0.10611465573310852 -0.5685086846351624 0.9889596104621887
      vertex -0.09765137732028961 -0.5716019868850708 0.9791319966316223
    endloop
  endfacet
  facet normal -0.4796319623111761 0.6295810232959578 -0.6112126600743355
    outer loop
      vertex -0.184146910905838 -0.6909141540527344 0.924109160900116
      vertex -0.20107346773147583 -0.6847274899482727 0.9437643885612488
      vertex -0.09765137732028961 -0.5716019868850708 0.9791319966316223
    endloop
  endfacet
  facet normal -0.4796325222004354 0.6295815216891439 -0.6112117073447062
    outer loop
      vertex 0.19568835198879242 -0.22603890299797058 1.104889988899231
      vertex 0.30757373571395874 -0.1160067468881607 1.130429983139038
      vertex 0.23635461926460266 -0.20317085087299347 1.0965335369110107
    endloop
  endfacet
  facet normal -0.4796325512712514 0.6295810123188679 -0.6112122092109908
    outer loop
      vertex 0.23635461926460266 -0.20317085087299347 1.0965335369110107
      vertex 0.16513550281524658 -0.29033493995666504 1.062637209892273
      vertex 0.14820894598960876 -0.28414830565452576 1.0822924375534058
    endloop
  endfacet
  facet normal -0.4796323096709921 0.629580817894077 -0.6112125990680286
    outer loop
      vertex 0.23635461926460266 -0.20317085087299347 1.0965335369110107
      vertex 0.14820894598960876 -0.28414830565452576 1.0822924375534058
      vertex 0.19568835198879242 -0.22603890299797058 1.104889988899231
    endloop
  endfacet
  facet normal -0.47963195911294787 0.6295811423722484 -0.6112125399292216
    outer loop
      vertex 0.2805396020412445 -0.1087392047047615 1.1591302156448364
      vertex 0.30757373571395874 -0.1160067468881607 1.130429983139038
      vertex 0.19568835198879242 -0.22603890299797058 1.104889988899231
    endloop
  endfacet
  facet normal -0.47963205476167925 0.6295816199901816 -0.6112119728994418
    outer loop
      vertex 0.10072953999042511 -0.34225770831108093 1.059694766998291
      vertex 0.14820894598960876 -0.28414830565452576 1.0822924375534058
      vertex 0.16513550281524658 -0.29033493995666504 1.062637209892273
    endloop
  endfacet
  facet normal -0.4796316644076742 0.6295811788947908 -0.6112127335707017
    outer loop
      vertex 0.10072953999042511 -0.34225770831108093 1.059694766998291
      vertex 0.16513550281524658 -0.29033493995666504 1.062637209892273
      vertex 0.0939163938164711 -0.3774990439414978 1.0287407636642456
    endloop
  endfacet
  facet normal -0.4796323641859404 0.6295812412901319 -0.6112121201685894
    outer loop
      vertex 0.1872250735759735 -0.22294558584690094 1.1147176027297974
      vertex 0.2805396020412445 -0.1087392047047615 1.1591302156448364
      vertex 0.19568835198879242 -0.22603890299797058 1.104889988899231
    endloop
  endfacet
  facet normal -0.4796325829608443 0.6295809397357097 -0.6112122591079221
    outer loop
      vertex 0.0939163938164711 -0.3774990439414978 1.0287407636642456
      vertex 0.05325013026595116 -0.4003671109676361 1.0370972156524658
      vertex 0.10072953999042511 -0.34225770831108093 1.059694766998291
    endloop
  endfacet
  facet normal -0.47963217340884234 0.6295813649341103 -0.6112121425158475
    outer loop
      vertex 0.0939163938164711 -0.3774990439414978 1.0287407636642456
      vertex 0.022697284817695618 -0.46466314792633057 0.9948443174362183
      vertex 0.005770721938461065 -0.4584765136241913 1.014499545097351
    endloop
  endfacet
  facet normal -0.4796328840556268 0.629581936816352 -0.6112109957838231
    outer loop
      vertex 0.0939163938164711 -0.3774990439414978 1.0287407636642456
      vertex 0.005770721938461065 -0.4584765136241913 1.014499545097351
      vertex 0.05325013026595116 -0.4003671109676361 1.0370972156524658
    endloop
  endfacet
  facet normal -0.47962938679477746 0.629580688758149 -0.6112150257198202
    outer loop
      vertex 0.10953427851200104 -0.30790945887565613 1.0881659984588623
      vertex 0.13974566757678986 -0.2810550034046173 1.0921200513839722
      vertex 0.0922662541270256 -0.3391644060611725 1.0695223808288574
    endloop
  endfacet
  facet normal -0.4796331283879888 0.6295814301922409 -0.6112113259011516
    outer loop
      vertex 0.022697284817695618 -0.46466314792633057 0.9948443174362183
      vertex -0.04852182790637016 -0.5518272519111633 0.9609479308128357
      vertex -0.0891880914568901 -0.574695348739624 0.9693043828010559
    endloop
  endfacet
  facet normal -0.4796324780435186 0.6295809920957101 -0.6112122875054257
    outer loop
      vertex 0.022697284817695618 -0.46466314792633057 0.9948443174362183
      vertex -0.0891880914568901 -0.574695348739624 0.9693043828010559
      vertex 0.005770721938461065 -0.4584765136241913 1.014499545097351
    endloop
  endfacet
  facet normal -0.47962939848484143 0.6295796385795506 -0.6112160982787607
    outer loop
      vertex 0.12826204299926758 -0.2828373610973358 1.0992954969406128
      vertex 0.1872250735759735 -0.22294558584690094 1.1147176027297974
      vertex 0.13974566757678986 -0.2810550034046173 1.0921200513839722
    endloop
  endfacet
  facet normal -0.47963243562146046 0.6295805012208231 -0.6112128264216671
    outer loop
      vertex 0.20550651848316193 -0.16021694242954254 1.1649856567382812
      vertex 0.2535054683685303 -0.1014716625213623 1.1878304481506348
      vertex 0.2805396020412445 -0.1087392047047615 1.1591302156448364
    endloop
  endfacet
  facet normal -0.4796324416761168 0.6295815205023411 -0.6112117717565383
    outer loop
      vertex 0.1872250735759735 -0.22294558584690094 1.1147176027297974
      vertex 0.12826204299926758 -0.2828373610973358 1.0992954969406128
      vertex 0.15750755369663239 -0.21896220743656158 1.1421407461166382
    endloop
  endfacet
  facet normal -0.47963298816725314 0.6295814693543866 -0.6112113955967469
    outer loop
      vertex 0.20550651848316193 -0.16021694242954254 1.1649856567382812
      vertex 0.2805396020412445 -0.1087392047047615 1.1591302156448364
      vertex 0.1872250735759735 -0.22294558584690094 1.1147176027297974
    endloop
  endfacet
  facet normal -0.47963240618268416 0.6295815769261891 -0.6112117414894299
    outer loop
      vertex 0.15750755369663239 -0.21896220743656158 1.1421407461166382
      vertex 0.20550651848316193 -0.16021694242954254 1.1649856567382812
      vertex 0.1872250735759735 -0.22294558584690094 1.1147176027297974
    endloop
  endfacet
  facet normal -0.47963265856482595 0.6295815117146114 -0.611211610610582
    outer loop
      vertex 0.12826204299926758 -0.2828373610973358 1.0992954969406128
      vertex 0.10950859636068344 -0.2777074873447418 1.1192958354949951
      vertex 0.15750755369663239 -0.21896220743656158 1.1421407461166382
    endloop
  endfacet
  facet normal -0.4796291285137324 0.6295804623681772 -0.6112154615889799
    outer loop
      vertex 0.13974566757678986 -0.2810550034046173 1.0921200513839722
      vertex 0.10953427851200104 -0.30790945887565613 1.0881659984588623
      vertex 0.12826204299926758 -0.2828373610973358 1.0992954969406128
    endloop
  endfacet
  facet normal -0.47963678263403703 0.6295810754020461 -0.6112088237583558
    outer loop
      vertex 0.10953427851200104 -0.30790945887565613 1.0881659984588623
      vertex 0.0922662541270256 -0.3391644060611725 1.0695223808288574
      vertex 0.0908065140247345 -0.33298152685165405 1.0770366191864014
    endloop
  endfacet
  facet normal -0.4796318039281482 0.6295810819442467 -0.6112127239501336
    outer loop
      vertex 0.03632356598973274 -0.3941804766654968 1.0567524433135986
      vertex 0.0908065140247345 -0.33298152685165405 1.0770366191864014
      vertex 0.04478684812784195 -0.39727380871772766 1.0469248294830322
    endloop
  endfacet
  facet normal -0.4796321304322874 0.6295813284682285 -0.611212213802347
    outer loop
      vertex 0.06917957961559296 -0.3270656168460846 1.1001014709472656
      vertex 0.0908065140247345 -0.33298152685165405 1.0770366191864014
      vertex 0.027860285714268684 -0.391087144613266 1.066580057144165
    endloop
  endfacet
  facet normal -0.4796318438399179 0.6295811006939986 -0.6112126733172781
    outer loop
      vertex 0.03632356598973274 -0.3941804766654968 1.0567524433135986
      vertex 0.027860285714268684 -0.391087144613266 1.066580057144165
      vertex 0.0908065140247345 -0.33298152685165405 1.0770366191864014
    endloop
  endfacet
  facet normal -0.47963291926201373 0.6295814486471265 -0.6112114709980372
    outer loop
      vertex 0.06917957961559296 -0.3270656168460846 1.1001014709472656
      vertex 0.027860285714268684 -0.391087144613266 1.066580057144165
      vertex 0.013142055831849575 -0.3956491947174072 1.0734306573867798
    endloop
  endfacet
  facet normal -0.47963437305487844 0.6295824782955178 -0.6112092695693738
    outer loop
      vertex 0.027860285714268684 -0.391087144613266 1.066580057144165
      vertex -0.01961912214756012 -0.44919654726982117 1.0439823865890503
      vertex -0.04289546236395836 -0.46423274278640747 1.046759843826294
    endloop
  endfacet
  facet normal -0.4796328993793953 0.6295816088119642 -0.6112113216217888
    outer loop
      vertex 0.027860285714268684 -0.391087144613266 1.066580057144165
      vertex -0.04289546236395836 -0.46423274278640747 1.046759843826294
      vertex 0.013142055831849575 -0.3956491947174072 1.0734306573867798
    endloop
  endfacet
  facet normal -0.47963524173487027 0.6295818895583531 -0.6112091943238961
    outer loop
      vertex 0.0908065140247345 -0.33298152685165405 1.0770366191864014
      vertex 0.0922662541270256 -0.3391644060611725 1.0695223808288574
      vertex 0.04478684812784195 -0.39727380871772766 1.0469248294830322
    endloop
  endfacet
  facet normal -0.47963263710302484 0.6295815072682601 -0.6112116320321659
    outer loop
      vertex 0.005770721938461065 -0.4584765136241913 1.014499545097351
      vertex -0.03629457950592041 -0.49489152431488037 1.0099997520446777
      vertex -0.002692559501156211 -0.45538321137428284 1.0243271589279175
    endloop
  endfacet
  facet normal -0.4796329635263288 0.6295811695391413 -0.6112117237591884
    outer loop
      vertex 0.005770721938461065 -0.4584765136241913 1.014499545097351
      vertex -0.0891880914568901 -0.574695348739624 0.9693043828010559
      vertex -0.05417748540639877 -0.5178675055503845 1.000366449356079
    endloop
  endfacet
  facet normal -0.4796306465972951 0.6295796387531838 -0.6112151186874154
    outer loop
      vertex -0.03629457950592041 -0.49489152431488037 1.0099997520446777
      vertex 0.005770721938461065 -0.4584765136241913 1.014499545097351
      vertex -0.05417748540639877 -0.5178675055503845 1.000366449356079
    endloop
  endfacet
  facet normal -0.4796325791944785 0.6295815865914851 -0.6112115957671291
    outer loop
      vertex -0.018411671742796898 -0.4719155728816986 1.0196330547332764
      vertex -0.011155840940773487 -0.452289879322052 1.0341547727584839
      vertex -0.006924200337380171 -0.4538365304470062 1.0292409658432007
    endloop
  endfacet
  facet normal -0.47963048669550185 0.6295812912974525 -0.6112135419642372
    outer loop
      vertex -0.002692559501156211 -0.45538321137428284 1.0243271589279175
      vertex -0.018411671742796898 -0.4719155728816986 1.0196330547332764
      vertex -0.006924200337380171 -0.4538365304470062 1.0292409658432007
    endloop
  endfacet
  facet normal -0.47962605630267346 0.6295787958049615 -0.6112195890089904
    outer loop
      vertex -0.002692559501156211 -0.45538321137428284 1.0243271589279175
      vertex -0.03629457950592041 -0.49489152431488037 1.0099997520446777
      vertex -0.018411671742796898 -0.4719155728816986 1.0196330547332764
    endloop
  endfacet
  facet normal -0.4796328931306526 0.6295816279910745 -0.611211306769785
    outer loop
      vertex -0.184146910905838 -0.6909141540527344 0.924109160900116
      vertex -0.11974094063043594 -0.6389913558959961 0.9270515441894531
      vertex -0.19096004962921143 -0.7261554598808289 0.8931550979614258
    endloop
  endfacet
  facet normal -0.47963332317355195 0.6295815160221734 -0.6112110846382918
    outer loop
      vertex -0.184146910905838 -0.6909141540527344 0.924109160900116
      vertex -0.19096004962921143 -0.7261554598808289 0.8931550979614258
      vertex -0.2621791660785675 -0.8133195638656616 0.8592587113380432
    endloop
  endfacet
  facet normal -0.47963068484374854 0.6295808966943078 -0.6112137929349336
    outer loop
      vertex -0.05417748540639877 -0.5178675055503845 1.000366449356079
      vertex -0.0891880914568901 -0.574695348739624 0.9693043828010559
      vertex -0.09765137732028961 -0.5716019868850708 0.9791319966316223
    endloop
  endfacet
  facet normal -0.4796319589958653 0.6295813203230093 -0.6112123567223793
    outer loop
      vertex -0.2621791660785675 -0.8133195638656616 0.8592587113380432
      vertex -0.2875690162181854 -0.8040395975112915 0.8887415528297424
      vertex -0.184146910905838 -0.6909141540527344 0.924109160900116
    endloop
  endfacet
  facet normal -0.47963318152030987 0.6295816061406075 -0.6112111029702572
    outer loop
      vertex -0.184146910905838 -0.6909141540527344 0.924109160900116
      vertex -0.0891880914568901 -0.574695348739624 0.9693043828010559
      vertex -0.04852182790637016 -0.5518272519111633 0.9609479308128357
    endloop
  endfacet
  facet normal -0.47963252192280037 0.6295812085300734 -0.6112120301333953
    outer loop
      vertex -0.184146910905838 -0.6909141540527344 0.924109160900116
      vertex -0.04852182790637016 -0.5518272519111633 0.9609479308128357
      vertex -0.11974094063043594 -0.6389913558959961 0.9270515441894531
    endloop
  endfacet
  facet normal -0.4796326549274982 0.6295815952987478 -0.6112115273686215
    outer loop
      vertex -0.09765137732028961 -0.5716019868850708 0.9791319966316223
      vertex -0.10611465573310852 -0.5685086846351624 0.9889596104621887
      vertex -0.05417748540639877 -0.5178675055503845 1.000366449356079
    endloop
  endfacet
  facet normal -0.47963178963353964 0.629581234633542 -0.6112125778894223
    outer loop
      vertex -0.184146910905838 -0.6909141540527344 0.924109160900116
      vertex -0.2875690162181854 -0.8040395975112915 0.8887415528297424
      vertex -0.20107346773147583 -0.6847274899482727 0.9437643885612488
    endloop
  endfacet
  facet normal -0.4796325187762568 0.6295816267379478 -0.6112116018257041
    outer loop
      vertex -0.030653567984700203 -0.46807414293289185 1.0331964492797852
      vertex -0.01538748200982809 -0.4507432281970978 1.039068579673767
      vertex -0.011155840940773487 -0.452289879322052 1.0341547727584839
    endloop
  endfacet
  facet normal -0.4796324921770772 0.6295815970075286 -0.6112116533226896
    outer loop
      vertex -0.030653567984700203 -0.46807414293289185 1.0331964492797852
      vertex -0.011155840940773487 -0.452289879322052 1.0341547727584839
      vertex -0.018411671742796898 -0.4719155728816986 1.0196330547332764
    endloop
  endfacet
  facet normal -0.4796308686730045 0.6295808744998849 -0.6112136715420715
    outer loop
      vertex -0.01538748200982809 -0.4507432281970978 1.039068579673767
      vertex -0.030653567984700203 -0.46807414293289185 1.0331964492797852
      vertex -0.01961912214756012 -0.44919654726982117 1.0439823865890503
    endloop
  endfacet
  facet normal -0.47963372299923596 0.6295811191662166 -0.6112111796681295
    outer loop
      vertex -0.04289546236395836 -0.46423274278640747 1.046759843826294
      vertex -0.01961912214756012 -0.44919654726982117 1.0439823865890503
      vertex -0.030653567984700203 -0.46807414293289185 1.0331964492797852
    endloop
  endfacet
  facet normal -0.47963024368172646 0.6295802660254485 -0.6112147887421682
    outer loop
      vertex -0.13829830288887024 -0.5809949636459351 1.0013532638549805
      vertex -0.0800781100988388 -0.5097400546073914 1.0290628671646118
      vertex -0.06712780147790909 -0.5138037800788879 1.0147147178649902
    endloop
  endfacet
  facet normal -0.47963139693072393 0.6295811305335817 -0.6112129932800345
    outer loop
      vertex -0.10611465573310852 -0.5685086846351624 0.9889596104621887
      vertex -0.13829830288887024 -0.5809949636459351 1.0013532638549805
      vertex -0.06712780147790909 -0.5138037800788879 1.0147147178649902
    endloop
  endfacet
  facet normal -0.47963214889767225 0.6295812067644857 -0.6112123246734928
    outer loop
      vertex -0.10611465573310852 -0.5685086846351624 0.9889596104621887
      vertex -0.20107346773147583 -0.6847274899482727 0.9437643885612488
      vertex -0.19651848077774048 -0.6522498726844788 0.9736436605453491
    endloop
  endfacet
  facet normal -0.47963140035828145 0.6295806171760292 -0.6112135193748613
    outer loop
      vertex -0.10611465573310852 -0.5685086846351624 0.9889596104621887
      vertex -0.19651848077774048 -0.6522498726844788 0.9736436605453491
      vertex -0.13829830288887024 -0.5809949636459351 1.0013532638549805
    endloop
  endfacet
  facet normal -0.47963220916884947 0.6295814320501263 -0.6112120453210336
    outer loop
      vertex -0.20107346773147583 -0.6847274899482727 0.9437643885612488
      vertex -0.31295886635780334 -0.7947596311569214 0.9182243943214417
      vertex -0.2547386586666107 -0.7235047817230225 0.945933997631073
    endloop
  endfacet
  facet normal -0.47963207503987537 0.6295812288231546 -0.61121235990977
    outer loop
      vertex -0.2547386586666107 -0.7235047817230225 0.945933997631073
      vertex -0.19651848077774048 -0.6522498726844788 0.9736436605453491
      vertex -0.20107346773147583 -0.6847274899482727 0.9437643885612488
    endloop
  endfacet
  facet normal -0.4796319889290174 0.6295812836882404 -0.611212370968931
    outer loop
      vertex -0.31295886635780334 -0.7947596311569214 0.9182243943214417
      vertex -0.20107346773147583 -0.6847274899482727 0.9437643885612488
      vertex -0.2875690162181854 -0.8040395975112915 0.8887415528297424
    endloop
  endfacet
  facet normal -0.479632274894663 0.6295813334642849 -0.6112120952931995
    outer loop
      vertex -0.06712780147790909 -0.5138037800788879 1.0147147178649902
      vertex -0.05417748540639877 -0.5178675055503845 1.000366449356079
      vertex -0.10611465573310852 -0.5685086846351624 0.9889596104621887
    endloop
  endfacet
  facet normal 0.6347453835251298 -0.23199855406346528 -0.7370718886282376
    outer loop
      vertex -0.1487150937318802 -0.7109503746032715 0.9247494339942932
      vertex -0.14152061939239502 -0.7203940749168396 0.9339175820350647
      vertex -0.1910581737756729 -0.7810223698616028 0.910340428352356
    endloop
  endfacet
  facet normal 0.6347471138216276 -0.2319999996173513 -0.7370699435417665
    outer loop
      vertex -0.1487150937318802 -0.7109503746032715 0.9247494339942932
      vertex -0.1910581737756729 -0.7810223698616028 0.910340428352356
      vertex -0.19825264811515808 -0.7715786695480347 0.9011722207069397
    endloop
  endfacet
  facet normal 0.6347463692205059 -0.2319990222266021 -0.737070892416249
    outer loop
      vertex -0.15590958297252655 -0.7015066146850586 0.915581226348877
      vertex -0.1487150937318802 -0.7109503746032715 0.9247494339942932
      vertex -0.19825264811515808 -0.7715786695480347 0.9011722207069397
    endloop
  endfacet
  facet normal 0.6347451835460497 -0.23199803167198907 -0.7370722252706409
    outer loop
      vertex -0.15590958297252655 -0.7015066146850586 0.915581226348877
      vertex -0.19825264811515808 -0.7715786695480347 0.9011722207069397
      vertex -0.20544713735580444 -0.7621349692344666 0.8920040726661682
    endloop
  endfacet
  facet normal 0.6347454429953848 -0.2319974337465556 -0.7370721900408436
    outer loop
      vertex 0.2899283468723297 -0.15585163235664368 1.12777578830719
      vertex 0.2971228361129761 -0.16529534757137299 1.1369439363479614
      vertex 0.24758529663085938 -0.22592368721961975 1.113366723060608
    endloop
  endfacet
  facet normal 0.6347453068397958 -0.2319973199973131 -0.7370723430972824
    outer loop
      vertex 0.2899283468723297 -0.15585163235664368 1.12777578830719
      vertex 0.24758529663085938 -0.22592368721961975 1.113366723060608
      vertex 0.240390807390213 -0.21647995710372925 1.1041985750198364
    endloop
  endfacet
  facet normal 0.6347447919496778 -0.23199823055210309 -0.7370724999031325
    outer loop
      vertex 0.2971228361129761 -0.16529534757137299 1.1369439363479614
      vertex 0.30431732535362244 -0.1747390627861023 1.146112084388733
      vertex 0.25477978587150574 -0.23536740243434906 1.122534990310669
    endloop
  endfacet
  facet normal 0.6347482525342167 -0.23200112164611486 -0.7370686097370466
    outer loop
      vertex 0.2971228361129761 -0.16529534757137299 1.1369439363479614
      vertex 0.25477978587150574 -0.23536740243434906 1.122534990310669
      vertex 0.24758529663085938 -0.22592368721961975 1.113366723060608
    endloop
  endfacet
  facet normal 0.6347457029462539 -0.23199846559724088 -0.7370716413970841
    outer loop
      vertex -0.1910581737756729 -0.7810223698616028 0.910340428352356
      vertex -0.1590949147939682 -0.7601519227027893 0.9312971830368042
      vertex -0.23340123891830444 -0.8510944247245789 0.8959314227104187
    endloop
  endfacet
  facet normal 0.6347460685772015 -0.23199909657806922 -0.7370711279196509
    outer loop
      vertex -0.08478858321905136 -0.6692094206809998 0.9666629433631897
      vertex -0.1487150937318802 -0.7109503746032715 0.9247494339942932
      vertex -0.010482261888682842 -0.578266978263855 1.0020287036895752
    endloop
  endfacet
  facet normal 0.6347464930266883 -0.23199956193863658 -0.7370706159185842
    outer loop
      vertex -0.08478858321905136 -0.6692094206809998 0.9666629433631897
      vertex -0.1590949147939682 -0.7601519227027893 0.9312971830368042
      vertex -0.14152061939239502 -0.7203940749168396 0.9339175820350647
    endloop
  endfacet
  facet normal 0.6347468907613211 -0.23200027261829118 -0.7370700497061824
    outer loop
      vertex -0.19825264811515808 -0.7715786695480347 0.9011722207069397
      vertex -0.1910581737756729 -0.7810223698616028 0.910340428352356
      vertex -0.24779020249843597 -0.8322070240974426 0.877595067024231
    endloop
  endfacet
  facet normal 0.6347462349578432 -0.23199891005873585 -0.7370710433454845
    outer loop
      vertex -0.23340123891830444 -0.8510944247245789 0.8959314227104187
      vertex -0.24779020249843597 -0.8322070240974426 0.877595067024231
      vertex -0.1910581737756729 -0.7810223698616028 0.910340428352356
    endloop
  endfacet
  facet normal 0.6347457764666883 -0.23199807314774093 -0.7370717016094406
    outer loop
      vertex -0.14152061939239502 -0.7203940749168396 0.9339175820350647
      vertex -0.1487150937318802 -0.7109503746032715 0.9247494339942932
      vertex -0.08478858321905136 -0.6692094206809998 0.9666629433631897
    endloop
  endfacet
  facet normal 0.6347451835460497 -0.23199803167198907 -0.7370722252706409
    outer loop
      vertex -0.19825264811515808 -0.7715786695480347 0.9011722207069397
      vertex -0.24779020249843597 -0.8322070240974426 0.877595067024231
      vertex -0.20544713735580444 -0.7621349692344666 0.8920040726661682
    endloop
  endfacet
  facet normal 0.6347459346947532 -0.23199927754705646 -0.737071186254169
    outer loop
      vertex -0.1590949147939682 -0.7601519227027893 0.9312971830368042
      vertex -0.1910581737756729 -0.7810223698616028 0.910340428352356
      vertex -0.14152061939239502 -0.7203940749168396 0.9339175820350647
    endloop
  endfacet
  facet normal 0.6347459151184083 -0.23199923015316976 -0.7370712180304092
    outer loop
      vertex 0.06382406502962112 -0.48732444643974304 1.037394404411316
      vertex -0.010482261888682842 -0.578266978263855 1.0020287036895752
      vertex -0.04852182790637016 -0.5518272519111633 0.9609479308128357
    endloop
  endfacet
  facet normal 0.634745851232675 -0.23199894867585671 -0.7370713616443145
    outer loop
      vertex 0.06382406502962112 -0.48732444643974304 1.037394404411316
      vertex -0.04852182790637016 -0.5518272519111633 0.9609479308128357
      vertex 0.022697284817695618 -0.46466314792633057 0.9948443174362183
    endloop
  endfacet
  facet normal 0.6347456604382733 -0.23199896026233596 -0.7370715223042981
    outer loop
      vertex 0.13813038170337677 -0.3963819444179535 1.0727602243423462
      vertex 0.24758529663085938 -0.22592368721961975 1.113366723060608
      vertex 0.212436705827713 -0.30543944239616394 1.108125925064087
    endloop
  endfacet
  facet normal 0.6347455255630219 -0.23199784412182253 -0.7370719897679939
    outer loop
      vertex 0.25477978587150574 -0.23536740243434906 1.122534990310669
      vertex 0.28674304485321045 -0.21449695527553558 1.1434917449951172
      vertex 0.212436705827713 -0.30543944239616394 1.108125925064087
    endloop
  endfacet
  facet normal 0.6347487377934347 -0.23200052774129404 -0.7370683787800171
    outer loop
      vertex 0.25477978587150574 -0.23536740243434906 1.122534990310669
      vertex 0.212436705827713 -0.30543944239616394 1.108125925064087
      vertex 0.24758529663085938 -0.22592368721961975 1.113366723060608
    endloop
  endfacet
  facet normal 0.634746799765761 -0.23200033727039152 -0.7370701077194418
    outer loop
      vertex 0.28674304485321045 -0.21449695527553558 1.1434917449951172
      vertex 0.30431732535362244 -0.1747390627861023 1.146112084388733
      vertex 0.3610493540763855 -0.12355445325374603 1.178857445716858
    endloop
  endfacet
  facet normal 0.6347454362139201 -0.23199744204629938 -0.7370721932684574
    outer loop
      vertex 0.2971228361129761 -0.16529534757137299 1.1369439363479614
      vertex 0.3343115448951721 -0.11978060007095337 1.1546437740325928
      vertex 0.30431732535362244 -0.1747390627861023 1.146112084388733
    endloop
  endfacet
  facet normal 0.634745390604927 -0.231997409465341 -0.7370722428006427
    outer loop
      vertex 0.30431732535362244 -0.1747390627861023 1.146112084388733
      vertex 0.3343115448951721 -0.11978060007095337 1.1546437740325928
      vertex 0.3610493540763855 -0.12355445325374603 1.178857445716858
    endloop
  endfacet
  facet normal 0.6347461100915999 -0.23199839031182026 -0.7370713144712029
    outer loop
      vertex 0.13813038170337677 -0.3963819444179535 1.0727602243423462
      vertex 0.06382406502962112 -0.48732444643974304 1.037394404411316
      vertex 0.022697284817695618 -0.46466314792633057 0.9948443174362183
    endloop
  endfacet
  facet normal 0.6347462125487423 -0.23199881771545738 -0.7370710917093797
    outer loop
      vertex 0.13813038170337677 -0.3963819444179535 1.0727602243423462
      vertex 0.022697284817695618 -0.46466314792633057 0.9948443174362183
      vertex 0.0939163938164711 -0.3774990439414978 1.0287407636642456
    endloop
  endfacet
  facet normal 0.6347461414567469 -0.23200000195615345 -0.7370707801820097
    outer loop
      vertex 0.25477978587150574 -0.23536740243434906 1.122534990310669
      vertex 0.30431732535362244 -0.1747390627861023 1.146112084388733
      vertex 0.28674304485321045 -0.21449695527553558 1.1434917449951172
    endloop
  endfacet
  facet normal 0.6347466234578653 -0.23199992174657666 -0.7370703903416697
    outer loop
      vertex -0.19096004962921143 -0.7261554598808289 0.8931550979614258
      vertex -0.15590958297252655 -0.7015066146850586 0.915581226348877
      vertex -0.20544713735580444 -0.7621349692344666 0.8920040726661682
    endloop
  endfacet
  facet normal 0.6347463854223913 -0.2319990023973724 -0.7370708847050149
    outer loop
      vertex -0.11974094063043594 -0.6389913558959961 0.9270515441894531
      vertex -0.1487150937318802 -0.7109503746032715 0.9247494339942932
      vertex -0.15590958297252655 -0.7015066146850586 0.915581226348877
    endloop
  endfacet
  facet normal 0.6347465420397508 -0.2319998863643649 -0.7370704715937958
    outer loop
      vertex -0.19096004962921143 -0.7261554598808289 0.8931550979614258
      vertex -0.20544713735580444 -0.7621349692344666 0.8920040726661682
      vertex -0.2621791660785675 -0.8133195638656616 0.8592587113380432
    endloop
  endfacet
  facet normal 0.6347459626456448 -0.23199868255936196 -0.7370713494606709
    outer loop
      vertex -0.2621791660785675 -0.8133195638656616 0.8592587113380432
      vertex -0.20544713735580444 -0.7621349692344666 0.8920040726661682
      vertex -0.24779020249843597 -0.8322070240974426 0.877595067024231
    endloop
  endfacet
  facet normal 0.6347463058668151 -0.2319989402079223 -0.7370709727908381
    outer loop
      vertex -0.15590958297252655 -0.7015066146850586 0.915581226348877
      vertex -0.19096004962921143 -0.7261554598808289 0.8931550979614258
      vertex -0.11974094063043594 -0.6389913558959961 0.9270515441894531
    endloop
  endfacet
  facet normal 0.6347456480298478 -0.23199868194527482 -0.7370716205924794
    outer loop
      vertex -0.1487150937318802 -0.7109503746032715 0.9247494339942932
      vertex -0.11974094063043594 -0.6389913558959961 0.9270515441894531
      vertex -0.04852182790637016 -0.5518272519111633 0.9609479308128357
    endloop
  endfacet
  facet normal 0.634744980421441 -0.23199771949571796 -0.737072498454915
    outer loop
      vertex 0.16513550281524658 -0.29033493995666504 1.062637209892273
      vertex 0.240390807390213 -0.21647995710372925 1.1041985750198364
      vertex 0.24758529663085938 -0.22592368721961975 1.113366723060608
    endloop
  endfacet
  facet normal 0.6347465670292501 -0.23200020707992164 -0.7370703491251396
    outer loop
      vertex 0.3343115448951721 -0.11978060007095337 1.1546437740325928
      vertex 0.2899283468723297 -0.15585163235664368 1.12777578830719
      vertex 0.30757373571395874 -0.1160067468881607 1.130429983139038
    endloop
  endfacet
  facet normal 0.6347471982338664 -0.23199980270562207 -0.7370699328278214
    outer loop
      vertex 0.2899283468723297 -0.15585163235664368 1.12777578830719
      vertex 0.240390807390213 -0.21647995710372925 1.1041985750198364
      vertex 0.23635461926460266 -0.20317085087299347 1.0965335369110107
    endloop
  endfacet
  facet normal 0.6347453465181767 -0.23199867272763738 -0.7370718831471827
    outer loop
      vertex 0.13813038170337677 -0.3963819444179535 1.0727602243423462
      vertex 0.16513550281524658 -0.29033493995666504 1.062637209892273
      vertex 0.24758529663085938 -0.22592368721961975 1.113366723060608
    endloop
  endfacet
  facet normal 0.6347476425324658 -0.23200075658734806 -0.7370692499639196
    outer loop
      vertex 0.2899283468723297 -0.15585163235664368 1.12777578830719
      vertex 0.23635461926460266 -0.20317085087299347 1.0965335369110107
      vertex 0.30757373571395874 -0.1160067468881607 1.130429983139038
    endloop
  endfacet
  facet normal 0.6347464117357086 -0.23200033483996235 -0.7370704426462832
    outer loop
      vertex 0.240390807390213 -0.21647995710372925 1.1041985750198364
      vertex 0.16513550281524658 -0.29033493995666504 1.062637209892273
      vertex 0.23635461926460266 -0.20317085087299347 1.0965335369110107
    endloop
  endfacet
  facet normal 0.6347462125487423 -0.23199881771545738 -0.7370710917093797
    outer loop
      vertex 0.13813038170337677 -0.3963819444179535 1.0727602243423462
      vertex 0.0939163938164711 -0.3774990439414978 1.0287407636642456
      vertex 0.16513550281524658 -0.29033493995666504 1.062637209892273
    endloop
  endfacet
  facet normal 0.6347454362139201 -0.23199744204629938 -0.7370721932684574
    outer loop
      vertex 0.2971228361129761 -0.16529534757137299 1.1369439363479614
      vertex 0.2899283468723297 -0.15585163235664368 1.12777578830719
      vertex 0.3343115448951721 -0.11978060007095337 1.1546437740325928
    endloop
  endfacet
  facet normal 0.634746027936045 -0.2319990197719348 -0.7370711870940793
    outer loop
      vertex -0.04852182790637016 -0.5518272519111633 0.9609479308128357
      vertex -0.010482261888682842 -0.578266978263855 1.0020287036895752
      vertex -0.1487150937318802 -0.7109503746032715 0.9247494339942932
    endloop
  endfacet
  facet normal -0.6347486649807991 0.23200061685612944 0.7370684134349191
    outer loop
      vertex 0.20105035603046417 -0.18391971290111542 1.1686087846755981
      vertex 0.1588767170906067 -0.23553545773029327 1.1485363245010376
      vertex 0.16607120633125305 -0.24497917294502258 1.1577045917510986
    endloop
  endfacet
  facet normal -0.6347450907218346 0.2319978648892698 0.7370723577040112
    outer loop
      vertex 0.20105035603046417 -0.18391971290111542 1.1686087846755981
      vertex 0.16607120633125305 -0.24497917294502258 1.1577045917510986
      vertex 0.20824484527111053 -0.19336342811584473 1.1777769327163696
    endloop
  endfacet
  facet normal -0.6347452826202415 0.23199811678102406 0.7370721131622116
    outer loop
      vertex 0.20824484527111053 -0.19336342811584473 1.1777769327163696
      vertex 0.16607120633125305 -0.24497917294502258 1.1577045917510986
      vertex 0.17326568067073822 -0.2544229030609131 1.1668727397918701
    endloop
  endfacet
  facet normal -0.6347454232489821 0.23199822505664963 0.7370719579763124
    outer loop
      vertex 0.20824484527111053 -0.19336342811584473 1.1777769327163696
      vertex 0.17326568067073822 -0.2544229030609131 1.1668727397918701
      vertex 0.2154393196105957 -0.20280714333057404 1.1869450807571411
    endloop
  endfacet
  facet normal -0.6347462540510032 0.2320003985209863 0.7370705583960893
    outer loop
      vertex 0.17326568067073822 -0.2544229030609131 1.1668727397918701
      vertex 0.1325046867132187 -0.28606078028678894 1.1417287588119507
      vertex 0.15550078451633453 -0.29441404342651367 1.1641616821289062
    endloop
  endfacet
  facet normal -0.6347475464353163 0.23200103529819344 0.7370692449932451
    outer loop
      vertex 0.15550078451633453 -0.29441404342651367 1.1641616821289062
      vertex 0.20599421858787537 -0.23261582851409912 1.1881937980651855
      vertex 0.2154393196105957 -0.20280714333057404 1.1869450807571411
    endloop
  endfacet
  facet normal -0.6347476092763427 0.23200109450991407 0.7370691722383791
    outer loop
      vertex 0.15550078451633453 -0.29441404342651367 1.1641616821289062
      vertex 0.2154393196105957 -0.20280714333057404 1.1869450807571411
      vertex 0.17326568067073822 -0.2544229030609131 1.1668727397918701
    endloop
  endfacet
  facet normal -0.6347453536988443 0.23199802978912598 0.7370720793326069
    outer loop
      vertex 0.16607120633125305 -0.24497917294502258 1.1577045917510986
      vertex 0.1325046867132187 -0.28606078028678894 1.1417287588119507
      vertex 0.17326568067073822 -0.2544229030609131 1.1668727397918701
    endloop
  endfacet
  facet normal -0.6347462350294896 0.2320003089915395 0.7370706029572188
    outer loop
      vertex 0.1588767170906067 -0.23553545773029327 1.1485363245010376
      vertex 0.10950859636068344 -0.2777074873447418 1.1192958354949951
      vertex 0.1325046867132187 -0.28606078028678894 1.1417287588119507
    endloop
  endfacet
  facet normal -0.634744646585839 0.2319967171498079 0.7370731014372526
    outer loop
      vertex 0.10950859636068344 -0.2777074873447418 1.1192958354949951
      vertex 0.1588767170906067 -0.23553545773029327 1.1485363245010376
      vertex 0.15750755369663239 -0.21896220743656158 1.1421407461166382
    endloop
  endfacet
  facet normal -0.634747992144835 0.2319997336645014 0.7370692708610913
    outer loop
      vertex 0.1588767170906067 -0.23553545773029327 1.1485363245010376
      vertex 0.20105035603046417 -0.18391971290111542 1.1686087846755981
      vertex 0.20550651848316193 -0.16021694242954254 1.1649856567382812
    endloop
  endfacet
  facet normal -0.6347445522170683 0.23199675206580925 0.7370731717147687
    outer loop
      vertex 0.1588767170906067 -0.23553545773029327 1.1485363245010376
      vertex 0.20550651848316193 -0.16021694242954254 1.1649856567382812
      vertex 0.15750755369663239 -0.21896220743656158 1.1421407461166382
    endloop
  endfacet
  facet normal -0.6347479713404522 0.2320014657965864 0.7370687435696998
    outer loop
      vertex 0.1588767170906067 -0.23553545773029327 1.1485363245010376
      vertex 0.1325046867132187 -0.28606078028678894 1.1417287588119507
      vertex 0.16607120633125305 -0.24497917294502258 1.1577045917510986
    endloop
  endfacet
  facet normal -0.6347453950816458 0.23199825953021544 0.7370719713824399
    outer loop
      vertex 0.2154393196105957 -0.20280714333057404 1.1869450807571411
      vertex 0.28024327754974365 -0.10524551570415497 1.2120442390441895
      vertex 0.20824484527111053 -0.19336342811584473 1.1777769327163696
    endloop
  endfacet
  facet normal -0.6347469695512015 0.2319997770561386 0.7370701378372808
    outer loop
      vertex 0.28024327754974365 -0.10524551570415497 1.2120442390441895
      vertex 0.2154393196105957 -0.20280714333057404 1.1869450807571411
      vertex 0.2564876675605774 -0.17081759870052338 1.2122259140014648
    endloop
  endfacet
  facet normal -0.634747439572321 0.23200100568350834 0.7370693463428144
    outer loop
      vertex 0.2564876675605774 -0.17081759870052338 1.2122259140014648
      vertex 0.2154393196105957 -0.20280714333057404 1.1869450807571411
      vertex 0.20599421858787537 -0.23261582851409912 1.1881937980651855
    endloop
  endfacet
  facet normal -0.6347466937450499 0.23199967788098855 0.7370704065710719
    outer loop
      vertex 0.2564876675605774 -0.17081759870052338 1.2122259140014648
      vertex 0.30698108673095703 -0.10901936888694763 1.2362580299377441
      vertex 0.28024327754974365 -0.10524551570415497 1.2120442390441895
    endloop
  endfacet
  facet normal -0.6347456189059676 0.23199960603673236 0.7370713548079868
    outer loop
      vertex 0.2535054683685303 -0.1014716625213623 1.1878304481506348
      vertex 0.20550651848316193 -0.16021694242954254 1.1649856567382812
      vertex 0.20105035603046417 -0.18391971290111542 1.1686087846755981
    endloop
  endfacet
  facet normal -0.6347465167543301 0.23200041704114038 0.7370703263332352
    outer loop
      vertex 0.20105035603046417 -0.18391971290111542 1.1686087846755981
      vertex 0.28024327754974365 -0.10524551570415497 1.2120442390441895
      vertex 0.2535054683685303 -0.1014716625213623 1.1878304481506348
    endloop
  endfacet
  facet normal -0.6347450926422263 0.23199786253892996 0.7370723567900097
    outer loop
      vertex 0.28024327754974365 -0.10524551570415497 1.2120442390441895
      vertex 0.20105035603046417 -0.18391971290111542 1.1686087846755981
      vertex 0.20824484527111053 -0.19336342811584473 1.1777769327163696
    endloop
  endfacet
  facet normal 0.19564677379207882 0.9786152364281223 -0.06351817799245768
    outer loop
      vertex 0.2805396020412445 -0.1087392047047615 1.1591302156448364
      vertex 0.33401522040367126 -0.11628691107034683 1.2075577974319458
      vertex 0.3343115448951721 -0.11978060007095337 1.1546437740325928
    endloop
  endfacet
  facet normal 0.19564650279379261 0.9786152902773461 -0.06351818306551493
    outer loop
      vertex 0.3343115448951721 -0.11978060007095337 1.1546437740325928
      vertex 0.33401522040367126 -0.11628691107034683 1.2075577974319458
      vertex 0.3610493540763855 -0.12355445325374603 1.178857445716858
    endloop
  endfacet
  facet normal 0.19564677379207882 0.9786152364281223 -0.06351817799245768
    outer loop
      vertex 0.2805396020412445 -0.1087392047047615 1.1591302156448364
      vertex 0.3343115448951721 -0.11978060007095337 1.1546437740325928
      vertex 0.30757373571395874 -0.1160067468881607 1.130429983139038
    endloop
  endfacet
  facet normal 0.19564677379207882 0.9786152364281223 -0.06351817799245768
    outer loop
      vertex 0.28024327754974365 -0.10524551570415497 1.2120442390441895
      vertex 0.2805396020412445 -0.1087392047047615 1.1591302156448364
      vertex 0.2535054683685303 -0.1014716625213623 1.1878304481506348
    endloop
  endfacet
  facet normal 0.19564677379207882 0.9786152364281223 -0.06351817799245768
    outer loop
      vertex 0.28024327754974365 -0.10524551570415497 1.2120442390441895
      vertex 0.30698108673095703 -0.10901936888694763 1.2362580299377441
      vertex 0.33401522040367126 -0.11628691107034683 1.2075577974319458
    endloop
  endfacet
  facet normal 0.19564677379207882 0.9786152364281223 -0.06351817799245768
    outer loop
      vertex 0.2805396020412445 -0.1087392047047615 1.1591302156448364
      vertex 0.28024327754974365 -0.10524551570415497 1.2120442390441895
      vertex 0.33401522040367126 -0.11628691107034683 1.2075577974319458
    endloop
  endfacet
  facet normal -0.6556832099984793 0.20574943002065854 0.7264617678668741
    outer loop
      vertex -0.004057918209582567 -0.5033063888549805 1.0414788722991943
      vertex -0.014763947576284409 -0.5419777631759644 1.0427684783935547
      vertex 0.0031189583241939545 -0.5190017819404602 1.0524017810821533
    endloop
  endfacet
  facet normal -0.6556830289740587 0.20574926780059957 0.7264619771983395
    outer loop
      vertex -0.004057918209582567 -0.5033063888549805 1.0414788722991943
      vertex -0.011234794743359089 -0.48761096596717834 1.0305559635162354
      vertex -0.03629457950592041 -0.49489152431488037 1.0099997520446777
    endloop
  endfacet
  facet normal -0.655683039039864 0.20574956877485856 0.7264618828709514
    outer loop
      vertex -0.011234794743359089 -0.48761096596717834 1.0305559635162354
      vertex -0.018411671742796898 -0.4719155728816986 1.0196330547332764
      vertex -0.03629457950592041 -0.49489152431488037 1.0099997520446777
    endloop
  endfacet
  facet normal -0.6556829974647754 0.205749378069149 0.726461974407309
    outer loop
      vertex -0.014763947576284409 -0.5419777631759644 1.0427684783935547
      vertex -0.004057918209582567 -0.5033063888549805 1.0414788722991943
      vertex -0.03629457950592041 -0.49489152431488037 1.0099997520446777
    endloop
  endfacet
  facet normal -0.655682940185849 0.20574956090203544 0.7264619743234052
    outer loop
      vertex -0.039823729544878006 -0.549258291721344 1.022212266921997
      vertex -0.014763947576284409 -0.5419777631759644 1.0427684783935547
      vertex -0.04700060933828354 -0.5335628986358643 1.011289358139038
    endloop
  endfacet
  facet normal -0.6556832173207028 0.20574943963203027 0.7264617585359037
    outer loop
      vertex -0.05417748540639877 -0.5178675055503845 1.000366449356079
      vertex -0.04700060933828354 -0.5335628986358643 1.011289358139038
      vertex -0.03629457950592041 -0.49489152431488037 1.0099997520446777
    endloop
  endfacet
  facet normal -0.6556829906700379 0.20574938422978334 0.7264619787952153
    outer loop
      vertex -0.04700060933828354 -0.5335628986358643 1.011289358139038
      vertex -0.014763947576284409 -0.5419777631759644 1.0427684783935547
      vertex -0.03629457950592041 -0.49489152431488037 1.0099997520446777
    endloop
  endfacet
  facet normal -0.6556827947902321 0.205745213578987 0.7264633367936799
    outer loop
      vertex -0.03264685347676277 -0.5649536848068237 1.0331350564956665
      vertex -0.014763947576284409 -0.5419777631759644 1.0427684783935547
      vertex -0.039823729544878006 -0.549258291721344 1.022212266921997
    endloop
  endfacet
  facet normal 0.668288082871271 0.6059215380490508 0.43156706086136115
    outer loop
      vertex -0.04574071615934372 -0.5608449578285217 1.0476423501968384
      vertex -0.06414546072483063 -0.544987142086029 1.0538779497146606
      vertex -0.05883457884192467 -0.556736171245575 1.0621496438980103
    endloop
  endfacet
  facet normal 0.6682875813904731 0.6059204135481939 0.4315694162065443
    outer loop
      vertex -0.039823729544878006 -0.549258291721344 1.022212266921997
      vertex -0.04574071615934372 -0.5608449578285217 1.0476423501968384
      vertex -0.03264685347676277 -0.5649536848068237 1.0331350564956665
    endloop
  endfacet
  facet normal 0.6682848825128178 0.6059229985777765 0.43156996605341424
    outer loop
      vertex -0.04574071615934372 -0.5608449578285217 1.0476423501968384
      vertex -0.039823729544878006 -0.549258291721344 1.022212266921997
      vertex -0.04700060933828354 -0.5335628986358643 1.011289358139038
    endloop
  endfacet
  facet normal 0.6682881078187561 0.6059216366048614 0.43156688385708286
    outer loop
      vertex -0.06945634633302689 -0.5332381129264832 1.045606255531311
      vertex -0.06414546072483063 -0.544987142086029 1.0538779497146606
      vertex -0.04574071615934372 -0.5608449578285217 1.0476423501968384
    endloop
  endfacet
  facet normal 0.6682864900274101 0.6059219426912615 0.4315689592777636
    outer loop
      vertex -0.06712780147790909 -0.5138037800788879 1.0147147178649902
      vertex -0.0800781100988388 -0.5097400546073914 1.0290628671646118
      vertex -0.07476723194122314 -0.5214890837669373 1.0373345613479614
    endloop
  endfacet
  facet normal 0.6682862098842561 0.6059222457241799 0.43156896762290803
    outer loop
      vertex -0.06712780147790909 -0.5138037800788879 1.0147147178649902
      vertex -0.07476723194122314 -0.5214890837669373 1.0373345613479614
      vertex -0.06945634633302689 -0.5332381129264832 1.045606255531311
    endloop
  endfacet
  facet normal 0.6682877810804613 0.6059220088044956 0.43156686724640747
    outer loop
      vertex -0.05417748540639877 -0.5178675055503845 1.000366449356079
      vertex -0.06712780147790909 -0.5138037800788879 1.0147147178649902
      vertex -0.04700060933828354 -0.5335628986358643 1.011289358139038
    endloop
  endfacet
  facet normal 0.6682873455496999 0.6059212679198981 0.431568581873703
    outer loop
      vertex -0.06712780147790909 -0.5138037800788879 1.0147147178649902
      vertex -0.04574071615934372 -0.5608449578285217 1.0476423501968384
      vertex -0.04700060933828354 -0.5335628986358643 1.011289358139038
    endloop
  endfacet
  facet normal 0.6682874924867792 0.605921221286397 0.4315684198137465
    outer loop
      vertex -0.06945634633302689 -0.5332381129264832 1.045606255531311
      vertex -0.04574071615934372 -0.5608449578285217 1.0476423501968384
      vertex -0.06712780147790909 -0.5138037800788879 1.0147147178649902
    endloop
  endfacet
  facet normal -0.6682877049330717 -0.6059216593443298 -0.43156747580500276
    outer loop
      vertex -0.030653567984700203 -0.46807414293289185 1.0331964492797852
      vertex -0.0375845804810524 -0.47598177194595337 1.0550315380096436
      vertex -0.04289546236395836 -0.46423274278640747 1.046759843826294
    endloop
  endfacet
  facet normal -0.6682880853599525 -0.6059219333802381 -0.43156650196080193
    outer loop
      vertex -0.011234794743359089 -0.48761096596717834 1.0305559635162354
      vertex -0.030653567984700203 -0.46807414293289185 1.0331964492797852
      vertex -0.018411671742796898 -0.4719155728816986 1.0196330547332764
    endloop
  endfacet
  facet normal -0.6682878193969299 -0.6059215384135129 -0.43156746834336124
    outer loop
      vertex -0.0375845804810524 -0.47598177194595337 1.0550315380096436
      vertex -0.030653567984700203 -0.46807414293289185 1.0331964492797852
      vertex -0.011234794743359089 -0.48761096596717834 1.0305559635162354
    endloop
  endfacet
  facet normal -0.6682877857885808 -0.6059216333946297 -0.4315673870326392
    outer loop
      vertex -0.011234794743359089 -0.48761096596717834 1.0305559635162354
      vertex -0.03227369859814644 -0.48773080110549927 1.0633032321929932
      vertex -0.0375845804810524 -0.47598177194595337 1.0550315380096436
    endloop
  endfacet
  facet normal -0.6682877286067561 -0.6059216517465185 -0.4315674498133442
    outer loop
      vertex -0.009266486391425133 -0.5151153206825256 1.0661242008209229
      vertex -0.02165193110704422 -0.5112288594245911 1.0798466205596924
      vertex -0.02696281298995018 -0.49947983026504517 1.0715749263763428
    endloop
  endfacet
  facet normal -0.668287865151556 -0.6059217144863697 -0.4315671502849515
    outer loop
      vertex -0.004057918209582567 -0.5033063888549805 1.0414788722991943
      vertex -0.02696281298995018 -0.49947983026504517 1.0715749263763428
      vertex -0.03227369859814644 -0.48773080110549927 1.0633032321929932
    endloop
  endfacet
  facet normal -0.668287523842743 -0.6059220995525979 -0.43156713817192643
    outer loop
      vertex 0.0031189583241939545 -0.5190017819404602 1.0524017810821533
      vertex -0.009266486391425133 -0.5151153206825256 1.0661242008209229
      vertex -0.004057918209582567 -0.5033063888549805 1.0414788722991943
    endloop
  endfacet
  facet normal -0.6682877895395326 -0.6059218512529173 -0.43156707535052174
    outer loop
      vertex -0.02696281298995018 -0.49947983026504517 1.0715749263763428
      vertex -0.004057918209582567 -0.5033063888549805 1.0414788722991943
      vertex -0.009266486391425133 -0.5151153206825256 1.0661242008209229
    endloop
  endfacet
  facet normal -0.6682879450947894 -0.6059213854400377 -0.43156748847359794
    outer loop
      vertex -0.011234794743359089 -0.48761096596717834 1.0305559635162354
      vertex -0.004057918209582567 -0.5033063888549805 1.0414788722991943
      vertex -0.03227369859814644 -0.48773080110549927 1.0633032321929932
    endloop
  endfacet
  facet normal -0.6347481696447 0.23200076549344897 0.7370687932229641
    outer loop
      vertex -0.10199372470378876 -0.5548112392425537 1.0243762731552124
      vertex -0.13110381364822388 -0.5904386639595032 1.010521411895752
      vertex -0.12390933185815811 -0.5998824238777161 1.019689679145813
    endloop
  endfacet
  facet normal -0.6347448687285698 0.2319988005441285 0.7370722543745872
    outer loop
      vertex -0.10199372470378876 -0.5548112392425537 1.0243762731552124
      vertex -0.12390933185815811 -0.5998824238777161 1.019689679145813
      vertex -0.09479924291372299 -0.5642549395561218 1.0335444211959839
    endloop
  endfacet
  facet normal -0.6347448687285698 0.2319988005441285 0.7370722543745872
    outer loop
      vertex -0.09479924291372299 -0.5642549395561218 1.0335444211959839
      vertex -0.12390933185815811 -0.5998824238777161 1.019689679145813
      vertex -0.11671485006809235 -0.6093261241912842 1.0288578271865845
    endloop
  endfacet
  facet normal -0.6347479587953689 0.23200063998022225 0.7370690143086195
    outer loop
      vertex -0.09479924291372299 -0.5642549395561218 1.0335444211959839
      vertex -0.11671485006809235 -0.6093261241912842 1.0288578271865845
      vertex -0.08760475367307663 -0.5736986994743347 1.042712688446045
    endloop
  endfacet
  facet normal -0.6347463717095858 0.23199909245005731 0.7370708681693138
    outer loop
      vertex -0.2841809093952179 -0.8325345516204834 0.9548971056938171
      vertex -0.22784434258937836 -0.7635849714279175 0.9817102551460266
      vertex -0.2547386586666107 -0.7235047817230225 0.945933997631073
    endloop
  endfacet
  facet normal -0.6347454591465355 0.23199891521396526 0.7370717098304597
    outer loop
      vertex -0.2841809093952179 -0.8325345516204834 0.9548971056938171
      vertex -0.2547386586666107 -0.7235047817230225 0.945933997631073
      vertex -0.31295886635780334 -0.7947596311569214 0.9182243943214417
    endloop
  endfacet
  facet normal -0.6347448549919118 0.2319972578703552 0.73707275177009
    outer loop
      vertex -0.11671485006809235 -0.6093261241912842 1.0288578271865845
      vertex -0.17150774598121643 -0.6946353912353516 1.0085233449935913
      vertex -0.1151711642742157 -0.6256858110427856 1.0353364944458008
    endloop
  endfacet
  facet normal -0.6347453234509242 0.2319987551403667 0.7370718770720411
    outer loop
      vertex -0.22784434258937836 -0.7635849714279175 0.9817102551460266
      vertex -0.17150774598121643 -0.6946353912353516 1.0085233449935913
      vertex -0.19651848077774048 -0.6522498726844788 0.9736436605453491
    endloop
  endfacet
  facet normal -0.6347464560801869 0.23199899762315834 0.737070825359065
    outer loop
      vertex -0.22784434258937836 -0.7635849714279175 0.9817102551460266
      vertex -0.19651848077774048 -0.6522498726844788 0.9736436605453491
      vertex -0.2547386586666107 -0.7235047817230225 0.945933997631073
    endloop
  endfacet
  facet normal -0.6347459219899557 0.23199813771331557 0.7370715559663624
    outer loop
      vertex -0.19651848077774048 -0.6522498726844788 0.9736436605453491
      vertex -0.17150774598121643 -0.6946353912353516 1.0085233449935913
      vertex -0.12390933185815811 -0.5998824238777161 1.019689679145813
    endloop
  endfacet
  facet normal -0.634747206291601 0.23200194452697676 0.7370692517265318
    outer loop
      vertex -0.13110381364822388 -0.5904386639595032 1.010521411895752
      vertex -0.19651848077774048 -0.6522498726844788 0.9736436605453491
      vertex -0.12390933185815811 -0.5998824238777161 1.019689679145813
    endloop
  endfacet
  facet normal -0.6347455836595631 0.23199792554996612 0.7370719141068888
    outer loop
      vertex -0.11671485006809235 -0.6093261241912842 1.0288578271865845
      vertex -0.12390933185815811 -0.5998824238777161 1.019689679145813
      vertex -0.17150774598121643 -0.6946353912353516 1.0085233449935913
    endloop
  endfacet
  facet normal -0.63474526213768 0.23199710024838732 0.7370724507605122
    outer loop
      vertex -0.11671485006809235 -0.6093261241912842 1.0288578271865845
      vertex -0.1151711642742157 -0.6256858110427856 1.0353364944458008
      vertex -0.08760475367307663 -0.5736986994743347 1.042712688446045
    endloop
  endfacet
  facet normal -0.6347468556236864 0.23200199013590825 0.7370695393575976
    outer loop
      vertex -0.06414546072483063 -0.544987142086029 1.0538779497146606
      vertex -0.09479924291372299 -0.5642549395561218 1.0335444211959839
      vertex -0.08760475367307663 -0.5736986994743347 1.042712688446045
    endloop
  endfacet
  facet normal -0.6347460655957791 0.23199903299729135 0.7370711504997333
    outer loop
      vertex -0.09479924291372299 -0.5642549395561218 1.0335444211959839
      vertex -0.06414546072483063 -0.544987142086029 1.0538779497146606
      vertex -0.06945634633302689 -0.5332381129264832 1.045606255531311
    endloop
  endfacet
  facet normal -0.6347452599970441 0.23199989567074344 0.7370715727255047
    outer loop
      vertex -0.05883457884192467 -0.556736171245575 1.0621496438980103
      vertex -0.06414546072483063 -0.544987142086029 1.0538779497146606
      vertex -0.08760475367307663 -0.5736986994743347 1.042712688446045
    endloop
  endfacet
  facet normal -0.6347444639551485 0.2319965551366185 0.7370733097074085
    outer loop
      vertex -0.05883457884192467 -0.556736171245575 1.0621496438980103
      vertex -0.08760475367307663 -0.5736986994743347 1.042712688446045
      vertex -0.1151711642742157 -0.6256858110427856 1.0353364944458008
    endloop
  endfacet
  facet normal -0.6347453964572496 0.23199815466442625 0.7370720032049988
    outer loop
      vertex -0.10199372470378876 -0.5548112392425537 1.0243762731552124
      vertex -0.09479924291372299 -0.5642549395561218 1.0335444211959839
      vertex -0.06945634633302689 -0.5332381129264832 1.045606255531311
    endloop
  endfacet
  facet normal -0.6347451842808468 0.2319980307726805 0.737072224920918
    outer loop
      vertex -0.19651848077774048 -0.6522498726844788 0.9736436605453491
      vertex -0.13110381364822388 -0.5904386639595032 1.010521411895752
      vertex -0.13829830288887024 -0.5809949636459351 1.0013532638549805
    endloop
  endfacet
  facet normal -0.6347456510527585 0.23199745949626688 0.7370720027628833
    outer loop
      vertex -0.10199372470378876 -0.5548112392425537 1.0243762731552124
      vertex -0.13829830288887024 -0.5809949636459351 1.0013532638549805
      vertex -0.13110381364822388 -0.5904386639595032 1.010521411895752
    endloop
  endfacet
  facet normal -0.6347458884041085 0.23199951600830593 0.737071151060731
    outer loop
      vertex -0.0800781100988388 -0.5097400546073914 1.0290628671646118
      vertex -0.10199372470378876 -0.5548112392425537 1.0243762731552124
      vertex -0.07476723194122314 -0.5214890837669373 1.0373345613479614
    endloop
  endfacet
  facet normal -0.6347457371846902 0.23199931751303907 0.737071343764868
    outer loop
      vertex -0.06945634633302689 -0.5332381129264832 1.045606255531311
      vertex -0.07476723194122314 -0.5214890837669373 1.0373345613479614
      vertex -0.10199372470378876 -0.5548112392425537 1.0243762731552124
    endloop
  endfacet
  facet normal -0.6347464595635927 0.23199985600469267 0.7370705521761715
    outer loop
      vertex -0.13829830288887024 -0.5809949636459351 1.0013532638549805
      vertex -0.10199372470378876 -0.5548112392425537 1.0243762731552124
      vertex -0.0800781100988388 -0.5097400546073914 1.0290628671646118
    endloop
  endfacet
endsolid beam