solid beam
  facet normal 0.47790884894333513 -0.7563789884216787 0.44664746498312813
    outer loop
      vertex 0.5964542031288147 -0.37765318155288696 1.4174753427505493
      vertex 0.6194050908088684 -0.38230156898498535 1.3850462436676025
      vertex 0.6393587589263916 -0.3629896938800812 1.3963998556137085
    endloop
  endfacet
  facet normal 0.4779108843312735 -0.7563774341561117 0.4466479192127927
    outer loop
      vertex 0.5964542031288147 -0.37765318155288696 1.4174753427505493
      vertex 0.5934569239616394 -0.353692889213562 1.461258053779602
      vertex 0.5735032558441162 -0.3730047941207886 1.4499045610427856
    endloop
  endfacet
  facet normal 0.47790934518833095 -0.7563774436465688 0.4466495500102314
    outer loop
      vertex 0.6363614797592163 -0.33902937173843384 1.4401824474334717
      vertex 0.5964542031288147 -0.37765318155288696 1.4174753427505493
      vertex 0.6393587589263916 -0.3629896938800812 1.3963998556137085
    endloop
  endfacet
  facet normal 0.4779108373842226 -0.7563766854978092 0.4466492372612533
    outer loop
      vertex 0.6363614797592163 -0.33902937173843384 1.4401824474334717
      vertex 0.6393587589263916 -0.3629896938800812 1.3963998556137085
      vertex 0.65931236743927 -0.3436777889728546 1.407753348350525
    endloop
  endfacet
  facet normal 0.47791043229585034 -0.7563776638248776 0.4466480139546284
    outer loop
      vertex 0.5964542031288147 -0.37765318155288696 1.4174753427505493
      vertex 0.6363614797592163 -0.33902937173843384 1.4401824474334717
      vertex 0.5934569239616394 -0.353692889213562 1.461258053779602
    endloop
  endfacet
  facet normal 0.47791075212266865 -0.7563766682291626 0.4466493577338902
    outer loop
      vertex 0.6363614797592163 -0.33902937173843384 1.4401824474334717
      vertex 0.6134105324745178 -0.33438098430633545 1.4726115465164185
      vertex 0.5934569239616394 -0.353692889213562 1.461258053779602
    endloop
  endfacet
  facet normal -0.6126526649278031 0.11961316653472394 0.7812486176297512
    outer loop
      vertex 0.3242228031158447 0.15806156396865845 1.0993199348449707
      vertex 0.3173319399356842 0.16937687993049622 1.0921837091445923
      vertex 0.31433698534965515 0.14592686295509338 1.0934253931045532
    endloop
  endfacet
  facet normal -0.612656272976198 0.11960953545619245 0.7812463441264019
    outer loop
      vertex 0.3341086208820343 0.1701962649822235 1.1052145957946777
      vertex 0.3173319399356842 0.16937687993049622 1.0921837091445923
      vertex 0.3242228031158447 0.15806156396865845 1.0993199348449707
    endloop
  endfacet
  facet normal -0.612655931094072 0.11961738535133946 0.781245410365376
    outer loop
      vertex 0.3173319399356842 0.16937687993049622 1.0921837091445923
      vertex 0.3272177577018738 0.18151158094406128 1.0980782508850098
      vertex 0.32032689452171326 0.19282689690589905 1.0909419059753418
    endloop
  endfacet
  facet normal -0.612655931094072 0.11961738535133946 0.781245410365376
    outer loop
      vertex 0.3173319399356842 0.16937687993049622 1.0921837091445923
      vertex 0.3341086208820343 0.1701962649822235 1.1052145957946777
      vertex 0.3272177577018738 0.18151158094406128 1.0980782508850098
    endloop
  endfacet
  facet normal 0.5915736966980932 -0.1449589616552809 -0.7931125145972513
    outer loop
      vertex 0.2646651268005371 0.19957968592643738 1.0980098247528076
      vertex 0.2599567472934723 0.155129536986351 1.102622151374817
      vertex 0.2461923062801361 0.17782600224018097 1.0882071256637573
    endloop
  endfacet
  facet normal 0.5915740875738205 -0.14495858335055437 -0.7931122921908362
    outer loop
      vertex 0.2646651268005371 0.19957968592643738 1.0980098247528076
      vertex 0.2831379175186157 0.2213333696126938 1.107812523841858
      vertex 0.2969023585319519 0.19863690435886383 1.1222275495529175
    endloop
  endfacet
  facet normal 0.5915740033347189 -0.14495897024034335 -0.79311228431124
    outer loop
      vertex 0.2921939790248871 0.15418674051761627 1.1268398761749268
      vertex 0.2599567472934723 0.155129536986351 1.102622151374817
      vertex 0.2646651268005371 0.19957968592643738 1.0980098247528076
    endloop
  endfacet
  facet normal 0.5915740512247248 -0.14495892389057402 -0.7931122570620464
    outer loop
      vertex 0.2646651268005371 0.19957968592643738 1.0980098247528076
      vertex 0.2969023585319519 0.19863690435886383 1.1222275495529175
      vertex 0.2921939790248871 0.15418674051761627 1.1268398761749268
    endloop
  endfacet
  facet normal 0.591573658958731 -0.14495891290810597 -0.7931125516562445
    outer loop
      vertex 0.2921939790248871 0.15418674051761627 1.1268398761749268
      vertex 0.2969023585319519 0.19863690435886383 1.1222275495529175
      vertex 0.3106667995452881 0.17594042420387268 1.136642575263977
    endloop
  endfacet
  facet normal 0.5915740498345344 -0.14495853460353145 -0.7931123292497505
    outer loop
      vertex 0.27372118830680847 0.13243305683135986 1.1170371770858765
      vertex 0.2599567472934723 0.155129536986351 1.102622151374817
      vertex 0.2921939790248871 0.15418674051761627 1.1268398761749268
    endloop
  endfacet
  facet normal -0.5246674806514418 0.6777027625847808 -0.5152116073341374
    outer loop
      vertex 0.28582140803337097 0.12946802377700806 1.1008145809173584
      vertex 0.31433698534965515 0.14592686295509338 1.0934253931045532
      vertex 0.29792165756225586 0.12650300562381744 1.0845921039581299
    endloop
  endfacet
  facet normal -0.5246693077796579 0.6777033658661441 -0.5152089531129226
    outer loop
      vertex 0.28582140803337097 0.12946802377700806 1.1008145809173584
      vertex 0.27372118830680847 0.13243305683135986 1.1170371770858765
      vertex 0.2921939790248871 0.15418674051761627 1.1268398761749268
    endloop
  endfacet
  facet normal -0.5246676963510041 0.6777039161238809 -0.5152098703209076
    outer loop
      vertex 0.2921939790248871 0.15418674051761627 1.1268398761749268
      vertex 0.31433698534965515 0.14592686295509338 1.0934253931045532
      vertex 0.28582140803337097 0.12946802377700806 1.1008145809173584
    endloop
  endfacet
  facet normal -0.524665680351238 0.677704645765439 -0.5152109635571757
    outer loop
      vertex 0.3223876953125 0.1730683445930481 1.1209285259246826
      vertex 0.3341086208820343 0.1701962649822235 1.1052145957946777
      vertex 0.3242228031158447 0.15806156396865845 1.0993199348449707
    endloop
  endfacet
  facet normal -0.5246691882542697 0.6777037878682806 -0.5152085197331175
    outer loop
      vertex 0.3106667995452881 0.17594042420387268 1.136642575263977
      vertex 0.3223876953125 0.1730683445930481 1.1209285259246826
      vertex 0.2921939790248871 0.15418674051761627 1.1268398761749268
    endloop
  endfacet
  facet normal -0.5246689079969845 0.6777028740139751 -0.5152100072149706
    outer loop
      vertex 0.3242228031158447 0.15806156396865845 1.0993199348449707
      vertex 0.2921939790248871 0.15418674051761627 1.1268398761749268
      vertex 0.3223876953125 0.1730683445930481 1.1209285259246826
    endloop
  endfacet
  facet normal -0.5246692422302576 0.6777022530620502 -0.5152104836395976
    outer loop
      vertex 0.31433698534965515 0.14592686295509338 1.0934253931045532
      vertex 0.2921939790248871 0.15418674051761627 1.1268398761749268
      vertex 0.3242228031158447 0.15806156396865845 1.0993199348449707
    endloop
  endfacet
  facet normal 0.5246688670770839 -0.6777035373951944 0.5152091762790036
    outer loop
      vertex 0.29448315501213074 0.2185533493757248 1.092602252960205
      vertex 0.28742894530296326 0.19400165975093842 1.067490816116333
      vertex 0.30582839250564575 0.2157733142375946 1.0773918628692627
    endloop
  endfacet
  facet normal 0.5246674805368221 -0.6777029181201202 0.5152114028615992
    outer loop
      vertex 0.29448315501213074 0.2185533493757248 1.092602252960205
      vertex 0.2831379175186157 0.2213333696126938 1.107812523841858
      vertex 0.2646651268005371 0.19957968592643738 1.0980098247528076
    endloop
  endfacet
  facet normal 0.524667803323889 -0.6777038794893072 0.5152098095731753
    outer loop
      vertex 0.2646651268005371 0.19957968592643738 1.0980098247528076
      vertex 0.28742894530296326 0.19400165975093842 1.067490816116333
      vertex 0.29448315501213074 0.2185533493757248 1.092602252960205
    endloop
  endfacet
  facet normal 0.5246685272337447 -0.6777030270088128 0.5152101937204521
    outer loop
      vertex 0.28742894530296326 0.19400165975093842 1.067490816116333
      vertex 0.2646651268005371 0.19957968592643738 1.0980098247528076
      vertex 0.25761088728904724 0.1750280112028122 1.072898507118225
    endloop
  endfacet
  facet normal 0.5246674703105094 -0.6777033669040113 0.5152108229501179
    outer loop
      vertex 0.25761088728904724 0.1750280112028122 1.072898507118225
      vertex 0.2646651268005371 0.19957968592643738 1.0980098247528076
      vertex 0.2461923062801361 0.17782600224018097 1.0882071256637573
    endloop
  endfacet
  facet normal 0.52466895388556 -0.6777042977496692 0.5152080877085102
    outer loop
      vertex 0.2690294682979584 0.17223002016544342 1.0575897693634033
      vertex 0.28742894530296326 0.19400165975093842 1.067490816116333
      vertex 0.25761088728904724 0.1750280112028122 1.072898507118225
    endloop
  endfacet
  facet normal 0.5737712056155286 -0.11621188276027684 -0.8107289324501836
    outer loop
      vertex 0.5546123385429382 -0.22886350750923157 1.3171969652175903
      vertex 0.5645892024040222 -0.21920756995677948 1.3228737115859985
      vertex 0.6069623827934265 -0.2862706482410431 1.3624751567840576
    endloop
  endfacet
  facet normal 0.57377260518167 -0.11621003423874304 -0.8107282069135561
    outer loop
      vertex 0.5546123385429382 -0.22886350750923157 1.3171969652175903
      vertex 0.6069623827934265 -0.2862706482410431 1.3624751567840576
      vertex 0.5969855785369873 -0.29592660069465637 1.3567984104156494
    endloop
  endfacet
  facet normal 0.57377260518167 -0.11621003423874304 -0.8107282069135561
    outer loop
      vertex 0.544635534286499 -0.23851945996284485 1.3115202188491821
      vertex 0.5546123385429382 -0.22886350750923157 1.3171969652175903
      vertex 0.5969855785369873 -0.29592660069465637 1.3567984104156494
    endloop
  endfacet
  facet normal 0.5737712730672138 -0.11621179367143489 -0.8107288974833059
    outer loop
      vertex 0.544635534286499 -0.23851945996284485 1.3115202188491821
      vertex 0.5969855785369873 -0.29592660069465637 1.3567984104156494
      vertex 0.5870087146759033 -0.30558255314826965 1.3511216640472412
    endloop
  endfacet
  facet normal 0.5737720359613293 -0.11621106721825818 -0.810728461696507
    outer loop
      vertex 0.33276960253715515 0.0967959612607956 1.1135131120681763
      vertex 0.34274643659591675 0.10645191371440887 1.1191898584365845
      vertex 0.38511961698532104 0.03938882797956467 1.1587913036346436
    endloop
  endfacet
  facet normal 0.5737757920126192 -0.11620610627640408 -0.810726514531484
    outer loop
      vertex 0.33276960253715515 0.0967959612607956 1.1135131120681763
      vertex 0.38511961698532104 0.03938882797956467 1.1587913036346436
      vertex 0.37514278292655945 0.029732877388596535 1.1531144380569458
    endloop
  endfacet
  facet normal 0.5737726659602937 -0.11621022835152729 -0.8107281360747898
    outer loop
      vertex 0.34274643659591675 0.10645191371440887 1.1191898584365845
      vertex 0.35272324085235596 0.11610785871744156 1.1248666048049927
      vertex 0.39509645104408264 0.04904477670788765 1.1644680500030518
    endloop
  endfacet
  facet normal 0.573772016765015 -0.11621108579715639 -0.810728472619072
    outer loop
      vertex 0.34274643659591675 0.10645191371440887 1.1191898584365845
      vertex 0.39509645104408264 0.04904477670788765 1.1644680500030518
      vertex 0.38511961698532104 0.03938882797956467 1.1587913036346436
    endloop
  endfacet
  facet normal 0.5737718483957107 -0.11621156901324754 -0.810728522512961
    outer loop
      vertex 0.6069623827934265 -0.2862706482410431 1.3624751567840576
      vertex 0.602814793586731 -0.2542603313922882 1.3549513816833496
      vertex 0.65931236743927 -0.3436777889728546 1.407753348350525
    endloop
  endfacet
  facet normal 0.5737704125217358 -0.11621198006112253 -0.8107294797926805
    outer loop
      vertex 0.5463172197341919 -0.164842888712883 1.3021495342254639
      vertex 0.602814793586731 -0.2542603313922882 1.3549513816833496
      vertex 0.6069623827934265 -0.2862706482410431 1.3624751567840576
    endloop
  endfacet
  facet normal 0.5737742785235127 -0.11620890868340554 -0.8107271839820313
    outer loop
      vertex 0.5463172197341919 -0.164842888712883 1.3021495342254639
      vertex 0.6069623827934265 -0.2862706482410431 1.3624751567840576
      vertex 0.5645892024040222 -0.21920756995677948 1.3228737115859985
    endloop
  endfacet
  facet normal 0.5737727895226777 -0.11621032599024826 -0.810728034630976
    outer loop
      vertex 0.6069623827934265 -0.2862706482410431 1.3624751567840576
      vertex 0.6393587589263916 -0.3629896938800812 1.3963998556137085
      vertex 0.5969855785369873 -0.29592660069465637 1.3567984104156494
    endloop
  endfacet
  facet normal 0.5737725744455132 -0.11620988767366104 -0.8107282496749716
    outer loop
      vertex 0.48981964588165283 -0.07542544603347778 1.2493476867675781
      vertex 0.5463172197341919 -0.164842888712883 1.3021495342254639
      vertex 0.5645892024040222 -0.21920756995677948 1.3228737115859985
    endloop
  endfacet
  facet normal 0.5737727895226777 -0.11621032599024826 -0.810728034630976
    outer loop
      vertex 0.6393587589263916 -0.3629896938800812 1.3963998556137085
      vertex 0.6069623827934265 -0.2862706482410431 1.3624751567840576
      vertex 0.65931236743927 -0.3436777889728546 1.407753348350525
    endloop
  endfacet
  facet normal 0.5737708436422903 -0.1162113098717605 -0.8107292707457306
    outer loop
      vertex 0.5546123385429382 -0.22886350750923157 1.3171969652175903
      vertex 0.48981964588165283 -0.07542544603347778 1.2493476867675781
      vertex 0.5645892024040222 -0.21920756995677948 1.3228737115859985
    endloop
  endfacet
  facet normal 0.573771070234638 -0.11621215811009374 -0.8107289887929213
    outer loop
      vertex 0.39509645104408264 0.04904477670788765 1.1644680500030518
      vertex 0.4333220422267914 0.013992001302540302 1.1965457201004028
      vertex 0.48981964588165283 -0.07542544603347778 1.2493476867675781
    endloop
  endfacet
  facet normal 0.5737725083459879 -0.11620994829949241 -0.810728287765132
    outer loop
      vertex 0.39509645104408264 0.04904477670788765 1.1644680500030518
      vertex 0.3768244683742523 0.10340944677591324 1.143743872642517
      vertex 0.4333220422267914 0.013992001302540302 1.1965457201004028
    endloop
  endfacet
  facet normal 0.5737732267900871 -0.11621024387893278 -0.8107277369354587
    outer loop
      vertex 0.3768244683742523 0.10340944677591324 1.143743872642517
      vertex 0.35272324085235596 0.11610785871744156 1.1248666048049927
      vertex 0.32032689452171326 0.19282689690589905 1.0909419059753418
    endloop
  endfacet
  facet normal 0.5737725120922846 -0.11620998482864141 -0.8107282798776888
    outer loop
      vertex 0.34274643659591675 0.10645191371440887 1.1191898584365845
      vertex 0.3173319399356842 0.16937687993049622 1.0921837091445923
      vertex 0.35272324085235596 0.11610785871744156 1.1248666048049927
    endloop
  endfacet
  facet normal 0.5737701465371469 -0.11621237356389012 -0.8107296116297885
    outer loop
      vertex 0.35272324085235596 0.11610785871744156 1.1248666048049927
      vertex 0.3173319399356842 0.16937687993049622 1.0921837091445923
      vertex 0.32032689452171326 0.19282689690589905 1.0909419059753418
    endloop
  endfacet
  facet normal 0.5737736081490669 -0.11620931646446567 -0.8107275999732972
    outer loop
      vertex 0.39509645104408264 0.04904477670788765 1.1644680500030518
      vertex 0.35272324085235596 0.11610785871744156 1.1248666048049927
      vertex 0.3768244683742523 0.10340944677591324 1.143743872642517
    endloop
  endfacet
  facet normal 0.573772016765015 -0.11621108579715639 -0.810728472619072
    outer loop
      vertex 0.38511961698532104 0.03938882797956467 1.1587913036346436
      vertex 0.39509645104408264 0.04904477670788765 1.1644680500030518
      vertex 0.48981964588165283 -0.07542544603347778 1.2493476867675781
    endloop
  endfacet
  facet normal 0.5737729494585224 -0.11620985391173869 -0.8107279891082337
    outer loop
      vertex 0.5546123385429382 -0.22886350750923157 1.3171969652175903
      vertex 0.38511961698532104 0.03938882797956467 1.1587913036346436
      vertex 0.48981964588165283 -0.07542544603347778 1.2493476867675781
    endloop
  endfacet
  facet normal 0.5737737539210215 -0.11620851700082145 -0.8107276114009248
    outer loop
      vertex 0.6194050908088684 -0.38230156898498535 1.3850462436676025
      vertex 0.5870087146759033 -0.30558255314826965 1.3511216640472412
      vertex 0.6393587589263916 -0.3629896938800812 1.3963998556137085
    endloop
  endfacet
  facet normal 0.5737738440172244 -0.11620930540971387 -0.8107274346276248
    outer loop
      vertex 0.5658245086669922 -0.2975008189678192 1.3349705934524536
      vertex 0.544635534286499 -0.23851945996284485 1.3115202188491821
      vertex 0.5870087146759033 -0.30558255314826965 1.3511216640472412
    endloop
  endfacet
  facet normal 0.5737727752787102 -0.11621030344670341 -0.8107280479432002
    outer loop
      vertex 0.544635534286499 -0.23851945996284485 1.3115202188491821
      vertex 0.45866337418556213 -0.12789928913116455 1.2348191738128662
      vertex 0.5546123385429382 -0.22886350750923157 1.3171969652175903
    endloop
  endfacet
  facet normal 0.5737741918677435 -0.11620821420374398 -0.810727344856515
    outer loop
      vertex 0.5870087146759033 -0.30558255314826965 1.3511216640472412
      vertex 0.6194050908088684 -0.38230156898498535 1.3850462436676025
      vertex 0.5658245086669922 -0.2975008189678192 1.3349705934524536
    endloop
  endfacet
  facet normal 0.5737757472608436 -0.11620687591492078 -0.8107264358865787
    outer loop
      vertex 0.544635534286499 -0.23851945996284485 1.3115202188491821
      vertex 0.512243926525116 -0.21270005404949188 1.2848948240280151
      vertex 0.45866337418556213 -0.12789928913116455 1.2348191738128662
    endloop
  endfacet
  facet normal 0.5737746107901871 -0.116208840674332 -0.8107269585758803
    outer loop
      vertex 0.544635534286499 -0.23851945996284485 1.3115202188491821
      vertex 0.5658245086669922 -0.2975008189678192 1.3349705934524536
      vertex 0.512243926525116 -0.21270005404949188 1.2848948240280151
    endloop
  endfacet
  facet normal 0.5737734777394979 -0.11620934262105528 -0.8107276885183484
    outer loop
      vertex 0.38511961698532104 0.03938882797956467 1.1587913036346436
      vertex 0.5546123385429382 -0.22886350750923157 1.3171969652175903
      vertex 0.45866337418556213 -0.12789928913116455 1.2348191738128662
    endloop
  endfacet
  facet normal 0.5737716945754009 -0.11621061705908313 -0.8107287678297964
    outer loop
      vertex 0.38511961698532104 0.03938882797956467 1.1587913036346436
      vertex 0.45866337418556213 -0.12789928913116455 1.2348191738128662
      vertex 0.4050827920436859 -0.04309852793812752 1.1847435235977173
    endloop
  endfacet
  facet normal 0.5737771183666168 -0.11620820548357245 -0.8107252749342339
    outer loop
      vertex 0.4050827920436859 -0.04309852793812752 1.1847435235977173
      vertex 0.37514278292655945 0.029732877388596535 1.1531144380569458
      vertex 0.38511961698532104 0.03938882797956467 1.1587913036346436
    endloop
  endfacet
  facet normal 0.5737744821719986 -0.11620867153688116 -0.810727073846611
    outer loop
      vertex 0.3173319399356842 0.16937687993049622 1.0921837091445923
      vertex 0.34274643659591675 0.10645191371440887 1.1191898584365845
      vertex 0.31433698534965515 0.14592686295509338 1.0934253931045532
    endloop
  endfacet
  facet normal 0.5737721288882364 -0.11621121429150892 -0.8107283748481696
    outer loop
      vertex 0.34274643659591675 0.10645191371440887 1.1191898584365845
      vertex 0.33276960253715515 0.0967959612607956 1.1135131120681763
      vertex 0.31433698534965515 0.14592686295509338 1.0934253931045532
    endloop
  endfacet
  facet normal 0.5737720028648439 -0.11620977356315187 -0.8107286705531428
    outer loop
      vertex 0.37514278292655945 0.029732877388596535 1.1531144380569458
      vertex 0.3515022099018097 0.041702236980199814 1.1346677541732788
      vertex 0.33276960253715515 0.0967959612607956 1.1135131120681763
    endloop
  endfacet
  facet normal 0.5737724409353454 -0.11621101840563061 -0.8107281820833797
    outer loop
      vertex 0.31433698534965515 0.14592686295509338 1.0934253931045532
      vertex 0.33276960253715515 0.0967959612607956 1.1135131120681763
      vertex 0.29792165756225586 0.12650300562381744 1.0845921039581299
    endloop
  endfacet
  facet normal 0.5737738627579757 -0.11620869510681044 -0.8107275088445957
    outer loop
      vertex 0.3515022099018097 0.041702236980199814 1.1346677541732788
      vertex 0.29792165756225586 0.12650300562381744 1.0845921039581299
      vertex 0.33276960253715515 0.0967959612607956 1.1135131120681763
    endloop
  endfacet
  facet normal 0.5737709718122114 -0.11621236261612784 -0.8107290291341789
    outer loop
      vertex 0.4050827920436859 -0.04309852793812752 1.1847435235977173
      vertex 0.3515022099018097 0.041702236980199814 1.1346677541732788
      vertex 0.37514278292655945 0.029732877388596535 1.1531144380569458
    endloop
  endfacet
  facet normal 0.5737712730672138 -0.11621179367143489 -0.8107288974833059
    outer loop
      vertex 0.5870087146759033 -0.30558255314826965 1.3511216640472412
      vertex 0.5969855785369873 -0.29592660069465637 1.3567984104156494
      vertex 0.6393587589263916 -0.3629896938800812 1.3963998556137085
    endloop
  endfacet
  facet normal 0.6651201075454395 0.6437301274432395 0.37845312201203146
    outer loop
      vertex 0.5592560172080994 -0.2064378708600998 1.3501611948013306
      vertex 0.6016339063644409 -0.27350836992263794 1.3897669315338135
      vertex 0.6092842221260071 -0.2750578224658966 1.3789572715759277
    endloop
  endfacet
  facet normal 0.6651221669102771 0.643730117280231 0.3784495200036029
    outer loop
      vertex 0.5592560172080994 -0.2064378708600998 1.3501611948013306
      vertex 0.6092842221260071 -0.2750578224658966 1.3789572715759277
      vertex 0.5669063329696655 -0.20798733830451965 1.3393514156341553
    endloop
  endfacet
  facet normal 0.6651226096566683 0.643729661367548 0.37844951737203397
    outer loop
      vertex 0.5477805733680725 -0.2041136771440506 1.3663756847381592
      vertex 0.5439554452896118 -0.20333893597126007 1.371780514717102
      vertex 0.5863332748413086 -0.2704094350337982 1.4113863706588745
    endloop
  endfacet
  facet normal 0.6651183203431733 0.6437306014546721 0.37845545668503966
    outer loop
      vertex 0.5939835906028748 -0.2719588875770569 1.4005767107009888
      vertex 0.551605761051178 -0.20488840341567993 1.3609708547592163
      vertex 0.5477805733680725 -0.2041136771440506 1.3663756847381592
    endloop
  endfacet
  facet normal 0.6651199195291206 0.6437304250127522 0.37845294629382625
    outer loop
      vertex 0.5863332748413086 -0.2704094350337982 1.4113863706588745
      vertex 0.5939835906028748 -0.2719588875770569 1.4005767107009888
      vertex 0.5477805733680725 -0.2041136771440506 1.3663756847381592
    endloop
  endfacet
  facet normal 0.6651227933599078 0.6437296955111128 0.3784491364374918
    outer loop
      vertex 0.551605761051178 -0.20488840341567993 1.3609708547592163
      vertex 0.5939835906028748 -0.2719588875770569 1.4005767107009888
      vertex 0.6016339063644409 -0.27350836992263794 1.3897669315338135
    endloop
  endfacet
  facet normal 0.6651222263521661 0.6437296983111829 0.3784501281867023
    outer loop
      vertex 0.551605761051178 -0.20488840341567993 1.3609708547592163
      vertex 0.6016339063644409 -0.27350836992263794 1.3897669315338135
      vertex 0.5592560172080994 -0.2064378708600998 1.3501611948013306
    endloop
  endfacet
  facet normal 0.6651225874408163 0.6437296965281064 0.3784494966093436
    outer loop
      vertex 0.5401302576065063 -0.20256420969963074 1.3771854639053345
      vertex 0.5363051295280457 -0.2017894685268402 1.3825902938842773
      vertex 0.5786830186843872 -0.26885995268821716 1.4221960306167603
    endloop
  endfacet
  facet normal 0.6651222548969099 0.6437297332204258 0.3784500186402548
    outer loop
      vertex 0.5863332748413086 -0.2704094350337982 1.4113863706588745
      vertex 0.5439554452896118 -0.20333893597126007 1.371780514717102
      vertex 0.5401302576065063 -0.20256420969963074 1.3771854639053345
    endloop
  endfacet
  facet normal 0.6651225874408163 0.6437296965281064 0.3784494966093436
    outer loop
      vertex 0.5786830186843872 -0.26885995268821716 1.4221960306167603
      vertex 0.5863332748413086 -0.2704094350337982 1.4113863706588745
      vertex 0.5401302576065063 -0.20256420969963074 1.3771854639053345
    endloop
  endfacet
  facet normal 0.6651230442548938 0.6437289735373983 0.3784499235428517
    outer loop
      vertex 0.5227665305137634 -0.1698036938905716 1.3519777059555054
      vertex 0.5439554452896118 -0.20333893597126007 1.371780514717102
      vertex 0.5477805733680725 -0.2041136771440506 1.3663756847381592
    endloop
  endfacet
  facet normal 0.6651230442548938 0.6437289735373983 0.3784499235428517
    outer loop
      vertex 0.5227665305137634 -0.1698036938905716 1.3519777059555054
      vertex 0.5477805733680725 -0.2041136771440506 1.3663756847381592
      vertex 0.5265916585922241 -0.17057843506336212 1.3465728759765625
    endloop
  endfacet
  facet normal 0.6651188066459246 0.643729831790789 0.3784559111818757
    outer loop
      vertex 0.5265916585922241 -0.17057843506336212 1.3465728759765625
      vertex 0.5477805733680725 -0.2041136771440506 1.3663756847381592
      vertex 0.551605761051178 -0.20488840341567993 1.3609708547592163
    endloop
  endfacet
  facet normal 0.6651251878431536 0.6437298003000475 0.3784447498674949
    outer loop
      vertex 0.5265916585922241 -0.17057843506336212 1.3465728759765625
      vertex 0.551605761051178 -0.20488840341567993 1.3609708547592163
      vertex 0.5304167866706848 -0.17135316133499146 1.34116792678833
    endloop
  endfacet
  facet normal 0.6651217178392126 0.6437305031223514 0.37844965293742727
    outer loop
      vertex 0.5304167866706848 -0.17135316133499146 1.34116792678833
      vertex 0.551605761051178 -0.20488840341567993 1.3609708547592163
      vertex 0.5592560172080994 -0.2064378708600998 1.3501611948013306
    endloop
  endfacet
  facet normal 0.6651228668750578 0.643729009463425 0.37845017417771326
    outer loop
      vertex 0.5168781876564026 -0.13936738669872284 1.310555338859558
      vertex 0.5092278718948364 -0.13781791925430298 1.3213651180267334
      vertex 0.5304167866706848 -0.17135316133499146 1.34116792678833
    endloop
  endfacet
  facet normal 0.6651204391501265 0.643730172327475 0.37845246288005874
    outer loop
      vertex 0.5592560172080994 -0.2064378708600998 1.3501611948013306
      vertex 0.5168781876564026 -0.13936738669872284 1.310555338859558
      vertex 0.5304167866706848 -0.17135316133499146 1.34116792678833
    endloop
  endfacet
  facet normal 0.6651213050510003 0.6437305867274976 0.3784502361985334
    outer loop
      vertex 0.5112910270690918 -0.1674795001745224 1.368192195892334
      vertex 0.532480001449585 -0.20101474225521088 1.3879951238632202
      vertex 0.5363051295280457 -0.2017894685268402 1.3825902938842773
    endloop
  endfacet
  facet normal 0.6651183203431733 0.6437306014546721 0.37845545668503966
    outer loop
      vertex 0.5112910270690918 -0.1674795001745224 1.368192195892334
      vertex 0.5363051295280457 -0.2017894685268402 1.3825902938842773
      vertex 0.5151162147521973 -0.16825422644615173 1.3627873659133911
    endloop
  endfacet
  facet normal 0.6651225579583288 0.6437297431894097 0.3784494690553365
    outer loop
      vertex 0.5151162147521973 -0.16825422644615173 1.3627873659133911
      vertex 0.5363051295280457 -0.2017894685268402 1.3825902938842773
      vertex 0.5401302576065063 -0.20256420969963074 1.3771854639053345
    endloop
  endfacet
  facet normal 0.6651225579583288 0.6437297431894097 0.3784494690553365
    outer loop
      vertex 0.5151162147521973 -0.16825422644615173 1.3627873659133911
      vertex 0.5401302576065063 -0.20256420969963074 1.3771854639053345
      vertex 0.518941342830658 -0.16902896761894226 1.3573825359344482
    endloop
  endfacet
  facet normal 0.6651222031982295 0.6437298150423647 0.37844997032402605
    outer loop
      vertex 0.518941342830658 -0.16902896761894226 1.3573825359344482
      vertex 0.5401302576065063 -0.20256420969963074 1.3771854639053345
      vertex 0.5439554452896118 -0.20333893597126007 1.371780514717102
    endloop
  endfacet
  facet normal 0.6651188066459246 0.643729831790789 0.3784559111818757
    outer loop
      vertex 0.518941342830658 -0.16902896761894226 1.3573825359344482
      vertex 0.5439554452896118 -0.20333893597126007 1.371780514717102
      vertex 0.5227665305137634 -0.1698036938905716 1.3519777059555054
    endloop
  endfacet
  facet normal 0.6651225424593558 0.643730417482226 0.3784483493431588
    outer loop
      vertex 0.4352172017097473 -0.04971877485513687 1.3015844821929932
      vertex 0.4458116590976715 -0.06648639589548111 1.311486005783081
      vertex 0.44772425293922424 -0.06687376648187637 1.3087835311889648
    endloop
  endfacet
  facet normal 0.6651153881455961 0.6437304527649365 0.3784608627519931
    outer loop
      vertex 0.4352172017097473 -0.04971877485513687 1.3015844821929932
      vertex 0.44772425293922424 -0.06687376648187637 1.3087835311889648
      vertex 0.43712979555130005 -0.05010614171624184 1.2988821268081665
    endloop
  endfacet
  facet normal 0.6651153364479129 0.6437305345869245 0.3784608144342189
    outer loop
      vertex 0.4246227443218231 -0.03295115381479263 1.2916830778121948
      vertex 0.4352172017097473 -0.04971877485513687 1.3015844821929932
      vertex 0.43712979555130005 -0.05010614171624184 1.2988821268081665
    endloop
  endfacet
  facet normal 0.665125114326918 0.6437304863317583 0.3784437121405002
    outer loop
      vertex 0.4246227443218231 -0.03295115381479263 1.2916830778121948
      vertex 0.43712979555130005 -0.05010614171624184 1.2988821268081665
      vertex 0.42653530836105347 -0.0333385206758976 1.2889806032180786
    endloop
  endfacet
  facet normal 0.6651209771480053 0.6437293208475564 0.37845296568903575
    outer loop
      vertex 0.43712979555130005 -0.05010614171624184 1.2988821268081665
      vertex 0.44772425293922424 -0.06687376648187637 1.3087835311889648
      vertex 0.4515494108200073 -0.0676485002040863 1.303378701210022
    endloop
  endfacet
  facet normal 0.6651195255218365 0.6437316183062101 0.3784516090102868
    outer loop
      vertex 0.43036046624183655 -0.03411325439810753 1.2835757732391357
      vertex 0.42653530836105347 -0.0333385206758976 1.2889806032180786
      vertex 0.43712979555130005 -0.05010614171624184 1.2988821268081665
    endloop
  endfacet
  facet normal 0.6651231489577528 0.6437298827006767 0.3784481930709882
    outer loop
      vertex 0.4515494108200073 -0.0676485002040863 1.303378701210022
      vertex 0.43036046624183655 -0.03411325439810753 1.2835757732391357
      vertex 0.43712979555130005 -0.05010614171624184 1.2988821268081665
    endloop
  endfacet
  facet normal 0.6651209463512162 0.6437293695891588 0.37845293690656817
    outer loop
      vertex 0.4053463935852051 0.00019672441703733057 1.269177794456482
      vertex 0.42653530836105347 -0.0333385206758976 1.2889806032180786
      vertex 0.43036046624183655 -0.03411325439810753 1.2835757732391357
    endloop
  endfacet
  facet normal 0.6651243308799548 0.6437293528822811 0.3784470170436704
    outer loop
      vertex 0.4053463935852051 0.00019672441703733057 1.269177794456482
      vertex 0.43036046624183655 -0.03411325439810753 1.2835757732391357
      vertex 0.40917155146598816 -0.000578009057790041 1.2637728452682495
    endloop
  endfacet
  facet normal 0.6651213362092494 0.6437299120432396 0.3784513290504155
    outer loop
      vertex 0.3667936623096466 0.0664924830198288 1.2241671085357666
      vertex 0.40917155146598816 -0.000578009057790041 1.2637728452682495
      vertex 0.41682183742523193 -0.0021274760365486145 1.2529631853103638
    endloop
  endfacet
  facet normal 0.665122299592703 0.6437299072873435 0.3784496440060987
    outer loop
      vertex 0.3667936623096466 0.0664924830198288 1.2241671085357666
      vertex 0.41682183742523193 -0.0021274760365486145 1.2529631853103638
      vertex 0.37444397807121277 0.06494301557540894 1.2133573293685913
    endloop
  endfacet
  facet normal 0.6651198126967449 0.6437305940940112 0.37845284644935395
    outer loop
      vertex 0.32617777585983276 0.16244980692863464 1.1323292255401611
      vertex 0.34736672043800354 0.12891456484794617 1.1521321535110474
      vertex 0.3511918783187866 0.12813983857631683 1.1467273235321045
    endloop
  endfacet
  facet normal 0.6651198126967449 0.6437305940940112 0.37845284644935395
    outer loop
      vertex 0.32617777585983276 0.16244980692863464 1.1323292255401611
      vertex 0.3511918783187866 0.12813983857631683 1.1467273235321045
      vertex 0.33000293374061584 0.1616750806570053 1.1269243955612183
    endloop
  endfacet
  facet normal 0.6651206382737205 0.6437304268861684 0.37845167993194306
    outer loop
      vertex 0.33000293374061584 0.1616750806570053 1.1269243955612183
      vertex 0.3511918783187866 0.12813983857631683 1.1467273235321045
      vertex 0.3550170361995697 0.1273650974035263 1.1413224935531616
    endloop
  endfacet
  facet normal 0.6651206382737205 0.6437304268861684 0.37845167993194306
    outer loop
      vertex 0.33000293374061584 0.1616750806570053 1.1269243955612183
      vertex 0.3550170361995697 0.1273650974035263 1.1413224935531616
      vertex 0.3338280916213989 0.16090033948421478 1.1215195655822754
    endloop
  endfacet
  facet normal 0.665119932453716 0.6437304045572724 0.37845295837302506
    outer loop
      vertex 0.3511918783187866 0.12813983857631683 1.1467273235321045
      vertex 0.34736672043800354 0.12891456484794617 1.1521321535110474
      vertex 0.3897445797920227 0.061844076961278915 1.1917380094528198
    endloop
  endfacet
  facet normal 0.665120988255132 0.6437298729769638 0.3784520070227911
    outer loop
      vertex 0.39739489555358887 0.06029461324214935 1.1809282302856445
      vertex 0.3550170361995697 0.1273650974035263 1.1413224935531616
      vertex 0.3511918783187866 0.12813983857631683 1.1467273235321045
    endloop
  endfacet
  facet normal 0.6651223244337424 0.6437297255478748 0.37844990948065127
    outer loop
      vertex 0.3897445797920227 0.061844076961278915 1.1917380094528198
      vertex 0.39739489555358887 0.06029461324214935 1.1809282302856445
      vertex 0.3511918783187866 0.12813983857631683 1.1467273235321045
    endloop
  endfacet
  facet normal 0.6651198126967449 0.6437305940940112 0.37845284644935395
    outer loop
      vertex 0.3338280916213989 0.16090033948421478 1.1215195655822754
      vertex 0.3550170361995697 0.1273650974035263 1.1413224935531616
      vertex 0.3588421940803528 0.12659037113189697 1.1359176635742188
    endloop
  endfacet
  facet normal 0.6651198126967449 0.6437305940940112 0.37845284644935395
    outer loop
      vertex 0.3338280916213989 0.16090033948421478 1.1215195655822754
      vertex 0.3588421940803528 0.12659037113189697 1.1359176635742188
      vertex 0.337653249502182 0.16012561321258545 1.1161147356033325
    endloop
  endfacet
  facet normal 0.6651200263614971 0.6437302559314065 0.37845304613831166
    outer loop
      vertex 0.28968825936317444 0.19908398389816284 1.134145736694336
      vertex 0.3108771741390228 0.16554874181747437 1.1539486646652222
      vertex 0.3147023320198059 0.16477401554584503 1.1485438346862793
    endloop
  endfacet
  facet normal 0.6651215187168444 0.6437302485642605 0.3784504358871763
    outer loop
      vertex 0.28968825936317444 0.19908398389816284 1.134145736694336
      vertex 0.3147023320198059 0.16477401554584503 1.1485438346862793
      vertex 0.29351338744163513 0.1983092576265335 1.128740906715393
    endloop
  endfacet
  facet normal 0.6651198126967449 0.6437305940940112 0.37845284644935395
    outer loop
      vertex 0.3108771741390228 0.16554874181747437 1.1539486646652222
      vertex 0.3320661187171936 0.1320134997367859 1.1737515926361084
      vertex 0.3358912765979767 0.13123877346515656 1.1683467626571655
    endloop
  endfacet
  facet normal 0.6651198126967449 0.6437305940940112 0.37845284644935395
    outer loop
      vertex 0.3108771741390228 0.16554874181747437 1.1539486646652222
      vertex 0.3358912765979767 0.13123877346515656 1.1683467626571655
      vertex 0.3147023320198059 0.16477401554584503 1.1485438346862793
    endloop
  endfacet
  facet normal 0.6651223442926489 0.6437300813533247 0.3784492693657804
    outer loop
      vertex 0.3147023320198059 0.16477401554584503 1.1485438346862793
      vertex 0.3358912765979767 0.13123877346515656 1.1683467626571655
      vertex 0.3397164046764374 0.13046403229236603 1.1629419326782227
    endloop
  endfacet
  facet normal 0.6651208519383044 0.6437300887232319 0.3784518796217614
    outer loop
      vertex 0.3147023320198059 0.16477401554584503 1.1485438346862793
      vertex 0.3397164046764374 0.13046403229236603 1.1629419326782227
      vertex 0.318527489900589 0.1639992743730545 1.1431390047073364
    endloop
  endfacet
  facet normal 0.6651201626794836 0.6437300401836863 0.37845317353977465
    outer loop
      vertex 0.3358912765979767 0.13123877346515656 1.1683467626571655
      vertex 0.3320661187171936 0.1320134997367859 1.1737515926361084
      vertex 0.37444397807121277 0.06494301557540894 1.2133573293685913
    endloop
  endfacet
  facet normal 0.6651225874408163 0.6437296965281064 0.3784494966093436
    outer loop
      vertex 0.38209429383277893 0.06339354813098907 1.2025476694107056
      vertex 0.3397164046764374 0.13046403229236603 1.1629419326782227
      vertex 0.3358912765979767 0.13123877346515656 1.1683467626571655
    endloop
  endfacet
  facet normal 0.6651206013166754 0.643729915669515 0.3784526144397252
    outer loop
      vertex 0.37444397807121277 0.06494301557540894 1.2133573293685913
      vertex 0.38209429383277893 0.06339354813098907 1.2025476694107056
      vertex 0.3358912765979767 0.13123877346515656 1.1683467626571655
    endloop
  endfacet
  facet normal 0.6651214248409872 0.6437299319974835 0.3784511393403515
    outer loop
      vertex 0.3397164046764374 0.13046403229236603 1.1629419326782227
      vertex 0.38209429383277893 0.06339354813098907 1.2025476694107056
      vertex 0.3897445797920227 0.061844076961278915 1.1917380094528198
    endloop
  endfacet
  facet normal 0.6651222866680695 0.6437299277428171 0.37844963192697895
    outer loop
      vertex 0.3397164046764374 0.13046403229236603 1.1629419326782227
      vertex 0.3897445797920227 0.061844076961278915 1.1917380094528198
      vertex 0.34736672043800354 0.12891456484794617 1.1521321535110474
    endloop
  endfacet
  facet normal 0.6651222737434346 0.6437299481982915 0.378449619847858
    outer loop
      vertex 0.32441580295562744 0.13356296718120575 1.1845612525939941
      vertex 0.3667936623096466 0.0664924830198288 1.2241671085357666
      vertex 0.37444397807121277 0.06494301557540894 1.2133573293685913
    endloop
  endfacet
  facet normal 0.6651205754675336 0.6437299565804808 0.37845259028130507
    outer loop
      vertex 0.32441580295562744 0.13356296718120575 1.1845612525939941
      vertex 0.37444397807121277 0.06494301557540894 1.2133573293685913
      vertex 0.3320661187171936 0.1320134997367859 1.1737515926361084
    endloop
  endfacet
  facet normal 0.6651223805765932 0.6437297791162658 0.3784497196921264
    outer loop
      vertex 0.3108771741390228 0.16554874181747437 1.1539486646652222
      vertex 0.28968825936317444 0.19908398389816284 1.134145736694336
      vertex 0.2820379436016083 0.2006334513425827 1.1449555158615112
    endloop
  endfacet
  facet normal 0.6651202254854586 0.6437305104902457 0.37845226319067077
    outer loop
      vertex 0.32441580295562744 0.13356296718120575 1.1845612525939941
      vertex 0.3320661187171936 0.1320134997367859 1.1737515926361084
      vertex 0.3108771741390228 0.16554874181747437 1.1539486646652222
    endloop
  endfacet
  facet normal 0.6651219726872818 0.643729673594372 0.3784506160421226
    outer loop
      vertex 0.2820379436016083 0.2006334513425827 1.1449555158615112
      vertex 0.32441580295562744 0.13356296718120575 1.1845612525939941
      vertex 0.3108771741390228 0.16554874181747437 1.1539486646652222
    endloop
  endfacet
  facet normal 0.6651224511254884 0.6437299122714104 0.3784493692105519
    outer loop
      vertex 0.2664361596107483 0.26228082180023193 1.0675157308578491
      vertex 0.270261287689209 0.2615060806274414 1.0621109008789062
      vertex 0.22788342833518982 0.32857656478881836 1.0225050449371338
    endloop
  endfacet
  facet normal 0.6651193870826982 0.6437301282858748 0.3784543867677942
    outer loop
      vertex 0.22023312747478485 0.3301260471343994 1.033314824104309
      vertex 0.2626110017299652 0.2630555331707001 1.072920560836792
      vertex 0.2664361596107483 0.26228082180023193 1.0675157308578491
    endloop
  endfacet
  facet normal 0.6651231544770531 0.6437297126088044 0.3784484726922283
    outer loop
      vertex 0.22788342833518982 0.32857656478881836 1.0225050449371338
      vertex 0.22023312747478485 0.3301260471343994 1.033314824104309
      vertex 0.2664361596107483 0.26228082180023193 1.0675157308578491
    endloop
  endfacet
  facet normal 0.6651207485417726 0.6437302523670293 0.3784517829878899
    outer loop
      vertex 0.2626110017299652 0.2630555331707001 1.072920560836792
      vertex 0.2837999165058136 0.2295203059911728 1.0927234888076782
      vertex 0.2876250743865967 0.22874556481838226 1.0873186588287354
    endloop
  endfacet
  facet normal 0.6651193041798057 0.643730259494421 0.37845430928794616
    outer loop
      vertex 0.2626110017299652 0.2630555331707001 1.072920560836792
      vertex 0.2876250743865967 0.22874556481838226 1.0873186588287354
      vertex 0.2664361596107483 0.26228082180023193 1.0675157308578491
    endloop
  endfacet
  facet normal 0.665124012585948 0.6437293058653084 0.3784476564225705
    outer loop
      vertex 0.2664361596107483 0.26228082180023193 1.0675157308578491
      vertex 0.2876250743865967 0.22874556481838226 1.0873186588287354
      vertex 0.29145023226737976 0.22797083854675293 1.081913709640503
    endloop
  endfacet
  facet normal 0.6651228305891036 0.6437293117022594 0.37844972385308184
    outer loop
      vertex 0.2664361596107483 0.26228082180023193 1.0675157308578491
      vertex 0.29145023226737976 0.22797083854675293 1.081913709640503
      vertex 0.270261287689209 0.2615060806274414 1.0621109008789062
    endloop
  endfacet
  facet normal 0.6651211245720254 0.6437296572304536 0.37845213442390196
    outer loop
      vertex 0.270261287689209 0.2615060806274414 1.0621109008789062
      vertex 0.29145023226737976 0.22797083854675293 1.081913709640503
      vertex 0.29527539014816284 0.2271960973739624 1.07650887966156
    endloop
  endfacet
  facet normal 0.6651211245720254 0.6437296572304536 0.37845213442390196
    outer loop
      vertex 0.270261287689209 0.2615060806274414 1.0621109008789062
      vertex 0.29527539014816284 0.2271960973739624 1.07650887966156
      vertex 0.27408644556999207 0.2607313394546509 1.0567060708999634
    endloop
  endfacet
  facet normal 0.6651204494307932 0.6437301749870856 0.3784524402881768
    outer loop
      vertex 0.20493252575397491 0.33322498202323914 1.0549341440200806
      vertex 0.24731038510799408 0.2661544680595398 1.094539999961853
      vertex 0.25496068596839905 0.26460501551628113 1.0837303400039673
    endloop
  endfacet
  facet normal 0.6651211716106118 0.6437301714221099 0.3784511771367452
    outer loop
      vertex 0.20493252575397491 0.33322498202323914 1.0549341440200806
      vertex 0.25496068596839905 0.26460501551628113 1.0837303400039673
      vertex 0.21258282661437988 0.3316754996776581 1.0441244840621948
    endloop
  endfacet
  facet normal 0.6651205357678748 0.6437300383432271 0.3784525209778402
    outer loop
      vertex 0.25496068596839905 0.26460501551628113 1.0837303400039673
      vertex 0.24731038510799408 0.2661544680595398 1.094539999961853
      vertex 0.28968825936317444 0.19908398389816284 1.134145736694336
    endloop
  endfacet
  facet normal 0.6651211245720254 0.6437296572304536 0.37845213442390196
    outer loop
      vertex 0.25496068596839905 0.26460501551628113 1.0837303400039673
      vertex 0.2761496305465698 0.23106977343559265 1.103533148765564
      vertex 0.2799747884273529 0.23029503226280212 1.098128318786621
    endloop
  endfacet
  facet normal 0.6651245210778723 0.64372964046265 0.37844619360056764
    outer loop
      vertex 0.25496068596839905 0.26460501551628113 1.0837303400039673
      vertex 0.2799747884273529 0.23029503226280212 1.098128318786621
      vertex 0.25878584384918213 0.2638302743434906 1.0783253908157349
    endloop
  endfacet
  facet normal 0.6651215187168444 0.6437302485642605 0.3784504358871763
    outer loop
      vertex 0.25878584384918213 0.2638302743434906 1.0783253908157349
      vertex 0.2799747884273529 0.23029503226280212 1.098128318786621
      vertex 0.2837999165058136 0.2295203059911728 1.0927234888076782
    endloop
  endfacet
  facet normal 0.6651207485417726 0.6437302523670293 0.3784517829878899
    outer loop
      vertex 0.25878584384918213 0.2638302743434906 1.0783253908157349
      vertex 0.2837999165058136 0.2295203059911728 1.0927234888076782
      vertex 0.2626110017299652 0.2630555331707001 1.072920560836792
    endloop
  endfacet
  facet normal 0.6651210382354115 0.6437297938740114 0.3784520537341169
    outer loop
      vertex 0.25878584384918213 0.2638302743434906 1.0783253908157349
      vertex 0.2626110017299652 0.2630555331707001 1.072920560836792
      vertex 0.22023312747478485 0.3301260471343994 1.033314824104309
    endloop
  endfacet
  facet normal 0.6651246279118118 0.6437294713800304 0.3784462934446057
    outer loop
      vertex 0.21258282661437988 0.3316754996776581 1.0441244840621948
      vertex 0.25496068596839905 0.26460501551628113 1.0837303400039673
      vertex 0.25878584384918213 0.2638302743434906 1.0783253908157349
    endloop
  endfacet
  facet normal 0.6651206141743791 0.6437299142508762 0.3784525942556824
    outer loop
      vertex 0.22023312747478485 0.3301260471343994 1.033314824104309
      vertex 0.21258282661437988 0.3316754996776581 1.0441244840621948
      vertex 0.25878584384918213 0.2638302743434906 1.0783253908157349
    endloop
  endfacet
  facet normal 0.6651231130278719 0.6437297782093432 0.37844843395456523
    outer loop
      vertex 0.17785526812076569 0.39719653129577637 0.9937089681625366
      vertex 0.22023312747478485 0.3301260471343994 1.033314824104309
      vertex 0.22788342833518982 0.32857656478881836 1.0225050449371338
    endloop
  endfacet
  facet normal 0.665122263897992 0.6437297824030529 0.378449919163062
    outer loop
      vertex 0.17785526812076569 0.39719653129577637 0.9937089681625366
      vertex 0.22788342833518982 0.32857656478881836 1.0225050449371338
      vertex 0.18550556898117065 0.3956470489501953 0.9828992486000061
    endloop
  endfacet
  facet normal 0.6651213613432725 0.6437298711358143 0.3784513544596452
    outer loop
      vertex 0.16255465149879456 0.4002954661846161 1.0153284072875977
      vertex 0.20493252575397491 0.33322498202323914 1.0549341440200806
      vertex 0.21258282661437988 0.3316754996776581 1.0441244840621948
    endloop
  endfacet
  facet normal 0.665120988255132 0.6437298729769638 0.3784520070227911
    outer loop
      vertex 0.16255465149879456 0.4002954661846161 1.0153284072875977
      vertex 0.21258282661437988 0.3316754996776581 1.0441244840621948
      vertex 0.17020496726036072 0.39874598383903503 1.004518747329712
    endloop
  endfacet
  facet normal 0.6651205891841451 0.6437299538024074 0.3784525709000884
    outer loop
      vertex 0.17020496726036072 0.39874598383903503 1.004518747329712
      vertex 0.21258282661437988 0.3316754996776581 1.0441244840621948
      vertex 0.22023312747478485 0.3301260471343994 1.033314824104309
    endloop
  endfacet
  facet normal 0.6651222874609998 0.6437299454199449 0.37844960046521653
    outer loop
      vertex 0.17020496726036072 0.39874598383903503 1.004518747329712
      vertex 0.22023312747478485 0.3301260471343994 1.033314824104309
      vertex 0.17785526812076569 0.39719653129577637 0.9937089681625366
    endloop
  endfacet
  facet normal 0.6651218609596266 0.6437300318030502 0.3784502031026634
    outer loop
      vertex 0.1549043506383896 0.40184491872787476 1.0261380672454834
      vertex 0.19728220999240875 0.3347744345664978 1.0657439231872559
      vertex 0.20493252575397491 0.33322498202323914 1.0549341440200806
    endloop
  endfacet
  facet normal 0.6651205357678748 0.6437300383432271 0.3784525209778402
    outer loop
      vertex 0.1549043506383896 0.40184491872787476 1.0261380672454834
      vertex 0.20493252575397491 0.33322498202323914 1.0549341440200806
      vertex 0.16255465149879456 0.4002954661846161 1.0153284072875977
    endloop
  endfacet
  facet normal 0.6651219179064879 0.643729699834034 0.37845066768600044
    outer loop
      vertex 0.6363614797592163 -0.33902937173843384 1.4401824474334717
      vertex 0.65931236743927 -0.3436777889728546 1.407753348350525
      vertex 0.6092842221260071 -0.2750578224658966 1.3789572715759277
    endloop
  endfacet
  facet normal 0.6651197092998911 0.6437307577378647 0.3784527498156976
    outer loop
      vertex 0.6363614797592163 -0.33902937173843384 1.4401824474334717
      vertex 0.6092842221260071 -0.2750578224658966 1.3789572715759277
      vertex 0.6016339063644409 -0.27350836992263794 1.3897669315338135
    endloop
  endfacet
  facet normal 0.6651230781015897 0.6437296941046466 0.3784486383970813
    outer loop
      vertex 0.602814793586731 -0.2542603313922882 1.3549513816833496
      vertex 0.6092842221260071 -0.2750578224658966 1.3789572715759277
      vertex 0.65931236743927 -0.3436777889728546 1.407753348350525
    endloop
  endfacet
  facet normal 0.6651210766353232 0.6437299012844485 0.3784518035467434
    outer loop
      vertex 0.602814793586731 -0.2542603313922882 1.3549513816833496
      vertex 0.5463172197341919 -0.164842888712883 1.3021495342254639
      vertex 0.5669063329696655 -0.20798733830451965 1.3393514156341553
    endloop
  endfacet
  facet normal 0.665122445240556 0.6437300609073703 0.3784491267283056
    outer loop
      vertex 0.602814793586731 -0.2542603313922882 1.3549513816833496
      vertex 0.5669063329696655 -0.20798733830451965 1.3393514156341553
      vertex 0.6092842221260071 -0.2750578224658966 1.3789572715759277
    endloop
  endfacet
  facet normal 0.6651223805765932 0.6437297791162658 0.3784497196921264
    outer loop
      vertex 0.5168781876564026 -0.13936738669872284 1.310555338859558
      vertex 0.5592560172080994 -0.2064378708600998 1.3501611948013306
      vertex 0.5669063329696655 -0.20798733830451965 1.3393514156341553
    endloop
  endfacet
  facet normal 0.6651200558470804 0.643730209265182 0.378453073695249
    outer loop
      vertex 0.5863332748413086 -0.2704094350337982 1.4113863706588745
      vertex 0.6363614797592163 -0.33902937173843384 1.4401824474334717
      vertex 0.5939835906028748 -0.2719588875770569 1.4005767107009888
    endloop
  endfacet
  facet normal 0.6651228228421717 0.6437296488502542 0.3784491639911356
    outer loop
      vertex 0.5939835906028748 -0.2719588875770569 1.4005767107009888
      vertex 0.6363614797592163 -0.33902937173843384 1.4401824474334717
      vertex 0.6016339063644409 -0.27350836992263794 1.3897669315338135
    endloop
  endfacet
  facet normal 0.665120862669578 0.6437302052848058 0.3784516624955665
    outer loop
      vertex 0.6134105324745178 -0.33438098430633545 1.4726115465164185
      vertex 0.6363614797592163 -0.33902937173843384 1.4401824474334717
      vertex 0.5863332748413086 -0.2704094350337982 1.4113863706588745
    endloop
  endfacet
  facet normal 0.6651228750205854 0.6437292413814097 0.37844976537826713
    outer loop
      vertex 0.6134105324745178 -0.33438098430633545 1.4726115465164185
      vertex 0.5863332748413086 -0.2704094350337982 1.4113863706588745
      vertex 0.5786830186843872 -0.26885995268821716 1.4221960306167603
    endloop
  endfacet
  facet normal 0.6651223302490435 0.6437301035798145 0.3784492562407854
    outer loop
      vertex 0.5265916585922241 -0.17057843506336212 1.3465728759765625
      vertex 0.5094920992851257 -0.1434243768453598 1.3304370641708374
      vertex 0.5227665305137634 -0.1698036938905716 1.3519777059555054
    endloop
  endfacet
  facet normal 0.6651253956149883 0.6437294714678558 0.3784449440430145
    outer loop
      vertex 0.5094920992851257 -0.1434243768453598 1.3304370641708374
      vertex 0.5265916585922241 -0.17057843506336212 1.3465728759765625
      vertex 0.5304167866706848 -0.17135316133499146 1.34116792678833
    endloop
  endfacet
  facet normal 0.6651213548660385 0.6437297841799922 0.3784515137514264
    outer loop
      vertex 0.5168781876564026 -0.13936738669872284 1.310555338859558
      vertex 0.5669063329696655 -0.20798733830451965 1.3393514156341553
      vertex 0.5463172197341919 -0.164842888712883 1.3021495342254639
    endloop
  endfacet
  facet normal 0.6651213497841842 0.6437297640791195 0.3784515568734074
    outer loop
      vertex 0.4745003283023834 -0.07229689508676529 1.2709496021270752
      vertex 0.5168781876564026 -0.13936738669872284 1.310555338859558
      vertex 0.5463172197341919 -0.164842888712883 1.3021495342254639
    endloop
  endfacet
  facet normal 0.6651216063351973 0.643729794001361 0.37845105509306254
    outer loop
      vertex 0.4745003283023834 -0.07229689508676529 1.2709496021270752
      vertex 0.5463172197341919 -0.164842888712883 1.3021495342254639
      vertex 0.48981964588165283 -0.07542544603347778 1.2493476867675781
    endloop
  endfacet
  facet normal 0.6651213563792417 0.6437301902102088 0.37845082045117334
    outer loop
      vertex 0.4333220422267914 0.013992001302540302 1.1965457201004028
      vertex 0.4745003283023834 -0.07229689508676529 1.2709496021270752
      vertex 0.48981964588165283 -0.07542544603347778 1.2493476867675781
    endloop
  endfacet
  facet normal 0.6651210604600741 0.643729822677353 0.37845196568157763
    outer loop
      vertex 0.4709677994251251 -0.07726027071475983 1.2856004238128662
      vertex 0.5168781876564026 -0.13936738669872284 1.310555338859558
      vertex 0.4745003283023834 -0.07229689508676529 1.2709496021270752
    endloop
  endfacet
  facet normal 0.6651222451678875 0.6437298509998636 0.3784498354003106
    outer loop
      vertex 0.4745003283023834 -0.07229689508676529 1.2709496021270752
      vertex 0.39739489555358887 0.06029461324214935 1.1809282302856445
      vertex 0.3897445797920227 0.061844076961278915 1.1917380094528198
    endloop
  endfacet
  facet normal 0.665121309827468 0.6437298440199509 0.3784514911206496
    outer loop
      vertex 0.3768244683742523 0.10340944677591324 1.143743872642517
      vertex 0.39739489555358887 0.06029461324214935 1.1809282302856445
      vertex 0.4333220422267914 0.013992001302540302 1.1965457201004028
    endloop
  endfacet
  facet normal 0.6651219906557763 0.6437299232485921 0.3784501598103233
    outer loop
      vertex 0.4333220422267914 0.013992001302540302 1.1965457201004028
      vertex 0.39739489555358887 0.06029461324214935 1.1809282302856445
      vertex 0.4745003283023834 -0.07229689508676529 1.2709496021270752
    endloop
  endfacet
  facet normal 0.6651213631450237 0.6437300296424042 0.37845108167991126
    outer loop
      vertex 0.38209429383277893 0.06339354813098907 1.2025476694107056
      vertex 0.4745003283023834 -0.07229689508676529 1.2709496021270752
      vertex 0.3897445797920227 0.061844076961278915 1.1917380094528198
    endloop
  endfacet
  facet normal 0.6651203469106111 0.6437301216675333 0.3784527111587541
    outer loop
      vertex 0.49022993445396423 -0.11034233123064041 1.3080188035964966
      vertex 0.5094920992851257 -0.1434243768453598 1.3304370641708374
      vertex 0.5092278718948364 -0.13781791925430298 1.3213651180267334
    endloop
  endfacet
  facet normal 0.6651214556887436 0.6437292952785918 0.3784521681568416
    outer loop
      vertex 0.5092278718948364 -0.13781791925430298 1.3213651180267334
      vertex 0.5094920992851257 -0.1434243768453598 1.3304370641708374
      vertex 0.5304167866706848 -0.17135316133499146 1.34116792678833
    endloop
  endfacet
  facet normal 0.6651214837556211 0.6437300206658901 0.378450884977448
    outer loop
      vertex 0.4709677994251251 -0.07726027071475983 1.2856004238128662
      vertex 0.49022993445396423 -0.11034233123064041 1.3080188035964966
      vertex 0.5092278718948364 -0.13781791925430298 1.3213651180267334
    endloop
  endfacet
  facet normal 0.6651212220623621 0.643730123856058 0.378451169376624
    outer loop
      vertex 0.41682183742523193 -0.0021274760365486145 1.2529631853103638
      vertex 0.4515494108200073 -0.0676485002040863 1.303378701210022
      vertex 0.4745003283023834 -0.07229689508676529 1.2709496021270752
    endloop
  endfacet
  facet normal 0.6651210089485018 0.6437300687231381 0.378451637698968
    outer loop
      vertex 0.38209429383277893 0.06339354813098907 1.2025476694107056
      vertex 0.41682183742523193 -0.0021274760365486145 1.2529631853103638
      vertex 0.4745003283023834 -0.07229689508676529 1.2709496021270752
    endloop
  endfacet
  facet normal 0.6651203581669521 0.6437303004979555 0.3784523871937887
    outer loop
      vertex 0.38209429383277893 0.06339354813098907 1.2025476694107056
      vertex 0.37444397807121277 0.06494301557540894 1.2133573293685913
      vertex 0.41682183742523193 -0.0021274760365486145 1.2529631853103638
    endloop
  endfacet
  facet normal 0.6651219843136408 0.6437289174562959 0.3784518817673265
    outer loop
      vertex 0.4745003283023834 -0.07229689508676529 1.2709496021270752
      vertex 0.4515494108200073 -0.0676485002040863 1.303378701210022
      vertex 0.4709677994251251 -0.07726027071475983 1.2856004238128662
    endloop
  endfacet
  facet normal 0.6651223372164667 0.643729847741206 0.3784496791685631
    outer loop
      vertex 0.4709677994251251 -0.07726027071475983 1.2856004238128662
      vertex 0.5092278718948364 -0.13781791925430298 1.3213651180267334
      vertex 0.5168781876564026 -0.13936738669872284 1.310555338859558
    endloop
  endfacet
  facet normal 0.6651208370268504 0.6437306860669733 0.378450889770979
    outer loop
      vertex 0.499303936958313 -0.14054343104362488 1.3434422016143799
      vertex 0.5227665305137634 -0.1698036938905716 1.3519777059555054
      vertex 0.5094920992851257 -0.1434243768453598 1.3304370641708374
    endloop
  endfacet
  facet normal 0.6651220072687277 0.6437288610781494 0.3784519373207742
    outer loop
      vertex 0.44667908549308777 -0.07039204984903336 1.3166048526763916
      vertex 0.4709677994251251 -0.07726027071475983 1.2856004238128662
      vertex 0.4515494108200073 -0.0676485002040863 1.303378701210022
    endloop
  endfacet
  facet normal 0.6651217618662548 0.6437298637377561 0.37845066313074266
    outer loop
      vertex 0.532480001449585 -0.20101474225521088 1.3879951238632202
      vertex 0.5786830186843872 -0.26885995268821716 1.4221960306167603
      vertex 0.5363051295280457 -0.2017894685268402 1.3825902938842773
    endloop
  endfacet
  facet normal 0.6651225641020848 0.6437297752208361 0.3784494037733444
    outer loop
      vertex 0.5719789862632751 -0.26880815625190735 1.4338902235031128
      vertex 0.5786830186843872 -0.26885995268821716 1.4221960306167603
      vertex 0.532480001449585 -0.20101474225521088 1.3879951238632202
    endloop
  endfacet
  facet normal 0.6651224730299761 0.6437298776036634 0.3784493896822415
    outer loop
      vertex 0.5151162147521973 -0.16825422644615173 1.3627873659133911
      vertex 0.518941342830658 -0.16902896761894226 1.3573825359344482
      vertex 0.499303936958313 -0.14054343104362488 1.3434422016143799
    endloop
  endfacet
  facet normal 0.6651185465981873 0.6437302433645609 0.3784556681421463
    outer loop
      vertex 0.499303936958313 -0.14054343104362488 1.3434422016143799
      vertex 0.518941342830658 -0.16902896761894226 1.3573825359344482
      vertex 0.5227665305137634 -0.1698036938905716 1.3519777059555054
    endloop
  endfacet
  facet normal 0.6651179133280589 0.6437312456298822 0.3784550762903428
    outer loop
      vertex 0.499303936958313 -0.14054343104362488 1.3434422016143799
      vertex 0.5112910270690918 -0.1674795001745224 1.368192195892334
      vertex 0.5151162147521973 -0.16825422644615173 1.3627873659133911
    endloop
  endfacet
  facet normal 0.665122979852678 0.6437292040451231 0.3784496446442065
    outer loop
      vertex 0.5719789862632751 -0.26880815625190735 1.4338902235031128
      vertex 0.6134105324745178 -0.33438098430633545 1.4726115465164185
      vertex 0.5786830186843872 -0.26885995268821716 1.4221960306167603
    endloop
  endfacet
  facet normal 0.6651205819546051 0.6437303345762995 0.37845193592668125
    outer loop
      vertex 0.5305473804473877 -0.20323532819747925 1.3951687812805176
      vertex 0.5719789862632751 -0.26880815625190735 1.4338902235031128
      vertex 0.532480001449585 -0.20101474225521088 1.3879951238632202
    endloop
  endfacet
  facet normal 0.6651222685487607 0.6437292577236665 0.3784508034488598
    outer loop
      vertex 0.499303936958313 -0.14054343104362488 1.3434422016143799
      vertex 0.48911580443382263 -0.13766248524188995 1.3564473390579224
      vertex 0.5112910270690918 -0.1674795001745224 1.368192195892334
    endloop
  endfacet
  facet normal 0.6653541866614603 0.6436827577519603 0.3781220883060098
    outer loop
      vertex 0.4513894319534302 -0.07795380800962448 1.3211888074874878
      vertex 0.44981932640075684 -0.07543322443962097 1.3196607828140259
      vertex 0.40188753604888916 0.0003917170688509941 1.2749249935150146
    endloop
  endfacet
  facet normal 0.6651208597467092 0.6437300545210858 0.3784519240750119
    outer loop
      vertex 0.48911580443382263 -0.13766248524188995 1.3564473390579224
      vertex 0.5305473804473877 -0.20323532819747925 1.3951687812805176
      vertex 0.532480001449585 -0.20101474225521088 1.3879951238632202
    endloop
  endfacet
  facet normal 0.6651271277808891 0.6437294073683424 0.37844200873997524
    outer loop
      vertex 0.48911580443382263 -0.13766248524188995 1.3564473390579224
      vertex 0.532480001449585 -0.20101474225521088 1.3879951238632202
      vertex 0.5112910270690918 -0.1674795001745224 1.368192195892334
    endloop
  endfacet
  facet normal 0.6651245912790448 0.6437271748637083 0.37845026412710076
    outer loop
      vertex 0.4458116590976715 -0.06648639589548111 1.311486005783081
      vertex 0.44667908549308777 -0.07039204984903336 1.3166048526763916
      vertex 0.44772425293922424 -0.06687376648187637 1.3087835311889648
    endloop
  endfacet
  facet normal 0.6651213018784737 0.6437299663778424 0.378451296965232
    outer loop
      vertex 0.40917155146598816 -0.000578009057790041 1.2637728452682495
      vertex 0.43036046624183655 -0.03411325439810753 1.2835757732391357
      vertex 0.41682183742523193 -0.0021274760365486145 1.2529631853103638
    endloop
  endfacet
  facet normal 0.6651243652072881 0.6437292985535197 0.3784470491249673
    outer loop
      vertex 0.3667936623096466 0.0664924830198288 1.2241671085357666
      vertex 0.4053463935852051 0.00019672441703733057 1.269177794456482
      vertex 0.40917155146598816 -0.000578009057790041 1.2637728452682495
    endloop
  endfacet
  facet normal 0.6651202513346293 0.6437304695793011 0.37845228734910824
    outer loop
      vertex 0.4515494108200073 -0.0676485002040863 1.303378701210022
      vertex 0.41682183742523193 -0.0021274760365486145 1.2529631853103638
      vertex 0.43036046624183655 -0.03411325439810753 1.2835757732391357
    endloop
  endfacet
  facet normal 0.6651181933516921 0.6437312983437867 0.3784544944972962
    outer loop
      vertex 0.4352172017097473 -0.04971877485513687 1.3015844821929932
      vertex 0.44667908549308777 -0.07039204984903336 1.3166048526763916
      vertex 0.4458116590976715 -0.06648639589548111 1.311486005783081
    endloop
  endfacet
  facet normal 0.6653417063425744 0.6436854834084326 0.3781394084863465
    outer loop
      vertex 0.40188753604888916 0.0003917170688509941 1.2749249935150146
      vertex 0.4482491910457611 -0.07291263341903687 1.3181328773498535
      vertex 0.44667908549308777 -0.07039204984903336 1.3166048526763916
    endloop
  endfacet
  facet normal 0.6651223045641946 0.6437296134803241 0.37845013502400426
    outer loop
      vertex 0.4246227443218231 -0.03295115381479263 1.2916830778121948
      vertex 0.40188753604888916 0.0003917170688509941 1.2749249935150146
      vertex 0.44667908549308777 -0.07039204984903336 1.3166048526763916
    endloop
  endfacet
  facet normal 0.665121306748982 0.6437297218465037 0.3784517043427729
    outer loop
      vertex 0.4053463935852051 0.00019672441703733057 1.269177794456482
      vertex 0.40188753604888916 0.0003917170688509941 1.2749249935150146
      vertex 0.4246227443218231 -0.03295115381479263 1.2916830778121948
    endloop
  endfacet
  facet normal 0.6651208562988242 0.6437303593597425 0.3784514116169942
    outer loop
      vertex 0.35238564014434814 0.07873724400997162 1.228661060333252
      vertex 0.40188753604888916 0.0003917170688509941 1.2749249935150146
      vertex 0.4053463935852051 0.00019672441703733057 1.269177794456482
    endloop
  endfacet
  facet normal 0.6651293235406499 0.6437277017000987 0.3784410509316689
    outer loop
      vertex 0.4352172017097473 -0.04971877485513687 1.3015844821929932
      vertex 0.4246227443218231 -0.03295115381479263 1.2916830778121948
      vertex 0.44667908549308777 -0.07039204984903336 1.3166048526763916
    endloop
  endfacet
  facet normal 0.6651265351568252 0.6437282376377045 0.3784450399967366
    outer loop
      vertex 0.42653530836105347 -0.0333385206758976 1.2889806032180786
      vertex 0.4053463935852051 0.00019672441703733057 1.269177794456482
      vertex 0.4246227443218231 -0.03295115381479263 1.2916830778121948
    endloop
  endfacet
  facet normal 0.6649828355512538 0.6437578193988532 0.37864719513690814
    outer loop
      vertex 0.44981932640075684 -0.07543322443962097 1.3196607828140259
      vertex 0.4482491910457611 -0.07291263341903687 1.3181328773498535
      vertex 0.40188753604888916 0.0003917170688509941 1.2749249935150146
    endloop
  endfacet
  facet normal 0.6651204520994249 0.643730409375647 0.378452036913687
    outer loop
      vertex 0.35238564014434814 0.07873724400997162 1.228661060333252
      vertex 0.4053463935852051 0.00019672441703733057 1.269177794456482
      vertex 0.3667936623096466 0.0664924830198288 1.2241671085357666
    endloop
  endfacet
  facet normal 0.6651195103067233 0.6437316423867714 0.37845159479036994
    outer loop
      vertex 0.44772425293922424 -0.06687376648187637 1.3087835311889648
      vertex 0.44667908549308777 -0.07039204984903336 1.3166048526763916
      vertex 0.4515494108200073 -0.0676485002040863 1.303378701210022
    endloop
  endfacet
  facet normal 0.6651233359113271 0.6437295719044449 0.3784483931554052
    outer loop
      vertex 0.3588421940803528 0.12659037113189697 1.1359176635742188
      vertex 0.3768244683742523 0.10340944677591324 1.143743872642517
      vertex 0.3341086208820343 0.1701962649822235 1.1052145957946777
    endloop
  endfacet
  facet normal 0.6651304409807322 0.6437282295149047 0.37843818914901106
    outer loop
      vertex 0.3272177577018738 0.18151158094406128 1.0980782508850098
      vertex 0.3341086208820343 0.1701962649822235 1.1052145957946777
      vertex 0.3768244683742523 0.10340944677591324 1.143743872642517
    endloop
  endfacet
  facet normal 0.6651203234894979 0.6437304906410323 0.37845212471365675
    outer loop
      vertex 0.3341086208820343 0.1701962649822235 1.1052145957946777
      vertex 0.337653249502182 0.16012561321258545 1.1161147356033325
      vertex 0.3588421940803528 0.12659037113189697 1.1359176635742188
    endloop
  endfacet
  facet normal 0.6651201626794836 0.6437300401836863 0.37845317353977465
    outer loop
      vertex 0.39739489555358887 0.06029461324214935 1.1809282302856445
      vertex 0.3588421940803528 0.12659037113189697 1.1359176635742188
      vertex 0.3550170361995697 0.1273650974035263 1.1413224935531616
    endloop
  endfacet
  facet normal 0.6651194794422244 0.6437322609411752 0.37845059689484856
    outer loop
      vertex 0.29527539014816284 0.2271960973739624 1.07650887966156
      vertex 0.29145023226737976 0.22797083854675293 1.081913709640503
      vertex 0.29448315501213074 0.2185533493757248 1.092602252960205
    endloop
  endfacet
  facet normal 0.6651304409807322 0.6437282295149047 0.37843818914901106
    outer loop
      vertex 0.3768244683742523 0.10340944677591324 1.143743872642517
      vertex 0.32032689452171326 0.19282689690589905 1.0909419059753418
      vertex 0.3272177577018738 0.18151158094406128 1.0980782508850098
    endloop
  endfacet
  facet normal 0.6651203655341157 0.6437308585455421 0.3784514250309853
    outer loop
      vertex 0.3223876953125 0.1730683445930481 1.1209285259246826
      vertex 0.33000293374061584 0.1616750806570053 1.1269243955612183
      vertex 0.3338280916213989 0.16090033948421478 1.1215195655822754
    endloop
  endfacet
  facet normal 0.6651229005203781 0.6437280616124459 0.37845172729958865
    outer loop
      vertex 0.2799747884273529 0.23029503226280212 1.098128318786621
      vertex 0.2831379175186157 0.2213333696126938 1.107812523841858
      vertex 0.2837999165058136 0.2295203059911728 1.0927234888076782
    endloop
  endfacet
  facet normal 0.6651195782827934 0.6437309650955371 0.3784526273684564
    outer loop
      vertex 0.33000293374061584 0.1616750806570053 1.1269243955612183
      vertex 0.3223876953125 0.1730683445930481 1.1209285259246826
      vertex 0.32617777585983276 0.16244980692863464 1.1323292255401611
    endloop
  endfacet
  facet normal 0.6651196436860771 0.6437308615833172 0.37845268849369507
    outer loop
      vertex 0.3338280916213989 0.16090033948421478 1.1215195655822754
      vertex 0.337653249502182 0.16012561321258545 1.1161147356033325
      vertex 0.3341086208820343 0.1701962649822235 1.1052145957946777
    endloop
  endfacet
  facet normal 0.6651200084220716 0.6437305765701323 0.3784525322749319
    outer loop
      vertex 0.3338280916213989 0.16090033948421478 1.1215195655822754
      vertex 0.3341086208820343 0.1701962649822235 1.1052145957946777
      vertex 0.3223876953125 0.1730683445930481 1.1209285259246826
    endloop
  endfacet
  facet normal 0.6651232335795005 0.6437296063485709 0.37844851441518884
    outer loop
      vertex 0.32617777585983276 0.16244980692863464 1.1323292255401611
      vertex 0.318527489900589 0.1639992743730545 1.1431390047073364
      vertex 0.3397164046764374 0.13046403229236603 1.1629419326782227
    endloop
  endfacet
  facet normal 0.6651221669102771 0.643730117280231 0.3784495200036029
    outer loop
      vertex 0.32617777585983276 0.16244980692863464 1.1323292255401611
      vertex 0.3397164046764374 0.13046403229236603 1.1629419326782227
      vertex 0.34736672043800354 0.12891456484794617 1.1521321535110474
    endloop
  endfacet
  facet normal 0.665121592011896 0.6437305554910802 0.3784497850002115
    outer loop
      vertex 0.29448315501213074 0.2185533493757248 1.092602252960205
      vertex 0.30582839250564575 0.2157733142375946 1.0773918628692627
      vertex 0.29527539014816284 0.2271960973739624 1.07650887966156
    endloop
  endfacet
  facet normal 0.6651204874827811 0.6437297862615682 0.37845303461632257
    outer loop
      vertex 0.27408644556999207 0.2607313394546509 1.0567060708999634
      vertex 0.29527539014816284 0.2271960973739624 1.07650887966156
      vertex 0.30582839250564575 0.2157733142375946 1.0773918628692627
    endloop
  endfacet
  facet normal 0.6651213696949232 0.643730188889469 0.3784507992955995
    outer loop
      vertex 0.22788342833518982 0.32857656478881836 1.0225050449371338
      vertex 0.27408644556999207 0.2607313394546509 1.0567060708999634
      vertex 0.25445130467414856 0.2970867156982422 1.029375433921814
    endloop
  endfacet
  facet normal 0.6651217409073491 0.643729991682229 0.37845048233708817
    outer loop
      vertex 0.25445130467414856 0.2970867156982422 1.029375433921814
      vertex 0.20307418704032898 0.3784000873565674 0.98135906457901
      vertex 0.18550556898117065 0.3956470489501953 0.9828992486000061
    endloop
  endfacet
  facet normal 0.6651209509456574 0.6437300483242835 0.37845177433533106
    outer loop
      vertex 0.25445130467414856 0.2970867156982422 1.029375433921814
      vertex 0.18550556898117065 0.3956470489501953 0.9828992486000061
      vertex 0.22788342833518982 0.32857656478881836 1.0225050449371338
    endloop
  endfacet
  facet normal 0.6651229592996215 0.6437296439856783 0.378448932442127
    outer loop
      vertex 0.27408644556999207 0.2607313394546509 1.0567060708999634
      vertex 0.30582839250564575 0.2157733142375946 1.0773918628692627
      vertex 0.25445130467414856 0.2970867156982422 1.029375433921814
    endloop
  endfacet
  facet normal 0.6651216285408994 0.6437298359253245 0.3784509447559309
    outer loop
      vertex 0.1516970843076706 0.45971348881721497 0.933342695236206
      vertex 0.18550556898117065 0.3956470489501953 0.9828992486000061
      vertex 0.20307418704032898 0.3784000873565674 0.98135906457901
    endloop
  endfacet
  facet normal 0.6651207514144959 0.6437302478204237 0.3784517856727223
    outer loop
      vertex 0.2837999165058136 0.2295203059911728 1.0927234888076782
      vertex 0.29448315501213074 0.2185533493757248 1.092602252960205
      vertex 0.2876250743865967 0.22874556481838226 1.0873186588287354
    endloop
  endfacet
  facet normal 0.6651236491824895 0.6437298810114085 0.3784473167974726
    outer loop
      vertex 0.2876250743865967 0.22874556481838226 1.0873186588287354
      vertex 0.29448315501213074 0.2185533493757248 1.092602252960205
      vertex 0.29145023226737976 0.22797083854675293 1.081913709640503
    endloop
  endfacet
  facet normal 0.6651204976739281 0.6437299908831415 0.3784526686543203
    outer loop
      vertex 0.29448315501213074 0.2185533493757248 1.092602252960205
      vertex 0.2837999165058136 0.2295203059911728 1.0927234888076782
      vertex 0.2831379175186157 0.2213333696126938 1.107812523841858
    endloop
  endfacet
  facet normal 0.6651207451060118 0.6437302578047434 0.37845177977684563
    outer loop
      vertex 0.27408644556999207 0.2607313394546509 1.0567060708999634
      vertex 0.22788342833518982 0.32857656478881836 1.0225050449371338
      vertex 0.270261287689209 0.2615060806274414 1.0621109008789062
    endloop
  endfacet
  facet normal 0.6651220622488708 0.6437301015485272 0.3784497307042669
    outer loop
      vertex 0.18550556898117065 0.3956470489501953 0.9828992486000061
      vertex 0.12828662991523743 0.46508917212486267 0.9653423428535461
      vertex 0.17785526812076569 0.39719653129577637 0.9937089681625366
    endloop
  endfacet
  facet normal 0.6651213876251706 0.6437299224547556 0.37845122097829476
    outer loop
      vertex 0.12828662991523743 0.46508917212486267 0.9653423428535461
      vertex 0.18550556898117065 0.3956470489501953 0.9828992486000061
      vertex 0.1516970843076706 0.45971348881721497 0.933342695236206
    endloop
  endfacet
  facet normal 0.6651223254730774 0.6437294778898688 0.37845032891110364
    outer loop
      vertex 0.3106667995452881 0.17594042420387268 1.136642575263977
      vertex 0.32617777585983276 0.16244980692863464 1.1323292255401611
      vertex 0.3223876953125 0.1730683445930481 1.1209285259246826
    endloop
  endfacet
  facet normal 0.6651203170952359 0.6437309352087051 0.3784513797602788
    outer loop
      vertex 0.3106667995452881 0.17594042420387268 1.136642575263977
      vertex 0.3147023320198059 0.16477401554584503 1.1485438346862793
      vertex 0.318527489900589 0.1639992743730545 1.1431390047073364
    endloop
  endfacet
  facet normal 0.6651226189415239 0.643730579117658 0.3784479399880689
    outer loop
      vertex 0.32617777585983276 0.16244980692863464 1.1323292255401611
      vertex 0.3106667995452881 0.17594042420387268 1.136642575263977
      vertex 0.318527489900589 0.1639992743730545 1.1431390047073364
    endloop
  endfacet
  facet normal 0.6651208608325412 0.6437301527189618 0.3784517551363734
    outer loop
      vertex 0.2969023585319519 0.19863690435886383 1.1222275495529175
      vertex 0.29351338744163513 0.1983092576265335 1.128740906715393
      vertex 0.3106667995452881 0.17594042420387268 1.136642575263977
    endloop
  endfacet
  facet normal 0.6651216407102984 0.6437302238559833 0.3784502635131416
    outer loop
      vertex 0.29351338744163513 0.1983092576265335 1.128740906715393
      vertex 0.3147023320198059 0.16477401554584503 1.1485438346862793
      vertex 0.3106667995452881 0.17594042420387268 1.136642575263977
    endloop
  endfacet
  facet normal 0.6651210662119854 0.643729885590664 0.3784518485599751
    outer loop
      vertex 0.2969023585319519 0.19863690435886383 1.1222275495529175
      vertex 0.2761496305465698 0.23106977343559265 1.103533148765564
      vertex 0.29351338744163513 0.1983092576265335 1.128740906715393
    endloop
  endfacet
  facet normal 0.6651204053057297 0.643730182503648 0.37845250505150846
    outer loop
      vertex 0.30288374423980713 0.15708276629447937 1.1823972463607788
      vertex 0.35238564014434814 0.07873724400997162 1.228661060333252
      vertex 0.3667936623096466 0.0664924830198288 1.2241671085357666
    endloop
  endfacet
  facet normal 0.6651214077950804 0.6437301235860131 0.3784508434138133
    outer loop
      vertex 0.30288374423980713 0.15708276629447937 1.1823972463607788
      vertex 0.3667936623096466 0.0664924830198288 1.2241671085357666
      vertex 0.32441580295562744 0.13356296718120575 1.1845612525939941
    endloop
  endfacet
  facet normal 0.6651201339214031 0.6437300460081319 0.37845321417414746
    outer loop
      vertex 0.32441580295562744 0.13356296718120575 1.1845612525939941
      vertex 0.2820379436016083 0.2006334513425827 1.1449555158615112
      vertex 0.2533818483352661 0.23542830348014832 1.1361334323883057
    endloop
  endfacet
  facet normal 0.6651211675977513 0.6437299670302586 0.3784515318513405
    outer loop
      vertex 0.32441580295562744 0.13356296718120575 1.1845612525939941
      vertex 0.2533818483352661 0.23542830348014832 1.1361334323883057
      vertex 0.30288374423980713 0.15708276629447937 1.1823972463607788
    endloop
  endfacet
  facet normal 0.6651224758315313 0.6437293835536563 0.3784502251199803
    outer loop
      vertex 0.29351338744163513 0.1983092576265335 1.128740906715393
      vertex 0.2761496305465698 0.23106977343559265 1.103533148765564
      vertex 0.25496068596839905 0.26460501551628113 1.0837303400039673
    endloop
  endfacet
  facet normal 0.6651203578341237 0.6437301696353365 0.37845261037000144
    outer loop
      vertex 0.2820379436016083 0.2006334513425827 1.1449555158615112
      vertex 0.19728220999240875 0.3347744345664978 1.0657439231872559
      vertex 0.2038799673318863 0.3137738108634949 1.0898696184158325
    endloop
  endfacet
  facet normal 0.6651205398870886 0.6437301532166261 0.3784523183440775
    outer loop
      vertex 0.2820379436016083 0.2006334513425827 1.1449555158615112
      vertex 0.2038799673318863 0.3137738108634949 1.0898696184158325
      vertex 0.2533818483352661 0.23542830348014832 1.1361334323883057
    endloop
  endfacet
  facet normal 0.6651224634759868 0.6437296479135209 0.37844979716835464
    outer loop
      vertex 0.24731038510799408 0.2661544680595398 1.094539999961853
      vertex 0.2820379436016083 0.2006334513425827 1.1449555158615112
      vertex 0.28968825936317444 0.19908398389816284 1.134145736694336
    endloop
  endfacet
  facet normal 0.6651284832920664 0.6437284880176695 0.37844119018426187
    outer loop
      vertex 0.2969023585319519 0.19863690435886383 1.1222275495529175
      vertex 0.2831379175186157 0.2213333696126938 1.107812523841858
      vertex 0.2761496305465698 0.23106977343559265 1.103533148765564
    endloop
  endfacet
  facet normal 0.665121729716526 0.6437286994765165 0.37845269998927134
    outer loop
      vertex 0.2831379175186157 0.2213333696126938 1.107812523841858
      vertex 0.2799747884273529 0.23029503226280212 1.098128318786621
      vertex 0.2761496305465698 0.23106977343559265 1.103533148765564
    endloop
  endfacet
  facet normal 0.6651206466546109 0.6437304136218966 0.3784516877646791
    outer loop
      vertex 0.12828662991523743 0.46508917212486267 0.9653423428535461
      vertex 0.16255465149879456 0.4002954661846161 1.0153284072875977
      vertex 0.17020496726036072 0.39874598383903503 1.004518747329712
    endloop
  endfacet
  facet normal 0.6651221890090472 0.6437301012369565 0.37844950845425984
    outer loop
      vertex 0.17020496726036072 0.39874598383903503 1.004518747329712
      vertex 0.17785526812076569 0.39719653129577637 0.9937089681625366
      vertex 0.12828662991523743 0.46508917212486267 0.9653423428535461
    endloop
  endfacet
  facet normal 0.6651218433949593 0.6437298687564001 0.3784505113086245
    outer loop
      vertex 0.24731038510799408 0.2661544680595398 1.094539999961853
      vertex 0.19728220999240875 0.3347744345664978 1.0657439231872559
      vertex 0.2820379436016083 0.2006334513425827 1.1449555158615112
    endloop
  endfacet
  facet normal 0.6651219643567865 0.6437298681592348 0.37845029973546535
    outer loop
      vertex 0.20493252575397491 0.33322498202323914 1.0549341440200806
      vertex 0.19728220999240875 0.3347744345664978 1.0657439231872559
      vertex 0.24731038510799408 0.2661544680595398 1.094539999961853
    endloop
  endfacet
  facet normal 0.6651204608828554 0.6437301101646056 0.3784525304215089
    outer loop
      vertex 0.15437807142734528 0.3921193480491638 1.0436058044433594
      vertex 0.2038799673318863 0.3137738108634949 1.0898696184158325
      vertex 0.19728220999240875 0.3347744345664978 1.0657439231872559
    endloop
  endfacet
  facet normal 0.6651212997983106 0.6437301454593727 0.3784509960106603
    outer loop
      vertex 0.15437807142734528 0.3921193480491638 1.0436058044433594
      vertex 0.19728220999240875 0.3347744345664978 1.0657439231872559
      vertex 0.1549043506383896 0.40184491872787476 1.0261380672454834
    endloop
  endfacet
  facet normal 0.6651206658727276 0.6437298324289459 0.37845264257238426
    outer loop
      vertex 0.10487618297338486 0.47046488523483276 0.9973419904708862
      vertex 0.1549043506383896 0.40184491872787476 1.0261380672454834
      vertex 0.16255465149879456 0.4002954661846161 1.0153284072875977
    endloop
  endfacet
  facet normal 0.6651217016074431 0.6437298273177012 0.3784508309838176
    outer loop
      vertex 0.1549043506383896 0.40184491872787476 1.0261380672454834
      vertex 0.10487618297338486 0.47046488523483276 0.9973419904708862
      vertex 0.15437807142734528 0.3921193480491638 1.0436058044433594
    endloop
  endfacet
  facet normal 0.665121597686073 0.6437300734906616 0.37845059489348554
    outer loop
      vertex 0.10487618297338486 0.47046488523483276 0.9973419904708862
      vertex 0.16255465149879456 0.4002954661846161 1.0153284072875977
      vertex 0.12828662991523743 0.46508917212486267 0.9653423428535461
    endloop
  endfacet
  facet normal 0.6651219755321583 0.6437295255737 0.378450862819545
    outer loop
      vertex 0.29351338744163513 0.1983092576265335 1.128740906715393
      vertex 0.25496068596839905 0.26460501551628113 1.0837303400039673
      vertex 0.28968825936317444 0.19908398389816284 1.134145736694336
    endloop
  endfacet
  facet normal 0.6651222539028225 0.6437294465526554 0.37845050799839247
    outer loop
      vertex 0.39739489555358887 0.06029461324214935 1.1809282302856445
      vertex 0.3768244683742523 0.10340944677591324 1.143743872642517
      vertex 0.3588421940803528 0.12659037113189697 1.1359176635742188
    endloop
  endfacet
  facet normal -0.665121524591094 -0.64372981308384 -0.3784511662984577
    outer loop
      vertex 0.18682238459587097 0.28122028708457947 1.016679286956787
      vertex 0.14509417116641998 0.34726259112358093 0.9776806831359863
      vertex 0.15274447202682495 0.34571313858032227 0.9668709635734558
    endloop
  endfacet
  facet normal -0.6651204304055731 -0.6437302050978883 -0.3784524225074216
    outer loop
      vertex 0.18682238459587097 0.28122028708457947 1.016679286956787
      vertex 0.15274447202682495 0.34571313858032227 0.9668709635734558
      vertex 0.19447268545627594 0.2796708345413208 1.0058696269989014
    endloop
  endfacet
  facet normal -0.6651204846534461 -0.6437301192409504 -0.37845247320687025
    outer loop
      vertex 0.17152176797389984 0.2843192219734192 1.0382987260818481
      vertex 0.12979356944561005 0.35036152601242065 0.9993000626564026
      vertex 0.13744387030601501 0.348812073469162 0.9884904026985168
    endloop
  endfacet
  facet normal -0.6651200039007613 -0.6437302914795456 -0.37845302514672846
    outer loop
      vertex 0.17152176797389984 0.2843192219734192 1.0382987260818481
      vertex 0.13744387030601501 0.348812073469162 0.9884904026985168
      vertex 0.179172083735466 0.2827697694301605 1.0274890661239624
    endloop
  endfacet
  facet normal -0.6651222266947336 -0.6437298412838256 -0.3784498843933499
    outer loop
      vertex 0.179172083735466 0.2827697694301605 1.0274890661239624
      vertex 0.13744387030601501 0.348812073469162 0.9884904026985168
      vertex 0.14509417116641998 0.34726259112358093 0.9776806831359863
    endloop
  endfacet
  facet normal -0.6651233208656688 -0.6437294492697515 -0.3784486281960696
    outer loop
      vertex 0.179172083735466 0.2827697694301605 1.0274890661239624
      vertex 0.14509417116641998 0.34726259112358093 0.9776806831359863
      vertex 0.18682238459587097 0.28122028708457947 1.016679286956787
    endloop
  endfacet
  facet normal -0.6651221640344279 -0.643729646138088 -0.37845032645393684
    outer loop
      vertex 0.16387146711349487 0.28586870431900024 1.0491083860397339
      vertex 0.12214326113462448 0.3519110083580017 1.010109782218933
      vertex 0.12979356944561005 0.35036152601242065 0.9993000626564026
    endloop
  endfacet
  facet normal -0.6651213102295692 -0.6437299520325326 -0.3784513066891096
    outer loop
      vertex 0.16387146711349487 0.28586870431900024 1.0491083860397339
      vertex 0.12979356944561005 0.35036152601242065 0.9993000626564026
      vertex 0.17152176797389984 0.2843192219734192 1.0382987260818481
    endloop
  endfacet
  facet normal -0.6651213663333038 -0.6437304518755704 -0.3784503578740454
    outer loop
      vertex 0.24941469728946686 0.18215686082839966 1.0751773118972778
      vertex 0.22855059802532196 0.2151780128479004 1.055677890777588
      vertex 0.23237574100494385 0.21440327167510986 1.050273060798645
    endloop
  endfacet
  facet normal -0.6651201816165038 -0.6437300102124366 -0.378453191238131
    outer loop
      vertex 0.23237574100494385 0.21440327167510986 1.050273060798645
      vertex 0.23620089888572693 0.21362854540348053 1.0448682308197021
      vertex 0.2570649981498718 0.1806073933839798 1.0643675327301025
    endloop
  endfacet
  facet normal -0.6651217009471544 -0.643729922289246 -0.37845067060139453
    outer loop
      vertex 0.23237574100494385 0.21440327167510986 1.050273060798645
      vertex 0.22855059802532196 0.2151780128479004 1.055677890777588
      vertex 0.18682238459587097 0.28122028708457947 1.016679286956787
    endloop
  endfacet
  facet normal -0.6651200748654627 -0.6437301791651772 -0.37845309146964334
    outer loop
      vertex 0.19447268545627594 0.2796708345413208 1.0058696269989014
      vertex 0.23620089888572693 0.21362854540348053 1.0448682308197021
      vertex 0.23237574100494385 0.21440327167510986 1.050273060798645
    endloop
  endfacet
  facet normal -0.6651205284940759 -0.6437300498553157 -0.37845251417982945
    outer loop
      vertex 0.18682238459587097 0.28122028708457947 1.016679286956787
      vertex 0.19447268545627594 0.2796708345413208 1.0058696269989014
      vertex 0.23237574100494385 0.21440327167510986 1.050273060798645
    endloop
  endfacet
  facet normal -0.6651210071922885 -0.6437298430054452 -0.37845202472136497
    outer loop
      vertex 0.2570649981498718 0.1806073933839798 1.0643675327301025
      vertex 0.23620089888572693 0.21362854540348053 1.0448682308197021
      vertex 0.24002605676651 0.21285380423069 1.0394634008407593
    endloop
  endfacet
  facet normal -0.6651210071922885 -0.6437298430054452 -0.37845202472136497
    outer loop
      vertex 0.2570649981498718 0.1806073933839798 1.0643675327301025
      vertex 0.24002605676651 0.21285380423069 1.0394634008407593
      vertex 0.2608901560306549 0.17983265221118927 1.0589627027511597
    endloop
  endfacet
  facet normal -0.6651200748654627 -0.6437301791651772 -0.37845309146964334
    outer loop
      vertex 0.21324998140335083 0.21827693283557892 1.077297329902649
      vertex 0.17152176797389984 0.2843192219734192 1.0382987260818481
      vertex 0.179172083735466 0.2827697694301605 1.0274890661239624
    endloop
  endfacet
  facet normal -0.6651210209092393 -0.6437298402272856 -0.3784520053396529
    outer loop
      vertex 0.21324998140335083 0.21827693283557892 1.077297329902649
      vertex 0.179172083735466 0.2827697694301605 1.0274890661239624
      vertex 0.2209002822637558 0.21672746539115906 1.0664876699447632
    endloop
  endfacet
  facet normal -0.6651201816165038 -0.6437300102124366 -0.378453191238131
    outer loop
      vertex 0.22472544014453888 0.21595273911952972 1.0610828399658203
      vertex 0.2209002822637558 0.21672746539115906 1.0664876699447632
      vertex 0.179172083735466 0.2827697694301605 1.0274890661239624
    endloop
  endfacet
  facet normal -0.6651239051855581 -0.6437294758442973 -0.3784475560496313
    outer loop
      vertex 0.18682238459587097 0.28122028708457947 1.016679286956787
      vertex 0.22855059802532196 0.2151780128479004 1.055677890777588
      vertex 0.22472544014453888 0.21595273911952972 1.0610828399658203
    endloop
  endfacet
  facet normal -0.6651231720195431 -0.6437296848447591 -0.3784484890871261
    outer loop
      vertex 0.179172083735466 0.2827697694301605 1.0274890661239624
      vertex 0.18682238459587097 0.28122028708457947 1.016679286956787
      vertex 0.22472544014453888 0.21595273911952972 1.0610828399658203
    endloop
  endfacet
  facet normal -0.6651201816165038 -0.6437300102124366 -0.378453191238131
    outer loop
      vertex 0.2209002822637558 0.21672746539115906 1.0664876699447632
      vertex 0.22472544014453888 0.21595273911952972 1.0610828399658203
      vertex 0.24558953940868378 0.182931587100029 1.0805821418762207
    endloop
  endfacet
  facet normal -0.6651240644415668 -0.643729223795132 -0.3784477048851631
    outer loop
      vertex 0.24558953940868378 0.182931587100029 1.0805821418762207
      vertex 0.22472544014453888 0.21595273911952972 1.0610828399658203
      vertex 0.22855059802532196 0.2151780128479004 1.055677890777588
    endloop
  endfacet
  facet normal -0.6651196877449332 -0.643730791852397 -0.378452729670653
    outer loop
      vertex 0.24558953940868378 0.182931587100029 1.0805821418762207
      vertex 0.22855059802532196 0.2151780128479004 1.055677890777588
      vertex 0.24941469728946686 0.18215686082839966 1.0751773118972778
    endloop
  endfacet
  facet normal -0.6651205747159395 -0.6437299577700147 -0.37845258957887085
    outer loop
      vertex 0.3158321678638458 0.08231868594884872 1.1282703876495361
      vertex 0.3196573257446289 0.0815439522266388 1.1228655576705933
      vertex 0.3613855242729187 0.015501653775572777 1.161864161491394
    endloop
  endfacet
  facet normal -0.6651201356761878 -0.6437300829212673 -0.3784531483027558
    outer loop
      vertex 0.35373520851135254 0.017051121219992638 1.1726738214492798
      vertex 0.31200700998306274 0.08309341222047806 1.133675217628479
      vertex 0.3158321678638458 0.08231868594884872 1.1282703876495361
    endloop
  endfacet
  facet normal -0.6651205747159395 -0.6437299577700147 -0.37845258957887085
    outer loop
      vertex 0.3613855242729187 0.015501653775572777 1.161864161491394
      vertex 0.35373520851135254 0.017051121219992638 1.1726738214492798
      vertex 0.3158321678638458 0.08231868594884872 1.1282703876495361
    endloop
  endfacet
  facet normal -0.6651205944046218 -0.6437299266090966 -0.37845260797977015
    outer loop
      vertex 0.31200700998306274 0.08309341222047806 1.133675217628479
      vertex 0.29114291071891785 0.11611456423997879 1.1141759157180786
      vertex 0.2949680685997009 0.11533983051776886 1.1087710857391357
    endloop
  endfacet
  facet normal -0.6651201291132842 -0.643730093308244 -0.37845314216912973
    outer loop
      vertex 0.31200700998306274 0.08309341222047806 1.133675217628479
      vertex 0.2949680685997009 0.11533983051776886 1.1087710857391357
      vertex 0.3158321678638458 0.08231868594884872 1.1282703876495361
    endloop
  endfacet
  facet normal -0.6651205419014624 -0.6437300097048825 -0.37845255891069995
    outer loop
      vertex 0.3158321678638458 0.08231868594884872 1.1282703876495361
      vertex 0.2949680685997009 0.11533983051776886 1.1087710857391357
      vertex 0.298793226480484 0.11456509679555893 1.1033662557601929
    endloop
  endfacet
  facet normal -0.6651205419014624 -0.6437300097048825 -0.37845255891069995
    outer loop
      vertex 0.3158321678638458 0.08231868594884872 1.1282703876495361
      vertex 0.298793226480484 0.11456509679555893 1.1033662557601929
      vertex 0.3196573257446289 0.0815439522266388 1.1228655576705933
    endloop
  endfacet
  facet normal -0.6651261307076444 -0.6437288777457377 -0.37844466201294324
    outer loop
      vertex 0.3196573257446289 0.0815439522266388 1.1228655576705933
      vertex 0.298793226480484 0.11456509679555893 1.1033662557601929
      vertex 0.3026183545589447 0.113790363073349 1.0979613065719604
    endloop
  endfacet
  facet normal -0.6651242077218134 -0.6437295667159518 -0.37844686976922287
    outer loop
      vertex 0.3196573257446289 0.0815439522266388 1.1228655576705933
      vertex 0.3026183545589447 0.113790363073349 1.0979613065719604
      vertex 0.323482483625412 0.08076921850442886 1.1174606084823608
    endloop
  endfacet
  facet normal -0.6651257884026837 -0.6437294194992668 -0.3784443421070599
    outer loop
      vertex 0.3005315661430359 0.08541761338710785 1.1498898267745972
      vertex 0.3043566942214966 0.08464287966489792 1.1444848775863647
      vertex 0.34608492255210876 0.01860058680176735 1.183483600616455
    endloop
  endfacet
  facet normal -0.6651205550272543 -0.6437299889309347 -0.37845257117796915
    outer loop
      vertex 0.3384346067905426 0.02015005424618721 1.1942932605743408
      vertex 0.2967064082622528 0.08619234710931778 1.15529465675354
      vertex 0.3005315661430359 0.08541761338710785 1.1498898267745972
    endloop
  endfacet
  facet normal -0.6651205550272543 -0.6437299889309347 -0.37845257117796915
    outer loop
      vertex 0.34608492255210876 0.01860058680176735 1.183483600616455
      vertex 0.3384346067905426 0.02015005424618721 1.1942932605743408
      vertex 0.3005315661430359 0.08541761338710785 1.1498898267745972
    endloop
  endfacet
  facet normal -0.6651223004241684 -0.6437295810790535 -0.3784501974134091
    outer loop
      vertex 0.2967064082622528 0.08619234710931778 1.15529465675354
      vertex 0.2758423089981079 0.11921349912881851 1.1357953548431396
      vertex 0.2796674370765686 0.11843876540660858 1.1303905248641968
    endloop
  endfacet
  facet normal -0.665120377413467 -0.6437302700368787 -0.37845240518143713
    outer loop
      vertex 0.2967064082622528 0.08619234710931778 1.15529465675354
      vertex 0.2796674370765686 0.11843876540660858 1.1303905248641968
      vertex 0.3005315661430359 0.08541761338710785 1.1498898267745972
    endloop
  endfacet
  facet normal -0.665123794943276 -0.6437296503209646 -0.3784474530207641
    outer loop
      vertex 0.2758423089981079 0.11921349912881851 1.1357953548431396
      vertex 0.2549781799316406 0.15223464369773865 1.1162960529327393
      vertex 0.2588033378124237 0.15145991742610931 1.1108911037445068
    endloop
  endfacet
  facet normal -0.6651218065557394 -0.6437303627129858 -0.3784497358506642
    outer loop
      vertex 0.2758423089981079 0.11921349912881851 1.1357953548431396
      vertex 0.2588033378124237 0.15145991742610931 1.1108911037445068
      vertex 0.2796674370765686 0.11843876540660858 1.1303905248641968
    endloop
  endfacet
  facet normal -0.665124260225456 -0.6437294836201803 -0.37844691883755077
    outer loop
      vertex 0.3005315661430359 0.08541761338710785 1.1498898267745972
      vertex 0.2796674370765686 0.11843876540660858 1.1303905248641968
      vertex 0.2834925949573517 0.11766403168439865 1.1249855756759644
    endloop
  endfacet
  facet normal -0.6651261832113494 -0.6437287946499686 -0.37844471108102545
    outer loop
      vertex 0.3005315661430359 0.08541761338710785 1.1498898267745972
      vertex 0.2834925949573517 0.11766403168439865 1.1249855756759644
      vertex 0.3043566942214966 0.08464287966489792 1.1444848775863647
    endloop
  endfacet
  facet normal -0.6651201995964442 -0.6437305514642446 -0.3784522389949964
    outer loop
      vertex 0.34608492255210876 0.01860058680176735 1.183483600616455
      vertex 0.3043566942214966 0.08464287966489792 1.1444848775863647
      vertex 0.31200700998306274 0.08309341222047806 1.133675217628479
    endloop
  endfacet
  facet normal -0.665123291294191 -0.6437294437932423 -0.37844868948329824
    outer loop
      vertex 0.34608492255210876 0.01860058680176735 1.183483600616455
      vertex 0.31200700998306274 0.08309341222047806 1.133675217628479
      vertex 0.35373520851135254 0.017051121219992638 1.1726738214492798
    endloop
  endfacet
  facet normal -0.6651205944046218 -0.6437299266090966 -0.37845260797977015
    outer loop
      vertex 0.2758423089981079 0.11921349912881851 1.1357953548431396
      vertex 0.2967064082622528 0.08619234710931778 1.15529465675354
      vertex 0.28905609250068665 0.08774181455373764 1.1661043167114258
    endloop
  endfacet
  facet normal -0.6651211779190681 -0.6437301803690492 -0.3784511508313628
    outer loop
      vertex 0.24732789397239685 0.1537841111421585 1.127105712890625
      vertex 0.2549781799316406 0.15223464369773865 1.1162960529327393
      vertex 0.2758423089981079 0.11921349912881851 1.1357953548431396
    endloop
  endfacet
  facet normal -0.6651204649560502 -0.6437299890578547 -0.3784527292598402
    outer loop
      vertex 0.28905609250068665 0.08774181455373764 1.1661043167114258
      vertex 0.24732789397239685 0.1537841111421585 1.127105712890625
      vertex 0.2758423089981079 0.11921349912881851 1.1357953548431396
    endloop
  endfacet
  facet normal -0.6651201995964442 -0.6437305514642446 -0.3784522389949964
    outer loop
      vertex 0.33078432083129883 0.02169952169060707 1.2051030397415161
      vertex 0.28905609250068665 0.08774181455373764 1.1661043167114258
      vertex 0.2967064082622528 0.08619234710931778 1.15529465675354
    endloop
  endfacet
  facet normal -0.665123349454973 -0.6437294229556222 -0.37844862270989915
    outer loop
      vertex 0.33078432083129883 0.02169952169060707 1.2051030397415161
      vertex 0.2967064082622528 0.08619234710931778 1.15529465675354
      vertex 0.3384346067905426 0.02015005424618721 1.1942932605743408
    endloop
  endfacet
  facet normal -0.6651204596574558 -0.6437301398709198 -0.37845248204605664
    outer loop
      vertex 0.3801628351211548 -0.04589224234223366 1.2332918643951416
      vertex 0.3384346067905426 0.02015005424618721 1.1942932605743408
      vertex 0.34608492255210876 0.01860058680176735 1.183483600616455
    endloop
  endfacet
  facet normal -0.6651213048397036 -0.6437298370679012 -0.3784515117116902
    outer loop
      vertex 0.3801628351211548 -0.04589224234223366 1.2332918643951416
      vertex 0.34608492255210876 0.01860058680176735 1.183483600616455
      vertex 0.38781312108039856 -0.04744170606136322 1.2224822044372559
    endloop
  endfacet
  facet normal -0.6651232978571218 -0.6437294334062692 -0.37844869561686983
    outer loop
      vertex 0.38781312108039856 -0.04744170606136322 1.2224822044372559
      vertex 0.34608492255210876 0.01860058680176735 1.183483600616455
      vertex 0.35373520851135254 0.017051121219992638 1.1726738214492798
    endloop
  endfacet
  facet normal -0.665120206159347 -0.6437305410772766 -0.37845224512863507
    outer loop
      vertex 0.38781312108039856 -0.04744170606136322 1.2224822044372559
      vertex 0.35373520851135254 0.017051121219992638 1.1726738214492798
      vertex 0.3954634368419647 -0.04899117350578308 1.2116725444793701
    endloop
  endfacet
  facet normal -0.6651233625808317 -0.6437294021816774 -0.37844863497704373
    outer loop
      vertex 0.3725125193595886 -0.0443427748978138 1.244101643562317
      vertex 0.33078432083129883 0.02169952169060707 1.2051030397415161
      vertex 0.3384346067905426 0.02015005424618721 1.1942932605743408
    endloop
  endfacet
  facet normal -0.6651224010820569 -0.6437297466627989 -0.3784497388561499
    outer loop
      vertex 0.3725125193595886 -0.0443427748978138 1.244101643562317
      vertex 0.3384346067905426 0.02015005424618721 1.1942932605743408
      vertex 0.3801628351211548 -0.04589224234223366 1.2332918643951416
    endloop
  endfacet
  facet normal -0.6651209546891891 -0.6437299261012094 -0.3784519756522258
    outer loop
      vertex 0.46744439005851746 -0.17875155806541443 1.3058843612670898
      vertex 0.47126954793930054 -0.17952629923820496 1.300479531288147
      vertex 0.5129977464675903 -0.24556858837604523 1.3394781351089478
    endloop
  endfacet
  facet normal -0.6651201291132842 -0.643730093308244 -0.37845314216912973
    outer loop
      vertex 0.5053474307060242 -0.24401912093162537 1.3502877950668335
      vertex 0.4636192321777344 -0.1779768317937851 1.3112891912460327
      vertex 0.46744439005851746 -0.17875155806541443 1.3058843612670898
    endloop
  endfacet
  facet normal -0.6651205681530449 -0.6437299681569879 -0.37845258344523725
    outer loop
      vertex 0.5129977464675903 -0.24556858837604523 1.3394781351089478
      vertex 0.5053474307060242 -0.24401912093162537 1.3502877950668335
      vertex 0.46744439005851746 -0.17875155806541443 1.3058843612670898
    endloop
  endfacet
  facet normal -0.6651210071922885 -0.6437298430054452 -0.37845202472136497
    outer loop
      vertex 0.4636192321777344 -0.1779768317937851 1.3112891912460327
      vertex 0.4427551329135895 -0.14495567977428436 1.2917898893356323
      vertex 0.44658029079437256 -0.1457304209470749 1.2863850593566895
    endloop
  endfacet
  facet normal -0.6651200766100431 -0.6437301764040652 -0.3784530931001112
    outer loop
      vertex 0.4636192321777344 -0.1779768317937851 1.3112891912460327
      vertex 0.44658029079437256 -0.1457304209470749 1.2863850593566895
      vertex 0.46744439005851746 -0.17875155806541443 1.3058843612670898
    endloop
  endfacet
  facet normal -0.6651239594342275 -0.6437293899867614 -0.37844760674868594
    outer loop
      vertex 0.46744439005851746 -0.17875155806541443 1.3058843612670898
      vertex 0.44658029079437256 -0.1457304209470749 1.2863850593566895
      vertex 0.45040544867515564 -0.14650514721870422 1.280980110168457
    endloop
  endfacet
  facet normal -0.6651205133232427 -0.6437306246427933 -0.3784515631538933
    outer loop
      vertex 0.46744439005851746 -0.17875155806541443 1.3058843612670898
      vertex 0.45040544867515564 -0.14650514721870422 1.280980110168457
      vertex 0.47126954793930054 -0.17952629923820496 1.300479531288147
    endloop
  endfacet
  facet normal -0.6651224833267907 -0.6437296164961552 -0.3784498157205471
    outer loop
      vertex 0.5129977464675903 -0.24556858837604523 1.3394781351089478
      vertex 0.47126954793930054 -0.17952629923820496 1.300479531288147
      vertex 0.4789198637008667 -0.18107576668262482 1.2896697521209717
    endloop
  endfacet
  facet normal -0.665120294966209 -0.6437304005244971 -0.37845232812685103
    outer loop
      vertex 0.5129977464675903 -0.24556858837604523 1.3394781351089478
      vertex 0.4789198637008667 -0.18107576668262482 1.2896697521209717
      vertex 0.5206480622291565 -0.2471180558204651 1.328668475151062
    endloop
  endfacet
  facet normal -0.6651195827383222 -0.6437309580438785 -0.3784526315325479
    outer loop
      vertex 0.4521437883377075 -0.1756526231765747 1.3275038003921509
      vertex 0.4312796890735626 -0.14263148605823517 1.308004379272461
      vertex 0.4351048469543457 -0.1434062123298645 1.302599549293518
    endloop
  endfacet
  facet normal -0.6651248899978984 -0.6437290565845009 -0.378446538383048
    outer loop
      vertex 0.4521437883377075 -0.1756526231765747 1.3275038003921509
      vertex 0.4351048469543457 -0.1434062123298645 1.302599549293518
      vertex 0.4559689462184906 -0.17642736434936523 1.3220988512039185
    endloop
  endfacet
  facet normal -0.6651227132112497 -0.6437294974738557 -0.3784496141530114
    outer loop
      vertex 0.4559689462184906 -0.17642736434936523 1.3220988512039185
      vertex 0.4351048469543457 -0.1434062123298645 1.302599549293518
      vertex 0.4389299750328064 -0.14418095350265503 1.2971947193145752
    endloop
  endfacet
  facet normal -0.6651198596187146 -0.6437305198316489 -0.3784528903021571
    outer loop
      vertex 0.4559689462184906 -0.17642736434936523 1.3220988512039185
      vertex 0.4389299750328064 -0.14418095350265503 1.2971947193145752
      vertex 0.4597941040992737 -0.17720209062099457 1.3166940212249756
    endloop
  endfacet
  facet normal -0.6651198596187146 -0.6437305198316489 -0.3784528903021571
    outer loop
      vertex 0.4597941040992737 -0.17720209062099457 1.3166940212249756
      vertex 0.4389299750328064 -0.14418095350265503 1.2971947193145752
      vertex 0.4427551329135895 -0.14495567977428436 1.2917898893356323
    endloop
  endfacet
  facet normal -0.6651227132112497 -0.6437294974738557 -0.3784496141530114
    outer loop
      vertex 0.4597941040992737 -0.17720209062099457 1.3166940212249756
      vertex 0.4427551329135895 -0.14495567977428436 1.2917898893356323
      vertex 0.4636192321777344 -0.1779768317937851 1.3112891912460327
    endloop
  endfacet
  facet normal -0.6651226607080438 -0.6437295805696025 -0.37844956508408895
    outer loop
      vertex 0.4597941040992737 -0.17720209062099457 1.3166940212249756
      vertex 0.4636192321777344 -0.1779768317937851 1.3112891912460327
      vertex 0.5053474307060242 -0.24401912093162537 1.3502877950668335
    endloop
  endfacet
  facet normal -0.6651198821773997 -0.6437304841285119 -0.3784529113852792
    outer loop
      vertex 0.4976971447467804 -0.2424696534872055 1.3610975742340088
      vertex 0.4559689462184906 -0.17642736434936523 1.3220988512039185
      vertex 0.4597941040992737 -0.17720209062099457 1.3166940212249756
    endloop
  endfacet
  facet normal -0.6651232933620822 -0.6437295117323223 -0.3784485702866949
    outer loop
      vertex 0.5053474307060242 -0.24401912093162537 1.3502877950668335
      vertex 0.4976971447467804 -0.2424696534872055 1.3610975742340088
      vertex 0.4597941040992737 -0.17720209062099457 1.3166940212249756
    endloop
  endfacet
  facet normal -0.6651225358301697 -0.6437295334003692 -0.3784498647892316
    outer loop
      vertex 0.5623762607574463 -0.31316035985946655 1.3676670789718628
      vertex 0.5206480622291565 -0.2471180558204651 1.328668475151062
      vertex 0.5282983779907227 -0.24866752326488495 1.3178586959838867
    endloop
  endfacet
  facet normal -0.6651220705434757 -0.6437297001004267 -0.3784503989753141
    outer loop
      vertex 0.5623762607574463 -0.31316035985946655 1.3676670789718628
      vertex 0.5282983779907227 -0.24866752326488495 1.3178586959838867
      vertex 0.5700265765190125 -0.3147098124027252 1.3568572998046875
    endloop
  endfacet
  facet normal -0.665120130478308 -0.6437306608560421 -0.37845217439771967
    outer loop
      vertex 0.5470756888389587 -0.31006142497062683 1.3892865180969238
      vertex 0.5053474307060242 -0.24401912093162537 1.3502877950668335
      vertex 0.5129977464675903 -0.24556858837604523 1.3394781351089478
    endloop
  endfacet
  facet normal -0.6651237765494237 -0.6437293545669327 -0.3784479884177915
    outer loop
      vertex 0.5470756888389587 -0.31006142497062683 1.3892865180969238
      vertex 0.5129977464675903 -0.24556858837604523 1.3394781351089478
      vertex 0.5547259449958801 -0.3116108775138855 1.3784767389297485
    endloop
  endfacet
  facet normal -0.6651205419014624 -0.6437300097048825 -0.37845255891069995
    outer loop
      vertex 0.5547259449958801 -0.3116108775138855 1.3784767389297485
      vertex 0.5129977464675903 -0.24556858837604523 1.3394781351089478
      vertex 0.5206480622291565 -0.2471180558204651 1.328668475151062
    endloop
  endfacet
  facet normal -0.6651210071922885 -0.6437298430054452 -0.37845202472136497
    outer loop
      vertex 0.5547259449958801 -0.3116108775138855 1.3784767389297485
      vertex 0.5206480622291565 -0.2471180558204651 1.328668475151062
      vertex 0.5623762607574463 -0.31316035985946655 1.3676670789718628
    endloop
  endfacet
  facet normal -0.6651232278323977 -0.643729615444351 -0.37844850904407124
    outer loop
      vertex 0.5394253730773926 -0.3085119426250458 1.4000961780548096
      vertex 0.4976971447467804 -0.2424696534872055 1.3610975742340088
      vertex 0.5053474307060242 -0.24401912093162537 1.3502877950668335
    endloop
  endfacet
  facet normal -0.6651205432666913 -0.6437305772519061 -0.37845159113887905
    outer loop
      vertex 0.5394253730773926 -0.3085119426250458 1.4000961780548096
      vertex 0.5053474307060242 -0.24401912093162537 1.3502877950668335
      vertex 0.5470756888389587 -0.31006142497062683 1.3892865180969238
    endloop
  endfacet
  facet normal -0.6651218388404012 -0.6437299025893347 -0.3784504617646663
    outer loop
      vertex 0.16940024495124817 0.32991090416908264 0.9644776582717896
      vertex 0.15274447202682495 0.34571313858032227 0.9668709635734558
      vertex 0.11958564072847366 0.40875136852264404 0.9179215431213379
    endloop
  endfacet
  facet normal -0.6651212637160933 -0.643729791050379 -0.37845166225945226
    outer loop
      vertex 0.2608901560306549 0.17983265221118927 1.0589627027511597
      vertex 0.24002605676651 0.21285380423069 1.0394634008407593
      vertex 0.2690294682979584 0.17223002016544342 1.0575897693634033
    endloop
  endfacet
  facet normal -0.6651214764889014 -0.643729782554051 -0.3784513027671302
    outer loop
      vertex 0.21921485662460327 0.25107046961784363 1.0110337734222412
      vertex 0.2690294682979584 0.17223002016544342 1.0575897693634033
      vertex 0.24002605676651 0.21285380423069 1.0394634008407593
    endloop
  endfacet
  facet normal -0.6651211440296757 -0.6437301960707058 -0.3784511836834785
    outer loop
      vertex 0.16940024495124817 0.32991090416908264 0.9644776582717896
      vertex 0.21921485662460327 0.25107046961784363 1.0110337734222412
      vertex 0.19447268545627594 0.2796708345413208 1.0058696269989014
    endloop
  endfacet
  facet normal -0.6651218475486599 -0.6437299180753675 -0.3784504201188548
    outer loop
      vertex 0.16940024495124817 0.32991090416908264 0.9644776582717896
      vertex 0.19447268545627594 0.2796708345413208 1.0058696269989014
      vertex 0.15274447202682495 0.34571313858032227 0.9668709635734558
    endloop
  endfacet
  facet normal -0.6651207450326565 -0.6437300288669868 -0.37845216931880865
    outer loop
      vertex 0.21921485662460327 0.25107046961784363 1.0110337734222412
      vertex 0.24002605676651 0.21285380423069 1.0394634008407593
      vertex 0.19447268545627594 0.2796708345413208 1.0058696269989014
    endloop
  endfacet
  facet normal -0.6651213542170188 -0.6437300777205986 -0.37845101559164956
    outer loop
      vertex 0.0961751937866211 0.41412705183029175 0.949921190738678
      vertex 0.11958564072847366 0.40875136852264404 0.9179215431213379
      vertex 0.15274447202682495 0.34571313858032227 0.9668709635734558
    endloop
  endfacet
  facet normal -0.6651229985268811 -0.6437300062349917 -0.37844824732492566
    outer loop
      vertex 0.25761088728904724 0.1750280112028122 1.072898507118225
      vertex 0.23237574100494385 0.21440327167510986 1.050273060798645
      vertex 0.2570649981498718 0.1806073933839798 1.0643675327301025
    endloop
  endfacet
  facet normal -0.6651209004414103 -0.6437300119582268 -0.37845192495252095
    outer loop
      vertex 0.23620089888572693 0.21362854540348053 1.0448682308197021
      vertex 0.19447268545627594 0.2796708345413208 1.0058696269989014
      vertex 0.24002605676651 0.21285380423069 1.0394634008407593
    endloop
  endfacet
  facet normal -0.6651213569134061 -0.6437300784631592 -0.378451009589728
    outer loop
      vertex 0.14509417116641998 0.34726259112358093 0.9776806831359863
      vertex 0.0961751937866211 0.41412705183029175 0.949921190738678
      vertex 0.15274447202682495 0.34571313858032227 0.9668709635734558
    endloop
  endfacet
  facet normal -0.6651286998412321 -0.6437248116442879 -0.3784470630366131
    outer loop
      vertex 0.3026183545589447 0.113790363073349 1.0979613065719604
      vertex 0.298793226480484 0.11456509679555893 1.1033662557601929
      vertex 0.29792165756225586 0.12650300562381744 1.0845921039581299
    endloop
  endfacet
  facet normal -0.6651169668147531 -0.643731033245688 -0.3784571009924131
    outer loop
      vertex 0.29792165756225586 0.12650300562381744 1.0845921039581299
      vertex 0.323482483625412 0.08076921850442886 1.1174606084823608
      vertex 0.3026183545589447 0.113790363073349 1.0979613065719604
    endloop
  endfacet
  facet normal -0.6651190121376955 -0.6437319051666349 -0.3784520233312418
    outer loop
      vertex 0.28582140803337097 0.12946802377700806 1.1008145809173584
      vertex 0.29792165756225586 0.12650300562381744 1.0845921039581299
      vertex 0.298793226480484 0.11456509679555893 1.1033662557601929
    endloop
  endfacet
  facet normal -0.6651203921669046 -0.6437299479514621 -0.3784529271047469
    outer loop
      vertex 0.323482483625412 0.08076921850442886 1.1174606084823608
      vertex 0.29792165756225586 0.12650300562381744 1.0845921039581299
      vertex 0.3515022099018097 0.041702236980199814 1.1346677541732788
    endloop
  endfacet
  facet normal -0.6651215747962238 -0.6437304142482326 -0.3784500555058618
    outer loop
      vertex 0.2690294682979584 0.17223002016544342 1.0575897693634033
      vertex 0.25761088728904724 0.1750280112028122 1.072898507118225
      vertex 0.2608901560306549 0.17983265221118927 1.0589627027511597
    endloop
  endfacet
  facet normal -0.6651221880687933 -0.6437301574689651 -0.3784494144579459
    outer loop
      vertex 0.25761088728904724 0.1750280112028122 1.072898507118225
      vertex 0.24941469728946686 0.18215686082839966 1.0751773118972778
      vertex 0.23237574100494385 0.21440327167510986 1.050273060798645
    endloop
  endfacet
  facet normal -0.6651191599334589 -0.6437327666183338 -0.37845029828408866
    outer loop
      vertex 0.2608901560306549 0.17983265221118927 1.0589627027511597
      vertex 0.25761088728904724 0.1750280112028122 1.072898507118225
      vertex 0.2570649981498718 0.1806073933839798 1.0643675327301025
    endloop
  endfacet
  facet normal -0.6651214395478756 -0.6437309286588496 -0.3784494182077402
    outer loop
      vertex 0.27372118830680847 0.13243305683135986 1.1170371770858765
      vertex 0.28582140803337097 0.12946802377700806 1.1008145809173584
      vertex 0.29114291071891785 0.11611456423997879 1.1141759157180786
    endloop
  endfacet
  facet normal -0.6651192718854841 -0.6437320197296023 -0.3784513719639161
    outer loop
      vertex 0.298793226480484 0.11456509679555893 1.1033662557601929
      vertex 0.2949680685997009 0.11533983051776886 1.1087710857391357
      vertex 0.28582140803337097 0.12946802377700806 1.1008145809173584
    endloop
  endfacet
  facet normal -0.6651205944046218 -0.6437299266090966 -0.37845260797977015
    outer loop
      vertex 0.2834925949573517 0.11766403168439865 1.1249855756759644
      vertex 0.29114291071891785 0.11611456423997879 1.1141759157180786
      vertex 0.31200700998306274 0.08309341222047806 1.133675217628479
    endloop
  endfacet
  facet normal -0.6651205944046218 -0.6437299266090966 -0.37845260797977015
    outer loop
      vertex 0.2834925949573517 0.11766403168439865 1.1249855756759644
      vertex 0.31200700998306274 0.08309341222047806 1.133675217628479
      vertex 0.3043566942214966 0.08464287966489792 1.1444848775863647
    endloop
  endfacet
  facet normal -0.6651192718854841 -0.6437320197296023 -0.3784513719639161
    outer loop
      vertex 0.28582140803337097 0.12946802377700806 1.1008145809173584
      vertex 0.2949680685997009 0.11533983051776886 1.1087710857391357
      vertex 0.29114291071891785 0.11611456423997879 1.1141759157180786
    endloop
  endfacet
  facet normal -0.6651244575311115 -0.6437291713508905 -0.3784471032335177
    outer loop
      vertex 0.3196573257446289 0.0815439522266388 1.1228655576705933
      vertex 0.323482483625412 0.08076921850442886 1.1174606084823608
      vertex 0.3613855242729187 0.015501653775572777 1.161864161491394
    endloop
  endfacet
  facet normal -0.6651202800196038 -0.6437304431104024 -0.3784522819584116
    outer loop
      vertex 0.12979356944561005 0.35036152601242065 0.9993000626564026
      vertex 0.0961751937866211 0.41412705183029175 0.949921190738678
      vertex 0.13744387030601501 0.348812073469162 0.9884904026985168
    endloop
  endfacet
  facet normal -0.6651220763091279 -0.6437300792956882 -0.37844974384480934
    outer loop
      vertex 0.13744387030601501 0.348812073469162 0.9884904026985168
      vertex 0.0961751937866211 0.41412705183029175 0.949921190738678
      vertex 0.14509417116641998 0.34726259112358093 0.9776806831359863
    endloop
  endfacet
  facet normal -0.6651216803566912 -0.6437299392589698 -0.37845067792399933
    outer loop
      vertex 0.07276474684476852 0.41950276494026184 0.9819208383560181
      vertex 0.0961751937866211 0.41412705183029175 0.949921190738678
      vertex 0.12979356944561005 0.35036152601242065 0.9993000626564026
    endloop
  endfacet
  facet normal -0.6651215486166818 -0.643730008284855 -0.3784507920447884
    outer loop
      vertex 0.12320806831121445 0.33966726064682007 1.0290645360946655
      vertex 0.07276474684476852 0.41950276494026184 0.9819208383560181
      vertex 0.12214326113462448 0.3519110083580017 1.010109782218933
    endloop
  endfacet
  facet normal -0.6651219355608189 -0.6437300077383397 -0.3784501129251082
    outer loop
      vertex 0.12979356944561005 0.35036152601242065 0.9993000626564026
      vertex 0.12214326113462448 0.3519110083580017 1.010109782218933
      vertex 0.07276474684476852 0.41950276494026184 0.9819208383560181
    endloop
  endfacet
  facet normal -0.6651230264643523 -0.6437294714628012 -0.3784491078561598
    outer loop
      vertex 0.12214326113462448 0.3519110083580017 1.010109782218933
      vertex 0.16387146711349487 0.28586870431900024 1.0491083860397339
      vertex 0.17365139722824097 0.2598317265510559 1.076208233833313
    endloop
  endfacet
  facet normal -0.665121718834242 -0.6437298848915203 -0.37845070277716975
    outer loop
      vertex 0.12214326113462448 0.3519110083580017 1.010109782218933
      vertex 0.17365139722824097 0.2598317265510559 1.076208233833313
      vertex 0.12320806831121445 0.33966726064682007 1.0290645360946655
    endloop
  endfacet
  facet normal -0.6651222236439132 -0.6437298781326327 -0.3784498270766183
    outer loop
      vertex 0.16387146711349487 0.28586870431900024 1.0491083860397339
      vertex 0.24732789397239685 0.1537841111421585 1.127105712890625
      vertex 0.2240947186946869 0.17999622225761414 1.1233519315719604
    endloop
  endfacet
  facet normal -0.6651222892445056 -0.643729858279609 -0.378449745553439
    outer loop
      vertex 0.16387146711349487 0.28586870431900024 1.0491083860397339
      vertex 0.2240947186946869 0.17999622225761414 1.1233519315719604
      vertex 0.17365139722824097 0.2598317265510559 1.076208233833313
    endloop
  endfacet
  facet normal -0.6651219940504323 -0.6437299246341259 -0.3784501514875101
    outer loop
      vertex 0.21324998140335083 0.21827693283557892 1.077297329902649
      vertex 0.24732789397239685 0.1537841111421585 1.127105712890625
      vertex 0.16387146711349487 0.28586870431900024 1.0491083860397339
    endloop
  endfacet
  facet normal -0.6651213269457853 -0.6437299255760869 -0.3784513223119764
    outer loop
      vertex 0.16387146711349487 0.28586870431900024 1.0491083860397339
      vertex 0.17152176797389984 0.2843192219734192 1.0382987260818481
      vertex 0.21324998140335083 0.21827693283557892 1.077297329902649
    endloop
  endfacet
  facet normal -0.6651209150305146 -0.6437300077994835 -0.3784519063863307
    outer loop
      vertex 0.21324998140335083 0.21827693283557892 1.077297329902649
      vertex 0.2209002822637558 0.21672746539115906 1.0664876699447632
      vertex 0.2588033378124237 0.15145991742610931 1.1108911037445068
    endloop
  endfacet
  facet normal -0.6651237650032353 -0.6437296977060215 -0.3784474250397738
    outer loop
      vertex 0.21324998140335083 0.21827693283557892 1.077297329902649
      vertex 0.2588033378124237 0.15145991742610931 1.1108911037445068
      vertex 0.2549781799316406 0.15223464369773865 1.1162960529327393
    endloop
  endfacet
  facet normal -0.6651226995519799 -0.6437294991034473 -0.3784496353872087
    outer loop
      vertex 0.2588033378124237 0.15145991742610931 1.1108911037445068
      vertex 0.2209002822637558 0.21672746539115906 1.0664876699447632
      vertex 0.2461923062801361 0.17782600224018097 1.0882071256637573
    endloop
  endfacet
  facet normal -0.665120582351298 -0.6437293759767264 -0.37845356576109124
    outer loop
      vertex 0.24558953940868378 0.182931587100029 1.0805821418762207
      vertex 0.24941469728946686 0.18215686082839966 1.0751773118972778
      vertex 0.2461923062801361 0.17782600224018097 1.0882071256637573
    endloop
  endfacet
  facet normal -0.6651216888823014 -0.6437282849804143 -0.3784534767901196
    outer loop
      vertex 0.24941469728946686 0.18215686082839966 1.0751773118972778
      vertex 0.25761088728904724 0.1750280112028122 1.072898507118225
      vertex 0.2461923062801361 0.17782600224018097 1.0882071256637573
    endloop
  endfacet
  facet normal -0.66512451544945 -0.6437290796853512 -0.37844715736227325
    outer loop
      vertex 0.2796674370765686 0.11843876540660858 1.1303905248641968
      vertex 0.27372118830680847 0.13243305683135986 1.1170371770858765
      vertex 0.2834925949573517 0.11766403168439865 1.1249855756759644
    endloop
  endfacet
  facet normal -0.6651206906936665 -0.6437301944093763 -0.37845198323809415
    outer loop
      vertex 0.2588033378124237 0.15145991742610931 1.1108911037445068
      vertex 0.2599567472934723 0.155129536986351 1.102622151374817
      vertex 0.27372118830680847 0.13243305683135986 1.1170371770858765
    endloop
  endfacet
  facet normal -0.6651207792168201 -0.6437296341100627 -0.3784527807039272
    outer loop
      vertex 0.29114291071891785 0.11611456423997879 1.1141759157180786
      vertex 0.2834925949573517 0.11766403168439865 1.1249855756759644
      vertex 0.27372118830680847 0.13243305683135986 1.1170371770858765
    endloop
  endfacet
  facet normal -0.665120372977018 -0.6437304754210842 -0.37845206362901135
    outer loop
      vertex 0.2588033378124237 0.15145991742610931 1.1108911037445068
      vertex 0.2461923062801361 0.17782600224018097 1.0882071256637573
      vertex 0.2599567472934723 0.155129536986351 1.102622151374817
    endloop
  endfacet
  facet normal -0.6651211479760398 -0.6437302277592193 -0.3784511228469252
    outer loop
      vertex 0.2549781799316406 0.15223464369773865 1.1162960529327393
      vertex 0.24732789397239685 0.1537841111421585 1.127105712890625
      vertex 0.21324998140335083 0.21827693283557892 1.077297329902649
    endloop
  endfacet
  facet normal -0.665121581976661 -0.6437297628222232 -0.3784511509372219
    outer loop
      vertex 0.24732789397239685 0.1537841111421585 1.127105712890625
      vertex 0.28905609250068665 0.08774181455373764 1.1661043167114258
      vertex 0.2745380401611328 0.10016071796417236 1.1704955101013184
    endloop
  endfacet
  facet normal -0.6651218189659934 -0.6437296716053452 -0.3784508895883884
    outer loop
      vertex 0.24732789397239685 0.1537841111421585 1.127105712890625
      vertex 0.2745380401611328 0.10016071796417236 1.1704955101013184
      vertex 0.2240947186946869 0.17999622225761414 1.1233519315719604
    endloop
  endfacet
  facet normal -0.6651218431000652 -0.643730355311283 -0.37844968421440356
    outer loop
      vertex 0.2796674370765686 0.11843876540660858 1.1303905248641968
      vertex 0.2588033378124237 0.15145991742610931 1.1108911037445068
      vertex 0.27372118830680847 0.13243305683135986 1.1170371770858765
    endloop
  endfacet
  facet normal -0.6651196855938095 -0.6437300109106536 -0.37845406179424446
    outer loop
      vertex 0.24558953940868378 0.182931587100029 1.0805821418762207
      vertex 0.2461923062801361 0.17782600224018097 1.0882071256637573
      vertex 0.2209002822637558 0.21672746539115906 1.0664876699447632
    endloop
  endfacet
  facet normal -0.6651219058547546 -0.6437298987437681 -0.3784503505289394
    outer loop
      vertex 0.3515022099018097 0.041702236980199814 1.1346677541732788
      vertex 0.3613855242729187 0.015501653775572777 1.161864161491394
      vertex 0.323482483625412 0.08076921850442886 1.1174606084823608
    endloop
  endfacet
  facet normal -0.6651213766872988 -0.6437301217114559 -0.3784509012737933
    outer loop
      vertex 0.4050827920436859 -0.04309852793812752 1.1847435235977173
      vertex 0.3954634368419647 -0.04899117350578308 1.2116725444793701
      vertex 0.3613855242729187 0.015501653775572777 1.161864161491394
    endloop
  endfacet
  facet normal -0.665121473131215 -0.6437301251602244 -0.37845072590888806
    outer loop
      vertex 0.3515022099018097 0.041702236980199814 1.1346677541732788
      vertex 0.4050827920436859 -0.04309852793812752 1.1847435235977173
      vertex 0.3613855242729187 0.015501653775572777 1.161864161491394
    endloop
  endfacet
  facet normal -0.665121630667266 -0.6437298419450935 -0.3784509307794893
    outer loop
      vertex 0.4050827920436859 -0.04309852793812752 1.1847435235977173
      vertex 0.45866337418556213 -0.12789928913116455 1.2348191738128662
      vertex 0.3954634368419647 -0.04899117350578308 1.2116725444793701
    endloop
  endfacet
  facet normal -0.665120206159347 -0.6437305410772766 -0.37845224512863507
    outer loop
      vertex 0.3613855242729187 0.015501653775572777 1.161864161491394
      vertex 0.3954634368419647 -0.04899117350578308 1.2116725444793701
      vertex 0.35373520851135254 0.017051121219992638 1.1726738214492798
    endloop
  endfacet
  facet normal -0.6651214100976968 -0.6437296641381339 -0.37845162086884565
    outer loop
      vertex 0.4427551329135895 -0.14495567977428436 1.2917898893356323
      vertex 0.4296003580093384 -0.13010022044181824 1.2896406650543213
      vertex 0.44125714898109436 -0.1333964616060257 1.2747608423233032
    endloop
  endfacet
  facet normal -0.6651208173094479 -0.6437295738214952 -0.3784528163050289
    outer loop
      vertex 0.3954634368419647 -0.04899117350578308 1.2116725444793701
      vertex 0.40273284912109375 -0.06723234802484512 1.2299240827560425
      vertex 0.38781312108039856 -0.04744170606136322 1.2224822044372559
    endloop
  endfacet
  facet normal -0.6651163695095833 -0.6437318125117342 -0.37845682524001206
    outer loop
      vertex 0.3954634368419647 -0.04899117350578308 1.2116725444793701
      vertex 0.42199501395225525 -0.10031440109014511 1.2523424625396729
      vertex 0.40273284912109375 -0.06723234802484512 1.2299240827560425
    endloop
  endfacet
  facet normal -0.6651214485434851 -0.6437296096308082 -0.378451646015688
    outer loop
      vertex 0.3801628351211548 -0.04589224234223366 1.2332918643951416
      vertex 0.38781312108039856 -0.04744170606136322 1.2224822044372559
      vertex 0.40273284912109375 -0.06723234802484512 1.2299240827560425
    endloop
  endfacet
  facet normal -0.6651217619394771 -0.6437298012431496 -0.3784507693029316
    outer loop
      vertex 0.4789198637008667 -0.18107576668262482 1.2896697521209717
      vertex 0.42199501395225525 -0.10031440109014511 1.2523424625396729
      vertex 0.3954634368419647 -0.04899117350578308 1.2116725444793701
    endloop
  endfacet
  facet normal -0.665121594746344 -0.6437298351058516 -0.3784510055432186
    outer loop
      vertex 0.4789198637008667 -0.18107576668262482 1.2896697521209717
      vertex 0.3954634368419647 -0.04899117350578308 1.2116725444793701
      vertex 0.45866337418556213 -0.12789928913116455 1.2348191738128662
    endloop
  endfacet
  facet normal -0.6651221669658351 -0.6437300074113176 -0.37844970678928597
    outer loop
      vertex 0.4789198637008667 -0.18107576668262482 1.2896697521209717
      vertex 0.512243926525116 -0.21270005404949188 1.2848948240280151
      vertex 0.5282983779907227 -0.24866752326488495 1.3178586959838867
    endloop
  endfacet
  facet normal -0.6651205250642508 -0.6437303171780986 -0.37845206550373045
    outer loop
      vertex 0.512243926525116 -0.21270005404949188 1.2848948240280151
      vertex 0.5658245086669922 -0.2975008189678192 1.3349705934524536
      vertex 0.5700265765190125 -0.3147098124027252 1.3568572998046875
    endloop
  endfacet
  facet normal -0.6651234614624569 -0.6437294183849894 -0.3784484336312186
    outer loop
      vertex 0.512243926525116 -0.21270005404949188 1.2848948240280151
      vertex 0.5700265765190125 -0.3147098124027252 1.3568572998046875
      vertex 0.5282983779907227 -0.24866752326488495 1.3178586959838867
    endloop
  endfacet
  facet normal -0.6651210146343257 -0.6437300090383986 -0.37845172922742526
    outer loop
      vertex 0.5700265765190125 -0.3147098124027252 1.3568572998046875
      vertex 0.5658245086669922 -0.2975008189678192 1.3349705934524536
      vertex 0.6194050908088684 -0.38230156898498535 1.3850462436676025
    endloop
  endfacet
  facet normal -0.6651220479823957 -0.6437297358072465 -0.37845037789020164
    outer loop
      vertex 0.5964542031288147 -0.37765318155288696 1.4174753427505493
      vertex 0.5623762607574463 -0.31316035985946655 1.3676670789718628
      vertex 0.5700265765190125 -0.3147098124027252 1.3568572998046875
    endloop
  endfacet
  facet normal -0.6651220419610735 -0.6437303150338373 -0.378449403228448
    outer loop
      vertex 0.47126954793930054 -0.17952629923820496 1.300479531288147
      vertex 0.45040544867515564 -0.14650514721870422 1.280980110168457
      vertex 0.4789198637008667 -0.18107576668262482 1.2896697521209717
    endloop
  endfacet
  facet normal -0.665120426552467 -0.6437298815687287 -0.37845297958686336
    outer loop
      vertex 0.4789198637008667 -0.18107576668262482 1.2896697521209717
      vertex 0.45040544867515564 -0.14650514721870422 1.280980110168457
      vertex 0.42199501395225525 -0.10031440109014511 1.2523424625396729
    endloop
  endfacet
  facet normal -0.6651207902012191 -0.6437301864333956 -0.37845182192259486
    outer loop
      vertex 0.5623762607574463 -0.31316035985946655 1.3676670789718628
      vertex 0.5964542031288147 -0.37765318155288696 1.4174753427505493
      vertex 0.5547259449958801 -0.3116108775138855 1.3784767389297485
    endloop
  endfacet
  facet normal -0.6651222363921432 -0.6437300073131769 -0.37844958494004377
    outer loop
      vertex 0.5206480622291565 -0.2471180558204651 1.328668475151062
      vertex 0.4789198637008667 -0.18107576668262482 1.2896697521209717
      vertex 0.5282983779907227 -0.24866752326488495 1.3178586959838867
    endloop
  endfacet
  facet normal -0.6651214829818027 -0.6437300083775178 -0.37845090723945746
    outer loop
      vertex 0.6194050908088684 -0.38230156898498535 1.3850462436676025
      vertex 0.5964542031288147 -0.37765318155288696 1.4174753427505493
      vertex 0.5700265765190125 -0.3147098124027252 1.3568572998046875
    endloop
  endfacet
  facet normal -0.6651219622582457 -0.6437296440610523 -0.3784506846060287
    outer loop
      vertex 0.512243926525116 -0.21270005404949188 1.2848948240280151
      vertex 0.4789198637008667 -0.18107576668262482 1.2896697521209717
      vertex 0.45866337418556213 -0.12789928913116455 1.2348191738128662
    endloop
  endfacet
  facet normal -0.6651288824439092 -0.6437279284360884 -0.3784414405034137
    outer loop
      vertex 0.45040544867515564 -0.14650514721870422 1.280980110168457
      vertex 0.44125714898109436 -0.1333964616060257 1.2747608423233032
      vertex 0.42199501395225525 -0.10031440109014511 1.2523424625396729
    endloop
  endfacet
  facet normal -0.6651216769908449 -0.643730026511815 -0.3784505354256802
    outer loop
      vertex 0.40273284912109375 -0.06723234802484512 1.2299240827560425
      vertex 0.37542468309402466 -0.05951030179858208 1.2647829055786133
      vertex 0.3801628351211548 -0.04589224234223366 1.2332918643951416
    endloop
  endfacet
  facet normal -0.6651216557558725 -0.643729242227914 -0.37845190677976787
    outer loop
      vertex 0.4179435670375824 -0.12680397927761078 1.3045204877853394
      vertex 0.4296003580093384 -0.13010022044181824 1.2896406650543213
      vertex 0.4312796890735626 -0.14263148605823517 1.308004379272461
    endloop
  endfacet
  facet normal -0.6651246832810536 -0.6437282443767585 -0.37844828323285445
    outer loop
      vertex 0.44658029079437256 -0.1457304209470749 1.2863850593566895
      vertex 0.44125714898109436 -0.1333964616060257 1.2747608423233032
      vertex 0.45040544867515564 -0.14650514721870422 1.280980110168457
    endloop
  endfacet
  facet normal -0.6651198845749061 -0.6437304803340304 -0.3784529136259649
    outer loop
      vertex 0.4296003580093384 -0.13010022044181824 1.2896406650543213
      vertex 0.4351048469543457 -0.1434062123298645 1.302599549293518
      vertex 0.4312796890735626 -0.14263148605823517 1.308004379272461
    endloop
  endfacet
  facet normal -0.6651197281177713 -0.6437306469548454 -0.37845290518060243
    outer loop
      vertex 0.28905609250068665 0.08774181455373764 1.1661043167114258
      vertex 0.33078432083129883 0.02169952169060707 1.2051030397415161
      vertex 0.32498136162757874 0.020325209945440292 1.2176392078399658
    endloop
  endfacet
  facet normal -0.6651216296287674 -0.6437299768912412 -0.3784507030665616
    outer loop
      vertex 0.28905609250068665 0.08774181455373764 1.1661043167114258
      vertex 0.32498136162757874 0.020325209945440292 1.2176392078399658
      vertex 0.2745380401611328 0.10016071796417236 1.1704955101013184
    endloop
  endfacet
  facet normal -0.665121662383387 -0.643729746536943 -0.3784510373243053
    outer loop
      vertex 0.33078432083129883 0.02169952169060707 1.2051030397415161
      vertex 0.3725125193595886 -0.0443427748978138 1.244101643562317
      vertex 0.37542468309402466 -0.05951030179858208 1.2647829055786133
    endloop
  endfacet
  facet normal -0.6651200210732826 -0.6437302876948702 -0.37845300140407895
    outer loop
      vertex 0.33078432083129883 0.02169952169060707 1.2051030397415161
      vertex 0.37542468309402466 -0.05951030179858208 1.2647829055786133
      vertex 0.32498136162757874 0.020325209945440292 1.2176392078399658
    endloop
  endfacet
  facet normal -0.665122935285617 -0.6437289011915441 -0.3784502381129817
    outer loop
      vertex 0.3801628351211548 -0.04589224234223366 1.2332918643951416
      vertex 0.37542468309402466 -0.05951030179858208 1.2647829055786133
      vertex 0.3725125193595886 -0.0443427748978138 1.244101643562317
    endloop
  endfacet
  facet normal -0.6651206451319919 -0.6437292766147498 -0.3784536244353513
    outer loop
      vertex 0.4389299750328064 -0.14418095350265503 1.2971947193145752
      vertex 0.4296003580093384 -0.13010022044181824 1.2896406650543213
      vertex 0.4427551329135895 -0.14495567977428436 1.2917898893356323
    endloop
  endfacet
  facet normal -0.6651208893998523 -0.6437300294335063 -0.378451914633136
    outer loop
      vertex 0.44125714898109436 -0.1333964616060257 1.2747608423233032
      vertex 0.44658029079437256 -0.1457304209470749 1.2863850593566895
      vertex 0.4427551329135895 -0.14495567977428436 1.2917898893356323
    endloop
  endfacet
  facet normal -0.6651230780311717 -0.6437289200802819 -0.37844995510980545
    outer loop
      vertex 0.4296003580093384 -0.13010022044181824 1.2896406650543213
      vertex 0.4389299750328064 -0.14418095350265503 1.2971947193145752
      vertex 0.4351048469543457 -0.1434062123298645 1.302599549293518
    endloop
  endfacet
  facet normal -0.665121703787911 -0.6437297672137532 -0.37845092938608776
    outer loop
      vertex 0.5964542031288147 -0.37765318155288696 1.4174753427505493
      vertex 0.5735032558441162 -0.3730047941207886 1.4499045610427856
      vertex 0.5394253730773926 -0.3085119426250458 1.4000961780548096
    endloop
  endfacet
  facet normal -0.6651211491208517 -0.6437296183774142 -0.37845215736711874
    outer loop
      vertex 0.5964542031288147 -0.37765318155288696 1.4174753427505493
      vertex 0.5394253730773926 -0.3085119426250458 1.4000961780548096
      vertex 0.5470756888389587 -0.31006142497062683 1.3892865180969238
    endloop
  endfacet
  facet normal -0.6651245905609496 -0.6437295304940411 -0.378446258537524
    outer loop
      vertex 0.4521437883377075 -0.1756526231765747 1.3275038003921509
      vertex 0.4559689462184906 -0.17642736434936523 1.3220988512039185
      vertex 0.4976971447467804 -0.2424696534872055 1.3610975742340088
    endloop
  endfacet
  facet normal -0.6651228252317236 -0.6437296300140052 -0.3784491918313502
    outer loop
      vertex 0.4697968065738678 -0.20887091755867004 1.3529818058013916
      vertex 0.4179435670375824 -0.12680397927761078 1.3045204877853394
      vertex 0.4312796890735626 -0.14263148605823517 1.308004379272461
    endloop
  endfacet
  facet normal -0.6651145778019805 -0.6437319716910626 -0.37845970329485573
    outer loop
      vertex 0.4697968065738678 -0.20887091755867004 1.3529818058013916
      vertex 0.4312796890735626 -0.14263148605823517 1.308004379272461
      vertex 0.4521437883377075 -0.1756526231765747 1.3275038003921509
    endloop
  endfacet
  facet normal -0.6651200840883805 -0.6437300208235064 -0.3784533445919505
    outer loop
      vertex 0.4697968065738678 -0.20887091755867004 1.3529818058013916
      vertex 0.4521437883377075 -0.1756526231765747 1.3275038003921509
      vertex 0.4976971447467804 -0.2424696534872055 1.3610975742340088
    endloop
  endfacet
  facet normal -0.6651197396759416 -0.6437304708967698 -0.37845318433384945
    outer loop
      vertex 0.5735032558441162 -0.3730047941207886 1.4499045610427856
      vertex 0.5216500163078308 -0.2909378409385681 1.4014431238174438
      vertex 0.5394253730773926 -0.3085119426250458 1.4000961780548096
    endloop
  endfacet
  facet normal -0.6651202925323245 -0.6437300807892992 -0.3784528762590099
    outer loop
      vertex 0.5216500163078308 -0.2909378409385681 1.4014431238174438
      vertex 0.4697968065738678 -0.20887091755867004 1.3529818058013916
      vertex 0.4976971447467804 -0.2424696534872055 1.3610975742340088
    endloop
  endfacet
  facet normal -0.6651196416985454 -0.6437303417653917 -0.3784535761720458
    outer loop
      vertex 0.5216500163078308 -0.2909378409385681 1.4014431238174438
      vertex 0.4976971447467804 -0.2424696534872055 1.3610975742340088
      vertex 0.5394253730773926 -0.3085119426250458 1.4000961780548096
    endloop
  endfacet
  facet normal -0.6651236120589419 -0.6437296149009624 -0.3784478346894387
    outer loop
      vertex 0.5470756888389587 -0.31006142497062683 1.3892865180969238
      vertex 0.5547259449958801 -0.3116108775138855 1.3784767389297485
      vertex 0.5964542031288147 -0.37765318155288696 1.4174753427505493
    endloop
  endfacet
  facet normal 0.5737727108796422 -0.11621116845985499 -0.8107279695280173
    outer loop
      vertex 0.2103632688522339 0.3159717619419098 0.9954662322998047
      vertex 0.2203400880098343 0.32562771439552307 1.001142978668213
      vertex 0.25965002179145813 0.2634127736091614 1.03788161277771
    endloop
  endfacet
  facet normal 0.5737761053281657 -0.11620657767797746 -0.8107262252195951
    outer loop
      vertex 0.2103632688522339 0.3159717619419098 0.9954662322998047
      vertex 0.25965002179145813 0.2634127736091614 1.03788161277771
      vertex 0.24967318773269653 0.2537568211555481 1.0322047472000122
    endloop
  endfacet
  facet normal 0.5737722191450291 -0.11621039020376286 -0.8107284290969929
    outer loop
      vertex 0.17105334997177124 0.3781866729259491 0.9587277173995972
      vertex 0.18103016912937164 0.3878426253795624 0.9644044637680054
      vertex 0.2203400880098343 0.32562771439552307 1.001142978668213
    endloop
  endfacet
  facet normal 0.5737722191450291 -0.11621039020376286 -0.8107284290969929
    outer loop
      vertex 0.17105334997177124 0.3781866729259491 0.9587277173995972
      vertex 0.2203400880098343 0.32562771439552307 1.001142978668213
      vertex 0.2103632688522339 0.3159717619419098 0.9954662322998047
    endloop
  endfacet
  facet normal 0.5737721990223431 -0.11621035835610821 -0.8107284479033713
    outer loop
      vertex 0.20038644969463348 0.3063158094882965 0.9897894859313965
      vertex 0.2103632688522339 0.3159717619419098 0.9954662322998047
      vertex 0.24967318773269653 0.2537568211555481 1.0322047472000122
    endloop
  endfacet
  facet normal 0.5737721322988236 -0.11621044859516005 -0.8107284821902908
    outer loop
      vertex 0.20038644969463348 0.3063158094882965 0.9897894859313965
      vertex 0.24967318773269653 0.2537568211555481 1.0322047472000122
      vertex 0.23969636857509613 0.244100883603096 1.026528000831604
    endloop
  endfacet
  facet normal 0.5737722191450291 -0.11621039020376286 -0.8107284290969929
    outer loop
      vertex 0.16107653081417084 0.3685307204723358 0.953050971031189
      vertex 0.17105334997177124 0.3781866729259491 0.9587277173995972
      vertex 0.2103632688522339 0.3159717619419098 0.9954662322998047
    endloop
  endfacet
  facet normal 0.5737722191450291 -0.11621039020376286 -0.8107284290969929
    outer loop
      vertex 0.16107653081417084 0.3685307204723358 0.953050971031189
      vertex 0.2103632688522339 0.3159717619419098 0.9954662322998047
      vertex 0.20038644969463348 0.3063158094882965 0.9897894859313965
    endloop
  endfacet
  facet normal 0.5737709125276796 -0.11621251878484111 -0.8107290487054455
    outer loop
      vertex 0.25445130467414856 0.2970867156982422 1.029375433921814
      vertex 0.30582839250564575 0.2157733142375946 1.0773918628692627
      vertex 0.25965002179145813 0.2634127736091614 1.03788161277771
    endloop
  endfacet
  facet normal 0.5737734706289531 -0.11620896063895593 -0.8107277483037197
    outer loop
      vertex 0.28742894530296326 0.19400165975093842 1.067490816116333
      vertex 0.25965002179145813 0.2634127736091614 1.03788161277771
      vertex 0.30582839250564575 0.2157733142375946 1.0773918628692627
    endloop
  endfacet
  facet normal 0.5737763903578605 -0.116207028791307 -0.8107259588340566
    outer loop
      vertex 0.25965002179145813 0.2634127736091614 1.03788161277771
      vertex 0.28742894530296326 0.19400165975093842 1.067490816116333
      vertex 0.24967318773269653 0.2537568211555481 1.0322047472000122
    endloop
  endfacet
  facet normal 0.5737724072701855 -0.1162108837860879 -0.8107282252056067
    outer loop
      vertex 0.23969636857509613 0.244100883603096 1.026528000831604
      vertex 0.24967318773269653 0.2537568211555481 1.0322047472000122
      vertex 0.28742894530296326 0.19400165975093842 1.067490816116333
    endloop
  endfacet
  facet normal 0.5737730951859573 -0.11620970380776896 -0.8107279074890891
    outer loop
      vertex 0.20307418704032898 0.3784000873565674 0.98135906457901
      vertex 0.25445130467414856 0.2970867156982422 1.029375433921814
      vertex 0.2203400880098343 0.32562771439552307 1.001142978668213
    endloop
  endfacet
  facet normal 0.5737726970425477 -0.11620992767657742 -0.8107281571759584
    outer loop
      vertex 0.20307418704032898 0.3784000873565674 0.98135906457901
      vertex 0.2203400880098343 0.32562771439552307 1.001142978668213
      vertex 0.18103016912937164 0.3878426253795624 0.9644044637680054
    endloop
  endfacet
  facet normal 0.5737725816730069 -0.1162102584784319 -0.8107281914086055
    outer loop
      vertex 0.1516970843076706 0.45971348881721497 0.933342695236206
      vertex 0.20307418704032898 0.3784000873565674 0.98135906457901
      vertex 0.18103016912937164 0.3878426253795624 0.9644044637680054
    endloop
  endfacet
  facet normal 0.5737726049400607 -0.11621024283473073 -0.8107281771843076
    outer loop
      vertex 0.13564135134220123 0.4342324435710907 0.925632119178772
      vertex 0.1516970843076706 0.45971348881721497 0.933342695236206
      vertex 0.18103016912937164 0.3878426253795624 0.9644044637680054
    endloop
  endfacet
  facet normal 0.5737715162318345 -0.11621232468435433 -0.8107286492732816
    outer loop
      vertex 0.2203400880098343 0.32562771439552307 1.001142978668213
      vertex 0.25445130467414856 0.2970867156982422 1.029375433921814
      vertex 0.25965002179145813 0.2634127736091614 1.03788161277771
    endloop
  endfacet
  facet normal 0.57377000250294 -0.11621250988676914 -0.8107296940248298
    outer loop
      vertex 0.21921485662460327 0.25107046961784363 1.0110337734222412
      vertex 0.20038644969463348 0.3063158094882965 0.9897894859313965
      vertex 0.23969636857509613 0.244100883603096 1.026528000831604
    endloop
  endfacet
  facet normal 0.5737702314022168 -0.11621172666894533 -0.8107296442965861
    outer loop
      vertex 0.23969636857509613 0.244100883603096 1.026528000831604
      vertex 0.2690294682979584 0.17223002016544342 1.0575897693634033
      vertex 0.21921485662460327 0.25107046961784363 1.0110337734222412
    endloop
  endfacet
  facet normal 0.5737732950968824 -0.11620966678261209 -0.8107277713141077
    outer loop
      vertex 0.2690294682979584 0.17223002016544342 1.0575897693634033
      vertex 0.23969636857509613 0.244100883603096 1.026528000831604
      vertex 0.28742894530296326 0.19400165975093842 1.067490816116333
    endloop
  endfacet
  facet normal 0.5737715242513962 -0.1162116258385791 -0.810728743772036
    outer loop
      vertex 0.16940024495124817 0.32991090416908264 0.9644776582717896
      vertex 0.20038644969463348 0.3063158094882965 0.9897894859313965
      vertex 0.21921485662460327 0.25107046961784363 1.0110337734222412
    endloop
  endfacet
  facet normal 0.5737723509881488 -0.1162105988684937 -0.8107283058782138
    outer loop
      vertex 0.18103016912937164 0.3878426253795624 0.9644044637680054
      vertex 0.17105334997177124 0.3781866729259491 0.9587277173995972
      vertex 0.13564135134220123 0.4342324435710907 0.925632119178772
    endloop
  endfacet
  facet normal 0.5737723509881488 -0.1162105988684937 -0.8107283058782138
    outer loop
      vertex 0.16107653081417084 0.3685307204723358 0.953050971031189
      vertex 0.13564135134220123 0.4342324435710907 0.925632119178772
      vertex 0.17105334997177124 0.3781866729259491 0.9587277173995972
    endloop
  endfacet
  facet normal 0.5737732260784357 -0.1162099882373106 -0.810727774082909
    outer loop
      vertex 0.11958564072847366 0.40875136852264404 0.9179215431213379
      vertex 0.16107653081417084 0.3685307204723358 0.953050971031189
      vertex 0.16940024495124817 0.32991090416908264 0.9644776582717896
    endloop
  endfacet
  facet normal 0.57377316878359 -0.11621007224097318 -0.8107278025908483
    outer loop
      vertex 0.13564135134220123 0.4342324435710907 0.925632119178772
      vertex 0.16107653081417084 0.3685307204723358 0.953050971031189
      vertex 0.11958564072847366 0.40875136852264404 0.9179215431213379
    endloop
  endfacet
  facet normal 0.5737722039715497 -0.11621040488922094 -0.8107284377306088
    outer loop
      vertex 0.16107653081417084 0.3685307204723358 0.953050971031189
      vertex 0.20038644969463348 0.3063158094882965 0.9897894859313965
      vertex 0.16940024495124817 0.32991090416908264 0.9644776582717896
    endloop
  endfacet
  facet normal -0.5737729176132982 0.11621052871586281 0.8107279149191193
    outer loop
      vertex 0.5156770348548889 -0.23059247434139252 1.388566017150879
      vertex 0.5545669794082642 -0.29214268922805786 1.4249120950698853
      vertex 0.5645437836647034 -0.2824867367744446 1.4305888414382935
    endloop
  endfacet
  facet normal -0.5737715353927513 0.1162124046931351 0.8107286242439475
    outer loop
      vertex 0.5156770348548889 -0.23059247434139252 1.388566017150879
      vertex 0.5645437836647034 -0.2824867367744446 1.4305888414382935
      vertex 0.5256538987159729 -0.22093653678894043 1.394242763519287
    endloop
  endfacet
  facet normal -0.5737766354343204 0.11620548278873195 0.8107260069835607
    outer loop
      vertex 0.5057002305984497 -0.2402484267950058 1.3828892707824707
      vertex 0.544590175151825 -0.30179864168167114 1.4192352294921875
      vertex 0.5545669794082642 -0.29214268922805786 1.4249120950698853
    endloop
  endfacet
  facet normal -0.5737729176132982 0.11621052871586281 0.8107279149191193
    outer loop
      vertex 0.5057002305984497 -0.2402484267950058 1.3828892707824707
      vertex 0.5545669794082642 -0.29214268922805786 1.4249120950698853
      vertex 0.5156770348548889 -0.23059247434139252 1.388566017150879
    endloop
  endfacet
  facet normal -0.5737709677955758 0.11621150636687512 0.8107291547137492
    outer loop
      vertex 0.47678714990615845 -0.16904227435588837 1.352220058441162
      vertex 0.5156770348548889 -0.23059247434139252 1.388566017150879
      vertex 0.5256538987159729 -0.22093653678894043 1.394242763519287
    endloop
  endfacet
  facet normal -0.5737722834000637 0.11620972080331038 0.8107284795741997
    outer loop
      vertex 0.47678714990615845 -0.16904227435588837 1.352220058441162
      vertex 0.5256538987159729 -0.22093653678894043 1.394242763519287
      vertex 0.48676395416259766 -0.15938633680343628 1.3578968048095703
    endloop
  endfacet
  facet normal -0.5737730282092396 0.11621070375316027 0.8107278115574884
    outer loop
      vertex 0.46681031584739685 -0.17869822680950165 1.3465431928634644
      vertex 0.5057002305984497 -0.2402484267950058 1.3828892707824707
      vertex 0.5156770348548889 -0.23059247434139252 1.388566017150879
    endloop
  endfacet
  facet normal -0.5737760882289497 0.11620655061524703 0.8107262412003147
    outer loop
      vertex 0.46681031584739685 -0.17869822680950165 1.3465431928634644
      vertex 0.5156770348548889 -0.23059247434139252 1.388566017150879
      vertex 0.47678714990615845 -0.16904227435588837 1.352220058441162
    endloop
  endfacet
  facet normal -0.5737723601844525 0.11620964648848528 0.8107284358842881
    outer loop
      vertex 0.5645437836647034 -0.2824867367744446 1.4305888414382935
      vertex 0.5934569239616394 -0.353692889213562 1.461258053779602
      vertex 0.6134105324745178 -0.33438098430633545 1.4726115465164185
    endloop
  endfacet
  facet normal -0.5737732231980684 0.11621077117315687 0.8107276638947507
    outer loop
      vertex 0.5256538987159729 -0.22093653678894043 1.394242763519287
      vertex 0.5645437836647034 -0.2824867367744446 1.4305888414382935
      vertex 0.5719789862632751 -0.26880815625190735 1.4338902235031128
    endloop
  endfacet
  facet normal -0.5737755781349675 0.11620750028514114 0.8107264660866591
    outer loop
      vertex 0.5256538987159729 -0.22093653678894043 1.394242763519287
      vertex 0.5719789862632751 -0.26880815625190735 1.4338902235031128
      vertex 0.5305473804473877 -0.20323532819747925 1.3951687812805176
    endloop
  endfacet
  facet normal -0.5737721284116922 0.11620996105537836 0.8107285548254879
    outer loop
      vertex 0.6134105324745178 -0.33438098430633545 1.4726115465164185
      vertex 0.5719789862632751 -0.26880815625190735 1.4338902235031128
      vertex 0.5645437836647034 -0.2824867367744446 1.4305888414382935
    endloop
  endfacet
  facet normal -0.5737723601844525 0.11620964648848528 0.8107284358842881
    outer loop
      vertex 0.5545669794082642 -0.29214268922805786 1.4249120950698853
      vertex 0.5934569239616394 -0.353692889213562 1.461258053779602
      vertex 0.5645437836647034 -0.2824867367744446 1.4305888414382935
    endloop
  endfacet
  facet normal -0.5737716019566396 0.1162103803295446 0.8107288673112448
    outer loop
      vertex 0.5735032558441162 -0.3730047941207886 1.4499045610427856
      vertex 0.5934569239616394 -0.353692889213562 1.461258053779602
      vertex 0.5545669794082642 -0.29214268922805786 1.4249120950698853
    endloop
  endfacet
  facet normal -0.5737779816431562 0.11620761341536626 0.8107247488302123
    outer loop
      vertex 0.5735032558441162 -0.3730047941207886 1.4499045610427856
      vertex 0.5545669794082642 -0.29214268922805786 1.4249120950698853
      vertex 0.544590175151825 -0.30179864168167114 1.4192352294921875
    endloop
  endfacet
  facet normal -0.5737726907395864 0.11620930062618177 0.8107282515179971
    outer loop
      vertex 0.5216500163078308 -0.2909378409385681 1.4014431238174438
      vertex 0.544590175151825 -0.30179864168167114 1.4192352294921875
      vertex 0.5057002305984497 -0.2402484267950058 1.3828892707824707
    endloop
  endfacet
  facet normal -0.573774396303153 0.11620837091218986 0.810727177709547
    outer loop
      vertex 0.4697968065738678 -0.20887091755867004 1.3529818058013916
      vertex 0.5216500163078308 -0.2909378409385681 1.4014431238174438
      vertex 0.5057002305984497 -0.2402484267950058 1.3828892707824707
    endloop
  endfacet
  facet normal -0.5737728010613086 0.11621092359559158 0.8107279408033989
    outer loop
      vertex 0.4697968065738678 -0.20887091755867004 1.3529818058013916
      vertex 0.5057002305984497 -0.2402484267950058 1.3828892707824707
      vertex 0.46681031584739685 -0.17869822680950165 1.3465431928634644
    endloop
  endfacet
  facet normal -0.5737717536983673 0.11621178326497061 0.810728558821185
    outer loop
      vertex 0.5735032558441162 -0.3730047941207886 1.4499045610427856
      vertex 0.544590175151825 -0.30179864168167114 1.4192352294921875
      vertex 0.5216500163078308 -0.2909378409385681 1.4014431238174438
    endloop
  endfacet
  facet normal -0.5737722405560536 0.11621094660483988 0.8107283341887671
    outer loop
      vertex 0.5305473804473877 -0.20323532819747925 1.3951687812805176
      vertex 0.48911580443382263 -0.13766248524188995 1.3564473390579224
      vertex 0.48676395416259766 -0.15938633680343628 1.3578968048095703
    endloop
  endfacet
  facet normal -0.5737748238536181 0.11620726205187179 0.8107270340615003
    outer loop
      vertex 0.5305473804473877 -0.20323532819747925 1.3951687812805176
      vertex 0.48676395416259766 -0.15938633680343628 1.3578968048095703
      vertex 0.5256538987159729 -0.22093653678894043 1.394242763519287
    endloop
  endfacet
  facet normal -0.5737736168033661 0.11621183114957243 0.8107272333906436
    outer loop
      vertex 0.47678714990615845 -0.16904227435588837 1.352220058441162
      vertex 0.48676395416259766 -0.15938633680343628 1.3578968048095703
      vertex 0.4713227450847626 -0.13494786620140076 1.3434655666351318
    endloop
  endfacet
  facet normal -0.5737743960830808 0.11621107693186572 0.8107267899840438
    outer loop
      vertex 0.48911580443382263 -0.13766248524188995 1.3564473390579224
      vertex 0.4713227450847626 -0.13494786620140076 1.3434655666351318
      vertex 0.48676395416259766 -0.15938633680343628 1.3578968048095703
    endloop
  endfacet
  facet normal -0.5737704444674682 0.11621287756273703 0.8107293285333843
    outer loop
      vertex 0.4535296857357025 -0.13223323225975037 1.3304839134216309
      vertex 0.47678714990615845 -0.16904227435588837 1.352220058441162
      vertex 0.4713227450847626 -0.13494786620140076 1.3434655666351318
    endloop
  endfacet
  facet normal -0.5737711184745522 0.11621133176168627 0.8107290731031156
    outer loop
      vertex 0.4179435670375824 -0.12680397927761078 1.3045204877853394
      vertex 0.4697968065738678 -0.20887091755867004 1.3529818058013916
      vertex 0.46681031584739685 -0.17869822680950165 1.3465431928634644
    endloop
  endfacet
  facet normal -0.5737706668463867 0.11621194471928949 0.8107293048676688
    outer loop
      vertex 0.46681031584739685 -0.17869822680950165 1.3465431928634644
      vertex 0.43573662638664246 -0.12951859831809998 1.3175021409988403
      vertex 0.4179435670375824 -0.12680397927761078 1.3045204877853394
    endloop
  endfacet
  facet normal -0.5737748754978776 0.11620787142680646 0.8107269101650975
    outer loop
      vertex 0.46681031584739685 -0.17869822680950165 1.3465431928634644
      vertex 0.4535296857357025 -0.13223323225975037 1.3304839134216309
      vertex 0.43573662638664246 -0.12951859831809998 1.3175021409988403
    endloop
  endfacet
  facet normal -0.5737764272536684 0.1162070871859125 0.8107259243516156
    outer loop
      vertex 0.4535296857357025 -0.13223323225975037 1.3304839134216309
      vertex 0.46681031584739685 -0.17869822680950165 1.3465431928634644
      vertex 0.47678714990615845 -0.16904227435588837 1.352220058441162
    endloop
  endfacet
  facet normal -0.6221879635719838 0.5581549702020923 -0.5489491481228923
    outer loop
      vertex 0.08882046490907669 0.4449838101863861 0.9896314144134521
      vertex 0.10487618297338486 0.47046488523483276 0.9973419904708862
      vertex 0.12828662991523743 0.46508917212486267 0.9653423428535461
    endloop
  endfacet
  facet normal -0.6221876852606496 0.5581554083072047 -0.5489490181131691
    outer loop
      vertex 0.08882046490907669 0.4449838101863861 0.9896314144134521
      vertex 0.0961751937866211 0.41412705183029175 0.949921190738678
      vertex 0.07276474684476852 0.41950276494026184 0.9819208383560181
    endloop
  endfacet
  facet normal -0.622187925172946 0.558155530546564 -0.5489486219030594
    outer loop
      vertex 0.13564135134220123 0.4342324435710907 0.925632119178772
      vertex 0.08882046490907669 0.4449838101863861 0.9896314144134521
      vertex 0.12828662991523743 0.46508917212486267 0.9653423428535461
    endloop
  endfacet
  facet normal -0.6221882810440544 0.5581549703499552 -0.5489487881442906
    outer loop
      vertex 0.08882046490907669 0.4449838101863861 0.9896314144134521
      vertex 0.13564135134220123 0.4342324435710907 0.925632119178772
      vertex 0.0961751937866211 0.41412705183029175 0.949921190738678
    endloop
  endfacet
  facet normal -0.6221882857401803 0.558154901820323 -0.5489488525005235
    outer loop
      vertex 0.13564135134220123 0.4342324435710907 0.925632119178772
      vertex 0.11958564072847366 0.40875136852264404 0.9179215431213379
      vertex 0.0961751937866211 0.41412705183029175 0.949921190738678
    endloop
  endfacet
  facet normal -0.622187706581701 0.5581556912317983 -0.5489487062778786
    outer loop
      vertex 0.1516970843076706 0.45971348881721497 0.933342695236206
      vertex 0.13564135134220123 0.4342324435710907 0.925632119178772
      vertex 0.12828662991523743 0.46508917212486267 0.9653423428535461
    endloop
  endfacet
  facet normal 0.5423145830346202 -0.16197760537370673 -0.8244138210785805
    outer loop
      vertex 0.4482491910457611 -0.07291263341903687 1.3181328773498535
      vertex 0.4448614716529846 -0.07181750237941742 1.315689206123352
      vertex 0.4446823000907898 -0.07008205354213715 1.315230369567871
    endloop
  endfacet
  facet normal 0.5422895965763775 -0.16198418858416572 -0.8244289636431749
    outer loop
      vertex 0.4448614716529846 -0.07181750237941742 1.315689206123352
      vertex 0.44268548488616943 -0.06977206468582153 1.3138560056686401
      vertex 0.4446823000907898 -0.07008205354213715 1.315230369567871
    endloop
  endfacet
  facet normal 0.542330467960769 -0.1619272308326628 -0.824413267382518
    outer loop
      vertex 0.4482491910457611 -0.07291263341903687 1.3181328773498535
      vertex 0.4470374584197998 -0.07386293262243271 1.317522406578064
      vertex 0.4448614716529846 -0.07181750237941742 1.315689206123352
    endloop
  endfacet
  facet normal 0.5422887284969051 -0.16198540892679603 -0.8244292948701113
    outer loop
      vertex 0.44981932640075684 -0.07543322443962097 1.3196607828140259
      vertex 0.4513894319534302 -0.07795380800962448 1.3211888074874878
      vertex 0.449213445186615 -0.0759083703160286 1.3193556070327759
    endloop
  endfacet
  facet normal 0.5423372418614512 -0.16194111807840425 -0.8244060834113429
    outer loop
      vertex 0.4482491910457611 -0.07291263341903687 1.3181328773498535
      vertex 0.4446823000907898 -0.07008205354213715 1.315230369567871
      vertex 0.44667908549308777 -0.07039204984903336 1.3166048526763916
    endloop
  endfacet
  facet normal 0.5423231398987115 -0.16191299370458942 -0.8244208842575618
    outer loop
      vertex 0.44981932640075684 -0.07543322443962097 1.3196607828140259
      vertex 0.4470374584197998 -0.07386293262243271 1.317522406578064
      vertex 0.4482491910457611 -0.07291263341903687 1.3181328773498535
    endloop
  endfacet
  facet normal 0.5422887284969051 -0.16198540892679603 -0.8244292948701113
    outer loop
      vertex 0.44981932640075684 -0.07543322443962097 1.3196607828140259
      vertex 0.449213445186615 -0.0759083703160286 1.3193556070327759
      vertex 0.4470374584197998 -0.07386293262243271 1.317522406578064
    endloop
  endfacet
  facet normal -0.6075225165531479 0.17179442327867664 0.77550181689747
    outer loop
      vertex 0.42199501395225525 -0.10031440109014511 1.2523424625396729
      vertex 0.44125714898109436 -0.1333964616060257 1.2747608423233032
      vertex 0.4640021324157715 -0.1367391049861908 1.293319582939148
    endloop
  endfacet
  facet normal -0.6075233052630389 0.17179082162713047 0.7755019968813414
    outer loop
      vertex 0.49022993445396423 -0.11034233123064041 1.3080188035964966
      vertex 0.4867471158504486 -0.1400817483663559 1.3118783235549927
      vertex 0.5094920992851257 -0.1434243768453598 1.3304370641708374
    endloop
  endfacet
  facet normal -0.6075225165531479 0.17179442327867664 0.77550181689747
    outer loop
      vertex 0.4867471158504486 -0.1400817483663559 1.3118783235549927
      vertex 0.42199501395225525 -0.10031440109014511 1.2523424625396729
      vertex 0.4640021324157715 -0.1367391049861908 1.293319582939148
    endloop
  endfacet
  facet normal -0.6075248764965959 0.17179169701654567 0.7755005720655345
    outer loop
      vertex 0.43685030937194824 -0.07224631309509277 1.2577623128890991
      vertex 0.40273284912109375 -0.06723234802484512 1.2299240827560425
      vertex 0.42199501395225525 -0.10031440109014511 1.2523424625396729
    endloop
  endfacet
  facet normal -0.607522344223709 0.17179459006522313 0.775501914951376
    outer loop
      vertex 0.4709677994251251 -0.07726027071475983 1.2856004238128662
      vertex 0.43685030937194824 -0.07224631309509277 1.2577623128890991
      vertex 0.49022993445396423 -0.11034233123064041 1.3080188035964966
    endloop
  endfacet
  facet normal -0.6075241528379955 0.1717911825378912 0.7755012529459309
    outer loop
      vertex 0.42199501395225525 -0.10031440109014511 1.2523424625396729
      vertex 0.49022993445396423 -0.11034233123064041 1.3080188035964966
      vertex 0.43685030937194824 -0.07224631309509277 1.2577623128890991
    endloop
  endfacet
  facet normal -0.6075242222396271 0.17179083539304466 0.775501275477414
    outer loop
      vertex 0.4867471158504486 -0.1400817483663559 1.3118783235549927
      vertex 0.49022993445396423 -0.11034233123064041 1.3080188035964966
      vertex 0.42199501395225525 -0.10031440109014511 1.2523424625396729
    endloop
  endfacet
  facet normal -0.1956464570719127 -0.9786153481461102 0.06351743231645914
    outer loop
      vertex 0.4412294924259186 -0.07116536051034927 1.2879048585891724
      vertex 0.4348805844783783 -0.06937005370855331 1.2960093021392822
      vertex 0.41697290539741516 -0.06662532687187195 1.2831381559371948
    endloop
  endfacet
  facet normal -0.1956467848766929 -0.9786151628865224 0.06351927688503858
    outer loop
      vertex 0.4412294924259186 -0.07116536051034927 1.2879048585891724
      vertex 0.41697290539741516 -0.06662532687187195 1.2831381559371948
      vertex 0.42359909415245056 -0.06849905103445053 1.2746798992156982
    endloop
  endfacet
  facet normal -0.1956462456509736 -0.9786153618071575 0.0635178730573142
    outer loop
      vertex 0.44383442401885986 -0.0707424134016037 1.3024448156356812
      vertex 0.4407292902469635 -0.06986436247825623 1.3064085245132446
      vertex 0.43170613050460815 -0.06847240030765533 1.3000614643096924
    endloop
  endfacet
  facet normal -0.19564634697439928 -0.978615304544171 0.06351844320740528
    outer loop
      vertex 0.44383442401885986 -0.0707424134016037 1.3024448156356812
      vertex 0.43170613050460815 -0.06847240030765533 1.3000614643096924
      vertex 0.4348805844783783 -0.06937005370855331 1.2960093021392822
    endloop
  endfacet
  facet normal -0.1956458209565537 -0.97861538202478 0.06351886969027248
    outer loop
      vertex 0.44524088501930237 -0.07056034356355667 1.309581995010376
      vertex 0.44370564818382263 -0.07012622058391571 1.3115416765213013
      vertex 0.4391767382621765 -0.06942533701658249 1.3083903789520264
    endloop
  endfacet
  facet normal -0.19564594512709327 -0.978615311846567 0.06351956843975665
    outer loop
      vertex 0.44524088501930237 -0.07056034356355667 1.309581995010376
      vertex 0.4391767382621765 -0.06942533701658249 1.3083903789520264
      vertex 0.4407292902469635 -0.06986436247825623 1.3064085245132446
    endloop
  endfacet
  facet normal -0.19564634493899757 -0.9786153467634858 0.06351779900935792
    outer loop
      vertex 0.41697290539741516 -0.06662532687187195 1.2831381559371948
      vertex 0.40905508399009705 -0.06464118510484695 1.289319396018982
      vertex 0.37542468309402466 -0.05951030179858208 1.2647829055786133
    endloop
  endfacet
  facet normal -0.19564686282092272 -0.9786152287346257 0.06351802230081993
    outer loop
      vertex 0.4348805844783783 -0.06937005370855331 1.2960093021392822
      vertex 0.43170613050460815 -0.06847240030765533 1.3000614643096924
      vertex 0.41697290539741516 -0.06662532687187195 1.2831381559371948
    endloop
  endfacet
  facet normal -0.19564645419883434 -0.9786153342644139 0.06351765504151437
    outer loop
      vertex 0.40905508399009705 -0.06464118510484695 1.289319396018982
      vertex 0.41697290539741516 -0.06662532687187195 1.2831381559371948
      vertex 0.43170613050460815 -0.06847240030765533 1.3000614643096924
    endloop
  endfacet
  facet normal -0.19564703963201074 -0.9786151324266722 0.06351896148991473
    outer loop
      vertex 0.43170613050460815 -0.06847240030765533 1.3000614643096924
      vertex 0.4391767382621765 -0.06942533701658249 1.3083903789520264
      vertex 0.40905508399009705 -0.06464118510484695 1.289319396018982
    endloop
  endfacet
  facet normal -0.19564691584319807 -0.9786151436395817 0.0635191700223278
    outer loop
      vertex 0.42359909415245056 -0.06849905103445053 1.2746798992156982
      vertex 0.41697290539741516 -0.06662532687187195 1.2831381559371948
      vertex 0.37542468309402466 -0.05951030179858208 1.2647829055786133
    endloop
  endfacet
  facet normal -0.1956467529196414 -0.9786152546949207 0.06351796084885025
    outer loop
      vertex 0.42359909415245056 -0.06849905103445053 1.2746798992156982
      vertex 0.40273284912109375 -0.06723234802484512 1.2299240827560425
      vertex 0.43685030937194824 -0.07224631309509277 1.2577623128890991
    endloop
  endfacet
  facet normal -0.1956459412251165 -0.9786154239561219 0.06351785321717031
    outer loop
      vertex 0.44383442401885986 -0.0707424134016037 1.3024448156356812
      vertex 0.4348805844783783 -0.06937005370855331 1.2960093021392822
      vertex 0.4412294924259186 -0.07116536051034927 1.2879048585891724
    endloop
  endfacet
  facet normal -0.19564617689130823 -0.978615339353248 0.0635184307925053
    outer loop
      vertex 0.43685030937194824 -0.07224631309509277 1.2577623128890991
      vertex 0.4412294924259186 -0.07116536051034927 1.2879048585891724
      vertex 0.42359909415245056 -0.06849905103445053 1.2746798992156982
    endloop
  endfacet
  facet normal -0.19564668444712346 -0.9786152704851178 0.0635179284784023
    outer loop
      vertex 0.42359909415245056 -0.06849905103445053 1.2746798992156982
      vertex 0.37542468309402466 -0.05951030179858208 1.2647829055786133
      vertex 0.40273284912109375 -0.06723234802484512 1.2299240827560425
    endloop
  endfacet
  facet normal -0.1956465747847927 -0.9786152562471261 0.06351848561914947
    outer loop
      vertex 0.4709677994251251 -0.07726027071475983 1.2856004238128662
      vertex 0.4412294924259186 -0.07116536051034927 1.2879048585891724
      vertex 0.43685030937194824 -0.07224631309509277 1.2577623128890991
    endloop
  endfacet
  facet normal -0.19564324795847748 -0.9786161474727902 0.06351500164348228
    outer loop
      vertex 0.44268548488616943 -0.06977206468582153 1.3138560056686401
      vertex 0.4391767382621765 -0.06942533701658249 1.3083903789520264
      vertex 0.44370564818382263 -0.07012622058391571 1.3115416765213013
    endloop
  endfacet
  facet normal -0.19564557111529923 -0.9786155839114816 0.0635165287823425
    outer loop
      vertex 0.40905508399009705 -0.06464118510484695 1.289319396018982
      vertex 0.4391767382621765 -0.06942533701658249 1.3083903789520264
      vertex 0.44268548488616943 -0.06977206468582153 1.3138560056686401
    endloop
  endfacet
  facet normal -0.1956393137418874 -0.9786168148013414 0.06351683797766038
    outer loop
      vertex 0.4446823000907898 -0.07008205354213715 1.315230369567871
      vertex 0.44268548488616943 -0.06977206468582153 1.3138560056686401
      vertex 0.44370564818382263 -0.07012622058391571 1.3115416765213013
    endloop
  endfacet
  facet normal -0.19565146010084478 -0.9786141798041477 0.0635200224076086
    outer loop
      vertex 0.44667908549308777 -0.07039204984903336 1.3166048526763916
      vertex 0.4446823000907898 -0.07008205354213715 1.315230369567871
      vertex 0.44370564818382263 -0.07012622058391571 1.3115416765213013
    endloop
  endfacet
  facet normal -0.19564531533352617 -0.978615498527544 0.0635186321462582
    outer loop
      vertex 0.44524088501930237 -0.07056034356355667 1.309581995010376
      vertex 0.4407292902469635 -0.06986436247825623 1.3064085245132446
      vertex 0.44383442401885986 -0.0707424134016037 1.3024448156356812
    endloop
  endfacet
  facet normal -0.1956473958433049 -0.9786151505785853 0.06351758463438467
    outer loop
      vertex 0.44370564818382263 -0.07012622058391571 1.3115416765213013
      vertex 0.44524088501930237 -0.07056034356355667 1.309581995010376
      vertex 0.44667908549308777 -0.07039204984903336 1.3166048526763916
    endloop
  endfacet
  facet normal -0.19564723721698962 -0.9786151843474988 0.06351755295876821
    outer loop
      vertex 0.4709677994251251 -0.07726027071475983 1.2856004238128662
      vertex 0.44667908549308777 -0.07039204984903336 1.3166048526763916
      vertex 0.44524088501930237 -0.07056034356355667 1.309581995010376
    endloop
  endfacet
  facet normal -0.19564612390157032 -0.9786153268200988 0.06351878710336598
    outer loop
      vertex 0.44383442401885986 -0.0707424134016037 1.3024448156356812
      vertex 0.4709677994251251 -0.07726027071475983 1.2856004238128662
      vertex 0.44524088501930237 -0.07056034356355667 1.309581995010376
    endloop
  endfacet
  facet normal -0.19564661970406988 -0.9786152806944735 0.06351797060397932
    outer loop
      vertex 0.4412294924259186 -0.07116536051034927 1.2879048585891724
      vertex 0.4709677994251251 -0.07726027071475983 1.2856004238128662
      vertex 0.44383442401885986 -0.0707424134016037 1.3024448156356812
    endloop
  endfacet
  facet normal -0.19564687545660525 -0.9786151751240599 0.06351880934788658
    outer loop
      vertex 0.43170613050460815 -0.06847240030765533 1.3000614643096924
      vertex 0.4407292902469635 -0.06986436247825623 1.3064085245132446
      vertex 0.4391767382621765 -0.06942533701658249 1.3083903789520264
    endloop
  endfacet
  facet normal 0.19564646124064722 0.9786152845134363 -0.0635183998593959
    outer loop
      vertex 0.499303936958313 -0.14054343104362488 1.3434422016143799
      vertex 0.4713227450847626 -0.13494786620140076 1.3434655666351318
      vertex 0.48911580443382263 -0.13766248524188995 1.3564473390579224
    endloop
  endfacet
  facet normal 0.19564607563026573 0.9786153698707921 -0.0635182725137341
    outer loop
      vertex 0.4867471158504486 -0.1400817483663559 1.3118783235549927
      vertex 0.499303936958313 -0.14054343104362488 1.3434422016143799
      vertex 0.5094920992851257 -0.1434243768453598 1.3304370641708374
    endloop
  endfacet
  facet normal 0.19564663436819577 0.978615243619845 -0.06351849663892226
    outer loop
      vertex 0.499303936958313 -0.14054343104362488 1.3434422016143799
      vertex 0.4867471158504486 -0.1400817483663559 1.3118783235549927
      vertex 0.4535296857357025 -0.13223323225975037 1.3304839134216309
    endloop
  endfacet
  facet normal 0.19564646837720262 0.9786153179571714 -0.06351786261448494
    outer loop
      vertex 0.4535296857357025 -0.13223323225975037 1.3304839134216309
      vertex 0.4713227450847626 -0.13494786620140076 1.3434655666351318
      vertex 0.499303936958313 -0.14054343104362488 1.3434422016143799
    endloop
  endfacet
  facet normal 0.19564618496659297 0.9786153270430735 -0.06351859557953049
    outer loop
      vertex 0.4296003580093384 -0.13010022044181824 1.2896406650543213
      vertex 0.4179435670375824 -0.12680397927761078 1.3045204877853394
      vertex 0.43573662638664246 -0.12951859831809998 1.3175021409988403
    endloop
  endfacet
  facet normal 0.19564760762299377 0.9786150226976988 -0.06351890255492182
    outer loop
      vertex 0.4296003580093384 -0.13010022044181824 1.2896406650543213
      vertex 0.43573662638664246 -0.12951859831809998 1.3175021409988403
      vertex 0.4535296857357025 -0.13223323225975037 1.3304839134216309
    endloop
  endfacet
  facet normal 0.1956466526200409 0.9786152583161536 -0.06351821399709534
    outer loop
      vertex 0.44125714898109436 -0.1333964616060257 1.2747608423233032
      vertex 0.4296003580093384 -0.13010022044181824 1.2896406650543213
      vertex 0.4640021324157715 -0.1367391049861908 1.293319582939148
    endloop
  endfacet
  facet normal 0.1956466638805264 0.9786152480250958 -0.06351833786553705
    outer loop
      vertex 0.4535296857357025 -0.13223323225975037 1.3304839134216309
      vertex 0.4640021324157715 -0.1367391049861908 1.293319582939148
      vertex 0.4296003580093384 -0.13010022044181824 1.2896406650543213
    endloop
  endfacet
  facet normal 0.195646733174882 0.9786152355372819 -0.06351831682520258
    outer loop
      vertex 0.4867471158504486 -0.1400817483663559 1.3118783235549927
      vertex 0.4640021324157715 -0.1367391049861908 1.293319582939148
      vertex 0.4535296857357025 -0.13223323225975037 1.3304839134216309
    endloop
  endfacet
  facet normal -0.5737723984291851 0.1162097559771849 0.8107283931234575
    outer loop
      vertex 0.4067612886428833 -0.0327678918838501 1.2831273078918457
      vertex 0.37210994958877563 0.022073978558182716 1.2507426738739014
      vertex 0.3621331453323364 0.012418029829859734 1.2450659275054932
    endloop
  endfacet
  facet normal -0.5737724190520331 0.1162097396565431 0.8107283808675607
    outer loop
      vertex 0.4067612886428833 -0.0327678918838501 1.2831273078918457
      vertex 0.42408695816993713 -0.06018882617354393 1.2993196249008179
      vertex 0.42907536029815674 -0.05536084994673729 1.302157998085022
    endloop
  endfacet
  facet normal -0.5737724190520331 0.1162097396565431 0.8107283808675607
    outer loop
      vertex 0.4067612886428833 -0.0327678918838501 1.2831273078918457
      vertex 0.42907536029815674 -0.05536084994673729 1.302157998085022
      vertex 0.4117496907711029 -0.027939915657043457 1.2859656810760498
    endloop
  endfacet
  facet normal -0.5737727276137047 0.11621119494445256 0.8107279538885481
    outer loop
      vertex 0.11957386136054993 0.39631110429763794 1.0183731317520142
      vertex 0.1542251855134964 0.3414692282676697 1.050757884979248
      vertex 0.1642020046710968 0.35112518072128296 1.0564346313476562
    endloop
  endfacet
  facet normal -0.5737727276137047 0.11621119494445256 0.8107279538885481
    outer loop
      vertex 0.11957386136054993 0.39631110429763794 1.0183731317520142
      vertex 0.1642020046710968 0.35112518072128296 1.0564346313476562
      vertex 0.12955068051815033 0.4059670567512512 1.0240498781204224
    endloop
  endfacet
  facet normal -0.5737762452702195 0.11620622388871306 0.81072617688905
    outer loop
      vertex 0.10959704220294952 0.38665515184402466 1.012696385383606
      vertex 0.144248366355896 0.3318133056163788 1.0450810194015503
      vertex 0.1542251855134964 0.3414692282676697 1.050757884979248
    endloop
  endfacet
  facet normal -0.5737727276137047 0.11621119494445256 0.8107279538885481
    outer loop
      vertex 0.10959704220294952 0.38665515184402466 1.012696385383606
      vertex 0.1542251855134964 0.3414692282676697 1.050757884979248
      vertex 0.11957386136054993 0.39631110429763794 1.0183731317520142
    endloop
  endfacet
  facet normal -0.5737766698045913 0.11620623001839721 0.8107258755540399
    outer loop
      vertex 0.40188753604888916 0.0003917170688509941 1.2749249935150146
      vertex 0.4470374584197998 -0.07386293262243271 1.317522406578064
      vertex 0.449213445186615 -0.0759083703160286 1.3193556070327759
    endloop
  endfacet
  facet normal -0.5737773304056859 0.11620561103660805 0.8107254967472856
    outer loop
      vertex 0.4470374584197998 -0.07386293262243271 1.317522406578064
      vertex 0.40188753604888916 0.0003917170688509941 1.2749249935150146
      vertex 0.4448614716529846 -0.07181750237941742 1.315689206123352
    endloop
  endfacet
  facet normal -0.5737766698045913 0.11620623001839721 0.8107258755540399
    outer loop
      vertex 0.4513894319534302 -0.07795380800962448 1.3211888074874878
      vertex 0.40188753604888916 0.0003917170688509941 1.2749249935150146
      vertex 0.449213445186615 -0.0759083703160286 1.3193556070327759
    endloop
  endfacet
  facet normal -0.5737782893523162 0.11620475712128066 0.8107249404639737
    outer loop
      vertex 0.40188753604888916 0.0003917170688509941 1.2749249935150146
      vertex 0.4117496907711029 -0.027939915657043457 1.2859656810760498
      vertex 0.44268548488616943 -0.06977206468582153 1.3138560056686401
    endloop
  endfacet
  facet normal -0.5737738789135721 0.11621205014202664 0.8107270164970825
    outer loop
      vertex 0.42408695816993713 -0.06018882617354393 1.2993196249008179
      vertex 0.44268548488616943 -0.06977206468582153 1.3138560056686401
      vertex 0.42907536029815674 -0.05536084994673729 1.302157998085022
    endloop
  endfacet
  facet normal -0.5737833592402855 0.11619915123902491 0.8107221558032466
    outer loop
      vertex 0.44268548488616943 -0.06977206468582153 1.3138560056686401
      vertex 0.4117496907711029 -0.027939915657043457 1.2859656810760498
      vertex 0.42907536029815674 -0.05536084994673729 1.302157998085022
    endloop
  endfacet
  facet normal -0.5737724780503141 0.11621142174454006 0.8107280980008739
    outer loop
      vertex 0.37210994958877563 0.022073978558182716 1.2507426738739014
      vertex 0.40188753604888916 0.0003917170688509941 1.2749249935150146
      vertex 0.35238564014434814 0.07873724400997162 1.228661060333252
    endloop
  endfacet
  facet normal -0.573776688779221 0.11620620146520935 0.8107258662177865
    outer loop
      vertex 0.4448614716529846 -0.07181750237941742 1.315689206123352
      vertex 0.40188753604888916 0.0003917170688509941 1.2749249935150146
      vertex 0.44268548488616943 -0.06977206468582153 1.3138560056686401
    endloop
  endfacet
  facet normal -0.5737730923182739 0.11621399768199389 0.8107272940232709
    outer loop
      vertex 0.40905508399009705 -0.06464118510484695 1.289319396018982
      vertex 0.44268548488616943 -0.06977206468582153 1.3138560056686401
      vertex 0.42408695816993713 -0.06018882617354393 1.2993196249008179
    endloop
  endfacet
  facet normal -0.573772459707701 0.11620966938037128 0.8107283621679208
    outer loop
      vertex 0.3621331453323364 0.012418029829859734 1.2450659275054932
      vertex 0.40905508399009705 -0.06464118510484695 1.289319396018982
      vertex 0.4067612886428833 -0.0327678918838501 1.2831273078918457
    endloop
  endfacet
  facet normal -0.573772500186551 0.11620966113149264 0.8107283347024317
    outer loop
      vertex 0.42408695816993713 -0.06018882617354393 1.2993196249008179
      vertex 0.4067612886428833 -0.0327678918838501 1.2831273078918457
      vertex 0.40905508399009705 -0.06464118510484695 1.289319396018982
    endloop
  endfacet
  facet normal -0.573772417625288 0.11620973739847369 0.8107283822009748
    outer loop
      vertex 0.4067612886428833 -0.0327678918838501 1.2831273078918457
      vertex 0.4117496907711029 -0.027939915657043457 1.2859656810760498
      vertex 0.37210994958877563 0.022073978558182716 1.2507426738739014
    endloop
  endfacet
  facet normal -0.5737718210426648 0.116210268521892 0.8107287282855182
    outer loop
      vertex 0.40905508399009705 -0.06464118510484695 1.289319396018982
      vertex 0.3621331453323364 0.012418029829859734 1.2450659275054932
      vertex 0.37542468309402466 -0.05951030179858208 1.2647829055786133
    endloop
  endfacet
  facet normal -0.5737728438762372 0.11621046097434155 0.810727976814854
    outer loop
      vertex 0.30288374423980713 0.15708276629447937 1.1823972463607788
      vertex 0.3621331453323364 0.012418029829859734 1.2450659275054932
      vertex 0.37210994958877563 0.022073978558182716 1.2507426738739014
    endloop
  endfacet
  facet normal -0.5737734946078553 0.11620965855892751 0.8107276312937083
    outer loop
      vertex 0.3621331453323364 0.012418029829859734 1.2450659275054932
      vertex 0.32498136162757874 0.020325209945440292 1.2176392078399658
      vertex 0.37542468309402466 -0.05951030179858208 1.2647829055786133
    endloop
  endfacet
  facet normal -0.5737734932956682 0.11620966482832787 0.8107276313237224
    outer loop
      vertex 0.32498136162757874 0.020325209945440292 1.2176392078399658
      vertex 0.3621331453323364 0.012418029829859734 1.2450659275054932
      vertex 0.2745380401611328 0.10016071796417236 1.1704955101013184
    endloop
  endfacet
  facet normal -0.5737750145534439 0.11620669217018709 0.8107269807827162
    outer loop
      vertex 0.37210994958877563 0.022073978558182716 1.2507426738739014
      vertex 0.4117496907711029 -0.027939915657043457 1.2859656810760498
      vertex 0.40188753604888916 0.0003917170688509941 1.2749249935150146
    endloop
  endfacet
  facet normal -0.5737694777504314 0.11621319458625841 0.810729967255469
    outer loop
      vertex 0.35238564014434814 0.07873724400997162 1.228661060333252
      vertex 0.30288374423980713 0.15708276629447937 1.1823972463607788
      vertex 0.37210994958877563 0.022073978558182716 1.2507426738739014
    endloop
  endfacet
  facet normal -0.5737719476740701 0.11621078372969669 0.8107285648151505
    outer loop
      vertex 0.30288374423980713 0.15708276629447937 1.1823972463607788
      vertex 0.2533818483352661 0.23542830348014832 1.1361334323883057
      vertex 0.2240947186946869 0.17999622225761414 1.1233519315719604
    endloop
  endfacet
  facet normal -0.5737722030093206 0.11620980251840557 0.8107285247556446
    outer loop
      vertex 0.30288374423980713 0.15708276629447937 1.1823972463607788
      vertex 0.2240947186946869 0.17999622225761414 1.1233519315719604
      vertex 0.2745380401611328 0.10016071796417236 1.1704955101013184
    endloop
  endfacet
  facet normal -0.5737701404126218 0.11621267423145668 0.8107295728656095
    outer loop
      vertex 0.2533818483352661 0.23542830348014832 1.1361334323883057
      vertex 0.2038799673318863 0.3137738108634949 1.0898696184158325
      vertex 0.1642020046710968 0.35112518072128296 1.0564346313476562
    endloop
  endfacet
  facet normal -0.5737704045965647 0.11621227717486657 0.8107294428124134
    outer loop
      vertex 0.15437807142734528 0.3921193480491638 1.0436058044433594
      vertex 0.1642020046710968 0.35112518072128296 1.0564346313476562
      vertex 0.2038799673318863 0.3137738108634949 1.0898696184158325
    endloop
  endfacet
  facet normal -0.5737721837240122 0.11621033414383627 0.8107284622009742
    outer loop
      vertex 0.1642020046710968 0.35112518072128296 1.0564346313476562
      vertex 0.1542251855134964 0.3414692282676697 1.050757884979248
      vertex 0.2533818483352661 0.23542830348014832 1.1361334323883057
    endloop
  endfacet
  facet normal -0.5737734430886378 0.11620938671806366 0.8107277067208332
    outer loop
      vertex 0.12955068051815033 0.4059670567512512 1.0240498781204224
      vertex 0.15437807142734528 0.3921193480491638 1.0436058044433594
      vertex 0.10487618297338486 0.47046488523483276 0.9973419904708862
    endloop
  endfacet
  facet normal -0.5737727175894713 0.11620984941967845 0.8107281538517387
    outer loop
      vertex 0.08882046490907669 0.4449838101863861 0.9896314144134521
      vertex 0.12955068051815033 0.4059670567512512 1.0240498781204224
      vertex 0.10487618297338486 0.47046488523483276 0.9973419904708862
    endloop
  endfacet
  facet normal -0.5737726192953486 0.11621129977905365 0.8107280155209995
    outer loop
      vertex 0.15437807142734528 0.3921193480491638 1.0436058044433594
      vertex 0.12955068051815033 0.4059670567512512 1.0240498781204224
      vertex 0.1642020046710968 0.35112518072128296 1.0564346313476562
    endloop
  endfacet
  facet normal -0.5737718841610954 0.11621073830734291 0.8107286162756862
    outer loop
      vertex 0.1542251855134964 0.3414692282676697 1.050757884979248
      vertex 0.2240947186946869 0.17999622225761414 1.1233519315719604
      vertex 0.2533818483352661 0.23542830348014832 1.1361334323883057
    endloop
  endfacet
  facet normal -0.5737772858006491 0.11620787072950858 0.8107252044187068
    outer loop
      vertex 0.1542251855134964 0.3414692282676697 1.050757884979248
      vertex 0.144248366355896 0.3318133056163788 1.0450810194015503
      vertex 0.17365139722824097 0.2598317265510559 1.076208233833313
    endloop
  endfacet
  facet normal -0.5737737472063322 0.11620942408302355 0.8107274861327299
    outer loop
      vertex 0.17365139722824097 0.2598317265510559 1.076208233833313
      vertex 0.2240947186946869 0.17999622225761414 1.1233519315719604
      vertex 0.1542251855134964 0.3414692282676697 1.050757884979248
    endloop
  endfacet
  facet normal -0.5737706394327261 0.11621234253766202 0.8107292672445408
    outer loop
      vertex 0.17365139722824097 0.2598317265510559 1.076208233833313
      vertex 0.144248366355896 0.3318133056163788 1.0450810194015503
      vertex 0.12320806831121445 0.33966726064682007 1.0290645360946655
    endloop
  endfacet
  facet normal -0.573772283576926 0.11621049217846942 0.8107283688798348
    outer loop
      vertex 0.10959704220294952 0.38665515184402466 1.012696385383606
      vertex 0.11957386136054993 0.39631110429763794 1.0183731317520142
      vertex 0.08882046490907669 0.4449838101863861 0.9896314144134521
    endloop
  endfacet
  facet normal -0.573772283576926 0.11621049217846942 0.8107283688798348
    outer loop
      vertex 0.12955068051815033 0.4059670567512512 1.0240498781204224
      vertex 0.08882046490907669 0.4449838101863861 0.9896314144134521
      vertex 0.11957386136054993 0.39631110429763794 1.0183731317520142
    endloop
  endfacet
  facet normal -0.5737726630466631 0.11621047337467508 0.8107281030150457
    outer loop
      vertex 0.07276474684476852 0.41950276494026184 0.9819208383560181
      vertex 0.12320806831121445 0.33966726064682007 1.0290645360946655
      vertex 0.10959704220294952 0.38665515184402466 1.012696385383606
    endloop
  endfacet
  facet normal -0.573770951367786 0.11621134753657304 0.8107291891070899
    outer loop
      vertex 0.10959704220294952 0.38665515184402466 1.012696385383606
      vertex 0.12320806831121445 0.33966726064682007 1.0290645360946655
      vertex 0.144248366355896 0.3318133056163788 1.0450810194015503
    endloop
  endfacet
  facet normal -0.5737728788787256 0.11621013384465032 0.8107279989336915
    outer loop
      vertex 0.08882046490907669 0.4449838101863861 0.9896314144134521
      vertex 0.07276474684476852 0.41950276494026184 0.9819208383560181
      vertex 0.10959704220294952 0.38665515184402466 1.012696385383606
    endloop
  endfacet
  facet normal -0.5737730167599773 0.11621034440223618 0.8107278711701408
    outer loop
      vertex 0.3621331453323364 0.012418029829859734 1.2450659275054932
      vertex 0.30288374423980713 0.15708276629447937 1.1823972463607788
      vertex 0.2745380401611328 0.10016071796417236 1.1704955101013184
    endloop
  endfacet
endsolid beam